	GA1	GA15	GA2	GA21	GA22	GA23	GA25	GA30	GA31	GA32	GA34	GA36	GA38	GA43	GA46	GA47	GA50	GA51	GA53	GA57	GA6	GA64	GA66	GA68	GA69	GA70	GA73	GA74	GA75	GA78	GA80	GA84	GA88	GA90	GA91	GA93	GB104	GB105	GB106	GB107	GB108	GB110	GB111	GB112	GB114	GB117	GB120	GB123	GB124	GB129	GB131	GB132	GB133	GB134	GB135	GB136	GB139	GB140	GB141	GB142	GB145	GB148	GB153	GB154	GB156	GB158	GB160	GB161	GB162	GB163	GB166	GB167	GB168	GB170	GB171	GB172	GB173	GB174	GB176	GB177	GB180	GB181	GB182	GB183	GB185	GB188	GB190	GB191	GB192	GB99	GCDF193	GCDF195	GCDF198	GCDF199	GCDF200	GCDF203	GCDF204	GCDF205	GCDF206	GCDF208	GCDF209	GCDF210	GCDF212	GCDF214	GCDF216	GCDF218	GCDF221	GCDF223	GCDF226	GCDF230	GCDF244	GCDF246	GCDF252	GCDF254	GCDF255	GCDF257	GCDF259	GCDF261	GCDF273	GCDF279	GCDF281	GCDF284	GCDF287	GCDF288
GA1	0	0.0357846645544274	0.0792512078063958	0.0136591190792093	0.0796949522889624	0.0649858440150215	0.158241058013054	0.0332889817466941	0.0841507532379844	0.0177845460071106	0.0936803208344212	0.0586977007827072	0.0799137629719094	0.0400218644527474	0.0403955179181966	0.0946790117093108	0.0543009770112206	0.0388411820085362	0.023775029137279	0.078044553183847	0.0269046239507846	0.144025190385303	0.0655850798945234	0.0633946904216451	0.0619400653310797	0.0357155991774617	0.0914724786210843	0.050358214293315	0.0531033124737065	0.049882285927206	0.0733604176778986	0.0144362871092979	0.0630249495081829	0.108601054007357	0.141358852085441	0.0136591190792093	0.0502464831477464	0.111388506537134	0.0220770762123243	0.0136591190792093	0.111388506537134	0.0933065734276868	0.0270273186492197	0.0556792761716578	0.0883026618435226	0.0332889817466941	0.0644920279431825	0.111388506537134	0.106753411994438	0.0606273384858864	0.0815809238513913	0.0153570722299393	0.0179040018055174	0.119512772770843	0.300424054566056	0.0136591190792093	0.0136591190792093	0.113085988382197	0.0136591190792093	0.10540593891508	0.0933065734276868	0.0933065734276868	0.0556677462476673	0.0933065734276868	0.0136591190792093	0.0382112823426723	0.0968231828601071	0.0136591190792093	0.0136591190792093	0.0332889817466941	0.0698942720438495	0.16128442654706	0.0933065734276868	0.0152134551393865	0.0263937675591671	0.0407252056392455	0.0629747233005485	0.111388506537134	0.0407069648305575	0.024408580678882	0.0153570720794225	0.0341208759657662	0.0603961668758079	0.0341208760410246	0.111388506537134	0.0136591190792093	0.0145080956545743	0.06218167424503	0.0169832166848761	0.0162060487300459	0.0600791295068433	0.164947812454869	0.0480363072469981	0.0505832364462843	0.0633402526980699	0.0579605378737353	0.018537553271862	0.0933065734276868	0.0261783422243716	0.0603961674214313	0.0517050487864198	0.0341208760410246	0.0459388839927587	0.0472591389158759	0.0153570719289057	0.0908095882358876	0.0136591190792093	0.086638873838114	0.0933065734276868	0.0186811700613812	0.0246240056373856	0.0736374102457605	0.446979386336876	0.0515937255601389	0.0518084510859817	0.0806756406984847	0.0991023126989603	0.0588394629232811	0.054828119097334	0.0203073144410596	0.0763714700711496	0.0376888626640794	0.0162060487300459	0.197674593991703
GA15	0.0357846645544274	0	0.087492257808194	0.0226166291971399	0.0562103525406182	0.0457884229418605	0.164675491288154	0.00249568297706469	0.0916053287195738	0.0266674731604078	0.101460952010721	0.0283174848917759	0.0514338738237969	0.0480644960859508	0.0492372470108247	0.0991669667489601	0.0240516159119028	0.0475916991367786	0.0325993610677695	0.086077710256131	0.0356025608312903	0.168726924693946	0.0766113595754811	0.0333879637823562	0.0299481968536521	0.00499136595412938	0.0600768312285043	0.0572502111094167	0.0635061507122685	0.0594588896692401	0.0437716213290138	0.0234485234162121	0.0712146191584943	0.124742760275952	0.147823770671631	0.0226166291971399	0.060077224096114	0.0798618588032144	0.0309355723850354	0.0226166291971399	0.0798618588032144	0.100037521503941	0.0359269380193166	0.0622638107437377	0.0565688162289485	0.00249568297706469	0.0727055595830233	0.0798618588032144	0.0793383576803737	0.0692209501873062	0.0938945877920799	0.0242804177293573	0.0267761004053884	0.086653204804117	0.304900588411273	0.0226166291971399	0.0226166291971399	0.119474294510755	0.0226166291971399	0.0756982250628297	0.100037521503941	0.100037521503941	0.0259951436609933	0.100037521503941	0.0226166291971399	0.00748704938274441	0.101594686320033	0.0226166291971399	0.0226166291971399	0.00249568297706469	0.0750806921284006	0.166883426596119	0.100037521503941	0.0242804177105427	0.035095043724986	0.00831894365826038	0.0680220251658348	0.0798618588032144	0.00831894313145166	0.0334312554185439	0.0242804178046157	0.00332757732783905	0.0266206196763299	0.00332757732783905	0.0798618588032144	0.0226166291971399	0.0234485234914705	0.0692391912782132	0.0259442063932768	0.02511231215539	0.06822990099288	0.171228066011511	0.0567242951894348	0.0559288825312949	0.0331262317862399	0.0641183997457377	0.0276079952641569	0.100037521503941	0.0367588324829786	0.0282844089799457	0.0212383179953604	0.00332757732783905	0.054478649764952	0.0526013056926354	0.02594420624276	0.0758946768826607	0.0226166291971399	0.0598963938578211	0.100037521503941	0.0292717835141553	0.0334312549293643	0.0399309290629445	0.440088547841467	0.0601865855055024	0.0203530212506802	0.0501745226934101	0.074888088411153	0.0657005488420978	0.0633976903151382	0.0309355723662208	0.0611291300279625	0.00976056359106242	0.0251123122306484	0.203629000319375
GA2	0.0792512078063958	0.087492257808194	0	0.0673321352500205	0.124518286286279	0.111926514476613	0.193542564645259	0.0851618045884551	0.130489104813097	0.0710769689152713	0.135130778745268	0.0994682765255372	0.11837788421021	0.0860230832577053	0.0791707273121133	0.133603725685842	0.100500435502541	0.079860568366418	0.0744878893360646	0.108900764599593	0.0753222499607187	0.18857943486761	0.104725050768166	0.10310789421577	0.103311775496813	0.0874505793732224	0.130062929213499	0.0940786743292002	0.0881653414343042	0.10069059066926	0.115436501932716	0.0680452122569385	0.0964184406053538	0.153387141291692	0.17995319876707	0.0673321352500205	0.100673893316075	0.137091706102394	0.0714108008289277	0.0673321352500205	0.137091706102394	0.120001158253713	0.0725252070097309	0.0940914753297664	0.122398587169521	0.0851618045884551	0.102745085550152	0.137091706102394	0.151472139463882	0.0944883424525309	0.124134675646671	0.0673321352500205	0.0684404101674304	0.152502584393428	0.325525961289502	0.0673321352500205	0.0673321352500205	0.137829596759996	0.0673321352500205	0.136561285290453	0.120001158253713	0.120001158253713	0.103958481903931	0.120001158253713	0.0673321352500205	0.0882783295831295	0.130073241437926	0.0673321352500205	0.0673321352500205	0.0851618045884551	0.103084213617775	0.197169874390267	0.120001158253713	0.0689973721111363	0.0744935529061941	0.0895470993010083	0.105596689206332	0.137091706102394	0.0881220339185963	0.0741772246217788	0.0688827901965741	0.0859936988075273	0.0983449471079641	0.0859936988827857	0.137091706102394	0.0673321352500205	0.0681811118253855	0.0958892783206521	0.0697412208061327	0.0676981884459354	0.104292392373236	0.192664143111971	0.0889160329983993	0.0914460821923885	0.110761431751378	0.0930575808754774	0.0703674474110206	0.120001158253713	0.0780907640365338	0.102026366769816	0.0965496055744212	0.0859936988827857	0.0918099696211743	0.0881413723332713	0.0705004766997364	0.125753417159572	0.0673321352500205	0.124430532181504	0.120001158253713	0.0724744655831595	0.07507766781356	0.109754525708279	0.464273976256149	0.0917249722688487	0.0957790446853397	0.118359773504463	0.142245686359026	0.0978904277876471	0.0935860200587547	0.0727506206380297	0.110314262410005	0.0892298567400436	0.0697228964794465	0.226886994609929
GA21	0.0136591190792093	0.0226166291971399	0.0673321352500205	0	0.0748116330742234	0.0551987160373517	0.14786294373599	0.0201209463894066	0.0720082462737055	0.00422932465344366	0.0820742851367803	0.045667796141722	0.0703816746333332	0.026362745373538	0.0271672497343535	0.0838394556853055	0.0414639141297702	0.0271672497343535	0.0101877185280877	0.0661882226816331	0.0135765501599044	0.152087467186379	0.056036665809877	0.050744408384116	0.0509010353360814	0.0226166291406961	0.0824947963760357	0.0387841366381958	0.04237347645591	0.0382698846209531	0.0606277764709008	0.00084897657536497	0.0507120488945282	0.106264719758371	0.130120831005501	0	0.0389058290406911	0.102478482054942	0.00848976552787453	0	0.102478482054942	0.0840486790796723	0.0135836249800644	0.0428622702343596	0.0791854412492477	0.0201209463894066	0.0550858707289503	0.102478482054942	0.0959636816623235	0.0492406403928092	0.0783700076016513	0.00169795315072994	0.00424488272630807	0.108341734856367	0.292993343237675	0	0	0.104110593973386	0	0.0964544871163489	0.0840486790796723	0.0840486790796723	0.043280807013313	0.0840486790796723	0	0.0251123123059068	0.0843742594047628	0	0	0.0201209463894066	0.0585793824207903	0.149975272441151	0.0840486790796723	0.00169795307547155	0.0127346484799578	0.0292717835705991	0.0500686428123953	0.102478482054942	0.027607994793792	0.0110366953292278	0.00169795300021316	0.0209528406084788	0.0475734583469051	0.0209528406837372	0.102478482054942	0	0.00084897657536497	0.0509385930919888	0.00339590607568471	0.00254692965083652	0.0475340356880968	0.154802674747477	0.0348080387621215	0.0373549683376996	0.0521762748484058	0.0449292376787976	0.00509385937693143	0.0840486790796723	0.0144326014801709	0.0475734588925285	0.0403845883680112	0.0209528406837372	0.033258111376052	0.0339590621114981	0.00339590600042632	0.080311380740669	0	0.0775216532438391	0.0840486790796723	0.00679181252766137	0.0110366949529359	0.0608837669621212	0.452219465465257	0.0401766213466122	0.038884040024696	0.071001284144292	0.0931018823287403	0.045916157012636	0.0432978039889625	0.00848976552787453	0.0635605595742512	0.0261663752749111	0.00254692965083652	0.18828787105252
GA22	0.0796949522889624	0.0562103525406182	0.124518286286279	0.0748116330742234	0	0.0942217803023981	0.206492690501189	0.0553784582651023	0.136136061126235	0.0785225479101593	0.144628230708115	0.0716451201776061	0.0918388786641034	0.0909828688723571	0.0847135368132531	0.140764999946561	0.0689079841090874	0.0807763378164082	0.0788373040091811	0.132988021981837	0.0866040338884399	0.188512915312642	0.109076703400022	0.0782958633746162	0.0701632358961635	0.0557545630468263	0.0861629509564602	0.0935498489951244	0.111185431066487	0.104084424072444	0.0909432252549162	0.0755585448233166	0.119280731192592	0.14924145145624	0.186419050425592	0.0748116330742234	0.109273060761166	0.092965817361167	0.0795635606980685	0.0748116330742234	0.092965817361167	0.112854155834125	0.077573219107257	0.107503076319141	0.0846289626576684	0.0553784582651023	0.113749572518046	0.092965817361167	0.123776361760166	0.0986135662956671	0.121233839616932	0.0746974118166801	0.0771555920140912	0.116506717196017	0.336022265029676	0.0748116330742234	0.0748116330742234	0.131845451628018	0.0748116330742234	0.0934793902372923	0.112854155834125	0.112854155834125	0.0757335415768503	0.112854155834125	0.0748116330742234	0.0585625776738831	0.127645651950981	0.0748116330742234	0.0748116330742234	0.0553784582651023	0.113155487473264	0.207635838500779	0.112854155834125	0.0760236889537838	0.0805526766737904	0.0610582606509478	0.0964189100483752	0.092965817361167	0.0594794540995299	0.0781464507107181	0.076416945950401	0.0562103526158766	0.0684115912276085	0.0560778904743869	0.092965817361167	0.0748116330742234	0.075643527368554	0.0929409738517169	0.076191236368484	0.0755767856508192	0.10443289111359	0.20812926539267	0.0922372923655943	0.0863040982171743	0.0713131126543187	0.100434845614463	0.07974452327824	0.112854155834125	0.0815855161559702	0.0741606301279983	0.0681294294619801	0.0560778904743869	0.104192224208905	0.0898128636933938	0.0759834537865839	0.100719495742309	0.0748116330742234	0.0818851952901994	0.112854155834125	0.0748463678502976	0.0768235770214086	0.0645380637260398	0.437332258983092	0.0923247387952576	0.0673583425543826	0.0790718579382607	0.0964805034525467	0.0977945296902849	0.0948280002169236	0.0760381762690917	0.0908024759229386	0.0608132638865047	0.0771903643064728	0.225590214133263
GA23	0.0649858440150215	0.0457884229418605	0.111926514476613	0.0551987160373517	0.0942217803023981	0	0.188554735252201	0.0433221457883565	0.120495099931805	0.0589900581504811	0.12876476578866	0.0677237588573586	0.090983434439157	0.0802436440882057	0.0808933869267654	0.131650765421753	0.0633547745569788	0.0811693993858015	0.0648091175979135	0.10134211803476	0.0674378958041544	0.173746720031656	0.103881042356593	0.0723978412911446	0.0727824666208089	0.0456857605827878	0.103583303684689	0.0917784107491525	0.0932434992582509	0.0803531440294752	0.0818894928452945	0.0560012044140486	0.101257993999605	0.13802808342558	0.174431559846106	0.0551987160373517	0.0902258038633701	0.120827276146773	0.0635553844875157	0.0551987160373517	0.120827276146773	0.133032384375581	0.0681354084400216	0.0944351901422546	0.100018529992814	0.0433221457883565	0.105809113594017	0.120827276146773	0.114896905843658	0.101752747151286	0.124433493392185	0.0567371474785937	0.0592786519966944	0.126702525699982	0.321747698868164	0.0551987160373517	0.0551987160373517	0.150846809205232	0.0551987160373517	0.114791107702662	0.133032384375581	0.133032384375581	0.0651136521964964	0.133032384375581	0.0551987160373517	0.0480915366135763	0.132033671581685	0.0551987160373517	0.0551987160373517	0.0433221457883565	0.108921964718687	0.191265685954178	0.133032384375581	0.0567729353829466	0.0655025798037197	0.0523576205314109	0.101801379913031	0.120827276146773	0.0503990168899599	0.0656215696586202	0.0568312779257093	0.0441057311389783	0.0695989923457606	0.0441540401391309	0.120827276146773	0.0551987160373517	0.0560306103316822	0.101639740112605	0.0584950666084434	0.057539635836476	0.0976802093927005	0.194697835604952	0.0880053443551967	0.0904068666124585	0.0735637532039122	0.0956355582809809	0.0597547475210946	0.133032384375581	0.0688114956472859	0.069412129714784	0.0630324021772002	0.0441540401391309	0.0752052009256199	0.0873098384701844	0.0582125758507637	0.111204100960884	0.0551987160373517	0.0967980734251364	0.133032384375581	0.0616176273259852	0.0658872408999337	0.0827057205441624	0.436155902917939	0.0931730393809502	0.0632862197517446	0.0903547006198252	0.108100217136771	0.0978948703092156	0.0944918464831632	0.0632004460150545	0.0984994894401594	0.0502717211428616	0.057680877565284	0.22552618023121
GA25	0.158241058013054	0.164675491288154	0.193542564645259	0.14786294373599	0.206492690501189	0.188554735252201	0	0.162693366370719	0.20078000072578	0.150973984242577	0.184743181209673	0.179117108836319	0.188404382611013	0.166659486188431	0.170769272353312	0.214254833946023	0.178285836834799	0.171124348736773	0.156807893228651	0.197688459635082	0.157838177006466	0.261781545751023	0.192108466092384	0.187018061959834	0.188851431745923	0.165017863133489	0.215330517051196	0.180925592065159	0.173226599816722	0.17722043929377	0.191469333445032	0.148534381780962	0.185567384077744	0.226949598000507	0.151581760796935	0.14786294373599	0.177024956754964	0.233067878945307	0.155287478457798	0.14786294373599	0.233067878945307	0.219483934944928	0.15913856940137	0.181205245393394	0.213540931956636	0.162693366370719	0.18367146775879	0.233067878945307	0.219941695756984	0.189824509575511	0.211256283401239	0.149205820428001	0.151575211548444	0.212308034564208	0.286606703442757	0.14786294373599	0.14786294373599	0.234257243799441	0.14786294373599	0.226956134304555	0.219483934944928	0.219483934944928	0.180040843860067	0.219483934944928	0.14786294373599	0.166657615904555	0.216455885425511	0.14786294373599	0.14786294373599	0.162693366370719	0.198098020722168	0.0908300942844815	0.219483934944928	0.149383358281068	0.158644669736275	0.170474715624945	0.188415309583599	0.233067878945307	0.169153298806361	0.157301793796848	0.149205820126967	0.163354074676531	0.185695041667181	0.163525260665049	0.233067878945307	0.14786294373599	0.148534381780962	0.191700000955601	0.150726235048337	0.15023233500695	0.183934147460292	0.265281414519055	0.177699908313125	0.179891760301108	0.18882132186131	0.183845498420373	0.151891572457371	0.219483934944928	0.160165085109195	0.186722157146744	0.179348686992219	0.163525260665049	0.171999988362494	0.176850930458367	0.150903773202439	0.192786927243243	0.14786294373599	0.211705956551613	0.219483934944928	0.154299679503898	0.156769178882994	0.197122303580846	0.478949138311425	0.181789202747321	0.17874665287408	0.206218906894627	0.219906595902461	0.186529106262958	0.184591827217979	0.155109940679988	0.200274163123333	0.167938415995902	0.150054796627074	0.289704570415044
GA30	0.0332889817466941	0.00249568297706469	0.0851618045884551	0.0201209463894066	0.0553784582651023	0.0433221457883565	0.162693366370719	0	0.0894030060318082	0.0241821339786655	0.0994561548636417	0.0258218019147112	0.0506019793977641	0.0456505995243788	0.0467415642030913	0.101376166529577	0.0216144088542823	0.0467415641654622	0.0301036782600362	0.0837801934944259	0.0331652045927264	0.166608331329895	0.0745659169524607	0.0308922808052915	0.0307800911291681	0.00249568297706469	0.062572514205569	0.0580644489764565	0.0610104679045352	0.0570381886203482	0.0412759383519491	0.0209528406084788	0.0688736431977966	0.122472646015913	0.145594614510885	0.0201209463894066	0.057638731136015	0.0823575417802791	0.0284398895773021	0.0201209463894066	0.0823575417802791	0.102478482054942	0.0334312552115833	0.0614738710262258	0.0590644992060132	0	0.0735009724481238	0.0823575417802791	0.0773186051108018	0.0683708152159898	0.0963355483430805	0.021784734921624	0.0242804175976551	0.0891488877811817	0.303143449805	0.0201209463894066	0.0201209463894066	0.121753928637264	0.0201209463894066	0.0764941753857214	0.102478482054942	0.102478482054942	0.023584182552918	0.102478482054942	0.0201209463894066	0.00499136640567972	0.102144468237053	0.0201209463894066	0.0201209463894066	0	0.0775216526794012	0.164730115690165	0.102478482054942	0.0217847349028094	0.0325993609172527	0.00915083793377636	0.0688410103321075	0.0823575417802791	0.00748704885593568	0.0309355726108105	0.0217847349968824	0.00083189435077436	0.0274525139518458	0.00083189435077436	0.0823575417802791	0.0201209463894066	0.0209528406837372	0.0700346039927969	0.0234485235855435	0.0226166293476567	0.0658445092426105	0.169280035101404	0.0542286123817015	0.0567242952458786	0.0322745216944528	0.0637784733465224	0.0251123124564236	0.102478482054942	0.0342631496752452	0.0274525147044297	0.0204064235693277	0.00083189435077436	0.0520932200844541	0.0533967184072191	0.0234485234350267	0.0767265713651373	0.0201209463894066	0.0574007108807564	0.102478482054942	0.026776100706422	0.030935572121631	0.0407628234889772	0.440269315483594	0.0593361044396656	0.021184915676713	0.0509378050613885	0.074056194135637	0.0648504138707814	0.0625475553438218	0.0284398895584875	0.0636065721963391	0.00726488061399773	0.0226166294229151	0.201595519829278
GA31	0.0841507532379844	0.0916053287195738	0.130489104813097	0.0720082462737055	0.136136061126235	0.120495099931805	0.20078000072578	0.0894030060318082	0	0.0756606250728546	0.141231387928881	0.112407613056477	0.134947790566719	0.0957086306968422	0.0971170484906796	0.145110230328459	0.106663346553993	0.0973938105985372	0.0815342524361731	0.129715202997128	0.0837648903405425	0.204684275117787	0.119707727052196	0.117058865725994	0.118032863137848	0.0918017855723097	0.146945696173593	0.107754648540809	0.109295054254207	0.1050501207473	0.125724543450457	0.0727530991790271	0.115991795868284	0.161428272517191	0.147978987789365	0.0720082462737055	0.106194452034554	0.165937479171488	0.0800465018384987	0.0720082462737055	0.165937479171488	0.150004727822362	0.0845062493939291	0.106398159130053	0.144163270885445	0.0894030060318082	0.121328089724887	0.165937479171488	0.154637276524245	0.117527042844831	0.142795396987537	0.0735953373063092	0.0760559466752139	0.168732338274519	0.33029649384094	0.0720082462737055	0.0720082462737055	0.166125824129341	0.0720082462737055	0.159858445740408	0.150004727822362	0.150004727822362	0.109558161122329	0.150004727822362	0.0720082462737055	0.0940612475528862	0.148290781266611	0.0720082462737055	0.0720082462737055	0.0894030060318082	0.126072850210047	0.202748382821529	0.150004727822362	0.073543233853398	0.083769683886056	0.0978912552160145	0.117396494223162	0.165937479171488	0.0963368350922158	0.0822156149555336	0.0736355285978678	0.0901346771291109	0.114875694887355	0.0901210707132563	0.165937479171488	0.0720082462737055	0.0727967623658855	0.119306518404622	0.0750800221029556	0.0743177267487603	0.11087104981069	0.15630678177783	0.104525339723837	0.106601338494908	0.118408957496285	0.109553252901844	0.0767152453161249	0.150004727822362	0.0856812999706076	0.115068545376863	0.107258956804119	0.0901210707132563	0.0994586136304971	0.103273211780823	0.0753334816168956	0.144708447346483	0.0720082462737055	0.142842817468324	0.150004727822362	0.0785098221303538	0.0820833738479349	0.127163900927913	0.475551484510152	0.108666415260446	0.106986012121644	0.136843409577403	0.15182481937562	0.112519727737615	0.112015054871639	0.0798308104276657	0.129930068033211	0.095099713935545	0.0743144836389657	0.231036142718912
GA32	0.0177845460071106	0.0266674731604078	0.0710769689152713	0.00422932465344366	0.0785225479101593	0.0589900581504811	0.150973984242577	0.0241821339786655	0.0756606250728546	0	0.0857250361910297	0.0495743563379904	0.0741771782061668	0.0304160294395806	0.0312816749863101	0.0838167313674484	0.0453860883347013	0.0312816751979743	0.0143739560035744	0.0698822260730796	0.0153789894768234	0.155132347586179	0.0599299791466558	0.0546269444654686	0.0548346519771249	0.0266674732356662	0.0862618143096416	0.0428365631395894	0.0462889470338746	0.0422130746654037	0.0643888119081355	0.00507471062750979	0.0545265233153571	0.10966640878751	0.133367852129117	0.00422932465344366	0.0428414743092626	0.106198330419232	0.0126831842812173	0.00422932465344366	0.106198330419232	0.087922533202653	0.0177554998151732	0.0467722293676225	0.0830018302105894	0.0241821339786655	0.0589548169042576	0.106198330419232	0.0994372979709596	0.0532617093618922	0.0821444995212133	0.00592009645105913	0.00845625428859182	0.111889848523218	0.295117030240069	0.00422932465344366	0.00422932465344366	0.107817871627784	0.00422932465344366	0.100169542104457	0.087922533202653	0.087922533202653	0.0471650451195963	0.087922533202653	0.00422932465344366	0.0291528126808128	0.0881075117633575	0.00422932465344366	0.00422932465344366	0.0241821339786655	0.0625609548132152	0.153070336917998	0.087922533202653	0.00592009652161388	0.0169101137846633	0.0332950446190256	0.0540133722578034	0.106198330419232	0.0316381517684821	0.0152193420576026	0.00592009645105913	0.025010580366308	0.0515208663701108	0.0250105804227518	0.106198330419232	0.00422932465344366	0.0050747105522514	0.0549524812912098	0.00761086831922935	0.00676548249097635	0.051380158331471	0.157838593528728	0.0388901482966512	0.0414263061247766	0.0546455781041372	0.0488900908532392	0.00930164054487691	0.087922533202653	0.0186008856434262	0.051520866313667	0.0443356031683659	0.0250105804227518	0.0372151834184699	0.0380447626001004	0.00761086831922935	0.0841034047747727	0.00422932465344366	0.0813449376798941	0.087922533202653	0.0109924122013829	0.0152193416201632	0.0647760087793524	0.453577170167306	0.0442033398642459	0.0428725262925104	0.0748411722932801	0.0966704704356615	0.0498952128209475	0.0473440075575402	0.0126831841307005	0.0674829889568641	0.0302050747871023	0.00676548256623474	0.191076698026272
GA34	0.0936803208344212	0.101460952010721	0.135130778745268	0.0820742851367803	0.144628230708115	0.12876476578866	0.184743181209673	0.0994561548636417	0.141231387928881	0.0857250361910297	0	0.115684643971047	0.131849219119458	0.102691560851956	0.102325004158598	0.142685358612469	0.118080753136915	0.100800507805414	0.0872874913191554	0.139430843293667	0.093746068962671	0.213872762491005	0.125274717469107	0.122429294191828	0.119136331584116	0.101932366858378	0.14923864584228	0.10794961365937	0.115964237769896	0.115480609256962	0.135429282870257	0.0829029927462941	0.125794149653027	0.174803393676576	0.171958685974882	0.0820742851367803	0.113455604818283	0.159121312784276	0.0887468251954727	0.0820742851367803	0.159121312784276	0.142705410963508	0.0940172124766942	0.109664559590094	0.148294478598418	0.0994561548636417	0.119379921693995	0.159121312784276	0.16130338217875	0.116479367996105	0.138531551517621	0.0835432875901461	0.0845806769688021	0.161067077476117	0.265474694169531	0.0820742851367803	0.0820742851367803	0.156492698561363	0.0820742851367803	0.154703510943988	0.142705410963508	0.142705410963508	0.119263912823917	0.142705410963508	0.0820742851367803	0.102726111847042	0.149482504699868	0.0820742851367803	0.0820742851367803	0.0994561548636417	0.124145371688887	0.197268990987931	0.142705410963508	0.0835230183608905	0.0908519564892608	0.105700230432881	0.117898726986364	0.159121312784276	0.104797863335621	0.0891881065650119	0.0837722381369935	0.100056455216625	0.121745668389279	0.10026857832616	0.159121312784276	0.0820742851367803	0.0829232617121453	0.121869020878968	0.0854093845783159	0.0846009458593949	0.123988367297282	0.217487450049381	0.103736637856322	0.106064386421231	0.122446111826734	0.114626562768462	0.0852339666223887	0.142705410963508	0.0935504599051042	0.120168733683349	0.116505634058455	0.10026857832616	0.106951873185057	0.105382704674596	0.0835230179845986	0.141551191909145	0.0820742851367803	0.144161303819279	0.142705410963508	0.088535802119007	0.091516270236385	0.131226356470525	0.467906216178278	0.111998823781808	0.114255235652731	0.136710371972636	0.158717565370178	0.119458948892325	0.112926925015118	0.0868506883318075	0.127812002663209	0.101892134268778	0.0846009459346533	0.246124226487044
GA36	0.0586977007827072	0.0283174848917759	0.0994682765255372	0.045667796141722	0.0716451201776061	0.0677237588573586	0.179117108836319	0.0258218019147112	0.112407613056477	0.0495743563379904	0.115684643971047	0	0.0660114681931457	0.0637544602381461	0.0625650721103555	0.114313704817735	0.0451260384435605	0.065700808238953	0.0540799528849546	0.106361186188279	0.0583923454913828	0.186239668666714	0.0873629210159333	0.0473374593062232	0.0435288817141995	0.0266536961902272	0.0729700541029675	0.0750967652884999	0.0806349657024398	0.0798681824270523	0.0655197273902219	0.0464996903607942	0.092911114652801	0.144600204728318	0.166453819157499	0.045667796141722	0.0777520901062573	0.0830540174637178	0.0506152573483761	0.045667796141722	0.0830540174637178	0.103159685590954	0.0524708863460656	0.0855642237296008	0.068164166401733	0.0258218019147112	0.0863340562867998	0.0830540174637178	0.0996921350332824	0.0803405218240287	0.107191346228273	0.045761009753503	0.0481817197957725	0.098341945671674	0.315136400437114	0.045667796141722	0.045667796141722	0.122386987255228	0.045667796141722	0.0850754380508354	0.103159685590954	0.103159685590954	0.0484848189158271	0.103159685590954	0.045667796141722	0.0293082217074404	0.114088221707127	0.045667796141722	0.045667796141722	0.0258218019147112	0.0879261979099476	0.180628211717262	0.103159685590954	0.0473315846551247	0.0565756354669128	0.0318039045339883	0.0810232006314427	0.0830540174637178	0.0316450622196149	0.0546761014207144	0.0473315847491977	0.0266536962654856	0.0432896524517223	0.0265733098441904	0.0830540174637178	0.045667796141722	0.046419303845426	0.0805195355881946	0.0489953733378589	0.0481634790999721	0.0890768942884122	0.189080762516971	0.0727109517337698	0.069412067457281	0.0527515285883588	0.0797212970151444	0.0489332277252518	0.103159685590954	0.0550178874359287	0.0497036488218741	0.0410122626809159	0.0265733098441904	0.0768646992216207	0.0707050007626866	0.047349825501442	0.082543913293818	0.045667796141722	0.061585536659366	0.103159685590954	0.0523229504587373	0.054756487446903	0.0553323135080964	0.443680051601294	0.076431542446818	0.0421545545410628	0.0631366150848793	0.0948441051172488	0.0815539751013722	0.0748388086718441	0.0523411914743859	0.0743364299638103	0.0315013494192049	0.0465179313388136	0.220597117838233
GA38	0.0799137629719094	0.0514338738237969	0.11837788421021	0.0703816746333332	0.0918388786641034	0.090983434439157	0.188404382611013	0.0506019793977641	0.134947790566719	0.0741771782061668	0.131849219119458	0.0660114681931457	0	0.0900819330203413	0.07065995771325	0.120924984170782	0.0641637924644682	0.0737182569285535	0.0704911193537592	0.130258376286788	0.0825542026020662	0.207074696818988	0.103436374585285	0.0666745625285789	0.0566407275771854	0.0530976623748288	0.0665777727133698	0.0817864816823993	0.0991148492791737	0.103589376001948	0.0879247665330015	0.0712135688524054	0.1160848986809	0.166789126441334	0.182789930434089	0.0703816746333332	0.1011774750671	0.064709566232532	0.0718856302438059	0.0703816746333332	0.064709566232532	0.0852174726738171	0.07840614555159	0.100884843485976	0.055076027985173	0.0506019793977641	0.104369545374254	0.064709566232532	0.120333496857472	0.0759365600768966	0.100945852226531	0.0703999153291336	0.0696045028967689	0.105158732018688	0.32020044853591	0.0703816746333332	0.0703816746333332	0.105467314878949	0.0703816746333332	0.0708554276086465	0.0852174726738171	0.0852174726738171	0.072920605615534	0.0852174726738171	0.0703816746333332	0.0489381906962154	0.12405048717152	0.0703816746333332	0.0703816746333332	0.0506019793977641	0.0781560121574486	0.192251527700761	0.0852174726738171	0.0720454631467359	0.0760451012262792	0.0528648661242591	0.0949796044615784	0.064709566232532	0.0515416174223929	0.0729685615033212	0.0703999155360942	0.0499942268084998	0.0527484685634122	0.0514338737485385	0.064709566232532	0.0703816746333332	0.0712135689276637	0.0740764566480812	0.070418156307153	0.0727609596356298	0.113648004604108	0.209950451146473	0.0784690626567662	0.0807455186402858	0.059448354200206	0.0894092139458716	0.0736110946069462	0.0852174726738171	0.0713459261777726	0.0610674122216726	0.0510826144706119	0.0514338737485385	0.100514165662003	0.0755531666706307	0.0689918353513937	0.0852232200441637	0.0703816746333332	0.056399276837556	0.0852174726738171	0.0704546374917933	0.0710902176232952	0.0594036234448654	0.438839648107086	0.0814184542143285	0.0551672492815991	0.0586253359462276	0.103954295994657	0.0881957610636347	0.0783274702426761	0.0735311779485206	0.0666174512130745	0.0526426976001022	0.0712318095293912	0.240395680671991
GA43	0.0400218644527474	0.0480644960859508	0.0860230832577053	0.026362745373538	0.0909828688723571	0.0802436440882057	0.166659486188431	0.0456505995243788	0.0957086306968422	0.0304160294395806	0.102691560851956	0.0637544602381461	0.0900819330203413	0	0.0431700068892855	0.0995079751662684	0.064635785033155	0.049879064689381	0.0329845416726488	0.0896798863705963	0.039340989302016	0.172373577199801	0.0706200349812556	0.0740932305954924	0.0743762091780552	0.0481462822756683	0.0988097376933302	0.0577997122750138	0.0564924614701533	0.06175649922454	0.0820873509151767	0.027211721948903	0.0749786914599062	0.127886103786001	0.14838622239503	0.026362745373538	0.0624558784895473	0.10899613033792	0.029841406628339	0.026362745373538	0.10899613033792	0.0907943451193848	0.0333223210440742	0.0644077021402843	0.0939364939965684	0.0456505995243788	0.0697139828475286	0.10899613033792	0.117978296496651	0.0644805784327815	0.0945395679034368	0.028060698524268	0.0304376118712955	0.123055791708105	0.303284618589613	0.026362745373538	0.026362745373538	0.110442739582122	0.026362745373538	0.103121902041062	0.0907943451193848	0.0907943451193848	0.0667189663708812	0.0907943451193848	0.026362745373538	0.0505601791947177	0.0957064559927793	0.026362745373538	0.026362745373538	0.0456505995243788	0.0707589399935019	0.166354072741186	0.0907943451193848	0.0280606984490096	0.0372294245494737	0.0512649822189952	0.0654528308095354	0.10899613033792	0.0513285274495079	0.0373144327390073	0.0280606983737512	0.046482493743451	0.0694030845594226	0.0464824938187093	0.10899613033792	0.026362745373538	0.0255137687981731	0.067959239010257	0.0282284614413676	0.0289096750243746	0.0716017413922031	0.175332501079097	0.0522559781116669	0.0532704645184555	0.0722399677403949	0.0633450280686822	0.0314566047504695	0.0907943451193848	0.0404553146223829	0.0694030848040123	0.0634125986070645	0.0464824938187093	0.0582019910216331	0.0530199466480149	0.0297586513739644	0.0899992111430626	0.026362745373538	0.0907089437612078	0.0907943451193848	0.0297586517502563	0.037314432287457	0.0746378969175346	0.456406935898945	0.0538173818565679	0.0592209028287066	0.084260791671848	0.111220019051071	0.0631213338688166	0.0578553797771232	0.0330695497116657	0.0806175331124152	0.0499252393239676	0.028824667060616	0.20730049637231
GA46	0.0403955179181966	0.0492372470108247	0.0791707273121133	0.0271672497343535	0.0847135368132531	0.0808933869267654	0.170769272353312	0.0467415642030913	0.0971170484906796	0.0312816749863101	0.102325004158598	0.0625650721103555	0.07065995771325	0.0431700068892855	0	0.0900532243999116	0.0624037764665454	0.037354968412958	0.0288652028098251	0.0916521651952556	0.0403518427182177	0.175163488345917	0.0558900402651893	0.069553286138207	0.0627117219823177	0.0492372469543809	0.0715363086060141	0.0455576120076155	0.062222606681212	0.061397354560669	0.0848263327521507	0.0280162263097185	0.0766291255978021	0.130409100139984	0.153321734657793	0.0271672497343535	0.0638403412368563	0.0764415685012184	0.030563155960555	0.0271672497343535	0.0764415685012184	0.0568814293453188	0.0305631561110718	0.0658121250870854	0.0696040063419125	0.0467415642030913	0.0698160918975117	0.0764415685012184	0.118310926914817	0.0441467811663946	0.0823617722801488	0.0288652028850835	0.0263182733095053	0.104189675169611	0.31225986131514	0.0271672497343535	0.0271672497343535	0.0782029631763998	0.0271672497343535	0.0789887711706788	0.0568814293453188	0.0568814293453188	0.0693507330172291	0.0568814293453188	0.0271672497343535	0.0467962864786386	0.0833080355454274	0.0271672497343535	0.0271672497343535	0.0467415642030913	0.0534855230438589	0.17305913943835	0.0568814293453188	0.0271672498096119	0.0314121326111784	0.0509557575928141	0.0563697308452442	0.0764415685012184	0.0509375169346429	0.0331100856113915	0.0271672495838368	0.0475734584221635	0.0544475013898178	0.0475734584974219	0.0764415685012184	0.0271672497343535	0.0280162263097185	0.0424488280156646	0.0288652028098251	0.0297141793851901	0.0735012301140361	0.177788375980324	0.038203944988323	0.044146780865361	0.0671746103525764	0.0558632356349868	0.0288652028098251	0.0568814293453188	0.0399018982143113	0.0593841454258772	0.0569858145006377	0.0475734584974219	0.0597156057454119	0.0390529214884296	0.0288652027345667	0.0701343197977603	0.0271672497343535	0.0630035743945175	0.0568814293453188	0.030563155960555	0.0280162259334266	0.05459342748303	0.450919292189858	0.0368362032817771	0.0507288923995061	0.0680355473487365	0.104690006341447	0.0497756245160344	0.0432978045157712	0.0288652029603419	0.05878808300453	0.0511414451204767	0.0297141793851901	0.21033986138575
GA47	0.0946790117093108	0.0991669667489601	0.133603725685842	0.0838394556853055	0.140764999946561	0.131650765421753	0.214254833946023	0.101376166529577	0.145110230328459	0.0838167313674484	0.142685358612469	0.114313704817735	0.120924984170782	0.0995079751662684	0.0900532243999116	0	0.11799762960561	0.0926930664220091	0.0856621219785978	0.141821793694463	0.094876130694768	0.216685969420154	0.107488222918802	0.113888079281708	0.113038774241101	0.102208775383505	0.123081610321698	0.0880716337794156	0.112336881280021	0.113133907299301	0.138223517046432	0.0832003435270503	0.128164818054159	0.178520193436381	0.197028304012775	0.0838394556853055	0.114251051102812	0.121151471190681	0.0875250492527178	0.0838394556853055	0.121151471190681	0.103413723089328	0.0920348150956661	0.104201139684654	0.117154905422017	0.101376166529577	0.123711215336854	0.121151471190681	0.162174228089626	0.0905090201871865	0.118854010195443	0.083953852351341	0.0831948494529258	0.152223040923627	0.341747106325747	0.0838394556853055	0.0838394556853055	0.116444561705746	0.0838394556853055	0.124290064635752	0.103413723089328	0.103413723089328	0.120544632708635	0.103413723089328	0.0838394556853055	0.104867743309399	0.132955295400638	0.0838394556853055	0.0838394556853055	0.101376166529577	0.0900516632727978	0.215761912168201	0.103413723089328	0.0839756156477814	0.0882913907096166	0.0990386861517574	0.105256077946361	0.121151471190681	0.100853150522318	0.0835029858286784	0.0840168140188913	0.102077319145654	0.102037226141553	0.102204612973664	0.121151471190681	0.0838394556853055	0.0845728623915953	0.0980726167267997	0.08568356267995	0.0863049811580115	0.125848946994114	0.219370403976151	0.0894653973959838	0.0913654405040422	0.117377630256192	0.103452444664494	0.0855342748603134	0.103413723089328	0.0865529577689941	0.109427146199677	0.109382065690377	0.102204612973664	0.108816921085383	0.0911259785002907	0.0823996657731407	0.118912671528042	0.0838394556853055	0.116375198305556	0.103413723089328	0.0871870618765101	0.0900581560257559	0.116397700488868	0.465339831029526	0.0948287133277968	0.109347806377995	0.108930366998068	0.153390232078505	0.110261939268446	0.0880345908097095	0.0873185942805551	0.102802526591477	0.102496910896717	0.0863628006267427	0.249262389059019
GA50	0.0543009770112206	0.0240516159119028	0.100500435502541	0.0414639141297702	0.0689079841090874	0.0633547745569788	0.178285836834799	0.0216144088542823	0.106663346553993	0.0453860883347013	0.118080753136915	0.0451260384435605	0.0641637924644682	0.064635785033155	0.0624037764665454	0.11799762960561	0	0.0627970339335275	0.0513881701373994	0.103078511835198	0.0539528280308451	0.183138951508686	0.0932541369375857	0.0511542277579958	0.0430470251976842	0.024110091831347	0.0707797846107772	0.0734635421987435	0.0812668492923481	0.0776620932638344	0.0612912833540127	0.0422958083488423	0.0885695937004956	0.125359824454092	0.16192334007961	0.0414639141297702	0.0757100317777708	0.0866948690528822	0.0496074295028894	0.0414639141297702	0.0866948690528822	0.106720707520391	0.0525599905299117	0.0799455172147113	0.0658722602658802	0.0216144088542823	0.0885920737390265	0.0866948690528822	0.0955521810160141	0.0772169333214712	0.103642841180166	0.0414821549572728	0.0455649093997599	0.100977175464534	0.315707745275112	0.0414639141297702	0.0414639141297702	0.125882732841854	0.0414639141297702	0.0847746789587116	0.106720707520391	0.106720707520391	0.0426308022002981	0.106720707520391	0.0414639141297702	0.0260915098467258	0.111922830004584	0.0414639141297702	0.0414639141297702	0.0216144088542823	0.0869344251249174	0.181628657410843	0.106720707520391	0.0426759698588138	0.0533736439214812	0.0307067708686145	0.0821357545527545	0.0866948690528822	0.0256569286940074	0.0505160407887565	0.0431277027372459	0.0207825145035079	0.0437831774052947	0.0224463032050566	0.0866948690528822	0.0414639141297702	0.0422958084241007	0.0846179233054922	0.0446745396563501	0.0439011212250199	0.0767355330965736	0.183602313426408	0.0686385334666931	0.0705655320086564	0.0489289452970931	0.0769274254150764	0.0426539756884479	0.106720707520391	0.0495905813695204	0.0429885499555655	0.0358927908419359	0.0224463032050566	0.0721387837383181	0.0703112214352145	0.0447914911753903	0.0882446031001481	0.0414639141297702	0.0636942063768705	0.106720707520391	0.0480021168713016	0.0520446366733975	0.0525619505029736	0.444543760834318	0.075245369808993	0.0349986864573727	0.065901834254313	0.0769407690474481	0.0780864475163245	0.073607905231642	0.0479618815912141	0.0685548969177586	0.0288208135488358	0.0439595971632787	0.204270198790714
GA51	0.0388411820085362	0.0475916991367786	0.079860568366418	0.0271672497343535	0.0807763378164082	0.0811693993858015	0.171124348736773	0.0467415641654622	0.0973938105985372	0.0312816751979743	0.100800507805414	0.065700808238953	0.0737182569285535	0.049879064689381	0.037354968412958	0.0926930664220091	0.0627970339335275	0	0.0322611089607682	0.0917273712805425	0.040507502040139	0.175078498143138	0.0678020795487394	0.0656261299219396	0.0561295309376837	0.0475916990803348	0.0748265532757899	0.0439001138538423	0.063579559928239	0.0631084433107665	0.0843010626055978	0.0280162263097185	0.0763467321868497	0.129574804293989	0.153808296178326	0.0271672497343535	0.0620239538827328	0.0764415684824038	0.0288652028098251	0.0271672497343535	0.0764415684824038	0.0568814293453188	0.0288652028098251	0.066495132867736	0.0696040067370191	0.0467415641654622	0.0615048812645854	0.0764415684824038	0.11792952612494	0.0458447341666077	0.0806973029417221	0.0288652028850835	0.0280162263097185	0.108288646101801	0.312204934129811	0.0271672497343535	0.0271672497343535	0.0782602184047603	0.0271672497343535	0.0837412606736626	0.0568814293453188	0.0568814293453188	0.0694354550179207	0.0568814293453188	0.0271672497343535	0.0484418344279431	0.082118011785276	0.0271672497343535	0.0271672497343535	0.0467415641654622	0.0534855230438589	0.173236677667709	0.0568814293453188	0.0288652028098251	0.0297141794604484	0.04601911447867	0.0563697312215362	0.0764415684824038	0.044355326115784	0.0297141796109652	0.0288652027345667	0.0459279106986342	0.0495108584261904	0.0459279106233758	0.0764415684824038	0.0271672497343535	0.0280162263097185	0.0424488275641143	0.0271672498096119	0.0297141793851901	0.0736442419013592	0.177837082457663	0.043297804289996	0.0407508750154515	0.0623341880625848	0.0545285690312434	0.030563155960555	0.0568814293453188	0.0314121327616952	0.0577385981538982	0.0601308050593643	0.0459279106233758	0.0595565882859507	0.0390529216389463	0.0305631557347799	0.0807058402534687	0.0271672497343535	0.071231313388456	0.0568814293453188	0.0288652028098251	0.03141213253592	0.0562389756769243	0.450915125584362	0.0502836096918944	0.0572940008432576	0.0713937509090009	0.10359394384755	0.0562239048456905	0.0415998512145245	0.0271672498096119	0.062078020206154	0.0495129796591672	0.0297141793851901	0.210339862138334
GA53	0.023775029137279	0.0325993610677695	0.0744878893360646	0.0101877185280877	0.0788373040091811	0.0648091175979135	0.156807893228651	0.0301036782600362	0.0815342524361731	0.0143739560035744	0.0872874913191554	0.0540799528849546	0.0704911193537592	0.0329845416726488	0.0288652028098251	0.0856621219785978	0.0513881701373994	0.0322611089607682	0	0.0755948735909028	0.0236295598577896	0.160709103550574	0.059516966719218	0.0581035421728486	0.0510104801882096	0.030953813306611	0.0826937394461246	0.0405238043102953	0.0506037903403995	0.0481452583288304	0.0684536119565518	0.0110366951034527	0.0603723171910252	0.115621388033785	0.13857537688631	0.0101877185280877	0.0487366764232366	0.092714639342945	0.0169795309052323	0.0101877185280877	0.092714639342945	0.0738609605515846	0.0220733903574221	0.0494777694758442	0.0727126943229726	0.0301036782600362	0.0616897130855406	0.092714639342945	0.104980421713506	0.0475426873173376	0.0819144840493347	0.0118856716788176	0.0127346482541826	0.106782706397952	0.300139200506788	0.0101877185280877	0.0101877185280877	0.0943809186644626	0.0101877185280877	0.0884857424958186	0.0738609605515846	0.0738609605515846	0.0531788171654699	0.0738609605515846	0.0101877185280877	0.0334494963589341	0.0831346200647378	0.0101877185280877	0.0101877185280877	0.0301036782600362	0.0551834761945888	0.158742683478678	0.0738609605515846	0.0118856716035592	0.0195264607065856	0.0359634194861759	0.0532682592971156	0.092714639342945	0.0375907266644215	0.0178285075558556	0.0101877186786045	0.0309355724791084	0.0526195465953964	0.0309355725543668	0.092714639342945	0.0101877185280877	0.0110366951034527	0.0492406400165173	0.0135836246037724	0.0110366950281943	0.0573381923816421	0.16333649932134	0.0348080389878967	0.0339590619609813	0.0555917983780606	0.0510126330485248	0.0135836247542892	0.0738609605515846	0.0246203200082586	0.0509739988342379	0.0502942678038821	0.0309355725543668	0.0430836007563454	0.0356570151869697	0.0118856716788176	0.08163609617211	0.0101877185280877	0.0694033583494449	0.0738609605515846	0.011885671754076	0.0161305544803841	0.0593476640154617	0.451609680447916	0.0385484831087818	0.0455745178265403	0.0662411928101621	0.0990677808947635	0.047088135447767	0.0399018980637945	0.0118856716035592	0.065277912193025	0.0345035591774216	0.0127346481789242	0.196557367239336
GA57	0.078044553183847	0.086077710256131	0.108900764599593	0.0661882226816331	0.132988021981837	0.10134211803476	0.197688459635082	0.0837801934944259	0.129715202997128	0.0698822260730796	0.139430843293667	0.106361186188279	0.130258376286788	0.0896798863705963	0.0916521651952556	0.141821793694463	0.103078511835198	0.0917273712805425	0.0755948735909028	0	0.0673380872479292	0.161419168490954	0.117207596586509	0.0952476428426576	0.112151155097768	0.0860777104066478	0.14161271219979	0.102154375684231	0.10391637716781	0.100231369223559	0.119624157445599	0.0670044830426423	0.0719519552487805	0.160190622576258	0.181984829782236	0.0661882226816331	0.100808810329798	0.160787259388452	0.0741198833542641	0.0661882226816331	0.160787259388452	0.144673870293179	0.0788781349029806	0.0833670763543459	0.139112087455813	0.0837801934944259	0.115880160884123	0.160787259388452	0.150635883437865	0.112310708886144	0.133366365249109	0.0677128859391116	0.0701973753971885	0.164302772023913	0.326883195024548	0.0661882226816331	0.0661882226816331	0.162328107113188	0.0661882226816331	0.154757089197937	0.144673870293179	0.144673870293179	0.104091255521082	0.144673870293179	0.0661882226816331	0.0884026480142516	0.143100345225045	0.0661882226816331	0.0661882226816331	0.0837801934944259	0.120976240496443	0.199225583649946	0.144673870293179	0.0677128855628197	0.0782708728479014	0.0922765722404225	0.111881313318707	0.160787259388452	0.0908149662192422	0.0764663250307844	0.0677128857885948	0.0845806503837759	0.109502949535546	0.0845287232236429	0.160787259388452	0.0661882226816331	0.0670044830426423	0.113944493083641	0.0693781226497106	0.0685576069159339	0.107514434089564	0.17297692145362	0.0987446235887932	0.100645605248935	0.112960402016537	0.107099276826237	0.0709027854556387	0.144673870293179	0.0795368636497343	0.109578281791523	0.102422134894313	0.0845287232236429	0.0750212836258038	0.097975043485863	0.069266009586628	0.13933953274079	0.0661882226816331	0.137498413109117	0.144673870293179	0.0723722570321777	0.0764038851390583	0.121981124196089	0.467544927741542	0.102864910274594	0.101528927665016	0.131142220996094	0.14615798696424	0.108421928841959	0.106615107581772	0.0740629617463459	0.12503318038929	0.0895949846528696	0.0685903229797729	0.232600639263789
GA6	0.0269046239507846	0.0356025608312903	0.0753222499607187	0.0135765501599044	0.0866040338884399	0.0674378958041544	0.157838177006466	0.0331652045927264	0.0837648903405425	0.0153789894768234	0.093746068962671	0.0583923454913828	0.0825542026020662	0.039340989302016	0.0403518427182177	0.094876130694768	0.0539528280308451	0.040507502040139	0.0236295598577896	0.0673380872479292	0	0.150995746254921	0.0685460555762278	0.0574372950376886	0.0635148378446548	0.0356392171045746	0.0945391665128144	0.0518826456138431	0.0553002094972239	0.0510178812440823	0.0728088041786293	0.0144201038885071	0.0528761359787725	0.117487692866813	0.140431483384372	0.0135765501599044	0.0515847422859885	0.114426389035552	0.0219932653367369	0.0135765501599044	0.114426389035552	0.0964841360997672	0.0269499962368623	0.0492255589454388	0.0913774821944911	0.0331652045927264	0.0676647435798488	0.114426389035552	0.107120790942149	0.0621510130362679	0.0904956265126891	0.0152745033106343	0.0177206861165663	0.119843520920234	0.299991266896026	0.0135765501599044	0.0135765501599044	0.116022527669415	0.0135765501599044	0.108422724642988	0.0964841360997672	0.0964841360997672	0.055756861475682	0.0964841360997672	0.0135765501599044	0.0380667305241028	0.0965630634019923	0.0135765501599044	0.0135765501599044	0.0331652045927264	0.071285783176809	0.159748630405338	0.0964841360997672	0.0152564062407673	0.026166043220784	0.042255245318467	0.062751997375127	0.114426389035552	0.0406140437105087	0.0244970421325604	0.0152363643153674	0.0339552351094858	0.0603889147139559	0.0339918915332869	0.114426389035552	0.0135765501599044	0.0144201038885071	0.0638131608556241	0.0169670334593816	0.0160803268005074	0.0596354851508607	0.156215258845777	0.0480228348098921	0.0504808024729066	0.0619573729357334	0.0577484304979067	0.0186033282814679	0.0964841360997672	0.0278315200762014	0.0601670560097755	0.0529949253782479	0.0339918915332869	0.0458503148678427	0.0470408263823224	0.0168907617482197	0.0927550722515643	0.0135765501599044	0.0898366598506467	0.0964841360997672	0.020246405591906	0.0244266574336874	0.0733649568124251	0.456578443146715	0.0531294983482421	0.0514250892506103	0.0833720533609992	0.104702986174762	0.0586233564718354	0.0563755428625478	0.0219478657177527	0.0760828952653089	0.0391913664837678	0.016074904104262	0.197288493465896
GA64	0.144025190385303	0.168726924693946	0.18857943486761	0.152087467186379	0.188512915312642	0.173746720031656	0.261781545751023	0.166608331329895	0.204684275117787	0.155132347586179	0.213872762491005	0.186239668666714	0.207074696818988	0.172373577199801	0.175163488345917	0.216685969420154	0.183138951508686	0.175078498143138	0.160709103550574	0.161419168490954	0.150995746254921	0	0.169253947984691	0.171590231998701	0.19205547613327	0.168726924242395	0.217922453025375	0.184680752079896	0.183971728489857	0.14836646706769	0.19679815916702	0.152805936908481	0.147140812429816	0.178235771228569	0.248910760939723	0.152087467186379	0.18044265457476	0.23600362948697	0.159272164407403	0.152087467186379	0.23600362948697	0.222686382405686	0.163582981836916	0.16226179205408	0.216066199119645	0.166608331329895	0.194892503245912	0.23600362948697	0.222591285302181	0.193229124100521	0.181833206779427	0.153524406630583	0.15567981534534	0.236796101385897	0.372844584060438	0.152087467186379	0.152087467186379	0.237198831156047	0.152087467186379	0.229996764900708	0.222686382405686	0.222686382405686	0.183804745475451	0.222686382405686	0.152087467186379	0.170845517305413	0.218564321597417	0.152087467186379	0.152087467186379	0.166608331329895	0.201831858718034	0.263344614644243	0.222686382405686	0.153609397886979	0.162949504725861	0.174376506847565	0.192327065976581	0.23600362948697	0.172281940025513	0.161427573423193	0.153524406630583	0.167314528967395	0.190076750637305	0.167314528967395	0.23600362948697	0.152087467186379	0.152805936757964	0.194666063996276	0.154961345924271	0.154242876352686	0.186812130414476	0.224967496413173	0.180930148772519	0.183785125312179	0.19186062757114	0.187520141854431	0.156483276925906	0.222686382405686	0.164386443718515	0.189994803582779	0.182985700441129	0.167314528967395	0.176300644573539	0.180911246122736	0.154261778550919	0.217208225167159	0.152087467186379	0.21473575044762	0.222686382405686	0.157835224662164	0.161427573272676	0.201212021287042	0.440345603408235	0.185192621416516	0.182693285472465	0.208862614977841	0.204143328197075	0.18944755911526	0.188729420755849	0.159357155663799	0.204126980268594	0.171901829314954	0.154242876352686	0.291528577154333
GA66	0.0655850798945234	0.0766113595754811	0.104725050768166	0.056036665809877	0.109076703400022	0.103881042356593	0.192108466092384	0.0745659169524607	0.119707727052196	0.0599299791466558	0.125274717469107	0.0873629210159333	0.103436374585285	0.0706200349812556	0.0558900402651893	0.107488222918802	0.0932541369375857	0.0678020795487394	0.059516966719218	0.117207596586509	0.0685460555762278	0.169253947984691	0	0.0919877424685642	0.0895411997958265	0.0737705043131354	0.101047995114567	0.0666353845912399	0.0879343106138586	0.0797532066288922	0.110796761369765	0.055187689234512	0.10273225082442	0.142960427084354	0.17335932287905	0.056036665809877	0.0892446515235034	0.097687030587383	0.0565787966203208	0.056036665809877	0.097687030587383	0.0789816715952122	0.0606419940789541	0.0909806156549791	0.0987406168885604	0.0745659169524607	0.095719503483387	0.097687030587383	0.141628652886309	0.0641776865178889	0.0966455956845723	0.0576799897232441	0.055187689234512	0.132761698479604	0.326604591927143	0.056036665809877	0.056036665809877	0.099399753968523	0.056036665809877	0.0992437114543987	0.0789816715952122	0.0789816715952122	0.0927901580327689	0.0789816715952122	0.056036665809877	0.0714908138557215	0.103745715015314	0.056036665809877	0.056036665809877	0.0745659169524607	0.0660735367976054	0.195968292804077	0.0789816715952122	0.0560366658851354	0.0569972691662384	0.0729429869150574	0.0759944318784307	0.097687030587383	0.0798735395826475	0.0602243858003857	0.0560366656593602	0.0753978111715329	0.078465986582968	0.0753978112467913	0.097687030587383	0.056036665809877	0.055187689234512	0.0692374542205021	0.0573553459511863	0.0569477077535909	0.0992801907387647	0.195006882677777	0.0644504406084918	0.0660675004726708	0.0928310048437179	0.0783383816179603	0.0578190140952968	0.0789816715952122	0.0628214130046392	0.0794094473198809	0.0823315739104844	0.0753978112467913	0.0867796350797318	0.0679741446869542	0.0576799897232441	0.0939566586354766	0.056036665809877	0.0922929960293601	0.0789816715952122	0.0576228270627031	0.0613196463596941	0.0856919657025072	0.45027413241791	0.065975587363496	0.0828490453311289	0.0887115772324379	0.12209852858249	0.0791518000340221	0.0685623349866482	0.0556573928757147	0.0790437636991041	0.073910077469367	0.0584420375902243	0.228193159506779
GA68	0.0633946904216451	0.0333879637823562	0.10310789421577	0.050744408384116	0.0782958633746162	0.0723978412911446	0.187018061959834	0.0308922808052915	0.117058865725994	0.0546269444654686	0.122429294191828	0.0473374593062232	0.0666745625285789	0.0740932305954924	0.069553286138207	0.113888079281708	0.0511542277579958	0.0656261299219396	0.0581035421728486	0.0952476428426576	0.0574372950376886	0.171590231998701	0.0919877424685642	0	0.0478951086976913	0.0308631463258555	0.0678998975817001	0.0742542836062535	0.0875147986555039	0.0818787336424746	0.0683793267141087	0.0515448653863536	0.0798167073628818	0.148938849154446	0.170911621697473	0.050744408384116	0.0829071474421506	0.0772191651090227	0.0532744071361693	0.050744408384116	0.0772191651090227	0.0974527742299768	0.0556697910745638	0.0817410106384995	0.0642861031146363	0.0308922808052915	0.0972176862485481	0.0772191651090227	0.103530059784952	0.0818824360542225	0.103816582078133	0.0523767596806842	0.0531640201807022	0.101344720658028	0.321408811843756	0.050744408384116	0.050744408384116	0.117135585483276	0.050744408384116	0.078091188221041	0.0974527742299768	0.0974527742299768	0.0535689820770663	0.0974527742299768	0.050744408384116	0.0308294062211056	0.114188461423372	0.050744408384116	0.050744408384116	0.0308922808052915	0.0820122867483984	0.188762572772726	0.0974527742299768	0.0523767595677966	0.0572138171868794	0.0383164555285916	0.0875793749824016	0.0772191651090227	0.0324954979422719	0.0572898884802455	0.0523453223885912	0.0317241751560659	0.0455543086534799	0.0317241751560659	0.0772191651090227	0.050744408384116	0.0515763026784466	0.0787038930663557	0.0474897942345853	0.0515631061385978	0.094426055673999	0.180359823459929	0.0687811583130047	0.0721015248146623	0.0501950139396194	0.0823949956043501	0.0539330397591446	0.0974527742299768	0.0556808219037273	0.0480476897398029	0.0432902761179991	0.0317241751560659	0.0812944347095309	0.072249846946862	0.0523321258863716	0.0896164153636706	0.050744408384116	0.0624965652070864	0.0974527742299768	0.053193291573964	0.0597248626402532	0.0511283739046617	0.443314803068084	0.0802107319386318	0.0434913934406006	0.0530021337020879	0.0988817519386007	0.0838453139771115	0.0777361611788622	0.0589061647540692	0.0687866133985796	0.0372018204493956	0.0523563530672379	0.224643167973769
GA69	0.0619400653310797	0.0299481968536521	0.103311775496813	0.0509010353360814	0.0701632358961635	0.0727824666208089	0.188851431745923	0.0307800911291681	0.118032863137848	0.0548346519771249	0.119136331584116	0.0435288817141995	0.0566407275771854	0.0743762091780552	0.0627117219823177	0.113038774241101	0.0430470251976842	0.0561295309376837	0.0510104801882096	0.112151155097768	0.0635148378446548	0.19205547613327	0.0895411997958265	0.0478951086976913	0	0.0299481968536521	0.0537888515703004	0.0708194790276313	0.090875256806612	0.0853211456213636	0.0682019803936433	0.0517329295551536	0.0980514083433934	0.150016552458207	0.172877653059785	0.0509010353360814	0.0847233429626383	0.051577450651111	0.0559288828323285	0.0509010353360814	0.051577450651111	0.0723733011858933	0.0526925090211208	0.087050508275026	0.0449222955438826	0.0307800911291681	0.0830368525113421	0.051577450651111	0.10373042426025	0.0645944000494601	0.0901868288790939	0.0525648238682988	0.0517694111537151	0.0841178376265247	0.324175555296619	0.0509010353360814	0.0509010353360814	0.0929931340682687	0.0509010353360814	0.052747990371603	0.0723733011858933	0.0723733011858933	0.0518532647854752	0.0723733011858933	0.0509010353360814	0.0307800909786513	0.100746947143114	0.0509010353360814	0.0509010353360814	0.0307800911291681	0.0671630467128272	0.190374623532548	0.0723733011858933	0.0509192760318819	0.0518606148396779	0.0349395631088151	0.0809071909523371	0.051577450651111	0.028284408076845	0.0534879220931819	0.0492737282519088	0.0316119854799425	0.0349395631088151	0.0299481967783938	0.051577450651111	0.0509010353360814	0.051732929630412	0.0646126405571145	0.0525830646958014	0.0517511706084314	0.0950563758273016	0.195607748146009	0.0537432934712581	0.0595300713121289	0.041512889999219	0.0787846605773225	0.0509557576304433	0.0723733011858933	0.0535244037858163	0.0382671403613958	0.0411307299980009	0.0299481967783938	0.0819705750492185	0.0594935901274886	0.0492919691734844	0.0742227859193026	0.0509010353360814	0.0449222959201745	0.0723733011858933	0.0509739984767606	0.0485512783769706	0.0382671402861374	0.438594305756116	0.06867796414052	0.0303539939864416	0.0501745234083648	0.0883600439387138	0.0746880836333289	0.0653533319556954	0.0526377868960903	0.0513105655860419	0.0380449716302783	0.0517511702321395	0.22667511424633
GA70	0.0357155991774617	0.00499136595412938	0.0874505793732224	0.0226166291406961	0.0557545630468263	0.0456857605827878	0.165017863133489	0.00249568297706469	0.0918017855723097	0.0266674732356662	0.101932366858378	0.0266536961902272	0.0530976623748288	0.0481462822756683	0.0492372469543809	0.102208775383505	0.024110091831347	0.0475916990803348	0.030953813306611	0.0860777104066478	0.0356392171045746	0.168726924242395	0.0737705043131354	0.0308631463258555	0.0299481968536521	0	0.0600768312285043	0.060560131727746	0.0620210951175353	0.0593839079292134	0.0435649694667922	0.0234485233597683	0.0713032757430667	0.12463490873801	0.147710719550348	0.0226166291406961	0.0600772241149286	0.0798618588032144	0.0309355723285916	0.0226166291406961	0.0798618588032144	0.100037521579199	0.0326358424405558	0.0638759869781106	0.0565688162289485	0.00249568297706469	0.0758218233746411	0.0798618588032144	0.0796588422598863	0.0692209502813792	0.0973034155451589	0.0242804176729135	0.0267761003489446	0.0885923222610445	0.304900588411273	0.0226166291406961	0.0226166291406961	0.119474294435496	0.0226166291406961	0.0740344363424664	0.100037521579199	0.100037521579199	0.0260798655299827	0.100037521579199	0.0226166291406961	0.00748704938274441	0.102904495303378	0.0226166291406961	0.0226166291406961	0.00249568297706469	0.0767262399083737	0.167054612509379	0.100037521579199	0.0242804176540989	0.0350950436685422	0.011646520910841	0.0696440005881919	0.0798618588032144	0.00998273183300038	0.0317857076762	0.0242804177481719	0.00332757732783905	0.0299481969289105	0.00332757732783905	0.0798618588032144	0.0226166291406961	0.0234485234350267	0.0708847390581863	0.025944206336833	0.0251123120989462	0.0682299011433967	0.171381967010522	0.0550787474470909	0.0559288826065533	0.0347529023913949	0.0629245847689383	0.0276079952077131	0.100037521579199	0.0367588324265348	0.0299481976814944	0.0229021065463923	0.00332757732783905	0.0544928059433446	0.0558924011585086	0.0259442061863162	0.0775767064681559	0.0226166291406961	0.0549050279036917	0.100037521579199	0.0276262357529968	0.0334312548729205	0.0399309292134613	0.440116030098212	0.0602025313848498	0.022016809952229	0.0484421220843238	0.0759920787179109	0.0668943638188971	0.0617521427044965	0.030935572309777	0.0627746779208231	0.00976056353461863	0.0251123121742046	0.203629000469892
GA73	0.0914724786210843	0.0600768312285043	0.130062929213499	0.0824947963760357	0.0861629509564602	0.103583303684689	0.215330517051196	0.062572514205569	0.146945696173593	0.0862618143096416	0.14923864584228	0.0729700541029675	0.0665777727133698	0.0988097376933302	0.0715363086060141	0.123081610321698	0.0707797846107772	0.0748265532757899	0.0826937394461246	0.14161271219979	0.0945391665128144	0.217922453025375	0.101047995114567	0.0678998975817001	0.0537888515703004	0.0600768312285043	0	0.0731153832466313	0.112537026367705	0.109610325101801	0.0984011363200467	0.0816811429092077	0.127658526629511	0.177152843242793	0.198892702282679	0.0824947963760357	0.108351204374974	0.039274588227272	0.0827198224612559	0.0824947963760357	0.039274588227272	0.0603402035517825	0.0811289967498695	0.112800429866772	0.039045248406403	0.062572514205569	0.110430613329465	0.039274588227272	0.13057049435347	0.0734624598702096	0.101870758195568	0.0825130370718361	0.0817176243572524	0.097699148110067	0.343905356797305	0.0824947963760357	0.0824947963760357	0.0816027481447567	0.0824947963760357	0.0521205001877564	0.0603402035517825	0.0603402035517825	0.0800302941916567	0.0603402035517825	0.0824947963760357	0.0626188444368767	0.105772391149793	0.0824947963760357	0.0824947963760357	0.062572514205569	0.069581886094929	0.217212438131824	0.0603402035517825	0.080867489385936	0.0803422770754556	0.0601683360232849	0.0922049284169469	0.039274588227272	0.0600768313037627	0.0817905876108191	0.0826025354967575	0.0617406198547946	0.0502319340076711	0.0633592336165785	0.039274588227272	0.0824947963760357	0.0833266906703662	0.0700106078551875	0.0809300538679265	0.0818783805112947	0.124915416361858	0.221387967918858	0.0727539851772364	0.0731557775476966	0.0711199591980513	0.095351641433257	0.0792584228846762	0.0603402035517825	0.0801354958064327	0.0585520323177781	0.0644145154516504	0.0633592336165785	0.112212972659053	0.0780559392890545	0.0825312779181533	0.0762907796812178	0.0824947963760357	0.0472252011825942	0.0603402035517825	0.0794104861302508	0.080324036530172	0.053971861799558	0.439431921099172	0.0854687215101839	0.0589273970461253	0.0476809558693809	0.106116271116818	0.0904591982676224	0.0758226144908354	0.0811194494705309	0.0506000439213081	0.0633542129412444	0.0817888821616317	0.251101148248923
GA74	0.050358214293315	0.0572502111094167	0.0940786743292002	0.0387841366381958	0.0935498489951244	0.0917784107491525	0.180925592065159	0.0580644489764565	0.107754648540809	0.0428365631395894	0.10794961365937	0.0750967652884999	0.0817864816823993	0.0577997122750138	0.0455576120076155	0.0880716337794156	0.0734635421987435	0.0439001138538423	0.0405238043102953	0.102154375684231	0.0518826456138431	0.184680752079896	0.0666353845912399	0.0742542836062535	0.0708194790276313	0.060560131727746	0.0731153832466313	0	0.073477900201323	0.06748780243174	0.0942907232339635	0.0396331132135608	0.0873389551321967	0.140475095484895	0.163290495805518	0.0387841366381958	0.0711121986046283	0.0714430825389696	0.0371266381269453	0.0387841366381958	0.0714430825389696	0.0516647866202725	0.0438388017090884	0.0744669268265216	0.0645292209404888	0.0580644489764565	0.0750328925899183	0.0714430825389696	0.127675033127419	0.0506931863386523	0.0766896407373927	0.0370861834874659	0.0413114690983837	0.105777698051598	0.318786190465243	0.0387841366381958	0.0387841366381958	0.0731910747861621	0.0387841366381958	0.0741061018121363	0.0516647866202725	0.0516647866202725	0.0789621208954339	0.0516647866202725	0.0387841366381958	0.0614102670565398	0.082069195204913	0.0387841366381958	0.0387841366381958	0.0580644489764565	0.0414954048741345	0.182701713095109	0.0516647866202725	0.0387841367134542	0.0379155627216655	0.055734434682462	0.0526488673393474	0.0714430825389696	0.0573237584621617	0.0363585707552806	0.040482089638409	0.0588963431955287	0.0640871887932522	0.0588963432707871	0.0714430825389696	0.0387841366381958	0.0379351600628309	0.0489351814330527	0.0370861835627243	0.0379351599875725	0.0841937454962971	0.186748245749811	0.0414328326217153	0.0405238046677727	0.0751360513721452	0.065098875813713	0.0421604457490071	0.0516647866202725	0.0397140224925195	0.0609668522245354	0.0697179690868867	0.0588963432707871	0.0707836262881756	0.0439405679100692	0.0421800426386221	0.0722299017049749	0.0387841366381958	0.0711503130468455	0.0516647866202725	0.0404820897136674	0.0464053284753152	0.0675813518652711	0.451520486010445	0.0518351064787971	0.0669787798377902	0.0630993681837513	0.112370856087467	0.0596482814524812	0.0397165423880021	0.0422009003132281	0.0568268429299798	0.0543087385030407	0.0396331132888192	0.219300488028863
GA75	0.0531033124737065	0.0635061507122685	0.0881653414343042	0.04237347645591	0.111185431066487	0.0932434992582509	0.173226599816722	0.0610104679045352	0.109295054254207	0.0462889470338746	0.115964237769896	0.0806349657024398	0.0991148492791737	0.0564924614701533	0.062222606681212	0.112336881280021	0.0812668492923481	0.063579559928239	0.0506037903403995	0.10391637716781	0.0553002094972239	0.183971728489857	0.0879343106138586	0.0875147986555039	0.090875256806612	0.0620210951175353	0.112537026367705	0.073477900201323	0	0.0760299086269706	0.0914869197089263	0.0431359690999744	0.0896906857237671	0.141184825939361	0.157975264194638	0.04237347645591	0.0779870258587779	0.128509808726835	0.0505173062585821	0.04237347645591	0.128509808726835	0.111096512639161	0.0540837123237475	0.0811265645492257	0.107617123748618	0.0610104679045352	0.070862334978889	0.128509808726835	0.131523813186872	0.0822521083884769	0.110555596875422	0.04407142960664	0.0464453913196169	0.139049152514399	0.306455831034015	0.04237347645591	0.04237347645591	0.130220430517437	0.04237347645591	0.124060756667997	0.111096512639161	0.111096512639161	0.08239985989275	0.111096512639161	0.04237347645591	0.0645167782827459	0.116000166200478	0.04237347645591	0.04237347645591	0.0610104679045352	0.0882764919990241	0.17609888540976	0.111096512639161	0.0425439764453907	0.0532372037720199	0.0681829209430049	0.0854642442568685	0.128509808726835	0.0683310983533209	0.0514527669910229	0.0440714294561232	0.0618423621236074	0.0801283278775336	0.0618423621988658	0.128509808726835	0.04237347645591	0.0431359689494576	0.0867430478936494	0.0442419293703455	0.0448339222507043	0.0866555176449545	0.185656068075185	0.0713068325110156	0.0738488267166446	0.0886753924905953	0.0820393860340118	0.047294368120757	0.111096512639161	0.0563736583548363	0.0863181776320091	0.0800868772120789	0.0618423621988658	0.0730553989985375	0.0671434978945087	0.0457693824563364	0.112027670228572	0.04237347645591	0.107182837721675	0.111096512639161	0.0489923211962286	0.0499253137545152	0.0957490001250096	0.461369208615236	0.0747220756090952	0.0778671756875936	0.102853971204222	0.128111516417126	0.0829825936393304	0.074438350971299	0.0473783841036787	0.0962845572091714	0.0654188707997703	0.0448339222507043	0.217703254836978
GA78	0.049882285927206	0.0594588896692401	0.10069059066926	0.0382698846209531	0.104084424072444	0.0803531440294752	0.17722043929377	0.0570381886203482	0.1050501207473	0.0422130746654037	0.115480609256962	0.0798681824270523	0.103589376001948	0.06175649922454	0.061397354560669	0.113133907299301	0.0776620932638344	0.0631084433107665	0.0481452583288304	0.100231369223559	0.0510178812440823	0.14836646706769	0.0797532066288922	0.0818787336424746	0.0853211456213636	0.0593839079292134	0.109610325101801	0.06748780243174	0.0760299086269706	0	0.0935940338731414	0.0390864548207533	0.0728433435462942	0.124156712582617	0.159697926179929	0.0382698846209531	0.0730728362545823	0.125820389243238	0.04324175756086	0.0382698846209531	0.125820389243238	0.108303727600912	0.0466719977181367	0.0763488311997869	0.107852504692144	0.0570381886203482	0.0887573344463652	0.125820389243238	0.127632206889114	0.0794977461072532	0.100873174428037	0.0398898891954109	0.0423588701947169	0.135008438462109	0.313816275711011	0.0382698846209531	0.0382698846209531	0.127379240750363	0.0382698846209531	0.119261924779475	0.108303727600912	0.108303727600912	0.0787323932116381	0.108303727600912	0.0382698846209531	0.061936136918387	0.109626955004654	0.0382698846209531	0.0382698846209531	0.0570381886203482	0.0837921536706313	0.180948151256701	0.108303727600912	0.0383362016367792	0.0486936080410625	0.0660206263489795	0.0827452648017142	0.125820389243238	0.0643129950633856	0.0489411404864355	0.0399354313208599	0.0578389437586972	0.082092277348192	0.0578700829146787	0.125820389243238	0.0382698846209531	0.0390864548207533	0.0794809541542723	0.0399678375459079	0.0392579663958814	0.0825901120299041	0.183613132045727	0.0688953822610354	0.067722980045911	0.0839181328850864	0.0788685361845325	0.0416273367450093	0.108303727600912	0.0523121924036079	0.0819988419875653	0.076228955911115	0.0578700829146787	0.0693617003471261	0.0664288796333954	0.039903025095812	0.108913413728728	0.0382698846209531	0.107768440318078	0.108303727600912	0.0448996656470829	0.0475438138978048	0.0888419171814064	0.446358811072629	0.0721896965846871	0.0755310390483249	0.0987385104626718	0.120938368009949	0.0793855096580404	0.0721373185139112	0.0449128880946323	0.0900260058391576	0.0629809814495872	0.0405561460012739	0.214768905230243
GA80	0.0733604176778986	0.0437716213290138	0.115436501932716	0.0606277764709008	0.0909432252549162	0.0818894928452945	0.191469333445032	0.0412759383519491	0.125724543450457	0.0643888119081355	0.135429282870257	0.0655197273902219	0.0879247665330015	0.0820873509151767	0.0848263327521507	0.138223517046432	0.0612912833540127	0.0843010626055978	0.0684536119565518	0.119624157445599	0.0728088041786293	0.19679815916702	0.110796761369765	0.0683793267141087	0.0682019803936433	0.0435649694667922	0.0984011363200467	0.0942907232339635	0.0914869197089263	0.0935940338731414	0	0.061459670689973	0.106174790554426	0.15544495391048	0.174396689774262	0.0606277764709008	0.094092103210513	0.114545415146182	0.0658751859169717	0.0606277764709008	0.114545415146182	0.133960580566164	0.0719688226929819	0.0991376966727201	0.0953414631687632	0.0412759383519491	0.104227506734356	0.114545415146182	0.112889319996942	0.106023003187294	0.130016218739176	0.0621681226925416	0.0646638050110954	0.122057847189482	0.322808431555526	0.0606277764709008	0.0606277764709008	0.15194998835825	0.0606277764709008	0.109122280906321	0.133960580566164	0.133960580566164	0.0635802666797782	0.133960580566164	0.0606277764709008	0.0458969763583607	0.133147193043671	0.0606277764709008	0.0606277764709008	0.0412759383519491	0.113316838977614	0.194092021841142	0.133960580566164	0.0622915649843035	0.071392051329968	0.0503777539112953	0.105429901920184	0.114545415146182	0.0471987296836545	0.0698429166969627	0.0622083559030234	0.0421078327027234	0.0679522302340377	0.0421078327027234	0.114545415146182	0.0606277764709008	0.0614596707652314	0.10738012335743	0.0624579079261031	0.0630744371487938	0.102944505052886	0.199946150785745	0.0922248277324017	0.092925383831666	0.0694995787455653	0.10059054049127	0.0656191425379178	0.133960580566164	0.0739014596499578	0.0664238264088077	0.0606062078867296	0.0421078327027234	0.0903723891636338	0.0909433532882519	0.063748701673114	0.107748017505263	0.0606277764709008	0.0935823726232606	0.133960580566164	0.0670404123763243	0.0708076116638352	0.0772955374735774	0.452854991561235	0.0954641013246293	0.0615355767535441	0.0857701716624727	0.108080273851602	0.101660385859585	0.0998070355730526	0.0686166250720771	0.0991351979624743	0.0483972923736079	0.0616964386268096	0.229249141282505
GA84	0.0144362871092979	0.0234485234162121	0.0680452122569385	0.00084897657536497	0.0755585448233166	0.0560012044140486	0.148534381780962	0.0209528406084788	0.0727530991790271	0.00507471062750979	0.0829029927462941	0.0464996903607942	0.0712135688524054	0.027211721948903	0.0280162263097185	0.0832003435270503	0.0422958083488423	0.0280162263097185	0.0110366951034527	0.0670044830426423	0.0144201038885071	0.152805936908481	0.055187689234512	0.0515448653863536	0.0517329295551536	0.0234485233597683	0.0816811429092077	0.0396331132135608	0.0431359690999744	0.0390864548207533	0.061459670689973	0	0.0515266579735761	0.107113696333736	0.130909347172939	0.00084897657536497	0.0397548056160561	0.101664828588114	0.0093387421032395	0.00084897657536497	0.101664828588114	0.0831997025043073	0.0144326015554293	0.0436946651474996	0.0783717877824198	0.0209528406084788	0.0559348473043153	0.101664828588114	0.0964367430318486	0.0483916638174442	0.0792189841770163	0.00254692972609491	0.00509385930167304	0.109173629075439	0.293638201223479	0.00084897657536497	0.00084897657536497	0.103261617398021	0.00084897657536497	0.0972777301953597	0.0831997025043073	0.0831997025043073	0.042467153546485	0.0831997025043073	0.00084897657536497	0.025944206524979	0.0835252828293979	0.00084897657536497	0.00084897657536497	0.0209528406084788	0.0577304058454253	0.150646710486123	0.0831997025043073	0.00254692965083652	0.0135836250553227	0.0284581301037711	0.0492196662370304	0.101664828588114	0.0284398890128641	0.0118856719045928	0.00254692957557813	0.021784734827551	0.0484053525659773	0.0217847349028094	0.101664828588114	0.00084897657536497	0.00169795315072994	0.0500896165166238	0.00424488265104968	0.00339590622620149	0.0483830122634618	0.155476650204321	0.0356570153374865	0.0365059917623346	0.0529944180238126	0.0457173999812868	0.0059428359522964	0.0831997025043073	0.0152815780555359	0.0484053531116006	0.0412164825870834	0.0217847349028094	0.0340571051670445	0.0348080386868631	0.00424488257579129	0.0794977272738411	0.00084897657536497	0.0767079997770112	0.0831997025043073	0.00764078910302634	0.0118856715283009	0.0600701134952933	0.45217770127335	0.0410255979219771	0.0397330166000609	0.0718331783633642	0.0937846031115212	0.046765133588001	0.0424488274135975	0.0093387421032395	0.0627115829988863	0.0269982694939832	0.00339590622620149	0.188976995722212
GA88	0.0630249495081829	0.0712146191584943	0.0964184406053538	0.0507120488945282	0.119280731192592	0.101257993999605	0.185567384077744	0.0688736431977966	0.115991795868284	0.0545265233153571	0.125794149653027	0.092911114652801	0.1160848986809	0.0749786914599062	0.0766291255978021	0.128164818054159	0.0885695937004956	0.0763467321868497	0.0603723171910252	0.0719519552487805	0.0528761359787725	0.147140812429816	0.10273225082442	0.0798167073628818	0.0980514083433934	0.0713032757430667	0.127658526629511	0.0873389551321967	0.0896906857237671	0.0728433435462942	0.106174790554426	0.0515266579735761	0	0.147691488717542	0.168876200237057	0.0507120488945282	0.0861752222508493	0.14713357915782	0.0587769030320524	0.0507120488945282	0.14713357915782	0.130498446749918	0.0635157123659596	0.0677425143393603	0.12512630711526	0.0688736431977966	0.101376258890436	0.14713357915782	0.13771942686854	0.0975816761228171	0.123789381273467	0.0523432281733763	0.0547596985718819	0.151014059631511	0.318958794227754	0.0507120488945282	0.0507120488945282	0.148668196616751	0.0507120488945282	0.138368312871516	0.130498446749918	0.130498446749918	0.0899434546102779	0.130498446749918	0.0507120488945282	0.073580581995875	0.129284980245913	0.0507120488945282	0.0507120488945282	0.0688736431977966	0.10636112394959	0.187401116458756	0.130498446749918	0.0523113851821182	0.0628913263555127	0.0775523216774066	0.0974723902164084	0.14713357915782	0.0759258244675819	0.0611590057084657	0.0522815034621292	0.0696725124361539	0.0950087535223274	0.0696725123985247	0.14713357915782	0.0507120488945282	0.0514967762535871	0.0991232092633392	0.0538808399002359	0.0530961126164354	0.0940604381489031	0.158993719954683	0.0836911083697671	0.086067598087318	0.0954642044662526	0.0924540093977644	0.0556086751472468	0.130498446749918	0.0644875743021869	0.0948809191133037	0.0877354783993779	0.0696725123985247	0.0807364171163903	0.0828974093451644	0.0538828008704715	0.126245450962222	0.0507120488945282	0.123644593105924	0.130498446749918	0.0571113561816288	0.061127162416174	0.107494044879621	0.467887914240962	0.0883914982203883	0.0867181046668327	0.117057955043033	0.136204782271325	0.0935528740813636	0.0917444664872054	0.0588028624729075	0.110728548011846	0.0746633092863391	0.053129916916592	0.222096154184052
GA90	0.108601054007357	0.124742760275952	0.153387141291692	0.106264719758371	0.14924145145624	0.13802808342558	0.226949598000507	0.122472646015913	0.161428272517191	0.10966640878751	0.174803393676576	0.144600204728318	0.166789126441334	0.127886103786001	0.130409100139984	0.178520193436381	0.125359824454092	0.129574804293989	0.115621388033785	0.160190622576258	0.117487692866813	0.178235771228569	0.142960427084354	0.148938849154446	0.150016552458207	0.12463490873801	0.177152843242793	0.140475095484895	0.141184825939361	0.124156712582617	0.15544495391048	0.107113696333736	0.147691488717542	0	0.206987166720809	0.106264719758371	0.137557569101001	0.195858171341395	0.113583650628124	0.106264719758371	0.195858171341395	0.181002054626894	0.118773017041009	0.141484915909141	0.175280447108577	0.122472646015913	0.15280501288597	0.195858171341395	0.184341885751546	0.150940995174225	0.160851430185515	0.10785064485037	0.110041268546172	0.197602497583086	0.348191214029235	0.106264719758371	0.106264719758371	0.197244384749369	0.106264719758371	0.189625763230854	0.181002054626894	0.181002054626894	0.141405648749435	0.181002054626894	0.106264719758371	0.127222805349815	0.177845525752866	0.106264719758371	0.106264719758371	0.122472646015913	0.158838903136326	0.231057655480173	0.181002054626894	0.107797836113458	0.11746581726604	0.130638861031544	0.149496395216145	0.195858171341395	0.129041781912398	0.115811017276061	0.10778131463913	0.12323786256214	0.146971324232943	0.123237862863173	0.195858171341395	0.106264719758371	0.107044366348271	0.151666447444998	0.109287798856244	0.108630291214495	0.11779112094129	0.225709238663466	0.136855667663945	0.139478793047895	0.150374509300096	0.125556761191951	0.110778217439098	0.181002054626894	0.118834551235642	0.147381352392411	0.13561639639389	0.123237862863173	0.133643049163499	0.136333574776096	0.109409937729137	0.176474756438925	0.106264719758371	0.173632296441932	0.181002054626894	0.112459648739208	0.116358336399902	0.158858854474142	0.451297370773373	0.141759684591582	0.139509650191875	0.167437505616684	0.157948641764997	0.135034063736899	0.145206603738997	0.113939956056349	0.162740992814905	0.127839851654088	0.108465454795144	0.220367244849301
GA91	0.141358852085441	0.147823770671631	0.17995319876707	0.130120831005501	0.186419050425592	0.174431559846106	0.151581760796935	0.145594614510885	0.147978987789365	0.133367852129117	0.171958685974882	0.166453819157499	0.182789930434089	0.14838622239503	0.153321734657793	0.197028304012775	0.16192334007961	0.153808296178326	0.13857537688631	0.181984829782236	0.140431483384372	0.248910760939723	0.17335932287905	0.170911621697473	0.172877653059785	0.147710719550348	0.198892702282679	0.163290495805518	0.157975264194638	0.159697926179929	0.174396689774262	0.130909347172939	0.168876200237057	0.206987166720809	0	0.130120831005501	0.159876889426901	0.217406261524167	0.137543434521767	0.130120831005501	0.217406261524167	0.203233031838229	0.142532690606936	0.164483995863585	0.197463234566679	0.145594614510885	0.17008432768511	0.217406261524167	0.205016560400977	0.173610124172586	0.195207310294864	0.131386929690236	0.134028865532442	0.20673739616618	0.31119538783425	0.130120831005501	0.130120831005501	0.218819029403455	0.130120831005501	0.210648633219829	0.203233031838229	0.203233031838229	0.16421991336451	0.203233031838229	0.130120831005501	0.149977081577585	0.199382717485982	0.130120831005501	0.130120831005501	0.145594614510885	0.180666761416377	0.157535372132605	0.203233031838229	0.131641245776355	0.141296002675186	0.153206210940926	0.17209457756594	0.217406261524167	0.152264372398606	0.139969443733042	0.131386929690236	0.146368373561688	0.169054227627136	0.146368373712205	0.217406261524167	0.130120831005501	0.130969807580866	0.1753080771728	0.133179888881818	0.132213834861312	0.16342198630475	0.187812720660609	0.161231226842813	0.16266206185324	0.172729510268328	0.165500905026089	0.134877842258323	0.203233031838229	0.142695496404412	0.16981016332754	0.161603311020316	0.146368373712205	0.156608064292055	0.159948483561025	0.132907344385831	0.187888209272947	0.130120831005501	0.19612088923653	0.203233031838229	0.13600479111527	0.139636438678611	0.181028682663284	0.479620136395849	0.164370818797386	0.16210390798597	0.189565467074363	0.201987087500818	0.166937692448346	0.167883215980096	0.137563594814503	0.184789199457325	0.150735048859408	0.132235906265601	0.27045922432885
GA93	0.0136591190792093	0.0226166291971399	0.0673321352500205	0	0.0748116330742234	0.0551987160373517	0.14786294373599	0.0201209463894066	0.0720082462737055	0.00422932465344366	0.0820742851367803	0.045667796141722	0.0703816746333332	0.026362745373538	0.0271672497343535	0.0838394556853055	0.0414639141297702	0.0271672497343535	0.0101877185280877	0.0661882226816331	0.0135765501599044	0.152087467186379	0.056036665809877	0.050744408384116	0.0509010353360814	0.0226166291406961	0.0824947963760357	0.0387841366381958	0.04237347645591	0.0382698846209531	0.0606277764709008	0.00084897657536497	0.0507120488945282	0.106264719758371	0.130120831005501	0	0.0389058290406911	0.102478482054942	0.00848976552787453	0	0.102478482054942	0.0840486790796723	0.0135836249800644	0.0428622702343596	0.0791854412492477	0.0201209463894066	0.0550858707289503	0.102478482054942	0.0959636816623235	0.0492406403928092	0.0783700076016513	0.00169795315072994	0.00424488272630807	0.108341734856367	0.292993343237675	0	0	0.104110593973386	0	0.0964544871163489	0.0840486790796723	0.0840486790796723	0.043280807013313	0.0840486790796723	0	0.0251123123059068	0.0843742594047628	0	0	0.0201209463894066	0.0585793824207903	0.149975272441151	0.0840486790796723	0.00169795307547155	0.0127346484799578	0.0292717835705991	0.0500686428123953	0.102478482054942	0.027607994793792	0.0110366953292278	0.00169795300021316	0.0209528406084788	0.0475734583469051	0.0209528406837372	0.102478482054942	0	0.00084897657536497	0.0509385930919888	0.00339590607568471	0.00254692965083652	0.0475340356880968	0.154802674747477	0.0348080387621215	0.0373549683376996	0.0521762748484058	0.0449292376787976	0.00509385937693143	0.0840486790796723	0.0144326014801709	0.0475734588925285	0.0403845883680112	0.0209528406837372	0.033258111376052	0.0339590621114981	0.00339590600042632	0.080311380740669	0	0.0775216532438391	0.0840486790796723	0.00679181252766137	0.0110366949529359	0.0608837669621212	0.452219465465257	0.0401766213466122	0.038884040024696	0.071001284144292	0.0931018823287403	0.045916157012636	0.0432978039889625	0.00848976552787453	0.0635605595742512	0.0261663752749111	0.00254692965083652	0.18828787105252
GB104	0.0502464831477464	0.060077224096114	0.100673893316075	0.0389058290406911	0.109273060761166	0.0902258038633701	0.177024956754964	0.057638731136015	0.106194452034554	0.0428414743092626	0.113455604818283	0.0777520901062573	0.1011774750671	0.0624558784895473	0.0638403412368563	0.114251051102812	0.0757100317777708	0.0620239538827328	0.0487366764232366	0.100808810329798	0.0515847422859885	0.18044265457476	0.0892446515235034	0.0829071474421506	0.0847233429626383	0.0600772241149286	0.108351204374974	0.0711121986046283	0.0779870258587779	0.0730728362545823	0.094092103210513	0.0397548056160561	0.0861752222508493	0.137557569101001	0.159876889426901	0.0389058290406911	0	0.126637225462632	0.0438212528824806	0.0389058290406911	0.126637225462632	0.109168136285411	0.0504346294987081	0.0792971099867965	0.105561630988512	0.057638731136015	0.089319612191181	0.126637225462632	0.127924482554498	0.0790050529470347	0.106126222646598	0.040603782191421	0.0430912331800268	0.13789747734413	0.313929865908141	0.0389058290406911	0.0389058290406911	0.128244107344536	0.0389058290406911	0.120475268649935	0.109168136285411	0.109168136285411	0.0793544217906516	0.109168136285411	0.0389058290406911	0.0625157173572466	0.111171710144992	0.0389058290406911	0.0389058290406911	0.057638731136015	0.0873910930722651	0.179707364376747	0.109168136285411	0.0390253087336367	0.0511646492764203	0.0650848040564193	0.0834064711863645	0.126637225462632	0.063363825845899	0.0495856531491183	0.0406037820409043	0.0569374306372019	0.0828717706179378	0.0584134356579696	0.126637225462632	0.0389058290406911	0.0397548056160561	0.08052404766733	0.0404848248669595	0.0413338016680997	0.0834115168662986	0.184045186699039	0.0709458238849736	0.0717942772640122	0.083627715857342	0.0795149727903231	0.0422427794246963	0.109168136285411	0.0496461769246092	0.0826430117918385	0.0741067616776987	0.0584134356579696	0.0699357595859152	0.0718537556252094	0.0406043048609387	0.107998205969731	0.0389058290406911	0.105886529547849	0.109168136285411	0.0454002489345242	0.049645131209282	0.0956693976891763	0.462774067816108	0.0761540776701889	0.0728472607454868	0.101954903415959	0.126525377892334	0.078085195085015	0.0744017306150812	0.0456386856508978	0.0957480903827783	0.0620039025077013	0.0397548056913145	0.215120614929633
GB105	0.111388506537134	0.0798618588032144	0.137091706102394	0.102478482054942	0.092965817361167	0.120827276146773	0.233067878945307	0.0823575417802791	0.165937479171488	0.106198330419232	0.159121312784276	0.0830540174637178	0.064709566232532	0.10899613033792	0.0764415685012184	0.121151471190681	0.0866948690528822	0.0764415684824038	0.092714639342945	0.160787259388452	0.114426389035552	0.23600362948697	0.097687030587383	0.0772191651090227	0.051577450651111	0.0798618588032144	0.039274588227272	0.0714430825389696	0.128509808726835	0.125820389243238	0.114545415146182	0.101664828588114	0.14713357915782	0.195858171341395	0.217406261524167	0.102478482054942	0.126637225462632	0	0.0943419464083031	0.102478482054942	0	0.0219267814824677	0.0894600253439311	0.125070661494527	0.023293042574266	0.0823575417802791	0.113966645785805	0	0.146245900579173	0.0552865772536307	0.0917355567028727	0.100851175046027	0.0984102146455435	0.0833417020662866	0.359817548532679	0.102478482054942	0.102478482054942	0.0447514088956094	0.102478482054942	0.0217504007647736	0.0219267814824677	0.0219267814824677	0.0992135568851172	0.0219267814824677	0.102478482054942	0.0773661753745994	0.0966423711730073	0.102478482054942	0.102478482054942	0.0823575417802791	0.046336388102535	0.234933442238605	0.0219267814824677	0.100851175064842	0.0902736788483882	0.0732067038465028	0.0872298112948134	0	0.0748704929243435	0.0919009856879711	0.100851174970769	0.0815256474295048	0.0549050278284333	0.0815256474295048	0	0.102478482054942	0.101664828512855	0.053659269887239	0.0992238679054108	0.100037521353424	0.144359039989385	0.2391009532442	0.0691186872433231	0.0666777266170641	0.0712405372542715	0.0969953577062397	0.0975965605766484	0.0219267814824677	0.0886463716889571	0.0549050270758494	0.0755589269477912	0.0815256474295048	0.131763528468031	0.0699323403714883	0.0992238680559276	0.0558234708327236	0.102478482054942	0.0249568308995228	0.0219267814824677	0.0959692538311385	0.0919009861959652	0.0415947182913019	0.43559821898287	0.0790390620628993	0.0636297690710335	0.0370714596350386	0.111650230908635	0.0852982015584153	0.0609821518036452	0.0943419464647469	0.0400835833502839	0.0763121123115222	0.100037521278166	0.268700378711777
GB106	0.0220770762123243	0.0309355723850354	0.0714108008289277	0.00848976552787453	0.0795635606980685	0.0635553844875157	0.155287478457798	0.0284398895773021	0.0800465018384987	0.0126831842812173	0.0887468251954727	0.0506152573483761	0.0718856302438059	0.029841406628339	0.030563155960555	0.0875250492527178	0.0496074295028894	0.0288652028098251	0.0169795309052323	0.0741198833542641	0.0219932653367369	0.159272164407403	0.0565787966203208	0.0532744071361693	0.0559288828323285	0.0309355723285916	0.0827198224612559	0.0371266381269453	0.0505173062585821	0.04324175756086	0.0658751859169717	0.0093387421032395	0.0587769030320524	0.113583650628124	0.137543434521767	0.00848976552787453	0.0438212528824806	0.0943419464083031	0	0.00848976552787453	0.0943419464083031	0.0755589135517978	0.0203754373572089	0.0509658703636943	0.0759855491306746	0.0284398895773021	0.061874544755979	0.0943419464083031	0.103084271228073	0.0509385936187975	0.0800288977346035	0.0101877186786045	0.0110366952539694	0.105534317498707	0.299069755908215	0.00848976552787453	0.00848976552787453	0.0958498501491667	0.00848976552787453	0.0900778937896695	0.0755589135517978	0.0755589135517978	0.0498694806275043	0.0755589135517978	0.00848976552787453	0.0334312554938023	0.0814366668387495	0.00848976552787453	0.00848976552787453	0.0284398895773021	0.0551834763451056	0.157044730403207	0.0755589135517978	0.0101877186033461	0.0178285077063724	0.0342996309351439	0.0532927955453745	0.0943419464083031	0.0326358420078201	0.0161305545556425	0.0101877185280877	0.0292717837963742	0.0509557578750331	0.0292717838716326	0.0943419464083031	0.00848976552787453	0.0093387421032395	0.0458447338655742	0.0101877184528293	0.0110366951787111	0.0557549497996918	0.162090337186149	0.0331100856866499	0.042448827714631	0.0571787849332046	0.0448684235564386	0.013583624904806	0.0755589135517978	0.0212244138573155	0.0493102104337227	0.0470579840017088	0.0292717838716326	0.0414519740099257	0.0407508744886427	0.0118856715283009	0.0786681498466718	0.00848976552787453	0.0743217612569681	0.0755589135517978	0.0152815780555359	0.0195264604808104	0.0626205185033155	0.451776141470129	0.0452893555277225	0.0422834221913357	0.0711259947468837	0.0979526439173655	0.0470273213254081	0.0415998510640077	0.0152815779050191	0.063561718045461	0.0344853184628065	0.00764078902776795	0.195179118050469
GB107	0.0136591190792093	0.0226166291971399	0.0673321352500205	0	0.0748116330742234	0.0551987160373517	0.14786294373599	0.0201209463894066	0.0720082462737055	0.00422932465344366	0.0820742851367803	0.045667796141722	0.0703816746333332	0.026362745373538	0.0271672497343535	0.0838394556853055	0.0414639141297702	0.0271672497343535	0.0101877185280877	0.0661882226816331	0.0135765501599044	0.152087467186379	0.056036665809877	0.050744408384116	0.0509010353360814	0.0226166291406961	0.0824947963760357	0.0387841366381958	0.04237347645591	0.0382698846209531	0.0606277764709008	0.00084897657536497	0.0507120488945282	0.106264719758371	0.130120831005501	0	0.0389058290406911	0.102478482054942	0.00848976552787453	0	0.102478482054942	0.0840486790796723	0.0135836249800644	0.0428622702343596	0.0791854412492477	0.0201209463894066	0.0550858707289503	0.102478482054942	0.0959636816623235	0.0492406403928092	0.0783700076016513	0.00169795315072994	0.00424488272630807	0.108341734856367	0.292993343237675	0	0	0.104110593973386	0	0.0964544871163489	0.0840486790796723	0.0840486790796723	0.043280807013313	0.0840486790796723	0	0.0251123123059068	0.0843742594047628	0	0	0.0201209463894066	0.0585793824207903	0.149975272441151	0.0840486790796723	0.00169795307547155	0.0127346484799578	0.0292717835705991	0.0500686428123953	0.102478482054942	0.027607994793792	0.0110366953292278	0.00169795300021316	0.0209528406084788	0.0475734583469051	0.0209528406837372	0.102478482054942	0	0.00084897657536497	0.0509385930919888	0.00339590607568471	0.00254692965083652	0.0475340356880968	0.154802674747477	0.0348080387621215	0.0373549683376996	0.0521762748484058	0.0449292376787976	0.00509385937693143	0.0840486790796723	0.0144326014801709	0.0475734588925285	0.0403845883680112	0.0209528406837372	0.033258111376052	0.0339590621114981	0.00339590600042632	0.080311380740669	0	0.0775216532438391	0.0840486790796723	0.00679181252766137	0.0110366949529359	0.0608837669621212	0.452219465465257	0.0401766213466122	0.038884040024696	0.071001284144292	0.0931018823287403	0.045916157012636	0.0432978039889625	0.00848976552787453	0.0635605595742512	0.0261663752749111	0.00254692965083652	0.18828787105252
GB108	0.111388506537134	0.0798618588032144	0.137091706102394	0.102478482054942	0.092965817361167	0.120827276146773	0.233067878945307	0.0823575417802791	0.165937479171488	0.106198330419232	0.159121312784276	0.0830540174637178	0.064709566232532	0.10899613033792	0.0764415685012184	0.121151471190681	0.0866948690528822	0.0764415684824038	0.092714639342945	0.160787259388452	0.114426389035552	0.23600362948697	0.097687030587383	0.0772191651090227	0.051577450651111	0.0798618588032144	0.039274588227272	0.0714430825389696	0.128509808726835	0.125820389243238	0.114545415146182	0.101664828588114	0.14713357915782	0.195858171341395	0.217406261524167	0.102478482054942	0.126637225462632	0	0.0943419464083031	0.102478482054942	0	0.0219267814824677	0.0894600253439311	0.125070661494527	0.023293042574266	0.0823575417802791	0.113966645785805	0	0.146245900579173	0.0552865772536307	0.0917355567028727	0.100851175046027	0.0984102146455435	0.0833417020662866	0.359817548532679	0.102478482054942	0.102478482054942	0.0447514088956094	0.102478482054942	0.0217504007647736	0.0219267814824677	0.0219267814824677	0.0992135568851172	0.0219267814824677	0.102478482054942	0.0773661753745994	0.0966423711730073	0.102478482054942	0.102478482054942	0.0823575417802791	0.046336388102535	0.234933442238605	0.0219267814824677	0.100851175064842	0.0902736788483882	0.0732067038465028	0.0872298112948134	0	0.0748704929243435	0.0919009856879711	0.100851174970769	0.0815256474295048	0.0549050278284333	0.0815256474295048	0	0.102478482054942	0.101664828512855	0.053659269887239	0.0992238679054108	0.100037521353424	0.144359039989385	0.2391009532442	0.0691186872433231	0.0666777266170641	0.0712405372542715	0.0969953577062397	0.0975965605766484	0.0219267814824677	0.0886463716889571	0.0549050270758494	0.0755589269477912	0.0815256474295048	0.131763528468031	0.0699323403714883	0.0992238680559276	0.0558234708327236	0.102478482054942	0.0249568308995228	0.0219267814824677	0.0959692538311385	0.0919009861959652	0.0415947182913019	0.43559821898287	0.0790390620628993	0.0636297690710335	0.0370714596350386	0.111650230908635	0.0852982015584153	0.0609821518036452	0.0943419464647469	0.0400835833502839	0.0763121123115222	0.100037521278166	0.268700378711777
GB110	0.0933065734276868	0.100037521503941	0.120001158253713	0.0840486790796723	0.112854155834125	0.133032384375581	0.219483934944928	0.102478482054942	0.150004727822362	0.087922533202653	0.142705410963508	0.103159685590954	0.0852174726738171	0.0907943451193848	0.0568814293453188	0.103413723089328	0.106720707520391	0.0568814293453188	0.0738609605515846	0.144673870293179	0.0964841360997672	0.222686382405686	0.0789816715952122	0.0974527742299768	0.0723733011858933	0.100037521579199	0.0603402035517825	0.0516647866202725	0.111096512639161	0.108303727600912	0.133960580566164	0.0831997025043073	0.130498446749918	0.181002054626894	0.203233031838229	0.0840486790796723	0.109168136285411	0.0219267814824677	0.0755589135517978	0.0840486790796723	0.0219267814824677	0	0.070465054099608	0.10754388642281	0.0447090810936208	0.102478482054942	0.0959338416354825	0.0219267814824677	0.164965983743619	0.0348080386868631	0.0727777055869199	0.0823507259289424	0.0798037963533642	0.103441067679663	0.350480140760692	0.0840486790796723	0.0840486790796723	0.0238407718187029	0.0840486790796723	0.0432002670649025	0	0	0.118964902416925	0	0.0840486790796723	0.097596560689536	0.0778709454932297	0.0840486790796723	0.0840486790796723	0.102478482054942	0.025469296658882	0.221418725119697	0	0.0823507260042007	0.0713140305997145	0.0935282932048795	0.068098393955616	0.0219267814824677	0.0951556004771981	0.0730119837504445	0.0823507260794591	0.101664828588114	0.0756279151284635	0.101664828512855	0.0219267814824677	0.0840486790796723	0.0831997025043073	0.0331100859876835	0.0806527730039876	0.0815017494288358	0.127587542464637	0.225840392287331	0.0492406403175508	0.0466937107419727	0.0916052433765597	0.0782761846979459	0.0789548197027409	0	0.0696160775995014	0.0756279145075817	0.0958289399065754	0.101664828512855	0.114511487911446	0.0500896169681742	0.080652773079246	0.0593610231510618	0.0840486790796723	0.0463363876133555	0	0.0772568665520109	0.0730119841267364	0.0626094586620427	0.447973730889234	0.05958278240128	0.0817985168347756	0.0581853812127703	0.13112888075035	0.0660854235592515	0.0407508750907098	0.0755589135517978	0.0397448554032981	0.0954107748099951	0.0815017494288358	0.256511216512834
GB111	0.0270273186492197	0.0359269380193166	0.0725252070097309	0.0135836249800644	0.077573219107257	0.0681354084400216	0.15913856940137	0.0334312552115833	0.0845062493939291	0.0177554998151732	0.0940172124766942	0.0524708863460656	0.07840614555159	0.0333223210440742	0.0305631561110718	0.0920348150956661	0.0525599905299117	0.0288652028098251	0.0220733903574221	0.0788781349029806	0.0269499962368623	0.163582981836916	0.0606419940789541	0.0556697910745638	0.0526925090211208	0.0326358424405558	0.0811289967498695	0.0438388017090884	0.0540837123237475	0.0466719977181367	0.0719688226929819	0.0144326015554293	0.0635157123659596	0.118773017041009	0.142532690606936	0.0135836249800644	0.0504346294987081	0.0894600253439311	0.0203754373572089	0.0135836249800644	0.0894600253439311	0.070465054099608	0	0.055897283000928	0.0760402719894744	0.0334312552115833	0.0599948982849266	0.0894600253439311	0.107105301937672	0.0492406403175508	0.0785185778231332	0.0152815781307943	0.0161305545556425	0.109126501989485	0.302785619641795	0.0135836249800644	0.0135836249800644	0.0910995231583865	0.0135836249800644	0.0917611373870662	0.070465054099608	0.070465054099608	0.0562945894257288	0.070465054099608	0.0135836249800644	0.0351315253235475	0.0796117229067316	0.0135836249800644	0.0135836249800644	0.0334312552115833	0.0534855230438589	0.161605974941543	0.070465054099608	0.0152815780555359	0.0263182734600221	0.0425820923927757	0.0515457698604976	0.0894600253439311	0.0392727557795517	0.0195264608571024	0.0152815779802775	0.0342631494306555	0.0559471235281289	0.0342631495059139	0.0894600253439311	0.0135836249800644	0.0127346484046994	0.0458447337150574	0.0152815779050191	0.0144326014801709	0.060551970745578	0.166051043705507	0.0399018981390529	0.042448827714631	0.0588437344201586	0.0523062400294073	0.0169795313567826	0.070465054099608	0.0263182733095053	0.0526560282315871	0.0486852011709201	0.0342631495059139	0.0462793379344723	0.0356570151869697	0.0169795309804907	0.0755281415626858	0.0135836249800644	0.0727309357149131	0.070465054099608	0.0186774843569958	0.0195264604808104	0.0560930495648974	0.451593741925076	0.0451886131606921	0.0406755142741733	0.0679232223015843	0.103976820078161	0.0465621608074265	0.039901897762761	0.0203754373572089	0.0587151198450363	0.0394937663781221	0.0161305546309009	0.199313866369652
GB112	0.0556792761716578	0.0622638107437377	0.0940914753297664	0.0428622702343596	0.107503076319141	0.0944351901422546	0.181205245393394	0.0614738710262258	0.106398159130053	0.0467722293676225	0.109664559590094	0.0855642237296008	0.100884843485976	0.0644077021402843	0.0658121250870854	0.104201139684654	0.0799455172147113	0.066495132867736	0.0494777694758442	0.0833670763543459	0.0492255589454388	0.16226179205408	0.0909806156549791	0.0817410106384995	0.087050508275026	0.0638759869781106	0.112800429866772	0.0744669268265216	0.0811265645492257	0.0763488311997869	0.0991376966727201	0.0436946651474996	0.0677425143393603	0.141484915909141	0.164483995863585	0.0428622702343596	0.0792971099867965	0.125070661494527	0.0509658703636943	0.0428622702343596	0.125070661494527	0.10754388642281	0.055897283000928	0	0.107409366227762	0.0614738710262258	0.0914531219750643	0.125070661494527	0.125047292597968	0.0812509103555872	0.106350130768436	0.0445270598913082	0.0468983311732911	0.140396575038933	0.315465845844962	0.0428622702343596	0.0428622702343596	0.118536288577198	0.0428622702343596	0.123790910561578	0.10754388642281	0.10754388642281	0.0828951455916118	0.10754388642281	0.0428622702343596	0.0663091312868126	0.113725583548799	0.0428622702343596	0.0428622702343596	0.0614738710262258	0.0863064386025824	0.182012102538438	0.10754388642281	0.0428485096893226	0.0526592044931169	0.0702981535119541	0.0798494720624553	0.125070661494527	0.0686662196172307	0.0534315765129797	0.0428799882418279	0.0622595670360206	0.0847980779304047	0.0622595671865374	0.125070661494527	0.0428622702343596	0.043663186801955	0.0795585992134581	0.0461918495294422	0.0436494260311428	0.0870373996369767	0.16960411526338	0.070629587039502	0.0717153875815748	0.0874409692531282	0.0825363709544293	0.047825161123065	0.10754388642281	0.0542925149954931	0.0847518793448354	0.0790852398959675	0.0622595671865374	0.0590817959170149	0.0680871627133603	0.0445447778799618	0.106602361049465	0.0428622702343596	0.104978383415275	0.10754388642281	0.0470051716712087	0.0510258929371232	0.0935564594851299	0.458325109698556	0.0740012647490008	0.0715397652803045	0.10113563601191	0.126832716750226	0.0792134578405607	0.0740276594467536	0.047797640032991	0.0915973812078286	0.06581011946981	0.0453279765906057	0.218027366381703
GB114	0.0883026618435226	0.0565688162289485	0.122398587169521	0.0791854412492477	0.0846289626576684	0.100018529992814	0.213540931956636	0.0590644992060132	0.144163270885445	0.0830018302105894	0.148294478598418	0.068164166401733	0.055076027985173	0.0939364939965684	0.0696040063419125	0.117154905422017	0.0658722602658802	0.0696040067370191	0.0727126943229726	0.139112087455813	0.0913774821944911	0.216066199119645	0.0987406168885604	0.0642861031146363	0.0449222955438826	0.0565688162289485	0.039045248406403	0.0645292209404888	0.107617123748618	0.107852504692144	0.0953414631687632	0.0783717877824198	0.12512630711526	0.175280447108577	0.197463234566679	0.0791854412492477	0.105561630988512	0.023293042574266	0.0759855491306746	0.0791854412492477	0.023293042574266	0.0447090810936208	0.0760402719894744	0.107409366227762	0	0.0590644992060132	0.102212629233948	0.023293042574266	0.126714096602165	0.0599678499116139	0.0895587187636681	0.0775581342403335	0.0800538170668814	0.0857140730426769	0.344146800763679	0.0791854412492477	0.0791854412492477	0.0667808514765718	0.0791854412492477	0.0364262870691641	0.0447090810936208	0.0447090810936208	0.0764712073435687	0.0447090810936208	0.0791854412492477	0.0590644993565299	0.0977302134375681	0.0791854412492477	0.0791854412492477	0.0590644992060132	0.0510176606476307	0.215748867678522	0.0447090810936208	0.0792036819450482	0.073562829106143	0.0549050275273997	0.0824385284624919	0.023293042574266	0.0515774503500775	0.0751901365101638	0.0792036821520088	0.0582326048552388	0.0482498730222384	0.0582326048552388	0.023293042574266	0.0791854412492477	0.0800173355435783	0.0583405429026996	0.0775763750866507	0.0783900282336305	0.122310180499247	0.21968994974488	0.063926672600586	0.0614857121060292	0.0563698703601881	0.0904946064557692	0.0759490677578883	0.0447090810936208	0.0719355228121835	0.04991366112172	0.0640585103420296	0.0582326048552388	0.109231113860703	0.0696769696707376	0.0775763750866507	0.0691601231581334	0.0791854412492477	0.0316119857057176	0.0447090810936208	0.0726762130254447	0.0801267803768919	0.0399309300413035	0.437033077382078	0.0772012346471199	0.0469918813029624	0.0370364485289713	0.100240225969541	0.07938017985887	0.060726780425569	0.0776310968353893	0.0482201186206305	0.0563466474413872	0.076744480472472	0.249721226216567
GB117	0.0332889817466941	0.00249568297706469	0.0851618045884551	0.0201209463894066	0.0553784582651023	0.0433221457883565	0.162693366370719	0	0.0894030060318082	0.0241821339786655	0.0994561548636417	0.0258218019147112	0.0506019793977641	0.0456505995243788	0.0467415642030913	0.101376166529577	0.0216144088542823	0.0467415641654622	0.0301036782600362	0.0837801934944259	0.0331652045927264	0.166608331329895	0.0745659169524607	0.0308922808052915	0.0307800911291681	0.00249568297706469	0.062572514205569	0.0580644489764565	0.0610104679045352	0.0570381886203482	0.0412759383519491	0.0209528406084788	0.0688736431977966	0.122472646015913	0.145594614510885	0.0201209463894066	0.057638731136015	0.0823575417802791	0.0284398895773021	0.0201209463894066	0.0823575417802791	0.102478482054942	0.0334312552115833	0.0614738710262258	0.0590644992060132	0	0.0735009724481238	0.0823575417802791	0.0773186051108018	0.0683708152159898	0.0963355483430805	0.021784734921624	0.0242804175976551	0.0891488877811817	0.303143449805	0.0201209463894066	0.0201209463894066	0.121753928637264	0.0201209463894066	0.0764941753857214	0.102478482054942	0.102478482054942	0.023584182552918	0.102478482054942	0.0201209463894066	0.00499136640567972	0.102144468237053	0.0201209463894066	0.0201209463894066	0	0.0775216526794012	0.164730115690165	0.102478482054942	0.0217847349028094	0.0325993609172527	0.00915083793377636	0.0688410103321075	0.0823575417802791	0.00748704885593568	0.0309355726108105	0.0217847349968824	0.00083189435077436	0.0274525139518458	0.00083189435077436	0.0823575417802791	0.0201209463894066	0.0209528406837372	0.0700346039927969	0.0234485235855435	0.0226166293476567	0.0658445092426105	0.169280035101404	0.0542286123817015	0.0567242952458786	0.0322745216944528	0.0637784733465224	0.0251123124564236	0.102478482054942	0.0342631496752452	0.0274525147044297	0.0204064235693277	0.00083189435077436	0.0520932200844541	0.0533967184072191	0.0234485234350267	0.0767265713651373	0.0201209463894066	0.0574007108807564	0.102478482054942	0.026776100706422	0.030935572121631	0.0407628234889772	0.440269315483594	0.0593361044396656	0.021184915676713	0.0509378050613885	0.074056194135637	0.0648504138707814	0.0625475553438218	0.0284398895584875	0.0636065721963391	0.00726488061399773	0.0226166294229151	0.201595519829278
GB120	0.0644920279431825	0.0727055595830233	0.102745085550152	0.0550858707289503	0.113749572518046	0.105809113594017	0.18367146775879	0.0735009724481238	0.121328089724887	0.0589548169042576	0.119379921693995	0.0863340562867998	0.104369545374254	0.0697139828475286	0.0698160918975117	0.123711215336854	0.0885920737390265	0.0615048812645854	0.0616897130855406	0.115880160884123	0.0676647435798488	0.194892503245912	0.095719503483387	0.0972176862485481	0.0830368525113421	0.0758218233746411	0.110430613329465	0.0750328925899183	0.070862334978889	0.0887573344463652	0.104227506734356	0.0559348473043153	0.101376258890436	0.15280501288597	0.17008432768511	0.0550858707289503	0.089319612191181	0.113966645785805	0.061874544755979	0.0550858707289503	0.113966645785805	0.0959338416354825	0.0599948982849266	0.0914531219750643	0.102212629233948	0.0735009724481238	0	0.113966645785805	0.141199803412563	0.0766861976096124	0.102944398242416	0.0567838238796802	0.0591490600596775	0.134984773310899	0.316471132666174	0.0550858707289503	0.0550858707289503	0.115589666772972	0.0550858707289503	0.114357108889957	0.0959338416354825	0.0959338416354825	0.0950548586369765	0.0959338416354825	0.0550858707289503	0.0753693448360821	0.112242593025469	0.0550858707289503	0.0550858707289503	0.0735009724481238	0.0857555378567089	0.1909226830108	0.0959338416354825	0.0566021302583242	0.0611132766411762	0.0745854429298579	0.0849399345767016	0.113966645785805	0.0760446476815927	0.0595907403363122	0.0566929771442606	0.0742454507171807	0.0842222986046714	0.0726873189060375	0.113966645785805	0.0550858707289503	0.0558440005688956	0.0810658361273583	0.0551735791895125	0.0543246025388891	0.0993593204954658	0.197429631168794	0.0743240998549895	0.0720497103351535	0.0898341370012724	0.0864333888948566	0.0584786384545191	0.0959338416354825	0.0640612258152528	0.0936652354783181	0.0898194131300305	0.0726873189060375	0.0855545155666392	0.0617742832712453	0.0566021303335826	0.109129099325851	0.0550858707289503	0.10236922105906	0.0959338416354825	0.0585694853404556	0.0592336302453821	0.090856270488314	0.461610523438213	0.0777569988911802	0.0838397819586475	0.103787031683205	0.131749297087692	0.0856909567509035	0.0775414508852092	0.0584755004054368	0.0922825332881525	0.0735264186832038	0.0561134023497803	0.22828527607701
GB123	0.111388506537134	0.0798618588032144	0.137091706102394	0.102478482054942	0.092965817361167	0.120827276146773	0.233067878945307	0.0823575417802791	0.165937479171488	0.106198330419232	0.159121312784276	0.0830540174637178	0.064709566232532	0.10899613033792	0.0764415685012184	0.121151471190681	0.0866948690528822	0.0764415684824038	0.092714639342945	0.160787259388452	0.114426389035552	0.23600362948697	0.097687030587383	0.0772191651090227	0.051577450651111	0.0798618588032144	0.039274588227272	0.0714430825389696	0.128509808726835	0.125820389243238	0.114545415146182	0.101664828588114	0.14713357915782	0.195858171341395	0.217406261524167	0.102478482054942	0.126637225462632	0	0.0943419464083031	0.102478482054942	0	0.0219267814824677	0.0894600253439311	0.125070661494527	0.023293042574266	0.0823575417802791	0.113966645785805	0	0.146245900579173	0.0552865772536307	0.0917355567028727	0.100851175046027	0.0984102146455435	0.0833417020662866	0.359817548532679	0.102478482054942	0.102478482054942	0.0447514088956094	0.102478482054942	0.0217504007647736	0.0219267814824677	0.0219267814824677	0.0992135568851172	0.0219267814824677	0.102478482054942	0.0773661753745994	0.0966423711730073	0.102478482054942	0.102478482054942	0.0823575417802791	0.046336388102535	0.234933442238605	0.0219267814824677	0.100851175064842	0.0902736788483882	0.0732067038465028	0.0872298112948134	0	0.0748704929243435	0.0919009856879711	0.100851174970769	0.0815256474295048	0.0549050278284333	0.0815256474295048	0	0.102478482054942	0.101664828512855	0.053659269887239	0.0992238679054108	0.100037521353424	0.144359039989385	0.2391009532442	0.0691186872433231	0.0666777266170641	0.0712405372542715	0.0969953577062397	0.0975965605766484	0.0219267814824677	0.0886463716889571	0.0549050270758494	0.0755589269477912	0.0815256474295048	0.131763528468031	0.0699323403714883	0.0992238680559276	0.0558234708327236	0.102478482054942	0.0249568308995228	0.0219267814824677	0.0959692538311385	0.0919009861959652	0.0415947182913019	0.43559821898287	0.0790390620628993	0.0636297690710335	0.0370714596350386	0.111650230908635	0.0852982015584153	0.0609821518036452	0.0943419464647469	0.0400835833502839	0.0763121123115222	0.100037521278166	0.268700378711777
GB124	0.106753411994438	0.0793383576803737	0.151472139463882	0.0959636816623235	0.123776361760166	0.114896905843658	0.219941695756984	0.0773186051108018	0.154637276524245	0.0994372979709596	0.16130338217875	0.0996921350332824	0.120333496857472	0.117978296496651	0.118310926914817	0.162174228089626	0.0955521810160141	0.11792952612494	0.104980421713506	0.150635883437865	0.107120790942149	0.222591285302181	0.141628652886309	0.103530059784952	0.10373042426025	0.0796588422598863	0.13057049435347	0.127675033127419	0.131523813186872	0.127632206889114	0.112889319996942	0.0964367430318486	0.13771942686854	0.184341885751546	0.205016560400977	0.0959636816623235	0.127924482554498	0.146245900579173	0.103084271228073	0.0959636816623235	0.146245900579173	0.164965983743619	0.107105301937672	0.125047292597968	0.126714096602165	0.0773186051108018	0.141199803412563	0.146245900579173	0	0.13656059509576	0.161096291936407	0.0972250390684966	0.0998082894719008	0.154014880082222	0.343081833437236	0.0959636816623235	0.0959636816623235	0.173982725450487	0.0959636816623235	0.143002505856331	0.164965983743619	0.164965983743619	0.0973955787191487	0.164965983743619	0.0959636816623235	0.0807487184200624	0.166432717683339	0.0959636816623235	0.0959636816623235	0.0773186051108018	0.143874040908284	0.221450444198016	0.164965983743619	0.0975052441159884	0.106947475160011	0.0849138097555348	0.135832637548447	0.146245900579173	0.0839177822750626	0.104781498812666	0.09750524404073	0.0780800882388245	0.101897660191312	0.0780800882388245	0.146245900579173	0.0959636816623235	0.0967437607621906	0.137840548549036	0.098758384660639	0.0983039189619247	0.0999815206071644	0.225260324399881	0.124667870652194	0.12610348961269	0.104118610609962	0.133526659598856	0.100289568229757	0.164965983743619	0.107295996387198	0.0997440890606606	0.0944811199048553	0.0780800882388245	0.120789114272956	0.123588991436091	0.0984595836413027	0.141894202265475	0.0959636816623235	0.126133987623634	0.164965983743619	0.10125428701591	0.104847665085937	0.110063711350614	0.460312475158711	0.12854745585208	0.0942793222840386	0.120246148508306	0.14000083333013	0.132819967438476	0.13063261018257	0.103113245933947	0.131862250843433	0.0831941108811985	0.0979865225728112	0.253264947070016
GB129	0.0606273384858864	0.0692209501873062	0.0944883424525309	0.0492406403928092	0.0986135662956671	0.101752747151286	0.189824509575511	0.0683708152159898	0.117527042844831	0.0532617093618922	0.116479367996105	0.0803405218240287	0.0759365600768966	0.0644805784327815	0.0441467811663946	0.0905090201871865	0.0772169333214712	0.0458447341666077	0.0475426873173376	0.112310708886144	0.0621510130362679	0.193229124100521	0.0641776865178889	0.0818824360542225	0.0645944000494601	0.0692209502813792	0.0734624598702096	0.0506931863386523	0.0822521083884769	0.0794977461072532	0.106023003187294	0.0483916638174442	0.0975816761228171	0.150940995174225	0.173610124172586	0.0492406403928092	0.0790050529470347	0.0552865772536307	0.0509385936187975	0.0492406403928092	0.0552865772536307	0.0348080386868631	0.0492406403175508	0.0812509103555872	0.0599678499116139	0.0683708152159898	0.0766861976096124	0.0552865772536307	0.13656059509576	0	0.0747426889008946	0.0475426872420793	0.0449957576665011	0.10779523488247	0.326688925876762	0.0492406403928092	0.0492406403928092	0.0572746807728151	0.0492406403928092	0.0630254407196936	0.0348080386868631	0.0348080386868631	0.0854926489933272	0.0348080386868631	0.0492406403928092	0.0684255376420539	0.0740706721753484	0.0492406403928092	0.0492406403928092	0.0683708152159898	0.0365059915365595	0.191404222915269	0.0348080386868631	0.0475426873173376	0.0449957573654676	0.0676483655480122	0.0610710103629213	0.0552865772536307	0.0659845771474971	0.0449957576665011	0.0509385933930224	0.0675571617491619	0.0612668230414692	0.0675571616739035	0.0552865772536307	0.0492406403928092	0.0483916638174442	0.0322611094123185	0.0492406404680676	0.0500896168929158	0.0944567626774913	0.1965930739587	0.0449957577417595	0.0475426870163041	0.0789271681710626	0.0602076180806064	0.0475426871668209	0.0348080386868631	0.048391663967961	0.066203466682422	0.0735323176427622	0.0675571616739035	0.0809346891826752	0.0407508749401931	0.0492406403928092	0.0748051284539579	0.0492406403928092	0.0583040613417674	0.0348080386868631	0.0492406404680676	0.044995757440726	0.0630582971216151	0.449759994492386	0.043529547092439	0.0657930346111758	0.0701195479304803	0.114887641893342	0.0529480282254893	0.0432978043652544	0.0441467810158778	0.045471118443241	0.0645771214945449	0.0483916637421858	0.228257103550314
GB131	0.0815809238513913	0.0938945877920799	0.124134675646671	0.0783700076016513	0.121233839616932	0.124433493392185	0.211256283401239	0.0963355483430805	0.142795396987537	0.0821444995212133	0.138531551517621	0.107191346228273	0.100945852226531	0.0945395679034368	0.0823617722801488	0.118854010195443	0.103642841180166	0.0806973029417221	0.0819144840493347	0.133366365249109	0.0904956265126891	0.181833206779427	0.0966455956845723	0.103816582078133	0.0901868288790939	0.0973034155451589	0.101870758195568	0.0766896407373927	0.110555596875422	0.100873174428037	0.130016218739176	0.0792189841770163	0.123789381273467	0.160851430185515	0.195207310294864	0.0783700076016513	0.106126222646598	0.0917355567028727	0.0800288977346035	0.0783700076016513	0.0917355567028727	0.0727777055869199	0.0785185778231332	0.106350130768436	0.0895587187636681	0.0963355483430805	0.102944398242416	0.0917355567028727	0.161096291936407	0.0747426889008946	0	0.0783700076016513	0.076520886460338	0.126248679227299	0.34131255640526	0.0783700076016513	0.0783700076016513	0.0934926505492191	0.0783700076016513	0.100084866237159	0.0727777055869199	0.0727777055869199	0.113485576904783	0.0727777055869199	0.0783700076016513	0.0947636302861601	0.118135444650596	0.0783700076016513	0.0783700076016513	0.0963355483430805	0.0674399735801148	0.213662183646	0.0727777055869199	0.0783700075263929	0.0794795591271285	0.09402523451306	0.0934631936252117	0.0917355567028727	0.0938039920057612	0.0758568530883452	0.0783075607485241	0.0956861203668093	0.097841756437162	0.0956861205173261	0.0917355567028727	0.0783700076016513	0.0792189841770163	0.0799970878946661	0.0768465067852627	0.0790940901697284	0.120944792875136	0.218208463806095	0.0778381381974076	0.0773176593009872	0.0990724639233315	0.0927952552082563	0.0750992873100319	0.0727777055869199	0.0762672848021141	0.100367520023325	0.098190531435639	0.0956861205173261	0.107103144844072	0.075765925374898	0.0752737397196317	0.0975663367884629	0.0783700076016513	0.100922948727855	0.0727777055869199	0.0786564648151398	0.0810526184963457	0.0962982815925521	0.445755158108894	0.0831571823418742	0.0923634394815173	0.0943328597855688	0.134695126665662	0.0978063518049741	0.0755053948272358	0.0754223092637881	0.0752712996356716	0.0942802929103073	0.0792189841017579	0.247341031227449
GB132	0.0153570722299393	0.0242804177293573	0.0673321352500205	0.00169795315072994	0.0746974118166801	0.0567371474785937	0.149205820428001	0.021784734921624	0.0735953373063092	0.00592009645105913	0.0835432875901461	0.045761009753503	0.0703999153291336	0.028060698524268	0.0288652028850835	0.083953852351341	0.0414821549572728	0.0288652028850835	0.0118856716788176	0.0677128859391116	0.0152745033106343	0.153524406630583	0.0576799897232441	0.0523767596806842	0.0525648238682988	0.0242804176729135	0.0825130370718361	0.0370861834874659	0.04407142960664	0.0398898891954109	0.0621681226925416	0.00254692972609491	0.0523432281733763	0.10785064485037	0.131386929690236	0.00169795315072994	0.040603782191421	0.100851175046027	0.0101877186786045	0.00169795315072994	0.100851175046027	0.0823507259289424	0.0152815781307943	0.0445270598913082	0.0775581342403335	0.021784734921624	0.0567838238796802	0.100851175046027	0.0972250390684966	0.0475426872420793	0.0783700076016513	0	0.00594283587703801	0.108359975552168	0.294197500655145	0.00169795315072994	0.00169795315072994	0.102527151730928	0.00169795315072994	0.0964640767097172	0.0823507259289424	0.0823507259289424	0.044902234592221	0.0823507259289424	0.00169795315072994	0.0267761008381242	0.0843919726521379	0.00169795315072994	0.00169795315072994	0.021784734921624	0.0585793824207903	0.151495687513038	0.0823507259289424	0.00339590622620149	0.0144326016306877	0.0309355721028164	0.0500441064888781	0.100851175046027	0.0292717833260093	0.0110366953292278	0.0033959061509431	0.0226166291406961	0.0475916990427056	0.0226166292159545	0.100851175046027	0.00169795315072994	0.00254692972609491	0.0509385930919888	0.00509385922641465	0.00424488280156646	0.0491172782700471	0.156235819513148	0.0348080387621215	0.0373549683376996	0.0538176612345257	0.0432312845280676	0.00679181252766137	0.0823507259289424	0.012734648329441	0.0492372474247458	0.0420483769002286	0.0226166292159545	0.0349560645267819	0.0356570152622281	0.00509385915115626	0.0789784947316153	0.00169795315072994	0.0775398940713418	0.0823507259289424	0.00848976567839131	0.0127346481036658	0.0609020077896239	0.452153922933521	0.0401766213466122	0.0405478285569133	0.0710195248400924	0.0946580071303278	0.0442182038619061	0.0415998508382325	0.0101877186786045	0.0618979294567999	0.0278301638071284	0.00424488280156646	0.18966612054242
GB133	0.0179040018055174	0.0267761004053884	0.0684404101674304	0.00424488272630807	0.0771555920140912	0.0592786519966944	0.151575211548444	0.0242804175976551	0.0760559466752139	0.00845625428859182	0.0845806769688021	0.0481817197957725	0.0696045028967689	0.0304376118712955	0.0263182733095053	0.0831948494529258	0.0455649093997599	0.0280162263097185	0.0127346482541826	0.0701973753971885	0.0177206861165663	0.15567981534534	0.055187689234512	0.0531640201807022	0.0517694111537151	0.0267761003489446	0.0817176243572524	0.0413114690983837	0.0464453913196169	0.0423588701947169	0.0646638050110954	0.00509385930167304	0.0547596985718819	0.110041268546172	0.134028865532442	0.00424488272630807	0.0430912331800268	0.0984102146455435	0.0110366952539694	0.00424488272630807	0.0984102146455435	0.0798037963533642	0.0161305545556425	0.0468983311732911	0.0800538170668814	0.0242804175976551	0.0591490600596775	0.0984102146455435	0.0998082894719008	0.0449957576665011	0.076520886460338	0.00594283587703801	0	0.104273467446969	0.296027547482288	0.00424488272630807	0.00424488272630807	0.100094732988362	0.00424488272630807	0.0940582720995551	0.0798037963533642	0.0798037963533642	0.0473131954557065	0.0798037963533642	0.00424488272630807	0.0292717835141553	0.0834325818965832	0.00424488272630807	0.00424488272630807	0.0242804175976551	0.0577304058454253	0.153510001723212	0.0798037963533642	0.00594283580177962	0.0152815780555359	0.0334312547788475	0.0525174274701964	0.0984102146455435	0.0317674660020404	0.013583624904806	0.00594283572652123	0.0251123118167273	0.0500873817187367	0.0251123118919857	0.0984102146455435	0.00424488272630807	0.00509385930167304	0.0466937103656807	0.00764078880199278	0.00679181237714459	0.0516714408542171	0.15840129494065	0.0356570153374865	0.0382039449130646	0.0562959344060433	0.045717400207062	0.0093387421032395	0.0798037963533642	0.018677484206479	0.050087382546579	0.0396074166314469	0.0251123118919857	0.0373864467773173	0.0365059916870763	0.00764078872673439	0.0795159678943832	0.00424488272630807	0.075098933670858	0.0798037963533642	0.0110366952539694	0.013583624528514	0.0633976903339528	0.451978676848941	0.0393453826845595	0.0397694983303246	0.0685785645713108	0.093970257864155	0.0478762977502563	0.0424488275641143	0.0093387421032395	0.0610842759147136	0.0303258464831595	0.00679181237714459	0.191733494852528
GB134	0.119512772770843	0.086653204804117	0.152502584393428	0.108341734856367	0.116506717196017	0.126702525699982	0.212308034564208	0.0891488877811817	0.168732338274519	0.111889848523218	0.161067077476117	0.098341945671674	0.105158732018688	0.123055791708105	0.104189675169611	0.152223040923627	0.100977175464534	0.108288646101801	0.106782706397952	0.164302772023913	0.119843520920234	0.236796101385897	0.132761698479604	0.101344720658028	0.0841178376265247	0.0885923222610445	0.097699148110067	0.105777698051598	0.139049152514399	0.135008438462109	0.122057847189482	0.109173629075439	0.151014059631511	0.197602497583086	0.20673739616618	0.108341734856367	0.13789747734413	0.0833417020662866	0.105534317498707	0.108341734856367	0.0833417020662866	0.103441067679663	0.109126501989485	0.140396575038933	0.0857140730426769	0.0891488877811817	0.134984773310899	0.0833417020662866	0.154014880082222	0.10779523488247	0.126248679227299	0.108359975552168	0.104273467446969	0	0.331023659971025	0.108341734856367	0.108341734856367	0.122586662533006	0.108341734856367	0.0891792326601166	0.103441067679663	0.103441067679663	0.107352858992538	0.103441067679663	0.108341734856367	0.090941896944335	0.139932434083988	0.108341734856367	0.108341734856367	0.0891488877811817	0.102551540359855	0.214333112586779	0.103441067679663	0.108359975552168	0.110800754391786	0.0855400736885841	0.120686979343494	0.0833417020662866	0.0874791915218035	0.103778048804162	0.108359975759128	0.0899807821319561	0.0892384234401915	0.0898346735371484	0.0833417020662866	0.108341734856367	0.109173629150698	0.102208192394388	0.107271251786086	0.110837417814617	0.148675204583942	0.240666781561543	0.102342020814316	0.103484372467254	0.101353837906223	0.12292626464382	0.106874092322106	0.103441067679663	0.105190786448392	0.0871531973884563	0.0971463845685275	0.0898346735371484	0.136609033634416	0.107238592749292	0.108378216360856	0.105887008774461	0.108341734856367	0.0887832098988572	0.103441067679663	0.111828976545972	0.10788389276525	0.0831170379362925	0.446270499265555	0.108813334256411	0.0854906570354495	0.0876146528230171	0.135323764248328	0.119871613823555	0.104471247361013	0.106910574089999	0.0918577151805764	0.0894307002538081	0.109045761816128	0.267910393500569
GB135	0.300424054566056	0.304900588411273	0.325525961289502	0.292993343237675	0.336022265029676	0.321747698868164	0.286606703442757	0.303143449805	0.33029649384094	0.295117030240069	0.265474694169531	0.315136400437114	0.32020044853591	0.303284618589613	0.31225986131514	0.341747106325747	0.315707745275112	0.312204934129811	0.300139200506788	0.326883195024548	0.299991266896026	0.372844584060438	0.326604591927143	0.321408811843756	0.324175555296619	0.304900588411273	0.343905356797305	0.318786190465243	0.306455831034015	0.313816275711011	0.322808431555526	0.293638201223479	0.318958794227754	0.348191214029235	0.31119538783425	0.292993343237675	0.313929865908141	0.359817548532679	0.299069755908215	0.292993343237675	0.359817548532679	0.350480140760692	0.302785619641795	0.315465845844962	0.344146800763679	0.303143449805	0.316471132666174	0.359817548532679	0.343081833437236	0.326688925876762	0.34131255640526	0.294197500655145	0.296027547482288	0.331023659971025	0	0.292993343237675	0.292993343237675	0.360609566021447	0.292993343237675	0.354869058336874	0.350480140760692	0.350480140760692	0.315710457587483	0.350480140760692	0.292993343237675	0.3067196977861	0.345796447510671	0.292993343237675	0.292993343237675	0.303143449805	0.33258410324954	0.286440173483858	0.350480140760692	0.294197500655145	0.300924265324467	0.309620111879676	0.322868404063311	0.359817548532679	0.308461129665375	0.3008127110173	0.294197500655145	0.303760005368127	0.321812213370294	0.303713741326573	0.359817548532679	0.292993343237675	0.293619232346313	0.327171415241078	0.295306416473003	0.294775768963978	0.317493561391879	0.373915900184651	0.315476832215232	0.319164757174675	0.322737629967506	0.319780129675913	0.295481746846979	0.350480140760692	0.301183627109335	0.321803145035349	0.316295356160463	0.303713741326573	0.310064352070442	0.316908987483593	0.295401658072616	0.333375740833957	0.292993343237675	0.342004655286519	0.350480140760692	0.297826127572493	0.300812710415233	0.331026819619265	0.529012617137697	0.319735356503063	0.315734244506769	0.337994733242073	0.345104477321259	0.322948182923625	0.323736464435404	0.298982664491191	0.335313356886006	0.306506521473027	0.294823390064818	0.392870115812379
GB136	0.0136591190792093	0.0226166291971399	0.0673321352500205	0	0.0748116330742234	0.0551987160373517	0.14786294373599	0.0201209463894066	0.0720082462737055	0.00422932465344366	0.0820742851367803	0.045667796141722	0.0703816746333332	0.026362745373538	0.0271672497343535	0.0838394556853055	0.0414639141297702	0.0271672497343535	0.0101877185280877	0.0661882226816331	0.0135765501599044	0.152087467186379	0.056036665809877	0.050744408384116	0.0509010353360814	0.0226166291406961	0.0824947963760357	0.0387841366381958	0.04237347645591	0.0382698846209531	0.0606277764709008	0.00084897657536497	0.0507120488945282	0.106264719758371	0.130120831005501	0	0.0389058290406911	0.102478482054942	0.00848976552787453	0	0.102478482054942	0.0840486790796723	0.0135836249800644	0.0428622702343596	0.0791854412492477	0.0201209463894066	0.0550858707289503	0.102478482054942	0.0959636816623235	0.0492406403928092	0.0783700076016513	0.00169795315072994	0.00424488272630807	0.108341734856367	0.292993343237675	0	0	0.104110593973386	0	0.0964544871163489	0.0840486790796723	0.0840486790796723	0.043280807013313	0.0840486790796723	0	0.0251123123059068	0.0843742594047628	0	0	0.0201209463894066	0.0585793824207903	0.149975272441151	0.0840486790796723	0.00169795307547155	0.0127346484799578	0.0292717835705991	0.0500686428123953	0.102478482054942	0.027607994793792	0.0110366953292278	0.00169795300021316	0.0209528406084788	0.0475734583469051	0.0209528406837372	0.102478482054942	0	0.00084897657536497	0.0509385930919888	0.00339590607568471	0.00254692965083652	0.0475340356880968	0.154802674747477	0.0348080387621215	0.0373549683376996	0.0521762748484058	0.0449292376787976	0.00509385937693143	0.0840486790796723	0.0144326014801709	0.0475734588925285	0.0403845883680112	0.0209528406837372	0.033258111376052	0.0339590621114981	0.00339590600042632	0.080311380740669	0	0.0775216532438391	0.0840486790796723	0.00679181252766137	0.0110366949529359	0.0608837669621212	0.452219465465257	0.0401766213466122	0.038884040024696	0.071001284144292	0.0931018823287403	0.045916157012636	0.0432978039889625	0.00848976552787453	0.0635605595742512	0.0261663752749111	0.00254692965083652	0.18828787105252
GB139	0.0136591190792093	0.0226166291971399	0.0673321352500205	0	0.0748116330742234	0.0551987160373517	0.14786294373599	0.0201209463894066	0.0720082462737055	0.00422932465344366	0.0820742851367803	0.045667796141722	0.0703816746333332	0.026362745373538	0.0271672497343535	0.0838394556853055	0.0414639141297702	0.0271672497343535	0.0101877185280877	0.0661882226816331	0.0135765501599044	0.152087467186379	0.056036665809877	0.050744408384116	0.0509010353360814	0.0226166291406961	0.0824947963760357	0.0387841366381958	0.04237347645591	0.0382698846209531	0.0606277764709008	0.00084897657536497	0.0507120488945282	0.106264719758371	0.130120831005501	0	0.0389058290406911	0.102478482054942	0.00848976552787453	0	0.102478482054942	0.0840486790796723	0.0135836249800644	0.0428622702343596	0.0791854412492477	0.0201209463894066	0.0550858707289503	0.102478482054942	0.0959636816623235	0.0492406403928092	0.0783700076016513	0.00169795315072994	0.00424488272630807	0.108341734856367	0.292993343237675	0	0	0.104110593973386	0	0.0964544871163489	0.0840486790796723	0.0840486790796723	0.043280807013313	0.0840486790796723	0	0.0251123123059068	0.0843742594047628	0	0	0.0201209463894066	0.0585793824207903	0.149975272441151	0.0840486790796723	0.00169795307547155	0.0127346484799578	0.0292717835705991	0.0500686428123953	0.102478482054942	0.027607994793792	0.0110366953292278	0.00169795300021316	0.0209528406084788	0.0475734583469051	0.0209528406837372	0.102478482054942	0	0.00084897657536497	0.0509385930919888	0.00339590607568471	0.00254692965083652	0.0475340356880968	0.154802674747477	0.0348080387621215	0.0373549683376996	0.0521762748484058	0.0449292376787976	0.00509385937693143	0.0840486790796723	0.0144326014801709	0.0475734588925285	0.0403845883680112	0.0209528406837372	0.033258111376052	0.0339590621114981	0.00339590600042632	0.080311380740669	0	0.0775216532438391	0.0840486790796723	0.00679181252766137	0.0110366949529359	0.0608837669621212	0.452219465465257	0.0401766213466122	0.038884040024696	0.071001284144292	0.0931018823287403	0.045916157012636	0.0432978039889625	0.00848976552787453	0.0635605595742512	0.0261663752749111	0.00254692965083652	0.18828787105252
GB140	0.113085988382197	0.119474294510755	0.137829596759996	0.104110593973386	0.131845451628018	0.150846809205232	0.234257243799441	0.121753928637264	0.166125824129341	0.107817871627784	0.156492698561363	0.122386987255228	0.105467314878949	0.110442739582122	0.0782029631763998	0.116444561705746	0.125882732841854	0.0782602184047603	0.0943809186644626	0.162328107113188	0.116022527669415	0.237198831156047	0.099399753968523	0.117135585483276	0.0929931340682687	0.119474294435496	0.0816027481447567	0.0731910747861621	0.130220430517437	0.127379240750363	0.15194998835825	0.103261617398021	0.148668196616751	0.197244384749369	0.218819029403455	0.104110593973386	0.128244107344536	0.0447514088956094	0.0958498501491667	0.104110593973386	0.0447514088956094	0.0238407718187029	0.0910995231583865	0.118536288577198	0.0667808514765718	0.121753928637264	0.115589666772972	0.0447514088956094	0.173982725450487	0.0572746807728151	0.0934926505492191	0.102527151730928	0.100094732988362	0.122586662533006	0.360609566021447	0.104110593973386	0.104110593973386	0	0.104110593973386	0.0650140143404103	0.0238407718187029	0.0238407718187029	0.137580282760389	0.0238407718187029	0.104110593973386	0.117033333865681	0.098087059540881	0.104110593973386	0.104110593973386	0.121753928637264	0.0482222161283999	0.235966986402719	0.0238407718187029	0.102469896314421	0.0919484995079763	0.113233943347528	0.0890415080192715	0.0447514088956094	0.114861250469329	0.0934746865220744	0.102412640973173	0.120994050582551	0.0961401970172771	0.120994050657809	0.0447514088956094	0.104110593973386	0.103261617398021	0.0557484945489301	0.100886453959075	0.101620919739056	0.145894069337484	0.240656881470873	0.070676685019274	0.0684160325262282	0.111399443123979	0.098758740820969	0.0992457562624806	0.0238407718187029	0.0903650573784053	0.0961401972806815	0.115513360729874	0.120994050657809	0.129913691318396	0.0717546834488108	0.100829198730714	0.0806389760903337	0.104110593973386	0.0681930560468122	0.0238407718187029	0.0975478031117507	0.0933601760277242	0.0838208219431566	0.439968296373733	0.0807396400193072	0.102023894851557	0.0795799004421993	0.149001937491274	0.0868646292523904	0.0627022186162496	0.095792594695031	0.0619980384680358	0.115044622540925	0.101620919663798	0.269811828630139
GB141	0.0136591190792093	0.0226166291971399	0.0673321352500205	0	0.0748116330742234	0.0551987160373517	0.14786294373599	0.0201209463894066	0.0720082462737055	0.00422932465344366	0.0820742851367803	0.045667796141722	0.0703816746333332	0.026362745373538	0.0271672497343535	0.0838394556853055	0.0414639141297702	0.0271672497343535	0.0101877185280877	0.0661882226816331	0.0135765501599044	0.152087467186379	0.056036665809877	0.050744408384116	0.0509010353360814	0.0226166291406961	0.0824947963760357	0.0387841366381958	0.04237347645591	0.0382698846209531	0.0606277764709008	0.00084897657536497	0.0507120488945282	0.106264719758371	0.130120831005501	0	0.0389058290406911	0.102478482054942	0.00848976552787453	0	0.102478482054942	0.0840486790796723	0.0135836249800644	0.0428622702343596	0.0791854412492477	0.0201209463894066	0.0550858707289503	0.102478482054942	0.0959636816623235	0.0492406403928092	0.0783700076016513	0.00169795315072994	0.00424488272630807	0.108341734856367	0.292993343237675	0	0	0.104110593973386	0	0.0964544871163489	0.0840486790796723	0.0840486790796723	0.043280807013313	0.0840486790796723	0	0.0251123123059068	0.0843742594047628	0	0	0.0201209463894066	0.0585793824207903	0.149975272441151	0.0840486790796723	0.00169795307547155	0.0127346484799578	0.0292717835705991	0.0500686428123953	0.102478482054942	0.027607994793792	0.0110366953292278	0.00169795300021316	0.0209528406084788	0.0475734583469051	0.0209528406837372	0.102478482054942	0	0.00084897657536497	0.0509385930919888	0.00339590607568471	0.00254692965083652	0.0475340356880968	0.154802674747477	0.0348080387621215	0.0373549683376996	0.0521762748484058	0.0449292376787976	0.00509385937693143	0.0840486790796723	0.0144326014801709	0.0475734588925285	0.0403845883680112	0.0209528406837372	0.033258111376052	0.0339590621114981	0.00339590600042632	0.080311380740669	0	0.0775216532438391	0.0840486790796723	0.00679181252766137	0.0110366949529359	0.0608837669621212	0.452219465465257	0.0401766213466122	0.038884040024696	0.071001284144292	0.0931018823287403	0.045916157012636	0.0432978039889625	0.00848976552787453	0.0635605595742512	0.0261663752749111	0.00254692965083652	0.18828787105252
GB142	0.10540593891508	0.0756982250628297	0.136561285290453	0.0964544871163489	0.0934793902372923	0.114791107702662	0.226956134304555	0.0764941753857214	0.159858445740408	0.100169542104457	0.154703510943988	0.0850754380508354	0.0708554276086465	0.103121902041062	0.0789887711706788	0.124290064635752	0.0847746789587116	0.0837412606736626	0.0884857424958186	0.154757089197937	0.108422724642988	0.229996764900708	0.0992437114543987	0.078091188221041	0.052747990371603	0.0740344363424664	0.0521205001877564	0.0741061018121363	0.124060756667997	0.119261924779475	0.109122280906321	0.0972777301953597	0.138368312871516	0.189625763230854	0.210648633219829	0.0964544871163489	0.120475268649935	0.0217504007647736	0.0900778937896695	0.0964544871163489	0.0217504007647736	0.0432002670649025	0.0917611373870662	0.123790910561578	0.0364262870691641	0.0764941753857214	0.114357108889957	0.0217504007647736	0.143002505856331	0.0630254407196936	0.100084866237159	0.0964640767097172	0.0940582720995551	0.0891792326601166	0.354869058336874	0.0964544871163489	0.0964544871163489	0.0650140143404103	0.0964544871163489	0	0.0432002670649025	0.0432002670649025	0.0950565675574571	0.0432002670649025	0.0964544871163489	0.0748756515388988	0.103308895395862	0.0964544871163489	0.0964544871163489	0.0764941753857214	0.0575248243456537	0.229296429628375	0.0432002670649025	0.0948623358601272	0.0844430410952279	0.0707794164373267	0.0962314703736943	0.0217504007647736	0.0707161800108022	0.0876720889349176	0.0948623359353855	0.0756802530394811	0.0560216516011743	0.075662281034947	0.0217504007647736	0.0964544871163489	0.0956584115070526	0.0678402536520452	0.093252606784003	0.0940662604013477	0.138314187752478	0.233359075405381	0.066913400955423	0.0725952631633992	0.0604195024329002	0.0956249935458405	0.0932973520924347	0.0432002670649025	0.0892754313018587	0.0594031449802446	0.0765671320353644	0.075662281034947	0.125732720895398	0.0758057949180254	0.0932350289452859	0.0695472982514537	0.0964544871163489	0.0430022418931729	0.0432002670649025	0.090033148330721	0.0892738300102829	0.0511754011133253	0.435468180613084	0.0799045105925714	0.0662979254348561	0.0449820024742171	0.109932452797739	0.0918112428049849	0.0718982678395931	0.0916972126284934	0.056169421891823	0.0705724362886012	0.0940486822051532	0.262701830779663
GB145	0.0933065734276868	0.100037521503941	0.120001158253713	0.0840486790796723	0.112854155834125	0.133032384375581	0.219483934944928	0.102478482054942	0.150004727822362	0.087922533202653	0.142705410963508	0.103159685590954	0.0852174726738171	0.0907943451193848	0.0568814293453188	0.103413723089328	0.106720707520391	0.0568814293453188	0.0738609605515846	0.144673870293179	0.0964841360997672	0.222686382405686	0.0789816715952122	0.0974527742299768	0.0723733011858933	0.100037521579199	0.0603402035517825	0.0516647866202725	0.111096512639161	0.108303727600912	0.133960580566164	0.0831997025043073	0.130498446749918	0.181002054626894	0.203233031838229	0.0840486790796723	0.109168136285411	0.0219267814824677	0.0755589135517978	0.0840486790796723	0.0219267814824677	0	0.070465054099608	0.10754388642281	0.0447090810936208	0.102478482054942	0.0959338416354825	0.0219267814824677	0.164965983743619	0.0348080386868631	0.0727777055869199	0.0823507259289424	0.0798037963533642	0.103441067679663	0.350480140760692	0.0840486790796723	0.0840486790796723	0.0238407718187029	0.0840486790796723	0.0432002670649025	0	0	0.118964902416925	0	0.0840486790796723	0.097596560689536	0.0778709454932297	0.0840486790796723	0.0840486790796723	0.102478482054942	0.025469296658882	0.221418725119697	0	0.0823507260042007	0.0713140305997145	0.0935282932048795	0.068098393955616	0.0219267814824677	0.0951556004771981	0.0730119837504445	0.0823507260794591	0.101664828588114	0.0756279151284635	0.101664828512855	0.0219267814824677	0.0840486790796723	0.0831997025043073	0.0331100859876835	0.0806527730039876	0.0815017494288358	0.127587542464637	0.225840392287331	0.0492406403175508	0.0466937107419727	0.0916052433765597	0.0782761846979459	0.0789548197027409	0	0.0696160775995014	0.0756279145075817	0.0958289399065754	0.101664828512855	0.114511487911446	0.0500896169681742	0.080652773079246	0.0593610231510618	0.0840486790796723	0.0463363876133555	0	0.0772568665520109	0.0730119841267364	0.0626094586620427	0.447973730889234	0.05958278240128	0.0817985168347756	0.0581853812127703	0.13112888075035	0.0660854235592515	0.0407508750907098	0.0755589135517978	0.0397448554032981	0.0954107748099951	0.0815017494288358	0.256511216512834
GB148	0.0933065734276868	0.100037521503941	0.120001158253713	0.0840486790796723	0.112854155834125	0.133032384375581	0.219483934944928	0.102478482054942	0.150004727822362	0.087922533202653	0.142705410963508	0.103159685590954	0.0852174726738171	0.0907943451193848	0.0568814293453188	0.103413723089328	0.106720707520391	0.0568814293453188	0.0738609605515846	0.144673870293179	0.0964841360997672	0.222686382405686	0.0789816715952122	0.0974527742299768	0.0723733011858933	0.100037521579199	0.0603402035517825	0.0516647866202725	0.111096512639161	0.108303727600912	0.133960580566164	0.0831997025043073	0.130498446749918	0.181002054626894	0.203233031838229	0.0840486790796723	0.109168136285411	0.0219267814824677	0.0755589135517978	0.0840486790796723	0.0219267814824677	0	0.070465054099608	0.10754388642281	0.0447090810936208	0.102478482054942	0.0959338416354825	0.0219267814824677	0.164965983743619	0.0348080386868631	0.0727777055869199	0.0823507259289424	0.0798037963533642	0.103441067679663	0.350480140760692	0.0840486790796723	0.0840486790796723	0.0238407718187029	0.0840486790796723	0.0432002670649025	0	0	0.118964902416925	0	0.0840486790796723	0.097596560689536	0.0778709454932297	0.0840486790796723	0.0840486790796723	0.102478482054942	0.025469296658882	0.221418725119697	0	0.0823507260042007	0.0713140305997145	0.0935282932048795	0.068098393955616	0.0219267814824677	0.0951556004771981	0.0730119837504445	0.0823507260794591	0.101664828588114	0.0756279151284635	0.101664828512855	0.0219267814824677	0.0840486790796723	0.0831997025043073	0.0331100859876835	0.0806527730039876	0.0815017494288358	0.127587542464637	0.225840392287331	0.0492406403175508	0.0466937107419727	0.0916052433765597	0.0782761846979459	0.0789548197027409	0	0.0696160775995014	0.0756279145075817	0.0958289399065754	0.101664828512855	0.114511487911446	0.0500896169681742	0.080652773079246	0.0593610231510618	0.0840486790796723	0.0463363876133555	0	0.0772568665520109	0.0730119841267364	0.0626094586620427	0.447973730889234	0.05958278240128	0.0817985168347756	0.0581853812127703	0.13112888075035	0.0660854235592515	0.0407508750907098	0.0755589135517978	0.0397448554032981	0.0954107748099951	0.0815017494288358	0.256511216512834
GB153	0.0556677462476673	0.0259951436609933	0.103958481903931	0.043280807013313	0.0757335415768503	0.0651136521964964	0.180040843860067	0.023584182552918	0.109558161122329	0.0471650451195963	0.119263912823917	0.0484848189158271	0.072920605615534	0.0667189663708812	0.0693507330172291	0.120544632708635	0.0426308022002981	0.0694354550179207	0.0531788171654699	0.104091255521082	0.055756861475682	0.183804745475451	0.0927901580327689	0.0535689820770663	0.0518532647854752	0.0260798655299827	0.0800302941916567	0.0789621208954339	0.08239985989275	0.0787323932116381	0.0635802666797782	0.042467153546485	0.0899434546102779	0.141405648749435	0.16421991336451	0.043280807013313	0.0793544217906516	0.0992135568851172	0.0498694806275043	0.043280807013313	0.0992135568851172	0.118964902416925	0.0562945894257288	0.0828951455916118	0.0764712073435687	0.023584182552918	0.0950548586369765	0.0992135568851172	0.0973955787191487	0.0854926489933272	0.113485576904783	0.044902234592221	0.0473131954557065	0.107352858992538	0.315710457587483	0.043280807013313	0.043280807013313	0.137580282760389	0.043280807013313	0.0950565675574571	0.118964902416925	0.118964902416925	0	0.118964902416925	0.043280807013313	0.0284484657223779	0.118098027571434	0.043280807013313	0.043280807013313	0.023584182552918	0.0944316823487029	0.1828084657853	0.118964902416925	0.0448598737329847	0.0555050560658929	0.0309441487747009	0.0889585360019195	0.0992135568851172	0.0308594267175655	0.0538836287127601	0.044902234686294	0.0244160769036924	0.0504860038107092	0.0243737158751247	0.0992135568851172	0.043280807013313	0.0440703402978904	0.0904898944527212	0.0465660233502135	0.0457341290370683	0.0868104526189843	0.186401584157438	0.075065150706455	0.0759152859035465	0.0549781433156118	0.0842919711663265	0.0481450905026209	0.118964902416925	0.0570841230865982	0.0486951320610865	0.0434831001918123	0.0243737158751247	0.0736697811746236	0.074063813069252	0.0464813014059657	0.096595290596738	0.043280807013313	0.0780926358820212	0.118964902416925	0.0497665178181246	0.053841267138569	0.0602145698485952	0.447426325444019	0.0814648380860536	0.0425866281406747	0.0718559572717758	0.0932776336040762	0.0866485911825992	0.0815267416112351	0.0497423977487617	0.0809905592803702	0.0307116307167694	0.0457341291875851	0.217478502127859
GB154	0.0933065734276868	0.100037521503941	0.120001158253713	0.0840486790796723	0.112854155834125	0.133032384375581	0.219483934944928	0.102478482054942	0.150004727822362	0.087922533202653	0.142705410963508	0.103159685590954	0.0852174726738171	0.0907943451193848	0.0568814293453188	0.103413723089328	0.106720707520391	0.0568814293453188	0.0738609605515846	0.144673870293179	0.0964841360997672	0.222686382405686	0.0789816715952122	0.0974527742299768	0.0723733011858933	0.100037521579199	0.0603402035517825	0.0516647866202725	0.111096512639161	0.108303727600912	0.133960580566164	0.0831997025043073	0.130498446749918	0.181002054626894	0.203233031838229	0.0840486790796723	0.109168136285411	0.0219267814824677	0.0755589135517978	0.0840486790796723	0.0219267814824677	0	0.070465054099608	0.10754388642281	0.0447090810936208	0.102478482054942	0.0959338416354825	0.0219267814824677	0.164965983743619	0.0348080386868631	0.0727777055869199	0.0823507259289424	0.0798037963533642	0.103441067679663	0.350480140760692	0.0840486790796723	0.0840486790796723	0.0238407718187029	0.0840486790796723	0.0432002670649025	0	0	0.118964902416925	0	0.0840486790796723	0.097596560689536	0.0778709454932297	0.0840486790796723	0.0840486790796723	0.102478482054942	0.025469296658882	0.221418725119697	0	0.0823507260042007	0.0713140305997145	0.0935282932048795	0.068098393955616	0.0219267814824677	0.0951556004771981	0.0730119837504445	0.0823507260794591	0.101664828588114	0.0756279151284635	0.101664828512855	0.0219267814824677	0.0840486790796723	0.0831997025043073	0.0331100859876835	0.0806527730039876	0.0815017494288358	0.127587542464637	0.225840392287331	0.0492406403175508	0.0466937107419727	0.0916052433765597	0.0782761846979459	0.0789548197027409	0	0.0696160775995014	0.0756279145075817	0.0958289399065754	0.101664828512855	0.114511487911446	0.0500896169681742	0.080652773079246	0.0593610231510618	0.0840486790796723	0.0463363876133555	0	0.0772568665520109	0.0730119841267364	0.0626094586620427	0.447973730889234	0.05958278240128	0.0817985168347756	0.0581853812127703	0.13112888075035	0.0660854235592515	0.0407508750907098	0.0755589135517978	0.0397448554032981	0.0954107748099951	0.0815017494288358	0.256511216512834
GB156	0.0136591190792093	0.0226166291971399	0.0673321352500205	0	0.0748116330742234	0.0551987160373517	0.14786294373599	0.0201209463894066	0.0720082462737055	0.00422932465344366	0.0820742851367803	0.045667796141722	0.0703816746333332	0.026362745373538	0.0271672497343535	0.0838394556853055	0.0414639141297702	0.0271672497343535	0.0101877185280877	0.0661882226816331	0.0135765501599044	0.152087467186379	0.056036665809877	0.050744408384116	0.0509010353360814	0.0226166291406961	0.0824947963760357	0.0387841366381958	0.04237347645591	0.0382698846209531	0.0606277764709008	0.00084897657536497	0.0507120488945282	0.106264719758371	0.130120831005501	0	0.0389058290406911	0.102478482054942	0.00848976552787453	0	0.102478482054942	0.0840486790796723	0.0135836249800644	0.0428622702343596	0.0791854412492477	0.0201209463894066	0.0550858707289503	0.102478482054942	0.0959636816623235	0.0492406403928092	0.0783700076016513	0.00169795315072994	0.00424488272630807	0.108341734856367	0.292993343237675	0	0	0.104110593973386	0	0.0964544871163489	0.0840486790796723	0.0840486790796723	0.043280807013313	0.0840486790796723	0	0.0251123123059068	0.0843742594047628	0	0	0.0201209463894066	0.0585793824207903	0.149975272441151	0.0840486790796723	0.00169795307547155	0.0127346484799578	0.0292717835705991	0.0500686428123953	0.102478482054942	0.027607994793792	0.0110366953292278	0.00169795300021316	0.0209528406084788	0.0475734583469051	0.0209528406837372	0.102478482054942	0	0.00084897657536497	0.0509385930919888	0.00339590607568471	0.00254692965083652	0.0475340356880968	0.154802674747477	0.0348080387621215	0.0373549683376996	0.0521762748484058	0.0449292376787976	0.00509385937693143	0.0840486790796723	0.0144326014801709	0.0475734588925285	0.0403845883680112	0.0209528406837372	0.033258111376052	0.0339590621114981	0.00339590600042632	0.080311380740669	0	0.0775216532438391	0.0840486790796723	0.00679181252766137	0.0110366949529359	0.0608837669621212	0.452219465465257	0.0401766213466122	0.038884040024696	0.071001284144292	0.0931018823287403	0.045916157012636	0.0432978039889625	0.00848976552787453	0.0635605595742512	0.0261663752749111	0.00254692965083652	0.18828787105252
GB158	0.0382112823426723	0.00748704938274441	0.0882783295831295	0.0251123123059068	0.0585625776738831	0.0480915366135763	0.166657615904555	0.00499136640567972	0.0940612475528862	0.0291528126808128	0.102726111847042	0.0293082217074404	0.0489381906962154	0.0505601791947177	0.0467962864786386	0.104867743309399	0.0260915098467258	0.0484418344279431	0.0334494963589341	0.0884026480142516	0.0380667305241028	0.170845517305413	0.0714908138557215	0.0308294062211056	0.0307800909786513	0.00748704938274441	0.0626188444368767	0.0614102670565398	0.0645167782827459	0.061936136918387	0.0458969763583607	0.025944206524979	0.073580581995875	0.127222805349815	0.149977081577585	0.0251123123059068	0.0625157173572466	0.0773661753745994	0.0334312554938023	0.0251123123059068	0.0773661753745994	0.097596560689536	0.0351315253235475	0.0663091312868126	0.0590644993565299	0.00499136640567972	0.0753693448360821	0.0773661753745994	0.0807487184200624	0.0684255376420539	0.0947636302861601	0.0267761008381242	0.0292717835141553	0.090941896944335	0.3067196977861	0.0251123123059068	0.0251123123059068	0.117033333865681	0.0251123123059068	0.0748756515388988	0.097596560689536	0.097596560689536	0.0284484657223779	0.097596560689536	0.0251123123059068	0	0.103876930802609	0.0251123123059068	0.0251123123059068	0.00499136640567972	0.0759308271185316	0.169036737276298	0.097596560689536	0.0267761008193096	0.0375907268337529	0.0141422043394561	0.0704469908630908	0.0773661753745994	0.0124784152616154	0.0342813907097084	0.0251305529264489	0.00582326075645408	0.0257887252502971	0.00582326075645408	0.0773661753745994	0.0251123123059068	0.0259442066002374	0.0684437784507419	0.0267943416844414	0.0276079952641569	0.0705186646582201	0.173566125333309	0.0542833346760634	0.0551334698543404	0.0306653186086227	0.0662208257261852	0.0301036783729238	0.097596560689536	0.0376089676048117	0.027452514553913	0.0204064234188109	0.00582326075645408	0.0569283216250966	0.0518058928651641	0.0284398893515269	0.0738747995534931	0.0251123123059068	0.0590644997328219	0.097596560689536	0.0301219187865053	0.0326358422335952	0.0390990347874285	0.440074448332642	0.057745624992131	0.0211849155261962	0.0509378050613885	0.0739070206429019	0.0643949271038626	0.0626022777887005	0.0317857076573854	0.0603337171064182	0.0122562470196775	0.0276079953394153	0.205662481110505
GB160	0.0968231828601071	0.101594686320033	0.130073241437926	0.0843742594047628	0.127645651950981	0.132033671581685	0.216455885425511	0.102144468237053	0.148290781266611	0.0881075117633575	0.149482504699868	0.114088221707127	0.12405048717152	0.0957064559927793	0.0833080355454274	0.132955295400638	0.111922830004584	0.082118011785276	0.0831346200647378	0.143100345225045	0.0965630634019923	0.218564321597417	0.103745715015314	0.114188461423372	0.100746947143114	0.102904495303378	0.105772391149793	0.082069195204913	0.116000166200478	0.109626955004654	0.133147193043671	0.0835252828293979	0.129284980245913	0.177845525752866	0.199382717485982	0.0843742594047628	0.111171710144992	0.0966423711730073	0.0814366668387495	0.0843742594047628	0.0966423711730073	0.0778709454932297	0.0796117229067316	0.113725583548799	0.0977302134375681	0.102144468237053	0.112242593025469	0.0966423711730073	0.166432717683339	0.0740706721753484	0.118135444650596	0.0843919726521379	0.0834325818965832	0.139932434083988	0.345796447510671	0.0843742594047628	0.0843742594047628	0.098087059540881	0.0843742594047628	0.103308895395862	0.0778709454932297	0.0778709454932297	0.118098027571434	0.0778709454932297	0.0843742594047628	0.103876930802609	0	0.0843742594047628	0.0843742594047628	0.102144468237053	0.0797127135700048	0.218181173213654	0.0778709454932297	0.0827105969491631	0.0807541027251217	0.10320325398987	0.0932839183569557	0.0966423711730073	0.0987963134404084	0.0837018663120089	0.0859452210216209	0.101330814770225	0.10306982105278	0.102866073374194	0.0966423711730073	0.0843742594047628	0.0835252828293979	0.0782765406889446	0.0844428404563605	0.0823139307851141	0.127512655023373	0.221703432500362	0.0790309275716844	0.0790346765119319	0.113016841744985	0.0997465936975046	0.0860390580362744	0.0778709454932297	0.0875587326596783	0.102167066882807	0.113558975377619	0.102866073374194	0.114026764727602	0.0784925522301534	0.0859286437243825	0.110494666817513	0.0843742594047628	0.0988701715350452	0.0778709454932297	0.0833801592916551	0.0819496709966298	0.101415603600367	0.462588656430293	0.0875671659737374	0.0999771456864446	0.103971812949337	0.149163326173268	0.0903468084982549	0.0782268485148447	0.0845550106781902	0.0879008995764183	0.103506727576858	0.0854115008254244	0.25160768974309
GB161	0.0136591190792093	0.0226166291971399	0.0673321352500205	0	0.0748116330742234	0.0551987160373517	0.14786294373599	0.0201209463894066	0.0720082462737055	0.00422932465344366	0.0820742851367803	0.045667796141722	0.0703816746333332	0.026362745373538	0.0271672497343535	0.0838394556853055	0.0414639141297702	0.0271672497343535	0.0101877185280877	0.0661882226816331	0.0135765501599044	0.152087467186379	0.056036665809877	0.050744408384116	0.0509010353360814	0.0226166291406961	0.0824947963760357	0.0387841366381958	0.04237347645591	0.0382698846209531	0.0606277764709008	0.00084897657536497	0.0507120488945282	0.106264719758371	0.130120831005501	0	0.0389058290406911	0.102478482054942	0.00848976552787453	0	0.102478482054942	0.0840486790796723	0.0135836249800644	0.0428622702343596	0.0791854412492477	0.0201209463894066	0.0550858707289503	0.102478482054942	0.0959636816623235	0.0492406403928092	0.0783700076016513	0.00169795315072994	0.00424488272630807	0.108341734856367	0.292993343237675	0	0	0.104110593973386	0	0.0964544871163489	0.0840486790796723	0.0840486790796723	0.043280807013313	0.0840486790796723	0	0.0251123123059068	0.0843742594047628	0	0	0.0201209463894066	0.0585793824207903	0.149975272441151	0.0840486790796723	0.00169795307547155	0.0127346484799578	0.0292717835705991	0.0500686428123953	0.102478482054942	0.027607994793792	0.0110366953292278	0.00169795300021316	0.0209528406084788	0.0475734583469051	0.0209528406837372	0.102478482054942	0	0.00084897657536497	0.0509385930919888	0.00339590607568471	0.00254692965083652	0.0475340356880968	0.154802674747477	0.0348080387621215	0.0373549683376996	0.0521762748484058	0.0449292376787976	0.00509385937693143	0.0840486790796723	0.0144326014801709	0.0475734588925285	0.0403845883680112	0.0209528406837372	0.033258111376052	0.0339590621114981	0.00339590600042632	0.080311380740669	0	0.0775216532438391	0.0840486790796723	0.00679181252766137	0.0110366949529359	0.0608837669621212	0.452219465465257	0.0401766213466122	0.038884040024696	0.071001284144292	0.0931018823287403	0.045916157012636	0.0432978039889625	0.00848976552787453	0.0635605595742512	0.0261663752749111	0.00254692965083652	0.18828787105252
GB162	0.0136591190792093	0.0226166291971399	0.0673321352500205	0	0.0748116330742234	0.0551987160373517	0.14786294373599	0.0201209463894066	0.0720082462737055	0.00422932465344366	0.0820742851367803	0.045667796141722	0.0703816746333332	0.026362745373538	0.0271672497343535	0.0838394556853055	0.0414639141297702	0.0271672497343535	0.0101877185280877	0.0661882226816331	0.0135765501599044	0.152087467186379	0.056036665809877	0.050744408384116	0.0509010353360814	0.0226166291406961	0.0824947963760357	0.0387841366381958	0.04237347645591	0.0382698846209531	0.0606277764709008	0.00084897657536497	0.0507120488945282	0.106264719758371	0.130120831005501	0	0.0389058290406911	0.102478482054942	0.00848976552787453	0	0.102478482054942	0.0840486790796723	0.0135836249800644	0.0428622702343596	0.0791854412492477	0.0201209463894066	0.0550858707289503	0.102478482054942	0.0959636816623235	0.0492406403928092	0.0783700076016513	0.00169795315072994	0.00424488272630807	0.108341734856367	0.292993343237675	0	0	0.104110593973386	0	0.0964544871163489	0.0840486790796723	0.0840486790796723	0.043280807013313	0.0840486790796723	0	0.0251123123059068	0.0843742594047628	0	0	0.0201209463894066	0.0585793824207903	0.149975272441151	0.0840486790796723	0.00169795307547155	0.0127346484799578	0.0292717835705991	0.0500686428123953	0.102478482054942	0.027607994793792	0.0110366953292278	0.00169795300021316	0.0209528406084788	0.0475734583469051	0.0209528406837372	0.102478482054942	0	0.00084897657536497	0.0509385930919888	0.00339590607568471	0.00254692965083652	0.0475340356880968	0.154802674747477	0.0348080387621215	0.0373549683376996	0.0521762748484058	0.0449292376787976	0.00509385937693143	0.0840486790796723	0.0144326014801709	0.0475734588925285	0.0403845883680112	0.0209528406837372	0.033258111376052	0.0339590621114981	0.00339590600042632	0.080311380740669	0	0.0775216532438391	0.0840486790796723	0.00679181252766137	0.0110366949529359	0.0608837669621212	0.452219465465257	0.0401766213466122	0.038884040024696	0.071001284144292	0.0931018823287403	0.045916157012636	0.0432978039889625	0.00848976552787453	0.0635605595742512	0.0261663752749111	0.00254692965083652	0.18828787105252
GB163	0.0332889817466941	0.00249568297706469	0.0851618045884551	0.0201209463894066	0.0553784582651023	0.0433221457883565	0.162693366370719	0	0.0894030060318082	0.0241821339786655	0.0994561548636417	0.0258218019147112	0.0506019793977641	0.0456505995243788	0.0467415642030913	0.101376166529577	0.0216144088542823	0.0467415641654622	0.0301036782600362	0.0837801934944259	0.0331652045927264	0.166608331329895	0.0745659169524607	0.0308922808052915	0.0307800911291681	0.00249568297706469	0.062572514205569	0.0580644489764565	0.0610104679045352	0.0570381886203482	0.0412759383519491	0.0209528406084788	0.0688736431977966	0.122472646015913	0.145594614510885	0.0201209463894066	0.057638731136015	0.0823575417802791	0.0284398895773021	0.0201209463894066	0.0823575417802791	0.102478482054942	0.0334312552115833	0.0614738710262258	0.0590644992060132	0	0.0735009724481238	0.0823575417802791	0.0773186051108018	0.0683708152159898	0.0963355483430805	0.021784734921624	0.0242804175976551	0.0891488877811817	0.303143449805	0.0201209463894066	0.0201209463894066	0.121753928637264	0.0201209463894066	0.0764941753857214	0.102478482054942	0.102478482054942	0.023584182552918	0.102478482054942	0.0201209463894066	0.00499136640567972	0.102144468237053	0.0201209463894066	0.0201209463894066	0	0.0775216526794012	0.164730115690165	0.102478482054942	0.0217847349028094	0.0325993609172527	0.00915083793377636	0.0688410103321075	0.0823575417802791	0.00748704885593568	0.0309355726108105	0.0217847349968824	0.00083189435077436	0.0274525139518458	0.00083189435077436	0.0823575417802791	0.0201209463894066	0.0209528406837372	0.0700346039927969	0.0234485235855435	0.0226166293476567	0.0658445092426105	0.169280035101404	0.0542286123817015	0.0567242952458786	0.0322745216944528	0.0637784733465224	0.0251123124564236	0.102478482054942	0.0342631496752452	0.0274525147044297	0.0204064235693277	0.00083189435077436	0.0520932200844541	0.0533967184072191	0.0234485234350267	0.0767265713651373	0.0201209463894066	0.0574007108807564	0.102478482054942	0.026776100706422	0.030935572121631	0.0407628234889772	0.440269315483594	0.0593361044396656	0.021184915676713	0.0509378050613885	0.074056194135637	0.0648504138707814	0.0625475553438218	0.0284398895584875	0.0636065721963391	0.00726488061399773	0.0226166294229151	0.201595519829278
GB166	0.0698942720438495	0.0750806921284006	0.103084213617775	0.0585793824207903	0.113155487473264	0.108921964718687	0.198098020722168	0.0775216526794012	0.126072850210047	0.0625609548132152	0.124145371688887	0.0879261979099476	0.0781560121574486	0.0707589399935019	0.0534855230438589	0.0900516632727978	0.0869344251249174	0.0534855230438589	0.0551834761945888	0.120976240496443	0.071285783176809	0.201831858718034	0.0660735367976054	0.0820122867483984	0.0671630467128272	0.0767262399083737	0.069581886094929	0.0414954048741345	0.0882764919990241	0.0837921536706313	0.113316838977614	0.0577304058454253	0.10636112394959	0.158838903136326	0.180666761416377	0.0585793824207903	0.0873910930722651	0.046336388102535	0.0551834763451056	0.0585793824207903	0.046336388102535	0.025469296658882	0.0534855230438589	0.0863064386025824	0.0510176606476307	0.0775216526794012	0.0857555378567089	0.046336388102535	0.143874040908284	0.0365059915365595	0.0674399735801148	0.0585793824207903	0.0577304058454253	0.102551540359855	0.33258410324954	0.0585793824207903	0.0585793824207903	0.0482222161283999	0.0585793824207903	0.0575248243456537	0.025469296658882	0.025469296658882	0.0944316823487029	0.025469296658882	0.0585793824207903	0.0759308271185316	0.0797127135700048	0.0585793824207903	0.0585793824207903	0.0775216526794012	0	0.200032810821678	0.025469296658882	0.0568814293453188	0.0526365463932355	0.0702170115340539	0.0584259359071953	0.046336388102535	0.0751354146297231	0.0560324525441786	0.0585793825713071	0.0767079992125733	0.0671265648508614	0.0767079991373149	0.046336388102535	0.0585793824207903	0.0577304058454253	0.0415998512897829	0.056881429194802	0.057730405770167	0.103189754892479	0.20401603156569	0.0458447337150574	0.044995757440726	0.0798568580149099	0.0637046225143201	0.0551834761945888	0.025469296658882	0.0526365462427187	0.062189920720729	0.0808915027200875	0.0767079991373149	0.0898668533473304	0.0466937105161975	0.0585793825713071	0.0639372949272093	0.0585793824207903	0.0608727069327024	0.025469296658882	0.0551834761945888	0.0594283589208969	0.0656269425244042	0.449242780003885	0.0528207607002872	0.0650523444167291	0.0545871671891273	0.116912562023811	0.0609323488491954	0.0407508746391595	0.0568814293453188	0.0461993616149582	0.0737450409755863	0.0594283590714137	0.235837475217954
GB167	0.16128442654706	0.166883426596119	0.197169874390267	0.149975272441151	0.207635838500779	0.191265685954178	0.0908300942844815	0.164730115690165	0.202748382821529	0.153070336917998	0.197268990987931	0.180628211717262	0.192251527700761	0.166354072741186	0.17305913943835	0.215761912168201	0.181628657410843	0.173236677667709	0.158742683478678	0.199225583649946	0.159748630405338	0.263344614644243	0.195968292804077	0.188762572772726	0.190374623532548	0.167054612509379	0.217212438131824	0.182701713095109	0.17609888540976	0.180948151256701	0.194092021841142	0.150646710486123	0.187401116458756	0.231057655480173	0.157535372132605	0.149975272441151	0.179707364376747	0.234933442238605	0.157044730403207	0.149975272441151	0.234933442238605	0.221418725119697	0.161605974941543	0.182012102538438	0.215748867678522	0.164730115690165	0.1909226830108	0.234933442238605	0.221450444198016	0.191404222915269	0.213662183646	0.151495687513038	0.153510001723212	0.214333112586779	0.286440173483858	0.149975272441151	0.149975272441151	0.235966986402719	0.149975272441151	0.229296429628375	0.221418725119697	0.221418725119697	0.1828084657853	0.221418725119697	0.149975272441151	0.169036737276298	0.218181173213654	0.149975272441151	0.149975272441151	0.164730115690165	0.200032810821678	0	0.221418725119697	0.15149568698623	0.16075699874247	0.172682650782394	0.190558058219125	0.234933442238605	0.171190047900033	0.159591660881885	0.151673225441364	0.165562009909237	0.188245348557077	0.165390823995977	0.234933442238605	0.149975272441151	0.150646710486123	0.192569560700595	0.153016102208634	0.15216712555801	0.185614040478913	0.264835235521649	0.179634698788927	0.18218162768718	0.191044100701357	0.185601472478322	0.154358977997544	0.221418725119697	0.162277413513323	0.187902975507607	0.181385436518626	0.165390823995977	0.174196716905995	0.178963259690338	0.152838563301949	0.202545682939635	0.149975272441151	0.213571519619136	0.221418725119697	0.15570185491533	0.159236584423166	0.19881668065985	0.479040716332619	0.182909870915341	0.180220645429058	0.208217732194397	0.221361913257326	0.187106468159743	0.186526617543264	0.157399807915543	0.202129612648577	0.170070772162742	0.152167125256977	0.291153381569217
GB168	0.0933065734276868	0.100037521503941	0.120001158253713	0.0840486790796723	0.112854155834125	0.133032384375581	0.219483934944928	0.102478482054942	0.150004727822362	0.087922533202653	0.142705410963508	0.103159685590954	0.0852174726738171	0.0907943451193848	0.0568814293453188	0.103413723089328	0.106720707520391	0.0568814293453188	0.0738609605515846	0.144673870293179	0.0964841360997672	0.222686382405686	0.0789816715952122	0.0974527742299768	0.0723733011858933	0.100037521579199	0.0603402035517825	0.0516647866202725	0.111096512639161	0.108303727600912	0.133960580566164	0.0831997025043073	0.130498446749918	0.181002054626894	0.203233031838229	0.0840486790796723	0.109168136285411	0.0219267814824677	0.0755589135517978	0.0840486790796723	0.0219267814824677	0	0.070465054099608	0.10754388642281	0.0447090810936208	0.102478482054942	0.0959338416354825	0.0219267814824677	0.164965983743619	0.0348080386868631	0.0727777055869199	0.0823507259289424	0.0798037963533642	0.103441067679663	0.350480140760692	0.0840486790796723	0.0840486790796723	0.0238407718187029	0.0840486790796723	0.0432002670649025	0	0	0.118964902416925	0	0.0840486790796723	0.097596560689536	0.0778709454932297	0.0840486790796723	0.0840486790796723	0.102478482054942	0.025469296658882	0.221418725119697	0	0.0823507260042007	0.0713140305997145	0.0935282932048795	0.068098393955616	0.0219267814824677	0.0951556004771981	0.0730119837504445	0.0823507260794591	0.101664828588114	0.0756279151284635	0.101664828512855	0.0219267814824677	0.0840486790796723	0.0831997025043073	0.0331100859876835	0.0806527730039876	0.0815017494288358	0.127587542464637	0.225840392287331	0.0492406403175508	0.0466937107419727	0.0916052433765597	0.0782761846979459	0.0789548197027409	0	0.0696160775995014	0.0756279145075817	0.0958289399065754	0.101664828512855	0.114511487911446	0.0500896169681742	0.080652773079246	0.0593610231510618	0.0840486790796723	0.0463363876133555	0	0.0772568665520109	0.0730119841267364	0.0626094586620427	0.447973730889234	0.05958278240128	0.0817985168347756	0.0581853812127703	0.13112888075035	0.0660854235592515	0.0407508750907098	0.0755589135517978	0.0397448554032981	0.0954107748099951	0.0815017494288358	0.256511216512834
GB170	0.0152134551393865	0.0242804177105427	0.0689973721111363	0.00169795307547155	0.0760236889537838	0.0567729353829466	0.149383358281068	0.0217847349028094	0.073543233853398	0.00592009652161388	0.0835230183608905	0.0473315846551247	0.0720454631467359	0.0280606984490096	0.0271672498096119	0.0839756156477814	0.0426759698588138	0.0288652028098251	0.0118856716035592	0.0677128855628197	0.0152564062407673	0.153609397886979	0.0560366658851354	0.0523767595677966	0.0509192760318819	0.0242804176540989	0.080867489385936	0.0387841367134542	0.0425439764453907	0.0383362016367792	0.0622915649843035	0.00254692965083652	0.0523113851821182	0.107797836113458	0.131641245776355	0.00169795307547155	0.0390253087336367	0.100851175064842	0.0101877186033461	0.00169795307547155	0.100851175064842	0.0823507260042007	0.0152815780555359	0.0428485096893226	0.0792036819450482	0.0217847349028094	0.0566021302583242	0.100851175064842	0.0975052441159884	0.0475426873173376	0.0783700075263929	0.00339590622620149	0.00594283580177962	0.108359975552168	0.294197500655145	0.00169795307547155	0.00169795307547155	0.102469896314421	0.00169795307547155	0.0948623358601272	0.0823507260042007	0.0823507260042007	0.0448598737329847	0.0823507260042007	0.00169795307547155	0.0267761008193096	0.0827105969491631	0.00169795307547155	0.00169795307547155	0.0217847349028094	0.0568814293453188	0.15149568698623	0.0823507260042007	0	0.0144326015554293	0.0309355720840018	0.0517175234854221	0.100851175064842	0.0292717833071947	0.0127346484046994	0.00339590607568471	0.0226166291218815	0.0475916991744078	0.0226166291971399	0.100851175064842	0.00169795307547155	0.00254692965083652	0.0492406400165173	0.00509385915115626	0.00424488272630807	0.0491780926181812	0.156208772400413	0.036505991837593	0.037354968412958	0.0538348560832968	0.0465663764813934	0.00509385930167304	0.0823507260042007	0.0144326014049125	0.0475916995883289	0.042048376881414	0.0226166291971399	0.0348266918174546	0.0339590621867565	0.00509385907589787	0.0786487506984761	0.00169795307547155	0.0775398939396396	0.0823507260042007	0.00848976560313292	0.0127346480284074	0.062547555475524	0.452136792317785	0.0402109603388141	0.0389022807204964	0.0726314716492638	0.0946533630103475	0.0458553426645019	0.044995757064434	0.00848976560313292	0.0618979295320583	0.0278301637883138	0.00424488272630807	0.189666120391904
GB171	0.0263937675591671	0.035095043724986	0.0744935529061941	0.0127346484799578	0.0805526766737904	0.0655025798037197	0.158644669736275	0.0325993609172527	0.083769683886056	0.0169101137846633	0.0908519564892608	0.0565756354669128	0.0760451012262792	0.0372294245494737	0.0314121326111784	0.0882913907096166	0.0533736439214812	0.0297141794604484	0.0195264607065856	0.0782708728479014	0.026166043220784	0.162949504725861	0.0569972691662384	0.0572138171868794	0.0518606148396779	0.0350950436685422	0.0803422770754556	0.0379155627216655	0.0532372037720199	0.0486936080410625	0.071392051329968	0.0135836250553227	0.0628913263555127	0.11746581726604	0.141296002675186	0.0127346484799578	0.0511646492764203	0.0902736788483882	0.0178285077063724	0.0127346484799578	0.0902736788483882	0.0713140305997145	0.0263182734600221	0.0526592044931169	0.073562829106143	0.0325993609172527	0.0611132766411762	0.0902736788483882	0.106947475160011	0.0449957573654676	0.0794795591271285	0.0144326016306877	0.0152815780555359	0.110800754391786	0.300924265324467	0.0127346484799578	0.0127346484799578	0.0919484995079763	0.0127346484799578	0.0844430410952279	0.0713140305997145	0.0713140305997145	0.0555050560658929	0.0713140305997145	0.0127346484799578	0.0375907268337529	0.0807541027251217	0.0127346484799578	0.0127346484799578	0.0325993609172527	0.0526365463932355	0.16075699874247	0.0713140305997145	0.0144326015554293	0	0.0401046502620283	0.0490479124804037	0.0902736788483882	0.035149765643056	0.0203754375077257	0.0144326014801709	0.0334312551363249	0.0485330380010183	0.0334312552115833	0.0902736788483882	0.0127346484799578	0.0135836250553227	0.0449957572149508	0.0144326014049125	0.0135836249800644	0.0596885289808716	0.165779122499504	0.0339590620362397	0.0382039449130646	0.0580855435644737	0.0470110071126861	0.0144326015554293	0.0713140305997145	0.0237713438091856	0.0485330385466417	0.0511444026246817	0.0334312552115833	0.0456618155268106	0.0365059916870763	0.0161305544803841	0.0810375810422079	0.0127346484799578	0.0702534933960197	0.0713140305997145	0.0161305547061593	0.0203754371314338	0.0585522509622152	0.451434954850361	0.0427613010385422	0.0513795369088349	0.0736735192588483	0.0992478694239951	0.049978597146092	0.0441467807148442	0.0161305545556425	0.0644471762758313	0.0353707763356994	0.0118856718293344	0.19862474169996
GB172	0.0407252056392455	0.00831894365826038	0.0895470993010083	0.0292717835705991	0.0610582606509478	0.0523576205314109	0.170474715624945	0.00915083793377636	0.0978912552160145	0.0332950446190256	0.105700230432881	0.0318039045339883	0.0528648661242591	0.0512649822189952	0.0509557575928141	0.0990386861517574	0.0307067708686145	0.04601911447867	0.0359634194861759	0.0922765722404225	0.042255245318467	0.174376506847565	0.0729429869150574	0.0383164555285916	0.0349395631088151	0.011646520910841	0.0601683360232849	0.055734434682462	0.0681829209430049	0.0660206263489795	0.0503777539112953	0.0284581301037711	0.0775523216774066	0.130638861031544	0.153206210940926	0.0292717835705991	0.0650848040564193	0.0732067038465028	0.0342996309351439	0.0292717835705991	0.0732067038465028	0.0935282932048795	0.0425820923927757	0.0702981535119541	0.0549050275273997	0.00915083793377636	0.0745854429298579	0.0732067038465028	0.0849138097555348	0.0676483655480122	0.09402523451306	0.0309355721028164	0.0334312547788475	0.0855400736885841	0.309620111879676	0.0292717835705991	0.0292717835705991	0.113233943347528	0.0292717835705991	0.0707794164373267	0.0935282932048795	0.0935282932048795	0.0309441487747009	0.0935282932048795	0.0292717835705991	0.0141422043394561	0.10320325398987	0.0292717835705991	0.0292717835705991	0.00915083793377636	0.0702170115340539	0.172682650782394	0.0935282932048795	0.0309355720840018	0.0401046502620283	0	0.068000698725533	0.0732067038465028	0.0116465206850659	0.040086409792003	0.0309355721780748	0.00998273228455072	0.0249568309747812	0.00998273228455072	0.0732067038465028	0.0292717835705991	0.0301036778649296	0.0676666067518068	0.0325993607667359	0.0317674665288492	0.0745610133227375	0.176952512125776	0.0600883537395434	0.0543562980237031	0.0364138954695352	0.0656614832467202	0.034263149637616	0.0935282932048795	0.0434139868564377	0.0299481976814944	0.026156631985096	0.00998273228455072	0.0609294914574635	0.0543198165756584	0.0325993606162192	0.0740951007288514	0.0292717835705991	0.0549050274521413	0.0935282932048795	0.0359269378876144	0.0384408614664066	0.04159471791501	0.439753211808927	0.0553710886625328	0.0286719647207946	0.0501745225805225	0.0802030540776975	0.0690061314727622	0.0651162011981612	0.0342996309351439	0.0628476413249066	0.0114243522926111	0.0317674666041076	0.209051615059978
GB173	0.0629747233005485	0.0680220251658348	0.105596689206332	0.0500686428123953	0.0964189100483752	0.101801379913031	0.188415309583599	0.0688410103321075	0.117396494223162	0.0540133722578034	0.117898726986364	0.0810232006314427	0.0949796044615784	0.0654528308095354	0.0563697308452442	0.105256077946361	0.0821357545527545	0.0563697312215362	0.0532682592971156	0.111881313318707	0.062751997375127	0.192327065976581	0.0759944318784307	0.0875793749824016	0.0809071909523371	0.0696440005881919	0.0922049284169469	0.0526488673393474	0.0854642442568685	0.0827452648017142	0.105429901920184	0.0492196662370304	0.0974723902164084	0.149496395216145	0.17209457756594	0.0500686428123953	0.0834064711863645	0.0872298112948134	0.0532927955453745	0.0500686428123953	0.0872298112948134	0.068098393955616	0.0515457698604976	0.0798494720624553	0.0824385284624919	0.0688410103321075	0.0849399345767016	0.0872298112948134	0.135832637548447	0.0610710103629213	0.0934631936252117	0.0500441064888781	0.0525174274701964	0.120686979343494	0.322868404063311	0.0500686428123953	0.0500686428123953	0.0890415080192715	0.0500686428123953	0.0962314703736943	0.068098393955616	0.068098393955616	0.0889585360019195	0.068098393955616	0.0500686428123953	0.0704469908630908	0.0932839183569557	0.0500686428123953	0.0500686428123953	0.0688410103321075	0.0584259359071953	0.190558058219125	0.068098393955616	0.0517175234854221	0.0490479124804037	0.068000698725533	0	0.0872298112948134	0.0712499812132481	0.0524192827217507	0.0517175234289783	0.0680273568652796	0.0744299522478773	0.0696493322500075	0.0872298112948134	0.0500686428123953	0.050893083064243	0.0610464740205895	0.0500195702782484	0.0508685469100572	0.0945392235398594	0.194830821168543	0.0554226090698832	0.0545490964908492	0.0804396718552317	0.0771239973943342	0.0533418681359652	0.068098393955616	0.045676542596534	0.0760519273692008	0.081734794220238	0.0696493322500075	0.0811786611159944	0.0596184195254487	0.0533664041020051	0.0836757360910526	0.0500686428123953	0.0775779328788772	0.068098393955616	0.0516439148159039	0.0524192825147901	0.0678993975273286	0.456029051783109	0.062254264216983	0.0741528612796706	0.0779221563628226	0.121258156900906	0.0703520166753518	0.0569733449192059	0.0532927955265599	0.0701564912957073	0.0666336134791073	0.052541963868972	0.226271784516296
GB174	0.111388506537134	0.0798618588032144	0.137091706102394	0.102478482054942	0.092965817361167	0.120827276146773	0.233067878945307	0.0823575417802791	0.165937479171488	0.106198330419232	0.159121312784276	0.0830540174637178	0.064709566232532	0.10899613033792	0.0764415685012184	0.121151471190681	0.0866948690528822	0.0764415684824038	0.092714639342945	0.160787259388452	0.114426389035552	0.23600362948697	0.097687030587383	0.0772191651090227	0.051577450651111	0.0798618588032144	0.039274588227272	0.0714430825389696	0.128509808726835	0.125820389243238	0.114545415146182	0.101664828588114	0.14713357915782	0.195858171341395	0.217406261524167	0.102478482054942	0.126637225462632	0	0.0943419464083031	0.102478482054942	0	0.0219267814824677	0.0894600253439311	0.125070661494527	0.023293042574266	0.0823575417802791	0.113966645785805	0	0.146245900579173	0.0552865772536307	0.0917355567028727	0.100851175046027	0.0984102146455435	0.0833417020662866	0.359817548532679	0.102478482054942	0.102478482054942	0.0447514088956094	0.102478482054942	0.0217504007647736	0.0219267814824677	0.0219267814824677	0.0992135568851172	0.0219267814824677	0.102478482054942	0.0773661753745994	0.0966423711730073	0.102478482054942	0.102478482054942	0.0823575417802791	0.046336388102535	0.234933442238605	0.0219267814824677	0.100851175064842	0.0902736788483882	0.0732067038465028	0.0872298112948134	0	0.0748704929243435	0.0919009856879711	0.100851174970769	0.0815256474295048	0.0549050278284333	0.0815256474295048	0	0.102478482054942	0.101664828512855	0.053659269887239	0.0992238679054108	0.100037521353424	0.144359039989385	0.2391009532442	0.0691186872433231	0.0666777266170641	0.0712405372542715	0.0969953577062397	0.0975965605766484	0.0219267814824677	0.0886463716889571	0.0549050270758494	0.0755589269477912	0.0815256474295048	0.131763528468031	0.0699323403714883	0.0992238680559276	0.0558234708327236	0.102478482054942	0.0249568308995228	0.0219267814824677	0.0959692538311385	0.0919009861959652	0.0415947182913019	0.43559821898287	0.0790390620628993	0.0636297690710335	0.0370714596350386	0.111650230908635	0.0852982015584153	0.0609821518036452	0.0943419464647469	0.0400835833502839	0.0763121123115222	0.100037521278166	0.268700378711777
GB176	0.0407069648305575	0.00831894313145166	0.0881220339185963	0.027607994793792	0.0594794540995299	0.0503990168899599	0.169153298806361	0.00748704885593568	0.0963368350922158	0.0316381517684821	0.104797863335621	0.0316450622196149	0.0515416174223929	0.0513285274495079	0.0509375169346429	0.100853150522318	0.0256569286940074	0.044355326115784	0.0375907266644215	0.0908149662192422	0.0406140437105087	0.172281940025513	0.0798735395826475	0.0324954979422719	0.028284408076845	0.00998273183300038	0.0600768313037627	0.0573237584621617	0.0683310983533209	0.0643129950633856	0.0471987296836545	0.0284398890128641	0.0759258244675819	0.129041781912398	0.152264372398606	0.027607994793792	0.063363825845899	0.0748704929243435	0.0326358420078201	0.027607994793792	0.0748704929243435	0.0951556004771981	0.0392727557795517	0.0686662196172307	0.0515774503500775	0.00748704885593568	0.0760446476815927	0.0748704929243435	0.0839177822750626	0.0659845771474971	0.0938039920057612	0.0292717833260093	0.0317674660020404	0.0874791915218035	0.308461129665375	0.027607994793792	0.027607994793792	0.114861250469329	0.027607994793792	0.0707161800108022	0.0951556004771981	0.0951556004771981	0.0308594267175655	0.0951556004771981	0.027607994793792	0.0124784152616154	0.0987963134404084	0.027607994793792	0.027607994793792	0.00748704885593568	0.0751354146297231	0.171190047900033	0.0951556004771981	0.0292717833071947	0.035149765643056	0.0116465206850659	0.0712499812132481	0.0748704929243435	0	0.0351315251730307	0.0292717834012677	0.00831894320671005	0.0282844081521034	0.00831894320671005	0.0748704929243435	0.027607994793792	0.0284398890881225	0.0643572702514704	0.0292900242852141	0.0301036777520421	0.0730659920496471	0.175890877842903	0.0551334698543404	0.0592747004232322	0.0315278183264338	0.0658186695002245	0.0325993608608089	0.0951556004771981	0.0384591028207179	0.0282844089046873	0.0278934724252633	0.00831894320671005	0.0594060393144386	0.054301576162077	0.0292900241535119	0.0759311583118908	0.027607994793792	0.0549050276779165	0.0951556004771981	0.0342631491108073	0.0367770728213016	0.0415947179902684	0.439959523653743	0.0602575993409964	0.0253443871295512	0.0501059108611309	0.0771379470825195	0.0673423433920952	0.0650979603706586	0.0359269379628728	0.0594835822856185	0.0147519294699334	0.02845812968985	0.207695961450086
GB177	0.024408580678882	0.0334312554185439	0.0741772246217788	0.0110366953292278	0.0781464507107181	0.0656215696586202	0.157301793796848	0.0309355726108105	0.0822156149555336	0.0152193420576026	0.0891881065650119	0.0546761014207144	0.0729685615033212	0.0373144327390073	0.0331100856113915	0.0835029858286784	0.0505160407887565	0.0297141796109652	0.0178285075558556	0.0764663250307844	0.0244970421325604	0.161427573423193	0.0602243858003857	0.0572898884802455	0.0534879220931819	0.0317857076762	0.0817905876108191	0.0363585707552806	0.0514527669910229	0.0489411404864355	0.0698429166969627	0.0118856719045928	0.0611590057084657	0.115811017276061	0.139969443733042	0.0110366953292278	0.0495856531491183	0.0919009856879711	0.0161305545556425	0.0110366953292278	0.0919009856879711	0.0730119837504445	0.0195264608571024	0.0534315765129797	0.0751901365101638	0.0309355726108105	0.0595907403363122	0.0919009856879711	0.104781498812666	0.0449957576665011	0.0758568530883452	0.0110366953292278	0.013583624904806	0.103778048804162	0.3008127110173	0.0110366953292278	0.0110366953292278	0.0934746865220744	0.0110366953292278	0.0876720889349176	0.0730119837504445	0.0730119837504445	0.0538836287127601	0.0730119837504445	0.0110366953292278	0.0342813907097084	0.0837018663120089	0.0110366953292278	0.0110366953292278	0.0309355726108105	0.0560324525441786	0.159591660881885	0.0730119837504445	0.0127346484046994	0.0203754375077257	0.040086409792003	0.0524192827217507	0.0919009856879711	0.0351315251730307	0	0.012734648329441	0.0317674668298827	0.050160345273337	0.0317674669051411	0.0919009856879711	0.0110366953292278	0.0118856719045928	0.0466937103656807	0.0127346485552162	0.0135836249800644	0.0581591822432749	0.164039230858437	0.0288652028850835	0.0399018982143113	0.0580445842986757	0.0485873317929229	0.0144326015554293	0.0730119837504445	0.0203754376582425	0.0518058934860458	0.0495536667529983	0.0317674669051411	0.0439825603606725	0.03141213253592	0.0144326013296542	0.0746085186949884	0.0110366953292278	0.078462991731787	0.0730119837504445	0.0178285078568892	0.0186774842817374	0.0618251061650238	0.451580078011811	0.0393642576392552	0.0464075704415639	0.0686515275426585	0.0960860194807703	0.0512113900046156	0.0390529212626544	0.0178285077063724	0.0628722742425673	0.0353354536598981	0.0118856718293344	0.197246492210061
GB180	0.0153570720794225	0.0242804178046157	0.0688827901965741	0.00169795300021316	0.076416945950401	0.0568312779257093	0.149205820126967	0.0217847349968824	0.0736355285978678	0.00592009645105913	0.0837722381369935	0.0473315847491977	0.0703999155360942	0.0280606983737512	0.0271672495838368	0.0840168140188913	0.0431277027372459	0.0288652027345667	0.0101877186786045	0.0677128857885948	0.0152363643153674	0.153524406630583	0.0560366656593602	0.0523453223885912	0.0492737282519088	0.0242804177481719	0.0826025354967575	0.040482089638409	0.0440714294561232	0.0399354313208599	0.0622083559030234	0.00254692957557813	0.0522815034621292	0.10778131463913	0.131386929690236	0.00169795300021316	0.0406037820409043	0.100851174970769	0.0101877185280877	0.00169795300021316	0.100851174970769	0.0823507260794591	0.0152815779802775	0.0428799882418279	0.0792036821520088	0.0217847349968824	0.0566929771442606	0.100851174970769	0.09750524404073	0.0509385933930224	0.0783075607485241	0.0033959061509431	0.00594283572652123	0.108359975759128	0.294197500655145	0.00169795300021316	0.00169795300021316	0.102412640973173	0.00169795300021316	0.0948623359353855	0.0823507260794591	0.0823507260794591	0.044902234686294	0.0823507260794591	0.00169795300021316	0.0251305529264489	0.0859452210216209	0.00169795300021316	0.00169795300021316	0.0217847349968824	0.0585793825713071	0.151673225441364	0.0823507260794591	0.00339590607568471	0.0144326014801709	0.0309355721780748	0.0517175234289783	0.100851174970769	0.0292717834012677	0.012734648329441	0	0.0226166292159545	0.0475916989674472	0.0226166292912129	0.100851174970769	0.00169795300021316	0.00254692957557813	0.052636546092202	0.00509385907589787	0.00424488265104968	0.0491780924676645	0.156294174266584	0.0331100857619083	0.0390529213379128	0.0538176611968965	0.0466271906790107	0.00679181237714459	0.0823507260794591	0.0161305544803841	0.0475916995130705	0.0404028289885533	0.0226166292912129	0.0349394827140401	0.0356570151117113	0.0033959061509431	0.0803296213612111	0.00169795300021316	0.0775398941466002	0.0823507260794591	0.00848976552787453	0.00933874195272272	0.0609020078648823	0.452166036523954	0.0402109601318535	0.0388669579694367	0.0693739770601193	0.0930149046083291	0.0459161568621192	0.0432978041394792	0.0101877185280877	0.063560559724768	0.0278301638823868	0.00424488265104968	0.189666120391904
GB181	0.0341208759657662	0.00332757732783905	0.0859936988075273	0.0209528406084788	0.0562103526158766	0.0441057311389783	0.163354074676531	0.00083189435077436	0.0901346771291109	0.025010580366308	0.100056455216625	0.0266536962654856	0.0499942268084998	0.046482493743451	0.0475734584221635	0.102077319145654	0.0207825145035079	0.0459279106986342	0.0309355724791084	0.0845806503837759	0.0339552351094858	0.167314528967395	0.0753978111715329	0.0317241751560659	0.0316119854799425	0.00332757732783905	0.0617406198547946	0.0588963431955287	0.0618423621236074	0.0578389437586972	0.0421078327027234	0.021784734827551	0.0696725124361539	0.12323786256214	0.146368373561688	0.0209528406084788	0.0569374306372019	0.0815256474295048	0.0292717837963742	0.0209528406084788	0.0815256474295048	0.101664828588114	0.0342631494306555	0.0622595670360206	0.0582326048552388	0.00083189435077436	0.0742454507171807	0.0815256474295048	0.0780800882388245	0.0675571617491619	0.0956861203668093	0.0226166291406961	0.0251123118167273	0.0899807821319561	0.303760005368127	0.0209528406084788	0.0209528406084788	0.120994050582551	0.0209528406084788	0.0756802530394811	0.101664828588114	0.101664828588114	0.0244160769036924	0.101664828588114	0.0209528406084788	0.00582326075645408	0.101330814770225	0.0209528406084788	0.0209528406084788	0.00083189435077436	0.0767079992125733	0.165562009909237	0.101664828588114	0.0226166291218815	0.0334312551363249	0.00998273228455072	0.0680273568652796	0.0815256474295048	0.00831894320671005	0.0317674668298827	0.0226166292159545	0	0.0282844083026202	0.00166378870154872	0.0815256474295048	0.0209528406084788	0.0217847349028094	0.069220950525969	0.0242804178046157	0.0234485235667289	0.0666764034616827	0.16999941846036	0.0550605066007737	0.0575561894649508	0.0314534708547095	0.0641586347812354	0.0259442066754958	0.101664828588114	0.0334494962084173	0.0282844090552041	0.0195745292185533	0.00166378870154872	0.0528629095378247	0.0542286126262913	0.0242804176540989	0.0759129178983094	0.0209528406084788	0.056568816529982	0.101664828588114	0.0276079949254941	0.0317674663407032	0.0415947178397516	0.440228195503505	0.0601679986587378	0.0220168100274874	0.0517696994121629	0.0748880884864114	0.0656823080898535	0.0617339018769939	0.0292717837775596	0.0627929187295112	0.00809677496477209	0.0234485236419873	0.202273346408449
GB182	0.0603961668758079	0.0266206196763299	0.0983449471079641	0.0475734583469051	0.0684115912276085	0.0695989923457606	0.185695041667181	0.0274525139518458	0.114875694887355	0.0515208663701108	0.121745668389279	0.0432896524517223	0.0527484685634122	0.0694030845594226	0.0544475013898178	0.102037226141553	0.0437831774052947	0.0495108584261904	0.0526195465953964	0.109502949535546	0.0603889147139559	0.190076750637305	0.078465986582968	0.0455543086534799	0.0349395631088151	0.0299481969289105	0.0502319340076711	0.0640871887932522	0.0801283278775336	0.082092277348192	0.0679522302340377	0.0484053525659773	0.0950087535223274	0.146971324232943	0.169054227627136	0.0475734583469051	0.0828717706179378	0.0549050278284333	0.0509557578750331	0.0475734583469051	0.0549050278284333	0.0756279151284635	0.0559471235281289	0.0847980779304047	0.0482498730222384	0.0274525139518458	0.0842222986046714	0.0549050278284333	0.101897660191312	0.0612668230414692	0.097841756437162	0.0475916990427056	0.0500873817187367	0.0892384234401915	0.321812213370294	0.0475734583469051	0.0475734583469051	0.0961401970172771	0.0475734583469051	0.0560216516011743	0.0756279151284635	0.0756279151284635	0.0504860038107092	0.0756279151284635	0.0475734583469051	0.0257887252502971	0.10306982105278	0.0475734583469051	0.0475734583469051	0.0274525139518458	0.0671265648508614	0.188245348557077	0.0756279151284635	0.0475916991744078	0.0485330380010183	0.0249568309747812	0.0744299522478773	0.0549050278284333	0.0282844081521034	0.050160345273337	0.0475916989674472	0.0282844083026202	0	0.0282844083026202	0.0549050278284333	0.0475734583469051	0.0484053526412357	0.0612850635491236	0.0492554877254397	0.0500691413051552	0.0918905632664459	0.192525306509601	0.0569979064166546	0.062784685819137	0.0447251884727692	0.0730109774893281	0.0476281804907503	0.0756279151284635	0.0534879224318447	0.0349395633345903	0.0377301003294762	0.0282844083026202	0.0787606023139123	0.0578115614074649	0.0509010353925252	0.071975625675134	0.0475734583469051	0.0482498727964632	0.0756279151284635	0.0509375170099013	0.0518058927334619	0.0399309292134613	0.438901519534564	0.0637204392690851	0.0403184857633379	0.0483749198040577	0.0845151285480971	0.0692632259669328	0.0653168496609938	0.0493102102079476	0.0529743536478943	0.0280622399289801	0.0484235935439967	0.223963805671894
GB183	0.0341208760410246	0.00332757732783905	0.0859936988827857	0.0209528406837372	0.0560778904743869	0.0441540401391309	0.163525260665049	0.00083189435077436	0.0901210707132563	0.0250105804227518	0.10026857832616	0.0265733098441904	0.0514338737485385	0.0464824938187093	0.0475734584974219	0.102204612973664	0.0224463032050566	0.0459279106233758	0.0309355725543668	0.0845287232236429	0.0339918915332869	0.167314528967395	0.0753978112467913	0.0317241751560659	0.0299481967783938	0.00332757732783905	0.0633592336165785	0.0588963432707871	0.0618423621988658	0.0578700829146787	0.0421078327027234	0.0217847349028094	0.0696725123985247	0.123237862863173	0.146368373712205	0.0209528406837372	0.0584134356579696	0.0815256474295048	0.0292717838716326	0.0209528406837372	0.0815256474295048	0.101664828512855	0.0342631495059139	0.0622595671865374	0.0582326048552388	0.00083189435077436	0.0726873189060375	0.0815256474295048	0.0780800882388245	0.0675571616739035	0.0956861205173261	0.0226166292159545	0.0251123118919857	0.0898346735371484	0.303713741326573	0.0209528406837372	0.0209528406837372	0.120994050657809	0.0209528406837372	0.075662281034947	0.101664828512855	0.101664828512855	0.0243737158751247	0.101664828512855	0.0209528406837372	0.00582326075645408	0.102866073374194	0.0209528406837372	0.0209528406837372	0.00083189435077436	0.0767079991373149	0.165390823995977	0.101664828512855	0.0226166291971399	0.0334312552115833	0.00998273228455072	0.0696493322500075	0.0815256474295048	0.00831894320671005	0.0317674669051411	0.0226166292912129	0.00166378870154872	0.0282844083026202	0	0.0815256474295048	0.0209528406837372	0.0217847349780678	0.0708664982871275	0.0242804178798741	0.0234485236419873	0.0665729437775985	0.169943200292611	0.0550605066760321	0.0575561895402092	0.0314605994328781	0.062964819804436	0.0259442067507542	0.101664828512855	0.0350950439695758	0.0266206203536554	0.021238317920102	0	0.0529251143787846	0.0525830648651328	0.0242804177293573	0.0775584657159117	0.0209528406837372	0.0582326052315307	0.101664828512855	0.0276079950007525	0.0317674664159616	0.0415947178397516	0.440243365186633	0.0601520528922779	0.0220168100274874	0.0517696994121629	0.0734263806030004	0.0652305753807528	0.0633794496381524	0.029271783852818	0.0644384665471135	0.00809677496477209	0.0234485237172457	0.202273346709483
GB185	0.111388506537134	0.0798618588032144	0.137091706102394	0.102478482054942	0.092965817361167	0.120827276146773	0.233067878945307	0.0823575417802791	0.165937479171488	0.106198330419232	0.159121312784276	0.0830540174637178	0.064709566232532	0.10899613033792	0.0764415685012184	0.121151471190681	0.0866948690528822	0.0764415684824038	0.092714639342945	0.160787259388452	0.114426389035552	0.23600362948697	0.097687030587383	0.0772191651090227	0.051577450651111	0.0798618588032144	0.039274588227272	0.0714430825389696	0.128509808726835	0.125820389243238	0.114545415146182	0.101664828588114	0.14713357915782	0.195858171341395	0.217406261524167	0.102478482054942	0.126637225462632	0	0.0943419464083031	0.102478482054942	0	0.0219267814824677	0.0894600253439311	0.125070661494527	0.023293042574266	0.0823575417802791	0.113966645785805	0	0.146245900579173	0.0552865772536307	0.0917355567028727	0.100851175046027	0.0984102146455435	0.0833417020662866	0.359817548532679	0.102478482054942	0.102478482054942	0.0447514088956094	0.102478482054942	0.0217504007647736	0.0219267814824677	0.0219267814824677	0.0992135568851172	0.0219267814824677	0.102478482054942	0.0773661753745994	0.0966423711730073	0.102478482054942	0.102478482054942	0.0823575417802791	0.046336388102535	0.234933442238605	0.0219267814824677	0.100851175064842	0.0902736788483882	0.0732067038465028	0.0872298112948134	0	0.0748704929243435	0.0919009856879711	0.100851174970769	0.0815256474295048	0.0549050278284333	0.0815256474295048	0	0.102478482054942	0.101664828512855	0.053659269887239	0.0992238679054108	0.100037521353424	0.144359039989385	0.2391009532442	0.0691186872433231	0.0666777266170641	0.0712405372542715	0.0969953577062397	0.0975965605766484	0.0219267814824677	0.0886463716889571	0.0549050270758494	0.0755589269477912	0.0815256474295048	0.131763528468031	0.0699323403714883	0.0992238680559276	0.0558234708327236	0.102478482054942	0.0249568308995228	0.0219267814824677	0.0959692538311385	0.0919009861959652	0.0415947182913019	0.43559821898287	0.0790390620628993	0.0636297690710335	0.0370714596350386	0.111650230908635	0.0852982015584153	0.0609821518036452	0.0943419464647469	0.0400835833502839	0.0763121123115222	0.100037521278166	0.268700378711777
GB188	0.0136591190792093	0.0226166291971399	0.0673321352500205	0	0.0748116330742234	0.0551987160373517	0.14786294373599	0.0201209463894066	0.0720082462737055	0.00422932465344366	0.0820742851367803	0.045667796141722	0.0703816746333332	0.026362745373538	0.0271672497343535	0.0838394556853055	0.0414639141297702	0.0271672497343535	0.0101877185280877	0.0661882226816331	0.0135765501599044	0.152087467186379	0.056036665809877	0.050744408384116	0.0509010353360814	0.0226166291406961	0.0824947963760357	0.0387841366381958	0.04237347645591	0.0382698846209531	0.0606277764709008	0.00084897657536497	0.0507120488945282	0.106264719758371	0.130120831005501	0	0.0389058290406911	0.102478482054942	0.00848976552787453	0	0.102478482054942	0.0840486790796723	0.0135836249800644	0.0428622702343596	0.0791854412492477	0.0201209463894066	0.0550858707289503	0.102478482054942	0.0959636816623235	0.0492406403928092	0.0783700076016513	0.00169795315072994	0.00424488272630807	0.108341734856367	0.292993343237675	0	0	0.104110593973386	0	0.0964544871163489	0.0840486790796723	0.0840486790796723	0.043280807013313	0.0840486790796723	0	0.0251123123059068	0.0843742594047628	0	0	0.0201209463894066	0.0585793824207903	0.149975272441151	0.0840486790796723	0.00169795307547155	0.0127346484799578	0.0292717835705991	0.0500686428123953	0.102478482054942	0.027607994793792	0.0110366953292278	0.00169795300021316	0.0209528406084788	0.0475734583469051	0.0209528406837372	0.102478482054942	0	0.00084897657536497	0.0509385930919888	0.00339590607568471	0.00254692965083652	0.0475340356880968	0.154802674747477	0.0348080387621215	0.0373549683376996	0.0521762748484058	0.0449292376787976	0.00509385937693143	0.0840486790796723	0.0144326014801709	0.0475734588925285	0.0403845883680112	0.0209528406837372	0.033258111376052	0.0339590621114981	0.00339590600042632	0.080311380740669	0	0.0775216532438391	0.0840486790796723	0.00679181252766137	0.0110366949529359	0.0608837669621212	0.452219465465257	0.0401766213466122	0.038884040024696	0.071001284144292	0.0931018823287403	0.045916157012636	0.0432978039889625	0.00848976552787453	0.0635605595742512	0.0261663752749111	0.00254692965083652	0.18828787105252
GB190	0.0145080956545743	0.0234485234914705	0.0681811118253855	0.00084897657536497	0.075643527368554	0.0560306103316822	0.148534381780962	0.0209528406837372	0.0727967623658855	0.0050747105522514	0.0829232617121453	0.046419303845426	0.0712135689276637	0.0255137687981731	0.0280162263097185	0.0845728623915953	0.0422958084241007	0.0280162263097185	0.0110366951034527	0.0670044830426423	0.0144201038885071	0.152805936757964	0.055187689234512	0.0515763026784466	0.051732929630412	0.0234485234350267	0.0833266906703662	0.0379351600628309	0.0431359689494576	0.0390864548207533	0.0614596707652314	0.00169795315072994	0.0514967762535871	0.107044366348271	0.130969807580866	0.00084897657536497	0.0397548056160561	0.101664828512855	0.0093387421032395	0.00084897657536497	0.101664828512855	0.0831997025043073	0.0127346484046994	0.043663186801955	0.0800173355435783	0.0209528406837372	0.0558440005688956	0.101664828512855	0.0967437607621906	0.0483916638174442	0.0792189841770163	0.00254692972609491	0.00509385930167304	0.109173629150698	0.293619232346313	0.00084897657536497	0.00084897657536497	0.103261617398021	0.00084897657536497	0.0956584115070526	0.0831997025043073	0.0831997025043073	0.0440703402978904	0.0831997025043073	0.00084897657536497	0.0259442066002374	0.0835252828293979	0.00084897657536497	0.00084897657536497	0.0209528406837372	0.0577304058454253	0.150646710486123	0.0831997025043073	0.00254692965083652	0.0135836250553227	0.0301036778649296	0.050893083064243	0.101664828512855	0.0284398890881225	0.0118856719045928	0.00254692957557813	0.0217847349028094	0.0484053526412357	0.0217847349780678	0.101664828512855	0.00084897657536497	0	0.0500896165166238	0.00424488265104968	0.00339590622620149	0.0482755344774988	0.155476814267611	0.0356570153374865	0.0382039449130646	0.0529995179838604	0.0457782142541625	0.0059428359522964	0.0831997025043073	0.0152815780555359	0.0467598053504421	0.0412164826623418	0.0217847349780678	0.0340571051294153	0.0348080386868631	0.00424488257579129	0.0794977271985827	0.00084897657536497	0.0767079997017528	0.0831997025043073	0.00764078910302634	0.0118856715283009	0.0617156612564518	0.45216100836041	0.0410089968995313	0.0397159343190265	0.0701876306022056	0.0922882287866539	0.0462999730700194	0.0424488274135975	0.0093387421032395	0.0627469060321649	0.0269982695692416	0.00339590622620149	0.188976995722212
GB191	0.06218167424503	0.0692391912782132	0.0958892783206521	0.0509385930919888	0.0929409738517169	0.101639740112605	0.191700000955601	0.0700346039927969	0.119306518404622	0.0549524812912098	0.121869020878968	0.0805195355881946	0.0740764566480812	0.067959239010257	0.0424488280156646	0.0980726167267997	0.0846179233054922	0.0424488275641143	0.0492406400165173	0.113944493083641	0.0638131608556241	0.194666063996276	0.0692374542205021	0.0787038930663557	0.0646126405571145	0.0708847390581863	0.0700106078551875	0.0489351814330527	0.0867430478936494	0.0794809541542723	0.10738012335743	0.0500896165166238	0.0991232092633392	0.151666447444998	0.1753080771728	0.0509385930919888	0.08052404766733	0.053659269887239	0.0458447338655742	0.0509385930919888	0.053659269887239	0.0331100859876835	0.0458447337150574	0.0795585992134581	0.0583405429026996	0.0700346039927969	0.0810658361273583	0.053659269887239	0.137840548549036	0.0322611094123185	0.0799970878946661	0.0509385930919888	0.0466937103656807	0.102208192394388	0.327171415241078	0.0509385930919888	0.0509385930919888	0.0557484945489301	0.0509385930919888	0.0678402536520452	0.0331100859876835	0.0331100859876835	0.0904898944527212	0.0331100859876835	0.0509385930919888	0.0684437784507419	0.0782765406889446	0.0509385930919888	0.0509385930919888	0.0700346039927969	0.0415998512897829	0.192569560700595	0.0331100859876835	0.0492406400165173	0.0449957572149508	0.0676666067518068	0.0610464740205895	0.053659269887239	0.0643572702514704	0.0466937103656807	0.052636546092202	0.069220950525969	0.0612850635491236	0.0708664982871275	0.053659269887239	0.0509385930919888	0.0500896165166238	0	0.050938593317764	0.0500896164413654	0.0961008191560254	0.198018521145739	0.0466937107419727	0.0509385936187975	0.0724355313889306	0.0658258528570936	0.0509385930167304	0.0331100859876835	0.0432978042147376	0.064576159146699	0.0686139151679747	0.0708664982871275	0.0823255540483227	0.0390529216389463	0.0492406399412589	0.0625038311035946	0.0509385930919888	0.0517401104849396	0.0331100859876835	0.0526365463179771	0.0517875695920954	0.0597854416365876	0.449685914949937	0.0470782731744376	0.0641998921267011	0.0650333290675072	0.12236859568517	0.0566266518500116	0.0432978048168048	0.0492406400165173	0.0488328602202613	0.071177554044007	0.0500896165918822	0.229635352438146
GB192	0.0169832166848761	0.0259442063932768	0.0697412208061327	0.00339590607568471	0.076191236368484	0.0584950666084434	0.150726235048337	0.0234485235855435	0.0750800221029556	0.00761086831922935	0.0854093845783159	0.0489953733378589	0.070418156307153	0.0282284614413676	0.0288652028098251	0.08568356267995	0.0446745396563501	0.0271672498096119	0.0135836246037724	0.0693781226497106	0.0169670334593816	0.154961345924271	0.0573553459511863	0.0474897942345853	0.0525830646958014	0.025944206336833	0.0809300538679265	0.0370861835627243	0.0442419293703455	0.0399678375459079	0.0624579079261031	0.00424488265104968	0.0538808399002359	0.109287798856244	0.133179888881818	0.00339590607568471	0.0404848248669595	0.0992238679054108	0.0101877184528293	0.00339590607568471	0.0992238679054108	0.0806527730039876	0.0152815779050191	0.0461918495294422	0.0775763750866507	0.0234485235855435	0.0551735791895125	0.0992238679054108	0.098758384660639	0.0492406404680676	0.0768465067852627	0.00509385922641465	0.00764078880199278	0.107271251786086	0.295306416473003	0.00339590607568471	0.00339590607568471	0.100886453959075	0.00339590607568471	0.093252606784003	0.0806527730039876	0.0806527730039876	0.0465660233502135	0.0806527730039876	0.00339590607568471	0.0267943416844414	0.0844428404563605	0.00339590607568471	0.00339590607568471	0.0234485235855435	0.056881429194802	0.153016102208634	0.0806527730039876	0.00509385915115626	0.0144326014049125	0.0325993607667359	0.0500195702782484	0.0992238679054108	0.0292900242852141	0.0127346485552162	0.00509385907589787	0.0242804178046157	0.0492554877254397	0.0242804178798741	0.0992238679054108	0.00339590607568471	0.00424488265104968	0.050938593317764	0	0.00594283572652123	0.0507008358836174	0.157723093574697	0.0331100858371667	0.0339590622620149	0.0506215558735409	0.0465663766319101	0.00848976545261614	0.0806527730039876	0.0161305547061593	0.0509010360886653	0.0437121655641481	0.0242804178798741	0.036458080389885	0.0339590623372733	0.00679181207611103	0.078926089567819	0.00339590607568471	0.0792036826223737	0.0806527730039876	0.00848976545261614	0.0127346481789242	0.0576291528125905	0.45203056028395	0.0418247715993361	0.0422116172208328	0.0695264331356745	0.09581524239044	0.0476141099375908	0.0415998510640077	0.0118856716035592	0.0635605598000264	0.0294939524710479	0.00594283572652123	0.191044369731287
GB99	0.0162060487300459	0.02511231215539	0.0676981884459354	0.00254692965083652	0.0755767856508192	0.057539635836476	0.15023233500695	0.0226166293476567	0.0743177267487603	0.00676548249097635	0.0846009458593949	0.0481634790999721	0.0727609596356298	0.0289096750243746	0.0297141793851901	0.0863049811580115	0.0439011212250199	0.0297141793851901	0.0110366950281943	0.0685576069159339	0.0160803268005074	0.154242876352686	0.0569477077535909	0.0515631061385978	0.0517511706084314	0.0251123120989462	0.0818783805112947	0.0379351599875725	0.0448339222507043	0.0392579663958814	0.0630744371487938	0.00339590622620149	0.0530961126164354	0.108630291214495	0.132213834861312	0.00254692965083652	0.0413338016680997	0.100037521353424	0.0110366951787111	0.00254692965083652	0.100037521353424	0.0815017494288358	0.0144326014801709	0.0436494260311428	0.0783900282336305	0.0226166293476567	0.0543246025388891	0.100037521353424	0.0983039189619247	0.0500896168929158	0.0790940901697284	0.00424488280156646	0.00679181237714459	0.110837417814617	0.294775768963978	0.00254692965083652	0.00254692965083652	0.101620919739056	0.00254692965083652	0.0940662604013477	0.0815017494288358	0.0815017494288358	0.0457341290370683	0.0815017494288358	0.00254692965083652	0.0276079952641569	0.0823139307851141	0.00254692965083652	0.00254692965083652	0.0226166293476567	0.057730405770167	0.15216712555801	0.0815017494288358	0.00424488272630807	0.0135836249800644	0.0317674665288492	0.0508685469100572	0.100037521353424	0.0301036777520421	0.0135836249800644	0.00424488265104968	0.0234485235667289	0.0500691413051552	0.0234485236419873	0.100037521353424	0.00254692965083652	0.00339590622620149	0.0500896164413654	0.00594283572652123	0	0.049959337018957	0.156967942160789	0.0339590622620149	0.036505991837593	0.0530318504180571	0.0470110069621693	0.00764078902776795	0.0815017494288358	0.0169795311310075	0.0484235938638449	0.0428802713262613	0.0234485236419873	0.0357384767119933	0.0331100856113915	0.00594283565126284	0.0809817005212259	0.00254692965083652	0.0767262405292554	0.0815017494288358	0.00764078902776795	0.0118856716035592	0.0617339019334376	0.452036225735539	0.0410267349633605	0.0413797229829461	0.0702058711286747	0.09553908942399	0.0450063663149121	0.0407508743381259	0.00933874202798111	0.0627651468596675	0.0286620582331612	0.00509385930167304	0.190355245212112
GCDF193	0.0600791295068433	0.06822990099288	0.104292392373236	0.0475340356880968	0.10443289111359	0.0976802093927005	0.183934147460292	0.0658445092426105	0.11087104981069	0.051380158331471	0.123988367297282	0.0890768942884122	0.113648004604108	0.0716017413922031	0.0735012301140361	0.125848946994114	0.0767355330965736	0.0736442419013592	0.0573381923816421	0.107514434089564	0.0596354851508607	0.186812130414476	0.0992801907387647	0.094426055673999	0.0950563758273016	0.0682299011433967	0.124915416361858	0.0841937454962971	0.0866555176449545	0.0825901120299041	0.102944505052886	0.0483830122634618	0.0940604381489031	0.11779112094129	0.16342198630475	0.0475340356880968	0.0834115168662986	0.144359039989385	0.0557549497996918	0.0475340356880968	0.144359039989385	0.127587542464637	0.060551970745578	0.0870373996369767	0.122310180499247	0.0658445092426105	0.0993593204954658	0.144359039989385	0.0999815206071644	0.0944567626774913	0.120944792875136	0.0491172782700471	0.0516714408542171	0.148675204583942	0.317493561391879	0.0475340356880968	0.0475340356880968	0.145894069337484	0.0475340356880968	0.138314187752478	0.127587542464637	0.127587542464637	0.0868104526189843	0.127587542464637	0.0475340356880968	0.0705186646582201	0.127512655023373	0.0475340356880968	0.0475340356880968	0.0658445092426105	0.103189754892479	0.185614040478913	0.127587542464637	0.0491780926181812	0.0596885289808716	0.0745610133227375	0.0945392235398594	0.144359039989385	0.0730659920496471	0.0581591822432749	0.0491780924676645	0.0666764034616827	0.0918905632664459	0.0665729437775985	0.144359039989385	0.0475340356880968	0.0482755344774988	0.0961008191560254	0.0507008358836174	0.049959337018957	0	0.184107721905516	0.0809125979289864	0.0831370945982259	0.0960737802276407	0.072172721603302	0.0524057070865776	0.127587542464637	0.061299443621226	0.0917491219712026	0.0823899147975625	0.0665729437775985	0.0777161963321645	0.0799564591260871	0.0507544172231597	0.123196220947335	0.0475340356880968	0.120601408973788	0.127587542464637	0.054042531158587	0.0583413098797654	0.104960307723494	0.467975386465439	0.0852462372958961	0.0837464629286769	0.114237576553767	0.114354696087163	0.0842852289741388	0.0889444663518607	0.0555258439195277	0.107734806798022	0.0716243720980305	0.0499126736563866	0.19382622431625
GCDF195	0.164947812454869	0.171228066011511	0.192664143111971	0.154802674747477	0.20812926539267	0.194697835604952	0.265281414519055	0.169280035101404	0.15630678177783	0.157838593528728	0.217487450049381	0.189080762516971	0.209950451146473	0.175332501079097	0.177788375980324	0.219370403976151	0.183602313426408	0.177837082457663	0.16333649932134	0.17297692145362	0.156215258845777	0.224967496413173	0.195006882677777	0.180359823459929	0.195607748146009	0.171381967010522	0.221387967918858	0.186748245749811	0.185656068075185	0.183613132045727	0.199946150785745	0.155476650204321	0.158993719954683	0.225709238663466	0.187812720660609	0.154802674747477	0.184045186699039	0.2391009532442	0.162090337186149	0.154802674747477	0.2391009532442	0.225840392287331	0.166051043705507	0.16960411526338	0.21968994974488	0.169280035101404	0.197429631168794	0.2391009532442	0.225260324399881	0.1965930739587	0.218208463806095	0.156235819513148	0.15840129494065	0.240666781561543	0.373915900184651	0.154802674747477	0.154802674747477	0.240656881470873	0.154802674747477	0.233359075405381	0.225840392287331	0.225840392287331	0.186401584157438	0.225840392287331	0.154802674747477	0.173566125333309	0.221703432500362	0.154802674747477	0.154802674747477	0.169280035101404	0.20401603156569	0.264835235521649	0.225840392287331	0.156208772400413	0.165779122499504	0.176952512125776	0.194830821168543	0.2391009532442	0.175890877842903	0.164039230858437	0.156294174266584	0.16999941846036	0.192525306509601	0.169943200292611	0.2391009532442	0.154802674747477	0.155476814267611	0.198018521145739	0.157723093574697	0.156967942160789	0.184107721905516	0	0.184072983836887	0.186267936846825	0.195218902946723	0.186195799949193	0.15911180623854	0.225840392287331	0.166967637460641	0.192401934829023	0.184815754342561	0.169943200292611	0.178953412431057	0.183331421077853	0.157841859742849	0.219849526054329	0.154802674747477	0.21810702919358	0.225840392287331	0.160454321313988	0.164161420380226	0.204135858877139	0.493578493896157	0.187740661655412	0.185323405070136	0.212137130550062	0.221725050698627	0.188690444435736	0.191506788962417	0.162036998103363	0.20768529319703	0.174501559800572	0.156967942010273	0.282426200581319
GCDF198	0.0480363072469981	0.0567242951894348	0.0889160329983993	0.0348080387621215	0.0922372923655943	0.0880053443551967	0.177699908313125	0.0542286123817015	0.104525339723837	0.0388901482966512	0.103736637856322	0.0727109517337698	0.0784690626567662	0.0522559781116669	0.038203944988323	0.0894653973959838	0.0686385334666931	0.043297804289996	0.0348080389878967	0.0987446235887932	0.0480228348098921	0.180930148772519	0.0644504406084918	0.0687811583130047	0.0537432934712581	0.0550787474470909	0.0727539851772364	0.0414328326217153	0.0713068325110156	0.0688953822610354	0.0922248277324017	0.0356570153374865	0.0836911083697671	0.136855667663945	0.161231226842813	0.0348080387621215	0.0709458238849736	0.0691186872433231	0.0331100856866499	0.0348080387621215	0.0691186872433231	0.0492406403175508	0.0399018981390529	0.070629587039502	0.063926672600586	0.0542286123817015	0.0743240998549895	0.0691186872433231	0.124667870652194	0.0449957577417595	0.0778381381974076	0.0348080387621215	0.0356570153374865	0.102342020814316	0.315476832215232	0.0348080387621215	0.0348080387621215	0.070676685019274	0.0348080387621215	0.066913400955423	0.0492406403175508	0.0492406403175508	0.075065150706455	0.0492406403175508	0.0348080387621215	0.0542833346760634	0.0790309275716844	0.0348080387621215	0.0348080387621215	0.0542286123817015	0.0458447337150574	0.179634698788927	0.0492406403175508	0.036505991837593	0.0339590620362397	0.0600883537395434	0.0554226090698832	0.0691186872433231	0.0551334698543404	0.0288652028850835	0.0331100857619083	0.0550605066007737	0.0569979064166546	0.0550605066760321	0.0691186872433231	0.0348080387621215	0.0356570153374865	0.0466937107419727	0.0331100858371667	0.0339590622620149	0.0809125979289864	0.184072983836887	0	0.0415998509887493	0.0713800412762647	0.0591367380035044	0.0348080386868631	0.0492406403175508	0.0356570153374865	0.0553523584861647	0.0678370105610652	0.0550605066760321	0.0672606610965849	0.0382039450635814	0.0348080389126383	0.0764815925686347	0.0348080387621215	0.0671995278410237	0.0492406403175508	0.0348080388373799	0.0322611094123185	0.0587893813810866	0.450536320606867	0.0477732926456615	0.0532610565047673	0.0624253205729253	0.107811743130136	0.0555360181765123	0.0373549686387332	0.0382039448378062	0.0562240717123554	0.0553544798320291	0.037354968412958	0.216541984316074
GCDF199	0.0505832364462843	0.0559288825312949	0.0914460821923885	0.0373549683376996	0.0863040982171743	0.0904068666124585	0.179891760301108	0.0567242952458786	0.106601338494908	0.0414263061247766	0.106064386421231	0.069412067457281	0.0807455186402858	0.0532704645184555	0.044146780865361	0.0913654405040422	0.0705655320086564	0.0407508750154515	0.0339590619609813	0.100645605248935	0.0504808024729066	0.183785125312179	0.0660675004726708	0.0721015248146623	0.0595300713121289	0.0559288826065533	0.0731557775476966	0.0405238046677727	0.0738488267166446	0.067722980045911	0.092925383831666	0.0365059917623346	0.086067598087318	0.139478793047895	0.16266206185324	0.0373549683376996	0.0717942772640122	0.0666777266170641	0.042448827714631	0.0373549683376996	0.0666777266170641	0.0466937107419727	0.042448827714631	0.0717153875815748	0.0614857121060292	0.0567242952458786	0.0720497103351535	0.0666777266170641	0.12610348961269	0.0475426870163041	0.0773176593009872	0.0373549683376996	0.0382039449130646	0.103484372467254	0.319164757174675	0.0373549683376996	0.0373549683376996	0.0684160325262282	0.0373549683376996	0.0725952631633992	0.0466937107419727	0.0466937107419727	0.0759152859035465	0.0466937107419727	0.0373549683376996	0.0551334698543404	0.0790346765119319	0.0373549683376996	0.0373549683376996	0.0567242952458786	0.044995757440726	0.18218162768718	0.0466937107419727	0.037354968412958	0.0382039449130646	0.0543562980237031	0.0545490964908492	0.0666777266170641	0.0592747004232322	0.0399018982143113	0.0390529213379128	0.0575561894649508	0.062784685819137	0.0575561895402092	0.0666777266170641	0.0373549683376996	0.0382039449130646	0.0509385936187975	0.0339590622620149	0.036505991837593	0.0831370945982259	0.186267936846825	0.0415998509887493	0	0.0609253927914783	0.0649579453347909	0.037354968412958	0.0466937107419727	0.0432978045157712	0.0677213292719439	0.066822441031385	0.0575561895402092	0.0693192694035142	0.0356570154880032	0.0407508743381259	0.0725437769798016	0.0373549683376996	0.069695210554684	0.0466937107419727	0.0356570152622281	0.036505991837593	0.0579939679703628	0.450206501917406	0.0419500747864897	0.0623913353515996	0.0649210034182878	0.109482810879597	0.0578002296764441	0.0348080384610879	0.0339590622620149	0.0586844316185123	0.0562046150103061	0.038203944988323	0.218609358626183
GCDF200	0.0633402526980699	0.0331262317862399	0.110761431751378	0.0521762748484058	0.0713131126543187	0.0735637532039122	0.18882132186131	0.0322745216944528	0.118408957496285	0.0546455781041372	0.122446111826734	0.0527515285883588	0.059448354200206	0.0722399677403949	0.0671746103525764	0.117377630256192	0.0489289452970931	0.0623341880625848	0.0555917983780606	0.112960402016537	0.0619573729357334	0.19186062757114	0.0928310048437179	0.0501950139396194	0.041512889999219	0.0347529023913949	0.0711199591980513	0.0751360513721452	0.0886753924905953	0.0839181328850864	0.0694995787455653	0.0529944180238126	0.0954642044662526	0.150374509300096	0.172729510268328	0.0521762748484058	0.083627715857342	0.0712405372542715	0.0571787849332046	0.0521762748484058	0.0712405372542715	0.0916052433765597	0.0588437344201586	0.0874409692531282	0.0563698703601881	0.0322745216944528	0.0898341370012724	0.0712405372542715	0.104118610609962	0.0789271681710626	0.0990724639233315	0.0538176612345257	0.0562959344060433	0.101353837906223	0.322737629967506	0.0521762748484058	0.0521762748484058	0.111399443123979	0.0521762748484058	0.0604195024329002	0.0916052433765597	0.0916052433765597	0.0549781433156118	0.0916052433765597	0.0521762748484058	0.0306653186086227	0.113016841744985	0.0521762748484058	0.0521762748484058	0.0322745216944528	0.0798568580149099	0.191044100701357	0.0916052433765597	0.0538348560832968	0.0580855435644737	0.0364138954695352	0.0804396718552317	0.0712405372542715	0.0315278183264338	0.0580445842986757	0.0538176611968965	0.0314534708547095	0.0447251884727692	0.0314605994328781	0.0712405372542715	0.0521762748484058	0.0529995179838604	0.0724355313889306	0.0506215558735409	0.0530318504180571	0.0960737802276407	0.195218902946723	0.0713800412762647	0.0609253927914783	0	0.0818024768748067	0.0538858121467961	0.0916052433765597	0.054837985641577	0.0479789323483904	0.0440644084692302	0.0314605994328781	0.0828033545703599	0.0689153589233003	0.0522306747358255	0.0773194514243214	0.0521762748484058	0.0595915960712415	0.0916052433765597	0.0523141255282392	0.0564063904110831	0.0480259162646652	0.438179635640347	0.0762728516275835	0.0434187141651608	0.0549162754817217	0.0938135272390538	0.079560365678385	0.0714641065346171	0.0523309857782089	0.0692069918679243	0.0394570961349992	0.0530456013488348	0.226157544989779
GCDF203	0.0579605378737353	0.0641183997457377	0.0930575808754774	0.0449292376787976	0.100434845614463	0.0956355582809809	0.183845498420373	0.0637784733465224	0.109553252901844	0.0488900908532392	0.114626562768462	0.0797212970151444	0.0894092139458716	0.0633450280686822	0.0558632356349868	0.103452444664494	0.0769274254150764	0.0545285690312434	0.0510126330485248	0.107099276826237	0.0577484304979067	0.187520141854431	0.0783383816179603	0.0823949956043501	0.0787846605773225	0.0629245847689383	0.095351641433257	0.065098875813713	0.0820393860340118	0.0788685361845325	0.10059054049127	0.0457173999812868	0.0924540093977644	0.125556761191951	0.165500905026089	0.0449292376787976	0.0795149727903231	0.0969953577062397	0.0448684235564386	0.0449292376787976	0.0969953577062397	0.0782761846979459	0.0523062400294073	0.0825363709544293	0.0904946064557692	0.0637784733465224	0.0864333888948566	0.0969953577062397	0.133526659598856	0.0602076180806064	0.0927952552082563	0.0432312845280676	0.045717400207062	0.12292626464382	0.319780129675913	0.0449292376787976	0.0449292376787976	0.098758740820969	0.0449292376787976	0.0956249935458405	0.0782761846979459	0.0782761846979459	0.0842919711663265	0.0782761846979459	0.0449292376787976	0.0662208257261852	0.0997465936975046	0.0449292376787976	0.0449292376787976	0.0637784733465224	0.0637046225143201	0.185601472478322	0.0782761846979459	0.0465663764813934	0.0470110071126861	0.0656614832467202	0.0771239973943342	0.0969953577062397	0.0658186695002245	0.0485873317929229	0.0466271906790107	0.0641586347812354	0.0730109774893281	0.062964819804436	0.0969953577062397	0.0449292376787976	0.0457782142541625	0.0658258528570936	0.0465663766319101	0.0470110069621693	0.072172721603302	0.186195799949193	0.0591367380035044	0.0649579453347909	0.0818024768748067	0	0.0466271907542691	0.0782761846979459	0.0510529170584197	0.0793168637148961	0.0709951650351286	0.062964819804436	0.0760890015335095	0.0678886917203364	0.0478599834622759	0.0942785451282756	0.0449292376787976	0.0881472122338083	0.0782761846979459	0.0499014687357527	0.0536811908688208	0.0844418356439682	0.456952408407674	0.0669066954517003	0.0716462451964617	0.0899279967439596	0.112733088490186	0.0656167632627367	0.065746107787797	0.0493754940954122	0.071848532485992	0.0648458650655518	0.0440802610281742	0.202560107214282
GCDF204	0.018537553271862	0.0276079952641569	0.0703674474110206	0.00509385937693143	0.07974452327824	0.0597547475210946	0.151891572457371	0.0251123124564236	0.0767152453161249	0.00930164054487691	0.0852339666223887	0.0489332277252518	0.0736110946069462	0.0314566047504695	0.0288652028098251	0.0855342748603134	0.0426539756884479	0.030563155960555	0.0135836247542892	0.0709027854556387	0.0186033282814679	0.156483276925906	0.0578190140952968	0.0539330397591446	0.0509557576304433	0.0276079952077131	0.0792584228846762	0.0421604457490071	0.047294368120757	0.0416273367450093	0.0656191425379178	0.0059428359522964	0.0556086751472468	0.110778217439098	0.134877842258323	0.00509385937693143	0.0422427794246963	0.0975965605766484	0.013583624904806	0.00509385937693143	0.0975965605766484	0.0789548197027409	0.0169795313567826	0.047825161123065	0.0759490677578883	0.0251123124564236	0.0584786384545191	0.0975965605766484	0.100289568229757	0.0475426871668209	0.0750992873100319	0.00679181252766137	0.0093387421032395	0.106874092322106	0.295481746846979	0.00509385937693143	0.00509385937693143	0.0992457562624806	0.00509385937693143	0.0932973520924347	0.0789548197027409	0.0789548197027409	0.0481450905026209	0.0789548197027409	0.00509385937693143	0.0301036783729238	0.0860390580362744	0.00509385937693143	0.00509385937693143	0.0251123124564236	0.0551834761945888	0.154358977997544	0.0789548197027409	0.00509385930167304	0.0144326015554293	0.034263149637616	0.0533418681359652	0.0975965605766484	0.0325993608608089	0.0144326015554293	0.00679181237714459	0.0259442066754958	0.0476281804907503	0.0259442067507542	0.0975965605766484	0.00509385937693143	0.0059428359522964	0.0509385930167304	0.00848976545261614	0.00764078902776795	0.0524057070865776	0.15911180623854	0.0348080386868631	0.037354968412958	0.0538858121467961	0.0466271907542691	0	0.0789548197027409	0.0161305545556425	0.0476281811868904	0.0452298496407692	0.0259442067507542	0.0381394521229797	0.0390529214884296	0.00848976537735775	0.0806593655260524	0.00509385937693143	0.072639731765546	0.0789548197027409	0.0118856719045928	0.0161305543298673	0.0625840370740854	0.451943878573601	0.0435393257536972	0.0405843103059916	0.0727015544255876	0.0945858359336853	0.0470881356735422	0.046693710215164	0.0101877186033461	0.0618979294756145	0.0295121933549944	0.00764078902776795	0.192422619221186
GCDF205	0.0933065734276868	0.100037521503941	0.120001158253713	0.0840486790796723	0.112854155834125	0.133032384375581	0.219483934944928	0.102478482054942	0.150004727822362	0.087922533202653	0.142705410963508	0.103159685590954	0.0852174726738171	0.0907943451193848	0.0568814293453188	0.103413723089328	0.106720707520391	0.0568814293453188	0.0738609605515846	0.144673870293179	0.0964841360997672	0.222686382405686	0.0789816715952122	0.0974527742299768	0.0723733011858933	0.100037521579199	0.0603402035517825	0.0516647866202725	0.111096512639161	0.108303727600912	0.133960580566164	0.0831997025043073	0.130498446749918	0.181002054626894	0.203233031838229	0.0840486790796723	0.109168136285411	0.0219267814824677	0.0755589135517978	0.0840486790796723	0.0219267814824677	0	0.070465054099608	0.10754388642281	0.0447090810936208	0.102478482054942	0.0959338416354825	0.0219267814824677	0.164965983743619	0.0348080386868631	0.0727777055869199	0.0823507259289424	0.0798037963533642	0.103441067679663	0.350480140760692	0.0840486790796723	0.0840486790796723	0.0238407718187029	0.0840486790796723	0.0432002670649025	0	0	0.118964902416925	0	0.0840486790796723	0.097596560689536	0.0778709454932297	0.0840486790796723	0.0840486790796723	0.102478482054942	0.025469296658882	0.221418725119697	0	0.0823507260042007	0.0713140305997145	0.0935282932048795	0.068098393955616	0.0219267814824677	0.0951556004771981	0.0730119837504445	0.0823507260794591	0.101664828588114	0.0756279151284635	0.101664828512855	0.0219267814824677	0.0840486790796723	0.0831997025043073	0.0331100859876835	0.0806527730039876	0.0815017494288358	0.127587542464637	0.225840392287331	0.0492406403175508	0.0466937107419727	0.0916052433765597	0.0782761846979459	0.0789548197027409	0	0.0696160775995014	0.0756279145075817	0.0958289399065754	0.101664828512855	0.114511487911446	0.0500896169681742	0.080652773079246	0.0593610231510618	0.0840486790796723	0.0463363876133555	0	0.0772568665520109	0.0730119841267364	0.0626094586620427	0.447973730889234	0.05958278240128	0.0817985168347756	0.0581853812127703	0.13112888075035	0.0660854235592515	0.0407508750907098	0.0755589135517978	0.0397448554032981	0.0954107748099951	0.0815017494288358	0.256511216512834
GCDF206	0.0261783422243716	0.0367588324829786	0.0780907640365338	0.0144326014801709	0.0815855161559702	0.0688114956472859	0.160165085109195	0.0342631496752452	0.0856812999706076	0.0186008856434262	0.0935504599051042	0.0550178874359287	0.0713459261777726	0.0404553146223829	0.0399018982143113	0.0865529577689941	0.0495905813695204	0.0314121327616952	0.0246203200082586	0.0795368636497343	0.0278315200762014	0.164386443718515	0.0628214130046392	0.0556808219037273	0.0535244037858163	0.0367588324265348	0.0801354958064327	0.0397140224925195	0.0563736583548363	0.0523121924036079	0.0739014596499578	0.0152815780555359	0.0644875743021869	0.118834551235642	0.142695496404412	0.0144326014801709	0.0496461769246092	0.0886463716889571	0.0212244138573155	0.0144326014801709	0.0886463716889571	0.0696160775995014	0.0263182733095053	0.0542925149954931	0.0719355228121835	0.0342631496752452	0.0640612258152528	0.0886463716889571	0.107295996387198	0.048391663967961	0.0762672848021141	0.012734648329441	0.018677484206479	0.105190786448392	0.301183627109335	0.0144326014801709	0.0144326014801709	0.0903650573784053	0.0144326014801709	0.0892754313018587	0.0696160775995014	0.0696160775995014	0.0570841230865982	0.0696160775995014	0.0144326014801709	0.0376089676048117	0.0875587326596783	0.0144326014801709	0.0144326014801709	0.0342631496752452	0.0526365462427187	0.162277413513323	0.0696160775995014	0.0144326014049125	0.0237713438091856	0.0434139868564377	0.045676542596534	0.0886463716889571	0.0384591028207179	0.0203754376582425	0.0161305544803841	0.0334494962084173	0.0534879224318447	0.0350950439695758	0.0886463716889571	0.0144326014801709	0.0152815780555359	0.0432978042147376	0.0161305547061593	0.0169795311310075	0.061299443621226	0.166967637460641	0.0356570153374865	0.0432978045157712	0.054837985641577	0.0510529170584197	0.0161305545556425	0.0696160775995014	0	0.051842374444911	0.0494440432938963	0.0350950439695758	0.0472822568068902	0.0399018981390529	0.0161305543298673	0.0715861252198617	0.0144326014801709	0.06862618640592	0.0696160775995014	0.0178285077063724	0.0237713435834104	0.0602160396825786	0.451492658167174	0.0477510067549619	0.0481066818753577	0.0670424609473257	0.102293136651919	0.0483414581929794	0.044146780865361	0.0229223670080455	0.0610512703506634	0.0370345648114729	0.0169795311310075	0.200002990587793
GCDF208	0.0603961674214313	0.0282844089799457	0.102026366769816	0.0475734588925285	0.0741606301279983	0.069412129714784	0.186722157146744	0.0274525147044297	0.115068545376863	0.051520866313667	0.120168733683349	0.0497036488218741	0.0610674122216726	0.0694030848040123	0.0593841454258772	0.109427146199677	0.0429885499555655	0.0577385981538982	0.0509739988342379	0.109578281791523	0.0601670560097755	0.189994803582779	0.0794094473198809	0.0480476897398029	0.0382671403613958	0.0299481976814944	0.0585520323177781	0.0609668522245354	0.0863181776320091	0.0819988419875653	0.0664238264088077	0.0484053531116006	0.0948809191133037	0.147381352392411	0.16981016332754	0.0475734588925285	0.0826430117918385	0.0549050270758494	0.0493102104337227	0.0475734588925285	0.0549050270758494	0.0756279145075817	0.0526560282315871	0.0847518793448354	0.04991366112172	0.0274525147044297	0.0936652354783181	0.0549050270758494	0.0997440890606606	0.066203466682422	0.100367520023325	0.0492372474247458	0.050087382546579	0.0871531973884563	0.321803145035349	0.0475734588925285	0.0475734588925285	0.0961401972806815	0.0475734588925285	0.0594031449802446	0.0756279145075817	0.0756279145075817	0.0486951320610865	0.0756279145075817	0.0475734588925285	0.027452514553913	0.102167066882807	0.0475734588925285	0.0475734588925285	0.0274525147044297	0.062189920720729	0.187902975507607	0.0756279145075817	0.0475916995883289	0.0485330385466417	0.0299481976814944	0.0760519273692008	0.0549050270758494	0.0282844089046873	0.0518058934860458	0.0475916995130705	0.0282844090552041	0.0349395633345903	0.0266206203536554	0.0549050270758494	0.0475734588925285	0.0467598053504421	0.064576159146699	0.0509010360886653	0.0484235938638449	0.0917491219712026	0.192401934829023	0.0553523584861647	0.0677213292719439	0.0479789323483904	0.0793168637148961	0.0476281811868904	0.0756279145075817	0.051842374444911	0	0.0378031534227458	0.0266206203536554	0.0788508536425805	0.0561660129313517	0.0492554881017316	0.0708587268235708	0.0475734588925285	0.0482498721943961	0.0756279145075817	0.0525830652226101	0.0534514408144686	0.04159471791501	0.438669819723476	0.0653340955725824	0.0303357536481185	0.0501409213275018	0.082399160046168	0.0651271404754935	0.068607945409086	0.0526013061065565	0.0580204422726776	0.0297260290632645	0.04842359408962	0.223963806424478
GCDF209	0.0517050487864198	0.0212383179953604	0.0965496055744212	0.0403845883680112	0.0681294294619801	0.0630324021772002	0.179348686992219	0.0204064235693277	0.107258956804119	0.0443356031683659	0.116505634058455	0.0410122626809159	0.0510826144706119	0.0634125986070645	0.0569858145006377	0.109382065690377	0.0358927908419359	0.0601308050593643	0.0502942678038821	0.102422134894313	0.0529949253782479	0.182985700441129	0.0823315739104844	0.0432902761179991	0.0411307299980009	0.0229021065463923	0.0644145154516504	0.0697179690868867	0.0800868772120789	0.076228955911115	0.0606062078867296	0.0412164825870834	0.0877354783993779	0.13561639639389	0.161603311020316	0.0403845883680112	0.0741067616776987	0.0755589269477912	0.0470579840017088	0.0403845883680112	0.0755589269477912	0.0958289399065754	0.0486852011709201	0.0790852398959675	0.0640585103420296	0.0204064235693277	0.0898194131300305	0.0755589269477912	0.0944811199048553	0.0735323176427622	0.098190531435639	0.0420483769002286	0.0396074166314469	0.0971463845685275	0.316295356160463	0.0403845883680112	0.0403845883680112	0.115513360729874	0.0403845883680112	0.0765671320353644	0.0958289399065754	0.0958289399065754	0.0434831001918123	0.0958289399065754	0.0403845883680112	0.0204064234188109	0.113558975377619	0.0403845883680112	0.0403845883680112	0.0204064235693277	0.0808915027200875	0.181385436518626	0.0958289399065754	0.042048376881414	0.0511444026246817	0.026156631985096	0.081734794220238	0.0755589269477912	0.0278934724252633	0.0495536667529983	0.0404028289885533	0.0195745292185533	0.0377301003294762	0.021238317920102	0.0755589269477912	0.0403845883680112	0.0412164826623418	0.0686139151679747	0.0437121655641481	0.0428802713262613	0.0823899147975625	0.184815754342561	0.0678370105610652	0.066822441031385	0.0440644084692302	0.0709951650351286	0.0452298496407692	0.0958289399065754	0.0494440432938963	0.0378031534227458	0	0.021238317920102	0.0714818689069062	0.0636409684978049	0.042066617596029	0.0749183708068096	0.0403845883680112	0.0589940921977313	0.0958289399065754	0.0453211424326656	0.049553666113302	0.0542949351547944	0.442209777205881	0.0694318216181163	0.0348631322496768	0.0526772908339597	0.0876843947352785	0.0772483902936331	0.0727187536581598	0.0486304791023334	0.0636662992865148	0.0275982519178981	0.0428802714015197	0.207917561886286
GCDF210	0.0341208760410246	0.00332757732783905	0.0859936988827857	0.0209528406837372	0.0560778904743869	0.0441540401391309	0.163525260665049	0.00083189435077436	0.0901210707132563	0.0250105804227518	0.10026857832616	0.0265733098441904	0.0514338737485385	0.0464824938187093	0.0475734584974219	0.102204612973664	0.0224463032050566	0.0459279106233758	0.0309355725543668	0.0845287232236429	0.0339918915332869	0.167314528967395	0.0753978112467913	0.0317241751560659	0.0299481967783938	0.00332757732783905	0.0633592336165785	0.0588963432707871	0.0618423621988658	0.0578700829146787	0.0421078327027234	0.0217847349028094	0.0696725123985247	0.123237862863173	0.146368373712205	0.0209528406837372	0.0584134356579696	0.0815256474295048	0.0292717838716326	0.0209528406837372	0.0815256474295048	0.101664828512855	0.0342631495059139	0.0622595671865374	0.0582326048552388	0.00083189435077436	0.0726873189060375	0.0815256474295048	0.0780800882388245	0.0675571616739035	0.0956861205173261	0.0226166292159545	0.0251123118919857	0.0898346735371484	0.303713741326573	0.0209528406837372	0.0209528406837372	0.120994050657809	0.0209528406837372	0.075662281034947	0.101664828512855	0.101664828512855	0.0243737158751247	0.101664828512855	0.0209528406837372	0.00582326075645408	0.102866073374194	0.0209528406837372	0.0209528406837372	0.00083189435077436	0.0767079991373149	0.165390823995977	0.101664828512855	0.0226166291971399	0.0334312552115833	0.00998273228455072	0.0696493322500075	0.0815256474295048	0.00831894320671005	0.0317674669051411	0.0226166292912129	0.00166378870154872	0.0282844083026202	0	0.0815256474295048	0.0209528406837372	0.0217847349780678	0.0708664982871275	0.0242804178798741	0.0234485236419873	0.0665729437775985	0.169943200292611	0.0550605066760321	0.0575561895402092	0.0314605994328781	0.062964819804436	0.0259442067507542	0.101664828512855	0.0350950439695758	0.0266206203536554	0.021238317920102	0	0.0529251143787846	0.0525830648651328	0.0242804177293573	0.0775584657159117	0.0209528406837372	0.0582326052315307	0.101664828512855	0.0276079950007525	0.0317674664159616	0.0415947178397516	0.440243365186633	0.0601520528922779	0.0220168100274874	0.0517696994121629	0.0734263806030004	0.0652305753807528	0.0633794496381524	0.029271783852818	0.0644384665471135	0.00809677496477209	0.0234485237172457	0.202273346709483
GCDF212	0.0459388839927587	0.054478649764952	0.0918099696211743	0.033258111376052	0.104192224208905	0.0752052009256199	0.171999988362494	0.0520932200844541	0.0994586136304971	0.0372151834184699	0.106951873185057	0.0768646992216207	0.100514165662003	0.0582019910216331	0.0597156057454119	0.108816921085383	0.0721387837383181	0.0595565882859507	0.0430836007563454	0.0750212836258038	0.0458503148678427	0.176300644573539	0.0867796350797318	0.0812944347095309	0.0819705750492185	0.0544928059433446	0.112212972659053	0.0707836262881756	0.0730553989985375	0.0693617003471261	0.0903723891636338	0.0340571051670445	0.0807364171163903	0.133643049163499	0.156608064292055	0.033258111376052	0.0699357595859152	0.131763528468031	0.0414519740099257	0.033258111376052	0.131763528468031	0.114511487911446	0.0462793379344723	0.0590817959170149	0.109231113860703	0.0520932200844541	0.0855545155666392	0.131763528468031	0.120789114272956	0.0809346891826752	0.107103144844072	0.0349560645267819	0.0373864467773173	0.136609033634416	0.310064352070442	0.033258111376052	0.033258111376052	0.129913691318396	0.033258111376052	0.125732720895398	0.114511487911446	0.114511487911446	0.0736697811746236	0.114511487911446	0.033258111376052	0.0569283216250966	0.114026764727602	0.033258111376052	0.033258111376052	0.0520932200844541	0.0898668533473304	0.174196716905995	0.114511487911446	0.0348266918174546	0.0456618155268106	0.0609294914574635	0.0811786611159944	0.131763528468031	0.0594060393144386	0.0439825603606725	0.0349394827140401	0.0528629095378247	0.0787606023139123	0.0529251143787846	0.131763528468031	0.033258111376052	0.0340571051294153	0.0823255540483227	0.036458080389885	0.0357384767119933	0.0777161963321645	0.178953412431057	0.0672606610965849	0.0693192694035142	0.0828033545703599	0.0760890015335095	0.0381394521229797	0.114511487911446	0.0472822568068902	0.0788508536425805	0.0714818689069062	0.0529251143787846	0	0.0660046310436846	0.0365874528546225	0.110036188096862	0.033258111376052	0.10753343288194	0.114511487911446	0.0397855441716283	0.0439638623196368	0.0915747655348645	0.456409742735853	0.0717540287948919	0.0701594736728102	0.101261319592595	0.119184685344196	0.0774078404323922	0.0750437141631288	0.0414022294183572	0.094394935144469	0.057942136990452	0.0356903718878524	0.210454558934828
GCDF214	0.0472591389158759	0.0526013056926354	0.0881413723332713	0.0339590621114981	0.0898128636933938	0.0873098384701844	0.176850930458367	0.0533967184072191	0.103273211780823	0.0380447626001004	0.105382704674596	0.0707050007626866	0.0755531666706307	0.0530199466480149	0.0390529214884296	0.0911259785002907	0.0703112214352145	0.0390529216389463	0.0356570151869697	0.097975043485863	0.0470408263823224	0.180911246122736	0.0679741446869542	0.072249846946862	0.0594935901274886	0.0558924011585086	0.0780559392890545	0.0439405679100692	0.0671434978945087	0.0664288796333954	0.0909433532882519	0.0348080386868631	0.0828974093451644	0.136333574776096	0.159948483561025	0.0339590621114981	0.0718537556252094	0.0699323403714883	0.0407508744886427	0.0339590621114981	0.0699323403714883	0.0500896169681742	0.0356570151869697	0.0680871627133603	0.0696769696707376	0.0533967184072191	0.0617742832712453	0.0699323403714883	0.123588991436091	0.0407508749401931	0.075765925374898	0.0356570152622281	0.0365059916870763	0.107238592749292	0.316908987483593	0.0339590621114981	0.0339590621114981	0.0717546834488108	0.0339590621114981	0.0758057949180254	0.0500896169681742	0.0500896169681742	0.074063813069252	0.0500896169681742	0.0339590621114981	0.0518058928651641	0.0784925522301534	0.0339590621114981	0.0339590621114981	0.0533967184072191	0.0466937105161975	0.178963259690338	0.0500896169681742	0.0339590621867565	0.0365059916870763	0.0543198165756584	0.0596184195254487	0.0699323403714883	0.054301576162077	0.03141213253592	0.0356570151117113	0.0542286126262913	0.0578115614074649	0.0525830648651328	0.0699323403714883	0.0339590621114981	0.0348080386868631	0.0390529216389463	0.0339590623372733	0.0331100856113915	0.0799564591260871	0.183331421077853	0.0382039450635814	0.0356570154880032	0.0689153589233003	0.0678886917203364	0.0390529214884296	0.0500896169681742	0.0399018981390529	0.0561660129313517	0.0636409684978049	0.0525830648651328	0.0660046310436846	0	0.0373549681119245	0.0676006156988818	0.0339590621114981	0.0713042766043935	0.0500896169681742	0.0390529216389463	0.0297141794604484	0.0563119386670866	0.4504679405328	0.043494071510404	0.0573840459263084	0.074757808687711	0.107492831883707	0.0493104644496032	0.0432978041394792	0.0356570153374865	0.0604347897072633	0.0545225861397657	0.0365059917623346	0.215852859044316
GCDF216	0.0153570719289057	0.02594420624276	0.0705004766997364	0.00339590600042632	0.0759834537865839	0.0582125758507637	0.150903773202439	0.0234485234350267	0.0753334816168956	0.00761086831922935	0.0835230179845986	0.047349825501442	0.0689918353513937	0.0297586513739644	0.0288652027345667	0.0823996657731407	0.0447914911753903	0.0305631557347799	0.0118856716788176	0.069266009586628	0.0168907617482197	0.154261778550919	0.0576799897232441	0.0523321258863716	0.0492919691734844	0.0259442061863162	0.0825312779181533	0.0421800426386221	0.0457693824563364	0.039903025095812	0.063748701673114	0.00424488257579129	0.0538828008704715	0.109409937729137	0.132907344385831	0.00339590600042632	0.0406043048609387	0.0992238680559276	0.0118856715283009	0.00339590600042632	0.0992238680559276	0.080652773079246	0.0169795309804907	0.0445447778799618	0.0775763750866507	0.0234485234350267	0.0566021303335826	0.0992238680559276	0.0984595836413027	0.0492406403928092	0.0752737397196317	0.00509385915115626	0.00764078872673439	0.108378216360856	0.295401658072616	0.00339590600042632	0.00339590600042632	0.100829198730714	0.00339590600042632	0.0932350289452859	0.080652773079246	0.080652773079246	0.0464813014059657	0.080652773079246	0.00339590600042632	0.0284398893515269	0.0859286437243825	0.00339590600042632	0.00339590600042632	0.0234485234350267	0.0585793825713071	0.152838563301949	0.080652773079246	0.00509385907589787	0.0161305544803841	0.0325993606162192	0.0533664041020051	0.0992238680559276	0.0292900241535119	0.0144326013296542	0.0033959061509431	0.0242804176540989	0.0509010353925252	0.0242804177293573	0.0992238680559276	0.00339590600042632	0.00424488257579129	0.0492406399412589	0.00679181207611103	0.00594283565126284	0.0507544172231597	0.157841859742849	0.0348080389126383	0.0407508743381259	0.0522306747358255	0.0478599834622759	0.00848976537735775	0.080652773079246	0.0161305543298673	0.0492554881017316	0.042066617596029	0.0242804177293573	0.0365874528546225	0.0373549681119245	0	0.0803478621322699	0.00339590600042632	0.0759125870812421	0.080652773079246	0.00848976537735775	0.0127346481036658	0.0609202484666097	0.452033123283675	0.0418745743468253	0.0405307464075811	0.067746670145278	0.0962190226360102	0.0491904348436028	0.0432978041394792	0.0118856715283009	0.0619161704348193	0.0294939523205312	0.00594283565126284	0.19104436958077
GCDF218	0.0908095882358876	0.0758946768826607	0.125753417159572	0.080311380740669	0.100719495742309	0.111204100960884	0.192786927243243	0.0767265713651373	0.144708447346483	0.0841034047747727	0.141551191909145	0.082543913293818	0.0852232200441637	0.0899992111430626	0.0701343197977603	0.118912671528042	0.0882446031001481	0.0807058402534687	0.08163609617211	0.13933953274079	0.0927550722515643	0.217208225167159	0.0939566586354766	0.0896164153636706	0.0742227859193026	0.0775767064681559	0.0762907796812178	0.0722299017049749	0.112027670228572	0.108913413728728	0.107748017505263	0.0794977272738411	0.126245450962222	0.176474756438925	0.187888209272947	0.080311380740669	0.107998205969731	0.0558234708327236	0.0786681498466718	0.080311380740669	0.0558234708327236	0.0593610231510618	0.0755281415626858	0.106602361049465	0.0691601231581334	0.0767265713651373	0.109129099325851	0.0558234708327236	0.141894202265475	0.0748051284539579	0.0975663367884629	0.0789784947316153	0.0795159678943832	0.105887008774461	0.333375740833957	0.080311380740669	0.080311380740669	0.0806389760903337	0.080311380740669	0.0695472982514537	0.0593610231510618	0.0593610231510618	0.096595290596738	0.0593610231510618	0.080311380740669	0.0738747995534931	0.110494666817513	0.080311380740669	0.080311380740669	0.0767265713651373	0.0639372949272093	0.202545682939635	0.0593610231510618	0.0786487506984761	0.0810375810422079	0.0740951007288514	0.0836757360910526	0.0558234708327236	0.0759311583118908	0.0746085186949884	0.0803296213612111	0.0759129178983094	0.071975625675134	0.0775584657159117	0.0558234708327236	0.080311380740669	0.0794977271985827	0.0625038311035946	0.078926089567819	0.0809817005212259	0.123196220947335	0.219849526054329	0.0764815925686347	0.0725437769798016	0.0773194514243214	0.0942785451282756	0.0806593655260524	0.0593610231510618	0.0715861252198617	0.0708587268235708	0.0749183708068096	0.0775584657159117	0.110036188096862	0.0676006156988818	0.0803478621322699	0	0.080311380740669	0.0638685896051954	0.0593610231510618	0.0788533245636658	0.0793908750356147	0.0654116753639296	0.445960116205793	0.0765482838820628	0.0737414946873682	0.0684572814239396	0.123323800719597	0.0863292872190776	0.0621567751196298	0.0833864549570011	0.0663270618804176	0.0767757848582484	0.0795159678003102	0.24984886926232
GCDF221	0.0136591190792093	0.0226166291971399	0.0673321352500205	0	0.0748116330742234	0.0551987160373517	0.14786294373599	0.0201209463894066	0.0720082462737055	0.00422932465344366	0.0820742851367803	0.045667796141722	0.0703816746333332	0.026362745373538	0.0271672497343535	0.0838394556853055	0.0414639141297702	0.0271672497343535	0.0101877185280877	0.0661882226816331	0.0135765501599044	0.152087467186379	0.056036665809877	0.050744408384116	0.0509010353360814	0.0226166291406961	0.0824947963760357	0.0387841366381958	0.04237347645591	0.0382698846209531	0.0606277764709008	0.00084897657536497	0.0507120488945282	0.106264719758371	0.130120831005501	0	0.0389058290406911	0.102478482054942	0.00848976552787453	0	0.102478482054942	0.0840486790796723	0.0135836249800644	0.0428622702343596	0.0791854412492477	0.0201209463894066	0.0550858707289503	0.102478482054942	0.0959636816623235	0.0492406403928092	0.0783700076016513	0.00169795315072994	0.00424488272630807	0.108341734856367	0.292993343237675	0	0	0.104110593973386	0	0.0964544871163489	0.0840486790796723	0.0840486790796723	0.043280807013313	0.0840486790796723	0	0.0251123123059068	0.0843742594047628	0	0	0.0201209463894066	0.0585793824207903	0.149975272441151	0.0840486790796723	0.00169795307547155	0.0127346484799578	0.0292717835705991	0.0500686428123953	0.102478482054942	0.027607994793792	0.0110366953292278	0.00169795300021316	0.0209528406084788	0.0475734583469051	0.0209528406837372	0.102478482054942	0	0.00084897657536497	0.0509385930919888	0.00339590607568471	0.00254692965083652	0.0475340356880968	0.154802674747477	0.0348080387621215	0.0373549683376996	0.0521762748484058	0.0449292376787976	0.00509385937693143	0.0840486790796723	0.0144326014801709	0.0475734588925285	0.0403845883680112	0.0209528406837372	0.033258111376052	0.0339590621114981	0.00339590600042632	0.080311380740669	0	0.0775216532438391	0.0840486790796723	0.00679181252766137	0.0110366949529359	0.0608837669621212	0.452219465465257	0.0401766213466122	0.038884040024696	0.071001284144292	0.0931018823287403	0.045916157012636	0.0432978039889625	0.00848976552787453	0.0635605595742512	0.0261663752749111	0.00254692965083652	0.18828787105252
GCDF223	0.086638873838114	0.0598963938578211	0.124430532181504	0.0775216532438391	0.0818851952901994	0.0967980734251364	0.211705956551613	0.0574007108807564	0.142842817468324	0.0813449376798941	0.144161303819279	0.061585536659366	0.056399276837556	0.0907089437612078	0.0630035743945175	0.116375198305556	0.0636942063768705	0.071231313388456	0.0694033583494449	0.137498413109117	0.0898366598506467	0.21473575044762	0.0922929960293601	0.0624965652070864	0.0449222959201745	0.0549050279036917	0.0472252011825942	0.0711503130468455	0.107182837721675	0.107768440318078	0.0935823726232606	0.0767079997770112	0.123644593105924	0.173632296441932	0.19612088923653	0.0775216532438391	0.105886529547849	0.0249568308995228	0.0743217612569681	0.0775216532438391	0.0249568308995228	0.0463363876133555	0.0727309357149131	0.104978383415275	0.0316119857057176	0.0574007108807564	0.10236922105906	0.0249568308995228	0.126133987623634	0.0583040613417674	0.100922948727855	0.0775398940713418	0.075098933670858	0.0887832098988572	0.342004655286519	0.0775216532438391	0.0775216532438391	0.0681930560468122	0.0775216532438391	0.0430022418931729	0.0463363876133555	0.0463363876133555	0.0780926358820212	0.0463363876133555	0.0775216532438391	0.0590644997328219	0.0988701715350452	0.0775216532438391	0.0775216532438391	0.0574007108807564	0.0608727069327024	0.213571519619136	0.0463363876133555	0.0775398939396396	0.0702534933960197	0.0549050274521413	0.0775779328788772	0.0249568308995228	0.0549050276779165	0.078462991731787	0.0775398941466002	0.056568816529982	0.0482498727964632	0.0582326052315307	0.0249568308995228	0.0775216532438391	0.0767079997017528	0.0517401104849396	0.0792036826223737	0.0767262405292554	0.120601408973788	0.21810702919358	0.0671995278410237	0.069695210554684	0.0595915960712415	0.0881472122338083	0.072639731765546	0.0463363876133555	0.06862618640592	0.0482498721943961	0.0589940921977313	0.0582326052315307	0.10753343288194	0.0713042766043935	0.0759125870812421	0.0638685896051954	0.0775216532438391	0	0.0463363876133555	0.0775946162340015	0.0718808008941135	0.0415947182160435	0.436912099520365	0.0722778960121701	0.0519832482354508	0.0418905905551381	0.105539044873281	0.0812837921384007	0.060708540689313	0.0743217609935638	0.0482748413853573	0.0530190701135481	0.0767262403034803	0.248365572757191
GCDF226	0.0933065734276868	0.100037521503941	0.120001158253713	0.0840486790796723	0.112854155834125	0.133032384375581	0.219483934944928	0.102478482054942	0.150004727822362	0.087922533202653	0.142705410963508	0.103159685590954	0.0852174726738171	0.0907943451193848	0.0568814293453188	0.103413723089328	0.106720707520391	0.0568814293453188	0.0738609605515846	0.144673870293179	0.0964841360997672	0.222686382405686	0.0789816715952122	0.0974527742299768	0.0723733011858933	0.100037521579199	0.0603402035517825	0.0516647866202725	0.111096512639161	0.108303727600912	0.133960580566164	0.0831997025043073	0.130498446749918	0.181002054626894	0.203233031838229	0.0840486790796723	0.109168136285411	0.0219267814824677	0.0755589135517978	0.0840486790796723	0.0219267814824677	0	0.070465054099608	0.10754388642281	0.0447090810936208	0.102478482054942	0.0959338416354825	0.0219267814824677	0.164965983743619	0.0348080386868631	0.0727777055869199	0.0823507259289424	0.0798037963533642	0.103441067679663	0.350480140760692	0.0840486790796723	0.0840486790796723	0.0238407718187029	0.0840486790796723	0.0432002670649025	0	0	0.118964902416925	0	0.0840486790796723	0.097596560689536	0.0778709454932297	0.0840486790796723	0.0840486790796723	0.102478482054942	0.025469296658882	0.221418725119697	0	0.0823507260042007	0.0713140305997145	0.0935282932048795	0.068098393955616	0.0219267814824677	0.0951556004771981	0.0730119837504445	0.0823507260794591	0.101664828588114	0.0756279151284635	0.101664828512855	0.0219267814824677	0.0840486790796723	0.0831997025043073	0.0331100859876835	0.0806527730039876	0.0815017494288358	0.127587542464637	0.225840392287331	0.0492406403175508	0.0466937107419727	0.0916052433765597	0.0782761846979459	0.0789548197027409	0	0.0696160775995014	0.0756279145075817	0.0958289399065754	0.101664828512855	0.114511487911446	0.0500896169681742	0.080652773079246	0.0593610231510618	0.0840486790796723	0.0463363876133555	0	0.0772568665520109	0.0730119841267364	0.0626094586620427	0.447973730889234	0.05958278240128	0.0817985168347756	0.0581853812127703	0.13112888075035	0.0660854235592515	0.0407508750907098	0.0755589135517978	0.0397448554032981	0.0954107748099951	0.0815017494288358	0.256511216512834
GCDF230	0.0186811700613812	0.0292717835141553	0.0724744655831595	0.00679181252766137	0.0748463678502976	0.0616176273259852	0.154299679503898	0.026776100706422	0.0785098221303538	0.0109924122013829	0.088535802119007	0.0523229504587373	0.0704546374917933	0.0297586517502563	0.030563155960555	0.0871870618765101	0.0480021168713016	0.0288652028098251	0.011885671754076	0.0723722570321777	0.020246405591906	0.157835224662164	0.0576228270627031	0.053193291573964	0.0509739984767606	0.0276262357529968	0.0794104861302508	0.0404820897136674	0.0489923211962286	0.0448996656470829	0.0670404123763243	0.00764078910302634	0.0571113561816288	0.112459648739208	0.13600479111527	0.00679181252766137	0.0454002489345242	0.0959692538311385	0.0152815780555359	0.00679181252766137	0.0959692538311385	0.0772568665520109	0.0186774843569958	0.0470051716712087	0.0726762130254447	0.026776100706422	0.0585694853404556	0.0959692538311385	0.10125428701591	0.0492406404680676	0.0786564648151398	0.00848976567839131	0.0110366952539694	0.111828976545972	0.297826127572493	0.00679181252766137	0.00679181252766137	0.0975478031117507	0.00679181252766137	0.090033148330721	0.0772568665520109	0.0772568665520109	0.0497665178181246	0.0772568665520109	0.00679181252766137	0.0301219187865053	0.0833801592916551	0.00679181252766137	0.00679181252766137	0.026776100706422	0.0551834761945888	0.15570185491533	0.0772568665520109	0.00848976560313292	0.0161305547061593	0.0359269378876144	0.0516439148159039	0.0959692538311385	0.0342631491108073	0.0178285078568892	0.00848976552787453	0.0276079949254941	0.0509375170099013	0.0276079950007525	0.0959692538311385	0.00679181252766137	0.00764078910302634	0.0526365463179771	0.00848976545261614	0.00764078902776795	0.054042531158587	0.160454321313988	0.0348080388373799	0.0356570152622281	0.0523141255282392	0.0499014687357527	0.0118856719045928	0.0772568665520109	0.0178285077063724	0.0525830652226101	0.0453211424326656	0.0276079950007525	0.0397855441716283	0.0390529216389463	0.00848976537735775	0.0788533245636658	0.00679181252766137	0.0775946162340015	0.0772568665520109	0	0.0178285074805973	0.0593111825297878	0.451916326176036	0.0435404627198222	0.0438936467875134	0.0662047115314488	0.0974434398378086	0.0453901825228123	0.0432978040642209	0.013583624904806	0.0653132352827474	0.0328215295919264	0.00933874217849789	0.193800868711086
GCDF244	0.0246240056373856	0.0334312549293643	0.07507766781356	0.0110366949529359	0.0768235770214086	0.0658872408999337	0.156769178882994	0.030935572121631	0.0820833738479349	0.0152193416201632	0.091516270236385	0.054756487446903	0.0710902176232952	0.037314432287457	0.0280162259334266	0.0900581560257559	0.0520446366733975	0.03141213253592	0.0161305544803841	0.0764038851390583	0.0244266574336874	0.161427573272676	0.0613196463596941	0.0597248626402532	0.0485512783769706	0.0334312548729205	0.080324036530172	0.0464053284753152	0.0499253137545152	0.0475438138978048	0.0708076116638352	0.0118856715283009	0.061127162416174	0.116358336399902	0.139636438678611	0.0110366949529359	0.049645131209282	0.0919009861959652	0.0195264604808104	0.0110366949529359	0.0919009861959652	0.0730119841267364	0.0195264604808104	0.0510258929371232	0.0801267803768919	0.030935572121631	0.0592336302453821	0.0919009861959652	0.104847665085937	0.044995757440726	0.0810526184963457	0.0127346481036658	0.013583624528514	0.10788389276525	0.300812710415233	0.0110366949529359	0.0110366949529359	0.0933601760277242	0.0110366949529359	0.0892738300102829	0.0730119841267364	0.0730119841267364	0.053841267138569	0.0730119841267364	0.0110366949529359	0.0326358422335952	0.0819496709966298	0.0110366949529359	0.0110366949529359	0.030935572121631	0.0594283589208969	0.159236584423166	0.0730119841267364	0.0127346480284074	0.0203754371314338	0.0384408614664066	0.0524192825147901	0.0919009861959652	0.0367770728213016	0.0186774842817374	0.00933874195272272	0.0317674663407032	0.0518058927334619	0.0317674664159616	0.0919009861959652	0.0110366949529359	0.0118856715283009	0.0517875695920954	0.0127346481789242	0.0118856716035592	0.0583413098797654	0.164161420380226	0.0322611094123185	0.036505991837593	0.0564063904110831	0.0536811908688208	0.0161305543298673	0.0730119841267364	0.0237713435834104	0.0534514408144686	0.049553666113302	0.0317674664159616	0.0439638623196368	0.0297141794604484	0.0127346481036658	0.0793908750356147	0.0110366949529359	0.0718808008941135	0.0730119841267364	0.0178285074805973	0	0.058534010304044	0.451691169931431	0.0376485664999545	0.0430982338095253	0.0736552785630479	0.0982500613864624	0.0449455518162612	0.0390529216389463	0.0144326011791374	0.06108543478103	0.0369980833634283	0.0135836246037724	0.197246491607994
GCDF246	0.0736374102457605	0.0399309290629445	0.109754525708279	0.0608837669621212	0.0645380637260398	0.0827057205441624	0.197122303580846	0.0407628234889772	0.127163900927913	0.0647760087793524	0.131226356470525	0.0553323135080964	0.0594036234448654	0.0746378969175346	0.05459342748303	0.116397700488868	0.0525619505029736	0.0562389756769243	0.0593476640154617	0.121981124196089	0.0733649568124251	0.201212021287042	0.0856919657025072	0.0511283739046617	0.0382671402861374	0.0399309292134613	0.053971861799558	0.0675813518652711	0.0957490001250096	0.0888419171814064	0.0772955374735774	0.0600701134952933	0.107494044879621	0.158858854474142	0.181028682663284	0.0608837669621212	0.0956693976891763	0.0415947182913019	0.0626205185033155	0.0608837669621212	0.0415947182913019	0.0626094586620427	0.0560930495648974	0.0935564594851299	0.0399309300413035	0.0407628234889772	0.090856270488314	0.0415947182913019	0.110063711350614	0.0630582971216151	0.0962982815925521	0.0609020077896239	0.0633976903339528	0.0831170379362925	0.331026819619265	0.0608837669621212	0.0608837669621212	0.0838208219431566	0.0608837669621212	0.0511754011133253	0.0626094586620427	0.0626094586620427	0.0602145698485952	0.0626094586620427	0.0608837669621212	0.0390990347874285	0.101415603600367	0.0608837669621212	0.0608837669621212	0.0407628234889772	0.0656269425244042	0.19881668065985	0.0626094586620427	0.062547555475524	0.0585522509622152	0.04159471791501	0.0678993975273286	0.0415947182913019	0.0415947179902684	0.0618251061650238	0.0609020078648823	0.0415947178397516	0.0399309292134613	0.0415947178397516	0.0415947182913019	0.0608837669621212	0.0617156612564518	0.0597854416365876	0.0576291528125905	0.0617339019334376	0.104960307723494	0.204135858877139	0.0587893813810866	0.0579939679703628	0.0480259162646652	0.0844418356439682	0.0625840370740854	0.0626094586620427	0.0602160396825786	0.04159471791501	0.0542949351547944	0.0415947178397516	0.0915747655348645	0.0563119386670866	0.0609202484666097	0.0654116753639296	0.0608837669621212	0.0415947182160435	0.0626094586620427	0.0593111825297878	0.058534010304044	0	0.437972684701284	0.0670136020641134	0.0370091489619679	0.0436916037114582	0.0922190343791788	0.0712301271845295	0.0555894891308113	0.0626205185221301	0.0514200100995073	0.0413725490333757	0.0617339021592128	0.234809036206717
GCDF252	0.446979386336876	0.440088547841467	0.464273976256149	0.452219465465257	0.437332258983092	0.436155902917939	0.478949138311425	0.440269315483594	0.475551484510152	0.453577170167306	0.467906216178278	0.443680051601294	0.438839648107086	0.456406935898945	0.450919292189858	0.465339831029526	0.444543760834318	0.450915125584362	0.451609680447916	0.467544927741542	0.456578443146715	0.440345603408235	0.45027413241791	0.443314803068084	0.438594305756116	0.440116030098212	0.439431921099172	0.451520486010445	0.461369208615236	0.446358811072629	0.452854991561235	0.45217770127335	0.467887914240962	0.451297370773373	0.479620136395849	0.452219465465257	0.462774067816108	0.43559821898287	0.451776141470129	0.452219465465257	0.43559821898287	0.447973730889234	0.451593741925076	0.458325109698556	0.437033077382078	0.440269315483594	0.461610523438213	0.43559821898287	0.460312475158711	0.449759994492386	0.445755158108894	0.452153922933521	0.451978676848941	0.446270499265555	0.529012617137697	0.452219465465257	0.452219465465257	0.439968296373733	0.452219465465257	0.435468180613084	0.447973730889234	0.447973730889234	0.447426325444019	0.447973730889234	0.452219465465257	0.440074448332642	0.462588656430293	0.452219465465257	0.452219465465257	0.440269315483594	0.449242780003885	0.479040716332619	0.447973730889234	0.452136792317785	0.451434954850361	0.439753211808927	0.456029051783109	0.43559821898287	0.439959523653743	0.451580078011811	0.452166036523954	0.440228195503505	0.438901519534564	0.440243365186633	0.43559821898287	0.452219465465257	0.45216100836041	0.449685914949937	0.45203056028395	0.452036225735539	0.467975386465439	0.493578493896157	0.450536320606867	0.450206501917406	0.438179635640347	0.456952408407674	0.451943878573601	0.447973730889234	0.451492658167174	0.438669819723476	0.442209777205881	0.440243365186633	0.456409742735853	0.4504679405328	0.452033123283675	0.445960116205793	0.452219465465257	0.436912099520365	0.447973730889234	0.451916326176036	0.451691169931431	0.437972684701284	0	0.453282346930167	0.440037315241014	0.438598307696256	0.430838590920574	0.45498417423229	0.449928842108659	0.451773646503988	0.443704615036647	0.440179505432495	0.452099034280488	0.517637079412287
GCDF254	0.0515937255601389	0.0601865855055024	0.0917249722688487	0.0401766213466122	0.0923247387952576	0.0931730393809502	0.181789202747321	0.0593361044396656	0.108666415260446	0.0442033398642459	0.111998823781808	0.076431542446818	0.0814184542143285	0.0538173818565679	0.0368362032817771	0.0948287133277968	0.075245369808993	0.0502836096918944	0.0385484831087818	0.102864910274594	0.0531294983482421	0.185192621416516	0.065975587363496	0.0802107319386318	0.06867796414052	0.0602025313848498	0.0854687215101839	0.0518351064787971	0.0747220756090952	0.0721896965846871	0.0954641013246293	0.0410255979219771	0.0883914982203883	0.141759684591582	0.164370818797386	0.0401766213466122	0.0761540776701889	0.0790390620628993	0.0452893555277225	0.0401766213466122	0.0790390620628993	0.05958278240128	0.0451886131606921	0.0740012647490008	0.0772012346471199	0.0593361044396656	0.0777569988911802	0.0790390620628993	0.12854745585208	0.043529547092439	0.0831571823418742	0.0401766213466122	0.0393453826845595	0.108813334256411	0.319735356503063	0.0401766213466122	0.0401766213466122	0.0807396400193072	0.0401766213466122	0.0799045105925714	0.05958278240128	0.05958278240128	0.0814648380860536	0.05958278240128	0.0401766213466122	0.057745624992131	0.0875671659737374	0.0401766213466122	0.0401766213466122	0.0593361044396656	0.0528207607002872	0.182909870915341	0.05958278240128	0.0402109603388141	0.0427613010385422	0.0553710886625328	0.062254264216983	0.0790390620628993	0.0602575993409964	0.0393642576392552	0.0402109601318535	0.0601679986587378	0.0637204392690851	0.0601520528922779	0.0790390620628993	0.0401766213466122	0.0410089968995313	0.0470782731744376	0.0418247715993361	0.0410267349633605	0.0852462372958961	0.187740661655412	0.0477732926456615	0.0419500747864897	0.0762728516275835	0.0669066954517003	0.0435393257536972	0.05958278240128	0.0477510067549619	0.0653340955725824	0.0694318216181163	0.0601520528922779	0.0717540287948919	0.043494071510404	0.0418745743468253	0.0765482838820628	0.0401766213466122	0.0722778960121701	0.05958278240128	0.0435404627198222	0.0376485664999545	0.0670136020641134	0.453282346930167	0	0.0648719828124299	0.0739672288975932	0.114061929040937	0.0620276430490041	0.0443796606339288	0.0368671310369415	0.0680405956815289	0.0604383552240001	0.0410433357600311	0.219709225375243
GCDF255	0.0518084510859817	0.0203530212506802	0.0957790446853397	0.038884040024696	0.0673583425543826	0.0632862197517446	0.17874665287408	0.021184915676713	0.106986012121644	0.0428725262925104	0.114255235652731	0.0421545545410628	0.0551672492815991	0.0592209028287066	0.0507288923995061	0.109347806377995	0.0349986864573727	0.0572940008432576	0.0455745178265403	0.101528927665016	0.0514250892506103	0.182693285472465	0.0828490453311289	0.0434913934406006	0.0303539939864416	0.022016809952229	0.0589273970461253	0.0669787798377902	0.0778671756875936	0.0755310390483249	0.0615355767535441	0.0397330166000609	0.0867181046668327	0.139509650191875	0.16210390798597	0.038884040024696	0.0728472607454868	0.0636297690710335	0.0422834221913357	0.038884040024696	0.0636297690710335	0.0817985168347756	0.0406755142741733	0.0715397652803045	0.0469918813029624	0.021184915676713	0.0838397819586475	0.0636297690710335	0.0942793222840386	0.0657930346111758	0.0923634394815173	0.0405478285569133	0.0397694983303246	0.0854906570354495	0.315734244506769	0.038884040024696	0.038884040024696	0.102023894851557	0.038884040024696	0.0662979254348561	0.0817985168347756	0.0817985168347756	0.0425866281406747	0.0817985168347756	0.038884040024696	0.0211849155261962	0.0999771456864446	0.038884040024696	0.038884040024696	0.021184915676713	0.0650523444167291	0.180220645429058	0.0817985168347756	0.0389022807204964	0.0513795369088349	0.0286719647207946	0.0741528612796706	0.0636297690710335	0.0253443871295512	0.0464075704415639	0.0388669579694367	0.0220168100274874	0.0403184857633379	0.0220168100274874	0.0636297690710335	0.038884040024696	0.0397159343190265	0.0641998921267011	0.0422116172208328	0.0413797229829461	0.0837464629286769	0.185323405070136	0.0532610565047673	0.0623913353515996	0.0434187141651608	0.0716462451964617	0.0405843103059916	0.0817985168347756	0.0481066818753577	0.0303357536481185	0.0348631322496768	0.0220168100274874	0.0701594736728102	0.0573840459263084	0.0405307464075811	0.0737414946873682	0.038884040024696	0.0519832482354508	0.0817985168347756	0.0438936467875134	0.0430982338095253	0.0370091489619679	0.440037315241014	0.0648719828124299	0	0.0522105084788619	0.0840046869948356	0.0640574132440367	0.0648710950080192	0.0439289696138314	0.0513624979013746	0.0263795239117109	0.0397341752217876	0.217068137845608
GCDF257	0.0806756406984847	0.0501745226934101	0.118359773504463	0.071001284144292	0.0790718579382607	0.0903547006198252	0.206218906894627	0.0509378050613885	0.136843409577403	0.0748411722932801	0.136710371972636	0.0631366150848793	0.0586253359462276	0.084260791671848	0.0680355473487365	0.108930366998068	0.065901834254313	0.0713937509090009	0.0662411928101621	0.131142220996094	0.0833720533609992	0.208862614977841	0.0887115772324379	0.0530021337020879	0.0501745234083648	0.0484421220843238	0.0476809558693809	0.0630993681837513	0.102853971204222	0.0987385104626718	0.0857701716624727	0.0718331783633642	0.117057955043033	0.167437505616684	0.189565467074363	0.071001284144292	0.101954903415959	0.0370714596350386	0.0711259947468837	0.071001284144292	0.0370714596350386	0.0581853812127703	0.0679232223015843	0.10113563601191	0.0370364485289713	0.0509378050613885	0.103787031683205	0.0370714596350386	0.120246148508306	0.0701195479304803	0.0943328597855688	0.0710195248400924	0.0685785645713108	0.0876146528230171	0.337994733242073	0.071001284144292	0.071001284144292	0.0795799004421993	0.071001284144292	0.0449820024742171	0.0581853812127703	0.0581853812127703	0.0718559572717758	0.0581853812127703	0.071001284144292	0.0509378050613885	0.103971812949337	0.071001284144292	0.071001284144292	0.0509378050613885	0.0545871671891273	0.208217732194397	0.0581853812127703	0.0726314716492638	0.0736735192588483	0.0501745225805225	0.0779221563628226	0.0370714596350386	0.0501059108611309	0.0686515275426585	0.0693739770601193	0.0517696994121629	0.0483749198040577	0.0517696994121629	0.0370714596350386	0.071001284144292	0.0701876306022056	0.0650333290675072	0.0695264331356745	0.0702058711286747	0.114237576553767	0.212137130550062	0.0624253205729253	0.0649210034182878	0.0549162754817217	0.0899279967439596	0.0727015544255876	0.0581853812127703	0.0670424609473257	0.0501409213275018	0.0526772908339597	0.0517696994121629	0.101261319592595	0.074757808687711	0.067746670145278	0.0684572814239396	0.071001284144292	0.0418905905551381	0.0581853812127703	0.0662047115314488	0.0736552785630479	0.0436916037114582	0.438598307696256	0.0739672288975932	0.0522105084788619	0	0.0952164828024729	0.0839229916608093	0.0577476968932332	0.0744170901939423	0.051679188141016	0.0499523542256969	0.0734969671778005	0.242669000318556
GCDF259	0.0991023126989603	0.074888088411153	0.142245686359026	0.0931018823287403	0.0964805034525467	0.108100217136771	0.219906595902461	0.074056194135637	0.15182481937562	0.0966704704356615	0.158717565370178	0.0948441051172488	0.103954295994657	0.111220019051071	0.104690006341447	0.153390232078505	0.0769407690474481	0.10359394384755	0.0990677808947635	0.14615798696424	0.104702986174762	0.204143328197075	0.12209852858249	0.0988817519386007	0.0883600439387138	0.0759920787179109	0.106116271116818	0.112370856087467	0.128111516417126	0.120938368009949	0.108080273851602	0.0937846031115212	0.136204782271325	0.157948641764997	0.201987087500818	0.0931018823287403	0.126525377892334	0.111650230908635	0.0979526439173655	0.0931018823287403	0.111650230908635	0.13112888075035	0.103976820078161	0.126832716750226	0.100240225969541	0.074056194135637	0.131749297087692	0.111650230908635	0.14000083333013	0.114887641893342	0.134695126665662	0.0946580071303278	0.093970257864155	0.135323764248328	0.345104477321259	0.0931018823287403	0.0931018823287403	0.149001937491274	0.0931018823287403	0.109932452797739	0.13112888075035	0.13112888075035	0.0932776336040762	0.13112888075035	0.0931018823287403	0.0739070206429019	0.149163326173268	0.0931018823287403	0.0931018823287403	0.074056194135637	0.116912562023811	0.221361913257326	0.13112888075035	0.0946533630103475	0.0992478694239951	0.0802030540776975	0.121258156900906	0.111650230908635	0.0771379470825195	0.0960860194807703	0.0930149046083291	0.0748880884864114	0.0845151285480971	0.0734263806030004	0.111650230908635	0.0931018823287403	0.0922882287866539	0.12236859568517	0.09581524239044	0.09553908942399	0.114354696087163	0.221725050698627	0.107811743130136	0.109482810879597	0.0938135272390538	0.112733088490186	0.0945858359336853	0.13112888075035	0.102293136651919	0.082399160046168	0.0876843947352785	0.0734263806030004	0.119184685344196	0.107492831883707	0.0962190226360102	0.123323800719597	0.0931018823287403	0.105539044873281	0.13112888075035	0.0974434398378086	0.0982500613864624	0.0922190343791788	0.430838590920574	0.114061929040937	0.0840046869948356	0.0952164828024729	0	0.111533693912806	0.116978667168455	0.0942765906867054	0.107659381767265	0.0769983540204438	0.0953800389072811	0.234303936061233
GCDF261	0.0588394629232811	0.0657005488420978	0.0978904277876471	0.045916157012636	0.0977945296902849	0.0978948703092156	0.186529106262958	0.0648504138707814	0.112519727737615	0.0498952128209475	0.119458948892325	0.0815539751013722	0.0881957610636347	0.0631213338688166	0.0497756245160344	0.110261939268446	0.0780864475163245	0.0562239048456905	0.047088135447767	0.108421928841959	0.0586233564718354	0.18944755911526	0.0791518000340221	0.0838453139771115	0.0746880836333289	0.0668943638188971	0.0904591982676224	0.0596482814524812	0.0829825936393304	0.0793855096580404	0.101660385859585	0.046765133588001	0.0935528740813636	0.135034063736899	0.166937692448346	0.045916157012636	0.078085195085015	0.0852982015584153	0.0470273213254081	0.045916157012636	0.0852982015584153	0.0660854235592515	0.0465621608074265	0.0792134578405607	0.07938017985887	0.0648504138707814	0.0856909567509035	0.0852982015584153	0.132819967438476	0.0529480282254893	0.0978063518049741	0.0442182038619061	0.0478762977502563	0.119871613823555	0.322948182923625	0.045916157012636	0.045916157012636	0.0868646292523904	0.045916157012636	0.0918112428049849	0.0660854235592515	0.0660854235592515	0.0866485911825992	0.0660854235592515	0.045916157012636	0.0643949271038626	0.0903468084982549	0.045916157012636	0.045916157012636	0.0648504138707814	0.0609323488491954	0.187106468159743	0.0660854235592515	0.0458553426645019	0.049978597146092	0.0690061314727622	0.0703520166753518	0.0852982015584153	0.0673423433920952	0.0512113900046156	0.0459161568621192	0.0656823080898535	0.0692632259669328	0.0652305753807528	0.0852982015584153	0.045916157012636	0.0462999730700194	0.0566266518500116	0.0476141099375908	0.0450063663149121	0.0842852289741388	0.188690444435736	0.0555360181765123	0.0578002296764441	0.079560365678385	0.0656167632627367	0.0470881356735422	0.0660854235592515	0.0483414581929794	0.0651271404754935	0.0772483902936331	0.0652305753807528	0.0774078404323922	0.0493104644496032	0.0491904348436028	0.0863292872190776	0.045916157012636	0.0812837921384007	0.0660854235592515	0.0453901825228123	0.0449455518162612	0.0712301271845295	0.45498417423229	0.0620276430490041	0.0640574132440367	0.0839229916608093	0.111533693912806	0	0.0567688103577103	0.0491904346178276	0.0705042674460194	0.0658422475210344	0.0450671805125294	0.209697983481667
GCDF273	0.054828119097334	0.0633976903151382	0.0935860200587547	0.0432978039889625	0.0948280002169236	0.0944918464831632	0.184591827217979	0.0625475553438218	0.112015054871639	0.0473440075575402	0.112926925015118	0.0748388086718441	0.0783274702426761	0.0578553797771232	0.0432978045157712	0.0880345908097095	0.073607905231642	0.0415998512145245	0.0399018980637945	0.106615107581772	0.0563755428625478	0.188729420755849	0.0685623349866482	0.0777361611788622	0.0653533319556954	0.0617521427044965	0.0758226144908354	0.0397165423880021	0.074438350971299	0.0721373185139112	0.0998070355730526	0.0424488274135975	0.0917444664872054	0.145206603738997	0.167883215980096	0.0432978039889625	0.0744017306150812	0.0609821518036452	0.0415998510640077	0.0432978039889625	0.0609821518036452	0.0407508750907098	0.039901897762761	0.0740276594467536	0.060726780425569	0.0625475553438218	0.0775414508852092	0.0609821518036452	0.13063261018257	0.0432978043652544	0.0755053948272358	0.0415998508382325	0.0424488275641143	0.104471247361013	0.323736464435404	0.0432978039889625	0.0432978039889625	0.0627022186162496	0.0432978039889625	0.0718982678395931	0.0407508750907098	0.0407508750907098	0.0815267416112351	0.0407508750907098	0.0432978039889625	0.0626022777887005	0.0782268485148447	0.0432978039889625	0.0432978039889625	0.0625475553438218	0.0407508746391595	0.186526617543264	0.0407508750907098	0.044995757064434	0.0441467807148442	0.0651162011981612	0.0569733449192059	0.0609821518036452	0.0650979603706586	0.0390529212626544	0.0432978041394792	0.0617339018769939	0.0653168496609938	0.0633794496381524	0.0609821518036452	0.0432978039889625	0.0424488274135975	0.0432978048168048	0.0415998510640077	0.0407508743381259	0.0889444663518607	0.191506788962417	0.0373549686387332	0.0348080384610879	0.0714641065346171	0.065746107787797	0.046693710215164	0.0407508750907098	0.044146780865361	0.068607945409086	0.0727187536581598	0.0633794496381524	0.0750437141631288	0.0432978041394792	0.0432978041394792	0.0621567751196298	0.0432978039889625	0.060708540689313	0.0407508750907098	0.0432978040642209	0.0390529216389463	0.0555894891308113	0.449928842108659	0.0443796606339288	0.0648710950080192	0.0577476968932332	0.116978667168455	0.0567688103577103	0	0.0432978040642209	0.0495576272069505	0.0653360528551569	0.0441467806395858	0.223433229959372
GCDF279	0.0203073144410596	0.0309355723662208	0.0727506206380297	0.00848976552787453	0.0760381762690917	0.0632004460150545	0.155109940679988	0.0284398895584875	0.0798308104276657	0.0126831841307005	0.0868506883318075	0.0523411914743859	0.0735311779485206	0.0330695497116657	0.0288652029603419	0.0873185942805551	0.0479618815912141	0.0271672498096119	0.0118856716035592	0.0740629617463459	0.0219478657177527	0.159357155663799	0.0556573928757147	0.0589061647540692	0.0526377868960903	0.030935572309777	0.0811194494705309	0.0422009003132281	0.0473783841036787	0.0449128880946323	0.0686166250720771	0.0093387421032395	0.0588028624729075	0.113939956056349	0.137563594814503	0.00848976552787453	0.0456386856508978	0.0943419464647469	0.0152815779050191	0.00848976552787453	0.0943419464647469	0.0755589135517978	0.0203754373572089	0.047797640032991	0.0776310968353893	0.0284398895584875	0.0584755004054368	0.0943419464647469	0.103113245933947	0.0441467810158778	0.0754223092637881	0.0101877186786045	0.0093387421032395	0.106910574089999	0.298982664491191	0.00848976552787453	0.00848976552787453	0.095792594695031	0.00848976552787453	0.0916972126284934	0.0755589135517978	0.0755589135517978	0.0497423977487617	0.0755589135517978	0.00848976552787453	0.0317857076573854	0.0845550106781902	0.00848976552787453	0.00848976552787453	0.0284398895584875	0.0568814293453188	0.157399807915543	0.0755589135517978	0.00848976560313292	0.0161305545556425	0.0342996309351439	0.0532927955265599	0.0943419464647469	0.0359269379628728	0.0178285077063724	0.0101877185280877	0.0292717837775596	0.0493102102079476	0.029271783852818	0.0943419464647469	0.00848976552787453	0.0093387421032395	0.0492406400165173	0.0118856716035592	0.00933874202798111	0.0555258439195277	0.162036998103363	0.0382039448378062	0.0339590622620149	0.0523309857782089	0.0493754940954122	0.0101877186033461	0.0755589135517978	0.0229223670080455	0.0526013061065565	0.0486304791023334	0.029271783852818	0.0414022294183572	0.0356570153374865	0.0118856715283009	0.0833864549570011	0.00848976552787453	0.0743217609935638	0.0755589135517978	0.013583624904806	0.0144326011791374	0.0626205185221301	0.451773646503988	0.0368671310369415	0.0439289696138314	0.0744170901939423	0.0942765906867054	0.0491904346178276	0.0432978040642209	0	0.0636323642060913	0.0328397704758728	0.0110366951787111	0.195179117749436
GCDF281	0.0763714700711496	0.0611291300279625	0.110314262410005	0.0635605595742512	0.0908024759229386	0.0984994894401594	0.200274163123333	0.0636065721963391	0.129930068033211	0.0674829889568641	0.127812002663209	0.0743364299638103	0.0666174512130745	0.0806175331124152	0.05878808300453	0.102802526591477	0.0685548969177586	0.062078020206154	0.065277912193025	0.12503318038929	0.0760828952653089	0.204126980268594	0.0790437636991041	0.0687866133985796	0.0513105655860419	0.0627746779208231	0.0506000439213081	0.0568268429299798	0.0962845572091714	0.0900260058391576	0.0991351979624743	0.0627115829988863	0.110728548011846	0.162740992814905	0.184789199457325	0.0635605595742512	0.0957480903827783	0.0400835833502839	0.063561718045461	0.0635605595742512	0.0400835833502839	0.0397448554032981	0.0587151198450363	0.0915973812078286	0.0482201186206305	0.0636065721963391	0.0922825332881525	0.0400835833502839	0.131862250843433	0.045471118443241	0.0752712996356716	0.0618979294567999	0.0610842759147136	0.0918577151805764	0.335313356886006	0.0635605595742512	0.0635605595742512	0.0619980384680358	0.0635605595742512	0.056169421891823	0.0397448554032981	0.0397448554032981	0.0809905592803702	0.0397448554032981	0.0635605595742512	0.0603337171064182	0.0879008995764183	0.0635605595742512	0.0635605595742512	0.0636065721963391	0.0461993616149582	0.202129612648577	0.0397448554032981	0.0618979295320583	0.0644471762758313	0.0628476413249066	0.0701564912957073	0.0400835833502839	0.0594835822856185	0.0628722742425673	0.063560559724768	0.0627929187295112	0.0529743536478943	0.0644384665471135	0.0400835833502839	0.0635605595742512	0.0627469060321649	0.0488328602202613	0.0635605598000264	0.0627651468596675	0.107734806798022	0.20768529319703	0.0562240717123554	0.0586844316185123	0.0692069918679243	0.071848532485992	0.0618979294756145	0.0397448554032981	0.0610512703506634	0.0580204422726776	0.0636662992865148	0.0644384665471135	0.094394935144469	0.0604347897072633	0.0619161704348193	0.0663270618804176	0.0635605595742512	0.0482748413853573	0.0397448554032981	0.0653132352827474	0.06108543478103	0.0514200100995073	0.443704615036647	0.0680405956815289	0.0513624979013746	0.051679188141016	0.107659381767265	0.0705042674460194	0.0495576272069505	0.0636323642060913	0	0.0671727147066232	0.0627298236006137	0.238493811301511
GCDF284	0.0376888626640794	0.00976056359106242	0.0892298567400436	0.0261663752749111	0.0608132638865047	0.0502717211428616	0.167938415995902	0.00726488061399773	0.095099713935545	0.0302050747871023	0.101892134268778	0.0315013494192049	0.0526426976001022	0.0499252393239676	0.0511414451204767	0.102496910896717	0.0288208135488358	0.0495129796591672	0.0345035591774216	0.0895949846528696	0.0391913664837678	0.171901829314954	0.073910077469367	0.0372018204493956	0.0380449716302783	0.00976056353461863	0.0633542129412444	0.0543087385030407	0.0654188707997703	0.0629809814495872	0.0483972923736079	0.0269982694939832	0.0746633092863391	0.127839851654088	0.150735048859408	0.0261663752749111	0.0620039025077013	0.0763121123115222	0.0344853184628065	0.0261663752749111	0.0763121123115222	0.0954107748099951	0.0394937663781221	0.06581011946981	0.0563466474413872	0.00726488061399773	0.0735264186832038	0.0763121123115222	0.0831941108811985	0.0645771214945449	0.0942802929103073	0.0278301638071284	0.0303258464831595	0.0894307002538081	0.306506521473027	0.0261663752749111	0.0261663752749111	0.115044622540925	0.0261663752749111	0.0705724362886012	0.0954107748099951	0.0954107748099951	0.0307116307167694	0.0954107748099951	0.0261663752749111	0.0122562470196775	0.103506727576858	0.0261663752749111	0.0261663752749111	0.00726488061399773	0.0737450409755863	0.170070772162742	0.0954107748099951	0.0278301637883138	0.0353707763356994	0.0114243522926111	0.0666336134791073	0.0763121123115222	0.0147519294699334	0.0353354536598981	0.0278301638823868	0.00809677496477209	0.0280622399289801	0.00809677496477209	0.0763121123115222	0.0261663752749111	0.0269982695692416	0.071177554044007	0.0294939524710479	0.0286620582331612	0.0716243720980305	0.174501559800572	0.0553544798320291	0.0562046150103061	0.0394570961349992	0.0648458650655518	0.0295121933549944	0.0954107748099951	0.0370345648114729	0.0297260290632645	0.0275982519178981	0.00809677496477209	0.057942136990452	0.0545225861397657	0.0294939523205312	0.0767757848582484	0.0261663752749111	0.0530190701135481	0.0954107748099951	0.0328215295919264	0.0369980833634283	0.0413725490333757	0.440179505432495	0.0604383552240001	0.0263795239117109	0.0499523542256969	0.0769983540204438	0.0658422475210344	0.0653360528551569	0.0328397704758728	0.0671727147066232	0	0.0270165104720027	0.206614872873431
GCDF287	0.0162060487300459	0.0251123122306484	0.0697228964794465	0.00254692965083652	0.0771903643064728	0.057680877565284	0.150054796627074	0.0226166294229151	0.0743144836389657	0.00676548256623474	0.0846009459346533	0.0465179313388136	0.0712318095293912	0.028824667060616	0.0297141793851901	0.0863628006267427	0.0439595971632787	0.0297141793851901	0.0127346481789242	0.0685903229797729	0.016074904104262	0.154242876352686	0.0584420375902243	0.0523563530672379	0.0517511702321395	0.0251123121742046	0.0817888821616317	0.0396331132888192	0.0448339222507043	0.0405561460012739	0.0616964386268096	0.00339590622620149	0.053129916916592	0.108465454795144	0.132235906265601	0.00254692965083652	0.0397548056913145	0.100037521278166	0.00764078902776795	0.00254692965083652	0.100037521278166	0.0815017494288358	0.0161305546309009	0.0453279765906057	0.076744480472472	0.0226166294229151	0.0561134023497803	0.100037521278166	0.0979865225728112	0.0483916637421858	0.0792189841017579	0.00424488280156646	0.00679181237714459	0.109045761816128	0.294823390064818	0.00254692965083652	0.00254692965083652	0.101620919663798	0.00254692965083652	0.0940486822051532	0.0815017494288358	0.0815017494288358	0.0457341291875851	0.0815017494288358	0.00254692965083652	0.0276079953394153	0.0854115008254244	0.00254692965083652	0.00254692965083652	0.0226166294229151	0.0594283590714137	0.152167125256977	0.0815017494288358	0.00424488272630807	0.0118856718293344	0.0317674666041076	0.052541963868972	0.100037521278166	0.02845812968985	0.0118856718293344	0.00424488265104968	0.0234485236419873	0.0484235935439967	0.0234485237172457	0.100037521278166	0.00254692965083652	0.00339590622620149	0.0500896165918822	0.00594283572652123	0.00509385930167304	0.0499126736563866	0.156967942010273	0.037354968412958	0.038203944988323	0.0530456013488348	0.0440802610281742	0.00764078902776795	0.0815017494288358	0.0169795311310075	0.04842359408962	0.0428802714015197	0.0234485237172457	0.0356903718878524	0.0365059917623346	0.00594283565126284	0.0795159678003102	0.00254692965083652	0.0767262403034803	0.0815017494288358	0.00933874217849789	0.0135836246037724	0.0617339021592128	0.452099034280488	0.0410433357600311	0.0397341752217876	0.0734969671778005	0.0953800389072811	0.0450671805125294	0.0441467806395858	0.0110366951787111	0.0627298236006137	0.0270165104720027	0	0.190355245061595
GCDF288	0.197674593991703	0.203629000319375	0.226886994609929	0.18828787105252	0.225590214133263	0.22552618023121	0.289704570415044	0.201595519829278	0.231036142718912	0.191076698026272	0.246124226487044	0.220597117838233	0.240395680671991	0.20730049637231	0.21033986138575	0.249262389059019	0.204270198790714	0.210339862138334	0.196557367239336	0.232600639263789	0.197288493465896	0.291528577154333	0.228193159506779	0.224643167973769	0.22667511424633	0.203629000469892	0.251101148248923	0.219300488028863	0.217703254836978	0.214768905230243	0.229249141282505	0.188976995722212	0.222096154184052	0.220367244849301	0.27045922432885	0.18828787105252	0.215120614929633	0.268700378711777	0.195179118050469	0.18828787105252	0.268700378711777	0.256511216512834	0.199313866369652	0.218027366381703	0.249721226216567	0.201595519829278	0.22828527607701	0.268700378711777	0.253264947070016	0.228257103550314	0.247341031227449	0.18966612054242	0.191733494852528	0.267910393500569	0.392870115812379	0.18828787105252	0.18828787105252	0.269811828630139	0.18828787105252	0.262701830779663	0.256511216512834	0.256511216512834	0.217478502127859	0.256511216512834	0.18828787105252	0.205662481110505	0.25160768974309	0.18828787105252	0.18828787105252	0.201595519829278	0.235837475217954	0.291153381569217	0.256511216512834	0.189666120391904	0.19862474169996	0.209051615059978	0.226271784516296	0.268700378711777	0.207695961450086	0.197246492210061	0.189666120391904	0.202273346408449	0.223963805671894	0.202273346709483	0.268700378711777	0.18828787105252	0.188976995722212	0.229635352438146	0.191044369731287	0.190355245212112	0.19382622431625	0.282426200581319	0.216541984316074	0.218609358626183	0.226157544989779	0.202560107214282	0.192422619221186	0.256511216512834	0.200002990587793	0.223963806424478	0.207917561886286	0.202273346709483	0.210454558934828	0.215852859044316	0.19104436958077	0.24984886926232	0.18828787105252	0.248365572757191	0.256511216512834	0.193800868711086	0.197246491607994	0.234809036206717	0.517637079412287	0.219709225375243	0.217068137845608	0.242669000318556	0.234303936061233	0.209697983481667	0.223433229959372	0.195179117749436	0.238493811301511	0.206614872873431	0.190355245061595	0
