	GA1	GA15	GA2	GA21	GA22	GA23	GA25	GA30	GA31	GA32	GA34	GA36	GA38	GA43	GA46	GA47	GA50	GA51	GA53	GA57	GA6	GA64	GA66	GA68	GA69	GA70	GA73	GA74	GA75	GA78	GA80	GA84	GA88	GA90	GA91	GA93	GB104	GB105	GB106	GB107	GB108	GB110	GB111	GB112	GB114	GB117	GB120	GB123	GB124	GB129	GB131	GB132	GB133	GB134	GB135	GB136	GB139	GB140	GB141	GB142	GB145	GB148	GB153	GB154	GB156	GB158	GB160	GB161	GB162	GB163	GB166	GB167	GB168	GB170	GB171	GB172	GB173	GB174	GB176	GB177	GB180	GB181	GB182	GB183	GB185	GB188	GB190	GB191	GB192	GB99	GCDF193	GCDF195	GCDF198	GCDF199	GCDF200	GCDF203	GCDF204	GCDF205	GCDF206	GCDF208	GCDF209	GCDF210	GCDF212	GCDF214	GCDF216	GCDF218	GCDF221	GCDF223	GCDF226	GCDF230	GCDF244	GCDF246	GCDF252	GCDF254	GCDF255	GCDF257	GCDF259	GCDF261	GCDF273	GCDF279	GCDF281	GCDF284	GCDF287	GCDF288
GA1	0	0.148044077134986	0.153425160697888	0.167401285583104	0.41722681359045	0.0428466483011938	0.152598714416896	0.302754820936639	0.0817630853994491	0.228668503213958	0.122001836547291	0.235629017447199	0.64514233241506	0.165179063360882	0.142846648301194	0.241671258034894	0.219081726354454	0.0877685950413223	0.111808999081726	0.143893480257117	0.105123966942149	0.188411386593205	0.205325987144169	0.282148760330578	0.735169880624427	0.203232323232323	0.774986225895317	0.114012855831038	0.135261707988981	0.116216712580349	0.366611570247934	0.23682277318641	0.196014692378329	0.142901744719927	0.0449770431588613	0.039504132231405	0.0472910927456382	0.204040404040404	0.0438934802571166	0.0492561983471074	0.175261707988981	0.392727272727273	0.138549127640037	0.118328741965106	0.564591368227732	0.188007346189164	0.21722681359045	0.164517906336088	0.0952433425160698	0.0404775022956841	0.0981083562901744	0.207015610651974	0.104407713498623	0.332506887052342	0.121928374655647	0.307750229568412	0.134802571166207	0.0455280073461892	0.218989898989899	0.19089072543618	0.126574839302112	0.103930211202938	0.101561065197429	0.136106519742883	0.0424977043158861	0.189292929292929	0.137263544536272	0.267382920110193	0.162038567493113	0.297373737373737	0.191313131313131	0.0667401285583104	0.251643709825528	0.122809917355372	0.0353535353535354	0.195904499540863	0.120330578512397	0.226703397612489	0.217594123048669	0.175004591368228	0.127474747474747	0.186831955922865	0.0566391184573003	0.170743801652893	0.149035812672176	0.0297887970615243	0.147933884297521	0.220183654729109	0.22712580348944	0.169403122130395	0.225711662075298	0.173976124885216	0.192157943067034	0.067346189164371	0.200881542699725	0.0466115702479339	0.460238751147842	0.102075298438935	0.215408631772268	0.16732782369146	0.217483930211203	0.240165289256198	0.0728191000918274	0.466354453627181	0.123654729109275	0.251331496786042	0.140532598714417	0.20040404040404	0.285674931129477	0.194802571166207	0.250927456382002	0.214104683195592	0.167033976124885	0.260973370064279	0.247970615243343	0.228999081726354	0.152580348943985	0.228943985307622	0.239834710743802	0.293792470156107	0.20752984389348	0.0681542699724517	0.195335169880624	0.196326905417815
GA15	0.148044077134986	0	0.253957759412305	0.268999081726354	0.277906336088154	0.144022038567493	0.254361799816345	0.164977043158861	0.181322314049587	0.330064279155188	0.165399449035813	0.0973921028466483	0.506152433425161	0.26613406795225	0.183103764921947	0.342148760330579	0.101010101010101	0.187419651056015	0.212451790633609	0.182277318640955	0.159871441689624	0.289715335169881	0.242020202020202	0.142809917355372	0.596179981634527	0.0967860422405877	0.635904499540863	0.214306703397613	0.174031221303949	0.217134986225895	0.23307621671258	0.337924701561065	0.297667584940312	0.244517906336088	0.141157024793388	0.148595041322314	0.152800734618916	0.162497704315886	0.142497704315886	0.142167125803489	0.07089072543618	0.429770431588613	0.239173553719008	0.219063360881543	0.425509641873278	0.0674380165289256	0.317961432506887	0.0762718089990817	0.0874747474747475	0.14712580348944	0.198475665748393	0.308062442607897	0.205454545454545	0.195151515151515	0.223140495867768	0.409476584022039	0.236216712580349	0.155482093663912	0.320771349862259	0.0712029384756658	0.22692378328742	0.204481175390266	0.0794674012855831	0.236418732782369	0.140128558310376	0.263140495867769	0.237832874196511	0.368797061524334	0.263103764921947	0.157006427915519	0.291698806244261	0.164701561065197	0.352029384756657	0.22376492194674	0.145968778696051	0.174490358126722	0.220514233241506	0.22198347107438	0.202203856749311	0.275757575757576	0.228282828282828	0.059742883379247	0.113572084481175	0.210064279155188	0.0743617998163453	0.143213957759412	0.249072543617998	0.32058769513315	0.32811753902663	0.208135904499541	0.32692378328742	0.275775941230487	0.292580348943985	0.168888888888889	0.285050505050505	0.145785123966942	0.4978145087236	0.202497704315886	0.315904499540863	0.135537190082645	0.303801652892562	0.101928374655647	0.172066115702479	0.503489439853076	0.22475665748393	0.350413223140496	0.242093663911846	0.23247015610652	0.386060606060606	0.295573921028466	0.351423324150597	0.295812672176309	0.249550045913682	0.361469237832874	0.34396694214876	0.318714416896235	0.210560146923783	0.329366391184573	0.340293847566575	0.394233241505969	0.3067217630854	0.160128558310377	0.295959595959596	0.298071625344353
GA2	0.153425160697888	0.253957759412305	0	0.0382920110192838	0.417575757575758	0.13068870523416	0.0337190082644628	0.354637281910009	0.0902112029384757	0.0848668503213958	0.266023875114784	0.313057851239669	0.645730027548209	0.0328925619834711	0.289660238751148	0.0925252525252525	0.350247933884298	0.0763820018365473	0.0488337924701561	0.290670339761249	0.254288337924702	0.0534435261707989	0.354361799816345	0.338879706152433	0.735665748393021	0.348980716253443	0.775224977043159	0.0477318640955005	0.278530762167126	0.0473094582185492	0.364628099173554	0.0916253443526171	0.0556473829201102	0.035941230486685	0.166354453627181	0.125711662075298	0.114674012855831	0.157557392102847	0.174325068870523	0.191919191919192	0.211698806244261	0.542112029384757	0.0309274563820018	0.0486868686868687	0.564885215794307	0.243103764921947	0.0714600550964187	0.21247015610652	0.185050505050505	0.134765840220386	0.0628282828282828	0.0669054178145087	0.0559779614325069	0.333627180899908	0.0563820018365473	0.161854912764004	0.0321212121212121	0.119706152433425	0.0739761248852158	0.241561065197429	0.0403673094582185	0.0546556473829201	0.245068870523416	0.0339761248852158	0.151313131313131	0.0561432506887052	0.0344903581267218	0.119173553719008	0.0461891643709825	0.327933884297521	0.0484848484848485	0.0991000918273646	0.103140495867769	0.0418732782369146	0.125785123966942	0.125638200183655	0.04455463728191	0.119357208448118	0.12595041322314	0.0352617079889807	0.0386042240587695	0.29842056932966	0.164334251606979	0.0742148760330579	0.186556473829201	0.141799816345271	0.0335537190082645	0.0707254361799816	0.0837098255280074	0.320293847566575	0.0805876951331496	0.0470339761248852	0.0506887052341598	0.0915151515151516	0.0573002754820936	0.177557392102847	0.611441689623508	0.0564738292011019	0.0687419651056015	0.315078053259871	0.0707805325987144	0.314178145087236	0.091386593204775	0.616198347107438	0.0444077134986226	0.101524334251607	0.0332966023875115	0.0803305785123967	0.135665748393021	0.0514784205693297	0.104609733700643	0.0685215794306703	0.146097337006428	0.11346189164371	0.100036730945822	0.0805876951331497	0.0667584940312213	0.0804591368227732	0.0897520661157025	0.143544536271809	0.0591551882460973	0.104664830119376	0.0492561983471075	0.0518273645546373
GA21	0.167401285583104	0.268999081726354	0.0382920110192838	0	0.41763085399449	0.144701561065197	0.035941230486685	0.364903581267218	0.103397612488522	0.0667401285583103	0.281616161616162	0.329219467401286	0.645032139577594	0.0289072543617998	0.306464646464647	0.0789531680440771	0.366023875114784	0.0986593204775023	0.0664462809917355	0.302350780532599	0.267933884297521	0.0473094582185492	0.371129476584022	0.354967860422406	0.735114784205694	0.362699724517906	0.774967860422406	0.0644260789715335	0.293994490358127	0.0649770431588614	0.361469237832874	0.0736271808999082	0.0391184573002755	0.0421487603305785	0.180330578512397	0.137869605142332	0.130523415977961	0.159100091827365	0.189880624426079	0.202295684113866	0.229201101928375	0.559393939393939	0.042020202020202	0.0635078053259871	0.564683195592287	0.2566391184573	0.05643709825528	0.229605142332415	0.201561065197429	0.153278236914601	0.0822956841138659	0.0471625344352617	0.0669605142332415	0.335739210284665	0.0660238751147842	0.142038567493113	0.0356106519742883	0.13702479338843	0.0540312213039486	0.258714416896235	0.058732782369146	0.0716069788797061	0.259283746556474	0.0429568411386593	0.164389348025712	0.044058769513315	0.0462993572084481	0.102038567493113	0.0304683195592286	0.342424242424242	0.0384389348025712	0.115922865013774	0.0891276400367309	0.0537924701561065	0.142295684113866	0.124370982552801	0.0587878787878788	0.124077134986226	0.128797061524334	0.0322681359044995	0.0485583103764922	0.31267217630854	0.180863177226814	0.0722497704315886	0.203434343434343	0.153608815426997	0.0461340679522498	0.0590266299357208	0.0642791551882461	0.334931129476584	0.0629935720844812	0.0431588613406795	0.0374104683195592	0.110449954086318	0.0492929292929293	0.19465564738292	0.62633608815427	0.0766574839302112	0.0548943985307622	0.331735537190083	0.0606611570247934	0.328833792470156	0.10752984389348	0.632929292929293	0.0634710743801653	0.0879706152433425	0.0357759412304867	0.077979797979798	0.122460973370064	0.036969696969697	0.0881359044995409	0.0584022038567493	0.156510560146924	0.0986960514233242	0.0854361799816346	0.0690358126721763	0.0809550045913682	0.066317722681359	0.0769329660238751	0.130192837465565	0.0519191919191919	0.125197428833792	0.0406427915518825	0.0384205693296602
GA22	0.41722681359045	0.277906336088154	0.417575757575758	0.41763085399449	0	0.413516988062443	0.416859504132231	0.189494949494949	0.416198347107438	0.44791551882461	0.417392102846648	0.187897153351699	0.230431588613407	0.417704315886134	0.41959595959596	0.458861340679522	0.213884297520661	0.417337006427915	0.41682277318641	0.41722681359045	0.419081726354454	0.42119375573921	0.426868686868687	0.145179063360882	0.320330578512397	0.250743801652893	0.359779614325069	0.417594123048669	0.417318640955005	0.416620752984389	0.101046831955923	0.454967860422406	0.425693296602388	0.416271808999082	0.416345270890726	0.416216712580349	0.416877869605143	0.270211202938476	0.416896235078053	0.416198347107438	0.256326905417814	0.589403122130395	0.417079889807163	0.416730945821855	0.15504132231405	0.234123048668503	0.43722681359045	0.257851239669422	0.338659320477502	0.417961432506887	0.417943067033976	0.431037649219467	0.416473829201102	0.0945821854912764	0.416345270890726	0.526850321395776	0.416216712580349	0.418769513314968	0.440514233241506	0.237079889807163	0.418530762167126	0.418530762167126	0.3433608815427	0.418677685950413	0.416253443526171	0.395977961432507	0.417851239669422	0.486170798898072	0.416675849403122	0.125454545454546	0.424462809917355	0.416345270890726	0.467401285583104	0.416363636363636	0.417171717171717	0.300716253443526	0.418530762167126	0.339522497704316	0.322222222222222	0.418383838383839	0.416510560146924	0.236363636363636	0.381965105601469	0.355353535353535	0.287382920110193	0.416271808999082	0.416749311294766	0.439687786960514	0.446629935720845	0.424260789715335	0.445895316804408	0.418457300275482	0.423691460055097	0.41763085399449	0.410523415977961	0.417447199265381	0.658934802571166	0.418530762167126	0.437263544536272	0.352341597796143	0.423305785123967	0.182607897153352	0.416326905417815	0.663581267217631	0.416547291092746	0.46613406795225	0.416198347107438	0.359687786960514	0.501248852157943	0.423875114784206	0.467676767676768	0.416290174471993	0.408650137741047	0.477079889807163	0.460238751147842	0.435996326905418	0.375702479338843	0.447052341597796	0.456584022038568	0.51030303030303	0.430541781450872	0.412433425160698	0.423452708907254	0.424168962350781
GA23	0.0428466483011938	0.144022038567493	0.13068870523416	0.144701561065197	0.413516988062443	0	0.128833792470156	0.298071625344353	0.0576124885215794	0.204536271808999	0.144132231404959	0.230651974288338	0.642222222222222	0.142314049586777	0.168411386593205	0.218769513314968	0.230119375573921	0.065307621671258	0.0899540863177227	0.165564738292011	0.130707070707071	0.165087235996327	0.232947658402204	0.276786042240588	0.73228650137741	0.222516069788797	0.772121212121212	0.0931864095500459	0.1566391184573	0.0943434343434344	0.359522497704316	0.213553719008264	0.171423324150597	0.119357208448118	0.049880624426079	0.0330027548209366	0.0408080808080808	0.181212121212121	0.0561432506887052	0.0661524334251607	0.160716253443526	0.42119375573921	0.116988062442608	0.0994490358126722	0.56178145087236	0.180734618916437	0.194288337924702	0.158732782369146	0.0877502295684114	0.0378696051423324	0.0765472910927456	0.183856749311295	0.0855096418732782	0.328576675849403	0.105087235996327	0.283709825528007	0.113149678604224	0.0423324150596878	0.194233241505969	0.181744719926538	0.104205693296602	0.084297520661157	0.119044995408632	0.115886134067952	0.0394123048668503	0.164242424242424	0.115188246097337	0.243287419651056	0.143911845730027	0.290927456382002	0.168925619834711	0.0446831955922865	0.228778696051423	0.0996326905417814	0.0317906336088154	0.176877869605142	0.0992837465564738	0.200752984389348	0.192066115702479	0.151845730027548	0.106262626262626	0.187805325987144	0.05366391184573	0.151662075298439	0.132176308539945	0.0325803489439853	0.124591368227732	0.197281910009183	0.203911845730028	0.197190082644628	0.202038567493113	0.149862258953168	0.169403122130395	0.047842056932966	0.174894398530762	0.0601469237832874	0.488337924701561	0.0815977961432507	0.192451790633609	0.190909090909091	0.191533516988062	0.235114784205693	0.0505417814508724	0.494839302112029	0.100348943985308	0.22732782369146	0.116877869605142	0.175904499540863	0.262662993572084	0.171643709825528	0.227842056932966	0.188227731864096	0.151588613406795	0.238181818181818	0.222681359044996	0.203177226813591	0.126427915518825	0.20595041322314	0.216786042240588	0.270633608815427	0.183544536271809	0.0440036730945822	0.17208448117539	0.171827364554637
GA25	0.152598714416896	0.254361799816345	0.0337190082644628	0.035941230486685	0.416859504132231	0.128833792470156	0	0.344591368227732	0.0843709825528007	0.0856565656565656	0.267199265381084	0.314820936639118	0.645013774104683	0.0355739210284665	0.292102846648301	0.10099173553719	0.351515151515152	0.0812488521579431	0.0514784205693297	0.285123966942149	0.252800734618916	0.0535537190082645	0.356749311294766	0.340532598714417	0.735078053259872	0.347750229568411	0.774931129476584	0.051404958677686	0.279467401285583	0.0499908172635445	0.360826446280992	0.0964187327823691	0.0517355371900826	0.0316253443526171	0.164775022956841	0.121542699724518	0.115812672176309	0.157777777777778	0.175408631772268	0.183324150596878	0.214582185491276	0.545032139577594	0.0336455463728191	0.0489072543617998	0.564591368227732	0.241946740128558	0.0780532598714417	0.21524334251607	0.187162534435262	0.138200183654729	0.0674012855831038	0.0715886134067952	0.0547658402203857	0.333149678604224	0.0543985307621671	0.162809917355372	0.0309090909090909	0.122626262626263	0.0692378328741965	0.24435261707989	0.0440955004591368	0.0590449954086318	0.244628099173554	0.037722681359045	0.14791551882461	0.0579981634527089	0.0383103764921947	0.122993572084481	0.0449586776859504	0.32831955922865	0.0560697887970615	0.0975022956841139	0.111662075298439	0.0391919191919192	0.127860422405877	0.123195592286501	0.0470339761248852	0.120752984389348	0.125619834710744	0.0418732782369146	0.0368778696051423	0.297979797979798	0.166299357208448	0.0694214876033058	0.18910927456382	0.138126721763085	0.0351698806244261	0.0803856749311295	0.0884848484848485	0.320275482093664	0.0842240587695133	0.0405325987144169	0.0560514233241506	0.0934618916437098	0.0632690541781451	0.180018365472911	0.611606978879706	0.061267217630854	0.0750413223140496	0.317355371900826	0.0774104683195593	0.314086317722681	0.0905234159779615	0.618567493112948	0.0462442607897154	0.11010101010101	0.0259136822773186	0.0825895316804408	0.14514233241506	0.0564738292011019	0.111111111111111	0.0758126721763086	0.146629935720845	0.121322314049587	0.107566574839302	0.0890174471992654	0.0663177226813591	0.0882460973370064	0.0988062442607897	0.152231404958678	0.0671808999081727	0.108154269972452	0.0545638200183654	0.0513498622589532
GA30	0.302754820936639	0.164977043158861	0.354637281910009	0.364903581267218	0.189494949494949	0.298071625344353	0.344591368227732	0	0.294967860422406	0.426391184573003	0.305087235996327	0.0815610651974288	0.409127640036731	0.365987144168962	0.307750229568411	0.443085399449036	0.105840220385675	0.308227731864096	0.317410468319559	0.2966391184573	0.302405876951332	0.388613406795225	0.319981634527089	0.082516069788797	0.499191919191919	0.139283746556474	0.539044995408632	0.320330578512397	0.304683195592286	0.320036730945822	0.205252525252525	0.437520661157025	0.388980716253444	0.340826446280992	0.301799816345271	0.29880624426079	0.304738292011019	0.244609733700643	0.304407713498623	0.292598714416896	0.152011019283747	0.493608815426997	0.340055096418733	0.32178145087236	0.328797061524334	0.121836547291093	0.418567493112947	0.152800734618916	0.227750229568411	0.30771349862259	0.312029384756658	0.407474747474747	0.311147842056933	0.146795224977043	0.322626262626263	0.503856749311295	0.334490358126722	0.308686868686869	0.402828282828283	0.130064279155188	0.32852157943067	0.314545454545455	0.229090909090909	0.337685950413223	0.29959595959596	0.362516069788797	0.339467401285583	0.46574839302112	0.36099173553719	0.0903030303030303	0.392800734618916	0.301267217630854	0.453149678604224	0.32315886134068	0.306299357208448	0.273021120293848	0.323544536271809	0.323103764921947	0.301671258034894	0.376088154269973	0.328888888888889	0.121010101010101	0.270817263544536	0.307272727272727	0.18236914600551	0.299283746556474	0.348246097337006	0.421671258034894	0.427346189164371	0.308264462809917	0.425050505050505	0.369862258953168	0.393443526170799	0.307566574839302	0.385656565656566	0.306887052341598	0.560165289256198	0.314508723599633	0.416749311294766	0.240220385674931	0.404315886134068	0.0776308539944903	0.302883379247016	0.567144168962351	0.325068870523416	0.45147842056933	0.337006427915519	0.333443526170799	0.487180899908173	0.395518824609734	0.452102846648301	0.396859504132231	0.348337924701561	0.462405876951332	0.444683195592286	0.419779614325069	0.311331496786042	0.430413223140496	0.441303948576676	0.495078053259871	0.407750229568411	0.300606060606061	0.395996326905418	0.392947658402204
GA31	0.0817630853994491	0.181322314049587	0.0902112029384757	0.103397612488522	0.416198347107438	0.0576124885215794	0.0843709825528007	0.294967860422406	0	0.158769513314968	0.193535353535354	0.248062442607897	0.645013774104683	0.101267217630854	0.218714416896235	0.174839302112029	0.278126721763085	0.0381634527089073	0.0518457300275482	0.211937557392103	0.17941230486685	0.122222222222222	0.2833608815427	0.284903581267218	0.735078053259872	0.274471992653811	0.774931129476584	0.0562534435261708	0.206023875114784	0.0552066115702479	0.361010101010101	0.169678604224059	0.124077134986226	0.0768778696051424	0.0914784205693297	0.0543067033976125	0.0535537190082645	0.162516069788797	0.102020202020202	0.110780532598714	0.163452708907254	0.471643709825528	0.0777410468319559	0.0653443526170799	0.564591368227732	0.184775022956841	0.151202938475666	0.162718089990817	0.115298438934803	0.0663728191000918	0.0451239669421488	0.143195592286501	0.0548760330578512	0.331258034894399	0.0734618916437098	0.236363636363636	0.0783103764921946	0.0614508723599633	0.143636363636364	0.188227731864095	0.0629017447199265	0.0530027548209366	0.171258034894399	0.0798163452708907	0.0754820936639118	0.128007346189164	0.0770431588613407	0.197006427915519	0.112690541781451	0.29366391184573	0.127033976124885	0.0351147842056933	0.185436179981635	0.0599449035812672	0.0570982552800735	0.150229568411387	0.0640036730945822	0.160752984389348	0.155261707988981	0.109237832874197	0.0697153351698806	0.225160697887971	0.0933149678604224	0.122332415059688	0.13504132231405	0.0664095500459137	0.0808264462809917	0.154343434343434	0.161267217630854	0.246887052341598	0.157685950413223	0.103415977961433	0.127823691460055	0.0370982552800735	0.134600550964187	0.106648301193756	0.53821854912764	0.0499357208448118	0.149072543617998	0.24396694214876	0.150192837465565	0.2489072543618	0.0372635445362718	0.545179063360882	0.0580716253443526	0.18396694214876	0.076951331496786	0.140257116620753	0.218494031221304	0.128650137741047	0.184370982552801	0.148135904499541	0.139926538108356	0.19485766758494	0.180973370064279	0.162112029384757	0.088595041322314	0.161616161616162	0.172433425160698	0.226207529843893	0.140165289256198	0.0437281910009183	0.127933884297521	0.124793388429752
GA32	0.228668503213958	0.330064279155188	0.0848668503213958	0.0667401285583103	0.44791551882461	0.204536271808999	0.0856565656565656	0.426391184573003	0.158769513314968	0	0.342681359044995	0.390266299357208	0.64514233241506	0.0705234159779614	0.367511478420569	0.0406978879706152	0.427015610651974	0.149586776859504	0.12137741046832	0.363434343434343	0.329274563820018	0.0737190082644628	0.432139577594123	0.415996326905418	0.735096418732783	0.423856749311295	0.774931129476584	0.119871441689624	0.354949494949495	0.11801652892562	0.365509641873278	0.0367309458218549	0.0499173553719008	0.0923415977961432	0.240844811753903	0.198640955004591	0.191056014692378	0.191221303948577	0.25048668503214	0.263746556473829	0.289954086317723	0.620422405876951	0.0941230486685032	0.119889807162534	0.585454545454546	0.317869605142332	0.0406244260789715	0.290633608815427	0.262552800734619	0.212157943067034	0.137832874196511	0.0401652892561984	0.12674012855831	0.385730027548209	0.125601469237833	0.0971349862258953	0.0944719926538108	0.197924701561065	0.0355188246097337	0.319742883379247	0.110045913682277	0.130394857667585	0.320477502295684	0.0991368227731864	0.22396694214876	0.0703948576675849	0.0989348025711662	0.05544536271809	0.0720477502295684	0.403434343434343	0.0529476584022038	0.170505050505051	0.0467952249770432	0.107988980716253	0.203195592286501	0.159302112029385	0.116124885215794	0.122295684113866	0.135555555555556	0.0616161616161616	0.103746556473829	0.373755739210285	0.241671258034894	0.122056932966024	0.26435261707989	0.215206611570248	0.0895133149678604	0.0386042240587695	0.0384022038567493	0.39623507805326	0.0363269054178145	0.0767493112947658	0.0520110192837466	0.167144168962351	0.0598163452708907	0.255206611570248	0.687364554637281	0.13307621671258	0.038475665748393	0.392764003673094	0.0485399449035813	0.389935720844812	0.163213957759412	0.693976124885216	0.112194674012856	0.0452157943067034	0.0911478420569329	0.103801652892562	0.0756290174471993	0.0481359044995409	0.0481910009182737	0.0527456382001836	0.213847566574839	0.057208448117539	0.0444811753902663	0.0452157943067034	0.127162534435262	0.0374288337924702	0.0390449954086318	0.0804224058769513	0.0493296602387512	0.177594123048669	0.0477318640955005	0.0500275482093664
GA34	0.122001836547291	0.165399449035813	0.266023875114784	0.281616161616162	0.417392102846648	0.144132231404959	0.267199265381084	0.305087235996327	0.193535353535354	0.342681359044995	0	0.23763085399449	0.645436179981634	0.278347107438016	0.0383838383838384	0.354123048668503	0.215206611570248	0.198916437098255	0.224683195592287	0.0440404040404041	0.0387878787878788	0.302112029384757	0.0925803489439853	0.283820018365473	0.735371900826447	0.178640955004591	0.775169880624426	0.226372819100092	0.0350596877869605	0.229568411386593	0.378163452708907	0.350358126721763	0.310431588613407	0.257116620752984	0.10674012855831	0.147786960514233	0.156712580348944	0.311992653810836	0.0950596877869604	0.0880624426078972	0.221248852157943	0.279577594123049	0.251441689623508	0.231441689623508	0.564719926538108	0.216290174471993	0.330009182736455	0.223893480257117	0.17208448117539	0.133829201101928	0.210376492194674	0.320367309458219	0.21801652892562	0.336326905417815	0.235059687786961	0.422167125803489	0.248723599632691	0.152451790633609	0.333498622589532	0.219100091827364	0.238751147842057	0.216124885215794	0.108797061524334	0.248246097337007	0.120440771349862	0.302791551882461	0.249733700642791	0.381450872359963	0.275665748393021	0.29742883379247	0.303599632690542	0.175739210284665	0.363856749311295	0.236565656565657	0.142001836547291	0.308337924701561	0.232561983471075	0.338640955004591	0.329990817263544	0.287786960514233	0.240771349862259	0.192598714416896	0.141836547291093	0.284701561065197	0.214086317722681	0.131955922865014	0.261487603305785	0.332525252525252	0.340330578512397	0.0608448117539027	0.339320477502296	0.288448117539027	0.304628099173554	0.178145087235996	0.313314967860422	0.0917906336088154	0.348135904499541	0.214159779614325	0.328062442607897	0.076198347107438	0.330578512396694	0.242497704315886	0.183140495867769	0.353443526170799	0.236932966023875	0.363691460055096	0.254820936639118	0.312855831037649	0.397887970615243	0.307952249770432	0.363654729109275	0.326464646464646	0.271074380165289	0.373425160697888	0.360642791551882	0.341322314049587	0.264462809917355	0.34137741046832	0.352157943067034	0.406464646464647	0.319853076216713	0.172690541781451	0.308356290174472	0.310762167125803
GA36	0.235629017447199	0.0973921028466483	0.313057851239669	0.329219467401286	0.187897153351699	0.230651974288338	0.314820936639118	0.0815610651974288	0.248062442607897	0.390266299357208	0.23763085399449	0	0.413186409550046	0.325785123966942	0.242809917355372	0.401175390266299	0.0653994490358127	0.251111111111111	0.273021120293848	0.241414141414141	0.239173553719008	0.349586776859504	0.279467401285583	0.0595592286501377	0.503085399449036	0.101175390266299	0.542754820936639	0.274820936639118	0.238934802571166	0.277208448117539	0.17524334251607	0.397685950413223	0.358145087235996	0.304591368227732	0.232966023875115	0.233884297520661	0.236253443526171	0.2021854912764	0.23386593204775	0.232782369146005	0.104315886134068	0.462865013774105	0.298365472910927	0.278530762167126	0.332304866850322	0.0766207529843893	0.377171717171717	0.105325987144169	0.161138659320477	0.234986225895317	0.260238751147842	0.367731864095501	0.26574839302112	0.12099173553719	0.282644628099173	0.469843893480257	0.296418732782369	0.237337006427915	0.381248852157943	0.0811937557392103	0.285858585858586	0.264628099173554	0.162222222222222	0.295078053259871	0.23267217630854	0.322901744719927	0.296786042240588	0.429127640036731	0.323140495867769	0.0732047750229568	0.350523415977961	0.237741046831956	0.410725436179982	0.284022038567493	0.233994490358127	0.23228650137741	0.279742883379247	0.280679522497704	0.261120293847567	0.335022956841139	0.287842056932966	0.0626262626262626	0.19921028466483	0.269623507805326	0.130780532598714	0.232800734618916	0.308723599632691	0.379375573921028	0.387676767676768	0.255261707988981	0.386905417814509	0.33603305785124	0.351808999081726	0.242295684113866	0.344224058769513	0.23465564738292	0.531955922865014	0.262130394857668	0.375224977043159	0.184040404040404	0.363250688705234	0.0385674931129477	0.24356290174472	0.536804407713498	0.284573002754821	0.409164370982553	0.302479338842975	0.291056014692378	0.44475665748393	0.355151515151515	0.410725436179982	0.354729109274564	0.306446280991736	0.420477502295684	0.403103764921947	0.37763085399449	0.269678604224059	0.388356290174472	0.399136822773186	0.453590449954086	0.365528007346189	0.235555555555556	0.355739210284665	0.358512396694215
GA38	0.64514233241506	0.506152433425161	0.645730027548209	0.645032139577594	0.230431588613407	0.642222222222222	0.645013774104683	0.409127640036731	0.645013774104683	0.64514233241506	0.645436179981634	0.413186409550046	0	0.645472910927456	0.645913682277318	0.646372819100092	0.432966023875115	0.645876951331497	0.645417814508723	0.645013774104683	0.645068870523416	0.645050505050505	0.646060606060606	0.367235996326905	0.0932782369146005	0.471037649219468	0.131790633608815	0.646042240587695	0.645252525252525	0.64534435261708	0.28534435261708	0.645123966942149	0.645013774104683	0.645105601469238	0.645032139577594	0.645013774104683	0.645307621671258	0.490413223140496	0.645307621671258	0.645013774104683	0.484426078971534	0.675610651974288	0.645693296602388	0.64534435261708	0.0910560146923783	0.46257116620753	0.645638200183655	0.485674931129477	0.566703397612489	0.646207529843893	0.646078971533517	0.645179063360881	0.645105601469238	0.315537190082645	0.64514233241506	0.675500459136823	0.645013774104683	0.646758494031221	0.645013774104683	0.464940312213039	0.646758494031221	0.646758494031221	0.571037649219467	0.646758494031221	0.645013774104683	0.61801652892562	0.646317722681359	0.648301193755739	0.645032139577594	0.351662075298439	0.646391184573003	0.645068870523416	0.647566574839302	0.64514233241506	0.645674931129477	0.522846648301194	0.646758494031221	0.541965105601469	0.52931129476584	0.645454545454546	0.64514233241506	0.461450872359963	0.609990817263544	0.582846648301194	0.515610651974288	0.645013774104683	0.645215794306703	0.646262626262626	0.645179063360881	0.645289256198347	0.645289256198347	0.645032139577594	0.646042240587695	0.646115702479339	0.62931129476584	0.645785123966942	0.740936639118457	0.646758494031221	0.645638200183655	0.57722681359045	0.631074380165289	0.408209366391184	0.645087235996327	0.744793388429752	0.645105601469238	0.645583103764922	0.645013774104683	0.577924701561065	0.655977961432507	0.645399449035813	0.646225895316804	0.627548209366391	0.636473829201102	0.648301193755739	0.641524334251607	0.635610651974288	0.603911845730028	0.646244260789715	0.646207529843894	0.66137741046832	0.645013774104683	0.640955004591368	0.645307621671258	0.645013774104683
GA43	0.165179063360882	0.26613406795225	0.0328925619834711	0.0289072543617998	0.417704315886134	0.142314049586777	0.0355739210284665	0.365987144168962	0.101267217630854	0.0705234159779614	0.278347107438016	0.325785123966942	0.645472910927456	0	0.302424242424242	0.0788613406795225	0.362681359044996	0.0893847566574839	0.062277318640955	0.302497704315886	0.266446280991735	0.046574839302112	0.367089072543618	0.35147842056933	0.735426997245179	0.360881542699725	0.775114784205693	0.0583838383838384	0.290927456382002	0.0580532598714417	0.363507805325987	0.0764921946740128	0.0431037649219468	0.0419283746556474	0.178273645546373	0.137281910009183	0.127089072543618	0.15722681359045	0.18653810835629	0.203305785123967	0.224701561065198	0.555169880624426	0.0380348943985308	0.0586593204775023	0.565032139577594	0.254820936639118	0.0577961432506887	0.225381083562902	0.197685950413223	0.147695133149679	0.0755922865013774	0.0512396694214876	0.0652708907254361	0.335188246097337	0.0640220385674931	0.146905417814509	0.0362534435261708	0.132690541781451	0.0595775941230487	0.254490358126722	0.0505417814508723	0.0661340679522498	0.257043158861341	0.0391184573002755	0.162222222222222	0.0446097337006428	0.0400550964187328	0.104738292011019	0.0356290174471993	0.338989898989899	0.0393021120293848	0.111037649219467	0.0895867768595042	0.050633608815427	0.13842056932966	0.124205693296602	0.0539393939393939	0.119026629935721	0.12455463728191	0.0310376492194674	0.0450872359963269	0.310284664830119	0.176896235078053	0.074178145087236	0.199191919191919	0.153314967860422	0.0395775941230487	0.058971533516988	0.0689807162534435	0.332396694214876	0.0661524334251607	0.0448484848484849	0.0414325068870523	0.104187327823692	0.049127640036731	0.190321395775941	0.623673094582186	0.0700091827364555	0.0548576675849403	0.32791551882461	0.0610651974288338	0.32633608815427	0.102405876951332	0.629072543617998	0.0561799816345271	0.0876216712580349	0.0362167125803489	0.0772819100091827	0.122167125803489	0.0403122130394858	0.0893480257116621	0.0585123966942149	0.154159779614325	0.0996510560146923	0.0857483930211203	0.068613406795225	0.0742699724517906	0.0659687786960514	0.0767493112947659	0.130009182736455	0.048870523415978	0.117667584940312	0.0391184573002755	0.0411386593204775
GA46	0.142846648301194	0.183103764921947	0.289660238751148	0.306464646464647	0.41959595959596	0.168411386593205	0.292102846648301	0.307750229568411	0.218714416896235	0.367511478420569	0.0383838383838384	0.242809917355372	0.645913682277318	0.302424242424242	0	0.377520661157025	0.218034894398531	0.22236914600551	0.248631772268136	0.0380716253443526	0.0517355371900826	0.326831955922865	0.0679522497704316	0.286354453627181	0.735904499540863	0.183103764921947	0.775206611570248	0.249770431588613	0.0368044077134986	0.25366391184573	0.392176308539945	0.374692378328742	0.335426997245179	0.281799816345271	0.130449954086318	0.171496786042241	0.178971533516988	0.334747474747475	0.118567493112948	0.111239669421488	0.242112029384757	0.252929292929293	0.275059687786961	0.25524334251607	0.564793388429752	0.236510560146924	0.353719008264463	0.243085399449036	0.193682277318641	0.15682277318641	0.233829201101928	0.344830119375574	0.242277318640955	0.343507805325987	0.259283746556474	0.44712580348944	0.273682277318641	0.173553719008264	0.358530762167126	0.237777777777778	0.261689623507805	0.238989898989899	0.128209366391185	0.271331496786042	0.145399449035813	0.326960514233241	0.272855831037649	0.406354453627181	0.300275482093664	0.302387511478421	0.32674012855831	0.200440771349862	0.386795224977043	0.261028466483012	0.164921946740129	0.331753902662993	0.25524334251607	0.36157943067034	0.35425160697888	0.311772268135905	0.264830119375574	0.200055096418733	0.164132231404959	0.308999081726355	0.236253443526171	0.155114784205693	0.285785123966942	0.355592286501377	0.364628099173554	0.0414508723599633	0.364040404040404	0.313314967860422	0.328227731864095	0.201505968778696	0.337134986225895	0.114380165289256	0.322920110192838	0.237006427915519	0.351735537190083	0.0785674931129477	0.354159779614325	0.249458218549128	0.207640036730946	0.327180899908173	0.261267217630854	0.386721763085399	0.279761248852158	0.335757575757576	0.420826446280992	0.332066115702479	0.387346189164371	0.349586776859504	0.293149678604224	0.396712580348944	0.38416896235078	0.364499540863177	0.287988980716253	0.364591368227732	0.375426997245179	0.430174471992654	0.343011937557392	0.196914600550964	0.332580348943985	0.335794306703398
GA47	0.241671258034894	0.342148760330579	0.0925252525252525	0.0789531680440771	0.458861340679522	0.218769513314968	0.10099173553719	0.443085399449036	0.174839302112029	0.0406978879706152	0.354123048668503	0.401175390266299	0.646372819100092	0.0788613406795225	0.377520661157025	0	0.438347107438016	0.158273645546373	0.13147842056933	0.379522497704316	0.34277318640955	0.0857116620752984	0.442130394857668	0.426776859504132	0.735941230486685	0.437245179063361	0.775298438934803	0.129733700642791	0.366776859504132	0.12951331496786	0.372947658402204	0.029880624426079	0.0613406795224977	0.106023875114784	0.254416896235078	0.213939393939394	0.202791551882461	0.200532598714417	0.262332415059688	0.28040404040404	0.299247015610652	0.629715335169881	0.104683195592286	0.130872359963269	0.593829201101928	0.331533516988062	0.0388613406795225	0.299926538108356	0.272837465564738	0.221854912764004	0.146795224977043	0.0447015610651975	0.140220385674931	0.39564738292011	0.138659320477502	0.083030303030303	0.108668503213958	0.207217630853995	0.0462809917355372	0.329146005509642	0.117924701561065	0.139449035812672	0.333241505968779	0.107842056932966	0.23880624426079	0.0823691460055096	0.108007346189164	0.0416161616161616	0.082534435261708	0.414802571166208	0.0570064279155188	0.184848484848485	0.0316069788797062	0.121726354453627	0.213755739210285	0.170835629017447	0.125087235996327	0.12752984389348	0.146299357208448	0.0701561065197429	0.115133149678604	0.386519742883379	0.252029384756657	0.135831037649219	0.273645546372819	0.230284664830119	0.0998347107438016	0.0378328741965106	0.0326354453627181	0.408631772268136	0.0358861340679522	0.0898255280073462	0.0561983471074381	0.177061524334251	0.0669605142332415	0.26534435261708	0.699761248852158	0.141671258034894	0.0390082644628099	0.403103764921947	0.052892561983471	0.402460973370064	0.176198347107438	0.704040404040404	0.121854912764004	0.0313314967860423	0.10653810835629	0.11267217630854	0.0540863177226813	0.0533516988062442	0.0342148760330579	0.0547658402203857	0.223140495867769	0.0399632690541781	0.0345270890725436	0.0421120293847567	0.137079889807163	0.0321763085399449	0.033168044077135	0.0597245179063361	0.0511111111111111	0.187897153351699	0.0547842056932966	0.0637098255280073
GA50	0.219081726354454	0.101010101010101	0.350247933884298	0.366023875114784	0.213884297520661	0.230119375573921	0.351515151515152	0.105840220385675	0.278126721763085	0.427015610651974	0.215206611570248	0.0653994490358127	0.432966023875115	0.362681359044996	0.218034894398531	0.438347107438016	0	0.283122130394858	0.308760330578512	0.214471992653811	0.217171717171717	0.386427915518824	0.233131313131313	0.0917171717171717	0.522920110192837	0.0574471992653811	0.562589531680441	0.310468319559229	0.214894398530762	0.313700642791552	0.228888888888889	0.434361799816345	0.39485766758494	0.341303948576676	0.216382001836547	0.23386593204775	0.240752984389348	0.239393939393939	0.21544536271809	0.212984389348026	0.140550964187328	0.406354453627181	0.335316804407713	0.315390266299357	0.352213039485767	0.1110927456382	0.414104683195592	0.141010101010101	0.174104683195592	0.22752984389348	0.294416896235078	0.404591368227732	0.301671258034894	0.170266299357208	0.318824609733701	0.50653810835629	0.333149678604224	0.239265381083563	0.417943067033976	0.114306703397612	0.322828282828283	0.300128558310376	0.143471074380165	0.332249770431589	0.217759412304867	0.359669421487603	0.333737373737374	0.465858585858586	0.359687786960514	0.110982552800735	0.387676767676767	0.260257116620753	0.447933884297521	0.320734618916437	0.229862258953168	0.26910927456382	0.316382001836547	0.317887970615243	0.298034894398531	0.372066115702479	0.324793388429752	0.0631404958677686	0.194931129476584	0.306189164370983	0.16593204775023	0.221634527089073	0.345693296602387	0.416584022038567	0.42455463728191	0.224664830119376	0.423526170798898	0.372745638200184	0.388870523415978	0.262736455463728	0.38119375573921	0.215518824609734	0.475078053259871	0.298145087235996	0.412194674012856	0.151955922865014	0.400183654729109	0.070633608815427	0.267621671258035	0.480238751147842	0.321175390266299	0.44633608815427	0.339173553719008	0.328246097337006	0.481965105601469	0.392047750229569	0.447640036730946	0.391900826446281	0.343287419651056	0.457594123048668	0.440128558310376	0.414839302112029	0.306483011937558	0.425417814508724	0.436308539944904	0.490523415977961	0.402589531680441	0.253241505968779	0.392598714416896	0.395206611570248
GA51	0.0877685950413223	0.187419651056015	0.0763820018365473	0.0986593204775023	0.417337006427915	0.065307621671258	0.0812488521579431	0.308227731864096	0.0381634527089073	0.149586776859504	0.198916437098255	0.251111111111111	0.645876951331497	0.0893847566574839	0.22236914600551	0.158273645546373	0.283122130394858	0	0.0414325068870523	0.22415059687787	0.187419651056015	0.111827364554637	0.287033976124885	0.287382920110193	0.735720844811754	0.281836547291093	0.77524334251607	0.0476951331496786	0.211496786042241	0.0480624426078971	0.365289256198347	0.157061524334252	0.118751147842057	0.0708172635445363	0.0991551882460973	0.0618181818181818	0.0557943067033976	0.159742883379247	0.107052341597796	0.125032139577594	0.164407713498623	0.474618916437098	0.0666666666666667	0.0576124885215794	0.564775022956841	0.191056014692378	0.135996326905418	0.164738292011019	0.119338842975207	0.0683379247015611	0.0364187327823691	0.132745638200184	0.0507805325987144	0.331643709825528	0.0678236914600551	0.227456382001837	0.0734802571166208	0.0611386593204775	0.139614325068871	0.190192837465565	0.0485032139577594	0.0446648301193756	0.177961432506887	0.0682093663911846	0.0839118457300275	0.118824609733701	0.0647382920110193	0.184664830119376	0.107805325987144	0.296143250688705	0.112984389348026	0.0371533516988063	0.168099173553719	0.0539944903581267	0.0608631772268136	0.145491276400367	0.0532415059687787	0.14613406795225	0.145858585858586	0.0959595959595959	0.0595959595959596	0.231955922865014	0.0970431588613407	0.117998163452709	0.135629017447199	0.0759963269054178	0.0673829201101928	0.136290174471993	0.150376492194674	0.253370064279155	0.145858585858586	0.0980532598714417	0.114012855831038	0.0363452708907254	0.120091827364555	0.110284664830119	0.544462809917355	0.0391919191919192	0.133516988062443	0.247823691460055	0.134361799816345	0.253627180899908	0.0373186409550046	0.548815426997245	0.0477869605142332	0.165730027548209	0.0730394857667585	0.127878787878788	0.200679522497704	0.114398530762167	0.169733700642792	0.130541781450872	0.139430670339761	0.178365472910927	0.164444444444444	0.144609733700643	0.0788797061524334	0.144315886134068	0.154380165289256	0.208631772268136	0.122424242424242	0.0428099173553719	0.112800734618916	0.11623507805326
GA53	0.111808999081726	0.212451790633609	0.0488337924701561	0.0664462809917355	0.41682277318641	0.0899540863177227	0.0514784205693297	0.317410468319559	0.0518457300275482	0.12137741046832	0.224683195592287	0.273021120293848	0.645417814508723	0.062277318640955	0.248631772268136	0.13147842056933	0.308760330578512	0.0414325068870523	0	0.24910927456382	0.212745638200184	0.0821303948576676	0.313223140495868	0.301175390266299	0.735353535353536	0.307089072543618	0.775151515151515	0.0323048668503214	0.237245179063361	0.031129476584022	0.363875114784206	0.128411386593205	0.0894214876033057	0.0416896235078053	0.124885215794307	0.083820018365473	0.0740312213039486	0.157998163452709	0.133094582185491	0.149880624426079	0.176161616161616	0.501193755739211	0.0383654729109275	0.0337006427915519	0.564646464646465	0.204205693296603	0.108631772268136	0.175959595959596	0.143875114784206	0.094159779614325	0.0339026629935721	0.102828282828283	0.0349862258953168	0.331404958677686	0.0454729109274564	0.199522497704316	0.0408815426997245	0.0801469237832874	0.111019283746556	0.204113865932048	0.0304315886134068	0.0320293847566575	0.203452708907254	0.0411386593204775	0.109972451790634	0.0878971533516988	0.0404224058769513	0.158273645546373	0.0741046831955923	0.300183654729109	0.0845730027548209	0.0600183654729109	0.141524334251607	0.0314416896235078	0.0846097337006428	0.128191000918274	0.0319191919191919	0.129182736455464	0.132745638200184	0.0677502295684114	0.0341597796143251	0.2566391184573	0.123030303030303	0.0871258034894399	0.149862258953168	0.0999449035812672	0.0446280991735537	0.110009182736455	0.119485766758494	0.278732782369146	0.117483930211203	0.0697887970615243	0.0854361799816345	0.0523232323232323	0.0929292929292929	0.136565656565657	0.569825528007346	0.0304315886134068	0.106280991735537	0.274123048668503	0.108044077134986	0.27425160697888	0.0517355371900826	0.575078053259871	0.0325436179981635	0.140642791551882	0.0435629017447199	0.0998163452708908	0.174839302112029	0.0861524334251607	0.142148760330579	0.10455463728191	0.137887970615243	0.151386593204775	0.138236914600551	0.118732782369146	0.0638200183654729	0.118494031221304	0.128888888888889	0.183195592286501	0.096969696969697	0.0665013774104683	0.0857300275482093	0.0878787878787879
GA57	0.143893480257117	0.182277318640955	0.290670339761249	0.302350780532599	0.41722681359045	0.165564738292011	0.285123966942149	0.2966391184573	0.211937557392103	0.363434343434343	0.0440404040404041	0.241414141414141	0.645013774104683	0.302497704315886	0.0380716253443526	0.379522497704316	0.214471992653811	0.22415059687787	0.24910927456382	0	0.0548209366391185	0.32514233241506	0.0767493112947658	0.281946740128558	0.735078053259872	0.175941230486685	0.774931129476584	0.251753902662994	0.0340312213039486	0.253370064279155	0.389256198347107	0.374012855831038	0.328797061524334	0.277906336088154	0.128484848484848	0.167584940312213	0.180183654729109	0.337483930211203	0.118677685950413	0.104664830119376	0.245785123966942	0.264022038567493	0.276088154269973	0.255390266299357	0.564591368227732	0.236528925619835	0.355004591368228	0.249843893480257	0.19702479338843	0.159026629935721	0.235959595959596	0.34396694214876	0.240330578512397	0.343673094582186	0.258181818181818	0.441818181818182	0.271019283746556	0.178034894398531	0.350633608815427	0.24139577594123	0.264481175390266	0.24178145087236	0.129678604224059	0.273902662993572	0.14119375573921	0.326225895316804	0.275169880624426	0.402552800734619	0.297594123048668	0.297961432506887	0.329348025711662	0.1978145087236	0.389586776859504	0.258989898989899	0.166776859504132	0.332561983471074	0.258034894398531	0.364370982552801	0.354306703397612	0.312525252525252	0.264885215794307	0.199871441689623	0.166299357208448	0.306556473829201	0.239338842975207	0.151147842056933	0.284738292011019	0.358108356290174	0.36396694214876	0.0474563820018366	0.361799816345271	0.308135904499541	0.32989898989899	0.203617998163453	0.338512396694215	0.117098255280073	0.330596877869605	0.239853076216713	0.353186409550046	0.0774288337924701	0.355114784205693	0.243158861340679	0.205840220385675	0.337557392102847	0.26058769513315	0.389256198347107	0.274380165289256	0.338347107438017	0.423617998163453	0.331974288337925	0.388539944903581	0.351937557392103	0.296473829201102	0.398842975206611	0.385619834710744	0.366887052341598	0.28969696969697	0.366850321395776	0.377741046831956	0.431515151515151	0.345399449035813	0.19722681359045	0.33247015610652	0.330156106519743
GA6	0.105123966942149	0.159871441689624	0.254288337924702	0.267933884297521	0.419081726354454	0.130707070707071	0.252800734618916	0.302405876951332	0.17941230486685	0.329274563820018	0.0387878787878788	0.239173553719008	0.645068870523416	0.266446280991735	0.0517355371900826	0.34277318640955	0.217171717171717	0.187419651056015	0.212745638200184	0.0548209366391185	0	0.289329660238751	0.109586776859504	0.285987144168962	0.735133149678605	0.180275482093664	0.774949494949495	0.215004591368228	0.046078971533517	0.217171717171717	0.37406795224977	0.33783287419651	0.29623507805326	0.243471074380165	0.0928374655647383	0.132892561983471	0.142791551882461	0.300734618916437	0.0823507805325987	0.071643709825528	0.209201101928375	0.294912764003673	0.239449035812672	0.218971533516988	0.564591368227732	0.204058769513315	0.318475665748393	0.207952249770432	0.158255280073462	0.122148760330578	0.199247015610652	0.308025711662075	0.20475665748393	0.335224977043159	0.221910009182737	0.40831955922865	0.235555555555556	0.139632690541781	0.319081726354454	0.211258034894398	0.22771349862259	0.205013774104683	0.0974288337924701	0.237190082644628	0.106942148760331	0.290339761248852	0.238438934802571	0.368007346189164	0.262405876951332	0.301561065197429	0.29247015610652	0.162662993572084	0.352819100091827	0.223691460055096	0.129807162534435	0.29584940312213	0.221285583103765	0.327603305785124	0.317906336088154	0.275996326905418	0.228393021120294	0.189182736455464	0.128503213957759	0.2710927456382	0.202350780532599	0.11623507805326	0.248797061524334	0.321340679522498	0.327988980716254	0.0728007346189164	0.326574839302112	0.274582185491276	0.293241505968779	0.166776859504132	0.30139577594123	0.0793204775022957	0.362314049586777	0.203030303030303	0.316492194674013	0.0843526170798898	0.31862258953168	0.243011937557392	0.170174471992654	0.368484848484848	0.224701561065197	0.352488521579431	0.241120293847567	0.30157943067034	0.386850321395776	0.29584940312213	0.351900826446281	0.315206611570248	0.258953168044077	0.362093663911846	0.348925619834711	0.330119375573921	0.253094582185491	0.330119375573921	0.34099173553719	0.394876033057851	0.308631772268136	0.160808080808081	0.296161616161616	0.296730945821855
GA64	0.188411386593205	0.289715335169881	0.0534435261707989	0.0473094582185492	0.42119375573921	0.165087235996327	0.0535537190082645	0.388613406795225	0.122222222222222	0.0737190082644628	0.302112029384757	0.349586776859504	0.645050505050505	0.046574839302112	0.326831955922865	0.0857116620752984	0.386427915518824	0.111827364554637	0.0821303948576676	0.32514233241506	0.289329660238751	0	0.391496786042241	0.375390266299357	0.735169880624426	0.383838383838384	0.774949494949495	0.0812121212121212	0.314600550964187	0.0791551882460973	0.362148760330578	0.0824793388429752	0.0495316804407713	0.0575757575757576	0.201065197428834	0.159816345270891	0.15050505050505	0.160642791551882	0.209972451790634	0.22593204775023	0.249256198347108	0.579724517906336	0.0588797061524334	0.081010101010101	0.566280991735537	0.277796143250689	0.0643526170798898	0.249935720844812	0.221910009182736	0.171772268135905	0.0983654729109275	0.0586593204775023	0.0886317722681359	0.347640036730946	0.0867952249770431	0.151570247933884	0.0586225895316805	0.15722681359045	0.0631037649219467	0.279044995408632	0.0725987144168962	0.0902112029384756	0.280459136822773	0.0644995408631772	0.184646464646465	0.0565105601469238	0.0619651056014692	0.109843893480257	0.0611753902662994	0.362791551882461	0.05089072543618	0.132102846648301	0.0964187327823692	0.0708356290174472	0.16257116620753	0.128007346189164	0.0761432506887052	0.115757575757576	0.121799816345271	0.0428650137741047	0.0662075298438935	0.333719008264463	0.201065197428834	0.0851606978879706	0.223654729109275	0.176069788797062	0.0560146923783288	0.0656198347107438	0.0753902662993572	0.355904499540863	0.0714600550964187	0.0502846648301194	0.0513131313131313	0.126850321395776	0.0542332415059688	0.214508723599633	0.646997245179063	0.0928191000918274	0.0609366391184573	0.352102846648301	0.0644260789715335	0.349586776859504	0.124279155188246	0.653296602387511	0.0753351698806244	0.0942699724517907	0.0566574839302112	0.081267217630854	0.128925619834711	0.0485399449035813	0.0963452708907255	0.0616345270890725	0.173572084481175	0.106189164370983	0.0922865013774105	0.0734435261707989	0.0910376492194674	0.07267217630854	0.0828099173553719	0.136400367309458	0.0550780532598714	0.139191919191919	0.0453443526170799	0.041763085399449
GA66	0.205325987144169	0.242020202020202	0.354361799816345	0.371129476584022	0.426868686868687	0.232947658402204	0.356749311294766	0.319981634527089	0.2833608815427	0.432139577594123	0.0925803489439853	0.279467401285583	0.646060606060606	0.367089072543618	0.0679522497704316	0.442130394857668	0.233131313131313	0.287033976124885	0.313223140495868	0.0767493112947658	0.109586776859504	0.391496786042241	0	0.306391184573003	0.736014692378329	0.19702479338843	0.775390266299357	0.314288337924701	0.0789164370982553	0.318236914600551	0.44516069788797	0.439320477502295	0.400073461891644	0.346483011937557	0.194986225895317	0.235665748393021	0.243232323232323	0.399155188246098	0.182240587695133	0.175408631772268	0.306152433425161	0.1889072543618	0.339669421487603	0.319889807162535	0.56495867768595	0.297979797979798	0.418365472910928	0.304921946740129	0.256400367309458	0.220936639118457	0.298200183654729	0.409366391184573	0.306501377410468	0.385289256198347	0.323783287419651	0.511772268135904	0.338328741965106	0.237557392102847	0.423177226813591	0.298549127640037	0.326244260789715	0.303544536271809	0.188356290174472	0.335665748393021	0.210045913682277	0.391533516988062	0.33742883379247	0.471000918273645	0.364793388429752	0.32732782369146	0.391184573002755	0.265087235996327	0.451349862258953	0.325693296602387	0.229384756657484	0.396124885215794	0.31979797979798	0.42613406795225	0.418934802571166	0.376418732782369	0.32951331496786	0.246501377410468	0.22712580348944	0.373498622589532	0.300477502295684	0.218861340679522	0.350449954086318	0.420238751147842	0.429329660238751	0.0471808999081726	0.428741965105601	0.377979797979798	0.392837465564738	0.266078971533517	0.401763085399449	0.178292011019284	0.25900826446281	0.301561065197429	0.416418732782369	0.113994490358127	0.418916437098255	0.283617998163453	0.272323232323232	0.263305785123967	0.325987144168962	0.451313131313131	0.344407713498623	0.400367309458219	0.485381083562902	0.396694214876033	0.451974288337924	0.414269972451791	0.35682277318641	0.461395775941231	0.448815426997245	0.429072543617998	0.352561983471074	0.429274563820018	0.44	0.494802571166208	0.407584940312213	0.26137741046832	0.397263544536272	0.400440771349862
GA68	0.282148760330578	0.142809917355372	0.338879706152433	0.354967860422406	0.145179063360882	0.276786042240588	0.340532598714417	0.082516069788797	0.284903581267218	0.415996326905418	0.283820018365473	0.0595592286501377	0.367235996326905	0.35147842056933	0.286354453627181	0.426776859504132	0.0917171717171717	0.287382920110193	0.301175390266299	0.281946740128558	0.285987144168962	0.375390266299357	0.306391184573003	0	0.457208448117539	0.128815426997245	0.496730945821855	0.303342516069789	0.283085399449036	0.305564738292011	0.153700642791552	0.4233608815427	0.383820018365473	0.330578512396694	0.279283746556474	0.279871441689624	0.280936639118457	0.2277318640955	0.280459136822773	0.279742883379247	0.135408631772268	0.483636363636364	0.324866850321396	0.30653810835629	0.286317722681359	0.109072543617998	0.402736455463728	0.136675849403122	0.204187327823692	0.281340679522498	0.291974288337925	0.393443526170799	0.296418732782369	0.0975206611570248	0.309752066115703	0.495537190082645	0.322258953168044	0.283030303030303	0.40692378328742	0.112929292929293	0.312543617998163	0.29643709825528	0.209421487603306	0.321010101010101	0.279136822773186	0.348558310376492	0.322956841138659	0.454784205693297	0.348631772268136	0.044040404040404	0.376051423324151	0.280495867768595	0.436216712580349	0.311129476584022	0.280312213039486	0.257851239669422	0.30694214876033	0.306170798898072	0.286813590449954	0.360550964187328	0.314380165289256	0.105381083562902	0.24595041322314	0.295224977043159	0.163213957759412	0.28038567493113	0.334398530762167	0.40495867768595	0.413168044077135	0.295867768595041	0.412653810835629	0.36178145087236	0.37722681359045	0.282424242424242	0.36969696969697	0.281303948576676	0.552837465564739	0.294784205693297	0.400606060606061	0.221763085399449	0.388870523415978	0.0567860422405877	0.281891643709826	0.557722681359045	0.311533516988062	0.434802571166207	0.328209366391185	0.316620752984389	0.470247933884298	0.380826446280992	0.43643709825528	0.380275482093664	0.332396694214876	0.446152433425161	0.42870523415978	0.403048668503214	0.295390266299357	0.413902662993572	0.424738292011019	0.479265381083563	0.391019283746556	0.276932966023875	0.381340679522498	0.384187327823692
GA69	0.735169880624427	0.596179981634527	0.735665748393021	0.735114784205694	0.320330578512397	0.73228650137741	0.735078053259872	0.499191919191919	0.735078053259872	0.735096418732783	0.735371900826447	0.503085399449036	0.0932782369146005	0.735426997245179	0.735904499540863	0.735941230486685	0.522920110192837	0.735720844811754	0.735353535353536	0.735078053259872	0.735133149678605	0.735169880624426	0.736014692378329	0.457208448117539	0	0.561120293847566	0.0494398530762167	0.73603305785124	0.735408631772268	0.735316804407714	0.375096418732782	0.735169880624426	0.735078053259872	0.735114784205694	0.735114784205694	0.735096418732783	0.735353535353536	0.580348943985308	0.735371900826447	0.735078053259872	0.574361799816345	0.737373737373737	0.735482093663912	0.735408631772268	0.171992653810836	0.552580348943986	0.735610651974289	0.575610651974288	0.656620752984389	0.736161616161616	0.736069788797062	0.735261707988981	0.735169880624426	0.405325987144169	0.735169880624426	0.746464646464647	0.735078053259872	0.736694214876033	0.735078053259872	0.554820936639119	0.736694214876033	0.736694214876033	0.661101928374655	0.736694214876033	0.735078053259872	0.708099173553719	0.736124885215794	0.735188246097337	0.735114784205694	0.441671258034894	0.736363636363637	0.735114784205694	0.736730945821855	0.735096418732783	0.735518824609734	0.612800734618916	0.736694214876033	0.631864095500459	0.619136822773186	0.735463728191001	0.735224977043159	0.551515151515151	0.699889807162534	0.672855831037649	0.6055463728191	0.735078053259872	0.735188246097337	0.736216712580349	0.735261707988981	0.735280073461892	0.735169880624426	0.735078053259872	0.73584940312213	0.73603305785124	0.71921028466483	0.735922865013774	0.766464646464647	0.736694214876033	0.735592286501378	0.667144168962351	0.721230486685032	0.498292011019283	0.735188246097337	0.768962350780533	0.735169880624426	0.734986225895317	0.735078053259872	0.667878787878788	0.737741046831956	0.735353535353536	0.735482093663912	0.71742883379247	0.726409550045914	0.735977961432507	0.731166207529844	0.725564738292011	0.693847566574839	0.735996326905418	0.736179981634527	0.738916437098256	0.735004591368228	0.731129476584022	0.73524334251607	0.735078053259872
GA70	0.203232323232323	0.0967860422405877	0.348980716253443	0.362699724517906	0.250743801652893	0.222516069788797	0.347750229568411	0.139283746556474	0.274471992653811	0.423856749311295	0.178640955004591	0.101175390266299	0.471037649219468	0.360881542699725	0.183103764921947	0.437245179063361	0.0574471992653811	0.281836547291093	0.307089072543618	0.175941230486685	0.180275482093664	0.383838383838384	0.19702479338843	0.128815426997245	0.561120293847566	0	0.600863177226813	0.309439853076217	0.178696051423324	0.311717171717172	0.264903581267218	0.432213039485767	0.391202938475666	0.338255280073462	0.193608815426997	0.227346189164371	0.237061524334252	0.239816345270891	0.187401285583104	0.179136822773186	0.14257116620753	0.371441689623508	0.333847566574839	0.313516988062442	0.390541781450872	0.118916437098255	0.412910927456382	0.141799816345271	0.172745638200184	0.217483930211203	0.293608815426997	0.402424242424243	0.298916437098255	0.208209366391185	0.316290174471993	0.503048668503214	0.330064279155188	0.233682277318641	0.414141414141414	0.12455463728191	0.322075298438935	0.299375573921028	0.117263544536272	0.331496786042241	0.202828282828283	0.357502295684114	0.332800734618916	0.462589531680441	0.3566391184573	0.148613406795225	0.386850321395776	0.257171717171717	0.447180899908173	0.31821854912764	0.224132231404959	0.267511478420569	0.315629017447199	0.317134986225895	0.296308539944903	0.370321395775941	0.322938475665748	0.0716804407713499	0.186758494031221	0.303636363636364	0.165160697887971	0.210835629017447	0.343195592286501	0.415775941230487	0.422405876951331	0.18811753902663	0.421028466483012	0.369237832874197	0.3877318640955	0.261230486685032	0.380055096418733	0.186409550045914	0.438989898989899	0.297392102846648	0.41089072543618	0.115684113865932	0.398842975206612	0.104738292011019	0.264628099173554	0.445050505050505	0.318989898989899	0.445564738292011	0.335463728191001	0.327474747474748	0.481212121212121	0.390174471992654	0.44633608815427	0.390909090909091	0.34257116620753	0.456510560146924	0.438842975206612	0.41386593204775	0.305454545454545	0.424536271808999	0.435371900826446	0.489274563820018	0.401818181818182	0.250762167125804	0.390596877869605	0.391441689623508
GA73	0.774986225895317	0.635904499540863	0.775224977043159	0.774967860422406	0.359779614325069	0.772121212121212	0.774931129476584	0.539044995408632	0.774931129476584	0.774931129476584	0.775169880624426	0.542754820936639	0.131790633608815	0.775114784205693	0.775206611570248	0.775298438934803	0.562589531680441	0.77524334251607	0.775151515151515	0.774931129476584	0.774949494949495	0.774949494949495	0.775390266299357	0.496730945821855	0.0494398530762167	0.600863177226813	0	0.775316804407713	0.775004591368228	0.77504132231405	0.414876033057851	0.774967860422406	0.774931129476584	0.774931129476584	0.774986225895317	0.774931129476584	0.77504132231405	0.619393939393939	0.775096418732782	0.774931129476584	0.613406795224977	0.775739210284665	0.775206611570248	0.77505968778696	0.21089072543618	0.592396694214876	0.775206611570248	0.61465564738292	0.696143250688705	0.775518824609734	0.77544536271809	0.775022956841139	0.774967860422406	0.44475665748393	0.774949494949495	0.786997245179064	0.774931129476584	0.775739210284665	0.774931129476584	0.593994490358127	0.775739210284665	0.775739210284665	0.700808080808081	0.775739210284665	0.774931129476584	0.747897153351699	0.775426997245179	0.774949494949495	0.774931129476584	0.481432506887052	0.775573921028466	0.774949494949495	0.775794306703397	0.774931129476584	0.775169880624426	0.652451790633609	0.775739210284665	0.670909090909091	0.658916437098255	0.775151515151515	0.774967860422406	0.591313131313131	0.739412304866851	0.712708907254362	0.644591368227732	0.774931129476584	0.775022956841139	0.775500459136823	0.774967860422406	0.775004591368228	0.774931129476584	0.774931129476584	0.775280073461892	0.775390266299357	0.758879706152434	0.775298438934803	0.780661157024793	0.775739210284665	0.775151515151515	0.706629935720845	0.760734618916437	0.53801652892562	0.774931129476584	0.781616161616162	0.775004591368228	0.774196510560147	0.774931129476584	0.707089072543618	0.77682277318641	0.77504132231405	0.775133149678604	0.756767676767677	0.765454545454546	0.775390266299357	0.770670339761249	0.764701561065197	0.733314967860422	0.775408631772268	0.775482093663912	0.778383838383838	0.774196510560147	0.77068870523416	0.774986225895317	0.774931129476584
GA74	0.114012855831038	0.214306703397613	0.0477318640955005	0.0644260789715335	0.417594123048669	0.0931864095500459	0.051404958677686	0.320330578512397	0.0562534435261708	0.119871441689624	0.226372819100092	0.274820936639118	0.646042240587695	0.0583838383838384	0.249770431588613	0.129733700642791	0.310468319559229	0.0476951331496786	0.0323048668503214	0.251753902662994	0.215004591368228	0.0812121212121212	0.314288337924701	0.303342516069789	0.73603305785124	0.309439853076217	0.775316804407713	0	0.23900826446281	0.0348760330578512	0.3655463728191	0.126997245179063	0.0890174471992654	0.0415610651974288	0.127474747474747	0.0871808999081726	0.0762167125803489	0.158953168044077	0.135224977043159	0.152617079889807	0.176694214876033	0.501799816345271	0.0369146005509642	0.0357943067033976	0.564775022956841	0.206813590449954	0.106556473829201	0.176657483930211	0.144940312213039	0.0965656565656565	0.0342883379247016	0.100110192837466	0.0343617998163453	0.331735537190083	0.0415794306703398	0.198787878787879	0.0378145087235996	0.0798163452708907	0.110523415977961	0.205876951331497	0.0305417814508724	0.031147842056933	0.205583103764922	0.0372819100091827	0.113608815426997	0.0851056014692378	0.0379063360881543	0.157759412304867	0.0703030303030303	0.300459136822773	0.0802203856749311	0.0644260789715335	0.138842975206612	0.0304683195592287	0.0860238751147842	0.129990817263545	0.0309825528007346	0.131202938475666	0.134949494949495	0.0652157943067034	0.0337190082644628	0.258824609733701	0.124481175390266	0.0866299357208448	0.149843893480257	0.10257116620753	0.0444444444444444	0.107621671258035	0.118585858585859	0.280826446280992	0.116657483930211	0.0692011019283746	0.0830853994490358	0.05544536271809	0.0910560146923783	0.137906336088154	0.571937557392103	0.0321028466483012	0.104444444444444	0.275280073461892	0.106648301193756	0.276620752984389	0.0561248852157943	0.57625344352617	0.0349127640036731	0.138181818181818	0.040495867768595	0.098971533516988	0.172378328741965	0.08455463728191	0.140257116620753	0.101561065197429	0.138181818181818	0.149403122130395	0.136510560146924	0.116161616161616	0.0655096418732782	0.116694214876033	0.126850321395776	0.181652892561984	0.0948576675849403	0.0705050505050505	0.0850872359963269	0.0875482093663912
GA75	0.135261707988981	0.174031221303949	0.278530762167126	0.293994490358127	0.417318640955005	0.1566391184573	0.279467401285583	0.304683195592286	0.206023875114784	0.354949494949495	0.0350596877869605	0.238934802571166	0.645252525252525	0.290927456382002	0.0368044077134986	0.366776859504132	0.214894398530762	0.211496786042241	0.237245179063361	0.0340312213039486	0.046078971533517	0.314600550964187	0.0789164370982553	0.283085399449036	0.735408631772268	0.178696051423324	0.775004591368228	0.23900826446281	0	0.241965105601469	0.383838383838384	0.36257116620753	0.32277318640955	0.269329660238751	0.11842056932966	0.159926538108356	0.16949494949495	0.324573002754821	0.10811753902663	0.100716253443526	0.233590449954086	0.266317722681359	0.264022038567493	0.244040404040404	0.564609733700643	0.228154269972452	0.342644628099174	0.237943067033976	0.185638200183655	0.146170798898072	0.223103764921947	0.332819100091827	0.23068870523416	0.338438934802571	0.247180899908173	0.4344536271809	0.261157024793388	0.165234159779614	0.345840220385675	0.230615243342516	0.251460055096419	0.228870523415978	0.120459136822773	0.260899908172635	0.132929292929293	0.314949494949495	0.262295684113866	0.393810835629017	0.288227731864095	0.29722681359045	0.316271808999082	0.188135904499541	0.376565656565656	0.248833792470156	0.154894398530762	0.320459136822773	0.245179063360882	0.351349862258953	0.342644628099173	0.300275482093664	0.253241505968779	0.195188246097337	0.153902662993572	0.297098255280073	0.227015610651974	0.14396694214876	0.273774104683196	0.345197428833792	0.352598714416896	0.0468135904499541	0.351845730027548	0.30078971533517	0.317208448117539	0.191111111111111	0.325987144168962	0.10534435261708	0.334563820018365	0.226813590449954	0.340661157024793	0.0747658402203856	0.343030303030303	0.242552800734619	0.195371900826446	0.340091827364555	0.249421487603306	0.376345270890725	0.267107438016529	0.325417814508724	0.410596877869605	0.320367309458219	0.376088154269972	0.339118457300275	0.283783287419651	0.386097337006428	0.373112947658402	0.354012855831038	0.277079889807162	0.35404958677686	0.364775022956841	0.418971533516988	0.332488521579431	0.18514233241506	0.320826446280992	0.323122130394858
GA78	0.116216712580349	0.217134986225895	0.0473094582185492	0.0649770431588614	0.416620752984389	0.0943434343434344	0.0499908172635445	0.320036730945822	0.0552066115702479	0.11801652892562	0.229568411386593	0.277208448117539	0.64534435261708	0.0580532598714417	0.25366391184573	0.12951331496786	0.313700642791552	0.0480624426078971	0.031129476584022	0.253370064279155	0.217171717171717	0.0791551882460973	0.318236914600551	0.305564738292011	0.735316804407714	0.311717171717172	0.77504132231405	0.0348760330578512	0.241965105601469	0	0.363434343434343	0.126115702479339	0.0859504132231405	0.0411570247933884	0.12969696969697	0.0887603305785124	0.0786960514233242	0.158255280073462	0.138053259871442	0.154178145087236	0.179706152433425	0.50633608815427	0.0370982552800735	0.0360330578512397	0.564646464646465	0.207695133149679	0.105564738292011	0.179963269054178	0.148760330578512	0.0995775941230487	0.0389348025711662	0.0998163452708908	0.0376492194674013	0.331496786042241	0.0449403122130395	0.196363636363636	0.0396694214876033	0.0846464646464646	0.107897153351699	0.208503213957759	0.0312029384756657	0.0343985307621671	0.208080808080808	0.040238751147842	0.114637281910009	0.0851423324150597	0.0392102846648301	0.154361799816345	0.0725252525252525	0.301010101010101	0.082020202020202	0.0634159779614325	0.139375573921028	0.0312029384756657	0.0897520661157025	0.128631772268136	0.0327456382001837	0.12831955922865	0.130505050505051	0.0656749311294766	0.0332231404958678	0.26137741046832	0.12811753902663	0.086317722681359	0.15485766758494	0.104315886134068	0.0395408631772268	0.107970615243343	0.118145087235996	0.283397612488522	0.115555555555556	0.0658769513314968	0.0836179981634527	0.0575941230486685	0.0901744719926538	0.142020202020202	0.574563820018365	0.033168044077135	0.103415977961433	0.279173553719008	0.105215794306703	0.277594123048668	0.0559779614325069	0.580091827364555	0.0325252525252525	0.137594123048669	0.0415059687786961	0.0986776859504132	0.172011019283747	0.0835996326905418	0.139283746556474	0.101836547291093	0.137685950413223	0.14949494949495	0.135078053259871	0.11564738292011	0.0631588613406795	0.116124885215794	0.126189164370983	0.180018365472911	0.0936822773186409	0.071404958677686	0.0839853076216713	0.0847750229568411
GA80	0.366611570247934	0.23307621671258	0.364628099173554	0.361469237832874	0.101046831955923	0.359522497704316	0.360826446280992	0.205252525252525	0.361010101010101	0.365509641873278	0.378163452708907	0.17524334251607	0.28534435261708	0.363507805325987	0.392176308539945	0.372947658402204	0.228888888888889	0.365289256198347	0.363875114784206	0.389256198347107	0.37406795224977	0.362148760330578	0.44516069788797	0.153700642791552	0.375096418732782	0.264903581267218	0.414876033057851	0.3655463728191	0.383838383838384	0.363434343434343	0	0.368062442607897	0.36119375573921	0.361671258034894	0.362754820936639	0.362350780532599	0.364573002754821	0.210909090909091	0.364150596877869	0.362258953168044	0.206593204775023	0.631349862258953	0.364444444444444	0.363636363636364	0.235592286501377	0.184481175390266	0.366280991735537	0.211423324150597	0.289788797061524	0.366648301193756	0.36595041322314	0.363617998163453	0.363122130394858	0.0736455463728191	0.363011937557392	0.429862258953168	0.361836547291093	0.369072543617998	0.361469237832874	0.190284664830119	0.366905417814509	0.367309458218549	0.296271808999082	0.366905417814509	0.361524334251607	0.33623507805326	0.366042240587695	0.38989898989899	0.362203856749311	0.126795224977043	0.366391184573002	0.361744719926538	0.378053259871442	0.362277318640955	0.365234159779614	0.241854912764004	0.366905417814509	0.264664830119376	0.24949494949495	0.364187327823691	0.363085399449036	0.21030303030303	0.331331496786042	0.300275482093664	0.237043158861341	0.363158861340679	0.362938475665748	0.368099173553719	0.365454545454545	0.411037649219467	0.365528007346189	0.361285583103765	0.365234159779614	0.365619834710744	0.348576675849403	0.366960514233242	0.699100091827364	0.366905417814509	0.366317722681359	0.341322314049587	0.35147842056933	0.169843893480257	0.362552800734619	0.704995408631772	0.363103764921947	0.377006427915519	0.361157024793388	0.298163452708907	0.407878787878788	0.363581267217631	0.377134986225895	0.347823691460055	0.358365472910928	0.385472910927456	0.371239669421487	0.359155188246097	0.32317722681359	0.368650137741047	0.372323232323232	0.415831037649219	0.365491276400367	0.359485766758494	0.363434343434343	0.360955004591368
GA84	0.23682277318641	0.337924701561065	0.0916253443526171	0.0736271808999082	0.454967860422406	0.213553719008264	0.0964187327823691	0.437520661157025	0.169678604224059	0.0367309458218549	0.350358126721763	0.397685950413223	0.645123966942149	0.0764921946740128	0.374692378328742	0.029880624426079	0.434361799816345	0.157061524334252	0.128411386593205	0.374012855831038	0.33783287419651	0.0824793388429752	0.439320477502295	0.4233608815427	0.735169880624426	0.432213039485767	0.774967860422406	0.126997245179063	0.36257116620753	0.126115702479339	0.368062442607897	0	0.0586409550045914	0.102846648301194	0.249421487603306	0.208539944903581	0.198640955004591	0.198053259871442	0.258145087235996	0.274839302112029	0.297116620752984	0.627584940312213	0.101524334251607	0.127309458218549	0.591258034894399	0.326354453627181	0.0344903581267218	0.297796143250689	0.269788797061524	0.21959595959596	0.145234159779614	0.0334618916437098	0.135353535353535	0.392947658402204	0.133792470156107	0.0739944903581267	0.103048668503214	0.205087235996327	0.0409917355371901	0.32692378328742	0.117171717171717	0.137300275482094	0.328539944903581	0.105436179981635	0.233314967860422	0.0775022956841139	0.105950413223141	0.0463728191000918	0.0768411386593204	0.410798898071625	0.055959595959596	0.179375573921028	0.0255463728191001	0.116620752984389	0.210449954086318	0.166501377410468	0.122754820936639	0.129090909090909	0.141928374655647	0.0680624426078972	0.110964187327824	0.381965105601469	0.248962350780533	0.130651974288338	0.271515151515151	0.224775022956841	0.100275482093664	0.0370798898071625	0.0232506887052342	0.404205693296602	0.0289623507805326	0.0879155188246097	0.0526170798898071	0.174325068870523	0.0664279155188246	0.262479338842975	0.695224977043159	0.140165289256198	0.0339577594123049	0.400110192837466	0.0522314049586777	0.397906336088154	0.17188246097337	0.7011753902663	0.120110192837466	0.0332598714416896	0.100716253443526	0.110743801652893	0.0518089990817264	0.0533516988062443	0.0254178145087236	0.056216712580349	0.221010101010101	0.031643709825528	0.0284297520661157	0.0451606978879706	0.136473829201102	0.0329476584022039	0.032157943067034	0.0620385674931129	0.0562718089990817	0.185840220385675	0.0550780532598714	0.060771349862259
GA88	0.196014692378329	0.297667584940312	0.0556473829201102	0.0391184573002755	0.425693296602388	0.171423324150597	0.0517355371900826	0.388980716253444	0.124077134986226	0.0499173553719008	0.310431588613407	0.358145087235996	0.645013774104683	0.0431037649219468	0.335426997245179	0.0613406795224977	0.39485766758494	0.118751147842057	0.0894214876033057	0.328797061524334	0.29623507805326	0.0495316804407713	0.400073461891644	0.383820018365473	0.735078053259872	0.391202938475666	0.774931129476584	0.0890174471992654	0.32277318640955	0.0859504132231405	0.36119375573921	0.0586409550045914	0	0.062038567493113	0.208099173553719	0.164977043158861	0.158714416896235	0.165766758494031	0.218383838383838	0.227419651056015	0.257887970615243	0.588356290174472	0.064573002754821	0.0881726354453627	0.568337924701561	0.285289256198347	0.0432506887052341	0.258567493112948	0.230468319559229	0.180697887970615	0.106795224977043	0.041010101010101	0.0944903581267217	0.355316804407713	0.0937190082644628	0.122846648301194	0.0626262626262626	0.165858585858586	0.034435261707989	0.287676767676768	0.0791735537190083	0.0981818181818181	0.287952249770431	0.069623507805326	0.190578512396694	0.0462442607897153	0.0684848484848485	0.0806978879706153	0.0503030303030303	0.37129476584022	0.0395959595959596	0.138677685950413	0.0728558310376492	0.0770064279155188	0.171129476584022	0.133682277318641	0.0847015610651974	0.114747474747475	0.123103764921947	0.0378696051423324	0.0722865013774104	0.341303948576676	0.209568411386593	0.0902662993572084	0.232341597796143	0.181542699724518	0.0610284664830119	0.045564738292011	0.0524885215794307	0.363636363636364	0.0482460973370064	0.0485950413223141	0.038989898989899	0.135482093663912	0.0438934802571166	0.223103764921947	0.654967860422406	0.101469237832874	0.0420385674931129	0.360679522497704	0.0462993572084481	0.357447199265381	0.13147842056933	0.661891643709826	0.0807346189164371	0.068613406795225	0.057704315886134	0.0823140495867768	0.103526170798898	0.0340495867768595	0.0732782369146005	0.0485583103764922	0.181928374655647	0.0825895316804408	0.0677502295684114	0.0528007346189164	0.0986960514233241	0.0509825528007346	0.0582920110192838	0.109715335169881	0.0398163452708907	0.14712580348944	0.0319742883379247	0.0275298438934803
GA90	0.142901744719927	0.244517906336088	0.035941230486685	0.0421487603305785	0.416271808999082	0.119357208448118	0.0316253443526171	0.340826446280992	0.0768778696051424	0.0923415977961432	0.257116620752984	0.304591368227732	0.645105601469238	0.0419283746556474	0.281799816345271	0.106023875114784	0.341303948576676	0.0708172635445363	0.0416896235078053	0.277906336088154	0.243471074380165	0.0575757575757576	0.346483011937557	0.330578512396694	0.735114784205694	0.338255280073462	0.774931129476584	0.0415610651974288	0.269329660238751	0.0411570247933884	0.361671258034894	0.102846648301194	0.062038567493113	0	0.155426997245179	0.113370064279155	0.105417814508724	0.157134986225895	0.165050505050505	0.178108356290174	0.204481175390266	0.534729109274564	0.030633608815427	0.0430670339761249	0.564646464646465	0.23228650137741	0.0845362718089991	0.20494031221304	0.17684113865932	0.127621671258035	0.0559044995408632	0.0773553719008265	0.0472910927456382	0.331937557392103	0.0489256198347108	0.169954086317723	0.0295684113865932	0.1122681359045	0.0813406795224977	0.234178145087236	0.0373002754820937	0.0516253443526171	0.23505968778696	0.0371166207529844	0.138751147842057	0.0644628099173554	0.033682277318641	0.129127640036731	0.0524334251606979	0.318989898989899	0.0610284664830119	0.0883195592286501	0.116914600550964	0.0328925619834711	0.117649219467401	0.124205693296602	0.0409733700642792	0.12	0.124701561065197	0.0453443526170799	0.0329843893480257	0.288282828282828	0.156124885215794	0.0745087235996327	0.179044995408632	0.129458218549128	0.0327456382001836	0.0854545454545455	0.0943801652892562	0.310505050505051	0.0908539944903581	0.0461707988980716	0.0620018365472911	0.0838200183654729	0.0689807162534435	0.169715335169881	0.60157943067034	0.0527823691460055	0.0813039485766758	0.307107438016529	0.0833241505968778	0.304095500459137	0.079485766758494	0.608282828282828	0.0388980716253444	0.115261707988981	0.0280808080808081	0.0850137741046832	0.149807162534435	0.0617263544536272	0.116179981634527	0.080514233241506	0.142038567493113	0.126648301193756	0.113168044077135	0.09366391184573	0.061248852157943	0.0933516988062442	0.104022038567493	0.157134986225895	0.0733516988062442	0.096455463728191	0.0603673094582185	0.058989898989899
GA91	0.0449770431588613	0.141157024793388	0.166354453627181	0.180330578512397	0.416345270890726	0.049880624426079	0.164775022956841	0.301799816345271	0.0914784205693297	0.240844811753903	0.10674012855831	0.232966023875115	0.645032139577594	0.178273645546373	0.130449954086318	0.254416896235078	0.216382001836547	0.0991551882460973	0.124885215794307	0.128484848484848	0.0928374655647383	0.201065197428834	0.194986225895317	0.279283746556474	0.735114784205694	0.193608815426997	0.774986225895317	0.127474747474747	0.11842056932966	0.12969696969697	0.362754820936639	0.249421487603306	0.208099173553719	0.155426997245179	0	0.0540679522497704	0.0662809917355372	0.215169880624426	0.0306887052341598	0.0342699724517906	0.164848484848485	0.383213957759412	0.152249770431589	0.1332782369146	0.564591368227732	0.183783287419651	0.230045913682277	0.164977043158861	0.0970615243342516	0.0448852157943067	0.111919191919192	0.219779614325069	0.120514233241506	0.331349862258953	0.138861340679522	0.319834710743802	0.148209366391185	0.0665564738292011	0.23089072543618	0.185068870523416	0.139577594123049	0.119393939393939	0.0917355371900827	0.150615243342516	0.0294765840220386	0.202405876951331	0.150743801652893	0.279485766758494	0.178108356290174	0.293902662993572	0.204517906336088	0.0745270890725436	0.264389348025712	0.136216712580349	0.0503213957759412	0.213719008264463	0.134123048668503	0.239302112029385	0.230064279155188	0.187621671258035	0.141616161616162	0.185436179981634	0.0580716253443526	0.188741965105602	0.140091827364555	0.0427180899908172	0.160330578512397	0.232929292929293	0.239706152433425	0.159302112029385	0.237979797979798	0.184664830119376	0.205270890725436	0.0805325987144169	0.213516988062443	0.035959595959596	0.450541781450873	0.115996326905418	0.228191000918274	0.155684113865932	0.230266299357209	0.237979797979798	0.0833425160697888	0.456804407713499	0.136069788797062	0.264058769513315	0.153223140495868	0.214563820018365	0.29842056932966	0.207199265381084	0.263526170798898	0.226776859504132	0.181065197428834	0.273682277318641	0.26058769513315	0.241726354453627	0.165013774104683	0.241707988980716	0.252543617998163	0.306391184573003	0.220238751147842	0.0730027548209366	0.207658402203857	0.208301193755739
GA93	0.039504132231405	0.148595041322314	0.125711662075298	0.137869605142332	0.416216712580349	0.0330027548209366	0.121542699724518	0.29880624426079	0.0543067033976125	0.198640955004591	0.147786960514233	0.233884297520661	0.645013774104683	0.137281910009183	0.171496786042241	0.213939393939394	0.23386593204775	0.0618181818181818	0.083820018365473	0.167584940312213	0.132892561983471	0.159816345270891	0.235665748393021	0.279871441689624	0.735096418732783	0.227346189164371	0.774931129476584	0.0871808999081726	0.159926538108356	0.0887603305785124	0.362350780532599	0.208539944903581	0.164977043158861	0.113370064279155	0.0540679522497704	0	0.0328558310376492	0.180881542699724	0.0609366391184573	0.0679889807162534	0.166115702479339	0.423948576675849	0.111037649219467	0.091900826446281	0.564591368227732	0.183067033976125	0.189531680440771	0.161432506887052	0.0893296602387512	0.0386409550045914	0.0716988062442608	0.178640955004591	0.0782001836547291	0.331460055096419	0.0960514233241506	0.277245179063361	0.105913682277319	0.0360881542699724	0.187511478420569	0.185730027548209	0.0991000918273646	0.0778696051423324	0.124279155188246	0.109090909090909	0.0444077134986226	0.161157024793388	0.110156106519743	0.237612488521579	0.134949494949495	0.293921028466483	0.163875114784206	0.0419651056014692	0.224003673094582	0.0938842975206611	0.0250321395775941	0.171441689623508	0.0933700642791552	0.198953168044077	0.189825528007346	0.146997245179063	0.0999265381083563	0.190945821854913	0.0559779614325069	0.145417814508724	0.137447199265381	0.0286317722681359	0.119430670339761	0.192525252525253	0.198457300275482	0.199540863177227	0.196510560146924	0.143783287419651	0.164297520661157	0.0449219467401286	0.173057851239669	0.0647015610651974	0.490762167125804	0.0752800734618916	0.187603305785124	0.196528925619835	0.189586776859504	0.237410468319559	0.0481726354453627	0.497483930211203	0.0953535353535354	0.223691460055096	0.110431588613407	0.172966023875115	0.258034894398531	0.166501377410468	0.22297520661157	0.186354453627181	0.148595041322314	0.233278236914601	0.220055096418733	0.201303948576676	0.124903581267218	0.201267217630854	0.212157943067034	0.26593204775023	0.179816345270891	0.0471441689623508	0.16692378328742	0.165693296602387
GB104	0.0472910927456382	0.152800734618916	0.114674012855831	0.130523415977961	0.416877869605143	0.0408080808080808	0.115812672176309	0.304738292011019	0.0535537190082645	0.191056014692378	0.156712580348944	0.236253443526171	0.645307621671258	0.127089072543618	0.178971533516988	0.202791551882461	0.240752984389348	0.0557943067033976	0.0740312213039486	0.180183654729109	0.142791551882461	0.15050505050505	0.243232323232323	0.280936639118457	0.735353535353536	0.237061524334252	0.77504132231405	0.0762167125803489	0.16949494949495	0.0786960514233242	0.364573002754821	0.198640955004591	0.158714416896235	0.105417814508724	0.0662809917355372	0.0328558310376492	0	0.177961432506887	0.0710192837465565	0.082277318640955	0.168025711662075	0.430762167125804	0.100146923783287	0.0806244260789715	0.564628099173554	0.186391184573003	0.178530762167126	0.162240587695133	0.0949862258953168	0.0434710743801653	0.0622589531680441	0.16910927456382	0.0689072543617998	0.331735537190083	0.0860055096418733	0.270505050505051	0.0976675849403122	0.031386593204775	0.181836547291093	0.186758494031221	0.0874012855831038	0.0660055096418733	0.13386593204775	0.097704315886134	0.058475665748393	0.15129476584022	0.0983838383838384	0.229807162534435	0.125619834710744	0.295353535353535	0.152194674012856	0.0433976124885216	0.212488521579431	0.0849219467401285	0.027860422405877	0.160844811753903	0.08178145087236	0.188062442607897	0.182167125803489	0.136290174471993	0.0897704315886134	0.196473829201102	0.0644077134986226	0.135261707988981	0.140550964187328	0.0367309458218549	0.109770431588613	0.181065197428834	0.188741965105601	0.208062442607897	0.187823691460055	0.136969696969697	0.153186409550046	0.0377043158861341	0.162020202020202	0.0735537190082645	0.499155188246097	0.0641505968778696	0.176547291092746	0.204095500459137	0.178934802571166	0.239761248852158	0.044811753902663	0.504628099173554	0.0860789715335169	0.212249770431589	0.103324150596878	0.161836547291093	0.246519742883379	0.156326905417814	0.212194674012856	0.175078053259871	0.146905417814509	0.222130394857668	0.209182736455464	0.190009182736455	0.115280073461892	0.189954086317723	0.200752984389348	0.254931129476584	0.168429752066116	0.0486501377410468	0.156786042240588	0.159063360881543
GB105	0.204040404040404	0.162497704315886	0.157557392102847	0.159100091827365	0.270211202938476	0.181212121212121	0.157777777777778	0.244609733700643	0.162516069788797	0.191221303948577	0.311992653810836	0.2021854912764	0.490413223140496	0.15722681359045	0.334747474747475	0.200532598714417	0.239393939393939	0.159742883379247	0.157998163452709	0.337483930211203	0.300734618916437	0.160642791551882	0.399155188246098	0.2277318640955	0.580348943985308	0.239816345270891	0.619393939393939	0.158953168044077	0.324573002754821	0.158255280073462	0.210909090909091	0.198053259871442	0.165766758494031	0.157134986225895	0.215169880624426	0.180881542699724	0.177961432506887	0	0.222332415059688	0.238512396694215	0.102662993572084	0.585895316804408	0.158273645546373	0.161505968778696	0.411441689623508	0.133168044077135	0.178365472910927	0.10356290174472	0.151129476584022	0.187805325987144	0.159247015610652	0.17168044077135	0.164022038567493	0.197043158861341	0.16574839302112	0.27050505050505	0.159375573921029	0.181212121212121	0.181965105601469	0.129733700642792	0.157153351698806	0.16137741046832	0.216914600550964	0.159706152433425	0.204683195592286	0.135702479338843	0.158034894398531	0.229733700642792	0.164205693296602	0.216069788797062	0.162056932966024	0.165674931129477	0.208558310376492	0.157887970615243	0.178402203856749	0.0509458218549127	0.159302112029385	0.0799449035812672	0.0643709825528008	0.157520661157025	0.158457300275482	0.188484848484849	0.174986225895317	0.104866850321396	0.100550964187328	0.192304866850321	0.156510560146924	0.179981634527089	0.188503213957759	0.366262626262626	0.188576675849403	0.157943067033976	0.163342516069789	0.164370982552801	0.150247933884297	0.224095500459137	0.657373737373737	0.159302112029385	0.176345270890725	0.291441689623508	0.164040404040404	0.203801652892562	0.165436179981635	0.661010101010101	0.157006427915519	0.207640036730946	0.158034894398531	0.0993755739210284	0.24257116620753	0.163948576675849	0.210358126721763	0.155684113865932	0.176657483930211	0.219449035812672	0.202479338842975	0.176492194674013	0.116106519742883	0.187621671258035	0.197961432506887	0.253204775022957	0.168815426997245	0.167584940312213	0.162699724517906	0.162754820936639
GB106	0.0438934802571166	0.142497704315886	0.174325068870523	0.189880624426079	0.416896235078053	0.0561432506887052	0.175408631772268	0.304407713498623	0.102020202020202	0.25048668503214	0.0950596877869604	0.23386593204775	0.645307621671258	0.18653810835629	0.118567493112948	0.262332415059688	0.21544536271809	0.107052341597796	0.133094582185491	0.118677685950413	0.0823507805325987	0.209972451790634	0.182240587695133	0.280459136822773	0.735371900826447	0.187401285583104	0.775096418732782	0.135224977043159	0.10811753902663	0.138053259871442	0.364150596877869	0.258145087235996	0.218383838383838	0.165050505050505	0.0306887052341598	0.0609366391184573	0.0710192837465565	0.222332415059688	0	0.0283195592286501	0.167235996326905	0.370266299357209	0.159871441689624	0.141120293847567	0.564646464646465	0.185950413223141	0.238310376492195	0.164242424242424	0.101028466483012	0.0471625344352617	0.119614325068871	0.228411386593205	0.128393021120294	0.331643709825528	0.146262626262626	0.329917355371901	0.157098255280073	0.0690358126721763	0.24119375573921	0.186115702479339	0.147199265381084	0.125399449035813	0.0867217630853995	0.157263544536272	0.0360330578512397	0.211111111111111	0.157998163452709	0.289090909090909	0.185601469237833	0.294820936639118	0.21208448117539	0.0840955004591369	0.27208448117539	0.144444444444444	0.0554637281910009	0.220220385674931	0.141542699724518	0.246905417814509	0.238457300275482	0.195922865013774	0.14910927456382	0.186042240587695	0.059247015610652	0.196694214876033	0.142644628099174	0.0475665748393021	0.169586776859504	0.240679522497704	0.248337924701561	0.147419651056015	0.247254361799816	0.196308539944904	0.212929292929293	0.0874196510560147	0.221542699724518	0.029880624426079	0.438494031221304	0.122662993572084	0.236179981634527	0.143415977961432	0.238567493112948	0.239357208448117	0.0920110192837465	0.444132231404959	0.144830119375574	0.271845730027548	0.162828282828283	0.221267217630854	0.306115702479339	0.216014692378329	0.271717171717172	0.234637281910009	0.185270890725436	0.281689623507805	0.268723599632691	0.24951331496786	0.17287419651056	0.249458218549128	0.26038567493113	0.314508723599633	0.228044077134986	0.0813406795224977	0.216179981634527	0.218457300275482
GB107	0.0492561983471074	0.142167125803489	0.191919191919192	0.202295684113866	0.416198347107438	0.0661524334251607	0.183324150596878	0.292598714416896	0.110780532598714	0.263746556473829	0.0880624426078972	0.232782369146005	0.645013774104683	0.203305785123967	0.111239669421488	0.28040404040404	0.212984389348026	0.125032139577594	0.149880624426079	0.104664830119376	0.071643709825528	0.22593204775023	0.175408631772268	0.279742883379247	0.735078053259872	0.179136822773186	0.774931129476584	0.152617079889807	0.100716253443526	0.154178145087236	0.362258953168044	0.274839302112029	0.227419651056015	0.178108356290174	0.0342699724517906	0.0679889807162534	0.082277318640955	0.238512396694215	0.0283195592286501	0	0.169825528007346	0.363691460055096	0.177061524334252	0.156308539944904	0.564591368227732	0.182718089990817	0.255886134067952	0.164701561065197	0.104481175390266	0.0608631772268136	0.13684113865932	0.244793388429752	0.140973370064279	0.331368227731864	0.159063360881543	0.341285583103765	0.171808999081726	0.0802754820936639	0.247768595041322	0.187309458218549	0.165362718089991	0.142662993572085	0.0798347107438016	0.174784205693297	0.0421303948576676	0.227089072543618	0.176051423324151	0.303067033976125	0.198494031221304	0.294178145087236	0.230119375573921	0.0983287419651056	0.290468319559229	0.159669421487603	0.0679155188246097	0.233902662993572	0.158916437098255	0.265252525252525	0.255151515151515	0.213406795224977	0.165656565656566	0.18376492194674	0.0697887970615243	0.207474747474747	0.14771349862259	0.0525803489439853	0.185564738292011	0.258989898989899	0.264664830119375	0.138879706152433	0.26236914600551	0.207474747474747	0.230762167125803	0.104499540863177	0.239357208448118	0.0317539026629936	0.430247933884298	0.140679522497704	0.25406795224977	0.136106519742883	0.255996326905418	0.237245179063361	0.106372819100092	0.43722681359045	0.161322314049587	0.290137741046832	0.174269972451791	0.239228650137741	0.324499540863177	0.232837465564738	0.289421487603306	0.252819100091827	0.197759412304867	0.299724517906336	0.286501377410468	0.267768595041322	0.190578512396694	0.267731864095501	0.27862258953168	0.332396694214876	0.246280991735537	0.0981083562901745	0.233314967860422	0.230266299357209
GB108	0.175261707988981	0.07089072543618	0.211698806244261	0.229201101928375	0.256326905417814	0.160716253443526	0.214582185491276	0.152011019283747	0.163452708907254	0.289954086317723	0.221248852157943	0.104315886134068	0.484426078971534	0.224701561065198	0.242112029384757	0.299247015610652	0.140550964187328	0.164407713498623	0.176161616161616	0.245785123966942	0.209201101928375	0.249256198347108	0.306152433425161	0.135408631772268	0.574361799816345	0.14257116620753	0.613406795224977	0.176694214876033	0.233590449954086	0.179706152433425	0.206593204775023	0.297116620752984	0.257887970615243	0.204481175390266	0.164848484848485	0.166115702479339	0.168025711662075	0.102662993572084	0.167235996326905	0.169825528007346	0	0.492800734618916	0.197300275482094	0.181450872359963	0.402791551882461	0.0388797061524334	0.275629017447199	0.0310927456382002	0.093921028466483	0.163507805325987	0.168099173553719	0.267144168962351	0.173608815426997	0.170119375573921	0.184113865932048	0.369586776859504	0.196143250688705	0.168356290174472	0.28099173553719	0.0394306703397613	0.183581267217631	0.169090909090909	0.127988980716253	0.192543617998164	0.162754820936639	0.222277318640955	0.194876033057851	0.328815426997245	0.223122130394858	0.136988062442608	0.248007346189164	0.162479338842975	0.307621671258035	0.18514233241506	0.165601469237833	0.132561983471074	0.178953168044077	0.177575757575758	0.160238751147842	0.233847566574839	0.188650137741047	0.0903030303030303	0.133112947658402	0.170376492194674	0.0414141414141414	0.168227731864096	0.208172635445363	0.276951331496786	0.286978879706152	0.273168044077135	0.286483011937557	0.235775941230487	0.249880624426079	0.162938475665748	0.242589531680441	0.168686868686869	0.564279155188246	0.169384756657484	0.27366391184573	0.19860422405877	0.261946740128558	0.105803489439853	0.163195592286501	0.56791551882461	0.185050505050505	0.3067217630854	0.202222222222222	0.188558310376492	0.341652892561983	0.25425160697888	0.309439853076217	0.252506887052342	0.207511478420569	0.318494031221304	0.301561065197429	0.275206611570248	0.167750229568411	0.286207529843893	0.296859504132231	0.35228650137741	0.263048668503214	0.158089990817264	0.254876033057851	0.258255280073462
GB110	0.392727272727273	0.429770431588613	0.542112029384757	0.559393939393939	0.589403122130395	0.42119375573921	0.545032139577594	0.493608815426997	0.471643709825528	0.620422405876951	0.279577594123049	0.462865013774105	0.675610651974288	0.555169880624426	0.252929292929293	0.629715335169881	0.406354453627181	0.474618916437098	0.501193755739211	0.264022038567493	0.294912764003673	0.579724517906336	0.1889072543618	0.483636363636364	0.737373737373737	0.371441689623508	0.775739210284665	0.501799816345271	0.266317722681359	0.50633608815427	0.631349862258953	0.627584940312213	0.588356290174472	0.534729109274564	0.383213957759412	0.423948576675849	0.430762167125804	0.585895316804408	0.370266299357209	0.363691460055096	0.492800734618916	0	0.527511478420569	0.507878787878788	0.604793388429752	0.485656565656566	0.606097337006428	0.490872359963269	0.443838383838384	0.408301193755739	0.485491276400368	0.59761248852158	0.494710743801653	0.56595041322314	0.511992653810836	0.700055096418732	0.526611570247934	0.424187327823691	0.611460055096419	0.484866850321396	0.512984389348026	0.490284664830119	0.375500459136823	0.522405876951331	0.398328741965106	0.579742883379247	0.524719926538108	0.659283746556474	0.55307621671258	0.510670339761249	0.578347107438017	0.453351698806244	0.638089990817263	0.513921028466483	0.41722681359045	0.584113865932048	0.50653810835629	0.61287419651056	0.606868686868687	0.564315886134068	0.517649219467401	0.430743801652892	0.414582185491277	0.561726354453627	0.487217630853995	0.40712580348944	0.538640955004591	0.607419651056015	0.617447199265381	0.224811753902663	0.616951331496786	0.566244260789715	0.580348943985308	0.453516988062443	0.589439853076217	0.365840220385675	0.0717171717171717	0.488301193755739	0.604132231404959	0.296382001836547	0.606776859504132	0.46791551882461	0.460550964187328	0.0751147842056933	0.51406795224977	0.638530762167126	0.532690541781451	0.587401285583104	0.672121212121212	0.584719926538108	0.639908172635446	0.601616161616161	0.54356290174472	0.648962350780532	0.636528925619835	0.616345270890726	0.540183654729109	0.616675849403122	0.62732782369146	0.682754820936639	0.594729109274564	0.449421487603306	0.58534435261708	0.588723599632691
GB111	0.138549127640037	0.239173553719008	0.0309274563820018	0.042020202020202	0.417079889807163	0.116988062442608	0.0336455463728191	0.340055096418733	0.0777410468319559	0.0941230486685032	0.251441689623508	0.298365472910927	0.645693296602388	0.0380348943985308	0.275059687786961	0.104683195592286	0.335316804407713	0.0666666666666667	0.0383654729109275	0.276088154269973	0.239449035812672	0.0588797061524334	0.339669421487603	0.324866850321396	0.735482093663912	0.333847566574839	0.775206611570248	0.0369146005509642	0.264022038567493	0.0370982552800735	0.364444444444444	0.101524334251607	0.064573002754821	0.030633608815427	0.152249770431589	0.111037649219467	0.100146923783287	0.158273645546373	0.159871441689624	0.177061524334252	0.197300275482094	0.527511478420569	0	0.0348025711662075	0.564719926538109	0.228099173553719	0.0815610651974289	0.198034894398531	0.170064279155188	0.122056932966024	0.0506703397612489	0.0747842056932966	0.0441138659320478	0.331845730027548	0.0444444444444444	0.173149678604224	0.023030303030303	0.105417814508724	0.0844995408631773	0.227291092745638	0.030633608815427	0.0440220385674931	0.230192837465565	0.0277502295684114	0.137667584940312	0.0619283746556474	0.0277502295684114	0.131864095500459	0.0471441689623508	0.3144536271809	0.058989898989899	0.0871992653810836	0.114104683195592	0.0306519742883379	0.111202938475666	0.125252525252525	0.0327089072543618	0.124095500459137	0.129476584022039	0.0426629935720845	0.0277318640955005	0.283471074380165	0.149917355371901	0.0720293847566575	0.172249770431589	0.126868686868687	0.0323415977961433	0.0833792470156106	0.093425160697888	0.305417814508724	0.0921946740128558	0.0501010101010101	0.0600550964187328	0.0780348943985307	0.0671258034894398	0.16317722681359	0.596547291092746	0.0454729109274564	0.0793388429752066	0.300532598714417	0.0823691460055096	0.299375573921029	0.0788980716253443	0.601487603305785	0.0373186409550046	0.113370064279155	0.0278236914600551	0.0827364554637282	0.148227731864096	0.0599081726354454	0.114527089072544	0.0779430670339761	0.139871441689624	0.124995408631772	0.111221303948577	0.0918273645546372	0.0629568411386593	0.0915702479338843	0.101965105601469	0.15643709825528	0.0714600550964188	0.0933700642791552	0.0596694214876033	0.0619834710743802
GB112	0.118328741965106	0.219063360881543	0.0486868686868687	0.0635078053259871	0.416730945821855	0.0994490358126722	0.0489072543617998	0.32178145087236	0.0653443526170799	0.119889807162534	0.231441689623508	0.278530762167126	0.64534435261708	0.0586593204775023	0.25524334251607	0.130872359963269	0.315390266299357	0.0576124885215794	0.0337006427915519	0.255390266299357	0.218971533516988	0.081010101010101	0.319889807162535	0.30653810835629	0.735408631772268	0.313516988062442	0.77505968778696	0.0357943067033976	0.244040404040404	0.0360330578512397	0.363636363636364	0.127309458218549	0.0881726354453627	0.0430670339761249	0.1332782369146	0.091900826446281	0.0806244260789715	0.161505968778696	0.141120293847567	0.156308539944904	0.181450872359963	0.507878787878788	0.0348025711662075	0	0.564646464646465	0.208797061524334	0.107952249770432	0.180165289256198	0.150413223140496	0.104719926538108	0.0425895316804408	0.0993021120293847	0.036455463728191	0.331441689623508	0.0386225895316804	0.199100091827364	0.0327272727272727	0.086593204775023	0.110284664830119	0.209880624426079	0.0320477502295684	0.03544536271809	0.209862258953168	0.0346005509641873	0.121561065197429	0.0826629935720845	0.0395592286501377	0.158089990817264	0.0629017447199265	0.302112029384757	0.0818549127640037	0.0739577594123049	0.141340679522498	0.0330394857667585	0.0918089990817263	0.1277318640955	0.0327456382001837	0.136896235078053	0.139540863177227	0.0661524334251607	0.031900826446281	0.263103764921947	0.130615243342516	0.081524334251607	0.156308539944904	0.106556473829201	0.0467584940312213	0.109421487603306	0.118787878787879	0.285252525252525	0.116657483930211	0.0696602387511478	0.0829935720844812	0.0642424242424243	0.0918640955004591	0.14376492194674	0.576363636363636	0.0381634527089072	0.105436179981635	0.280661157024793	0.10771349862259	0.279302112029385	0.0636179981634527	0.581726354453627	0.0399265381083563	0.140716253443526	0.039228650137741	0.100477502295684	0.174765840220386	0.0856565656565657	0.141101928374656	0.103728191000918	0.139467401285583	0.15050505050505	0.137594123048669	0.118530762167126	0.0699357208448118	0.118549127640037	0.129017447199265	0.183342516069789	0.0974471992653811	0.0820752984389348	0.0852892561983471	0.0876216712580349
GB114	0.564591368227732	0.425509641873278	0.564885215794307	0.564683195592287	0.15504132231405	0.56178145087236	0.564591368227732	0.328797061524334	0.564591368227732	0.585454545454546	0.564719926538108	0.332304866850322	0.0910560146923783	0.565032139577594	0.564793388429752	0.593829201101928	0.352213039485767	0.564775022956841	0.564646464646465	0.564591368227732	0.564591368227732	0.566280991735537	0.56495867768595	0.286317722681359	0.171992653810836	0.390541781450872	0.21089072543618	0.564775022956841	0.564609733700643	0.564646464646465	0.235592286501377	0.591258034894399	0.568337924701561	0.564646464646465	0.564591368227732	0.564591368227732	0.564628099173554	0.411441689623508	0.564646464646465	0.564591368227732	0.402791551882461	0.604793388429752	0.564719926538109	0.564646464646465	0	0.382056932966024	0.578255280073462	0.404040404040404	0.485601469237833	0.564921946740129	0.564848484848485	0.57149678604224	0.564646464646465	0.234912764003673	0.564609733700643	0.662607897153352	0.564591368227732	0.565123966942149	0.578328741965106	0.383379247015611	0.565123966942149	0.565123966942149	0.490413223140496	0.565123966942149	0.564591368227732	0.539908172635445	0.564885215794307	0.621836547291093	0.564719926538108	0.271000918273645	0.567309458218549	0.564591368227732	0.601854912764004	0.564609733700643	0.564683195592287	0.44495867768595	0.565123966942149	0.47544536271809	0.461010101010101	0.564866850321396	0.564609733700643	0.380955004591368	0.528999081726355	0.502754820936639	0.433976124885216	0.564591368227732	0.564628099173554	0.576859504132231	0.583379247015611	0.564609733700643	0.583838383838384	0.565270890725436	0.567640036730946	0.564811753902663	0.554104683195592	0.564848484848485	0.673204775022957	0.565123966942149	0.575335169880624	0.496198347107438	0.562920110192837	0.327640036730946	0.564591368227732	0.676951331496786	0.564628099173554	0.60060606060606	0.564591368227732	0.499963269054178	0.635206611570248	0.567511478420569	0.603158861340679	0.555096418732782	0.555022956841138	0.611845730027548	0.594949494949495	0.573553719008264	0.523085399449036	0.584224058769513	0.591937557392103	0.645399449035812	0.570578512396694	0.56020202020202	0.567235996326905	0.56692378328742
GB117	0.188007346189164	0.0674380165289256	0.243103764921947	0.2566391184573	0.234123048668503	0.180734618916437	0.241946740128558	0.121836547291093	0.184775022956841	0.317869605142332	0.216290174471993	0.0766207529843893	0.46257116620753	0.254820936639118	0.236510560146924	0.331533516988062	0.1110927456382	0.191056014692378	0.204205693296603	0.236528925619835	0.204058769513315	0.277796143250689	0.297979797979798	0.109072543617998	0.552580348943986	0.118916437098255	0.592396694214876	0.206813590449954	0.228154269972452	0.207695133149679	0.184481175390266	0.326354453627181	0.285289256198347	0.23228650137741	0.183783287419651	0.183067033976125	0.186391184573003	0.133168044077135	0.185950413223141	0.182718089990817	0.0388797061524334	0.485656565656566	0.228099173553719	0.208797061524334	0.382056932966024	0	0.307089072543618	0.0421120293847567	0.110633608815427	0.188301193755739	0.195831037649219	0.296418732782369	0.197190082644628	0.149935720844812	0.210596877869605	0.397043158861341	0.223838383838384	0.189954086317723	0.308337924701561	0.0306519742883379	0.216859504132231	0.199853076216713	0.124573002754821	0.226005509641873	0.182828282828283	0.251698806244261	0.227750229568411	0.356473829201102	0.25070707070707	0.113902662993572	0.281230486685032	0.183911845730028	0.34157943067034	0.212855831037649	0.186942148760331	0.161726354453627	0.211551882460973	0.211533516988062	0.190541781450872	0.264719926538108	0.217392102846648	0.0633241505968779	0.152690541781451	0.197483930211203	0.0662258953168044	0.183085399449036	0.23763085399449	0.31010101010101	0.316565656565656	0.261726354453627	0.314931129476584	0.263342516069789	0.281873278236915	0.188135904499541	0.274214876033058	0.188301193755739	0.552782369146005	0.199118457300275	0.305234159779614	0.191019283746556	0.292966023875115	0.0756290174471993	0.18475665748393	0.559228650137741	0.213682277318641	0.339908172635445	0.229641873278237	0.221873278236914	0.375610651974288	0.284260789715335	0.340587695133149	0.285307621671258	0.237502295684114	0.350835629017447	0.333186409550046	0.308209366391185	0.199779614325069	0.318861340679522	0.329733700642792	0.383581267217631	0.296216712580349	0.181689623507805	0.28475665748393	0.285601469237833
GB120	0.21722681359045	0.317961432506887	0.0714600550964187	0.05643709825528	0.43722681359045	0.194288337924702	0.0780532598714417	0.418567493112947	0.151202938475666	0.0406244260789715	0.330009182736455	0.377171717171717	0.645638200183655	0.0577961432506887	0.353719008264463	0.0388613406795225	0.414104683195592	0.135996326905418	0.108631772268136	0.355004591368228	0.318475665748393	0.0643526170798898	0.418365472910928	0.402736455463728	0.735610651974289	0.412910927456382	0.775206611570248	0.106556473829201	0.342644628099174	0.105564738292011	0.366280991735537	0.0344903581267218	0.0432506887052341	0.0845362718089991	0.230045913682277	0.189531680440771	0.178530762167126	0.178365472910927	0.238310376492195	0.255886134067952	0.275629017447199	0.606097337006428	0.0815610651974289	0.107952249770432	0.578255280073462	0.307089072543618	0	0.276308539944904	0.248833792470156	0.198365472910927	0.123930211202938	0.0315702479338843	0.116216712580349	0.372121212121212	0.11465564738292	0.0999449035812673	0.0842424242424242	0.183691460055096	0.0353719008264463	0.305491276400367	0.0969329660238751	0.116253443526171	0.308980716253444	0.0846831955922865	0.214747474747475	0.0593755739210284	0.0851239669421487	0.0578328741965106	0.0604591368227732	0.390596877869605	0.0402203856749311	0.161028466483012	0.0443709825528007	0.0976492194674013	0.189678604224059	0.148264462809917	0.101671258034894	0.117465564738292	0.130211202938476	0.048613406795225	0.0915702479338843	0.362258953168044	0.228007346189164	0.111937557392103	0.250119375573921	0.205785123966942	0.0793939393939394	0.0315335169880624	0.0344168962350781	0.384334251606979	0.0333700642791552	0.0693296602387512	0.0368778696051423	0.153737373737374	0.0496051423324151	0.241634527089073	0.675518824609734	0.118732782369146	0.0310560146923783	0.379375573921029	0.0428099173553719	0.378255280073462	0.152892561983471	0.680018365472911	0.100293847566575	0.0446464646464647	0.0823875114784206	0.0932415059687787	0.072176308539945	0.0373553719008264	0.0447566574839302	0.0431588613406795	0.199522497704316	0.0540495867768595	0.042277318640955	0.0384022038567493	0.115206611570248	0.0317722681359045	0.036198347107438	0.0796694214876033	0.0388980716253443	0.165179063360882	0.0373002754820937	0.0431588613406795
GB123	0.164517906336088	0.0762718089990817	0.21247015610652	0.229605142332415	0.257851239669422	0.158732782369146	0.21524334251607	0.152800734618916	0.162718089990817	0.290633608815427	0.223893480257117	0.105325987144169	0.485674931129477	0.225381083562902	0.243085399449036	0.299926538108356	0.141010101010101	0.164738292011019	0.175959595959596	0.249843893480257	0.207952249770432	0.249935720844812	0.304921946740129	0.136675849403122	0.575610651974288	0.141799816345271	0.61465564738292	0.176657483930211	0.237943067033976	0.179963269054178	0.211423324150597	0.297796143250689	0.258567493112948	0.20494031221304	0.164977043158861	0.161432506887052	0.162240587695133	0.10356290174472	0.164242424242424	0.164701561065197	0.0310927456382002	0.490872359963269	0.198034894398531	0.180165289256198	0.404040404040404	0.0421120293847567	0.276308539944904	0	0.0867033976124885	0.161561065197429	0.167401285583104	0.267823691460055	0.17188246097337	0.172415059687787	0.184095500459137	0.370266299357208	0.19682277318641	0.162405876951332	0.281671258034894	0.046574839302112	0.184260789715335	0.169256198347107	0.127052341597796	0.192929292929293	0.162130394857668	0.22277318640955	0.195629017447199	0.329494949494949	0.223287419651056	0.139926538108356	0.248558310376492	0.161083562901745	0.308301193755739	0.184866850321396	0.161303948576676	0.131955922865014	0.179430670339761	0.178255280073462	0.160918273645546	0.234527089072544	0.188595041322314	0.0904315886134068	0.127382920110193	0.169843893480257	0.0421120293847567	0.161744719926538	0.208852157943067	0.27763085399449	0.287658402203857	0.27168044077135	0.287162534435262	0.236455463728191	0.250560146923783	0.161450872359963	0.243269054178145	0.165803489439853	0.562350780532598	0.167988980716253	0.274343434343434	0.198732782369146	0.262626262626263	0.10692378328742	0.161836547291093	0.565987144168962	0.185785123966942	0.307401285583104	0.202993572084481	0.189146005509642	0.342332415059688	0.254931129476584	0.310119375573921	0.253186409550046	0.204370982552801	0.319173553719008	0.302240587695133	0.275886134067952	0.16852157943067	0.286887052341598	0.297539026629936	0.352966023875115	0.263728191000918	0.156896235078053	0.255555555555556	0.258934802571166
GB124	0.0952433425160698	0.0874747474747475	0.185050505050505	0.201561065197429	0.338659320477502	0.0877502295684114	0.187162534435262	0.227750229568411	0.115298438934803	0.262552800734619	0.17208448117539	0.161138659320477	0.566703397612489	0.197685950413223	0.193682277318641	0.272837465564738	0.174104683195592	0.119338842975207	0.143875114784206	0.19702479338843	0.158255280073462	0.221910009182736	0.256400367309458	0.204187327823692	0.656620752984389	0.172745638200184	0.696143250688705	0.144940312213039	0.185638200183655	0.148760330578512	0.289788797061524	0.269788797061524	0.230468319559229	0.17684113865932	0.0970615243342516	0.0893296602387512	0.0949862258953168	0.151129476584022	0.101028466483012	0.104481175390266	0.093921028466483	0.443838383838384	0.170064279155188	0.150413223140496	0.485601469237833	0.110633608815427	0.248833792470156	0.0867033976124885	0	0.0912580348943985	0.128888888888889	0.239816345270891	0.138034894398531	0.253223140495868	0.155188246097337	0.342167125803489	0.168723599632691	0.0965840220385675	0.253572084481175	0.110541781450872	0.156969696969697	0.134600550964187	0.0784389348025711	0.166501377410468	0.0929843893480257	0.194876033057851	0.168080808080808	0.30139577594123	0.195500459136823	0.218402203856749	0.221891643709826	0.100550964187328	0.282075298438935	0.156124885215794	0.0886685032139578	0.148631772268136	0.150651974288338	0.177887970615243	0.170192837465565	0.206887052341598	0.160091827364555	0.127107438016529	0.0618365472910927	0.142497704315886	0.0707988980716254	0.0892011019283746	0.180844811753903	0.250872359963269	0.259779614325069	0.222956841138659	0.258549127640037	0.208356290174472	0.223379247015611	0.102938475665748	0.215867768595041	0.100752984389348	0.513682277318641	0.132745638200184	0.246831955922865	0.151111111111111	0.234967860422406	0.164205693296602	0.106703397612489	0.518053259871442	0.156326905417814	0.280569329660239	0.174802571166208	0.163930211202938	0.316106519742884	0.227070707070707	0.282479338842975	0.22613406795225	0.18038567493113	0.291992653810836	0.274784205693297	0.249054178145087	0.141175390266299	0.259761248852158	0.270578512396694	0.325325987144169	0.236988062442608	0.0948943985307621	0.227584940312213	0.230835629017447
GB129	0.0404775022956841	0.14712580348944	0.134765840220386	0.153278236914601	0.417961432506887	0.0378696051423324	0.138200183654729	0.30771349862259	0.0663728191000918	0.212157943067034	0.133829201101928	0.234986225895317	0.646207529843893	0.147695133149679	0.15682277318641	0.221854912764004	0.22752984389348	0.0683379247015611	0.094159779614325	0.159026629935721	0.122148760330578	0.171772268135905	0.220936639118457	0.281340679522498	0.736161616161616	0.217483930211203	0.775518824609734	0.0965656565656565	0.146170798898072	0.0995775941230487	0.366648301193756	0.21959595959596	0.180697887970615	0.127621671258035	0.0448852157943067	0.0386409550045914	0.0434710743801653	0.187805325987144	0.0471625344352617	0.0608631772268136	0.163507805325987	0.408301193755739	0.122056932966024	0.104719926538108	0.564921946740129	0.188301193755739	0.198365472910927	0.161561065197429	0.0912580348943985	0	0.079742883379247	0.19030303030303	0.0935169880624426	0.332029384756657	0.112396694214876	0.291753902662994	0.121689623507805	0.0427180899908173	0.20317722681359	0.184830119375574	0.106850321395776	0.0869605142332415	0.114802571166208	0.117832874196511	0.0363452708907254	0.172745638200184	0.119540863177227	0.250982552800735	0.152635445362718	0.296455463728191	0.171753902662994	0.0494031221303949	0.231056014692379	0.107842056932966	0.0301744719926538	0.185381083562902	0.102607897153352	0.205674931129477	0.200091827364555	0.156547291092746	0.112066115702479	0.190853994490358	0.0517539026629936	0.162148760330578	0.135739210284665	0.0330762167125803	0.130413223140496	0.199779614325069	0.209641873278237	0.187786960514233	0.208980716253443	0.158732782369146	0.173608815426997	0.0514600550964188	0.181965105601469	0.050376492194674	0.478898071625345	0.0837649219467401	0.196547291092746	0.182020202020202	0.198916437098255	0.241285583103765	0.0575206611570248	0.482883379247016	0.106317722681359	0.230964187327824	0.126960514233242	0.181469237832874	0.264775022956841	0.176969696969697	0.231992653810836	0.193939393939394	0.157171717171717	0.241414141414141	0.228870523415978	0.208741965105601	0.133021120293848	0.208815426997245	0.219742883379247	0.274637281910009	0.187033976124885	0.0489072543617998	0.177263544536272	0.180459136822773
GB131	0.0981083562901744	0.198475665748393	0.0628282828282828	0.0822956841138659	0.417943067033976	0.0765472910927456	0.0674012855831038	0.312029384756658	0.0451239669421488	0.137832874196511	0.210376492194674	0.260238751147842	0.646078971533517	0.0755922865013774	0.233829201101928	0.146795224977043	0.294416896235078	0.0364187327823691	0.0339026629935721	0.235959595959596	0.199247015610652	0.0983654729109275	0.298200183654729	0.291974288337925	0.736069788797062	0.293608815426997	0.77544536271809	0.0342883379247016	0.223103764921947	0.0389348025711662	0.36595041322314	0.145234159779614	0.106795224977043	0.0559044995408632	0.111919191919192	0.0716988062442608	0.0622589531680441	0.159247015610652	0.119614325068871	0.13684113865932	0.168099173553719	0.485491276400368	0.0506703397612489	0.0425895316804408	0.564848484848485	0.195831037649219	0.123930211202938	0.167401285583104	0.128888888888889	0.079742883379247	0	0.118053259871442	0.0400367309458219	0.331827364554637	0.0508172635445363	0.215629017447199	0.0547842056932966	0.0666850321395776	0.12791551882461	0.195022956841139	0.0372819100091827	0.0335353535353535	0.189641873278237	0.0510927456382002	0.0982001836547291	0.102626262626263	0.049127640036731	0.174527089072544	0.0882093663911846	0.297134986225895	0.0976675849403122	0.0497337006427916	0.155904499540863	0.0400550964187328	0.0705234159779614	0.134747474747475	0.0378696051423324	0.139155188246097	0.141120293847567	0.082516069788797	0.0454178145087236	0.243287419651056	0.108576675849403	0.100128558310376	0.14	0.0869605142332415	0.0580532598714417	0.124297520661157	0.135831037649219	0.264885215794307	0.133700642791552	0.0857667584940312	0.100495867768595	0.042038567493113	0.10732782369146	0.122056932966024	0.555977961432507	0.0319375573921028	0.121010101010101	0.25921028466483	0.123103764921947	0.261524334251607	0.044811753902663	0.560055096418733	0.0388246097337006	0.155078053259871	0.0570615243342516	0.112047750229568	0.189164370982553	0.102203856749311	0.157704315886134	0.118200183654729	0.138328741965106	0.166813590449954	0.153645546372819	0.132800734618916	0.0714233241505969	0.133314967860422	0.143213957759412	0.198108356290174	0.111202938475666	0.0566207529843894	0.102001836547291	0.105050505050505
GB132	0.207015610651974	0.308062442607897	0.0669054178145087	0.0471625344352617	0.431037649219467	0.183856749311295	0.0715886134067952	0.407474747474747	0.143195592286501	0.0401652892561984	0.320367309458219	0.367731864095501	0.645179063360881	0.0512396694214876	0.344830119375574	0.0447015610651975	0.404591368227732	0.132745638200184	0.102828282828283	0.34396694214876	0.308025711662075	0.0586593204775023	0.409366391184573	0.393443526170799	0.735261707988981	0.402424242424243	0.775022956841139	0.100110192837466	0.332819100091827	0.0998163452708908	0.363617998163453	0.0334618916437098	0.041010101010101	0.0773553719008265	0.219779614325069	0.178640955004591	0.16910927456382	0.17168044077135	0.228411386593205	0.244793388429752	0.267144168962351	0.59761248852158	0.0747842056932966	0.0993021120293847	0.57149678604224	0.296418732782369	0.0315702479338843	0.267823691460055	0.239816345270891	0.19030303030303	0.118053259871442	0	0.106207529843893	0.363232323232323	0.104517906336088	0.103269054178145	0.0734435261707989	0.175114784205693	0.0355555555555556	0.296951331496786	0.0928007346189164	0.108007346189164	0.298769513314968	0.0773370064279155	0.204113865932048	0.0523232323232323	0.0796877869605142	0.0665197428833792	0.0478787878787879	0.381010101010101	0.0363636363636364	0.152598714416896	0.0480073461891644	0.0900642791551882	0.180477502295684	0.138989898989899	0.0943250688705234	0.121799816345271	0.129715335169881	0.0462809917355372	0.0830853994490358	0.352157943067034	0.219118457300275	0.101561065197429	0.241597796143251	0.19483930211203	0.0790082644628099	0.0325619834710744	0.0310009182736455	0.374325068870524	0.0340495867768595	0.0656749311294766	0.0338475665748393	0.146042240587695	0.0495133149678604	0.232525252525253	0.66534435261708	0.112745638200184	0.0288154269972452	0.370156106519743	0.0457116620752985	0.368227731864096	0.145289256198347	0.67127640036731	0.0978879706152433	0.0524334251606979	0.0735537190082644	0.0895500459136823	0.0801285583103765	0.0360881542699725	0.0484848484848485	0.0462442607897153	0.191111111111111	0.0574288337924702	0.0477318640955004	0.0440771349862259	0.111790633608815	0.0365105601469238	0.0418732782369146	0.0892929292929293	0.0422589531680441	0.160312213039486	0.0372819100091827	0.0416161616161616
GB133	0.104407713498623	0.205454545454545	0.0559779614325069	0.0669605142332415	0.416473829201102	0.0855096418732782	0.0547658402203857	0.311147842056933	0.0548760330578512	0.12674012855831	0.21801652892562	0.26574839302112	0.645105601469238	0.0652708907254361	0.242277318640955	0.140220385674931	0.301671258034894	0.0507805325987144	0.0349862258953168	0.240330578512397	0.20475665748393	0.0886317722681359	0.306501377410468	0.296418732782369	0.735169880624426	0.298916437098255	0.774967860422406	0.0343617998163453	0.23068870523416	0.0376492194674013	0.363122130394858	0.135353535353535	0.0944903581267217	0.0472910927456382	0.120514233241506	0.0782001836547291	0.0689072543617998	0.164022038567493	0.128393021120294	0.140973370064279	0.173608815426997	0.494710743801653	0.0441138659320478	0.036455463728191	0.564646464646465	0.197190082644628	0.116216712580349	0.17188246097337	0.138034894398531	0.0935169880624426	0.0400367309458219	0.106207529843893	0	0.331258034894399	0.041267217630854	0.205711662075298	0.0373186409550046	0.0750045913682277	0.116749311294766	0.201303948576676	0.0384389348025712	0.0299357208448118	0.19564738292011	0.0424426078971534	0.108062442607897	0.0897704315886134	0.0439302112029385	0.165307621671258	0.0684664830119375	0.296877869605142	0.0907621671258035	0.0624609733700643	0.150082644628099	0.0343801652892562	0.0801836547291093	0.131643709825528	0.0355004591368228	0.143250688705234	0.144536271808999	0.074159779614325	0.0347474747474747	0.248999081726354	0.118053259871442	0.0857851239669421	0.147695133149679	0.0922497704315886	0.0524517906336088	0.118696051423324	0.125785123966942	0.270909090909091	0.124224058769513	0.0762167125803489	0.0909825528007346	0.0543985307621671	0.100146923783287	0.131772268135905	0.562277318640955	0.0354086317722682	0.114178145087236	0.267346189164371	0.116510560146924	0.267235996326905	0.0550780532598714	0.568393021120294	0.0436363636363636	0.149770431588613	0.0419834710743801	0.107033976124885	0.184077134986226	0.0936271808999082	0.149880624426079	0.112984389348026	0.139944903581267	0.159522497704316	0.146574839302112	0.127695133149679	0.0761248852157943	0.127474747474747	0.138273645546373	0.192213039485767	0.106483011937557	0.0730027548209366	0.0937190082644628	0.0942148760330579
GB134	0.332506887052342	0.195151515151515	0.333627180899908	0.335739210284665	0.0945821854912764	0.328576675849403	0.333149678604224	0.146795224977043	0.331258034894399	0.385730027548209	0.336326905417815	0.12099173553719	0.315537190082645	0.335188246097337	0.343507805325987	0.39564738292011	0.170266299357208	0.331643709825528	0.331404958677686	0.343673094582186	0.335224977043159	0.347640036730946	0.385289256198347	0.0975206611570248	0.405325987144169	0.208209366391185	0.44475665748393	0.331735537190083	0.338438934802571	0.331496786042241	0.0736455463728191	0.392947658402204	0.355316804407713	0.331937557392103	0.331349862258953	0.331460055096419	0.331735537190083	0.197043158861341	0.331643709825528	0.331368227731864	0.170119375573921	0.56595041322314	0.331845730027548	0.331441689623508	0.234912764003673	0.149935720844812	0.372121212121212	0.172415059687787	0.253223140495868	0.332029384756657	0.331827364554637	0.363232323232323	0.331258034894399	0	0.331313131313131	0.465362718089991	0.331258034894399	0.332506887052342	0.376767676767677	0.152121212121212	0.332304866850321	0.332304866850321	0.259430670339761	0.332433425160698	0.331258034894399	0.320624426078972	0.332047750229568	0.424591368227732	0.333700642791552	0.0721028466483012	0.34872359963269	0.33127640036731	0.404444444444444	0.331331496786042	0.331496786042241	0.228576675849403	0.332304866850321	0.274545454545455	0.256382001836547	0.337777777777778	0.331349862258953	0.160532598714417	0.296290174471993	0.27524334251607	0.201359044995409	0.331404958677686	0.332341597796143	0.373535353535354	0.382865013774105	0.355408631772268	0.382295684113866	0.340826446280992	0.350321395775941	0.331753902662994	0.34058769513315	0.331790633608815	0.636473829201102	0.332304866850321	0.369917355371901	0.287621671258035	0.358126721763086	0.11544536271809	0.33129476584022	0.640550964187328	0.331331496786042	0.403250688705234	0.331423324150597	0.287033976124885	0.438475665748393	0.352415059687787	0.405436179981635	0.349127640036731	0.32415059687787	0.41465564738292	0.397612488521579	0.371717171717172	0.291460055096419	0.382534435261708	0.393241505968779	0.448282828282828	0.360348943985308	0.326978879706152	0.352488521579431	0.354435261707989
GB135	0.121928374655647	0.223140495867768	0.0563820018365473	0.0660238751147842	0.416345270890726	0.105087235996327	0.0543985307621671	0.322626262626263	0.0734618916437098	0.125601469237833	0.235059687786961	0.282644628099173	0.64514233241506	0.0640220385674931	0.259283746556474	0.138659320477502	0.318824609733701	0.0678236914600551	0.0454729109274564	0.258181818181818	0.221910009182737	0.0867952249770431	0.323783287419651	0.309752066115703	0.735169880624426	0.316290174471993	0.774949494949495	0.0415794306703398	0.247180899908173	0.0449403122130395	0.363011937557392	0.133792470156107	0.0937190082644628	0.0489256198347108	0.138861340679522	0.0960514233241506	0.0860055096418733	0.16574839302112	0.146262626262626	0.159063360881543	0.184113865932048	0.511992653810836	0.0444444444444444	0.0386225895316804	0.564609733700643	0.210596877869605	0.11465564738292	0.184095500459137	0.155188246097337	0.112396694214876	0.0508172635445363	0.104517906336088	0.041267217630854	0.331313131313131	0	0.204977043158861	0.0356841138659321	0.0908723599632691	0.116179981634527	0.213572084481175	0.042791551882461	0.0405509641873278	0.213241505968779	0.0410468319559229	0.128484848484848	0.0881910009182736	0.0450872359963269	0.164407713498623	0.0637098255280073	0.303636363636364	0.0887235996326905	0.0834343434343434	0.148815426997245	0.0391368227731864	0.09722681359045	0.129494949494949	0.0405325987144169	0.145252525252525	0.145803489439853	0.0738475665748393	0.0361799816345271	0.26613406795225	0.135206611570248	0.0839853076216713	0.160716253443526	0.109605142332415	0.0540863177226813	0.117337006427916	0.123985307621671	0.288337924701561	0.12257116620753	0.0749678604224059	0.089623507805326	0.0727089072543618	0.0991368227731864	0.148962350780533	0.579430670339761	0.0467768595041322	0.112525252525253	0.284481175390266	0.114839302112029	0.282314049586777	0.0725987144168962	0.585601469237833	0.0470339761248852	0.148374655647383	0.0428099173553719	0.105197428833793	0.18277318640955	0.091662075298439	0.147842056932966	0.111258034894399	0.140863177226814	0.158145087235996	0.144977043158861	0.126042240587695	0.0783471074380165	0.125987144168962	0.136877869605142	0.190780532598714	0.104811753902663	0.0928007346189165	0.0923415977961432	0.0934986225895317
GB136	0.307750229568412	0.409476584022039	0.161854912764004	0.142038567493113	0.526850321395776	0.283709825528007	0.162809917355372	0.503856749311295	0.236363636363636	0.0971349862258953	0.422167125803489	0.469843893480257	0.675500459136823	0.146905417814509	0.44712580348944	0.083030303030303	0.50653810835629	0.227456382001837	0.199522497704316	0.441818181818182	0.40831955922865	0.151570247933884	0.511772268135904	0.495537190082645	0.746464646464647	0.503048668503214	0.786997245179064	0.198787878787879	0.4344536271809	0.196363636363636	0.429862258953168	0.0739944903581267	0.122846648301194	0.169954086317723	0.319834710743802	0.277245179063361	0.270505050505051	0.27050505050505	0.329917355371901	0.341285583103765	0.369586776859504	0.700055096418732	0.173149678604224	0.199100091827364	0.662607897153352	0.397043158861341	0.0999449035812673	0.370266299357208	0.342167125803489	0.291753902662994	0.215629017447199	0.103269054178145	0.205711662075298	0.465362718089991	0.204977043158861	0	0.173590449954086	0.277557392102847	0.103526170798898	0.399375573921029	0.188668503213958	0.209770431588613	0.399761248852158	0.177685950413223	0.302479338842975	0.148264462809917	0.177869605142332	0.0697520661157025	0.147291092745638	0.483011937557392	0.124426078971534	0.249164370982553	0.0677869605142332	0.186978879706153	0.282828282828283	0.23860422405877	0.194912764003673	0.196088154269973	0.2110927456382	0.137906336088154	0.182534435261708	0.453204775022957	0.321285583103765	0.201101928374656	0.343985307621671	0.293847566574839	0.166280991735537	0.100899908172635	0.0847015610651974	0.475537190082645	0.089862258953168	0.15267217630854	0.122350780532599	0.246721763085399	0.135022956841139	0.334802571166207	0.76674012855831	0.212011019283747	0.0999265381083563	0.472378328741965	0.11682277318641	0.469274563820019	0.242112029384757	0.773590449954086	0.188962350780533	0.0808264462809917	0.169182736455464	0.181524334251607	0.043048668503214	0.119889807162534	0.0650505050505051	0.12297520661157	0.293480257116621	0.0584205693296602	0.0766574839302112	0.104444444444444	0.205436179981635	0.0936822773186409	0.0867033976124885	0.055702479338843	0.119724517906336	0.256198347107438	0.120844811753903	0.125601469237833
GB139	0.134802571166207	0.236216712580349	0.0321212121212121	0.0356106519742883	0.416216712580349	0.113149678604224	0.0309090909090909	0.334490358126722	0.0783103764921946	0.0944719926538108	0.248723599632691	0.296418732782369	0.645013774104683	0.0362534435261708	0.273682277318641	0.108668503213958	0.333149678604224	0.0734802571166208	0.0408815426997245	0.271019283746556	0.235555555555556	0.0586225895316805	0.338328741965106	0.322258953168044	0.735078053259872	0.330064279155188	0.774931129476584	0.0378145087235996	0.261157024793388	0.0396694214876033	0.361836547291093	0.103048668503214	0.0626262626262626	0.0295684113865932	0.148209366391185	0.105913682277319	0.0976675849403122	0.159375573921029	0.157098255280073	0.171808999081726	0.196143250688705	0.526611570247934	0.023030303030303	0.0327272727272727	0.564591368227732	0.223838383838384	0.0842424242424242	0.19682277318641	0.168723599632691	0.121689623507805	0.0547842056932966	0.0734435261707989	0.0373186409550046	0.331258034894399	0.0356841138659321	0.173590449954086	0	0.104168962350781	0.0848484848484849	0.22593204775023	0.0348393021120294	0.0407162534435262	0.2267217630854	0.0217447199265381	0.133847566574839	0.0583654729109275	0.02633608815427	0.133002754820937	0.0361432506887052	0.31048668503214	0.0593021120293848	0.0886685032139578	0.118659320477502	0.0282460973370064	0.10951331496786	0.123544536271809	0.0316069788797062	0.133204775022957	0.135904499540863	0.0438567493112948	0.0221487603305785	0.280018365472911	0.148062442607897	0.0664095500459137	0.170853994490358	0.121928374655647	0.0357208448117539	0.0871992653810836	0.093406795224977	0.302314049586777	0.0916069788797062	0.0506703397612489	0.0593572084481175	0.0803122130394858	0.0692194674012856	0.161542699724518	0.593443526170799	0.0479706152433425	0.0823140495867769	0.298953168044077	0.0848852157943067	0.296051423324151	0.0787695133149679	0.600146923783288	0.0417079889807162	0.118328741965106	0.0186960514233242	0.0855463728191001	0.152690541781451	0.061763085399449	0.11763085399449	0.0815794306703398	0.138494031221304	0.12791551882461	0.114747474747475	0.0961799816345271	0.0692194674012855	0.0959228650137741	0.106813590449954	0.16058769513315	0.0753902662993572	0.0991184573002755	0.0619834710743801	0.0621120293847566
GB140	0.0455280073461892	0.155482093663912	0.119706152433425	0.13702479338843	0.418769513314968	0.0423324150596878	0.122626262626263	0.308686868686869	0.0614508723599633	0.197924701561065	0.152451790633609	0.237337006427915	0.646758494031221	0.132690541781451	0.173553719008264	0.207217630853995	0.239265381083563	0.0611386593204775	0.0801469237832874	0.178034894398531	0.139632690541781	0.15722681359045	0.237557392102847	0.283030303030303	0.736694214876033	0.233682277318641	0.775739210284665	0.0798163452708907	0.165234159779614	0.0846464646464646	0.369072543617998	0.205087235996327	0.165858585858586	0.1122681359045	0.0665564738292011	0.0360881542699724	0.031386593204775	0.181212121212121	0.0690358126721763	0.0802754820936639	0.168356290174472	0.424187327823691	0.105417814508724	0.086593204775023	0.565123966942149	0.189954086317723	0.183691460055096	0.162405876951332	0.0965840220385675	0.0427180899908173	0.0666850321395776	0.175114784205693	0.0750045913682277	0.332506887052342	0.0908723599632691	0.277557392102847	0.104168962350781	0	0.188962350780533	0.187603305785124	0.0907438016528925	0.0687235996326905	0.131404958677686	0.10020202020202	0.0602938475665748	0.157667584940312	0.102497704315886	0.236786042240588	0.131808999081726	0.297832874196511	0.15584940312213	0.0494031221303949	0.215592286501377	0.0916253443526171	0.027860422405877	0.166519742883379	0.0844077134986226	0.191588613406795	0.187089072543618	0.141818181818182	0.0954820936639118	0.196951331496786	0.0623507805325987	0.14119375573921	0.141799816345271	0.037979797979798	0.116253443526171	0.184921946740129	0.194949494949495	0.20455463728191	0.1944536271809	0.143783287419651	0.157851239669422	0.0430119375573921	0.166942148760331	0.0698071625344353	0.495665748393021	0.0672543617998164	0.181634527089073	0.198751147842057	0.184279155188246	0.243617998163453	0.0503030303030303	0.499302112029385	0.0930394857667585	0.21603305785124	0.110266299357208	0.165417814508724	0.249623507805326	0.162222222222222	0.217410468319559	0.179118457300276	0.149072543617998	0.226464646464646	0.214031221303949	0.193847566574839	0.120110192837466	0.194178145087236	0.204830119375574	0.260257116620753	0.172231404958678	0.05366391184573	0.162846648301194	0.166225895316804
GB141	0.218989898989899	0.320771349862259	0.0739761248852158	0.0540312213039486	0.440514233241506	0.194233241505969	0.0692378328741965	0.402828282828283	0.143636363636364	0.0355188246097337	0.333498622589532	0.381248852157943	0.645013774104683	0.0595775941230487	0.358530762167126	0.0462809917355372	0.417943067033976	0.139614325068871	0.111019283746556	0.350633608815427	0.319081726354454	0.0631037649219467	0.423177226813591	0.40692378328742	0.735078053259872	0.414141414141414	0.774931129476584	0.110523415977961	0.345840220385675	0.107897153351699	0.361469237832874	0.0409917355371901	0.034435261707989	0.0813406795224977	0.23089072543618	0.187511478420569	0.181836547291093	0.181965105601469	0.24119375573921	0.247768595041322	0.28099173553719	0.611460055096419	0.0844995408631773	0.110284664830119	0.578328741965106	0.308337924701561	0.0353719008264463	0.281671258034894	0.253572084481175	0.20317722681359	0.12791551882461	0.0355555555555556	0.116749311294766	0.376767676767677	0.116179981634527	0.103526170798898	0.0848484848484849	0.188962350780533	0	0.310780532598714	0.100348943985308	0.121175390266299	0.311037649219467	0.0893112947658402	0.213131313131313	0.0605693296602387	0.0892378328741965	0.0631037649219467	0.0619100091827365	0.394398530762167	0.0454545454545455	0.160238751147842	0.0543801652892562	0.0980165289256198	0.194233241505969	0.149990817263545	0.106519742883379	0.115959595959596	0.127162534435262	0.0513682277318641	0.0939944903581267	0.3643709825528	0.23267217630854	0.111974288337925	0.255390266299357	0.204334251606979	0.0806978879706153	0.0372451790633609	0.0386593204775023	0.386648301193756	0.0339761248852158	0.0630670339761249	0.0434159779614325	0.158089990817264	0.050633608815427	0.246207529843893	0.67801652892562	0.123636363636364	0.0338659320477502	0.383783287419651	0.042277318640955	0.380495867768595	0.153039485766759	0.684995408631772	0.101175390266299	0.0518273645546373	0.0788797061524334	0.0945087235996327	0.0859871441689624	0.0395959595959596	0.054949494949495	0.0451974288337925	0.204885215794307	0.0650137741046832	0.0505601469237833	0.0424426078971534	0.118126721763085	0.0363820018365473	0.0426446280991736	0.0922497704315886	0.0419283746556474	0.167805325987144	0.0388062442607897	0.0366391184573003
GB142	0.19089072543618	0.0712029384756658	0.241561065197429	0.258714416896235	0.237079889807163	0.181744719926538	0.24435261707989	0.130064279155188	0.188227731864095	0.319742883379247	0.219100091827364	0.0811937557392103	0.464940312213039	0.254490358126722	0.237777777777778	0.329146005509642	0.114306703397612	0.190192837465565	0.204113865932048	0.24139577594123	0.211258034894398	0.279044995408632	0.298549127640037	0.112929292929293	0.554820936639119	0.12455463728191	0.593994490358127	0.205876951331497	0.230615243342516	0.208503213957759	0.190284664830119	0.32692378328742	0.287676767676768	0.234178145087236	0.185068870523416	0.185730027548209	0.186758494031221	0.129733700642792	0.186115702479339	0.187309458218549	0.0394306703397613	0.484866850321396	0.227291092745638	0.209880624426079	0.383379247015611	0.0306519742883379	0.305491276400367	0.046574839302112	0.110541781450872	0.184830119375574	0.195022956841139	0.296951331496786	0.201303948576676	0.152121212121212	0.213572084481175	0.399375573921029	0.22593204775023	0.187603305785124	0.310780532598714	0	0.213241505968779	0.197006427915519	0.129917355371901	0.222387511478421	0.184279155188246	0.252047750229568	0.224664830119376	0.358604224058769	0.252635445362718	0.118714416896235	0.277851239669421	0.184738292011019	0.337704315886134	0.214031221303949	0.185179063360882	0.161818181818182	0.20811753902663	0.207658402203857	0.190045913682277	0.263654729109274	0.21783287419651	0.0704499540863177	0.151606978879706	0.199595959595959	0.0661340679522498	0.187199265381084	0.237961432506887	0.306960514233241	0.316767676767677	0.265528007346189	0.316271808999082	0.265583103764922	0.279706152433425	0.185325987144169	0.270762167125804	0.187052341597796	0.556069788797062	0.196216712580349	0.303526170798898	0.19208448117539	0.291808999081726	0.0811753902662994	0.186317722681359	0.559816345270891	0.214141414141414	0.336730945821855	0.2322681359045	0.218512396694215	0.371735537190083	0.284040404040404	0.339265381083563	0.282460973370064	0.233572084481175	0.348356290174472	0.331441689623508	0.30514233241506	0.197594123048668	0.316161616161616	0.326831955922865	0.382112029384757	0.29307621671258	0.181359044995409	0.284664830119376	0.288044077134986
GB145	0.126574839302112	0.22692378328742	0.0403673094582185	0.058732782369146	0.418530762167126	0.104205693296602	0.0440955004591368	0.32852157943067	0.0629017447199265	0.110045913682277	0.238751147842057	0.285858585858586	0.646758494031221	0.0505417814508723	0.261689623507805	0.117924701561065	0.322828282828283	0.0485032139577594	0.0304315886134068	0.264481175390266	0.22771349862259	0.0725987144168962	0.326244260789715	0.312543617998163	0.736694214876033	0.322075298438935	0.775739210284665	0.0305417814508724	0.251460055096419	0.0312029384756657	0.366905417814509	0.117171717171717	0.0791735537190083	0.0373002754820937	0.139577594123049	0.0991000918273646	0.0874012855831038	0.157153351698806	0.147199265381084	0.165362718089991	0.183581267217631	0.512984389348026	0.030633608815427	0.0320477502295684	0.565123966942149	0.216859504132231	0.0969329660238751	0.184260789715335	0.156969696969697	0.106850321395776	0.0372819100091827	0.0928007346189164	0.0384389348025712	0.332304866850321	0.042791551882461	0.188668503213958	0.0348393021120294	0.0907438016528925	0.100348943985308	0.213241505968779	0	0.0357208448117539	0.218108356290175	0.0308356290174472	0.124168962350781	0.0776675849403122	0.0310560146923783	0.146299357208448	0.0679338842975206	0.305693296602387	0.0717722681359045	0.072139577594123	0.127309458218549	0.0285583103764922	0.0982001836547291	0.127621671258035	0.0280808080808081	0.120826446280992	0.129201101928375	0.0568595041322314	0.0301010101010101	0.271441689623508	0.136253443526171	0.0837832874196511	0.158126721763085	0.115298438934803	0.0346372819100092	0.0965105601469238	0.110027548209366	0.293351698806244	0.106776859504132	0.0612488521579431	0.0737557392102847	0.0624793388429752	0.0811386593204775	0.149550045913682	0.584462809917355	0.0335537190082645	0.0931129476584022	0.287235996326905	0.0947842056932966	0.287401285583104	0.0639302112029385	0.588099173553719	0.0275665748393021	0.125656565656566	0.0365840220385675	0.0918457300275483	0.159908172635445	0.0749127640036731	0.129972451790634	0.0910009182736455	0.138053259871442	0.138677685950413	0.124830119375574	0.104407713498623	0.0589164370982553	0.104517906336088	0.114490358126722	0.169770431588613	0.0828466483011937	0.0777961432506887	0.0745638200183655	0.0769146005509642
GB148	0.103930211202938	0.204481175390266	0.0546556473829201	0.0716069788797061	0.418530762167126	0.084297520661157	0.0590449954086318	0.314545454545455	0.0530027548209366	0.130394857667585	0.216124885215794	0.264628099173554	0.646758494031221	0.0661340679522498	0.238989898989899	0.139449035812672	0.300128558310376	0.0446648301193756	0.0320293847566575	0.24178145087236	0.205013774104683	0.0902112029384756	0.303544536271809	0.29643709825528	0.736694214876033	0.299375573921028	0.775739210284665	0.031147842056933	0.228870523415978	0.0343985307621671	0.367309458218549	0.137300275482094	0.0981818181818181	0.0516253443526171	0.119393939393939	0.0778696051423324	0.0660055096418733	0.16137741046832	0.125399449035813	0.142662993572085	0.169090909090909	0.490284664830119	0.0440220385674931	0.03544536271809	0.565123966942149	0.199853076216713	0.116253443526171	0.169256198347107	0.134600550964187	0.0869605142332415	0.0335353535353535	0.108007346189164	0.0299357208448118	0.332304866850321	0.0405509641873278	0.209770431588613	0.0407162534435262	0.0687235996326905	0.121175390266299	0.197006427915519	0.0357208448117539	0	0.195408631772268	0.0378512396694215	0.106666666666667	0.0917722681359045	0.041524334251607	0.168999081726354	0.0721395775941231	0.299136822773186	0.0892929292929293	0.0599632690541781	0.147805325987144	0.0342332415059688	0.0761432506887053	0.130596877869605	0.0285032139577594	0.139449035812672	0.143893480257117	0.0747107438016529	0.034931129476584	0.248741965105602	0.114471992653811	0.0889623507805326	0.142846648301194	0.0927823691460055	0.0534435261707989	0.117190082644628	0.127511478420569	0.270651974288338	0.126960514233242	0.0787144168962351	0.0906519742883379	0.0484664830119376	0.0997245179063361	0.127640036730946	0.561763085399449	0.0287419651056015	0.11425160697888	0.264536271808999	0.116786042240588	0.266409550045914	0.0517171717171717	0.565399449035813	0.0409182736455464	0.148246097337006	0.0462075298438935	0.10415059687787	0.181891643709825	0.0950780532598714	0.149880624426079	0.111460055096419	0.137869605142332	0.158842975206612	0.146317722681359	0.12613406795225	0.073921028466483	0.126409550045914	0.137043158861341	0.19247015610652	0.104793388429752	0.0685950413223141	0.0950780532598714	0.0984389348025711
GB153	0.101561065197429	0.0794674012855831	0.245068870523416	0.259283746556474	0.3433608815427	0.119044995408632	0.244628099173554	0.229090909090909	0.171258034894399	0.320477502295684	0.108797061524334	0.162222222222222	0.571037649219467	0.257043158861341	0.128209366391185	0.333241505968779	0.143471074380165	0.177961432506887	0.203452708907254	0.129678604224059	0.0974288337924701	0.280459136822773	0.188356290174472	0.209421487603306	0.661101928374655	0.117263544536272	0.700808080808081	0.205583103764922	0.120459136822773	0.208080808080808	0.296271808999082	0.328539944903581	0.287952249770431	0.23505968778696	0.0917355371900827	0.124279155188246	0.13386593204775	0.216914600550964	0.0867217630853995	0.0798347107438016	0.127988980716253	0.375500459136823	0.230192837465565	0.209862258953168	0.490413223140496	0.124573002754821	0.308980716253444	0.127052341597796	0.0784389348025711	0.114802571166208	0.189641873278237	0.298769513314968	0.19564738292011	0.259430670339761	0.213241505968779	0.399761248852158	0.2267217630854	0.131404958677686	0.311037649219467	0.129917355371901	0.218108356290175	0.195408631772268	0	0.227566574839302	0.100642791551882	0.253957759412305	0.228870523415978	0.359338842975207	0.253333333333333	0.223893480257117	0.282865013774105	0.153627180899908	0.343213957759412	0.214545454545455	0.120642791551883	0.212433425160698	0.211662075298439	0.243911845730028	0.234508723599633	0.266611570247934	0.219155188246097	0.113957759412305	0.0841873278236915	0.201616161616162	0.119081726354454	0.108411386593205	0.239651056014692	0.311845730027548	0.31880624426079	0.152837465564738	0.31742883379247	0.26613406795225	0.28376492194674	0.157263544536272	0.276179981634527	0.0870156106519743	0.443269054178145	0.193425160697888	0.306978879706152	0.0851606978879706	0.29485766758494	0.166978879706152	0.161267217630854	0.44910927456382	0.215371900826446	0.341616161616161	0.232323232323232	0.226354453627181	0.377245179063361	0.286391184573003	0.342479338842975	0.286942148760331	0.238714416896235	0.352635445362718	0.335059687786961	0.30989898989899	0.201597796143251	0.320642791551882	0.331404958677686	0.385399449035813	0.297851239669422	0.147015610651974	0.286978879706152	0.288337924701561
GB154	0.136106519742883	0.236418732782369	0.0339761248852158	0.0429568411386593	0.418677685950413	0.115886134067952	0.037722681359045	0.337685950413223	0.0798163452708907	0.0991368227731864	0.248246097337007	0.295078053259871	0.646758494031221	0.0391184573002755	0.271331496786042	0.107842056932966	0.332249770431589	0.0682093663911846	0.0411386593204775	0.273902662993572	0.237190082644628	0.0644995408631772	0.335665748393021	0.321010101010101	0.736694214876033	0.331496786042241	0.775739210284665	0.0372819100091827	0.260899908172635	0.040238751147842	0.366905417814509	0.105436179981635	0.069623507805326	0.0371166207529844	0.150615243342516	0.109090909090909	0.097704315886134	0.159706152433425	0.157263544536272	0.174784205693297	0.192543617998164	0.522405876951331	0.0277502295684114	0.0346005509641873	0.565123966942149	0.226005509641873	0.0846831955922865	0.192929292929293	0.166501377410468	0.117832874196511	0.0510927456382002	0.0773370064279155	0.0424426078971534	0.332433425160698	0.0410468319559229	0.177685950413223	0.0217447199265381	0.10020202020202	0.0893112947658402	0.222387511478421	0.0308356290174472	0.0378512396694215	0.227566574839302	0	0.137079889807163	0.0645362718089991	0.0285215794306703	0.136877869605142	0.0453443526170799	0.312378328741965	0.0590266299357209	0.0885399449035812	0.116547291092746	0.0322130394857668	0.107860422405877	0.127860422405877	0.0301744719926538	0.129715335169881	0.136620752984389	0.0471992653810836	0.0296051423324151	0.280863177226814	0.14595041322314	0.0753719008264463	0.168007346189164	0.124830119375574	0.03821854912764	0.0853810835629017	0.096712580348944	0.30277318640955	0.0951331496786042	0.0573553719008265	0.0608999081726355	0.0768962350780533	0.0714600550964188	0.159504132231405	0.593884297520661	0.0437832874196511	0.0826629935720845	0.296657483930211	0.0862075298438935	0.2966391184573	0.078989898989899	0.597520661157025	0.0412304866850321	0.116216712580349	0.0287603305785124	0.0867768595041322	0.149752066115703	0.0644260789715335	0.118236914600551	0.080514233241506	0.139559228650138	0.127089072543618	0.114306703397613	0.0943434343434343	0.0684481175390266	0.0945454545454545	0.104921946740129	0.160348943985308	0.0740128558310376	0.0952249770431588	0.0651606978879707	0.0671808999081727
GB156	0.0424977043158861	0.140128558310376	0.151313131313131	0.164389348025712	0.416253443526171	0.0394123048668503	0.14791551882461	0.29959595959596	0.0754820936639118	0.22396694214876	0.120440771349862	0.23267217630854	0.645013774104683	0.162222222222222	0.145399449035813	0.23880624426079	0.217759412304867	0.0839118457300275	0.109972451790634	0.14119375573921	0.106942148760331	0.184646464646465	0.210045913682277	0.279136822773186	0.735078053259872	0.202828282828283	0.774931129476584	0.113608815426997	0.132929292929293	0.114637281910009	0.361524334251607	0.233314967860422	0.190578512396694	0.138751147842057	0.0294765840220386	0.0444077134986226	0.058475665748393	0.204683195592286	0.0360330578512397	0.0421303948576676	0.162754820936639	0.398328741965106	0.137667584940312	0.121561065197429	0.564591368227732	0.182828282828283	0.214747474747475	0.162130394857668	0.0929843893480257	0.0363452708907254	0.0982001836547291	0.204113865932048	0.108062442607897	0.331258034894399	0.128484848484848	0.302479338842975	0.133847566574839	0.0602938475665748	0.213131313131313	0.184279155188246	0.124168962350781	0.106666666666667	0.100642791551882	0.137079889807163	0	0.1877318640955	0.13583103764922	0.262405876951332	0.167603305785124	0.293627180899908	0.189531680440771	0.0587695133149679	0.24910927456382	0.120569329660239	0.0433425160697888	0.203673094582185	0.121083562901745	0.224003673094582	0.214214876033058	0.17208448117539	0.127162534435262	0.184921946740128	0.0538842975206612	0.17801652892562	0.132929292929293	0.0355922865013774	0.144334251606979	0.217355371900827	0.223691460055096	0.17386593204775	0.22137741046832	0.168943985307622	0.189660238751148	0.0677318640955005	0.198181818181818	0.0414325068870524	0.465087235996327	0.102516069788797	0.212525252525252	0.170651974288338	0.214435261707989	0.237153351698806	0.0694214876033058	0.471864095500459	0.120348943985308	0.248503213957759	0.136492194674013	0.199687786960514	0.28297520661157	0.191625344352617	0.247933884297521	0.211331496786042	0.172745638200184	0.258163452708907	0.244921946740129	0.22613406795225	0.149531680440771	0.226097337006428	0.236988062442608	0.290762167125803	0.204646464646465	0.0580716253443526	0.191827364554637	0.190596877869605
GB158	0.189292929292929	0.263140495867769	0.0561432506887052	0.044058769513315	0.395977961432507	0.164242424242424	0.0579981634527089	0.362516069788797	0.128007346189164	0.0703948576675849	0.302791551882461	0.322901744719927	0.61801652892562	0.0446097337006428	0.326960514233241	0.0823691460055096	0.359669421487603	0.118824609733701	0.0878971533516988	0.326225895316804	0.290339761248852	0.0565105601469238	0.391533516988062	0.348558310376492	0.708099173553719	0.357502295684114	0.747897153351699	0.0851056014692378	0.314949494949495	0.0851423324150597	0.33623507805326	0.0775022956841139	0.0462442607897153	0.0644628099173554	0.202405876951331	0.161157024793388	0.15129476584022	0.135702479338843	0.211111111111111	0.227089072543618	0.222277318640955	0.579742883379247	0.0619283746556474	0.0826629935720845	0.539908172635445	0.251698806244261	0.0593755739210284	0.22277318640955	0.194876033057851	0.172745638200184	0.102626262626263	0.0523232323232323	0.0897704315886134	0.320624426078972	0.0881910009182736	0.148264462809917	0.0583654729109275	0.157667584940312	0.0605693296602387	0.252047750229568	0.0776675849403122	0.0917722681359045	0.253957759412305	0.0645362718089991	0.1877318640955	0	0.0660973370064279	0.107015610651974	0.0501561065197429	0.336106519742883	0.0448301193755739	0.13763085399449	0.0915518824609734	0.0760514233241506	0.16315886134068	0.104058769513315	0.0796510560146923	0.0973002754820936	0.103195592286501	0.0439302112029385	0.0687970615243343	0.30732782369146	0.175353535353535	0.0593572084481175	0.196730945821855	0.177281910009183	0.0661340679522498	0.0623691460055096	0.0696786042240588	0.356822773186409	0.0673829201101928	0.0566391184573003	0.0487786960514233	0.130358126721763	0.0398714416896235	0.21524334251607	0.647786960514233	0.096198347107438	0.0579430670339761	0.325215794306704	0.0499724517906336	0.323011937557392	0.127970615243342	0.65346189164371	0.0842791551882461	0.0896418732782369	0.0597061524334252	0.0577777777777778	0.125105601469238	0.0458034894398531	0.0907805325987144	0.0437832874196511	0.163801652892562	0.101652892561983	0.0835078053259871	0.0609917355371901	0.0714416896235078	0.0695133149678604	0.0794674012855831	0.132966023875115	0.0551147842056933	0.141818181818182	0.0447382920110193	0.0445730027548209
GB160	0.137263544536272	0.237832874196511	0.0344903581267218	0.0462993572084481	0.417851239669422	0.115188246097337	0.0383103764921947	0.339467401285583	0.0770431588613407	0.0989348025711662	0.249733700642791	0.296786042240588	0.646317722681359	0.0400550964187328	0.272855831037649	0.108007346189164	0.333737373737374	0.0647382920110193	0.0404224058769513	0.275169880624426	0.238438934802571	0.0619651056014692	0.33742883379247	0.322956841138659	0.736124885215794	0.332800734618916	0.775426997245179	0.0379063360881543	0.262295684113866	0.0392102846648301	0.366042240587695	0.105950413223141	0.0684848484848485	0.033682277318641	0.150743801652893	0.110156106519743	0.0983838383838384	0.158034894398531	0.157998163452709	0.176051423324151	0.194876033057851	0.524719926538108	0.0277502295684114	0.0395592286501377	0.564885215794307	0.227750229568411	0.0851239669421487	0.195629017447199	0.168080808080808	0.119540863177227	0.049127640036731	0.0796877869605142	0.0439302112029385	0.332047750229568	0.0450872359963269	0.177869605142332	0.02633608815427	0.102497704315886	0.0892378328741965	0.224664830119376	0.0310560146923783	0.041524334251607	0.228870523415978	0.0285215794306703	0.13583103764922	0.0660973370064279	0	0.136179981634527	0.0516069788797061	0.314141414141414	0.0619283746556474	0.0856932966023875	0.116988062442608	0.0316620752984389	0.109237832874197	0.126978879706152	0.0320844811753903	0.124977043158861	0.130229568411387	0.0476951331496786	0.0315702479338843	0.282222222222222	0.147493112947658	0.0769880624426079	0.170523415977961	0.12593204775023	0.0355739210284665	0.0864462809917355	0.0973002754820937	0.304132231404959	0.0950964187327824	0.0543434343434343	0.0621303948576676	0.0766391184573003	0.0700091827364555	0.161028466483012	0.595298438934803	0.0448668503213958	0.0824793388429752	0.298347107438017	0.0855096418732783	0.298034894398531	0.0773737373737374	0.599320477502296	0.0376492194674013	0.116455463728191	0.0307070707070707	0.0870523415977962	0.15050505050505	0.0645730027548209	0.118034894398531	0.081524334251607	0.139742883379247	0.127860422405877	0.114820936639118	0.0952249770431589	0.0647750229568411	0.0946556473829201	0.104830119375574	0.159871441689624	0.0743434343434344	0.0929660238751148	0.0642424242424242	0.0665381083562902
GB161	0.267382920110193	0.368797061524334	0.119173553719008	0.102038567493113	0.486170798898072	0.243287419651056	0.122993572084481	0.46574839302112	0.197006427915519	0.05544536271809	0.381450872359963	0.429127640036731	0.648301193755739	0.104738292011019	0.406354453627181	0.0416161616161616	0.465858585858586	0.184664830119376	0.158273645546373	0.402552800734619	0.368007346189164	0.109843893480257	0.471000918273645	0.454784205693297	0.735188246097337	0.462589531680441	0.774949494949495	0.157759412304867	0.393810835629017	0.154361799816345	0.38989898989899	0.0463728191000918	0.0806978879706153	0.129127640036731	0.279485766758494	0.237612488521579	0.229807162534435	0.229733700642792	0.289090909090909	0.303067033976125	0.328815426997245	0.659283746556474	0.131864095500459	0.158089990817264	0.621836547291093	0.356473829201102	0.0578328741965106	0.329494949494949	0.30139577594123	0.250982552800735	0.174527089072544	0.0665197428833792	0.165307621671258	0.424591368227732	0.164407713498623	0.0697520661157025	0.133002754820937	0.236786042240588	0.0631037649219467	0.358604224058769	0.146299357208448	0.168999081726354	0.359338842975207	0.136877869605142	0.262405876951332	0.107015610651974	0.136179981634527	0	0.106850321395776	0.442277318640955	0.0824058769513315	0.208539944903581	0.0426997245179063	0.146097337006428	0.242056932966024	0.197906336088154	0.154104683195592	0.151239669421488	0.168778696051423	0.0951331496786042	0.141707988980716	0.41267217630854	0.280495867768595	0.160808080808081	0.303213957759412	0.253792470156107	0.121359044995409	0.055941230486685	0.0537373737373737	0.434949494949495	0.0500459136822773	0.109641873278237	0.0800734618916437	0.205785123966942	0.0903581267217631	0.29404958677686	0.726170798898071	0.170982552800735	0.0595224977043159	0.431606978879706	0.0685583103764922	0.428686868686869	0.201212121212121	0.732837465564738	0.14574839302112	0.03366391184573	0.12931129476584	0.140348943985308	0.0443342516069789	0.0755004591368228	0.0431772268135905	0.0775573921028467	0.252708907254362	0.0444077134986226	0.0408999081726354	0.0581267217630854	0.162497704315886	0.0474931129476584	0.0399632690541782	0.0360697887970615	0.0679522497704315	0.214380165289256	0.0742699724517906	0.0837281910009183
GB162	0.162038567493113	0.263103764921947	0.0461891643709825	0.0304683195592286	0.416675849403122	0.143911845730027	0.0449586776859504	0.36099173553719	0.112690541781451	0.0720477502295684	0.275665748393021	0.323140495867769	0.645032139577594	0.0356290174471993	0.300275482093664	0.082534435261708	0.359687786960514	0.107805325987144	0.0741046831955923	0.297594123048668	0.262405876951332	0.0611753902662994	0.364793388429752	0.348631772268136	0.735114784205694	0.3566391184573	0.774931129476584	0.0703030303030303	0.288227731864095	0.0725252525252525	0.362203856749311	0.0768411386593204	0.0503030303030303	0.0524334251606979	0.178108356290174	0.134949494949495	0.125619834710744	0.164205693296602	0.185601469237833	0.198494031221304	0.223122130394858	0.55307621671258	0.0471441689623508	0.0629017447199265	0.564719926538108	0.25070707070707	0.0604591368227732	0.223287419651056	0.195500459136823	0.152635445362718	0.0882093663911846	0.0478787878787879	0.0684664830119375	0.333700642791552	0.0637098255280073	0.147291092745638	0.0361432506887052	0.131808999081726	0.0619100091827365	0.252635445362718	0.0679338842975206	0.0721395775941231	0.253333333333333	0.0453443526170799	0.167603305785124	0.0501561065197429	0.0516069788797061	0.106850321395776	0	0.33623507805326	0.0422038567493113	0.123324150596878	0.092157943067034	0.0600918273645546	0.136859504132231	0.127474747474747	0.0622405876951332	0.141322314049587	0.143709825528007	0.0380165289256198	0.0513498622589532	0.306813590449954	0.176216712580349	0.0729843893480257	0.199302112029385	0.149035812672176	0.0582552800734619	0.0643342516069789	0.0671441689623508	0.328925619834711	0.0667217630853995	0.0563820018365473	0.0422405876951331	0.112892561983471	0.0607346189164371	0.189752066115702	0.620183654729109	0.0809366391184573	0.0585858585858586	0.325472910927456	0.0694582185491277	0.322828282828283	0.111919191919192	0.626648301193756	0.0747474747474747	0.0927823691460055	0.0419651056014692	0.0902112029384756	0.126189164370983	0.0465013774104683	0.0911662075298438	0.0676216712580349	0.152598714416896	0.101432506887052	0.088870523415978	0.0754086317722681	0.0904132231404959	0.0704499540863177	0.0815610651974288	0.134214876033058	0.0613039485766759	0.133572084481175	0.0483379247015611	0.0529660238751148
GB163	0.297373737373737	0.157006427915519	0.327933884297521	0.342424242424242	0.125454545454546	0.290927456382002	0.32831955922865	0.0903030303030303	0.29366391184573	0.403434343434343	0.29742883379247	0.0732047750229568	0.351662075298439	0.338989898989899	0.302387511478421	0.414802571166208	0.110982552800735	0.296143250688705	0.300183654729109	0.297961432506887	0.301561065197429	0.362791551882461	0.32732782369146	0.044040404040404	0.441671258034894	0.148613406795225	0.481432506887052	0.300459136822773	0.29722681359045	0.301010101010101	0.126795224977043	0.410798898071625	0.37129476584022	0.318989898989899	0.293902662993572	0.293921028466483	0.295353535353535	0.216069788797062	0.294820936639118	0.294178145087236	0.136988062442608	0.510670339761249	0.3144536271809	0.302112029384757	0.271000918273645	0.113902662993572	0.390596877869605	0.139926538108356	0.218402203856749	0.296455463728191	0.297134986225895	0.381010101010101	0.296877869605142	0.0721028466483012	0.303636363636364	0.483011937557392	0.31048668503214	0.297832874196511	0.394398530762167	0.118714416896235	0.305693296602387	0.299136822773186	0.223893480257117	0.312378328741965	0.293627180899908	0.336106519742883	0.314141414141414	0.442277318640955	0.33623507805326	0	0.364242424242424	0.293792470156106	0.424591368227732	0.304132231404959	0.29504132231405	0.245528007346189	0.303471074380165	0.294545454545455	0.274435261707989	0.34831955922865	0.306556473829201	0.120863177226814	0.26099173553719	0.28277318640955	0.167750229568411	0.293994490358127	0.322552800734619	0.393168044077135	0.400955004591368	0.31267217630854	0.400091827364555	0.349182736455464	0.365307621671258	0.295922865013774	0.357685950413223	0.296198347107438	0.579228650137741	0.298769513314968	0.388668503213958	0.239577594123049	0.376749311294766	0.0683930211202939	0.294012855831038	0.584481175390266	0.304462809917355	0.42297520661157	0.316932966023875	0.304885215794307	0.45862258953168	0.368448117539027	0.424095500459137	0.368374655647383	0.32058769513315	0.434031221303948	0.416675849403122	0.391331496786042	0.283911845730028	0.401946740128558	0.412819100091827	0.466960514233241	0.379283746556474	0.29010101010101	0.368833792470156	0.371662075298439
GB166	0.191313131313131	0.291698806244261	0.0484848484848485	0.0384389348025712	0.424462809917355	0.168925619834711	0.0560697887970615	0.392800734618916	0.127033976124885	0.0529476584022038	0.303599632690542	0.350523415977961	0.646391184573003	0.0393021120293848	0.32674012855831	0.0570064279155188	0.387676767676767	0.112984389348026	0.0845730027548209	0.329348025711662	0.29247015610652	0.05089072543618	0.391184573002755	0.376051423324151	0.736363636363637	0.386850321395776	0.775573921028466	0.0802203856749311	0.316271808999082	0.082020202020202	0.366391184573002	0.055959595959596	0.0395959595959596	0.0610284664830119	0.204517906336088	0.163875114784206	0.152194674012856	0.162056932966024	0.21208448117539	0.230119375573921	0.248007346189164	0.578347107438017	0.058989898989899	0.0818549127640037	0.567309458218549	0.281230486685032	0.0402203856749311	0.248558310376492	0.221891643709826	0.171753902662994	0.0976675849403122	0.0363636363636364	0.0907621671258035	0.34872359963269	0.0887235996326905	0.124426078971534	0.0593021120293848	0.15584940312213	0.0454545454545455	0.277851239669421	0.0717722681359045	0.0892929292929293	0.282865013774105	0.0590266299357209	0.189531680440771	0.0448301193755739	0.0619283746556474	0.0824058769513315	0.0422038567493113	0.364242424242424	0	0.136363636363636	0.0655096418732782	0.0735904499540863	0.163122130394858	0.131717171717172	0.0752066115702479	0.115812672176309	0.127070707070707	0.0306519742883379	0.067346189164371	0.336198347107438	0.201524334251607	0.0889990817263545	0.222460973370064	0.180073461891644	0.0591000918273645	0.0415794306703398	0.0502479338842975	0.358145087235996	0.0475849403122131	0.0510192837465565	0.0322681359044995	0.127070707070707	0.0432139577594123	0.214527089072544	0.649237832874197	0.0924334251606979	0.0379247015610652	0.352157943067034	0.0476216712580349	0.351974288337925	0.128282828282828	0.653149678604224	0.0775757575757576	0.065050505050505	0.0588246097337006	0.0800918273645546	0.0962901744719927	0.0333516988062443	0.0671441689623508	0.0453810835629018	0.172323232323232	0.0765105601469238	0.0627548209366391	0.0494031221303949	0.0922130394857667	0.0462075298438935	0.0527089072543618	0.104848484848485	0.0390633608815427	0.141799816345271	0.0308356290174472	0.0362534435261708
GB167	0.0667401285583104	0.164701561065197	0.0991000918273646	0.115922865013774	0.416345270890726	0.0446831955922865	0.0975022956841139	0.301267217630854	0.0351147842056933	0.170505050505051	0.175739210284665	0.237741046831956	0.645068870523416	0.111037649219467	0.200440771349862	0.184848484848485	0.260257116620753	0.0371533516988063	0.0600183654729109	0.1978145087236	0.162662993572084	0.132102846648301	0.265087235996327	0.280495867768595	0.735114784205694	0.257171717171717	0.774949494949495	0.0644260789715335	0.188135904499541	0.0634159779614325	0.361744719926538	0.179375573921028	0.138677685950413	0.0883195592286501	0.0745270890725436	0.0419651056014692	0.0433976124885216	0.165674931129477	0.0840955004591369	0.0983287419651056	0.162479338842975	0.453351698806244	0.0871992653810836	0.0739577594123049	0.564591368227732	0.183911845730028	0.161028466483012	0.161083562901745	0.100550964187328	0.0494031221303949	0.0497337006427916	0.152598714416896	0.0624609733700643	0.33127640036731	0.0834343434343434	0.249164370982553	0.0886685032139578	0.0494031221303949	0.160238751147842	0.184738292011019	0.072139577594123	0.0599632690541781	0.153627180899908	0.0885399449035812	0.0587695133149679	0.13763085399449	0.0856932966023875	0.208539944903581	0.123324150596878	0.293792470156106	0.136363636363636	0	0.194894398530762	0.0704499540863177	0.0425528007346189	0.158879706152433	0.0725252525252525	0.170082644628099	0.16356290174472	0.118751147842057	0.0781818181818182	0.209164370982553	0.0757392102846649	0.132929292929293	0.131937557392103	0.0522130394857668	0.0903030303030303	0.16356290174472	0.17147842056933	0.229403122130395	0.16811753902663	0.116804407713499	0.137061524334252	0.0333884297520661	0.144426078971534	0.0886134067952249	0.520569329660239	0.0545638200183655	0.158163452708907	0.225693296602387	0.159944903581267	0.240844811753903	0.0303213957759412	0.526887052341598	0.0675482093663912	0.193682277318641	0.0891643709825528	0.149256198347107	0.228264462809917	0.138273645546373	0.194416896235078	0.157079889807163	0.141873278236915	0.204389348025712	0.190541781450872	0.171588613406795	0.0978512396694215	0.171533516988062	0.182148760330579	0.235959595959596	0.14989898989899	0.0327456382001836	0.137685950413223	0.137465564738292
GB168	0.251643709825528	0.352029384756657	0.103140495867769	0.0891276400367309	0.467401285583104	0.228778696051423	0.111662075298439	0.453149678604224	0.185436179981635	0.0467952249770432	0.363856749311295	0.410725436179982	0.647566574839302	0.0895867768595042	0.386795224977043	0.0316069788797062	0.447933884297521	0.168099173553719	0.141524334251607	0.389586776859504	0.352819100091827	0.0964187327823692	0.451349862258953	0.436216712580349	0.736730945821855	0.447180899908173	0.775794306703397	0.138842975206612	0.376565656565656	0.139375573921028	0.378053259871442	0.0255463728191001	0.0728558310376492	0.116914600550964	0.264389348025712	0.224003673094582	0.212488521579431	0.208558310376492	0.27208448117539	0.290468319559229	0.307621671258035	0.638089990817263	0.114104683195592	0.141340679522498	0.601854912764004	0.34157943067034	0.0443709825528007	0.308301193755739	0.282075298438935	0.231056014692379	0.155904499540863	0.0480073461891644	0.150082644628099	0.404444444444444	0.148815426997245	0.0677869605142332	0.118659320477502	0.215592286501377	0.0543801652892562	0.337704315886134	0.127309458218549	0.147805325987144	0.343213957759412	0.116547291092746	0.24910927456382	0.0915518824609734	0.116988062442608	0.0426997245179063	0.092157943067034	0.424591368227732	0.0655096418732782	0.194894398530762	0	0.131551882460973	0.223287419651056	0.180165289256198	0.133149678604224	0.134710743801653	0.153994490358127	0.0801469237832874	0.125307621671258	0.396547291092746	0.261359044995409	0.145876951331497	0.282020202020202	0.240348943985308	0.111662075298439	0.0430670339761249	0.0329292929292929	0.418457300275482	0.0390082644628099	0.101010101010101	0.0637098255280074	0.186262626262626	0.0773002754820937	0.274618916437098	0.709568411386593	0.150266299357208	0.0441322314049587	0.412341597796143	0.0614141414141414	0.412323232323232	0.186427915518825	0.713204775022957	0.133829201101928	0.0313498622589532	0.116528925619835	0.120697887970615	0.0402754820936639	0.0628466483011938	0.0252157943067034	0.06455463728191	0.231515151515152	0.0306152433425161	0.0307254361799816	0.0500642791551882	0.147107438016529	0.0382552800734619	0.0340128558310377	0.0543067033976125	0.0612121212121212	0.198402203856749	0.0653443526170799	0.0745821854912764
GB170	0.122809917355372	0.22376492194674	0.0418732782369146	0.0537924701561065	0.416363636363636	0.0996326905417814	0.0391919191919192	0.32315886134068	0.0599449035812672	0.107988980716253	0.236565656565657	0.284022038567493	0.64514233241506	0.050633608815427	0.261028466483012	0.121726354453627	0.320734618916437	0.0539944903581267	0.0314416896235078	0.258989898989899	0.223691460055096	0.0708356290174472	0.325693296602387	0.311129476584022	0.735096418732783	0.31821854912764	0.774931129476584	0.0304683195592287	0.248833792470156	0.0312029384756657	0.362277318640955	0.116620752984389	0.0770064279155188	0.0328925619834711	0.136216712580349	0.0938842975206611	0.0849219467401285	0.157887970615243	0.144444444444444	0.159669421487603	0.18514233241506	0.513921028466483	0.0306519742883379	0.0330394857667585	0.564609733700643	0.212855831037649	0.0976492194674013	0.184866850321396	0.156124885215794	0.107842056932966	0.0400550964187328	0.0900642791551882	0.0343801652892562	0.331331496786042	0.0391368227731864	0.186978879706153	0.0282460973370064	0.0916253443526171	0.0980165289256198	0.214031221303949	0.0285583103764922	0.0342332415059688	0.214545454545455	0.0322130394857668	0.120569329660239	0.0760514233241506	0.0316620752984389	0.146097337006428	0.0600918273645546	0.304132231404959	0.0735904499540863	0.0704499540863177	0.131551882460973	0	0.0970247933884298	0.125528007346189	0.0292745638200183	0.126574839302112	0.129494949494949	0.05722681359045	0.0275114784205693	0.267933884297521	0.135261707988981	0.077465564738292	0.159540863177227	0.110174471992654	0.0361432506887052	0.100752984389348	0.10910927456382	0.290266299357208	0.105307621671258	0.0584940312213039	0.0740679522497704	0.0647199265381084	0.082791551882461	0.149054178145087	0.58119375573921	0.0379063360881543	0.0951331496786043	0.286391184573003	0.0969329660238751	0.284297520661157	0.062791551882461	0.587566574839302	0.0293112947658402	0.130523415977961	0.0304683195592286	0.0925987144168962	0.165123966942149	0.076198347107438	0.131698806244261	0.0947474747474747	0.137887970615243	0.141101928374656	0.12752984389348	0.108778696051423	0.061763085399449	0.108558310376492	0.119081726354454	0.172837465564738	0.0872543617998163	0.0804958677685951	0.0749862258953168	0.0751698806244261
GB171	0.0353535353535354	0.145968778696051	0.125785123966942	0.142295684113866	0.417171717171717	0.0317906336088154	0.127860422405877	0.306299357208448	0.0570982552800735	0.203195592286501	0.142001836547291	0.233994490358127	0.645674931129477	0.13842056932966	0.164921946740129	0.213755739210285	0.229862258953168	0.0608631772268136	0.0846097337006428	0.166776859504132	0.129807162534435	0.16257116620753	0.229384756657484	0.280312213039486	0.735518824609734	0.224132231404959	0.775169880624426	0.0860238751147842	0.154894398530762	0.0897520661157025	0.365234159779614	0.210449954086318	0.171129476584022	0.117649219467401	0.0503213957759412	0.0250321395775941	0.027860422405877	0.178402203856749	0.0554637281910009	0.0679155188246097	0.165601469237833	0.41722681359045	0.111202938475666	0.0918089990817263	0.564683195592287	0.186942148760331	0.189678604224059	0.161303948576676	0.0886685032139578	0.0301744719926538	0.0705234159779614	0.180477502295684	0.0801836547291093	0.331496786042241	0.09722681359045	0.282828282828283	0.10951331496786	0.027860422405877	0.194233241505969	0.185179063360882	0.0982001836547291	0.0761432506887053	0.120642791551883	0.107860422405877	0.0433425160697888	0.16315886134068	0.109237832874197	0.242056932966024	0.136859504132231	0.29504132231405	0.163122130394858	0.0425528007346189	0.223287419651056	0.0970247933884298	0	0.170082644628099	0.0920477502295684	0.198071625344353	0.190615243342516	0.147566574839302	0.101083562901745	0.190413223140496	0.049880624426079	0.147217630853994	0.137171717171717	0.0231955922865014	0.121524334251607	0.191864095500459	0.200440771349862	0.195408631772268	0.19979797979798	0.149035812672176	0.164224058769513	0.0415610651974289	0.173186409550046	0.0567309458218549	0.486648301193755	0.0740312213039486	0.1877318640955	0.190211202938476	0.190247933884297	0.240073461891644	0.0485583103764922	0.491239669421488	0.0970982552800735	0.223103764921947	0.115684113865932	0.17228650137741	0.257263544536272	0.167933884297521	0.223397612488522	0.185858585858586	0.146317722681359	0.232910927456382	0.220257116620753	0.200844811753903	0.124481175390266	0.200826446280992	0.211698806244261	0.266115702479339	0.179283746556474	0.045050505050505	0.168356290174472	0.171496786042241
GB172	0.195904499540863	0.174490358126722	0.125638200183655	0.124370982552801	0.300716253443526	0.176877869605142	0.123195592286501	0.273021120293848	0.150229568411387	0.159302112029385	0.308337924701561	0.23228650137741	0.522846648301194	0.124205693296602	0.331753902662993	0.170835629017447	0.26910927456382	0.145491276400367	0.128191000918274	0.332561983471074	0.29584940312213	0.128007346189164	0.396124885215794	0.257851239669422	0.612800734618916	0.267511478420569	0.652451790633609	0.129990817263545	0.320459136822773	0.128631772268136	0.241854912764004	0.166501377410468	0.133682277318641	0.124205693296602	0.213719008264463	0.171441689623508	0.160844811753903	0.0509458218549127	0.220220385674931	0.233902662993572	0.132561983471074	0.584113865932048	0.125252525252525	0.1277318640955	0.44495867768595	0.161726354453627	0.148264462809917	0.131955922865014	0.148631772268136	0.185381083562902	0.134747474747475	0.138989898989899	0.131643709825528	0.228576675849403	0.129494949494949	0.23860422405877	0.123544536271809	0.166519742883379	0.149990817263545	0.161818181818182	0.127621671258035	0.130596877869605	0.212433425160698	0.127860422405877	0.203673094582185	0.104058769513315	0.126978879706152	0.197906336088154	0.127474747474747	0.245528007346189	0.131717171717172	0.158879706152433	0.180165289256198	0.125528007346189	0.170082644628099	0	0.128246097337006	0.0575757575757576	0.0473278236914601	0.125638200183655	0.125234159779614	0.216969696969697	0.172782369146005	0.0682828282828283	0.112213039485767	0.184444444444444	0.124407713498623	0.14969696969697	0.156969696969697	0.361836547291093	0.156932966023875	0.125840220385675	0.132176308539945	0.149935720844812	0.119908172635445	0.222093663911846	0.652929292929293	0.133553719008264	0.146078971533517	0.288301193755739	0.133700642791552	0.232910927456382	0.150725436179982	0.657998163452709	0.128613406795225	0.17860422405877	0.123269054178145	0.0708356290174472	0.214196510560147	0.132708907254362	0.179963269054178	0.126372819100092	0.171533516988062	0.189623507805326	0.172488521579431	0.1477318640955	0.092139577594123	0.158292011019284	0.168539944903581	0.222754820936639	0.139283746556474	0.163452708907254	0.131570247933884	0.131056014692378
GB173	0.120330578512397	0.220514233241506	0.04455463728191	0.0587878787878788	0.418530762167126	0.0992837465564738	0.0470339761248852	0.323544536271809	0.0640036730945822	0.116124885215794	0.232561983471075	0.279742883379247	0.646758494031221	0.0539393939393939	0.25524334251607	0.125087235996327	0.316382001836547	0.0532415059687787	0.0319191919191919	0.258034894398531	0.221285583103765	0.0761432506887052	0.31979797979798	0.30694214876033	0.736694214876033	0.315629017447199	0.775739210284665	0.0309825528007346	0.245179063360882	0.0327456382001837	0.366905417814509	0.122754820936639	0.0847015610651974	0.0409733700642792	0.134123048668503	0.0933700642791552	0.08178145087236	0.159302112029385	0.141542699724518	0.158916437098255	0.178953168044077	0.50653810835629	0.0327089072543618	0.0327456382001837	0.565123966942149	0.211551882460973	0.101671258034894	0.179430670339761	0.150651974288338	0.102607897153352	0.0378696051423324	0.0943250688705234	0.0355004591368228	0.332304866850321	0.0405325987144169	0.194912764003673	0.0316069788797062	0.0844077134986226	0.106519742883379	0.20811753902663	0.0280808080808081	0.0285032139577594	0.211662075298439	0.0301744719926538	0.121083562901745	0.0796510560146923	0.0320844811753903	0.154104683195592	0.0622405876951332	0.303471074380165	0.0752066115702479	0.0725252525252525	0.133149678604224	0.0292745638200183	0.0920477502295684	0.128246097337006	0	0.131845730027548	0.137410468319559	0.0609366391184573	0.0300275482093664	0.264995408631772	0.130211202938476	0.0819651056014692	0.154141414141414	0.108943985307622	0.043030303030303	0.102589531680441	0.11386593204775	0.286905417814509	0.112341597796143	0.0672543617998164	0.0777594123048668	0.0616528925619835	0.0862809917355372	0.143379247015611	0.57801652892562	0.0319191919191919	0.0994123048668503	0.28078971533517	0.101910009182737	0.281138659320478	0.0634894398530762	0.581652892561983	0.0365105601469238	0.133351698806244	0.0364003673094582	0.094159779614325	0.166942148760331	0.0801836547291093	0.135408631772268	0.0972819100091828	0.138475665748393	0.144481175390266	0.131533516988062	0.111404958677686	0.0678787878787879	0.111588613406795	0.122148760330579	0.177575757575758	0.0903397612488522	0.0793755739210285	0.0805693296602387	0.0835812672176309
GB174	0.226703397612489	0.22198347107438	0.119357208448118	0.124077134986226	0.339522497704316	0.200752984389348	0.120752984389348	0.323103764921947	0.160752984389348	0.122295684113866	0.338640955004591	0.280679522497704	0.541965105601469	0.119026629935721	0.36157943067034	0.12752984389348	0.317887970615243	0.14613406795225	0.129182736455464	0.364370982552801	0.327603305785124	0.115757575757576	0.42613406795225	0.306170798898072	0.631864095500459	0.317134986225895	0.670909090909091	0.131202938475666	0.351349862258953	0.12831955922865	0.264664830119376	0.129090909090909	0.114747474747475	0.12	0.239302112029385	0.198953168044077	0.188062442607897	0.0799449035812672	0.246905417814509	0.265252525252525	0.177575757575758	0.61287419651056	0.124095500459137	0.136896235078053	0.47544536271809	0.211533516988062	0.117465564738292	0.178255280073462	0.177887970615243	0.205674931129477	0.139155188246097	0.121799816345271	0.143250688705234	0.274545454545455	0.145252525252525	0.196088154269973	0.133204775022957	0.191588613406795	0.115959595959596	0.207658402203857	0.120826446280992	0.139449035812672	0.243911845730028	0.129715335169881	0.224003673094582	0.0973002754820936	0.124977043158861	0.151239669421488	0.141322314049587	0.294545454545455	0.115812672176309	0.170082644628099	0.134710743801653	0.126574839302112	0.198071625344353	0.0575757575757576	0.131845730027548	0	0.0369329660238751	0.114563820018365	0.129348025711662	0.266501377410468	0.200348943985308	0.0820018365472911	0.152249770431589	0.215133149678604	0.112892561983471	0.115371900826446	0.125307621671258	0.393241505968778	0.122405876951331	0.114196510560147	0.116455463728191	0.163140495867769	0.0979430670339761	0.249403122130395	0.68435261707989	0.138034894398531	0.116712580348944	0.318604224058769	0.100844811753903	0.282277318640955	0.163048668503214	0.687988980716254	0.122791551882461	0.130835629017447	0.126005509641873	0.0567860422405877	0.166225895316804	0.112745638200184	0.138971533516988	0.0949862258953168	0.196326905417814	0.146850321395776	0.128503213957759	0.108613406795225	0.0875665748393021	0.118236914600551	0.123581267217631	0.174765840220386	0.107823691460055	0.16951331496786	0.110027548209366	0.109678604224059
GB176	0.217594123048669	0.202203856749311	0.12595041322314	0.128797061524334	0.322222222222222	0.192066115702479	0.125619834710744	0.301671258034894	0.155261707988981	0.135555555555556	0.329990817263544	0.261120293847567	0.52931129476584	0.12455463728191	0.35425160697888	0.146299357208448	0.298034894398531	0.145858585858586	0.132745638200184	0.354306703397612	0.317906336088154	0.121799816345271	0.418934802571166	0.286813590449954	0.619136822773186	0.296308539944903	0.658916437098255	0.134949494949495	0.342644628099173	0.130505050505051	0.24949494949495	0.141928374655647	0.123103764921947	0.124701561065197	0.230064279155188	0.189825528007346	0.182167125803489	0.0643709825528008	0.238457300275482	0.255151515151515	0.160238751147842	0.606868686868687	0.129476584022039	0.139540863177227	0.461010101010101	0.190541781450872	0.130211202938476	0.160918273645546	0.170192837465565	0.200091827364555	0.141120293847567	0.129715335169881	0.144536271808999	0.256382001836547	0.145803489439853	0.2110927456382	0.135904499540863	0.187089072543618	0.127162534435262	0.190045913682277	0.129201101928375	0.143893480257117	0.234508723599633	0.136620752984389	0.214214876033058	0.103195592286501	0.130229568411387	0.168778696051423	0.143709825528007	0.274435261707989	0.127070707070707	0.16356290174472	0.153994490358127	0.129494949494949	0.190615243342516	0.0473278236914601	0.137410468319559	0.0369329660238751	0	0.122350780532599	0.13307621671258	0.246042240587695	0.192929292929293	0.0846280991735537	0.13584940312213	0.205528007346189	0.121046831955923	0.131000918273646	0.137667584940312	0.384315886134068	0.134949494949495	0.121359044995409	0.126317722681359	0.160091827364555	0.108172635445363	0.242112029384757	0.675261707988981	0.141046831955923	0.128576675849403	0.310817263544536	0.112984389348026	0.261836547291093	0.158585858585859	0.680716253443526	0.126115702479339	0.150909090909091	0.129054178145087	0.0668870523415978	0.185876951331497	0.121799816345271	0.154123048668503	0.10989898989899	0.190560146923783	0.163654729109275	0.145656565656566	0.124701561065197	0.091386593204775	0.134196510560147	0.141450872359963	0.193957759412305	0.12257116620753	0.165821854912764	0.119761248852158	0.118292011019284
GB177	0.175004591368228	0.275757575757576	0.0352617079889807	0.0322681359044995	0.418383838383839	0.151845730027548	0.0418732782369146	0.376088154269973	0.109237832874197	0.0616161616161616	0.287786960514233	0.335022956841139	0.645454545454546	0.0310376492194674	0.311772268135905	0.0701561065197429	0.372066115702479	0.0959595959595959	0.0677502295684114	0.312525252525252	0.275996326905418	0.0428650137741047	0.376418732782369	0.360550964187328	0.735463728191001	0.370321395775941	0.775151515151515	0.0652157943067034	0.300275482093664	0.0656749311294766	0.364187327823691	0.0680624426078972	0.0378696051423324	0.0453443526170799	0.187621671258035	0.146997245179063	0.136290174471993	0.157520661157025	0.195922865013774	0.213406795224977	0.233847566574839	0.564315886134068	0.0426629935720845	0.0661524334251607	0.564866850321396	0.264719926538108	0.048613406795225	0.234527089072544	0.206887052341598	0.156547291092746	0.082516069788797	0.0462809917355372	0.074159779614325	0.337777777777778	0.0738475665748393	0.137906336088154	0.0438567493112948	0.141818181818182	0.0513682277318641	0.263654729109274	0.0568595041322314	0.0747107438016529	0.266611570247934	0.0471992653810836	0.17208448117539	0.0439302112029385	0.0476951331496786	0.0951331496786042	0.0380165289256198	0.34831955922865	0.0306519742883379	0.118751147842057	0.0801469237832874	0.05722681359045	0.147566574839302	0.125638200183655	0.0609366391184573	0.114563820018365	0.122350780532599	0	0.0513314967860422	0.319963269054178	0.186060606060606	0.0763452708907254	0.208264462809917	0.163305785123967	0.0428650137741047	0.0492745638200184	0.0619834710743802	0.342001836547291	0.0575206611570248	0.0422405876951331	0.0348393021120294	0.111698806244261	0.0430670339761249	0.199540863177227	0.633112947658402	0.0773370064279156	0.0472176308539945	0.337190082644628	0.0528741965105601	0.335775941230487	0.111184573002755	0.638126721763085	0.0611753902662994	0.0776675849403122	0.0428282828282828	0.0749862258953168	0.11247015610652	0.0335353535353535	0.082038567493113	0.0500826446280992	0.160146923783287	0.0911662075298439	0.0763452708907254	0.0597979797979798	0.0778145087235996	0.0575941230486685	0.06633608815427	0.119834710743802	0.0415977961432507	0.125179063360881	0.0298438934802571	0.0342516069788797
GB180	0.127474747474747	0.228282828282828	0.0386042240587695	0.0485583103764922	0.416510560146924	0.106262626262626	0.0368778696051423	0.328888888888889	0.0697153351698806	0.103746556473829	0.240771349862259	0.287842056932966	0.64514233241506	0.0450872359963269	0.264830119375574	0.115133149678604	0.324793388429752	0.0595959595959596	0.0341597796143251	0.264885215794307	0.228393021120294	0.0662075298438935	0.32951331496786	0.314380165289256	0.735224977043159	0.322938475665748	0.774967860422406	0.0337190082644628	0.253241505968779	0.0332231404958678	0.363085399449036	0.110964187327824	0.0722865013774104	0.0329843893480257	0.141616161616162	0.0999265381083563	0.0897704315886134	0.158457300275482	0.14910927456382	0.165656565656566	0.188650137741047	0.517649219467401	0.0277318640955005	0.031900826446281	0.564609733700643	0.217392102846648	0.0915702479338843	0.188595041322314	0.160091827364555	0.112066115702479	0.0454178145087236	0.0830853994490358	0.0347474747474747	0.331349862258953	0.0361799816345271	0.182534435261708	0.0221487603305785	0.0954820936639118	0.0939944903581267	0.21783287419651	0.0301010101010101	0.034931129476584	0.219155188246097	0.0296051423324151	0.127162534435262	0.0687970615243343	0.0315702479338843	0.141707988980716	0.0513498622589532	0.306556473829201	0.067346189164371	0.0781818181818182	0.125307621671258	0.0275114784205693	0.101083562901745	0.125234159779614	0.0300275482093664	0.129348025711662	0.13307621671258	0.0513314967860422	0	0.272617079889807	0.139485766758494	0.0751515151515152	0.163434343434343	0.115757575757576	0.0378512396694215	0.094196510560147	0.102350780532599	0.294490358126722	0.10020202020202	0.056951331496786	0.0678236914600551	0.0707621671258035	0.076694214876033	0.152910927456382	0.58573002754821	0.0398347107438016	0.0889807162534436	0.290174471992654	0.0916253443526171	0.288448117539027	0.0689072543617998	0.591313131313131	0.0362350780532599	0.124517906336088	0.0282093663911846	0.0895867768595041	0.158989898989899	0.0694214876033058	0.124683195592286	0.0888337924701561	0.139504132231405	0.134692378328742	0.121322314049587	0.102350780532599	0.0650321395775941	0.102534435261708	0.113131313131313	0.167144168962351	0.0813774104683195	0.0867401285583104	0.0691827364554637	0.0714416896235078
GB181	0.186831955922865	0.059742883379247	0.29842056932966	0.31267217630854	0.236363636363636	0.187805325987144	0.297979797979798	0.121010101010101	0.225160697887971	0.373755739210285	0.192598714416896	0.0626262626262626	0.461450872359963	0.310284664830119	0.200055096418733	0.386519742883379	0.0631404958677686	0.231955922865014	0.2566391184573	0.199871441689623	0.189182736455464	0.333719008264463	0.246501377410468	0.105381083562902	0.551515151515151	0.0716804407713499	0.591313131313131	0.258824609733701	0.195188246097337	0.26137741046832	0.21030303030303	0.381965105601469	0.341303948576676	0.288282828282828	0.185436179981634	0.190945821854913	0.196473829201102	0.188484848484849	0.186042240587695	0.18376492194674	0.0903030303030303	0.430743801652892	0.283471074380165	0.263103764921947	0.380955004591368	0.0633241505968779	0.362258953168044	0.0904315886134068	0.127107438016529	0.190853994490358	0.243287419651056	0.352157943067034	0.248999081726354	0.160532598714417	0.26613406795225	0.453204775022957	0.280018365472911	0.196951331496786	0.3643709825528	0.0704499540863177	0.271441689623508	0.248741965105602	0.113957759412305	0.280863177226814	0.184921946740128	0.30732782369146	0.282222222222222	0.41267217630854	0.306813590449954	0.120863177226814	0.336198347107438	0.209164370982553	0.396547291092746	0.267933884297521	0.190413223140496	0.216969696969697	0.264995408631772	0.266501377410468	0.246042240587695	0.319963269054178	0.272617079889807	0	0.156657483930211	0.253204775022957	0.114600550964187	0.185491276400367	0.293149678604224	0.365068870523416	0.372121212121212	0.214031221303948	0.371000918273646	0.319375573921028	0.337134986225895	0.213333333333333	0.329476584022039	0.187621671258035	0.498475665748393	0.24712580348944	0.360367309458219	0.146207529843893	0.348062442607897	0.0663728191000918	0.215904499540863	0.504426078971533	0.268797061524334	0.394894398530762	0.28573002754821	0.276841138659321	0.430578512396694	0.34	0.395886134067952	0.340367309458219	0.291845730027548	0.406023875114784	0.388411386593205	0.363232323232323	0.254894398530762	0.373829201101928	0.384738292011019	0.438732782369146	0.351147842056933	0.204242424242424	0.340293847566575	0.341671258034894
GB182	0.0566391184573003	0.113572084481175	0.164334251606979	0.180863177226814	0.381965105601469	0.05366391184573	0.166299357208448	0.270817263544536	0.0933149678604224	0.241671258034894	0.141836547291093	0.19921028466483	0.609990817263544	0.176896235078053	0.164132231404959	0.252029384756657	0.194931129476584	0.0970431588613407	0.123030303030303	0.166299357208448	0.128503213957759	0.201065197428834	0.22712580348944	0.24595041322314	0.699889807162534	0.186758494031221	0.739412304866851	0.124481175390266	0.153902662993572	0.12811753902663	0.331331496786042	0.248962350780533	0.209568411386593	0.156124885215794	0.0580716253443526	0.0559779614325069	0.0644077134986226	0.174986225895317	0.059247015610652	0.0697887970615243	0.133112947658402	0.414582185491277	0.149917355371901	0.130615243342516	0.528999081726355	0.152690541781451	0.228007346189164	0.127382920110193	0.0618365472910927	0.0517539026629936	0.108576675849403	0.219118457300275	0.118053259871442	0.296290174471993	0.135206611570248	0.321285583103765	0.148062442607897	0.0623507805325987	0.23267217630854	0.151606978879706	0.136253443526171	0.114471992653811	0.0841873278236915	0.14595041322314	0.0538842975206612	0.175353535353535	0.147493112947658	0.280495867768595	0.176216712580349	0.26099173553719	0.201524334251607	0.0757392102846649	0.261359044995409	0.135261707988981	0.049880624426079	0.172782369146005	0.130211202938476	0.200348943985308	0.192929292929293	0.186060606060606	0.139485766758494	0.156657483930211	0	0.149788797061524	0.107346189164371	0.0488888888888889	0.160146923783287	0.230137741046832	0.238916437098255	0.193149678604224	0.238310376492195	0.187474747474747	0.202626262626263	0.0779247015610652	0.195224977043159	0.0636730945821855	0.484389348025711	0.111955922865014	0.226170798898072	0.152892561983471	0.214416896235078	0.205013774104683	0.0830670339761249	0.488778696051423	0.13564738292011	0.260018365472911	0.153902662993572	0.174692378328742	0.295390266299357	0.206372819100092	0.261818181818182	0.205619834710744	0.162846648301194	0.27129476584022	0.254269972451791	0.228411386593205	0.128503213957759	0.239136822773186	0.250009182736455	0.304591368227732	0.216290174471993	0.0703581267217631	0.20692378328742	0.209935720844812
GB183	0.170743801652893	0.210064279155188	0.0742148760330579	0.0722497704315886	0.355353535353535	0.151662075298439	0.0694214876033058	0.307272727272727	0.122332415059688	0.122056932966024	0.284701561065197	0.269623507805326	0.582846648301194	0.074178145087236	0.308999081726355	0.135831037649219	0.306189164370983	0.117998163452709	0.0871258034894399	0.306556473829201	0.2710927456382	0.0851606978879706	0.373498622589532	0.295224977043159	0.672855831037649	0.303636363636364	0.712708907254362	0.0866299357208448	0.297098255280073	0.086317722681359	0.300275482093664	0.130651974288338	0.0902662993572084	0.0745087235996327	0.188741965105602	0.145417814508724	0.135261707988981	0.104866850321396	0.196694214876033	0.207474747474747	0.170376492194674	0.561726354453627	0.0720293847566575	0.081524334251607	0.502754820936639	0.197483930211203	0.111937557392103	0.169843893480257	0.142497704315886	0.162148760330578	0.100128558310376	0.101561065197429	0.0857851239669421	0.27524334251607	0.0839853076216713	0.201101928374656	0.0664095500459137	0.14119375573921	0.111974288337925	0.199595959595959	0.0837832874196511	0.0889623507805326	0.201616161616162	0.0753719008264463	0.17801652892562	0.0593572084481175	0.0769880624426079	0.160808080808081	0.0729843893480257	0.28277318640955	0.0889990817263545	0.132929292929293	0.145876951331497	0.077465564738292	0.147217630853994	0.0682828282828283	0.0819651056014692	0.0820018365472911	0.0846280991735537	0.0763452708907254	0.0751515151515152	0.253204775022957	0.149788797061524	0	0.146868686868687	0.158530762167126	0.0742148760330578	0.114637281910009	0.120863177226814	0.337851239669421	0.119559228650138	0.0794306703397613	0.0894214876033058	0.12376492194674	0.0799449035812672	0.19939393939394	0.628943985307622	0.0941414141414141	0.109678604224059	0.27465564738292	0.0979430670339761	0.269219467401286	0.122405876951331	0.635280073461892	0.0873829201101928	0.144242424242424	0.0674931129476584	0.0439118457300276	0.179908172635445	0.0906887052341597	0.144995408631772	0.090119375573921	0.151643709825528	0.155371900826446	0.137612488521579	0.112653810835629	0.0597061524334252	0.123140495867769	0.134086317722681	0.187952249770432	0.101175390266299	0.138640955004591	0.0894949494949495	0.089605142332415
GB185	0.149035812672176	0.0743617998163453	0.186556473829201	0.203434343434343	0.287382920110193	0.132176308539945	0.18910927456382	0.18236914600551	0.13504132231405	0.26435261707989	0.214086317722681	0.130780532598714	0.515610651974288	0.199191919191919	0.236253443526171	0.273645546372819	0.16593204775023	0.135629017447199	0.149862258953168	0.239338842975207	0.202350780532599	0.223654729109275	0.300477502295684	0.163213957759412	0.6055463728191	0.165160697887971	0.644591368227732	0.149843893480257	0.227015610651974	0.15485766758494	0.237043158861341	0.271515151515151	0.232341597796143	0.179044995408632	0.140091827364555	0.137447199265381	0.140550964187328	0.100550964187328	0.142644628099174	0.14771349862259	0.0414141414141414	0.487217630853995	0.172249770431589	0.156308539944904	0.433976124885216	0.0662258953168044	0.250119375573921	0.0421120293847567	0.0707988980716254	0.135739210284665	0.14	0.241597796143251	0.147695133149679	0.201359044995409	0.160716253443526	0.343985307621671	0.170853994490358	0.141799816345271	0.255390266299357	0.0661340679522498	0.158126721763085	0.142846648301194	0.119081726354454	0.168007346189164	0.132929292929293	0.196730945821855	0.170523415977961	0.303213957759412	0.199302112029385	0.167750229568411	0.222460973370064	0.131937557392103	0.282020202020202	0.159540863177227	0.137171717171717	0.112213039485767	0.154141414141414	0.152249770431589	0.13584940312213	0.208264462809917	0.163434343434343	0.114600550964187	0.107346189164371	0.146868686868687	0	0.140642791551882	0.182791551882461	0.251368227731864	0.26137741046832	0.267584940312213	0.260918273645546	0.210229568411387	0.224279155188246	0.132855831037649	0.217006427915519	0.145160697887971	0.558696051423324	0.142479338842975	0.248062442607897	0.192800734618916	0.236345270890725	0.133112947658402	0.133682277318641	0.562332415059688	0.159504132231405	0.281120293847567	0.17702479338843	0.162883379247016	0.316051423324151	0.228650137741047	0.283838383838384	0.226905417814509	0.184683195592287	0.292929292929293	0.275959595959596	0.249605142332415	0.142222222222222	0.26060606060606	0.271258034894398	0.326685032139578	0.237447199265381	0.128191000918274	0.229274563820018	0.232653810835629
GB188	0.0297887970615243	0.143213957759412	0.141799816345271	0.153608815426997	0.416271808999082	0.0325803489439853	0.138126721763085	0.299283746556474	0.0664095500459137	0.215206611570248	0.131955922865014	0.232800734618916	0.645013774104683	0.153314967860422	0.155114784205693	0.230284664830119	0.221634527089073	0.0759963269054178	0.0999449035812672	0.151147842056933	0.11623507805326	0.176069788797062	0.218861340679522	0.28038567493113	0.735078053259872	0.210835629017447	0.774931129476584	0.10257116620753	0.14396694214876	0.104315886134068	0.363158861340679	0.224775022956841	0.181542699724518	0.129458218549128	0.0427180899908172	0.0286317722681359	0.0367309458218549	0.192304866850321	0.0475665748393021	0.0525803489439853	0.168227731864096	0.40712580348944	0.126868686868687	0.106556473829201	0.564591368227732	0.183085399449036	0.205785123966942	0.161744719926538	0.0892011019283746	0.0330762167125803	0.0869605142332415	0.19483930211203	0.0922497704315886	0.331404958677686	0.109605142332415	0.293847566574839	0.121928374655647	0.037979797979798	0.204334251606979	0.187199265381084	0.115298438934803	0.0927823691460055	0.108411386593205	0.124830119375574	0.0355922865013774	0.177281910009183	0.12593204775023	0.253792470156107	0.149035812672176	0.293994490358127	0.180073461891644	0.0522130394857668	0.240348943985308	0.110174471992654	0.0231955922865014	0.184444444444444	0.108943985307622	0.215133149678604	0.205528007346189	0.163305785123967	0.115757575757576	0.185491276400367	0.0488888888888889	0.158530762167126	0.140642791551882	0	0.135684113865932	0.208870523415978	0.214765840220386	0.18257116620753	0.212855831037649	0.160091827364555	0.180642791551882	0.0557392102846648	0.189256198347107	0.050394857667585	0.473921028466483	0.0908172635445362	0.20394857667585	0.179724517906336	0.205895316804408	0.237373737373737	0.058989898989899	0.480661157024793	0.111551882460973	0.240018365472911	0.126299357208448	0.18910927456382	0.274380165289256	0.182901744719927	0.239338842975207	0.202699724517906	0.155500459136823	0.249605142332415	0.236382001836547	0.217649219467401	0.140495867768595	0.217612488521579	0.228503213957759	0.282277318640955	0.196161616161616	0.0554269972451791	0.183342516069789	0.181836547291093
GB190	0.147933884297521	0.249072543617998	0.0335537190082645	0.0461340679522498	0.416749311294766	0.124591368227732	0.0351698806244261	0.348246097337006	0.0808264462809917	0.0895133149678604	0.261487603305785	0.308723599632691	0.645215794306703	0.0395775941230487	0.285785123966942	0.0998347107438016	0.345693296602387	0.0673829201101928	0.0446280991735537	0.284738292011019	0.248797061524334	0.0560146923783288	0.350449954086318	0.334398530762167	0.735188246097337	0.343195592286501	0.775022956841139	0.0444444444444444	0.273774104683196	0.0395408631772268	0.362938475665748	0.100275482093664	0.0610284664830119	0.0327456382001836	0.160330578512397	0.119430670339761	0.109770431588613	0.156510560146924	0.169586776859504	0.185564738292011	0.208172635445363	0.538640955004591	0.0323415977961433	0.0467584940312213	0.564628099173554	0.23763085399449	0.0793939393939394	0.208852157943067	0.180844811753903	0.130413223140496	0.0580532598714417	0.0790082644628099	0.0524517906336088	0.332341597796143	0.0540863177226813	0.166280991735537	0.0357208448117539	0.116253443526171	0.0806978879706153	0.237961432506887	0.0346372819100092	0.0534435261707989	0.239651056014692	0.03821854912764	0.144334251606979	0.0661340679522498	0.0355739210284665	0.121359044995409	0.0582552800734619	0.322552800734619	0.0591000918273645	0.0903030303030303	0.111662075298439	0.0361432506887052	0.121524334251607	0.124407713498623	0.043030303030303	0.112892561983471	0.121046831955923	0.0428650137741047	0.0378512396694215	0.293149678604224	0.160146923783287	0.0742148760330578	0.182791551882461	0.135684113865932	0	0.0793388429752066	0.093921028466483	0.315224977043159	0.0871625344352617	0.045821854912764	0.0604040404040404	0.0858953168044077	0.0647382920110193	0.173535353535354	0.606427915518825	0.0526905417814509	0.0763636363636364	0.311111111111111	0.0764003673094582	0.309090909090909	0.0829384756657484	0.6122681359045	0.0343434343434343	0.106446280991736	0.0325987144168962	0.0831221303948576	0.141671258034894	0.0570982552800735	0.112415059687787	0.0740863177226813	0.143287419651056	0.122718089990817	0.107419651056015	0.0858585858585858	0.0578696051423324	0.0857851239669421	0.0952617079889807	0.147346189164371	0.0647382920110193	0.0968411386593205	0.0554637281910009	0.056969696969697
GB191	0.220183654729109	0.32058769513315	0.0707254361799816	0.0590266299357208	0.439687786960514	0.197281910009183	0.0803856749311295	0.421671258034894	0.154343434343434	0.0386042240587695	0.332525252525252	0.379375573921028	0.646262626262626	0.058971533516988	0.355592286501377	0.0378328741965106	0.416584022038567	0.136290174471993	0.110009182736455	0.358108356290174	0.321340679522498	0.0656198347107438	0.420238751147842	0.40495867768595	0.736216712580349	0.415775941230487	0.775500459136823	0.107621671258035	0.345197428833792	0.107970615243343	0.368099173553719	0.0370798898071625	0.045564738292011	0.0854545454545455	0.232929292929293	0.192525252525253	0.181065197428834	0.179981634527089	0.240679522497704	0.258989898989899	0.276951331496786	0.607419651056015	0.0833792470156106	0.109421487603306	0.576859504132231	0.31010101010101	0.0315335169880624	0.27763085399449	0.250872359963269	0.199779614325069	0.124297520661157	0.0325619834710744	0.118696051423324	0.373535353535354	0.117337006427916	0.100899908172635	0.0871992653810836	0.184921946740129	0.0372451790633609	0.306960514233241	0.0965105601469238	0.117190082644628	0.311845730027548	0.0853810835629017	0.217355371900827	0.0623691460055096	0.0864462809917355	0.055941230486685	0.0643342516069789	0.393168044077135	0.0415794306703398	0.16356290174472	0.0430670339761249	0.100752984389348	0.191864095500459	0.14969696969697	0.102589531680441	0.115371900826446	0.131000918273646	0.0492745638200184	0.094196510560147	0.365068870523416	0.230137741046832	0.114637281910009	0.251368227731864	0.208870523415978	0.0793388429752066	0	0.035941230486685	0.387033976124885	0.0320844811753903	0.0698989898989899	0.0410651974288338	0.155390266299357	0.0489439853076217	0.243507805325987	0.678163452708907	0.11941230486685	0.0308172635445363	0.381138659320477	0.0415610651974288	0.380863177226814	0.155610651974288	0.682038567493113	0.101652892561983	0.041763085399449	0.0851423324150597	0.0922681359044996	0.0710009182736455	0.0390449954086318	0.0466666666666667	0.0428833792470156	0.200844811753903	0.0537924701561065	0.0430670339761249	0.0381818181818182	0.115757575757576	0.0320844811753903	0.0328558310376492	0.0773186409550046	0.0360697887970615	0.166758494031221	0.037208448117539	0.0444077134986226
GB192	0.22712580348944	0.32811753902663	0.0837098255280074	0.0642791551882461	0.446629935720845	0.203911845730028	0.0884848484848485	0.427346189164371	0.161267217630854	0.0384022038567493	0.340330578512397	0.387676767676768	0.645179063360881	0.0689807162534435	0.364628099173554	0.0326354453627181	0.42455463728191	0.150376492194674	0.119485766758494	0.36396694214876	0.327988980716254	0.0753902662993572	0.429329660238751	0.413168044077135	0.735261707988981	0.422405876951331	0.774967860422406	0.118585858585859	0.352598714416896	0.118145087235996	0.365454545454545	0.0232506887052342	0.0524885215794307	0.0943801652892562	0.239706152433425	0.198457300275482	0.188741965105601	0.188503213957759	0.248337924701561	0.264664830119375	0.286978879706152	0.617447199265381	0.093425160697888	0.118787878787879	0.583379247015611	0.316565656565656	0.0344168962350781	0.287658402203857	0.259779614325069	0.209641873278237	0.135831037649219	0.0310009182736455	0.125785123966942	0.382865013774105	0.123985307621671	0.0847015610651974	0.093406795224977	0.194949494949495	0.0386593204775023	0.316767676767677	0.110027548209366	0.127511478420569	0.31880624426079	0.096712580348944	0.223691460055096	0.0696786042240588	0.0973002754820937	0.0537373737373737	0.0671441689623508	0.400955004591368	0.0502479338842975	0.17147842056933	0.0329292929292929	0.10910927456382	0.200440771349862	0.156969696969697	0.11386593204775	0.125307621671258	0.137667584940312	0.0619834710743802	0.102350780532599	0.372121212121212	0.238916437098255	0.120863177226814	0.26137741046832	0.214765840220386	0.093921028466483	0.035941230486685	0	0.394196510560147	0.0311845730027548	0.0812121212121212	0.0469972451790633	0.16574839302112	0.0606611570247934	0.252396694214876	0.685362718089991	0.131349862258953	0.0327640036730946	0.389954086317723	0.0504683195592286	0.387842056932966	0.163122130394858	0.6910927456382	0.1144536271809	0.0412304866850322	0.0923415977961433	0.101818181818182	0.061763085399449	0.0469054178145087	0.0352617079889807	0.052139577594123	0.210909090909091	0.0425895316804408	0.036951331496786	0.0448301193755739	0.129127640036731	0.0358310376492195	0.0369880624426079	0.0722497704315886	0.0511662075298439	0.177906336088154	0.0494031221303949	0.0553168044077135
GB99	0.169403122130395	0.208135904499541	0.320293847566575	0.334931129476584	0.424260789715335	0.197190082644628	0.320275482093664	0.308264462809917	0.246887052341598	0.39623507805326	0.0608448117539027	0.255261707988981	0.645289256198347	0.332396694214876	0.0414508723599633	0.408631772268136	0.224664830119376	0.253370064279155	0.278732782369146	0.0474563820018366	0.0728007346189164	0.355904499540863	0.0471808999081726	0.295867768595041	0.735280073461892	0.18811753902663	0.775004591368228	0.280826446280992	0.0468135904499541	0.283397612488522	0.411037649219467	0.404205693296602	0.363636363636364	0.310505050505051	0.159302112029385	0.199540863177227	0.208062442607897	0.366262626262626	0.147419651056015	0.138879706152433	0.273168044077135	0.224811753902663	0.305417814508724	0.285252525252525	0.564609733700643	0.261726354453627	0.384334251606979	0.27168044077135	0.222956841138659	0.187786960514233	0.264885215794307	0.374325068870524	0.270909090909091	0.355408631772268	0.288337924701561	0.475537190082645	0.302314049586777	0.20455463728191	0.386648301193756	0.265528007346189	0.293351698806244	0.270651974288338	0.152837465564738	0.30277318640955	0.17386593204775	0.356822773186409	0.304132231404959	0.434949494949495	0.328925619834711	0.31267217630854	0.358145087235996	0.229403122130395	0.418457300275482	0.290266299357208	0.195408631772268	0.361836547291093	0.286905417814509	0.393241505968778	0.384315886134068	0.342001836547291	0.294490358126722	0.214031221303948	0.193149678604224	0.337851239669421	0.267584940312213	0.18257116620753	0.315224977043159	0.387033976124885	0.394196510560147	0	0.393002754820937	0.341707988980717	0.35900826446281	0.232506887052342	0.367621671258035	0.144738292011019	0.292947658402204	0.268668503213958	0.382442607897153	0.0891460055096419	0.384701561065197	0.258989898989899	0.236804407713499	0.298475665748393	0.290964187327824	0.418181818181818	0.308062442607897	0.367235996326905	0.452488521579431	0.362038567493113	0.417704315886134	0.380936639118457	0.323930211202938	0.427878787878788	0.414729109274564	0.395775941230487	0.318898071625344	0.395831037649219	0.406685032139578	0.460752984389348	0.374343434343434	0.226960514233242	0.36257116620753	0.363948576675849
GCDF193	0.225711662075298	0.32692378328742	0.0805876951331496	0.0629935720844812	0.445895316804408	0.202038567493113	0.0842240587695133	0.425050505050505	0.157685950413223	0.0363269054178145	0.339320477502296	0.386905417814509	0.645289256198347	0.0661524334251607	0.364040404040404	0.0358861340679522	0.423526170798898	0.145858585858586	0.117483930211203	0.361799816345271	0.326574839302112	0.0714600550964187	0.428741965105601	0.412653810835629	0.735169880624426	0.421028466483012	0.774931129476584	0.116657483930211	0.351845730027548	0.115555555555556	0.365528007346189	0.0289623507805326	0.0482460973370064	0.0908539944903581	0.237979797979798	0.196510560146924	0.187823691460055	0.188576675849403	0.247254361799816	0.26236914600551	0.286483011937557	0.616951331496786	0.0921946740128558	0.116657483930211	0.583838383838384	0.314931129476584	0.0333700642791552	0.287162534435262	0.258549127640037	0.208980716253443	0.133700642791552	0.0340495867768595	0.124224058769513	0.382295684113866	0.12257116620753	0.089862258953168	0.0916069788797062	0.1944536271809	0.0339761248852158	0.316271808999082	0.106776859504132	0.126960514233242	0.31742883379247	0.0951331496786042	0.22137741046832	0.0673829201101928	0.0950964187327824	0.0500459136822773	0.0667217630853995	0.400091827364555	0.0475849403122131	0.16811753902663	0.0390082644628099	0.105307621671258	0.19979797979798	0.156932966023875	0.112341597796143	0.122405876951331	0.134949494949495	0.0575206611570248	0.10020202020202	0.371000918273646	0.238310376492195	0.119559228650138	0.260918273645546	0.212855831037649	0.0871625344352617	0.0320844811753903	0.0311845730027548	0.393002754820937	0	0.0750964187327824	0.0455280073461892	0.164040404040404	0.0574288337924702	0.251515151515151	0.684407713498623	0.129348025711662	0.0343434343434343	0.38931129476584	0.0461891643709825	0.386703397612488	0.160606060606061	0.690523415977961	0.108503213957759	0.0402387511478421	0.0891827364554638	0.10058769513315	0.0662442607897153	0.043544536271809	0.0396694214876033	0.0482644628099174	0.210376492194674	0.0476216712580349	0.0371717171717172	0.0416528925619835	0.124609733700643	0.0305234159779614	0.0330211202938476	0.0723048668503214	0.0456932966023875	0.175463728191001	0.0439302112029385	0.0487786960514233
GCDF195	0.173976124885216	0.275775941230487	0.0470339761248852	0.0431588613406795	0.418457300275482	0.149862258953168	0.0405325987144169	0.369862258953168	0.103415977961433	0.0767493112947658	0.288448117539027	0.33603305785124	0.645032139577594	0.0448484848484849	0.313314967860422	0.0898255280073462	0.372745638200184	0.0980532598714417	0.0697887970615243	0.308135904499541	0.274582185491276	0.0502846648301194	0.377979797979798	0.36178145087236	0.735078053259872	0.369237832874197	0.774931129476584	0.0692011019283746	0.30078971533517	0.0658769513314968	0.361285583103765	0.0879155188246097	0.0485950413223141	0.0461707988980716	0.184664830119376	0.143783287419651	0.136969696969697	0.157943067033976	0.196308539944904	0.207474747474747	0.235775941230487	0.566244260789715	0.0501010101010101	0.0696602387511478	0.565270890725436	0.263342516069789	0.0693296602387512	0.236455463728191	0.208356290174472	0.158732782369146	0.0857667584940312	0.0656749311294766	0.0762167125803489	0.340826446280992	0.0749678604224059	0.15267217630854	0.0506703397612489	0.143783287419651	0.0630670339761249	0.265583103764922	0.0612488521579431	0.0787144168962351	0.26613406795225	0.0573553719008265	0.168943985307622	0.0566391184573003	0.0543434343434343	0.109641873278237	0.0563820018365473	0.349182736455464	0.0510192837465565	0.116804407713499	0.101010101010101	0.0584940312213039	0.149035812672176	0.125840220385675	0.0672543617998164	0.114196510560147	0.121359044995409	0.0422405876951331	0.056951331496786	0.319375573921028	0.187474747474747	0.0794306703397613	0.210229568411387	0.160091827364555	0.045821854912764	0.0698989898989899	0.0812121212121212	0.341707988980717	0.0750964187327824	0	0.0541414141414142	0.113700642791552	0.0575941230486685	0.201010101010101	0.632929292929293	0.0805693296602387	0.0658769513314968	0.338604224058769	0.0669788797061524	0.335408631772268	0.109219467401286	0.639779614325069	0.0614141414141414	0.0971166207529844	0.0454912764003673	0.080238751147842	0.131717171717172	0.0489807162534435	0.10058769513315	0.0670707070707071	0.161707988980716	0.11228650137741	0.0959595959595959	0.0770064279155188	0.077704315886134	0.0768411386593205	0.0862075298438935	0.137832874196511	0.0565105601469238	0.124646464646465	0.0465197428833793	0.0438383838383839
GCDF198	0.192157943067034	0.292580348943985	0.0506887052341598	0.0374104683195592	0.423691460055097	0.169403122130395	0.0560514233241506	0.393443526170799	0.127823691460055	0.0520110192837466	0.304628099173554	0.351808999081726	0.646042240587695	0.0414325068870523	0.328227731864095	0.0561983471074381	0.388870523415978	0.114012855831038	0.0854361799816345	0.32989898989899	0.293241505968779	0.0513131313131313	0.392837465564738	0.37722681359045	0.73584940312213	0.3877318640955	0.775280073461892	0.0830853994490358	0.317208448117539	0.0836179981634527	0.365234159779614	0.0526170798898071	0.038989898989899	0.0620018365472911	0.205270890725436	0.164297520661157	0.153186409550046	0.163342516069789	0.212929292929293	0.230762167125803	0.249880624426079	0.580348943985308	0.0600550964187328	0.0829935720844812	0.567640036730946	0.281873278236915	0.0368778696051423	0.250560146923783	0.223379247015611	0.173608815426997	0.100495867768595	0.0338475665748393	0.0909825528007346	0.350321395775941	0.089623507805326	0.122350780532599	0.0593572084481175	0.157851239669422	0.0434159779614325	0.279706152433425	0.0737557392102847	0.0906519742883379	0.28376492194674	0.0608999081726355	0.189660238751148	0.0487786960514233	0.0621303948576676	0.0800734618916437	0.0422405876951331	0.365307621671258	0.0322681359044995	0.137061524334252	0.0637098255280074	0.0740679522497704	0.164224058769513	0.132176308539945	0.0777594123048668	0.116455463728191	0.126317722681359	0.0348393021120294	0.0678236914600551	0.337134986225895	0.202626262626263	0.0894214876033058	0.224279155188246	0.180642791551882	0.0604040404040404	0.0410651974288338	0.0469972451790633	0.35900826446281	0.0455280073461892	0.0541414141414142	0	0.129329660238751	0.0448852157943067	0.216106519742883	0.650119375573921	0.0945638200183655	0.0360146923783288	0.35366391184573	0.0464462809917355	0.352837465564738	0.129531680440771	0.654618916437098	0.0798530762167126	0.0635078053259872	0.0590449954086318	0.0809550045913682	0.0950780532598714	0.0313314967860422	0.0651974288337925	0.048356290174472	0.175280073461892	0.0744719926538108	0.0620936639118457	0.0517355371900826	0.0937924701561065	0.0446648301193756	0.0532047750229569	0.103232323232323	0.0373737373737374	0.142828282828283	0.0334802571166208	0.0366391184573003
GCDF199	0.067346189164371	0.168888888888889	0.0915151515151516	0.110449954086318	0.41763085399449	0.047842056932966	0.0934618916437098	0.307566574839302	0.0370982552800735	0.167144168962351	0.178145087235996	0.242295684113866	0.646115702479339	0.104187327823692	0.201505968778696	0.177061524334251	0.262736455463728	0.0363452708907254	0.0523232323232323	0.203617998163453	0.166776859504132	0.126850321395776	0.266078971533517	0.282424242424242	0.73603305785124	0.261230486685032	0.775390266299357	0.05544536271809	0.191111111111111	0.0575941230486685	0.365619834710744	0.174325068870523	0.135482093663912	0.0838200183654729	0.0805325987144169	0.0449219467401286	0.0377043158861341	0.164370982552801	0.0874196510560147	0.104499540863177	0.162938475665748	0.453516988062443	0.0780348943985307	0.0642424242424243	0.564811753902663	0.188135904499541	0.153737373737374	0.161450872359963	0.102938475665748	0.0514600550964188	0.042038567493113	0.146042240587695	0.0543985307621671	0.331753902662994	0.0727089072543618	0.246721763085399	0.0803122130394858	0.0430119375573921	0.158089990817264	0.185325987144169	0.0624793388429752	0.0484664830119376	0.157263544536272	0.0768962350780533	0.0677318640955005	0.130358126721763	0.0766391184573003	0.205785123966942	0.112892561983471	0.295922865013774	0.127070707070707	0.0333884297520661	0.186262626262626	0.0647199265381084	0.0415610651974289	0.149935720844812	0.0616528925619835	0.163140495867769	0.160091827364555	0.111698806244261	0.0707621671258035	0.213333333333333	0.0779247015610652	0.12376492194674	0.132855831037649	0.0557392102846648	0.0858953168044077	0.155390266299357	0.16574839302112	0.232506887052342	0.164040404040404	0.113700642791552	0.129329660238751	0	0.137392102846648	0.090119375573921	0.523617998163453	0.0450872359963269	0.151643709825528	0.227107438016529	0.154159779614325	0.244738292011019	0.034692378328742	0.527860422405877	0.0620569329660239	0.18613406795225	0.0834894398530762	0.139577594123049	0.220275482093664	0.132011019283747	0.187750229568411	0.149384756657484	0.140532598714417	0.196510560146924	0.183691460055096	0.164242424242424	0.0918640955004592	0.164058769513315	0.17465564738292	0.229641873278237	0.142479338842975	0.0371533516988062	0.132433425160698	0.135280073461892
GCDF200	0.200881542699725	0.285050505050505	0.0573002754820936	0.0492929292929293	0.410523415977961	0.174894398530762	0.0632690541781451	0.385656565656566	0.134600550964187	0.0598163452708907	0.313314967860422	0.344224058769513	0.62931129476584	0.049127640036731	0.337134986225895	0.0669605142332415	0.38119375573921	0.120091827364555	0.0929292929292929	0.338512396694215	0.30139577594123	0.0542332415059688	0.401763085399449	0.36969696969697	0.71921028466483	0.380055096418733	0.758879706152434	0.0910560146923783	0.325987144168962	0.0901744719926538	0.348576675849403	0.0664279155188246	0.0438934802571166	0.0689807162534435	0.213516988062443	0.173057851239669	0.162020202020202	0.150247933884297	0.221542699724518	0.239357208448118	0.242589531680441	0.589439853076217	0.0671258034894398	0.0918640955004591	0.554104683195592	0.274214876033058	0.0496051423324151	0.243269054178145	0.215867768595041	0.181965105601469	0.10732782369146	0.0495133149678604	0.100146923783287	0.34058769513315	0.0991368227731864	0.135022956841139	0.0692194674012856	0.166942148760331	0.050633608815427	0.270762167125804	0.0811386593204775	0.0997245179063361	0.276179981634527	0.0714600550964188	0.198181818181818	0.0398714416896235	0.0700091827364555	0.0903581267217631	0.0607346189164371	0.357685950413223	0.0432139577594123	0.144426078971534	0.0773002754820937	0.082791551882461	0.173186409550046	0.119908172635445	0.0862809917355372	0.0979430670339761	0.108172635445363	0.0430670339761249	0.076694214876033	0.329476584022039	0.195224977043159	0.0799449035812672	0.217006427915519	0.189256198347107	0.0647382920110193	0.0489439853076217	0.0606611570247934	0.367621671258035	0.0574288337924702	0.0575941230486685	0.0448852157943067	0.137392102846648	0	0.224866850321396	0.658824609733701	0.102607897153352	0.0482828282828283	0.346189164370983	0.0409182736455464	0.345123966942149	0.136198347107438	0.663599632690542	0.0850872359963269	0.0711111111111112	0.06732782369146	0.06732782369146	0.10712580348944	0.0398163452708907	0.0783654729109275	0.0355004591368228	0.172635445362718	0.0878971533516988	0.0686317722681359	0.0474747474747475	0.0838751147842057	0.0557759412304867	0.0628282828282828	0.114361799816345	0.0410284664830119	0.145270890725436	0.0377043158861341	0.0391919191919192
GCDF203	0.0466115702479339	0.145785123966942	0.177557392102847	0.19465564738292	0.417447199265381	0.0601469237832874	0.180018365472911	0.306887052341598	0.106648301193756	0.255206611570248	0.0917906336088154	0.23465564738292	0.645785123966942	0.190321395775941	0.114380165289256	0.26534435261708	0.215518824609734	0.110284664830119	0.136565656565657	0.117098255280073	0.0793204775022957	0.214508723599633	0.178292011019284	0.281303948576676	0.735922865013774	0.186409550045914	0.775298438934803	0.137906336088154	0.10534435261708	0.142020202020202	0.366960514233242	0.262479338842975	0.223103764921947	0.169715335169881	0.035959595959596	0.0647015610651974	0.0735537190082645	0.224095500459137	0.029880624426079	0.0317539026629936	0.168686868686869	0.365840220385675	0.16317722681359	0.14376492194674	0.564848484848485	0.188301193755739	0.241634527089073	0.165803489439853	0.100752984389348	0.050376492194674	0.122056932966024	0.232525252525253	0.131772268135905	0.331790633608815	0.148962350780533	0.334802571166207	0.161542699724518	0.0698071625344353	0.246207529843893	0.187052341597796	0.149550045913682	0.127640036730946	0.0870156106519743	0.159504132231405	0.0414325068870524	0.21524334251607	0.161028466483012	0.29404958677686	0.189752066115702	0.296198347107438	0.214527089072544	0.0886134067952249	0.274618916437098	0.149054178145087	0.0567309458218549	0.222093663911846	0.143379247015611	0.249403122130395	0.242112029384757	0.199540863177227	0.152910927456382	0.187621671258035	0.0636730945821855	0.19939393939394	0.145160697887971	0.050394857667585	0.173535353535354	0.243507805325987	0.252396694214876	0.144738292011019	0.251515151515151	0.201010101010101	0.216106519742883	0.090119375573921	0.224866850321396	0	0.435757575757576	0.125234159779614	0.239540863177227	0.13959595959596	0.242075298438935	0.240716253443526	0.0958494031221304	0.440257116620753	0.149201101928375	0.27465564738292	0.167621671258035	0.223856749311295	0.308650137741047	0.219816345270891	0.275206611570248	0.237557392102847	0.187199265381084	0.284701561065198	0.272066115702479	0.252433425160698	0.175629017447199	0.252415059687787	0.263287419651056	0.317998163452709	0.230725436179982	0.0850137741046832	0.220293847566575	0.223471074380165
GCDF204	0.460238751147842	0.4978145087236	0.611441689623508	0.62633608815427	0.658934802571166	0.488337924701561	0.611606978879706	0.560165289256198	0.53821854912764	0.687364554637281	0.348135904499541	0.531955922865014	0.740936639118457	0.623673094582186	0.322920110192838	0.699761248852158	0.475078053259871	0.544462809917355	0.569825528007346	0.330596877869605	0.362314049586777	0.646997245179063	0.25900826446281	0.552837465564739	0.766464646464647	0.438989898989899	0.780661157024793	0.571937557392103	0.334563820018365	0.574563820018365	0.699100091827364	0.695224977043159	0.654967860422406	0.60157943067034	0.450541781450873	0.490762167125804	0.499155188246097	0.657373737373737	0.438494031221304	0.430247933884298	0.564279155188246	0.0717171717171717	0.596547291092746	0.576363636363636	0.673204775022957	0.552782369146005	0.675518824609734	0.562350780532598	0.513682277318641	0.478898071625345	0.555977961432507	0.66534435261708	0.562277318640955	0.636473829201102	0.579430670339761	0.76674012855831	0.593443526170799	0.495665748393021	0.67801652892562	0.556069788797062	0.584462809917355	0.561763085399449	0.443269054178145	0.593884297520661	0.465087235996327	0.647786960514233	0.595298438934803	0.726170798898071	0.620183654729109	0.579228650137741	0.649237832874197	0.520569329660239	0.709568411386593	0.58119375573921	0.486648301193755	0.652929292929293	0.57801652892562	0.68435261707989	0.675261707988981	0.633112947658402	0.58573002754821	0.498475665748393	0.484389348025711	0.628943985307622	0.558696051423324	0.473921028466483	0.606427915518825	0.678163452708907	0.685362718089991	0.292947658402204	0.684407713498623	0.632929292929293	0.650119375573921	0.523617998163453	0.658824609733701	0.435757575757576	0	0.559779614325069	0.673516988062443	0.366189164370983	0.675886134067952	0.535739210284665	0.528025711662075	0.0215426997245179	0.582056932966024	0.70929292929293	0.599320477502296	0.658328741965106	0.743599632690542	0.65307621671258	0.708962350780533	0.672029384756657	0.61504132231405	0.719063360881543	0.706005509641873	0.687033976124885	0.610064279155188	0.686978879706152	0.697832874196511	0.751937557392103	0.665454545454545	0.517924701561065	0.653572084481176	0.655298438934802
GCDF205	0.102075298438935	0.202497704315886	0.0564738292011019	0.0766574839302112	0.418530762167126	0.0815977961432507	0.061267217630854	0.314508723599633	0.0499357208448118	0.13307621671258	0.214159779614325	0.262130394857668	0.646758494031221	0.0700091827364555	0.237006427915519	0.141671258034894	0.298145087235996	0.0391919191919192	0.0304315886134068	0.239853076216713	0.203030303030303	0.0928191000918274	0.301561065197429	0.294784205693297	0.736694214876033	0.297392102846648	0.775739210284665	0.0321028466483012	0.226813590449954	0.033168044077135	0.366905417814509	0.140165289256198	0.101469237832874	0.0527823691460055	0.115996326905418	0.0752800734618916	0.0641505968778696	0.159302112029385	0.122662993572084	0.140679522497704	0.169384756657484	0.488301193755739	0.0454729109274564	0.0381634527089072	0.565123966942149	0.199118457300275	0.118732782369146	0.167988980716253	0.132745638200184	0.0837649219467401	0.0319375573921028	0.112745638200184	0.0354086317722682	0.332304866850321	0.0467768595041322	0.212011019283747	0.0479706152433425	0.0672543617998164	0.123636363636364	0.196216712580349	0.0335537190082645	0.0287419651056015	0.193425160697888	0.0437832874196511	0.102516069788797	0.096198347107438	0.0448668503213958	0.170982552800735	0.0809366391184573	0.298769513314968	0.0924334251606979	0.0545638200183655	0.150266299357208	0.0379063360881543	0.0740312213039486	0.133553719008264	0.0319191919191919	0.138034894398531	0.141046831955923	0.0773370064279156	0.0398347107438016	0.24712580348944	0.111955922865014	0.0941414141414141	0.142479338842975	0.0908172635445362	0.0526905417814509	0.11941230486685	0.131349862258953	0.268668503213958	0.129348025711662	0.0805693296602387	0.0945638200183655	0.0450872359963269	0.102607897153352	0.125234159779614	0.559779614325069	0	0.116510560146924	0.262552800734619	0.11900826446281	0.26593204775023	0.047346189164371	0.563415977961433	0.0381267217630854	0.150358126721763	0.05089072543618	0.105968778696051	0.184095500459137	0.0975390266299358	0.152249770431589	0.113921028466483	0.137741046831956	0.161267217630854	0.148558310376492	0.12811753902663	0.0731313131313131	0.128576675849403	0.139063360881543	0.1944536271809	0.106942148760331	0.0614325068870524	0.0972451790633609	0.100679522497704
GCDF206	0.215408631772268	0.315904499540863	0.0687419651056015	0.0548943985307622	0.437263544536272	0.192451790633609	0.0750413223140496	0.416749311294766	0.149072543617998	0.038475665748393	0.328062442607897	0.375224977043159	0.645638200183655	0.0548576675849403	0.351735537190083	0.0390082644628099	0.412194674012856	0.133516988062443	0.106280991735537	0.353186409550046	0.316492194674013	0.0609366391184573	0.416418732782369	0.400606060606061	0.735592286501378	0.41089072543618	0.775151515151515	0.104444444444444	0.340661157024793	0.103415977961433	0.366317722681359	0.0339577594123049	0.0420385674931129	0.0813039485766758	0.228191000918274	0.187603305785124	0.176547291092746	0.176345270890725	0.236179981634527	0.25406795224977	0.27366391184573	0.604132231404959	0.0793388429752066	0.105436179981635	0.575335169880624	0.305234159779614	0.0310560146923783	0.274343434343434	0.246831955922865	0.196547291092746	0.121010101010101	0.0288154269972452	0.114178145087236	0.369917355371901	0.112525252525253	0.0999265381083563	0.0823140495867769	0.181634527089073	0.0338659320477502	0.303526170798898	0.0931129476584022	0.11425160697888	0.306978879706152	0.0826629935720845	0.212525252525252	0.0579430670339761	0.0824793388429752	0.0595224977043159	0.0585858585858586	0.388668503213958	0.0379247015610652	0.158163452708907	0.0441322314049587	0.0951331496786043	0.1877318640955	0.146078971533517	0.0994123048668503	0.116712580348944	0.128576675849403	0.0472176308539945	0.0889807162534436	0.360367309458219	0.226170798898072	0.109678604224059	0.248062442607897	0.20394857667585	0.0763636363636364	0.0308172635445363	0.0327640036730946	0.382442607897153	0.0343434343434343	0.0658769513314968	0.0360146923783288	0.151643709825528	0.0482828282828283	0.239540863177227	0.673516988062443	0.116510560146924	0	0.377043158861341	0.0408448117539027	0.37623507805326	0.15030303030303	0.678181818181818	0.0980532598714417	0.0437832874196511	0.0804040404040404	0.0901744719926538	0.0737373737373737	0.0358126721763085	0.0446464646464647	0.0419283746556474	0.197575757575758	0.0550780532598714	0.0431588613406795	0.0381634527089073	0.111606978879706	0.0315151515151515	0.0356657483930211	0.0810468319559229	0.0368778696051423	0.163581267217631	0.0349127640036731	0.0406978879706152
GCDF208	0.16732782369146	0.135537190082645	0.315078053259871	0.331735537190083	0.352341597796143	0.190909090909091	0.317355371900826	0.240220385674931	0.24396694214876	0.392764003673094	0.076198347107438	0.184040404040404	0.57722681359045	0.32791551882461	0.0785674931129477	0.403103764921947	0.151955922865014	0.247823691460055	0.274123048668503	0.0774288337924701	0.0843526170798898	0.352102846648301	0.113994490358127	0.221763085399449	0.667144168962351	0.115684113865932	0.706629935720845	0.275280073461892	0.0747658402203856	0.279173553719008	0.341322314049587	0.400110192837466	0.360679522497704	0.307107438016529	0.155684113865932	0.196528925619835	0.204095500459137	0.291441689623508	0.143415977961432	0.136106519742883	0.19860422405877	0.296382001836547	0.300532598714417	0.280661157024793	0.496198347107438	0.191019283746556	0.379375573921029	0.198732782369146	0.151111111111111	0.182020202020202	0.25921028466483	0.370156106519743	0.267346189164371	0.287621671258035	0.284481175390266	0.472378328741965	0.298953168044077	0.198751147842057	0.383783287419651	0.19208448117539	0.287235996326905	0.264536271808999	0.0851606978879706	0.296657483930211	0.170651974288338	0.325215794306704	0.298347107438017	0.431606978879706	0.325472910927456	0.239577594123049	0.352157943067034	0.225693296602387	0.412341597796143	0.286391184573003	0.190211202938476	0.288301193755739	0.28078971533517	0.318604224058769	0.310817263544536	0.337190082644628	0.290174471992654	0.146207529843893	0.152892561983471	0.27465564738292	0.192800734618916	0.179724517906336	0.311111111111111	0.381138659320477	0.389954086317723	0.0891460055096419	0.38931129476584	0.338604224058769	0.35366391184573	0.227107438016529	0.346189164370983	0.13959595959596	0.366189164370983	0.262552800734619	0.377043158861341	0	0.36534435261708	0.188760330578512	0.233039485766759	0.370651974288338	0.286629935720845	0.410964187327824	0.305013774104683	0.297667584940312	0.446372819100092	0.357392102846648	0.412819100091828	0.356565656565657	0.307860422405877	0.42236914600551	0.405105601469238	0.37941230486685	0.27147842056933	0.390027548209366	0.401010101010101	0.455720844811754	0.367346189164371	0.217759412304867	0.357887970615243	0.361046831955923
GCDF209	0.217483930211203	0.303801652892562	0.0707805325987144	0.0606611570247934	0.423305785123967	0.191533516988062	0.0774104683195593	0.404315886134068	0.150192837465565	0.0485399449035813	0.330578512396694	0.363250688705234	0.631074380165289	0.0610651974288338	0.354159779614325	0.052892561983471	0.400183654729109	0.134361799816345	0.108044077134986	0.355114784205693	0.31862258953168	0.0644260789715335	0.418916437098255	0.388870523415978	0.721230486685032	0.398842975206612	0.760734618916437	0.106648301193756	0.343030303030303	0.105215794306703	0.35147842056933	0.0522314049586777	0.0462993572084481	0.0833241505968778	0.230266299357209	0.189586776859504	0.178934802571166	0.164040404040404	0.238567493112948	0.255996326905418	0.261946740128558	0.606776859504132	0.0823691460055096	0.10771349862259	0.562920110192837	0.292966023875115	0.0428099173553719	0.262626262626263	0.234967860422406	0.198916437098255	0.123103764921947	0.0457116620752985	0.116510560146924	0.358126721763086	0.114839302112029	0.11682277318641	0.0848852157943067	0.184279155188246	0.042277318640955	0.291808999081726	0.0947842056932966	0.116786042240588	0.29485766758494	0.0862075298438935	0.214435261707989	0.0499724517906336	0.0855096418732783	0.0685583103764922	0.0694582185491277	0.376749311294766	0.0476216712580349	0.159944903581267	0.0614141414141414	0.0969329660238751	0.190247933884297	0.133700642791552	0.101910009182737	0.100844811753903	0.112984389348026	0.0528741965105601	0.0916253443526171	0.348062442607897	0.214416896235078	0.0979430670339761	0.236345270890725	0.205895316804408	0.0764003673094582	0.0415610651974288	0.0504683195592286	0.384701561065197	0.0461891643709825	0.0669788797061524	0.0464462809917355	0.154159779614325	0.0409182736455464	0.242075298438935	0.675886134067952	0.11900826446281	0.0408448117539027	0.36534435261708	0	0.363930211202938	0.152451790633609	0.680716253443526	0.0975941230486685	0.0536455463728191	0.0829568411386593	0.0782736455463728	0.0884848484848485	0.0433425160697888	0.062791551882461	0.0365105601469238	0.19089072543618	0.071643709825528	0.0512580348943985	0.0376859504132231	0.0987878787878788	0.0413223140495868	0.0457851239669421	0.0923048668503214	0.0401652892561984	0.160165289256198	0.0409917355371901	0.0433976124885216
GCDF210	0.240165289256198	0.101928374655647	0.314178145087236	0.328833792470156	0.182607897153352	0.235114784205693	0.314086317722681	0.0776308539944903	0.2489072543618	0.389935720844812	0.242497704315886	0.0385674931129477	0.408209366391184	0.32633608815427	0.249458218549128	0.402460973370064	0.070633608815427	0.253627180899908	0.27425160697888	0.243158861340679	0.243011937557392	0.349586776859504	0.283617998163453	0.0567860422405877	0.498292011019283	0.104738292011019	0.53801652892562	0.276620752984389	0.242552800734619	0.277594123048668	0.169843893480257	0.397906336088154	0.357447199265381	0.304095500459137	0.237979797979798	0.237410468319559	0.239761248852158	0.203801652892562	0.239357208448117	0.237245179063361	0.105803489439853	0.46791551882461	0.299375573921029	0.279302112029385	0.327640036730946	0.0756290174471993	0.378255280073462	0.10692378328742	0.164205693296602	0.241285583103765	0.261524334251607	0.368227731864096	0.267235996326905	0.11544536271809	0.282314049586777	0.469274563820019	0.296051423324151	0.243617998163453	0.380495867768595	0.0811753902662994	0.287401285583104	0.266409550045914	0.166978879706152	0.2966391184573	0.237153351698806	0.323011937557392	0.298034894398531	0.428686868686869	0.322828282828283	0.0683930211202939	0.351974288337925	0.240844811753903	0.412323232323232	0.284297520661157	0.240073461891644	0.232910927456382	0.281138659320478	0.282277318640955	0.261836547291093	0.335775941230487	0.288448117539027	0.0663728191000918	0.205013774104683	0.269219467401286	0.133112947658402	0.237373737373737	0.309090909090909	0.380863177226814	0.387842056932966	0.258989898989899	0.386703397612488	0.335408631772268	0.352837465564738	0.244738292011019	0.345123966942149	0.240716253443526	0.535739210284665	0.26593204775023	0.37623507805326	0.188760330578512	0.363930211202938	0	0.242552800734619	0.541542699724518	0.284683195592286	0.41068870523416	0.301873278236915	0.292635445362718	0.446354453627181	0.355629017447199	0.411551882460974	0.356088154269972	0.307988980716253	0.421763085399449	0.404150596877869	0.37900826446281	0.270707070707071	0.389641873278237	0.400514233241506	0.454637281910009	0.366997245179063	0.238163452708907	0.356088154269972	0.3578145087236
GCDF212	0.0728191000918274	0.172066115702479	0.091386593204775	0.10752984389348	0.416326905417815	0.0505417814508724	0.0905234159779615	0.302883379247016	0.0372635445362718	0.163213957759412	0.183140495867769	0.24356290174472	0.645087235996327	0.102405876951332	0.207640036730946	0.176198347107438	0.267621671258035	0.0373186409550046	0.0517355371900826	0.205840220385675	0.170174471992654	0.124279155188246	0.272323232323232	0.281891643709826	0.735188246097337	0.264628099173554	0.774931129476584	0.0561248852157943	0.195371900826446	0.0559779614325069	0.362552800734619	0.17188246097337	0.13147842056933	0.079485766758494	0.0833425160697888	0.0481726354453627	0.044811753902663	0.165436179981635	0.0920110192837465	0.106372819100092	0.163195592286501	0.460550964187328	0.0788980716253443	0.0636179981634527	0.564591368227732	0.18475665748393	0.152892561983471	0.161836547291093	0.106703397612489	0.0575206611570248	0.044811753902663	0.145289256198347	0.0550780532598714	0.33129476584022	0.0725987144168962	0.242112029384757	0.0787695133149679	0.0503030303030303	0.153039485766759	0.186317722681359	0.0639302112029385	0.0517171717171717	0.161267217630854	0.078989898989899	0.0694214876033058	0.127970615243342	0.0773737373737374	0.201212121212121	0.111919191919192	0.294012855831038	0.128282828282828	0.0303213957759412	0.186427915518825	0.062791551882461	0.0485583103764922	0.150725436179982	0.0634894398530762	0.163048668503214	0.158585858585859	0.111184573002755	0.0689072543617998	0.215904499540863	0.0830670339761249	0.122405876951331	0.133682277318641	0.058989898989899	0.0829384756657484	0.155610651974288	0.163122130394858	0.236804407713499	0.160606060606061	0.109219467401286	0.129531680440771	0.034692378328742	0.136198347107438	0.0958494031221304	0.528025711662075	0.047346189164371	0.15030303030303	0.233039485766759	0.152451790633609	0.242552800734619	0	0.534141414141414	0.0611570247933884	0.185674931129477	0.0797061524334252	0.140312213039486	0.22020202020202	0.129843893480257	0.185674931129476	0.149366391184573	0.140716253443526	0.195977961432507	0.182662993572084	0.163397612488522	0.0917355371900827	0.163673094582185	0.174178145087236	0.228044077134986	0.141928374655647	0.0366023875114784	0.130174471992654	0.130156106519743
GCDF214	0.466354453627181	0.503489439853076	0.616198347107438	0.632929292929293	0.663581267217631	0.494839302112029	0.618567493112948	0.567144168962351	0.545179063360882	0.693976124885216	0.353443526170799	0.536804407713498	0.744793388429752	0.629072543617998	0.327180899908173	0.704040404040404	0.480238751147842	0.548815426997245	0.575078053259871	0.337557392102847	0.368484848484848	0.653296602387511	0.263305785123967	0.557722681359045	0.768962350780533	0.445050505050505	0.781616161616162	0.57625344352617	0.340091827364555	0.580091827364555	0.704995408631772	0.7011753902663	0.661891643709826	0.608282828282828	0.456804407713499	0.497483930211203	0.504628099173554	0.661010101010101	0.444132231404959	0.43722681359045	0.56791551882461	0.0751147842056933	0.601487603305785	0.581726354453627	0.676951331496786	0.559228650137741	0.680018365472911	0.565987144168962	0.518053259871442	0.482883379247016	0.560055096418733	0.67127640036731	0.568393021120294	0.640550964187328	0.585601469237833	0.773590449954086	0.600146923783288	0.499302112029385	0.684995408631772	0.559816345270891	0.588099173553719	0.565399449035813	0.44910927456382	0.597520661157025	0.471864095500459	0.65346189164371	0.599320477502296	0.732837465564738	0.626648301193756	0.584481175390266	0.653149678604224	0.526887052341598	0.713204775022957	0.587566574839302	0.491239669421488	0.657998163452709	0.581652892561983	0.687988980716254	0.680716253443526	0.638126721763085	0.591313131313131	0.504426078971533	0.488778696051423	0.635280073461892	0.562332415059688	0.480661157024793	0.6122681359045	0.682038567493113	0.6910927456382	0.298475665748393	0.690523415977961	0.639779614325069	0.654618916437098	0.527860422405877	0.663599632690542	0.440257116620753	0.0215426997245179	0.563415977961433	0.678181818181818	0.370651974288338	0.680716253443526	0.541542699724518	0.534141414141414	0	0.587842056932966	0.713186409550046	0.606225895316804	0.662258953168044	0.747235996326905	0.658567493112948	0.713682277318641	0.67605142332415	0.618677685950413	0.723195592286501	0.710596877869605	0.691056014692378	0.614471992653811	0.6910927456382	0.701910009182736	0.756694214876033	0.669458218549128	0.523250688705234	0.659081726354454	0.662258953168044
GCDF216	0.123654729109275	0.22475665748393	0.0444077134986226	0.0634710743801653	0.416547291092746	0.100348943985308	0.0462442607897154	0.325068870523416	0.0580716253443526	0.112194674012856	0.236932966023875	0.284573002754821	0.645105601469238	0.0561799816345271	0.261267217630854	0.121854912764004	0.321175390266299	0.0477869605142332	0.0325436179981635	0.26058769513315	0.224701561065197	0.0753351698806244	0.325987144168962	0.311533516988062	0.735169880624426	0.318989898989899	0.775004591368228	0.0349127640036731	0.249421487603306	0.0325252525252525	0.363103764921947	0.120110192837466	0.0807346189164371	0.0388980716253444	0.136069788797062	0.0953535353535354	0.0860789715335169	0.157006427915519	0.144830119375574	0.161322314049587	0.185050505050505	0.51406795224977	0.0373186409550046	0.0399265381083563	0.564628099173554	0.213682277318641	0.100293847566575	0.185785123966942	0.156326905417814	0.106317722681359	0.0388246097337006	0.0978879706152433	0.0436363636363636	0.331331496786042	0.0470339761248852	0.188962350780533	0.0417079889807162	0.0930394857667585	0.101175390266299	0.214141414141414	0.0275665748393021	0.0409182736455464	0.215371900826446	0.0412304866850321	0.120348943985308	0.0842791551882461	0.0376492194674013	0.14574839302112	0.0747474747474747	0.304462809917355	0.0775757575757576	0.0675482093663912	0.133829201101928	0.0293112947658402	0.0970982552800735	0.128613406795225	0.0365105601469238	0.122791551882461	0.126115702479339	0.0611753902662994	0.0362350780532599	0.268797061524334	0.13564738292011	0.0873829201101928	0.159504132231405	0.111551882460973	0.0343434343434343	0.101652892561983	0.1144536271809	0.290964187327824	0.108503213957759	0.0614141414141414	0.0798530762167126	0.0620569329660239	0.0850872359963269	0.149201101928375	0.582056932966024	0.0381267217630854	0.0980532598714417	0.286629935720845	0.0975941230486685	0.284683195592286	0.0611570247933884	0.587842056932966	0	0.130266299357208	0.0407162534435262	0.0970615243342516	0.165013774104683	0.0784205693296603	0.133608815426997	0.0951331496786042	0.138089990817264	0.143213957759412	0.128778696051423	0.109146005509642	0.0587144168962351	0.108962350780533	0.117943067033976	0.171386593204775	0.0872543617998163	0.0730394857667585	0.0761248852157943	0.0777594123048668
GCDF218	0.251331496786042	0.350413223140496	0.101524334251607	0.0879706152433425	0.46613406795225	0.22732782369146	0.11010101010101	0.45147842056933	0.18396694214876	0.0452157943067034	0.363691460055096	0.409164370982553	0.645583103764922	0.0876216712580349	0.386721763085399	0.0313314967860423	0.44633608815427	0.165730027548209	0.140642791551882	0.389256198347107	0.352488521579431	0.0942699724517907	0.451313131313131	0.434802571166207	0.734986225895317	0.445564738292011	0.774196510560147	0.138181818181818	0.376345270890725	0.137594123048669	0.377006427915519	0.0332598714416896	0.068613406795225	0.115261707988981	0.264058769513315	0.223691460055096	0.212249770431589	0.207640036730946	0.271845730027548	0.290137741046832	0.3067217630854	0.638530762167126	0.113370064279155	0.140716253443526	0.60060606060606	0.339908172635445	0.0446464646464647	0.307401285583104	0.280569329660239	0.230964187327824	0.155078053259871	0.0524334251606979	0.149770431588613	0.403250688705234	0.148374655647383	0.0808264462809917	0.118328741965106	0.21603305785124	0.0518273645546373	0.336730945821855	0.125656565656566	0.148246097337006	0.341616161616161	0.116216712580349	0.248503213957759	0.0896418732782369	0.116455463728191	0.03366391184573	0.0927823691460055	0.42297520661157	0.065050505050505	0.193682277318641	0.0313498622589532	0.130523415977961	0.223103764921947	0.17860422405877	0.133351698806244	0.130835629017447	0.150909090909091	0.0776675849403122	0.124517906336088	0.394894398530762	0.260018365472911	0.144242424242424	0.281120293847567	0.240018365472911	0.106446280991736	0.041763085399449	0.0412304866850322	0.418181818181818	0.0402387511478421	0.0971166207529844	0.0635078053259872	0.18613406795225	0.0711111111111112	0.27465564738292	0.70929292929293	0.150358126721763	0.0437832874196511	0.410964187327824	0.0536455463728191	0.41068870523416	0.185674931129477	0.713186409550046	0.130266299357208	0	0.115941230486685	0.118898071625344	0.0474563820018366	0.0611019283746557	0.0369329660238751	0.0592102846648302	0.230615243342516	0.0417263544536272	0.0299908172635445	0.0436363636363636	0.142442607897153	0.0346189164370983	0.029862258953168	0.0502295684113866	0.051900826446281	0.195555555555555	0.0598530762167125	0.0711294765840221
GCDF221	0.140532598714417	0.242093663911846	0.0332966023875115	0.0357759412304867	0.416198347107438	0.116877869605142	0.0259136822773186	0.337006427915519	0.076951331496786	0.0911478420569329	0.254820936639118	0.302479338842975	0.645013774104683	0.0362167125803489	0.279761248852158	0.10653810835629	0.339173553719008	0.0730394857667585	0.0435629017447199	0.274380165289256	0.241120293847567	0.0566574839302112	0.344407713498623	0.328209366391185	0.735078053259872	0.335463728191001	0.774931129476584	0.040495867768595	0.267107438016529	0.0415059687786961	0.361157024793388	0.100716253443526	0.057704315886134	0.0280808080808081	0.153223140495868	0.110431588613407	0.103324150596878	0.158034894398531	0.162828282828283	0.174269972451791	0.202222222222222	0.532690541781451	0.0278236914600551	0.039228650137741	0.564591368227732	0.229641873278237	0.0823875114784206	0.202993572084481	0.174802571166208	0.126960514233242	0.0570615243342516	0.0735537190082644	0.0419834710743801	0.331423324150597	0.0428099173553719	0.169182736455464	0.0186960514233242	0.110266299357208	0.0788797061524334	0.2322681359045	0.0365840220385675	0.0462075298438935	0.232323232323232	0.0287603305785124	0.136492194674013	0.0597061524334252	0.0307070707070707	0.12931129476584	0.0419651056014692	0.316932966023875	0.0588246097337006	0.0891643709825528	0.116528925619835	0.0304683195592286	0.115684113865932	0.123269054178145	0.0364003673094582	0.126005509641873	0.129054178145087	0.0428282828282828	0.0282093663911846	0.28573002754821	0.153902662993572	0.0674931129476584	0.17702479338843	0.126299357208448	0.0325987144168962	0.0851423324150597	0.0923415977961433	0.308062442607897	0.0891827364554638	0.0454912764003673	0.0590449954086318	0.0834894398530762	0.06732782369146	0.167621671258035	0.599320477502296	0.05089072543618	0.0804040404040404	0.305013774104683	0.0829568411386593	0.301873278236915	0.0797061524334252	0.606225895316804	0.0407162534435262	0.115941230486685	0	0.0845179063360882	0.150358126721763	0.0601652892561984	0.115977961432507	0.0804958677685951	0.140606060606061	0.125987144168962	0.112690541781451	0.0938659320477502	0.066850321395776	0.0937006427915519	0.104389348025712	0.158163452708907	0.0726905417814509	0.0992102846648301	0.0599449035812672	0.0571166207529844
GCDF223	0.20040404040404	0.23247015610652	0.0803305785123967	0.077979797979798	0.359687786960514	0.175904499540863	0.0825895316804408	0.333443526170799	0.140257116620753	0.103801652892562	0.312855831037649	0.291056014692378	0.577924701561065	0.0772819100091827	0.335757575757576	0.11267217630854	0.328246097337006	0.127878787878788	0.0998163452708908	0.338347107438017	0.30157943067034	0.081267217630854	0.400367309458219	0.316620752984389	0.667878787878788	0.327474747474748	0.707089072543618	0.098971533516988	0.325417814508724	0.0986776859504132	0.298163452708907	0.110743801652893	0.0823140495867768	0.0850137741046832	0.214563820018365	0.172966023875115	0.161836547291093	0.0993755739210284	0.221267217630854	0.239228650137741	0.188558310376492	0.587401285583104	0.0827364554637282	0.100477502295684	0.499963269054178	0.221873278236914	0.0932415059687787	0.189146005509642	0.163930211202938	0.181469237832874	0.112047750229568	0.0895500459136823	0.107033976124885	0.287033976124885	0.105197428833793	0.181524334251607	0.0855463728191001	0.165417814508724	0.0945087235996327	0.218512396694215	0.0918457300275483	0.10415059687787	0.226354453627181	0.0867768595041322	0.199687786960514	0.0577777777777778	0.0870523415977962	0.140348943985308	0.0902112029384756	0.304885215794307	0.0800918273645546	0.149256198347107	0.120697887970615	0.0925987144168962	0.17228650137741	0.0708356290174472	0.094159779614325	0.0567860422405877	0.0668870523415978	0.0749862258953168	0.0895867768595041	0.276841138659321	0.174692378328742	0.0439118457300276	0.162883379247016	0.18910927456382	0.0831221303948576	0.0922681359044996	0.101818181818182	0.367235996326905	0.10058769513315	0.080238751147842	0.0809550045913682	0.139577594123049	0.06732782369146	0.223856749311295	0.658328741965106	0.105968778696051	0.0901744719926538	0.297667584940312	0.0782736455463728	0.292635445362718	0.140312213039486	0.662258953168044	0.0970615243342516	0.118898071625344	0.0845179063360882	0	0.154141414141414	0.0791919191919192	0.123305785123967	0.0700459136822773	0.171441689623508	0.131735537190083	0.11425160697888	0.0888154269972452	0.0669237832874197	0.099742883379247	0.109568411386593	0.163875114784206	0.0819834710743802	0.152121212121212	0.0782369146005509	0.0774104683195592
GCDF226	0.285674931129477	0.386060606060606	0.135665748393021	0.122460973370064	0.501248852157943	0.262662993572084	0.14514233241506	0.487180899908173	0.218494031221304	0.0756290174471993	0.397887970615243	0.44475665748393	0.655977961432507	0.122167125803489	0.420826446280992	0.0540863177226813	0.481965105601469	0.200679522497704	0.174839302112029	0.423617998163453	0.386850321395776	0.128925619834711	0.485381083562902	0.470247933884298	0.737741046831956	0.481212121212121	0.77682277318641	0.172378328741965	0.410596877869605	0.172011019283747	0.407878787878788	0.0518089990817264	0.103526170798898	0.149807162534435	0.29842056932966	0.258034894398531	0.246519742883379	0.24257116620753	0.306115702479339	0.324499540863177	0.341652892561983	0.672121212121212	0.148227731864096	0.174765840220386	0.635206611570248	0.375610651974288	0.072176308539945	0.342332415059688	0.316106519742884	0.264775022956841	0.189164370982553	0.0801285583103765	0.184077134986226	0.438475665748393	0.18277318640955	0.043048668503214	0.152690541781451	0.249623507805326	0.0859871441689624	0.371735537190083	0.159908172635445	0.181891643709825	0.377245179063361	0.149752066115703	0.28297520661157	0.125105601469238	0.15050505050505	0.0443342516069789	0.126189164370983	0.45862258953168	0.0962901744719927	0.228264462809917	0.0402754820936639	0.165123966942149	0.257263544536272	0.214196510560147	0.166942148760331	0.166225895316804	0.185876951331497	0.11247015610652	0.158989898989899	0.430578512396694	0.295390266299357	0.179908172635445	0.316051423324151	0.274380165289256	0.141671258034894	0.0710009182736455	0.061763085399449	0.452488521579431	0.0662442607897153	0.131717171717172	0.0950780532598714	0.220275482093664	0.10712580348944	0.308650137741047	0.743599632690542	0.184095500459137	0.0737373737373737	0.446372819100092	0.0884848484848485	0.446354453627181	0.22020202020202	0.747235996326905	0.165013774104683	0.0474563820018366	0.150358126721763	0.154141414141414	0	0.0945821854912764	0.0417079889807163	0.0944168962350781	0.2655463728191	0.0370247933884298	0.0486317722681359	0.0739944903581267	0.178640955004591	0.063544536271809	0.0560514233241506	0.037208448117539	0.0878236914600551	0.231533516988062	0.0952617079889807	0.106244260789715
GCDF230	0.194802571166207	0.295573921028466	0.0514784205693297	0.036969696969697	0.423875114784206	0.171643709825528	0.0564738292011019	0.395518824609734	0.128650137741047	0.0481359044995409	0.307952249770432	0.355151515151515	0.645399449035813	0.0403122130394858	0.332066115702479	0.0533516988062442	0.392047750229569	0.114398530762167	0.0861524334251607	0.331974288337925	0.29584940312213	0.0485399449035813	0.396694214876033	0.380826446280992	0.735353535353536	0.390174471992654	0.77504132231405	0.08455463728191	0.320367309458219	0.0835996326905418	0.363581267217631	0.0533516988062443	0.0340495867768595	0.0617263544536272	0.207199265381084	0.166501377410468	0.156326905417814	0.163948576675849	0.216014692378329	0.232837465564738	0.25425160697888	0.584719926538108	0.0599081726354454	0.0856565656565657	0.567511478420569	0.284260789715335	0.0373553719008264	0.254931129476584	0.227070707070707	0.176969696969697	0.102203856749311	0.0360881542699725	0.0936271808999082	0.352415059687787	0.091662075298439	0.119889807162534	0.061763085399449	0.162222222222222	0.0395959595959596	0.284040404040404	0.0749127640036731	0.0950780532598714	0.286391184573003	0.0644260789715335	0.191625344352617	0.0458034894398531	0.0645730027548209	0.0755004591368228	0.0465013774104683	0.368448117539027	0.0333516988062443	0.138273645546373	0.0628466483011938	0.076198347107438	0.167933884297521	0.132708907254362	0.0801836547291093	0.112745638200184	0.121799816345271	0.0335353535353535	0.0694214876033058	0.34	0.206372819100092	0.0906887052341597	0.228650137741047	0.182901744719927	0.0570982552800735	0.0390449954086318	0.0469054178145087	0.362038567493113	0.043544536271809	0.0489807162534435	0.0313314967860422	0.132011019283747	0.0398163452708907	0.219816345270891	0.65307621671258	0.0975390266299358	0.0358126721763085	0.357392102846648	0.0433425160697888	0.355629017447199	0.129843893480257	0.658567493112948	0.0784205693296603	0.0611019283746557	0.0601652892561984	0.0791919191919192	0.0945821854912764	0	0.0647015610651974	0.0406244260789715	0.178475665748393	0.0755371900826446	0.0599265381083562	0.0457667584940312	0.0928191000918274	0.040495867768595	0.0500826446280992	0.100220385674931	0.0332231404958678	0.142956841138659	0.0292745638200184	0.0299173553719008
GCDF244	0.250927456382002	0.351423324150597	0.104609733700643	0.0881359044995409	0.467676767676768	0.227842056932966	0.111111111111111	0.452102846648301	0.184370982552801	0.0481910009182737	0.363654729109275	0.410725436179982	0.646225895316804	0.0893480257116621	0.387346189164371	0.0342148760330579	0.447640036730946	0.169733700642792	0.142148760330579	0.388539944903581	0.351900826446281	0.0963452708907255	0.451974288337924	0.43643709825528	0.735482093663912	0.44633608815427	0.775133149678604	0.140257116620753	0.376088154269972	0.139283746556474	0.377134986225895	0.0254178145087236	0.0732782369146005	0.116179981634527	0.263526170798898	0.22297520661157	0.212194674012856	0.210358126721763	0.271717171717172	0.289421487603306	0.309439853076217	0.639908172635446	0.114527089072544	0.141101928374656	0.603158861340679	0.340587695133149	0.0447566574839302	0.310119375573921	0.282479338842975	0.231992653810836	0.157704315886134	0.0484848484848485	0.149880624426079	0.405436179981635	0.147842056932966	0.0650505050505051	0.11763085399449	0.217410468319559	0.054949494949495	0.339265381083563	0.129972451790634	0.149880624426079	0.342479338842975	0.118236914600551	0.247933884297521	0.0907805325987144	0.118034894398531	0.0431772268135905	0.0911662075298438	0.424095500459137	0.0671441689623508	0.194416896235078	0.0252157943067034	0.131698806244261	0.223397612488522	0.179963269054178	0.135408631772268	0.138971533516988	0.154123048668503	0.082038567493113	0.124683195592286	0.395886134067952	0.261818181818182	0.144995408631772	0.283838383838384	0.239338842975207	0.112415059687787	0.0466666666666667	0.0352617079889807	0.417704315886134	0.0396694214876033	0.10058769513315	0.0651974288337925	0.187750229568411	0.0783654729109275	0.275206611570248	0.708962350780533	0.152249770431589	0.0446464646464647	0.412819100091828	0.062791551882461	0.411551882460974	0.185674931129476	0.713682277318641	0.133608815426997	0.0369329660238751	0.115977961432507	0.123305785123967	0.0417079889807163	0.0647015610651974	0	0.0664095500459137	0.233370064279155	0.0303581267217631	0.0323783287419651	0.0518640955004591	0.148686868686869	0.0415426997245179	0.0389531680440771	0.0542883379247016	0.0648668503213958	0.198549127640037	0.0669788797061524	0.0747107438016529
GCDF246	0.214104683195592	0.295812672176309	0.0685215794306703	0.0584022038567493	0.416290174471993	0.188227731864096	0.0758126721763086	0.396859504132231	0.148135904499541	0.0527456382001836	0.326464646464646	0.354729109274564	0.627548209366391	0.0585123966942149	0.349586776859504	0.0547658402203857	0.391900826446281	0.130541781450872	0.10455463728191	0.351937557392103	0.315206611570248	0.0616345270890725	0.414269972451791	0.380275482093664	0.71742883379247	0.390909090909091	0.756767676767677	0.101561065197429	0.339118457300275	0.101836547291093	0.347823691460055	0.056216712580349	0.0485583103764922	0.080514233241506	0.226776859504132	0.186354453627181	0.175078053259871	0.155684113865932	0.234637281910009	0.252819100091827	0.252506887052342	0.601616161616161	0.0779430670339761	0.103728191000918	0.555096418732782	0.285307621671258	0.0431588613406795	0.253186409550046	0.22613406795225	0.193939393939394	0.118200183654729	0.0462442607897153	0.112984389348026	0.349127640036731	0.111258034894399	0.12297520661157	0.0815794306703398	0.179118457300276	0.0451974288337925	0.282460973370064	0.0910009182736455	0.111460055096419	0.286942148760331	0.080514233241506	0.211331496786042	0.0437832874196511	0.081524334251607	0.0775573921028467	0.0676216712580349	0.368374655647383	0.0453810835629018	0.157079889807163	0.06455463728191	0.0947474747474747	0.185858585858586	0.126372819100092	0.0972819100091828	0.0949862258953168	0.10989898989899	0.0500826446280992	0.0888337924701561	0.340367309458219	0.205619834710744	0.090119375573921	0.226905417814509	0.202699724517906	0.0740863177226813	0.0428833792470156	0.052139577594123	0.380936639118457	0.0482644628099174	0.0670707070707071	0.048356290174472	0.149384756657484	0.0355004591368228	0.237557392102847	0.672029384756657	0.113921028466483	0.0419283746556474	0.356565656565657	0.0365105601469238	0.356088154269972	0.149366391184573	0.67605142332415	0.0951331496786042	0.0592102846648302	0.0804958677685951	0.0700459136822773	0.0944168962350781	0.0406244260789715	0.0664095500459137	0	0.185068870523416	0.0758677685950413	0.057208448117539	0.0364187327823692	0.0918640955004591	0.0453994490358127	0.051643709825528	0.100220385674931	0.0383654729109274	0.156730945821855	0.0410835629017447	0.0434894398530762
GCDF252	0.167033976124885	0.249550045913682	0.146097337006428	0.156510560146924	0.408650137741047	0.151588613406795	0.146629935720845	0.348337924701561	0.139926538108356	0.213847566574839	0.271074380165289	0.306446280991736	0.636473829201102	0.154159779614325	0.293149678604224	0.223140495867769	0.343287419651056	0.139430670339761	0.137887970615243	0.296473829201102	0.258953168044077	0.173572084481175	0.35682277318641	0.332396694214876	0.726409550045914	0.34257116620753	0.765454545454546	0.138181818181818	0.283783287419651	0.137685950413223	0.358365472910928	0.221010101010101	0.181928374655647	0.142038567493113	0.181065197428834	0.148595041322314	0.146905417814509	0.176657483930211	0.185270890725436	0.197759412304867	0.207511478420569	0.54356290174472	0.139871441689624	0.139467401285583	0.555022956841138	0.237502295684114	0.199522497704316	0.204370982552801	0.18038567493113	0.157171717171717	0.138328741965106	0.191111111111111	0.139944903581267	0.32415059687787	0.140863177226814	0.293480257116621	0.138494031221304	0.149072543617998	0.204885215794307	0.233572084481175	0.138053259871442	0.137869605142332	0.238714416896235	0.139559228650138	0.172745638200184	0.163801652892562	0.139742883379247	0.252708907254362	0.152598714416896	0.32058769513315	0.172323232323232	0.141873278236915	0.231515151515152	0.137887970615243	0.146317722681359	0.171533516988062	0.138475665748393	0.196326905417814	0.190560146923783	0.160146923783287	0.139504132231405	0.291845730027548	0.162846648301194	0.151643709825528	0.184683195592287	0.155500459136823	0.143287419651056	0.200844811753903	0.210909090909091	0.323930211202938	0.210376492194674	0.161707988980716	0.175280073461892	0.140532598714417	0.172635445362718	0.187199265381084	0.61504132231405	0.137741046831956	0.197575757575758	0.307860422405877	0.19089072543618	0.307988980716253	0.140716253443526	0.618677685950413	0.138089990817264	0.230615243342516	0.140606060606061	0.171441689623508	0.2655463728191	0.178475665748393	0.233370064279155	0.185068870523416	0	0.242387511478421	0.225711662075298	0.201248852157943	0.136198347107438	0.21010101010101	0.220752984389348	0.276179981634527	0.187272727272727	0.14297520661157	0.179136822773186	0.182240587695133
GCDF254	0.260973370064279	0.361469237832874	0.11346189164371	0.0986960514233242	0.477079889807163	0.238181818181818	0.121322314049587	0.462405876951332	0.19485766758494	0.057208448117539	0.373425160697888	0.420477502295684	0.648301193755739	0.0996510560146923	0.396712580348944	0.0399632690541781	0.457594123048668	0.178365472910927	0.151386593204775	0.398842975206611	0.362093663911846	0.106189164370983	0.461395775941231	0.446152433425161	0.735977961432507	0.456510560146924	0.775390266299357	0.149403122130395	0.386097337006428	0.14949494949495	0.385472910927456	0.031643709825528	0.0825895316804408	0.126648301193756	0.273682277318641	0.233278236914601	0.222130394857668	0.219449035812672	0.281689623507805	0.299724517906336	0.318494031221304	0.648962350780532	0.124995408631772	0.15050505050505	0.611845730027548	0.350835629017447	0.0540495867768595	0.319173553719008	0.291992653810836	0.241414141414141	0.166813590449954	0.0574288337924702	0.159522497704316	0.41465564738292	0.158145087235996	0.0584205693296602	0.12791551882461	0.226464646464646	0.0650137741046832	0.348356290174472	0.138677685950413	0.158842975206612	0.352635445362718	0.127089072543618	0.258163452708907	0.101652892561983	0.127860422405877	0.0444077134986226	0.101432506887052	0.434031221303948	0.0765105601469238	0.204389348025712	0.0306152433425161	0.141101928374656	0.232910927456382	0.189623507805326	0.144481175390266	0.146850321395776	0.163654729109275	0.0911662075298439	0.134692378328742	0.406023875114784	0.27129476584022	0.155371900826446	0.292929292929293	0.249605142332415	0.122718089990817	0.0537924701561065	0.0425895316804408	0.427878787878788	0.0476216712580349	0.11228650137741	0.0744719926538108	0.196510560146924	0.0878971533516988	0.284701561065198	0.719063360881543	0.161267217630854	0.0550780532598714	0.42236914600551	0.071643709825528	0.421763085399449	0.195977961432507	0.723195592286501	0.143213957759412	0.0417263544536272	0.125987144168962	0.131735537190083	0.0370247933884298	0.0755371900826446	0.0303581267217631	0.0758677685950413	0.242387511478421	0	0.0385307621671258	0.0599449035812672	0.158108356290174	0.0481542699724518	0.0438934802571166	0.0507254361799816	0.0737006427915519	0.208925619834711	0.0765472910927456	0.0854361799816345
GCDF255	0.247970615243343	0.34396694214876	0.100036730945822	0.0854361799816346	0.460238751147842	0.222681359044996	0.107566574839302	0.444683195592286	0.180973370064279	0.0444811753902663	0.360642791551882	0.403103764921947	0.641524334251607	0.0857483930211203	0.38416896235078	0.0345270890725436	0.440128558310376	0.164444444444444	0.138236914600551	0.385619834710744	0.348925619834711	0.0922865013774105	0.448815426997245	0.42870523415978	0.731166207529844	0.438842975206612	0.770670339761249	0.136510560146924	0.373112947658402	0.135078053259871	0.371239669421487	0.0284297520661157	0.0677502295684114	0.113168044077135	0.26058769513315	0.220055096418733	0.209182736455464	0.202479338842975	0.268723599632691	0.286501377410468	0.301561065197429	0.636528925619835	0.111221303948577	0.137594123048669	0.594949494949495	0.333186409550046	0.042277318640955	0.302240587695133	0.274784205693297	0.228870523415978	0.153645546372819	0.0477318640955004	0.146574839302112	0.397612488521579	0.144977043158861	0.0766574839302112	0.114747474747475	0.214031221303949	0.0505601469237833	0.331441689623508	0.124830119375574	0.146317722681359	0.335059687786961	0.114306703397613	0.244921946740129	0.0835078053259871	0.114820936639118	0.0408999081726354	0.088870523415978	0.416675849403122	0.0627548209366391	0.190541781450872	0.0307254361799816	0.12752984389348	0.220257116620753	0.172488521579431	0.131533516988062	0.128503213957759	0.145656565656566	0.0763452708907254	0.121322314049587	0.388411386593205	0.254269972451791	0.137612488521579	0.275959595959596	0.236382001836547	0.107419651056015	0.0430670339761249	0.036951331496786	0.414729109274564	0.0371717171717172	0.0959595959595959	0.0620936639118457	0.183691460055096	0.0686317722681359	0.272066115702479	0.706005509641873	0.148558310376492	0.0431588613406795	0.405105601469238	0.0512580348943985	0.404150596877869	0.182662993572084	0.710596877869605	0.128778696051423	0.0299908172635445	0.112690541781451	0.11425160697888	0.0486317722681359	0.0599265381083562	0.0323783287419651	0.057208448117539	0.225711662075298	0.0385307621671258	0	0.0429935720844812	0.138934802571166	0.037722681359045	0.0320110192837465	0.0565472910927457	0.0561616161616162	0.192213039485767	0.0594123048668503	0.0700091827364555
GCDF257	0.228999081726354	0.318714416896235	0.0805876951331497	0.0690358126721763	0.435996326905418	0.203177226813591	0.0890174471992654	0.419779614325069	0.162112029384757	0.0452157943067034	0.341322314049587	0.37763085399449	0.635610651974288	0.068613406795225	0.364499540863177	0.0421120293847567	0.414839302112029	0.144609733700643	0.118732782369146	0.366887052341598	0.330119375573921	0.0734435261707989	0.429072543617998	0.403048668503214	0.725564738292011	0.41386593204775	0.764701561065197	0.116161616161616	0.354012855831038	0.11564738292011	0.359155188246097	0.0451606978879706	0.0528007346189164	0.09366391184573	0.241726354453627	0.201303948576676	0.190009182736455	0.176492194674013	0.24951331496786	0.267768595041322	0.275206611570248	0.616345270890726	0.0918273645546372	0.118530762167126	0.573553719008264	0.308209366391185	0.0384022038567493	0.275886134067952	0.249054178145087	0.208741965105601	0.132800734618916	0.0440771349862259	0.127695133149679	0.371717171717172	0.126042240587695	0.104444444444444	0.0961799816345271	0.193847566574839	0.0424426078971534	0.30514233241506	0.104407713498623	0.12613406795225	0.30989898989899	0.0943434343434343	0.22613406795225	0.0609917355371901	0.0952249770431589	0.0581267217630854	0.0754086317722681	0.391331496786042	0.0494031221303949	0.171588613406795	0.0500642791551882	0.108778696051423	0.200844811753903	0.1477318640955	0.111404958677686	0.108613406795225	0.124701561065197	0.0597979797979798	0.102350780532599	0.363232323232323	0.228411386593205	0.112653810835629	0.249605142332415	0.217649219467401	0.0858585858585858	0.0381818181818182	0.0448301193755739	0.395775941230487	0.0416528925619835	0.0770064279155188	0.0517355371900826	0.164242424242424	0.0474747474747475	0.252433425160698	0.687033976124885	0.12811753902663	0.0381634527089073	0.37941230486685	0.0376859504132231	0.37900826446281	0.163397612488522	0.691056014692378	0.109146005509642	0.0436363636363636	0.0938659320477502	0.0888154269972452	0.0739944903581267	0.0457667584940312	0.0518640955004591	0.0364187327823692	0.201248852157943	0.0599449035812672	0.0429935720844812	0	0.111845730027548	0.0360697887970615	0.0369329660238751	0.078475665748393	0.0417998163452709	0.171166207529844	0.0462075298438935	0.0517355371900826
GCDF259	0.152580348943985	0.210560146923783	0.0667584940312213	0.0809550045913682	0.375702479338843	0.126427915518825	0.0663177226813591	0.311331496786042	0.088595041322314	0.127162534435262	0.264462809917355	0.269678604224059	0.603911845730028	0.0742699724517906	0.287988980716253	0.137079889807163	0.306483011937558	0.0788797061524334	0.0638200183654729	0.28969696969697	0.253094582185491	0.0910376492194674	0.352561983471074	0.295390266299357	0.693847566574839	0.305454545454545	0.733314967860422	0.0655096418732782	0.277079889807162	0.0631588613406795	0.32317722681359	0.136473829201102	0.0986960514233241	0.061248852157943	0.165013774104683	0.124903581267218	0.115280073461892	0.116106519742883	0.17287419651056	0.190578512396694	0.167750229568411	0.540183654729109	0.0629568411386593	0.0699357208448118	0.523085399449036	0.199779614325069	0.115206611570248	0.16852157943067	0.141175390266299	0.133021120293848	0.0714233241505969	0.111790633608815	0.0761248852157943	0.291460055096419	0.0783471074380165	0.205436179981635	0.0692194674012855	0.120110192837466	0.118126721763085	0.197594123048668	0.0589164370982553	0.073921028466483	0.201597796143251	0.0684481175390266	0.149531680440771	0.0714416896235078	0.0647750229568411	0.162497704315886	0.0904132231404959	0.283911845730028	0.0922130394857667	0.0978512396694215	0.147107438016529	0.061763085399449	0.124481175390266	0.092139577594123	0.0678787878787879	0.0875665748393021	0.091386593204775	0.0778145087235996	0.0650321395775941	0.254894398530762	0.128503213957759	0.0597061524334252	0.142222222222222	0.140495867768595	0.0578696051423324	0.115757575757576	0.129127640036731	0.318898071625344	0.124609733700643	0.077704315886134	0.0937924701561065	0.0918640955004592	0.0838751147842057	0.175629017447199	0.610064279155188	0.0731313131313131	0.111606978879706	0.27147842056933	0.0987878787878788	0.270707070707071	0.0917355371900827	0.614471992653811	0.0587144168962351	0.142442607897153	0.066850321395776	0.0669237832874197	0.178640955004591	0.0928191000918274	0.148686868686869	0.0918640955004591	0.136198347107438	0.158108356290174	0.138934802571166	0.111845730027548	0	0.122148760330578	0.132506887052342	0.186501377410468	0.100018365472911	0.098732782369146	0.0919375573921028	0.0950596877869605
GCDF261	0.228943985307622	0.329366391184573	0.0804591368227732	0.066317722681359	0.447052341597796	0.20595041322314	0.0882460973370064	0.430413223140496	0.161616161616162	0.0374288337924702	0.34137741046832	0.388356290174472	0.646244260789715	0.0659687786960514	0.364591368227732	0.0321763085399449	0.425417814508724	0.144315886134068	0.118494031221304	0.366850321395776	0.330119375573921	0.07267217630854	0.429274563820018	0.413902662993572	0.735996326905418	0.424536271808999	0.775408631772268	0.116694214876033	0.35404958677686	0.116124885215794	0.368650137741047	0.0329476584022039	0.0509825528007346	0.0933516988062442	0.241707988980716	0.201267217630854	0.189954086317723	0.187621671258035	0.249458218549128	0.267731864095501	0.286207529843893	0.616675849403122	0.0915702479338843	0.118549127640037	0.584224058769513	0.318861340679522	0.0317722681359045	0.286887052341598	0.259761248852158	0.208815426997245	0.133314967860422	0.0365105601469238	0.127474747474747	0.382534435261708	0.125987144168962	0.0936822773186409	0.0959228650137741	0.194178145087236	0.0363820018365473	0.316161616161616	0.104517906336088	0.126409550045914	0.320642791551882	0.0945454545454545	0.226097337006428	0.0695133149678604	0.0946556473829201	0.0474931129476584	0.0704499540863177	0.401946740128558	0.0462075298438935	0.171533516988062	0.0382552800734619	0.108558310376492	0.200826446280992	0.158292011019284	0.111588613406795	0.118236914600551	0.134196510560147	0.0575941230486685	0.102534435261708	0.373829201101928	0.239136822773186	0.123140495867769	0.26060606060606	0.217612488521579	0.0857851239669421	0.0320844811753903	0.0358310376492195	0.395831037649219	0.0305234159779614	0.0768411386593205	0.0446648301193756	0.164058769513315	0.0557759412304867	0.252415059687787	0.686978879706152	0.128576675849403	0.0315151515151515	0.390027548209366	0.0413223140495868	0.389641873278237	0.163673094582185	0.6910927456382	0.108962350780533	0.0346189164370983	0.0937006427915519	0.099742883379247	0.063544536271809	0.040495867768595	0.0415426997245179	0.0453994490358127	0.21010101010101	0.0481542699724518	0.037722681359045	0.0360697887970615	0.122148760330578	0	0.0295133149678604	0.0678236914600551	0.039228650137741	0.17485766758494	0.0421120293847567	0.050376492194674
GCDF273	0.239834710743802	0.340293847566575	0.0897520661157025	0.0769329660238751	0.456584022038568	0.216786042240588	0.0988062442607897	0.441303948576676	0.172433425160698	0.0390449954086318	0.352157943067034	0.399136822773186	0.646207529843894	0.0767493112947659	0.375426997245179	0.033168044077135	0.436308539944904	0.154380165289256	0.128888888888889	0.377741046831956	0.34099173553719	0.0828099173553719	0.44	0.424738292011019	0.736179981634527	0.435371900826446	0.775482093663912	0.126850321395776	0.364775022956841	0.126189164370983	0.372323232323232	0.032157943067034	0.0582920110192838	0.104022038567493	0.252543617998163	0.212157943067034	0.200752984389348	0.197961432506887	0.26038567493113	0.27862258953168	0.296859504132231	0.62732782369146	0.101965105601469	0.129017447199265	0.591937557392103	0.329733700642792	0.036198347107438	0.297539026629936	0.270578512396694	0.219742883379247	0.143213957759412	0.0418732782369146	0.138273645546373	0.393241505968779	0.136877869605142	0.0867033976124885	0.106813590449954	0.204830119375574	0.0426446280991736	0.326831955922865	0.114490358126722	0.137043158861341	0.331404958677686	0.104921946740129	0.236988062442608	0.0794674012855831	0.104830119375574	0.0399632690541782	0.0815610651974288	0.412819100091827	0.0527089072543618	0.182148760330579	0.0340128558310377	0.119081726354454	0.211698806244261	0.168539944903581	0.122148760330579	0.123581267217631	0.141450872359963	0.06633608815427	0.113131313131313	0.384738292011019	0.250009182736455	0.134086317722681	0.271258034894398	0.228503213957759	0.0952617079889807	0.0328558310376492	0.0369880624426079	0.406685032139578	0.0330211202938476	0.0862075298438935	0.0532047750229569	0.17465564738292	0.0628282828282828	0.263287419651056	0.697832874196511	0.139063360881543	0.0356657483930211	0.401010101010101	0.0457851239669421	0.400514233241506	0.174178145087236	0.701910009182736	0.117943067033976	0.029862258953168	0.104389348025712	0.109568411386593	0.0560514233241506	0.0500826446280992	0.0389531680440771	0.051643709825528	0.220752984389348	0.0438934802571166	0.0320110192837465	0.0369329660238751	0.132506887052342	0.0295133149678604	0	0.05821854912764	0.044040404040404	0.185417814508724	0.0493480257116621	0.0596326905417814
GCDF279	0.293792470156107	0.394233241505969	0.143544536271809	0.130192837465565	0.51030303030303	0.270633608815427	0.152231404958678	0.495078053259871	0.226207529843893	0.0804224058769513	0.406464646464647	0.453590449954086	0.66137741046832	0.130009182736455	0.430174471992654	0.0597245179063361	0.490523415977961	0.208631772268136	0.183195592286501	0.431515151515151	0.394876033057851	0.136400367309458	0.494802571166208	0.479265381083563	0.738916437098256	0.489274563820018	0.778383838383838	0.181652892561984	0.418971533516988	0.180018365472911	0.415831037649219	0.0620385674931129	0.109715335169881	0.157134986225895	0.306391184573003	0.26593204775023	0.254931129476584	0.253204775022957	0.314508723599633	0.332396694214876	0.35228650137741	0.682754820936639	0.15643709825528	0.183342516069789	0.645399449035812	0.383581267217631	0.0796694214876033	0.352966023875115	0.325325987144169	0.274637281910009	0.198108356290174	0.0892929292929293	0.192213039485767	0.448282828282828	0.190780532598714	0.055702479338843	0.16058769513315	0.260257116620753	0.0922497704315886	0.382112029384757	0.169770431588613	0.19247015610652	0.385399449035813	0.160348943985308	0.290762167125803	0.132966023875115	0.159871441689624	0.0360697887970615	0.134214876033058	0.466960514233241	0.104848484848485	0.235959595959596	0.0543067033976125	0.172837465564738	0.266115702479339	0.222754820936639	0.177575757575758	0.174765840220386	0.193957759412305	0.119834710743802	0.167144168962351	0.438732782369146	0.304591368227732	0.187952249770432	0.326685032139578	0.282277318640955	0.147346189164371	0.0773186409550046	0.0722497704315886	0.460752984389348	0.0723048668503214	0.137832874196511	0.103232323232323	0.229641873278237	0.114361799816345	0.317998163452709	0.751937557392103	0.1944536271809	0.0810468319559229	0.455720844811754	0.0923048668503214	0.454637281910009	0.228044077134986	0.756694214876033	0.171386593204775	0.0502295684113866	0.158163452708907	0.163875114784206	0.037208448117539	0.100220385674931	0.0542883379247016	0.100220385674931	0.276179981634527	0.0507254361799816	0.0565472910927457	0.078475665748393	0.186501377410468	0.0678236914600551	0.05821854912764	0	0.0909825528007346	0.239283746556474	0.0999816345270891	0.112947658402204
GCDF281	0.20752984389348	0.3067217630854	0.0591551882460973	0.0519191919191919	0.430541781450872	0.183544536271809	0.0671808999081727	0.407750229568411	0.140165289256198	0.0493296602387512	0.319853076216713	0.365528007346189	0.645013774104683	0.048870523415978	0.343011937557392	0.0511111111111111	0.402589531680441	0.122424242424242	0.096969696969697	0.345399449035813	0.308631772268136	0.0550780532598714	0.407584940312213	0.391019283746556	0.735004591368228	0.401818181818182	0.774196510560147	0.0948576675849403	0.332488521579431	0.0936822773186409	0.365491276400367	0.0562718089990817	0.0398163452708907	0.0733516988062442	0.220238751147842	0.179816345270891	0.168429752066116	0.168815426997245	0.228044077134986	0.246280991735537	0.263048668503214	0.594729109274564	0.0714600550964188	0.0974471992653811	0.570578512396694	0.296216712580349	0.0388980716253443	0.263728191000918	0.236988062442608	0.187033976124885	0.111202938475666	0.0422589531680441	0.106483011937557	0.360348943985308	0.104811753902663	0.119724517906336	0.0753902662993572	0.172231404958678	0.0419283746556474	0.29307621671258	0.0828466483011937	0.104793388429752	0.297851239669422	0.0740128558310376	0.204646464646465	0.0551147842056933	0.0743434343434344	0.0679522497704315	0.0613039485766759	0.379283746556474	0.0390633608815427	0.14989898989899	0.0612121212121212	0.0872543617998163	0.179283746556474	0.139283746556474	0.0903397612488522	0.107823691460055	0.12257116620753	0.0415977961432507	0.0813774104683195	0.351147842056933	0.216290174471993	0.101175390266299	0.237447199265381	0.196161616161616	0.0647382920110193	0.0360697887970615	0.0511662075298439	0.374343434343434	0.0456932966023875	0.0565105601469238	0.0373737373737374	0.142479338842975	0.0410284664830119	0.230725436179982	0.665454545454545	0.106942148760331	0.0368778696051423	0.367346189164371	0.0401652892561984	0.366997245179063	0.141928374655647	0.669458218549128	0.0872543617998163	0.051900826446281	0.0726905417814509	0.0819834710743802	0.0878236914600551	0.0332231404958678	0.0648668503213958	0.0383654729109274	0.187272727272727	0.0737006427915519	0.0561616161616162	0.0417998163452709	0.100018365472911	0.039228650137741	0.044040404040404	0.0909825528007346	0	0.152451790633609	0.0312213039485767	0.0357208448117539
GCDF284	0.0681542699724517	0.160128558310377	0.104664830119376	0.125197428833792	0.412433425160698	0.0440036730945822	0.108154269972452	0.300606060606061	0.0437281910009183	0.177594123048669	0.172690541781451	0.235555555555556	0.640955004591368	0.117667584940312	0.196914600550964	0.187897153351699	0.253241505968779	0.0428099173553719	0.0665013774104683	0.19722681359045	0.160808080808081	0.139191919191919	0.26137741046832	0.276932966023875	0.731129476584022	0.250762167125804	0.77068870523416	0.0705050505050505	0.18514233241506	0.071404958677686	0.359485766758494	0.185840220385675	0.14712580348944	0.096455463728191	0.0730027548209366	0.0471441689623508	0.0486501377410468	0.167584940312213	0.0813406795224977	0.0981083562901745	0.158089990817264	0.449421487603306	0.0933700642791552	0.0820752984389348	0.56020202020202	0.181689623507805	0.165179063360882	0.156896235078053	0.0948943985307621	0.0489072543617998	0.0566207529843894	0.160312213039486	0.0730027548209366	0.326978879706152	0.0928007346189165	0.256198347107438	0.0991184573002755	0.05366391184573	0.167805325987144	0.181359044995409	0.0777961432506887	0.0685950413223141	0.147015610651974	0.0952249770431588	0.0580716253443526	0.141818181818182	0.0929660238751148	0.214380165289256	0.133572084481175	0.29010101010101	0.141799816345271	0.0327456382001836	0.198402203856749	0.0804958677685951	0.045050505050505	0.163452708907254	0.0793755739210285	0.16951331496786	0.165821854912764	0.125179063360881	0.0867401285583104	0.204242424242424	0.0703581267217631	0.138640955004591	0.128191000918274	0.0554269972451791	0.0968411386593205	0.166758494031221	0.177906336088154	0.226960514233242	0.175463728191001	0.124646464646465	0.142828282828283	0.0371533516988062	0.145270890725436	0.0850137741046832	0.517924701561065	0.0614325068870524	0.163581267217631	0.217759412304867	0.160165289256198	0.238163452708907	0.0366023875114784	0.523250688705234	0.0730394857667585	0.195555555555555	0.0992102846648301	0.152121212121212	0.231533516988062	0.142956841138659	0.198549127640037	0.156730945821855	0.14297520661157	0.208925619834711	0.192213039485767	0.171166207529844	0.098732782369146	0.17485766758494	0.185417814508724	0.239283746556474	0.152451790633609	0	0.142956841138659	0.144866850321396
GCDF287	0.195335169880624	0.295959595959596	0.0492561983471075	0.0406427915518825	0.423452708907254	0.17208448117539	0.0545638200183654	0.395996326905418	0.127933884297521	0.0477318640955005	0.308356290174472	0.355739210284665	0.645307621671258	0.0391184573002755	0.332580348943985	0.0547842056932966	0.392598714416896	0.112800734618916	0.0857300275482093	0.33247015610652	0.296161616161616	0.0453443526170799	0.397263544536272	0.381340679522498	0.73524334251607	0.390596877869605	0.774986225895317	0.0850872359963269	0.320826446280992	0.0839853076216713	0.363434343434343	0.0550780532598714	0.0319742883379247	0.0603673094582185	0.207658402203857	0.16692378328742	0.156786042240588	0.162699724517906	0.216179981634527	0.233314967860422	0.254876033057851	0.58534435261708	0.0596694214876033	0.0852892561983471	0.567235996326905	0.28475665748393	0.0373002754820937	0.255555555555556	0.227584940312213	0.177263544536272	0.102001836547291	0.0372819100091827	0.0937190082644628	0.352488521579431	0.0923415977961432	0.120844811753903	0.0619834710743801	0.162846648301194	0.0388062442607897	0.284664830119376	0.0745638200183655	0.0950780532598714	0.286978879706152	0.0651606978879707	0.191827364554637	0.0447382920110193	0.0642424242424242	0.0742699724517906	0.0483379247015611	0.368833792470156	0.0308356290174472	0.137685950413223	0.0653443526170799	0.0749862258953168	0.168356290174472	0.131570247933884	0.0805693296602387	0.110027548209366	0.119761248852158	0.0298438934802571	0.0691827364554637	0.340293847566575	0.20692378328742	0.0894949494949495	0.229274563820018	0.183342516069789	0.0554637281910009	0.037208448117539	0.0494031221303949	0.36257116620753	0.0439302112029385	0.0465197428833793	0.0334802571166208	0.132433425160698	0.0377043158861341	0.220293847566575	0.653572084481176	0.0972451790633609	0.0349127640036731	0.357887970615243	0.0409917355371901	0.356088154269972	0.130174471992654	0.659081726354454	0.0761248852157943	0.0598530762167125	0.0599449035812672	0.0782369146005509	0.0952617079889807	0.0292745638200184	0.0669788797061524	0.0410835629017447	0.179136822773186	0.0765472910927456	0.0594123048668503	0.0462075298438935	0.0919375573921028	0.0421120293847567	0.0493480257116621	0.0999816345270891	0.0312213039485767	0.142956841138659	0	0.0277134986225895
GCDF288	0.196326905417815	0.298071625344353	0.0518273645546373	0.0384205693296602	0.424168962350781	0.171827364554637	0.0513498622589532	0.392947658402204	0.124793388429752	0.0500275482093664	0.310762167125803	0.358512396694215	0.645013774104683	0.0411386593204775	0.335794306703398	0.0637098255280073	0.395206611570248	0.11623507805326	0.0878787878787879	0.330156106519743	0.296730945821855	0.041763085399449	0.400440771349862	0.384187327823692	0.735078053259872	0.391441689623508	0.774931129476584	0.0875482093663912	0.323122130394858	0.0847750229568411	0.360955004591368	0.060771349862259	0.0275298438934803	0.058989898989899	0.208301193755739	0.165693296602387	0.159063360881543	0.162754820936639	0.218457300275482	0.230266299357209	0.258255280073462	0.588723599632691	0.0619834710743802	0.0876216712580349	0.56692378328742	0.285601469237833	0.0431588613406795	0.258934802571166	0.230835629017447	0.180459136822773	0.105050505050505	0.0416161616161616	0.0942148760330579	0.354435261707989	0.0934986225895317	0.125601469237833	0.0621120293847566	0.166225895316804	0.0366391184573003	0.288044077134986	0.0769146005509642	0.0984389348025711	0.288337924701561	0.0671808999081727	0.190596877869605	0.0445730027548209	0.0665381083562902	0.0837281910009183	0.0529660238751148	0.371662075298439	0.0362534435261708	0.137465564738292	0.0745821854912764	0.0751698806244261	0.171496786042241	0.131056014692378	0.0835812672176309	0.109678604224059	0.118292011019284	0.0342516069788797	0.0714416896235078	0.341671258034894	0.209935720844812	0.089605142332415	0.232653810835629	0.181836547291093	0.056969696969697	0.0444077134986226	0.0553168044077135	0.363948576675849	0.0487786960514233	0.0438383838383839	0.0366391184573003	0.135280073461892	0.0391919191919192	0.223471074380165	0.655298438934802	0.100679522497704	0.0406978879706152	0.361046831955923	0.0433976124885216	0.3578145087236	0.130156106519743	0.662258953168044	0.0777594123048668	0.0711294765840221	0.0571166207529844	0.0774104683195592	0.106244260789715	0.0299173553719008	0.0747107438016529	0.0434894398530762	0.182240587695133	0.0854361799816345	0.0700091827364555	0.0517355371900826	0.0950596877869605	0.050376492194674	0.0596326905417814	0.112947658402204	0.0357208448117539	0.144866850321396	0.0277134986225895	0
