Eigvals	72
0.033414204243076624	0.0033239491824697096	0.0015419161451409105	0.0005825698311132225	0.00031927627030067253	0.0002126568810186611	0.00012145861511576146	9.020252802481891e-05	6.262681591002648e-05	5.345615959564498e-05	5.1127800477451346e-05	4.159746525818234e-05	4.0229153337008805e-05	3.69520462618575e-05	3.638042391304494e-05	3.29175727014166e-05	3.250305308670671e-05	3.093702165025069e-05	2.9059429286697994e-05	2.7338693702856675e-05	2.697560551805877e-05	2.5310546886048342e-05	2.4246968735848603e-05	2.3204986143709264e-05	2.3058661346164795e-05	2.2081781439935188e-05	2.0792061684360287e-05	2.0378264940103737e-05	1.9761415718300857e-05	1.929039070426331e-05	1.89358890968689e-05	1.879650224641341e-05	1.8136112882640193e-05	1.7185025056088137e-05	1.6295403080375012e-05	1.5755177918166058e-05	1.4792278692348584e-05	1.4164423987277364e-05	1.3643592159513623e-05	1.3104317904155327e-05	1.1379246218609482e-05	1.0873712670800123e-05	1.064724792591913e-05	1.005501665826574e-05	9.233109329292457e-06	9.061939549169729e-06	8.39624893932274e-06	8.012492844735438e-06	7.276044321294884e-06	6.40991093559106e-06	5.911586276087625e-06	5.4567051533042095e-06	4.4958015463281275e-06	4.054102814809752e-06	2.1553888924416448e-06	1.5526947326426908e-06	1.0379706596222614e-06	0.0	0.0	0.0	0.0	0.0	0.0	0.0	0.0	0.0	0.0	0.0	0.0	0.0	0.0	0.0

Proportion explained	72
0.8233490719610952	0.08190440372972017	0.03799387882794318	0.014354923023462043	0.007867187826438393	0.005240012431812865	0.0029928241687204775	0.0022226525940137448	0.0015431680007786685	0.001317196694959388	0.0012598243180740672	0.0010249902756057619	0.0009912741247659596	0.0009105239429147181	0.0008964387734166427	0.0008111117277479045	0.0008008976781300156	0.000762309581867477	0.0007160444091640851	0.0006736442958547958	0.0006646975521939668	0.0006236693574342291	0.0005974620571928506	0.0005717868864182751	0.0005681813423392746	0.0005441103467123702	0.0005123307611170464	0.0005021345235264193	0.00048693493263936234	0.00047532855095338726	0.000466593386490586	0.00046315879821994405	0.00044688634816127424	0.0004234508871923845	0.0004015299872430355	0.00038821846610911725	0.00036449196410411614	0.0003490211905077673	0.0003361875345296834	0.00032289944439736307	0.00028039248654710016	0.0002679357907537153	0.00026235554301915176	0.0002477625555261219	0.00022751019124339655	0.00022329244963307422	0.00020688937320954102	0.0001974333579760393	0.00017928675768860212	0.00015794463282080658	0.00014566556901450647	0.00013445698395972555	0.00011077965538136345	9.989589355251786e-05	5.3110271051113945e-05	3.825947066882867e-05	2.5576313986286512e-05	0.0	0.0	0.0	0.0	0.0	0.0	0.0	0.0	0.0	0.0	0.0	0.0	0.0	0.0	0.0

Species	0	0

Site	72	72
GA11	-0.03742229257943835	0.005667579781128547	0.002427915969545654	0.0012482836547078118	0.0005115803629616076	0.00016986897181293792	-0.0005901989978519782	0.0011938622547276068	0.0014025529459988151	-0.0007908061376494961	0.0016749701703611672	0.0035761587764781113	-5.2408945153307456e-05	-0.00013747955447383038	0.001088201485149962	9.435428394735082e-05	0.00040530833886181985	0.0010482236321244628	-0.0008858080616522511	-0.0003032923402427747	-0.0008040709574768312	0.000431537378018431	-0.0006944988346854076	-0.0008732198489479694	0.0004883987825327804	-0.00037935099966490704	-8.362441578970693e-05	0.00023853934435864638	0.00013461869285971413	-0.0002944395981171631	0.00019708167927694962	-9.734731011888205e-05	-0.00041318030805759926	8.666854553075396e-05	0.0003399609482570542	-0.0002162026552757459	-0.00011319790211055933	-0.00019910702695525166	-0.00047698249743850974	-0.0001959906113415418	0.0004274478569304331	-0.00010111164043906974	0.0005027183715109831	-8.244846466969375e-05	0.0003258933560723637	-4.09644943281534e-05	-0.0003683768198257339	-2.5219017069043946e-05	0.00011342055862897288	-0.00026116466270756204	0.00010624729572008197	0.00028889876926145597	0.00014337896638862962	-9.428519411165768e-05	4.292912911617021e-05	-0.0001156628802452225	0.00010943483041222327	0.0	0.0	0.0	0.0	0.0	0.0	0.0	0.0	0.0	0.0	0.0	0.0	0.0	0.0	0.0
GA13	-0.04366734433393644	0.00731367617081389	0.0031247759528852453	-0.001610195148716058	0.0018081251646125444	9.571539385153e-05	-0.0011864165452514202	-0.0006023886990419538	-0.0008412930160869131	-0.00026976807130640944	-0.0021711664367247427	-0.0019062059399405106	0.00030936949113382505	0.0005909833747457745	-0.00025250621750616927	-8.942855012387085e-05	-0.0008066731908279779	-0.00023133289663341305	0.00029403364134402706	-0.0007961544842932637	-0.001286391004809874	0.001161078830151449	-0.0005936364181376454	-0.000911618137486052	0.0010504361044419278	0.0009043373904301038	-0.0001813136744456604	0.0005285238856493565	0.0006126851020296333	0.00045480108359237343	0.00032982246035716343	0.0005174281064886863	0.00035129603523686217	-0.0004221765555148964	-2.5926455739100015e-05	-0.0005772925870745084	-0.00037916357075112276	-0.00021527950036209968	-0.0003707640932326606	0.0003519251701775461	1.8748099334514654e-05	-0.00029936031054215393	0.0005076815716399824	-0.00041073951722008845	3.312707283556629e-05	6.924762622397878e-05	-0.00047055352017468774	-0.00041205370636003026	-0.00026257392390007666	9.495774530148342e-05	2.544855028555201e-05	-0.00012769141351501466	-5.168900052874835e-05	-6.001577478682244e-05	-8.040770004547737e-05	4.2192390265622714e-05	2.745159317305456e-05	0.0	0.0	0.0	0.0	0.0	0.0	0.0	0.0	0.0	0.0	0.0	0.0	0.0	0.0	0.0
GA19	-0.01317899717833358	-0.0037785308757453872	0.0016063754986387739	-0.0002456084336746848	-0.0003586036331151247	-0.0014169819457738135	-0.0015957085270869148	-0.0005675069383648915	-0.0029398183441301192	0.00027366066413917	-0.0001832794974089872	0.001006468883279665	0.0009776802269800117	0.0009970819190754311	-0.00011286584905509378	-0.00022276131538914165	0.0017988671698286336	-0.00022640402517490517	0.0003460165823727409	5.3444403117326356e-05	0.0004256980777361537	0.000578588731331557	-0.00021174108276352205	0.0004436339775749236	-0.0014944675249867951	-0.000161990222975648	0.001054505952257957	-0.0004118083657074024	0.00018116610417950359	-0.000294259450595958	0.00014880434527488344	0.0003856651643526509	0.0008946507985051419	-0.001277071518990549	0.0003805239257511723	0.00024595521734544845	-0.00047864703715512155	-0.0002579072596189833	0.0002741395055539791	-0.0002935340325140568	6.106152570462185e-05	-8.76693330723433e-05	0.00013385944868945357	-0.0003816492324548262	8.578484561636203e-05	0.0004503075281009648	-7.524876379295282e-05	8.238977905467419e-05	1.4151492922859567e-05	-2.462664814503064e-05	7.595053532561111e-06	-6.776359302141425e-05	-0.0005198317565930884	-0.0002322445746864257	3.593705205693493e-05	-0.0002040180761954584	6.651680615316366e-05	0.0	0.0	0.0	0.0	0.0	0.0	0.0	0.0	0.0	0.0	0.0	0.0	0.0	0.0	0.0
GA2	0.003120486982140966	-4.697751956153019e-05	-0.001977567029658718	0.001611583180751276	-0.00022192850265026034	0.000708023077104015	8.503493405578497e-05	-0.0005166146974811766	0.000187799529889576	0.00035331806183065706	0.00033219342013768576	0.00029864065111816923	-0.0006340625993361289	0.0016373366157418183	-0.00019180106413719844	0.00027801648168967167	0.0005148811097114914	-0.00021067299341937643	-0.0007252446667877232	-0.0012857632885771024	0.0011674276075794678	0.001292296296360846	0.00112625195248096	-0.0010149347882657167	0.00031539768206763894	0.00029380356755355513	6.232894433361557e-06	3.985415533742257e-05	-0.0007815859056532028	-3.5577676805173986e-05	0.0003300376985403328	-0.0009989510020000545	0.00032846346622156865	4.3133985204569776e-05	-0.00014556219282858054	0.00013187773318402247	0.0006386956759695805	0.0006305023761984358	-0.0002782426825751663	0.00051273475177467	-0.00035811097243778066	-0.0003123511176311795	-0.00010504376699854201	-7.389935584030917e-05	0.00038275557605378733	-0.00047458355947978763	0.00017434878859988998	-0.00017213711037541524	0.00036683911159743435	-3.156185069761366e-05	-0.0005489648904653065	-0.000171939524489133	-0.00040706765547490607	-0.0002084171401012027	-1.3543684314158219e-06	-5.9762247473576145e-05	9.073418894112865e-05	0.0	0.0	0.0	0.0	0.0	0.0	0.0	0.0	0.0	0.0	0.0	0.0	0.0	0.0	0.0
GA21	0.007642252556601057	-0.00030052724411439057	-0.0019593752589751002	-0.001998816723154432	0.0009825370037272354	-0.0009796675199453245	-0.0007051336042230128	0.0004191506039354186	4.337919326765817e-05	-0.0004503746916282745	3.2190956539552334e-05	-0.0009025519929251085	-0.000380169112711351	0.00020393999265013729	-0.0002334187429345944	0.0008018577528786813	0.0007257565126239385	-0.0010128602638594924	-0.00018713747948533689	-0.0005696057339417253	-0.0002620109032300555	-0.0004099211986437536	-0.0010466552800033897	0.00039337732896612283	0.00022833709346950653	0.0007646863622959837	0.0004927409347655149	0.000535234640087266	-0.0007898758158741422	-0.0005915177478143116	0.0002044148442559318	0.00015292591109043052	-0.0004390881002329366	0.0001377035595199019	0.0008790344975594587	-8.152146428397916e-05	0.00020009696304714586	-1.671345286742084e-05	-0.00047288876320355323	-0.0006689053534931527	-0.0005205884990419142	-0.00013477748716873695	-0.0007793534319868816	-3.999903473774469e-05	0.0003232858549431543	4.1144638987806235e-05	-8.151340895143348e-05	-0.00022311402510696754	0.0003628365869359494	4.9285530924692834e-05	-5.623100812454329e-05	-0.0005457876928585903	0.0008377486586688643	4.830171487323184e-05	0.0002378305474834557	7.607703359075958e-06	4.760715688815166e-05	0.0	0.0	0.0	0.0	0.0	0.0	0.0	0.0	0.0	0.0	0.0	0.0	0.0	0.0	0.0
GA23	-0.031617904430365606	0.003296272773111831	0.001939427483266651	-5.603618653385102e-05	-0.0005822318095960553	-0.0006830083799861268	-0.00036124189519700853	0.0009389944121623647	-0.000252080745021085	-0.00014752777495830572	-0.00021727402447363625	-0.0010919756721856492	-0.0008640220497489543	-0.0006639187778235401	-0.0029708788273418696	-0.000698443630417453	-0.0006716789164631848	0.0015825074300240061	0.0001898388167370238	-0.0011277860792411846	0.0005650337377695457	-0.00018668577431980496	0.0004497527247425398	-0.0006239131591911878	-0.0009181146338939941	-0.0010678060047562244	0.00022767700409423753	-1.058533163069544e-05	-0.00015614432844646636	-0.000542277352131142	-0.00037286489109907196	0.0001304530250993693	-0.00024695211414020964	0.00032216893109900205	0.00011225064978862325	9.010179653926969e-05	-0.0007072847403671065	-0.00017996999284323597	-0.00045674685264289006	-0.00016177424788254628	0.000259576564604924	-0.0002524522035186114	0.00018261011846647487	-0.00021043320151306906	0.00011407558440005108	0.00021201991404968122	0.0002467313626781046	0.0002695707629349178	0.00010475916096953804	-9.200749057875733e-05	-0.00010306225375609751	-0.00018417771563831404	7.352185909749574e-05	-0.00019909167944774368	-6.520839321534654e-05	0.00018738813556843636	0.00014528812658352972	0.0	0.0	0.0	0.0	0.0	0.0	0.0	0.0	0.0	0.0	0.0	0.0	0.0	0.0	0.0
GA25	0.003112225621567994	-0.00435001604192388	-0.0009474262845329078	-0.003296357089597697	0.0012155883793195687	0.00016537837334625277	-0.001175978688911481	-0.002988485333366005	-0.0027494353817400273	0.0011333454408165371	-0.0020725659993667067	0.000821340302736314	0.00042718451109864664	0.0004463379480317829	0.00026807464489062374	-0.0006423486575375809	-4.565995048199616e-05	0.0001830977192299893	-0.0002278943879181478	0.0004497388357538384	-0.0008162385970039489	-0.0006240006713225024	0.00017614240436861778	-0.0006731019925831198	0.0003547843299354826	0.0001593555479884351	-0.0007369100147078997	0.00018408333325530243	-0.00046788893904082927	-0.00036813800418104625	0.00019760269302363624	-0.00019284714816175978	-0.0001478581174142948	0.0004236576341152659	-0.00023256785491589511	-5.68823274380493e-05	0.0002599020976944954	-0.0001366444538416611	-0.00019817914924802083	-0.00014569130698813574	0.0002930511396249565	0.000271825578942979	0.00011833426572734637	0.00037276358770679514	-0.00024607229085586816	-0.00016859506069742398	3.186441802760792e-05	0.0001295584347346796	2.5112271566087214e-05	-2.2009060236709628e-05	-8.402137612680668e-05	0.000286637885169991	0.0001498510415052989	-6.2871252249605e-05	0.00010645399867157517	0.00011042318038966522	-3.988510866965393e-05	0.0	0.0	0.0	0.0	0.0	0.0	0.0	0.0	0.0	0.0	0.0	0.0	0.0	0.0	0.0
GA27	0.00858979802545835	-0.0010755472497661568	-0.0016345307816557006	-0.0030779818026438776	0.0008835099998312405	-0.00028780009630786923	-0.00037403384729950575	0.00030978185061430124	-3.753337710160101e-05	-0.0007925169296119125	0.00037292485316950077	0.000511030249712585	0.0008740793696727479	-0.001160416995051698	-0.00036659989590415214	-0.0017568694234221022	-0.001979669551670979	-0.0005002225268305815	-3.32077331684514e-05	0.0013558097768043558	-0.0007595708418853947	0.0005150962693697399	0.0011716363505046643	0.00025786996299270395	-0.00036073680423528184	-0.0003145156838113608	5.44507881945658e-05	-0.0005366586029656828	0.00047165456746289575	0.0005978869647794249	-0.00024047576218751287	-0.0011613944859150643	0.0007976450600123292	-9.491889840081732e-05	0.0009205126941142699	8.577655162015109e-05	-2.4102045322279427e-06	0.0001381597425779619	9.941377554673891e-06	0.000970994687062104	6.794174170075205e-05	-0.00023510571001446415	-3.0028019316621315e-05	5.763757144725964e-05	-0.0002326722009354931	-6.270485105865529e-05	-0.0001880424621965239	-0.0001749262111743703	0.0003663840073875625	0.0001923930540643773	-0.0001801409324060886	-0.00021271542029131628	0.00019474165866173123	-2.8776393851280674e-06	0.0002444826969300111	-6.286736696270055e-05	2.3236102118571343e-05	0.0	0.0	0.0	0.0	0.0	0.0	0.0	0.0	0.0	0.0	0.0	0.0	0.0	0.0	0.0
GA28	0.003357014524013688	-0.012653243970414292	-0.003542032122900615	-0.0009158160569530648	0.00520792304205694	0.009259123984086697	-0.0014511604650099185	0.004268798930970085	-0.0019286510284442372	-0.0011524413051088988	0.0006228298275820583	-0.0003202376823378232	0.0005589771406238628	-0.00019061020295834676	-0.00014597714469349686	0.00020480895891776142	0.00016465442999201267	-2.765488489031151e-05	-0.00015220864205079695	0.0001663173330565973	0.00015449083135525045	7.505444305345069e-05	-1.869410826904774e-05	0.00015281569679976556	-3.7887588023502664e-05	0.00024393228454395433	-3.109447746697893e-05	6.770173846728248e-05	-0.0001667174211862927	-4.1258513132641626e-05	-3.206242919627975e-05	0.00017835076629772734	1.565327290079391e-05	6.161412551747426e-05	-0.0002480151498817398	3.268236420639918e-05	0.0001465963795795471	4.23524593012043e-05	-0.0001408114819787615	0.00010370740412871285	-4.286706404614854e-05	-7.891524872068028e-05	-0.0001367079757975847	-6.413885025101959e-05	-1.6340537545706694e-05	-0.0001484974245079784	3.8963919834507194e-05	1.3927635866677592e-05	4.3610178174342594e-05	6.120055090740738e-05	0.0001231027412934685	1.3201121087521677e-06	4.60417338885706e-05	5.271606229798325e-05	-8.064020013309163e-05	-2.28692160399585e-05	-5.378072852200487e-06	0.0	0.0	0.0	0.0	0.0	0.0	0.0	0.0	0.0	0.0	0.0	0.0	0.0	0.0	0.0
GA31	-0.018422309656488802	-0.003496033105246706	0.0016406118390225619	-0.003844802895345222	-0.0007312187315818038	-0.0014188368287897414	0.0014049882308470958	2.2528650769533288e-05	-0.00030873303915869674	0.0008771233102324548	0.0025814069237476128	-0.00043101879862096984	-0.0001349906338989807	-0.001320149972792279	-0.0006533949209418554	-0.0016638177769053982	0.0005387485242070156	-0.0005430381476276183	0.000515525164921842	0.00030958997930566155	-4.79101758894606e-05	0.0013130628324222102	-0.0004956300339428912	-0.0006059603877692513	0.0007975277905560985	0.0004006142430482973	-2.144548352886832e-05	1.7016529084601456e-05	-0.000357915130624654	-0.0006108463776563446	0.0002820700845093762	-2.7489852805692994e-05	-0.0001290852389499635	0.000110338865030542	0.00016280247761026338	-0.00024269679083297336	5.074486189566337e-05	-6.163031787956106e-05	0.0001346113813686414	-0.000413847214166153	0.000610709951312913	0.0003859825817376487	-7.031855250446602e-05	0.000215376464815757	0.00015612797089488051	-0.00040066622109765217	-1.8624313147664148e-05	0.00011401328472566376	-0.0006438584670833811	0.00011384124896383064	0.00014056541025301423	-0.0002889725974526014	2.5927561855673207e-05	0.00014706992546005304	-5.682380513054349e-05	-6.34816761605846e-05	2.0823487682554774e-05	0.0	0.0	0.0	0.0	0.0	0.0	0.0	0.0	0.0	0.0	0.0	0.0	0.0	0.0	0.0
GA32	0.022260804897323842	0.003365631086346276	-0.00010232880055289642	-0.0025981847975948503	0.00045619005331979366	-0.0007575600418106295	-0.0005298245082704956	0.0006194150858790673	0.00010030022250593529	0.0003968283682100083	1.362816518494098e-05	0.00016587272091280982	0.00035698772271837816	-0.00020249569048981064	0.0003459616149788505	0.00021296470124377052	-0.0001093661325093883	-0.0006401870930384391	-0.00040724758244178004	0.0010007905578170717	0.000670838264251668	-2.7934488141927704e-05	0.0008873207299236787	0.0007280680083834037	0.00016074420034547794	0.0005939085540228527	1.8723263102390028e-07	0.0014989443389483235	-0.0009837373908513063	-9.751136582467616e-05	-0.00010694472096070127	-0.00048012290143369275	-0.0010588873787478836	-0.00017547378889919054	5.645473835417814e-06	0.0006673559431976703	-0.0007022841953847594	-0.0006372673583757985	-0.00014985731472599216	-0.0005706952192768163	0.00038968700673547605	-0.000804940608198859	0.0007953960451209609	-0.0005539145432017017	0.00016885685959385361	-7.437256570518511e-05	-0.00039168713307096955	0.0003717992582668029	-9.405314190667862e-05	0.00032212888221742246	-0.0002479849026933839	-0.00017530625362398037	-0.00022402062585256732	0.00014022784411245274	-0.0001267339459247354	6.049421693677419e-05	-9.862151877876551e-05	0.0	0.0	0.0	0.0	0.0	0.0	0.0	0.0	0.0	0.0	0.0	0.0	0.0	0.0	0.0
GA35	0.009484315155619183	0.0012864652396023303	-0.002831797615799703	0.0013207036695528003	0.0009376067030453677	0.0006198453704898091	-0.0002619899527260921	0.00010487187057104942	0.0008468832401437977	0.0007883623780731226	6.741902013333163e-05	-5.71161302505881e-06	0.0011315240622382743	0.0017934770987676478	-0.0006805631871980799	0.0007347508725964968	-0.000405686458806434	0.0009403101678094811	6.145989260225758e-05	0.0011711443385553485	9.84339219161451e-05	0.0007447322624572582	-0.00030036043182336835	-0.0006747620829418037	-0.0004150289738772064	0.00025506326218273335	0.0009191098023596308	-0.00020891621041225618	0.0002903075178940029	-1.6529100781996997e-06	0.0012324134729783727	-9.490562303160637e-05	-0.0012341342158491838	0.0008209550810715923	0.0002628975820245469	0.000573060955121053	-0.0007744562549488302	0.00019459102901108524	0.0012159988153999965	0.00018692595907060858	0.00047649035331683194	8.198589857405977e-05	-0.00039748721447744717	-2.6055864474675734e-06	-0.00028418222538766064	-9.290829899862611e-05	-0.00018006136238704048	-0.00045677921715625515	-0.00013383725559094583	0.00028798675230024006	0.00044987513642174247	-4.195103589680401e-05	-7.172785550172653e-05	7.204284254118274e-05	-7.995855325133593e-05	0.00010813461121397974	3.158698070300338e-05	0.0	0.0	0.0	0.0	0.0	0.0	0.0	0.0	0.0	0.0	0.0	0.0	0.0	0.0	0.0
GA37	0.033679041604442114	0.005143768932294002	0.0030324587333058397	-0.004419645337540798	-0.0009270851547606115	-0.0014818317277901923	-0.0004658162700926684	1.94675845031422e-05	0.00010231338989170801	0.00019183411334124627	-0.00028274521228345746	0.0005332542539972782	-0.0008334588817951625	0.00015717988303011723	-0.0004596569486488151	1.67228390754463e-05	-0.00029867119532094846	-0.000754202862239806	0.0003506805386150956	0.0008124535897416855	0.0004069883708267506	0.0004279926220908866	0.0003745099315723002	-0.0007298010237154511	-0.0006895330318127568	-0.0006612825587084761	0.0004664241729680119	0.0004513187268583732	0.00010806776902149113	-0.0002091684653211431	-0.00062570696568377	0.00043228959427344375	-0.00038028909959603294	-3.432842036975934e-05	-2.059501419884439e-05	-4.6613665125602126e-05	0.0006849994174468655	-0.00018149533318254898	-0.0006202460800549286	-0.0002881958425506888	-0.00025855092532418557	2.583491432077022e-05	-0.00015644048957399144	-0.0005504716470993304	-0.0007538035573569304	0.0001350654366264796	-0.00031685977761578726	-0.0006534443383865979	0.0003673031771068666	-0.0007804409446073809	0.00041709311405939284	-0.0001668608062118707	0.00013101623138626886	0.00020075084183551634	-0.0002880969915855342	-0.0002836132214496922	6.575348686949606e-05	0.0	0.0	0.0	0.0	0.0	0.0	0.0	0.0	0.0	0.0	0.0	0.0	0.0	0.0	0.0
GA39	0.036519057952098796	0.008697666866984729	0.0032147261847209245	0.003138942899858834	-0.0017582522407268597	-0.0006663420657361739	0.0010399375486229913	-0.00031529393151236	-0.0003939400536487486	-4.0624571247617076e-05	-0.0002471369486875356	-0.0008823973198168019	0.00014879467751721025	-0.00016729524679597637	0.0002769127294764975	0.0003046972618034325	0.0003422717159681009	-0.0003765548633237262	-0.0001864257544799238	0.00020184056204557429	-2.047747356184563e-05	0.00017737533531389326	3.001179311596182e-05	-0.0003608648985835871	0.00014876672786982465	-0.00011690608289903143	-0.00011034834929646263	-0.00034626449165695076	-4.4350821353887434e-06	-0.00013940432339546395	-7.327462230039483e-05	-0.00012742190720503078	0.0002092431004202094	-5.55406818247156e-05	-5.221833093482722e-05	0.00019753274737219077	-0.0002719986629662199	0.00012823248137503972	0.00029188875088708387	8.873081533328735e-05	0.0008179523467545819	-0.0007852540905115024	-9.089944502787967e-05	0.0007735969001152576	0.0007370761893612707	-0.00028995660595901264	-0.0003450964398814126	0.0006839337663088367	0.00034649119257305417	-0.00041697122780998597	0.00017335437575758503	0.00015615601891804743	0.00022505588020495576	0.0003389594379659784	-7.847938108100572e-05	-0.0001196667985773134	6.605756034868455e-05	0.0	0.0	0.0	0.0	0.0	0.0	0.0	0.0	0.0	0.0	0.0	0.0	0.0	0.0	0.0
GA41	0.02716058719109883	0.005803969888113544	0.0008151171181421305	0.0026170173830841314	-0.00012374491217543828	0.00034974356928220554	0.00038662248942631245	-0.0004304822300190972	-0.0006506811435989249	0.000545932509459175	-0.00040983276948032527	0.0005940320189658577	-0.0006562027700344542	3.395396315622713e-05	0.00018285440131607627	-7.09839879188239e-05	-0.0007960444370792002	-0.0005965090612777073	-0.000627983499140207	-0.0001127534402898611	0.000246985392233873	0.001329578841193036	-0.00010663918345848918	0.0006639635656782204	0.00010127766749883856	-0.0014382491437648014	0.00042986938636273444	0.0017911010185863757	-7.929876608848228e-05	0.0007802750380050093	-0.0005635704626214339	0.000925164101660814	7.119830545936005e-05	0.0002302022644804268	0.0006585984170828011	-6.105224553490745e-05	-0.0001306359337341277	0.00032577690765397195	0.0002956139833217683	0.00020923930516258754	0.0001234949471082632	0.00038576593483063666	-0.0001717912947386182	0.00024697485812274074	0.00043352114176811295	0.00031636462291934216	0.0005560419745130296	-0.00017352614489573188	-0.0001929722717245074	0.0003059871522242752	-0.00019430607238881027	-0.00016145112603447218	0.00013842740585909012	-0.00011274575639424408	-6.874378170354685e-05	0.00020503191533088327	-0.00010420898759579754	0.0	0.0	0.0	0.0	0.0	0.0	0.0	0.0	0.0	0.0	0.0	0.0	0.0	0.0	0.0
GA43	0.006837481674464348	0.000749685818634965	-0.0027583907622540337	0.0011700169278977982	0.000552631075819445	1.2300623225007352e-05	-8.005333756352637e-05	-9.492299115277316e-05	3.1385019528760633e-06	-0.00024812815270268575	-0.00014094983137965004	0.0001325034425705472	-0.0002210916914060493	0.0005474263159103343	0.00013352301776184893	-0.0002148624886829893	0.0004950701505353938	-1.3935125838122045e-06	0.0006817459716602066	-9.035572174593332e-05	-0.0009575237227359533	0.00027018444426447116	0.000633597695276167	0.0008300501270839529	0.0007835277823707972	-0.0010389202763404423	-0.0008304111168853964	-0.0003329387911349613	0.0004681895334324624	-0.000552079957860892	-0.0010402015503389302	-0.000277107237385432	-0.00022125190151203725	-0.00026761555371834355	-0.0008721747888229271	-0.0002263443543578582	-0.0005846242961854636	0.00016727983128484624	0.00016377335778372423	-0.00015926267419193315	0.00015201979561427488	-0.0002772660896278838	-0.0010954469369809615	-0.0012293945086107472	0.0002606451881314262	0.00012106869152959508	-0.00026440868947640484	0.0004413052463530198	-0.0005394228251541116	0.00017883303679139931	7.160160825353378e-05	0.0002774447743687024	0.00033452230925152003	-0.000270619933822512	-0.0002064109712460691	-0.0001787614749072628	-8.741206149985945e-05	0.0	0.0	0.0	0.0	0.0	0.0	0.0	0.0	0.0	0.0	0.0	0.0	0.0	0.0	0.0
GA45	-0.003307521801593916	-0.022502487819294613	-0.02372929815473785	0.0018796665391231711	0.0036949688530280764	-0.006190741434260366	0.0006137336520394638	0.0002067244247118309	4.104104147060304e-05	0.0001577611992553556	6.83213046582856e-05	-9.760144947991855e-08	-0.00016408036607733618	-2.852686288396203e-05	-5.13786416934185e-05	-0.0001782649028909842	1.2664390951088994e-05	-0.00012612888785416018	-1.2518719682034774e-05	4.797991536286977e-05	-0.0001282206166105875	-3.2861583299764514e-06	7.528094551819027e-05	-6.986945634960141e-05	4.5297419202822733e-05	-3.805158634330746e-05	-2.708150964870056e-06	-3.4551556448698474e-05	-2.3262081630186052e-05	-9.212986811815611e-05	4.611842180723038e-07	-9.008160553921528e-05	5.749409945344139e-05	3.8132426189098586e-05	2.2372283780810054e-05	2.505692866806265e-05	-2.8549067168755557e-05	-5.9123227287980134e-05	2.056239735549751e-05	-4.767047084247706e-06	8.268227039017487e-05	5.1919522388255376e-05	2.393937189200376e-05	5.119466915817748e-05	3.131160765105506e-05	2.211195723976693e-05	1.1004222389863576e-05	7.301874808987961e-06	-1.280638429909087e-05	-2.7900161283458865e-05	-1.4321028011429853e-05	-2.3908641905836443e-05	1.5580814167022005e-05	-5.9131743140883584e-06	4.419611272364929e-05	2.6277263274795305e-05	2.5181949191674755e-05	0.0	0.0	0.0	0.0	0.0	0.0	0.0	0.0	0.0	0.0	0.0	0.0	0.0	0.0	0.0
GA51	-0.015607260781864647	0.0001681883039240423	0.0010567520528000911	0.003770154900624828	-0.00030953574889975904	-0.00012615608240433533	0.0015583874847286822	0.00039528087235022995	0.0002962969626868945	-0.0002380571436724671	0.0001470562476915206	-0.0002972357545523683	0.0006104735479929168	0.00022787267997506565	0.0009753658938313123	-0.000995614643404041	0.0003703454283476851	-0.00016484877255048766	0.0007398310310323883	-0.0005218876986519422	-0.0008565674328253301	-0.0003593527326493916	0.0006351644939537217	-0.0008996639187951327	-0.00041784985334381264	0.001226618397249596	0.0004456926093021324	0.0003208380930044471	-0.0005820242259068006	0.0003608441226799059	-0.001432854023063849	0.0006291120068948757	-0.00022386531229529904	0.0008224809980999024	0.0003662706887861688	0.0003023570175267769	-3.1275045153188976e-05	2.74082587567061e-06	0.000644702651668425	0.00021180885093577303	8.016903878731987e-05	-0.00017488639187039257	8.87976793451096e-05	-0.00027031497640722706	0.00026304979126612837	0.0005081160005082045	0.00031666173086392665	7.078323375987766e-05	0.000637167111375262	-0.00011116489933885828	0.00011543627893307284	0.0005158017592466648	8.886330789877228e-05	-0.0003654053672484038	0.00010902313509318775	0.00010711465240275453	9.059626303374936e-05	0.0	0.0	0.0	0.0	0.0	0.0	0.0	0.0	0.0	0.0	0.0	0.0	0.0	0.0	0.0
GA53	-0.007756489521808444	-0.001015233299328831	0.0006430479634178939	0.0016184934799624118	-0.0002716780414159833	-0.00012984157606125925	2.397554588603306e-05	0.000993410940169592	0.0003700346540545846	0.0003179276160939778	-0.0005033374045426791	-0.0005272348326582746	0.0007495374965472407	0.0009277040628750914	0.001461295751729529	-0.0014118611498615313	0.00047190713520603065	0.0010835561517148398	0.0004119358896038607	-0.0005367208007197325	0.0008978375084449368	-0.000597549295147997	0.000657552346798461	-0.00020742692646943747	5.7761227980267244e-05	-0.0003088293978948908	4.1549900718388575e-06	-9.995200488481703e-05	-0.00022518840182861622	-6.887484925182201e-05	-0.0006277887236584643	0.0004753220047746577	-0.0006055028885334113	0.00019538808755844843	0.0005488672669069737	-0.0001201371731360084	-0.00022662796202154155	-0.00038500148204416066	-0.00031256420574703506	0.0011425408125048686	-0.0004927405571412115	0.00038731973074497783	-4.713493848713977e-05	0.00048172057746247247	4.857241269165113e-05	-0.0005649404076495448	-0.0005889842747172276	0.00024626259520886046	-0.0007120505715145797	-0.00021040672656281615	-0.00012274983893011406	-0.0006789071694320324	9.630405488513672e-05	0.00020862857793576284	-0.0001684339562725738	-0.00013040659871877094	-4.522955992311805e-06	0.0	0.0	0.0	0.0	0.0	0.0	0.0	0.0	0.0	0.0	0.0	0.0	0.0	0.0	0.0
GA58	-0.018131413148178156	-0.011219127914322388	-0.0013394789669473803	-0.0029480764120408884	-0.004898647718330206	-0.002225483026870657	0.0038981987390836665	0.001580007609398432	-0.0006077113920261269	-0.000668449218905811	0.00022836853284826205	0.00015172464924579523	0.0018475209695738226	-0.0002209675608517571	-0.0003056259442088978	0.0008906318463107859	-0.00018177380401982767	0.0008280522482061996	0.00012745475762816777	-0.0006208912162340135	0.0002507771793342098	-0.00031591979745580143	-0.00016761006044762762	0.0006196279292274359	-0.00014106143990053795	6.0289208732077824e-05	-9.176277618324351e-05	6.938683085046231e-05	0.00027686240044854705	0.00041084735693903404	0.00013395538502804845	0.00047346788121692727	2.4936679264416866e-05	-0.0001429257477339211	0.00023601629362347728	2.7356163012494843e-05	0.0002553024253628616	0.00018499148466671192	-0.0002139982181427238	0.00010714775997175462	-0.00039890778923445155	-0.0003300032639854988	1.2806954881317689e-05	-0.00031689408269098196	0.0001490105494530981	-0.0003486217395659312	5.853267665430525e-05	-0.0001576134114319271	0.0002137856013851286	0.00012497246188108698	3.843155021704316e-05	7.126476244095691e-05	3.014891238859194e-05	-2.889808493605695e-05	-0.0001276343787163699	-1.1355530093971669e-05	-7.43966327372175e-06	0.0	0.0	0.0	0.0	0.0	0.0	0.0	0.0	0.0	0.0	0.0	0.0	0.0	0.0	0.0
GA59	-0.018247427791866222	-0.015761577921322392	-0.00569245554859533	-0.0018532629605179335	-0.012918211547554926	0.0043050664964545	-0.00273297207553377	-0.0002944599995700822	0.0007752809356491097	0.000652614283998954	-0.0003764661462301202	-1.9192909757225007e-05	-0.0010989185899373023	0.0002741842810122964	0.0001461601873941187	-0.00032355281398776115	9.245073038296183e-05	-0.00048311066132749827	-9.91432408787286e-05	0.00033316522029086293	-0.0001516225730013475	-9.510824414312408e-06	8.735731037720194e-05	-0.0002769270956490363	3.0329014717218364e-05	-0.00010185212326808438	2.2279015831954696e-05	-1.6810849925017173e-05	3.2910897276274265e-05	-3.639494010367668e-05	-0.0001561461804825931	-0.00014442221491008634	-6.681876536391051e-05	0.0001520489219834207	-0.00014143266046695598	-5.445557284858107e-05	-9.806204980917618e-05	-5.965756646089652e-05	8.7378591498989e-05	2.085014062328828e-05	9.426801166914715e-05	9.260628788467176e-05	2.0639445710879147e-06	0.00013779864839589666	-0.00011402454316501767	0.00016695668243795037	-3.453588270324011e-05	1.898772418559511e-05	-2.440925941211094e-05	-7.057766327604559e-05	-6.122574686420709e-05	7.715140136414962e-06	2.463589819244945e-05	1.910777821723538e-05	2.3605538109584942e-05	1.676024868206394e-05	-2.9925120182170987e-05	0.0	0.0	0.0	0.0	0.0	0.0	0.0	0.0	0.0	0.0	0.0	0.0	0.0	0.0	0.0
GA60	0.04288665994525456	0.008301184188135058	0.002324326996258566	-0.008667610024510957	-0.004545795753144363	-0.0005751855091360487	0.0007799152098029378	-0.0003322474178689182	-0.0015262302954474935	-0.0011041193771875065	0.001043303276953075	-0.0006418555305322299	0.0012494593765369928	-0.0003120184025810969	-3.526367264971707e-05	0.00020859736991495867	0.00035015787382081126	0.00042172237819291435	-6.64315749066137e-05	-0.0002820903560355071	6.803536512826979e-06	-0.000202662198441199	-0.00022739926237870428	7.301811238676068e-05	7.049799654293914e-05	0.00024391172376539457	-0.00028411171400921685	-0.00012113003544893014	-0.00019056789393455775	-3.187433327770959e-05	0.00022103444951889877	-7.46645974447297e-05	0.00035809108174932855	8.794293171832083e-05	2.9230017535357904e-05	-4.0707195584153496e-05	-0.00012260465856467256	0.0002625520366582607	3.994173208179425e-05	0.00017275587576308455	7.060749115377974e-05	-0.00015247181965811623	-0.00014594405972978967	0.00011975935777992529	0.0003250455831116052	-0.00021938975534506973	2.2425384011786152e-05	0.0002504934815012871	2.5573642516513048e-05	0.0002862980649279161	0.00019006316011358504	5.425216133611575e-05	-0.00011308318127917856	-9.07173110124477e-05	7.440393750527623e-06	0.00014392095453024095	-4.260725078599547e-05	0.0	0.0	0.0	0.0	0.0	0.0	0.0	0.0	0.0	0.0	0.0	0.0	0.0	0.0	0.0
GA63	0.006363273393313751	-0.0078189277433051	-0.0029883630956219157	-0.004803011536014585	-0.0003874421960071056	0.0022456630936212893	0.0031926679981497115	-0.0015413720780981322	0.0023379897894324955	-0.0008131190458061758	-0.00287695545104441	0.0006246034718824241	0.0006877743612222422	-2.124257664718626e-05	0.0007048828425304979	0.0003332711035265194	-0.0009058949797822324	0.001082266110620035	0.0003389013466264119	-0.00026944608960931173	0.0003574406148232555	0.00027966914016129964	-0.0002940467353105974	0.0003188841398154686	0.00011275823041019261	8.947805132299472e-05	0.00042057879816659294	0.000289943433592507	8.974938206106941e-05	-3.233500074393644e-05	-0.00012607616671624024	-3.2276251011469274e-05	-7.408945935818329e-05	-0.0004494920764458645	-0.00010607574821177803	0.00018670749971176626	-7.772499736629176e-05	3.696192966112986e-05	5.6350878742176146e-05	-0.0006956859457194244	-3.60248969640473e-05	0.0002837649207011569	-0.0001878394258630978	-7.264661754229684e-05	-4.949997419870539e-05	-0.00010368093340494494	8.023483678853606e-05	0.0001434451568125528	2.9816185682015398e-05	1.718117453171768e-05	-9.357976710179733e-06	-0.00013331147641658668	-6.634967655492012e-05	7.200983242685816e-05	-3.438035225288204e-05	-9.400649159304261e-05	0.00010720116186770422	0.0	0.0	0.0	0.0	0.0	0.0	0.0	0.0	0.0	0.0	0.0	0.0	0.0	0.0	0.0
GA71	-0.006559656248520328	-0.0042050038536821065	0.0011384900929498696	-0.003130528681815376	0.0002776475841524224	-0.0010693408308592098	0.00021870268438174727	-0.0009129077801686702	-0.0009228696427554405	-0.001962609585830553	0.001749760595126996	-0.001277869091738402	-0.0023882529993108155	0.0008032724108748549	0.0013821909807750525	0.0009178642550094479	-0.0010024219658708211	0.0004705003557749389	-0.0006129155176378947	-0.0002909380325934068	2.450499386584403e-05	-0.0008036802668132544	0.0006351777803607594	-0.00015586772597247115	-9.276581890060878e-05	0.0001027562984919934	0.0002832760061541331	0.0003123329597511614	0.00026941535659288544	0.00033767775678277245	0.00010713243330581231	-0.0005880932903674185	-4.434997775035055e-05	0.00037907623462565164	-0.00015137082381378787	-2.8934892081285487e-05	-0.00018614265711530792	-7.851937309795533e-05	0.0004499989269644561	0.0003928823483284935	0.000341190353864638	0.0002461167561354128	-0.00011566972808448229	-0.0005571055277913403	-4.4706752634466525e-05	0.0004239719303168847	-0.00013839156573743072	0.00011511291845246337	5.72518755951111e-05	1.0023714786335036e-05	0.00045175555590135395	3.233357843613066e-05	-0.0002363544918132854	1.966147380879117e-05	-7.873714410064624e-05	3.721764030541959e-05	-8.914287471108924e-06	0.0	0.0	0.0	0.0	0.0	0.0	0.0	0.0	0.0	0.0	0.0	0.0	0.0	0.0	0.0
GA72	0.034587765670939845	-0.03489520181270558	0.02616670554907449	0.0025810820646877133	0.0024726802464550414	-0.0014422317981614425	0.0004912590174616083	-9.930569613200274e-05	0.00043130826118153493	0.00016537683204902867	-0.00023513282380421832	-1.945607087088488e-05	-0.00028810456539051735	3.660607181181234e-05	3.5727716463747974e-05	-5.568327163803734e-05	-3.07227274483738e-05	-0.0001305413292477281	3.456196528390968e-06	2.6783959911373266e-05	-9.6001937229131e-05	-1.0909681589076701e-05	3.797454091686164e-05	-4.357467266752452e-05	8.710981035968111e-05	-1.2717062631685895e-05	4.939431088990941e-06	-2.6513042562495634e-05	-2.025477463205893e-05	-1.4919358165364636e-05	-1.2230867672563037e-05	-9.46590181413061e-05	-4.259794132012442e-06	2.8994600106528866e-06	-1.2296132167375111e-05	2.0746163348233768e-05	-4.375423664934017e-05	-9.526640498193013e-06	1.986033259211652e-05	2.8399682471855553e-06	2.8214120385703116e-05	4.5441295094687476e-05	3.701923071898017e-06	7.834295234715376e-05	6.824469217432446e-06	5.3496677085368686e-05	7.456513776766149e-06	1.2486600533802259e-05	-4.365792693491994e-05	-2.3080865085909238e-05	-2.6379308706507358e-05	-2.482242760502895e-05	-6.220866251470858e-06	-6.181027780959322e-06	2.769241897995906e-05	2.4669073774036885e-05	1.6769917838582861e-06	0.0	0.0	0.0	0.0	0.0	0.0	0.0	0.0	0.0	0.0	0.0	0.0	0.0	0.0	0.0
GA74	-0.008509068593822751	-0.000709876274490833	0.000487455438928768	0.003111127582551192	-0.0008163125255857062	0.0005324920289257271	0.000993072464690791	-0.0006014361529314453	0.0002065572364907423	-3.21430467985254e-05	-9.943644491876757e-05	-0.0002245064144292299	-0.0007849451945910828	-0.0006925435867378671	8.4089825437657e-05	-0.0004183510534475188	-0.0003683363189211008	0.00042133248691179415	-0.00028932300025018835	0.0009964962076353936	-0.0013037865508563704	-0.00030901526796973516	-0.0004712889634720151	0.00031925199904507756	0.00023994983695928106	-0.00020333821216684676	-0.00026106482706814474	0.00011124286183830367	-0.00018723247665195837	-0.0008596580076345113	0.0012968839310529038	0.0009030728892453938	-8.925999744924238e-05	1.8537793664838134e-05	-0.00045330145933163965	0.0013907206583258758	0.0006342257963518464	0.0004480195918598089	-0.0006189412447195171	0.0006465725268497165	-2.999678593628817e-06	-0.0006950329203572157	-9.060871119861456e-05	2.3377015757254737e-05	0.00037493225915835555	0.0004811840527650391	0.0007146731095914364	-3.0300573447035644e-07	-5.685970180711209e-06	0.0002153711265336134	7.030913266739001e-05	-0.0004370117957397801	-0.00029776587934723546	-0.00024021628885793526	-0.00015885752208409992	-0.0002456751428283825	8.976142664946953e-05	0.0	0.0	0.0	0.0	0.0	0.0	0.0	0.0	0.0	0.0	0.0	0.0	0.0	0.0	0.0
GA78	-0.005998608970284667	-0.0014929803368261753	0.0007634713134543665	0.0010224126516952237	-0.000632273560854954	0.0001315013663629341	-0.00039511015865552763	0.0006536476018633557	0.0012154700703408145	6.288868901314718e-05	0.0010088939317499607	-5.0508455880563244e-05	0.0005276081411763707	0.001212686880814026	-0.001207274905176854	-0.0005674496280871533	-0.0016383470710558219	-0.0003183025402671723	5.6267710886809754e-05	-0.000732043394164529	-0.0013103065899041384	0.0008666848403481082	0.0003829002052448302	0.0010227769836188003	1.2520697363792103e-06	0.00030139310448813256	-0.0005474974377818642	-0.0005132819523204739	-0.0010240881397986991	-0.00014176777168805758	-5.442040435581454e-05	0.0011129070157399569	5.42092789074473e-05	-0.00011843698138481944	-9.099124399622916e-05	0.0001885448934507083	0.0006047874963393566	2.9439867083990536e-05	0.0005353614885354085	-0.0009361989735431667	-0.00011548392902467206	5.211869037075123e-05	1.3567967480867703e-05	-7.445554192581145e-05	-0.0003047279852091172	-0.00017666682145697812	-0.0003205789402905905	0.00018244218838644227	0.00010774323718362136	-0.00036928148122028005	-0.0002760693560224458	0.00031981026146733743	-0.00039226392715249313	0.00039416318849436427	4.3348118710074796e-05	7.766861658744969e-05	-7.609181042737838e-05	0.0	0.0	0.0	0.0	0.0	0.0	0.0	0.0	0.0	0.0	0.0	0.0	0.0	0.0	0.0
GA82	0.023049708340297823	0.003249498067459175	0.0004318999277769243	-0.002180230856230551	0.0009933520456035063	-0.00036370248106066877	-0.0015147411569712299	0.0008101410390973639	0.0009402208110354742	4.773292448341315e-05	-0.00021397121829164764	0.0010072739993471052	-0.001574435346627339	0.0012468599516277574	-0.0012561186889859988	-0.0001369972232675303	-0.00030409018409483684	0.0005542256106446681	0.0005877005342246904	0.00013573904474847447	0.0003875727192719444	-0.0007335722864954044	-0.0004615204750107536	-0.00035529262840278857	-0.00014817206670932452	0.0007664493751379201	-0.0005210928106940201	3.195234468006442e-05	0.0015279822034102513	0.0002585713661897306	-7.584710151406826e-05	0.0007147978129119785	0.0002745739741945842	-0.0006289930129757847	0.0012066944998748981	-0.00030318278926723695	0.0007508775583511672	-0.00017725002951569913	0.0003374907932955441	0.00010143408559284564	0.0002960714992652433	0.00011461295345635535	-0.0003347267155938408	1.5614176334041017e-05	0.0005974032943828725	-0.0003167806766160516	0.00033630062850348655	0.0005783720875396654	1.153705045353504e-05	0.0005864468372198937	1.8911798216961847e-05	0.00011114374118099309	-2.630258365969686e-05	0.0002011533627223046	4.765657327000089e-05	-0.00013223364526499648	-9.264516190455533e-05	0.0	0.0	0.0	0.0	0.0	0.0	0.0	0.0	0.0	0.0	0.0	0.0	0.0	0.0	0.0
GA84	0.02756119473428413	0.005743280657096059	0.0013822250120435397	0.0007028854451360311	-9.863937551614588e-05	-0.0010771774803353586	-0.0006707545006904388	0.000770630928053418	0.0005684801870645804	0.0005466371971351957	-0.0004783396599800298	-0.0005979188438004146	6.825624844926705e-05	0.00018802720507095716	0.0001871676761529339	-4.666927443532627e-05	-3.8780417887258886e-05	-0.00017372813293673974	-0.00014210913055181983	0.0002575479482654454	0.00031887865375710144	3.971680784960604e-05	-0.00012037894125810945	0.00021758347719870108	9.380908682761228e-05	-0.00011478107597656411	-0.0004737364897709714	0.00027627485606637	4.5580572732215604e-05	0.00022860323499497513	0.00022599216677089833	9.519590041709912e-05	-0.0001362497285563425	-0.000142535814963015	-0.00012960324455768733	-0.0001654300968522361	0.00024977786397218846	-0.00012175940791056706	-0.00013716960289334576	3.2179228373338975e-05	-0.0003852827892732429	-0.00020739275822362888	-0.0001816028448966727	0.000332401431968679	-0.00025344848212843367	-0.0005285442276633997	-0.00047178681135714946	0.0004013907931268183	8.845822707424344e-05	0.0003145528466153475	-0.00012634473871182646	0.0007376767512970653	-0.00028917422121310844	-0.0003729216008209738	4.7483281939588735e-06	2.154593009011247e-05	0.0003511501403851061	0.0	0.0	0.0	0.0	0.0	0.0	0.0	0.0	0.0	0.0	0.0	0.0	0.0	0.0	0.0
GA85	0.010202878705845455	0.00027223759494246356	-0.0023432978089605503	-0.0011830062079712614	0.0013397345079755273	-0.0001685724535994671	-0.0009759647171619595	0.00019656519379254234	-0.00014537340728143565	0.0002600604057999377	0.0006106324879773665	0.000335154531891112	-0.00041519160893689795	-0.0007747609460296452	0.0017241823170989227	0.0010047399806259747	-0.0009149390718392338	4.413631471046509e-05	0.0016436796448733918	-0.0009934618723086944	-0.00010736154568254688	0.0008220035555854385	-0.00016251726765190963	-0.0012763945478238773	-0.0011272000863433744	-0.00038235193380817647	-0.0006531888229167228	-0.00033818524184233117	0.00029098426483266555	0.0004165888749092071	-0.0005313468979477989	4.3615376826280285e-05	-0.00015743985177417777	-0.0008416564974456496	-0.0009723271433001084	0.001070268926442543	6.634353381326116e-05	0.00022725473752557008	-0.00029126342055757026	-0.0005461727576691684	-8.667594398871728e-05	-5.1917077346105714e-05	0.0001063902504800693	0.0005364371922957315	0.00023335119906492218	7.063608895439167e-05	-0.00012372030525109582	7.918744273348765e-05	-7.847234815937598e-05	0.00034338063539878026	-2.6101369495233e-06	-0.0004490274951993413	-0.00014193118843803024	0.00021333036229576467	0.0001702814403339281	0.00020617334047271603	-9.32312258026905e-05	0.0	0.0	0.0	0.0	0.0	0.0	0.0	0.0	0.0	0.0	0.0	0.0	0.0	0.0	0.0
GA88	0.01442624551585884	-0.0005443524754651297	-0.0016323865342427243	-0.0051227659236690445	0.0009630845500394701	6.0819213549869447e-05	0.001096321411183271	0.00033548787060114996	-0.0004637065073656721	-0.0004370217035711895	-4.991451974792792e-05	0.0008648242433841872	-0.0013216268381037381	-0.0002891438572440226	-2.6237127075228124e-05	-0.00027555108828914067	0.0005852750792283625	-0.0007557922790566147	0.0008373828353187645	-0.0006394905314847186	0.0007226676374668765	0.00031745372384442525	0.00041662775331631333	0.00028647756690204217	-0.00032103577207001003	-0.00010212556768037865	-0.00030123927531973226	-0.0002708783707024889	-0.0005196584991322801	0.0004203879290346065	0.0008756956450923916	0.0008509074848826305	-0.0004846946908291568	0.00016912393834407752	-0.0004904345223703325	-0.00020212260800590414	-7.463285794989509e-05	2.1508606592342746e-05	0.0003179923270836085	0.00046721735300312366	0.00033535549365417783	-8.817395182783314e-05	-0.00032314457437037037	0.0005106892440497909	-0.0002596885609284957	0.00016735227170053176	0.00014489558491596123	-0.0006493435306999587	-0.00064605955727017	4.861536233342116e-05	-0.0004476939491933506	0.0006756950944910654	0.00032486512014674095	-0.00027337682460617754	-3.522618917739028e-05	3.169275510507278e-05	0.0001685994862456148	0.0	0.0	0.0	0.0	0.0	0.0	0.0	0.0	0.0	0.0	0.0	0.0	0.0	0.0	0.0
GA91	-0.041435796013866585	0.006483388797346555	0.0032270371892016672	-0.0005576291447695177	0.001826604899618003	0.0005660897709066599	-0.0015263779493741472	-0.0007936851248704426	-0.00024721663212192276	0.003073043451395699	0.0007623498119038383	0.0004037455106590042	0.00035531933092407774	-0.00022632538508972095	0.0005434843094317517	-0.00017842837222043926	-0.0002478642718335771	0.0006081809362398253	0.00021618845861923796	-0.00010707950565309438	0.0001801577410377133	-0.0008677854236599853	0.00017110236125241434	0.0010917550072728384	-0.00028213054321715264	1.1904013814743694e-05	0.0007242135302381237	-7.892716223791372e-05	0.00016640239447552544	0.00013490475328286947	-0.00022089832528351982	-0.00013475757079049833	0.0005094558824086784	0.000248995444037015	-0.0007000003926982839	0.00015585331604724817	0.00018847474243202723	0.00028477716926515094	0.00019696701861666738	-0.00021059613088566118	2.582986438809791e-05	-6.358037186288125e-05	-0.0005395692440353073	9.785587135980693e-06	-9.882207625520253e-05	-0.00022739807424586382	0.00028636924823064277	0.00018864004148760015	0.00045564623808665335	0.00019133093578812489	-0.00010259421201484432	-0.00013505361520799132	0.0003607677257643365	0.00037981823505123604	-0.0003057539738641624	0.0002354238386269667	0.0002500312543922632	0.0	0.0	0.0	0.0	0.0	0.0	0.0	0.0	0.0	0.0	0.0	0.0	0.0	0.0	0.0
GA93	-0.03062440935783977	0.002521766427108636	0.0018158145036193045	-0.0018856659070305634	-0.000594572143609594	-0.0014306552610428437	-0.000530058762064276	0.0006407241223762688	0.0006444993248971672	6.464155517831557e-05	0.00010762829499817104	0.00046860895984955023	9.468774594150163e-05	0.00042487345802741703	0.00040200595797582745	0.0012067399622669834	0.00036109437908493473	-0.0010338493278849968	-1.3268205092582888e-05	0.0006047866634396253	0.0002925138696956915	-0.0003079432175320378	0.0007607809729682853	0.0005092420839507504	0.0004584768029190239	0.0011978443244428391	-0.00035725315734145587	-0.0006748432493685935	0.0007698587980210256	0.0005576148396091883	-0.0007159052049769937	0.0008497373694258035	0.0007941419703088793	0.0007171539415334769	-0.00014005789102626933	0.0002420287204902914	-0.00015253357049905343	0.00017776182328986005	0.00015892315928313025	8.502045414491747e-05	0.00036034348464741676	-0.0005412189434509956	0.00036715629660994054	0.00013812958543322576	0.00013197102554380583	0.00023760835342828267	0.00010928803083854213	-0.0006396969728865112	-0.0002769534207647634	-4.345708003643478e-05	-0.00045153446931682967	-0.00039734228894196873	0.00012373442852536696	0.00013007367685295031	-0.00015452786478835218	-0.00011527922704000079	2.419100539949468e-05	0.0	0.0	0.0	0.0	0.0	0.0	0.0	0.0	0.0	0.0	0.0	0.0	0.0	0.0	0.0
GB106	-0.04444875719923333	0.009733233953730491	0.0024878590145223046	0.0038130765980926655	0.001428243942501344	0.0012990511313010383	0.001916347867487815	-0.0004950015496424389	0.0009766296656450817	-0.0007989784917798404	-0.0009504337184313233	-0.0009116047288411654	-0.00014724995837708498	0.00014000240413215465	3.7345543528340346e-05	9.654779443088027e-06	0.0004133481397999068	-0.00045016213148452654	-9.983532270408442e-05	0.0007997077945899983	0.0007281528396378711	-0.00030508133402668805	0.0004482397298717788	8.037050435442025e-05	-0.0005974148921814986	-0.0005857966487721782	-0.000549872009704102	-0.0007863429461551776	-0.0007563093737715841	-0.0004480756635093537	2.2870090842268457e-05	-0.00012482101467061875	0.0001758897178285551	2.2793799049817737e-05	0.00036959548807777634	7.379061331649215e-05	-3.754501285382375e-05	0.00020177631934928085	0.00042955802691129516	-0.00048437430507046925	0.00016937510874142527	0.0001406559923871867	-0.000125345472942348	0.00019186941027786553	5.051268427115134e-05	-3.267152592083047e-05	0.0001412014108997384	-0.00015011719199118864	-0.0003385521492164779	0.0001697554114494699	-0.00011185900858356944	-9.665872756677208e-05	-0.00020189438910388143	-1.255203829818316e-05	0.0001150480162691784	-0.00017985950484589858	-0.0002301243229169416	0.0	0.0	0.0	0.0	0.0	0.0	0.0	0.0	0.0	0.0	0.0	0.0	0.0	0.0	0.0
GB107	-0.048468480784899626	0.005462679068413164	0.00430341971234838	-0.00944134947528721	0.003208365483735252	0.0013778303320570483	0.0026190707206859565	-0.0012449939932524146	-4.0941976908115756e-05	-0.0006705911924418707	-0.0002497230787888249	0.0008539754931986898	-4.642878383813558e-05	1.3354120307981137e-05	0.00013785902812284327	-8.377243898433751e-05	0.00013146555874830518	0.00015528974593540676	-0.00010261618854873193	0.00014717216456985868	9.266990580994761e-05	-0.0001632180270038044	0.00016078341263844371	0.00011672827718642464	-0.0002347025775706268	-0.0003421855967183825	-0.00012023898069232613	-2.0544142038637805e-05	-0.000129448224906722	-0.00020756926071949838	1.7448228477117437e-05	-0.00016368886805040258	-8.965149513347257e-05	0.00016419474469533596	8.185684987636614e-05	6.733922123546906e-05	7.677241066904035e-05	-1.8542719096501156e-05	-2.7063922515710105e-05	5.037656736678257e-05	-6.086020216702029e-05	4.4155248710027237e-05	-6.452421774484664e-05	0.00015165025679414915	-0.00016646150930878017	-1.4953703581265427e-05	1.361748783310297e-05	3.437268854936254e-05	0.00017788185203998096	-6.169034735188123e-05	-4.3441865698537676e-05	0.00011150531750099878	4.028610373003342e-06	-1.5370722001498895e-05	2.67180593303315e-05	1.3594896260830162e-05	-3.5249769919659474e-05	0.0	0.0	0.0	0.0	0.0	0.0	0.0	0.0	0.0	0.0	0.0	0.0	0.0	0.0	0.0
GB112	-0.007083123626250612	-0.0018985138274434004	0.0006586483448116091	0.0014636430889203352	-0.00017536839718231557	-0.00036211726448196206	-0.0003732386788693444	0.000549929389954849	0.00039486625544709085	-0.0002836262756737505	-0.00041815150621016077	-0.0008624592219987664	-0.00017507405840392547	-0.00039088665635654345	0.00021919848677121574	-2.766493774382914e-05	0.0017892000791527437	0.0010540789470193908	0.0009152589284460739	0.0005497277852952158	-0.00016592594239489528	0.0006218505602237249	0.0009545874756638263	-0.000610563164650822	0.00043359577599672965	-0.0005296259044048686	0.0004446807965685982	0.00036600183825342915	0.0003002195990983643	0.0009635485982191048	0.00047935960147417657	-0.00047339997536123264	0.0005808631456150543	0.000674784568890673	0.0002130782664890109	-0.0004280905428421193	0.0008961835853027358	0.000878483556412124	3.872877104552739e-06	-0.0012923284544351305	3.242949014312223e-05	-0.0002986472022827875	0.0005287284367397208	-8.796472596877969e-05	-0.0006062985771887209	-0.00021097528218402606	0.00016423782657848317	0.00021785036367515367	0.00011218401433830819	0.0005271505752305069	5.615826513407203e-05	1.8850017811429697e-05	0.00029865641577637335	-0.00013769705934129264	-9.193679808557307e-05	-4.9765701837248754e-05	-0.00013909000865593035	0.0	0.0	0.0	0.0	0.0	0.0	0.0	0.0	0.0	0.0	0.0	0.0	0.0	0.0	0.0
GB116	0.0023248668205346026	-0.0004169197707362738	-0.0012599421793934673	0.0002662127177453939	0.0001540880884124222	-0.00016989100449332724	-0.0004176127723820993	0.00017195236567673272	0.0006518459378343166	7.028483001408262e-05	-0.00019284943980390636	-0.0004640667806092167	-0.00011575287294642826	-0.0007184539501054163	-0.0007156589432208292	0.00017388516715605634	0.0010277439048456316	0.0007383834670929993	7.630532235212166e-05	0.00044417353457912854	0.0003430375716343961	-0.0004490273211410106	-0.00043337054958785085	0.0006463742216350866	0.000557609214019833	-0.0005846899659491695	0.0005349177010096059	-0.00022875860820391154	-7.466270703401416e-05	0.0006871236629166471	-0.00020770670497872684	0.0011466679514217787	-0.00046888695821150733	-0.00048361807589436393	-0.0008528029267038801	0.00016639405759555882	0.000711525090610603	-0.00018486068634188436	0.0002097817208314129	0.0007175974105732078	0.0007289078125372717	0.00013716486935978265	0.0007176148983884612	0.0002743738502707001	-0.00023947884058590074	0.00038469188809123867	-0.0010132857237964046	5.9309211334896954e-05	0.0004151577445853007	2.854623794841561e-05	3.386309992569589e-05	-0.0001250745682806411	0.0001114985442083325	-0.0002485630190520614	0.0002797488171420231	9.641825953929271e-05	-0.00010086136291222994	0.0	0.0	0.0	0.0	0.0	0.0	0.0	0.0	0.0	0.0	0.0	0.0	0.0	0.0	0.0
GB139	-0.001222837450032083	-0.0017988936509941555	-6.275791000965029e-05	-0.0006210520806127264	0.00019356979670044072	5.02530738923024e-05	-0.0014465938255041292	0.00027980933876004183	0.0009575444994242785	7.2088021584244015e-06	-0.000574869028653298	-0.0006399408036874478	6.151683873648242e-05	-6.187761996717179e-05	0.00015510403850943724	0.00014873279351892532	-3.686606920410816e-07	-0.00029113609457906506	-0.0002534400844217832	0.00019259715294356967	-0.0003626094551676816	-0.000532586801513785	5.353740107641458e-05	8.270993055411907e-05	3.174099531881018e-05	-0.0001047006067571802	-6.711335013501053e-06	9.711443546923896e-05	0.00025944863965188285	0.00012887319202380156	6.740517115518978e-05	-0.0005743638341871117	0.00015959331511478098	-4.53498543288831e-05	-0.00020456372207171449	0.00025484484785037606	-3.265368723855929e-05	-0.00013269925576109797	9.418350139587605e-05	-0.00033672578725244467	0.0002506736670287833	0.0002029832005461291	-0.00010678374186023135	-0.000207780471832215	0.00011452748747865366	-0.0001682173214577347	-5.451093052921597e-06	8.373693854259926e-05	-0.0003636163311337064	7.982078720943268e-05	-9.975595211401752e-05	-0.0002852922390885813	-3.237457736771462e-05	-0.00015989965061065915	0.00039365868484192326	-0.00013892627798440046	0.0005321825851090105	0.0	0.0	0.0	0.0	0.0	0.0	0.0	0.0	0.0	0.0	0.0	0.0	0.0	0.0	0.0
GB144	0.00993300497803724	-0.001757930452347196	-0.0018392753536906185	-0.004316287999860112	0.002009518708054138	-0.00019839106698433953	0.0003464464831533342	-0.00047960952791181315	0.0005059919201387226	-0.0008709516755681738	-0.0003241498659641531	0.0010363297940169237	-0.0008063064629562545	0.0013402420498240264	-0.0012632153943193784	-0.00042361814230350455	0.00150912668850856	-0.00013383633923229283	-0.0007295407728919492	0.00014607085542808063	-0.0006345109543035392	-4.799411505145703e-05	-0.0003423750789059689	0.00026050773470485164	0.0006651317516793642	2.7238176888031165e-05	-3.338348416836821e-06	6.493268080130507e-06	0.0003445643983409298	-0.0005781294101770893	-0.0007214458939003712	-0.0001837312931834082	0.0004653339115187339	0.0007000084859030369	-0.0006417363481572155	8.203498835674993e-05	-0.00032315861135491877	0.00036712050343186225	0.00019990725007336169	0.0002018123973693254	-0.00041344295168516804	3.977599137059186e-05	0.00021767219775181031	0.0005000312363542107	-0.00012242537029890992	0.00011830253192423293	-9.761356442567218e-06	0.0004896023594043613	0.00017613678211975264	-0.0002269001147777655	1.5369770971497986e-05	-0.0004980137334171588	-0.0003198095494544588	0.00013205257913641413	-7.999243200898447e-06	0.00033273801253787857	-7.739492480307223e-05	0.0	0.0	0.0	0.0	0.0	0.0	0.0	0.0	0.0	0.0	0.0	0.0	0.0	0.0	0.0
GB145	-0.00465424581385237	-0.0006700453407841801	-0.0003114555448395778	0.0031999384689295643	-0.0011826118595717123	0.0017484507827522867	0.0010556054326499335	-0.0011291024615371465	-0.0007657341531126014	-0.00043298425212770367	0.00017017840653758414	0.00011011339307532757	0.0009563248141064903	0.0007359563169669752	0.00020016251506539811	-0.0005262736657094899	1.2975455521186779e-05	-0.0003223992967400289	0.0003528913639762864	1.2957696357376935e-05	0.00020651903052882684	-0.0004975076903932894	-0.00015406318354460057	-8.501510146923376e-05	-0.00039747869096314585	-0.0006182132505359508	0.00028396056528475584	0.0005191846186866437	0.0006396720778564682	6.533119683756281e-06	0.0005474686529258497	-0.00033141096619551685	0.00021347256864217776	0.00023253446968583613	0.0003434360128409294	0.00020208509032522827	0.0007407172643089894	3.715129680240168e-05	-6.722613947131171e-06	-0.00030956346399941994	9.663729384908937e-05	-0.0003111525352294648	7.274107175092611e-05	-0.00036532429789635997	0.0006651633969465757	0.00045504336363343865	-0.0001667360428081964	-9.142955318139828e-05	-0.0008308423660107249	-0.0006226866931530292	-5.7768247655352965e-05	0.00017600694541852288	0.0003056153802671953	0.0004344032779265503	0.0004450583608807052	0.0002773923746123958	1.3262626524631532e-05	0.0	0.0	0.0	0.0	0.0	0.0	0.0	0.0	0.0	0.0	0.0	0.0	0.0	0.0	0.0
GB156	-0.03726322205127079	0.005268203085413692	0.002436361837472593	-0.0020124249599642995	0.0004575926233509967	-0.0008192332960711808	-0.0009377752081793894	0.0008839922582110215	0.0009533792818103138	-8.185569816439196e-05	0.00015524119953536257	-0.00050518093398305	-0.0001579996296708112	-0.00028271986726138956	0.0005074450137147654	0.0003266019027467382	-0.0002584505018371658	-0.0007891417963627582	0.00015216071763981192	0.00031342698770505203	0.0003754172280015153	-3.78867571179797e-05	0.00019663672816779617	0.00026177234232020643	-0.000229020219567782	0.0003921494354111414	0.00044436515458342273	0.0003679378709862163	0.00024646248889770577	0.00015377132620663096	0.00039937109541058545	-9.272778422336318e-05	-0.0004295333106480012	-0.00047794712339191604	-0.00016266129265970098	-0.0001087675364645683	0.00036772331378816985	-0.00047972726049794895	0.00023081216556371684	-2.1417732757926993e-06	0.00019580773610164737	3.84771006637337e-05	-0.0006414713176880845	6.762029017126287e-05	-0.0003283240050001503	-0.00045277181845967995	0.00046420458589168317	0.0006624773274214151	-9.62105446498695e-06	-0.0008047922373545633	-2.2231693292275197e-05	-0.00021700714049694493	-0.00015907079904753298	-0.000753942361613487	0.00039592022922127105	9.25748241161328e-05	-0.00019346671434561683	0.0	0.0	0.0	0.0	0.0	0.0	0.0	0.0	0.0	0.0	0.0	0.0	0.0	0.0	0.0
GB160	-0.0028893454926649056	-0.0005709147214841157	-0.0006528121345374107	0.0031020138995807548	-0.0007818820472754985	0.0012752831385718624	0.001057641854226185	-0.0013604953446096951	1.2302001221808663e-05	0.00023053884942548397	0.00014734032193028897	0.00011115228233700861	-0.0009719476818684934	-0.0001429357937054001	-0.00017933215510239418	0.0008382417987108873	0.00044848802144814283	0.0002159778102536766	-0.000517949183219688	0.00011867527197230711	-0.0012088036377385337	0.0007662140127109826	-0.0006708338667610083	0.0007528248021770895	-0.0019073350046690497	0.0012986126198200746	-0.00013510590078070957	-0.00025201008614563484	-0.0005391072283577071	0.00053437687354068	-0.0008039663050009863	-0.00029686463823970304	-0.0003638796484559356	-0.0003431448813595221	0.000635441787582574	-0.0003855100264258946	-0.0007181960912795042	0.0006359425840804237	-0.0007643486476264017	0.0003220382917538414	0.00025416364614471305	0.00011396157021064136	0.00021314533447892696	0.0003101981111109239	-0.000700025069416867	-0.0002495735285395374	9.506413001406357e-05	0.00042674108866272377	-0.00041155266063048584	0.00012189740677212537	0.0001647816004490621	-1.9084572425324862e-05	0.000277698893361714	-8.551464460134732e-05	-1.7144118622102657e-05	-5.042753138548962e-05	2.4588064991345617e-05	0.0	0.0	0.0	0.0	0.0	0.0	0.0	0.0	0.0	0.0	0.0	0.0	0.0	0.0	0.0
GB162	0.0065450901022655215	-6.848623580829088e-05	-0.002031076568939778	-0.0011490733362170395	0.0011266702173631108	-0.0007380180695057942	-0.0011454587582728644	0.0006126501358359309	0.0004889386748109698	-7.533994912787217e-05	-0.0002021993317807404	-0.000840920241240682	0.00028684411900313603	0.0001258652007519103	-4.857272443755321e-05	6.0004985645182385e-05	-0.00025880816853614925	-0.0003619798418304344	-0.00015588871685187766	0.0006275744330920347	0.0003767397461796338	-0.0005050335994776295	9.740793797067052e-06	0.00017415653401960324	3.438146772335783e-05	0.0002567557563484699	-8.475347277349914e-06	-0.00044150826812291316	0.00011453431606307877	0.0002014612206534395	-0.0001288707054415921	-0.00012057284300547185	0.00033536212921243537	-0.00018776729988120974	0.00015535386695713906	0.00067940400392418	0.00018876254501808408	0.0003964422181321296	-0.0008463103106352222	-0.00036429808104418795	0.00038469283740806407	0.0010784491312678462	0.0008205444232453975	6.561318943621776e-06	0.0006266010727324831	-0.000415762570388176	0.0005856228096223929	-0.0001202979005893941	-0.00047553869679586	-0.000722459238960291	0.00044395964911661144	0.0004887134440973373	-2.279103472186645e-05	-0.00023287226816463927	-0.0004716436140985049	0.0001951830980670229	2.0848748886027763e-05	0.0	0.0	0.0	0.0	0.0	0.0	0.0	0.0	0.0	0.0	0.0	0.0	0.0	0.0	0.0
GB166	0.015669603175905687	0.0035584063969620497	-0.003167350344190027	0.0026824342061830047	0.0005274050534954869	0.0014877208860327438	0.0016219366132134575	-0.00045227720587201974	-0.0008181543472175818	3.392858246742644e-05	0.0004295782081571979	6.217322718349828e-05	0.00035406228118642233	0.00022213796336918503	-0.0005410924679196536	-0.00015882653892032873	-0.0003606447386271227	-0.0003796011678927495	-0.0007617690180774275	0.0003297257135326807	-0.00025504428284804626	-0.0003950186791816138	-0.00024123914812697949	-0.0006346308309122544	-5.724866890482819e-05	0.00014645897749582894	0.0003223543015005158	-0.0002741996209383739	0.0007381412732536897	0.0008016305860933445	-4.497122670420209e-05	-0.00019069170017282965	-0.00012306624266741065	0.0004217436571325367	0.00034987390138832867	0.0008729987609260461	0.0003265537540126955	-0.0003741417885979627	-0.0006951524685857587	-0.0006293832572714339	-0.0005487357402626683	0.00022687719323559127	-0.0005375488811033691	0.0004958351466232721	-1.5037359875444994e-05	0.0005580355357266689	-0.0008001850136100526	0.00041930078546915424	-1.7029081706946617e-06	-7.01120324497422e-05	-0.000545648939657229	6.084873577769251e-05	1.8503419027844916e-05	-0.00051931103792773	-0.0003333934210541589	-6.96302515631672e-05	-9.83719049678414e-05	0.0	0.0	0.0	0.0	0.0	0.0	0.0	0.0	0.0	0.0	0.0	0.0	0.0	0.0	0.0
GB167	-0.021967665070455444	-0.0006723015231165343	0.0016748589128242626	0.0007483362214801636	-0.000914054483667825	-0.0023827885070661125	-0.002254238253073154	0.00021913975557859741	-0.0027060895430076073	0.0007544471701302155	-0.0006373764389534276	0.0009104343113445827	0.00020801290604277898	-0.00023583497523112413	-4.593869975091157e-05	0.0011966082150120297	-0.0010542117128868004	0.0007892321802885055	-0.00012666297406312716	-1.1323937215190031e-05	-0.00015459704938895205	-0.0007547158630474254	0.0002811536824645327	-0.00014685469136104093	0.0004905774041537276	-0.00010922484189599752	-0.00050202341901962	-0.0003920161145612998	-0.0011137753793663636	0.00015136340557209545	-0.00015692651490996866	0.00015901610910905634	-0.0009139712725046884	0.0004353455859255973	0.00045248482414982484	-0.0001741163399788748	0.0007156566886325826	0.0004161116207031494	0.0001862912287194874	3.9975243068557106e-05	-1.8275738899167797e-05	0.00020162077459030432	-0.000237006720956229	-5.286094748536944e-05	6.5253852668361e-05	-0.0001948245387924363	5.7663285785409396e-05	3.9720840011366197e-05	-9.577684756675089e-05	3.7261646882682485e-05	0.00012048637059988159	-7.541687140910771e-05	-9.773213173228325e-05	-2.9882757480833682e-05	8.220095364294835e-05	-0.00020998928496273795	-0.00015256353557190639	0.0	0.0	0.0	0.0	0.0	0.0	0.0	0.0	0.0	0.0	0.0	0.0	0.0	0.0	0.0
GB170	-0.0047881284382692854	-0.001689280727286274	0.0006138620818234236	-5.494331591999675e-05	-9.300407437804057e-05	-0.0004403334902684537	-0.0006480467784554403	0.0004948741241288412	0.0006173708195220433	0.0004667619599269779	-0.00094927216069924	-0.00011628623803063915	6.85754912742029e-05	-0.001307403451196598	-3.768158896432524e-05	-0.00018288596990563907	0.001161411178873854	0.0005815276147359798	0.00023230192872979557	0.0012559272749609843	-9.990884487526839e-05	0.0005065463020968871	-0.0006958918404435376	-0.00037758411341890706	0.00016684326548728674	0.00020140542463538053	-5.990575417734472e-05	-0.00042928737180149897	-3.599653493763514e-05	0.0008004189972456958	-0.0005160648034434225	-0.0003918422602599727	-0.0006632514252031864	3.603268683417978e-05	-9.68181828619794e-05	-0.0003742849132226975	-0.0004541316575819907	-0.0005780986227717566	-0.0006351890489766989	0.00024930398179869213	-8.109119863136849e-05	-0.00013101110947988246	-0.0010680286268749878	-0.000331343716929196	0.0007307809127406667	-5.508727956662209e-05	0.00046694073831432623	-0.0005981148105674659	0.0004086009169828593	-0.00016996247773647395	-0.0003250675327607726	0.0003033815880438383	-0.0005707180774551575	0.00029310378679108575	2.897891280931209e-05	0.00022046215015488044	-0.00013455605360025849	0.0	0.0	0.0	0.0	0.0	0.0	0.0	0.0	0.0	0.0	0.0	0.0	0.0	0.0	0.0
GB173	-0.006457040981084033	-0.0008888910072549529	0.0001489178206934375	0.002943460299464126	-0.001015492152004003	0.0008404231695576694	0.0007546928158386908	-0.0009714876922629689	-0.00043937374395288753	-0.0006580396484035995	0.0006208537332331949	-0.00030160163124136243	-0.00037103199929896207	0.0005749553534766847	0.00031939831221065797	-0.0003610619499244592	-0.00044888953202101704	0.00015667719784082662	-0.0003776600402984644	0.0002730617306608336	6.491529885522041e-05	-0.00012282573306373064	0.00023078755294035598	3.239921318161647e-05	0.0002594350011708649	-3.436953382717247e-05	0.0001324721407585496	-0.00025584921191027654	-0.0003780028058073891	-0.00036714289017690234	-1.5695493684185317e-05	0.00018069823733409676	0.0006951619548162042	-0.0006714827976549421	-0.0004392117785261424	-0.00021576102546300735	-0.0004704159924500866	-0.0010789885879077662	0.00016932837874791004	-0.000668474199013506	0.00045035428326454705	0.0010842809799027507	-6.205993336173317e-05	0.0003450198994585644	0.0005856943190753043	-0.0004585346533865468	-0.00023630302782819173	-0.0007638174511440267	0.0008104647390886871	0.0005048875828828004	-6.877798735174113e-05	-0.0001409814704241155	0.00032008923819598276	-0.00027842805391807747	-7.019627788716745e-05	-6.362708814084729e-05	-3.342507272973596e-05	0.0	0.0	0.0	0.0	0.0	0.0	0.0	0.0	0.0	0.0	0.0	0.0	0.0	0.0	0.0
GB177	0.010360940132397195	0.0018270173883606377	-0.002745589534150594	0.0011409102337989405	0.0004263811227935498	6.602959884437501e-05	5.017461861929394e-05	0.0003743142318069155	0.00026389940898591317	-0.0002739233654533799	-0.00046071309125035755	-0.00045346215443122493	0.00036819462503263656	-0.00033824658486956315	0.0005019805276805457	0.000482932633711017	-4.991196547254904e-05	0.00042796774249461946	-0.0004187799654062258	-0.0006170644883028226	0.0007845339040806566	0.0002621178672051395	-0.00034814430861457416	-0.00013572609872475149	0.0005033370145080824	0.00031786460363851374	0.0004718722314353267	8.415234574801835e-05	-0.0005270430318780818	-0.0008571270782202794	-0.0003214317879139219	-0.00023254376845250919	0.0008336722277202585	-2.1023958124825157e-05	0.0004173714220018918	8.308195123418003e-05	0.0006826741984385883	-0.0007564817447559516	-0.0005944289394253638	0.0004621029608784665	0.0013315459238866867	0.00028441697685044814	-0.00019282247925084703	-0.00021981663447506324	-0.000866305684477713	0.0007670819744110777	0.00036584923666852496	0.00037068165142290616	-5.052227966396324e-05	0.0002543135627856316	-0.00045628934778153834	0.00035679887361000576	-0.00011837527743076658	0.0005538122628768224	-2.5407457568598522e-05	-6.554509185345908e-05	-9.986788366916754e-06	0.0	0.0	0.0	0.0	0.0	0.0	0.0	0.0	0.0	0.0	0.0	0.0	0.0	0.0	0.0
GB188	-0.03510995855981763	0.004197428480703327	0.0022230698241608856	-0.002227427567404986	2.7604427499353285e-05	-0.0011019494733408674	-0.0007405193354329736	0.0007557607722974882	0.0003823391869859122	-0.00042694540505807906	-0.00018609248428296782	-0.0007618184387357823	-0.00041506765742568255	-5.549376395394575e-05	-0.00047844134006184123	-1.7602584963031303e-05	0.000611908326917613	-0.0006523627959158013	2.3903582099530674e-05	0.0003716282427364036	0.0001282378820255915	4.904975231250024e-06	-0.00027801697386258456	0.00017995896104969455	0.00010126010565817762	-0.00036475645170759775	-0.00011852534751935426	3.5193955905218946e-05	-0.0005292966872493002	8.177518455540291e-05	-0.0005709147377811283	-0.0007318281605196577	-0.000525997281477135	-0.00024284763502717324	0.00017785565090495744	0.0007079599239240443	0.00018341381068381378	0.0003969264172096906	0.00023018996083638813	0.000159632290048738	-0.001142025408532934	0.0007501643433151052	0.00032896633143448146	0.0003324635933494034	0.00037370903953335273	0.0007344645849659734	-0.00026446843123308154	-8.053370129919032e-05	-7.621642414380963e-07	0.0006011489946042483	0.0003271504722721781	0.0005812505627107691	-9.112644439330966e-05	0.0004794462389208712	0.00014055426085357548	-0.0001555106933706517	0.0001151486561150727	0.0	0.0	0.0	0.0	0.0	0.0	0.0	0.0	0.0	0.0	0.0	0.0	0.0	0.0	0.0
GB190	0.002208810015532766	-0.000556366810234726	-0.0011456658225245276	-8.774505005654767e-05	5.796392198919922e-05	-0.00024397210681630067	-0.0005573128474711366	0.00038397870497085273	0.0006314762621177017	0.0001296148138683631	0.00020198366551158075	0.000402385972613714	0.0007103931018623806	0.0003297339689085883	-8.436348321067412e-05	0.0004245074964766862	-0.0006346764007325979	-7.133072981553675e-05	0.0005424656071248723	0.00033583926672380173	5.654838137893422e-05	9.033232582142755e-05	0.0004873907449852225	-0.0003628240233425451	0.00017452390019080303	-4.960418102020467e-05	5.708895495073005e-05	-3.5354581457724634e-05	-0.0005135308898004817	0.00015495096935289995	0.0004134450549423144	4.383791667459655e-05	0.0004769024355293961	0.00022930444020136906	-0.0003962406463269604	-0.0010705772887994712	-0.00042999831729398065	-0.0016214591628711922	1.5537127896681913e-05	-0.00020963495073546452	-0.0008978326083302618	-0.0005582514854605461	0.0001998328190914928	0.0009710996119960385	2.8857205038982685e-05	0.0008861070035765625	0.0007937175433768438	0.00051015811058091	-0.00022710145357862337	6.304212342225333e-05	0.0005957432173912059	5.10997714329862e-06	0.00011778924454850397	-4.0684962043856314e-05	-0.00010662325092830381	-0.000114887339283719	1.0265629648277785e-07	0.0	0.0	0.0	0.0	0.0	0.0	0.0	0.0	0.0	0.0	0.0	0.0	0.0	0.0	0.0
GB192	0.023704404547723597	0.004843894769493294	-7.655241631904209e-05	0.0005986483378847493	0.00019639296425423216	-0.0003222210210627272	-7.267728725620734e-05	0.0003711053539076422	0.0003775570942318929	0.0002127386763667978	-0.0002937093692100703	1.2639830669171056e-05	0.0004095500495189267	-0.00030963939093084326	0.000368847391099749	7.121378605737252e-05	0.00047314051675804866	-0.0005293972055198294	-0.0006555019333452811	-0.0004154521182507555	0.0002738501192435609	0.00018693676961226716	0.0005058078151407688	-0.0003304178921399122	-8.291388828086659e-06	-0.00036074019987046444	-0.000783025050336726	-0.0008424025739294638	-0.00022302752127628257	0.0007529265491295588	0.0009388108722553003	0.0011817806963383658	0.0008240112634989824	0.001084759990357736	-3.6708045411334254e-05	0.00014436076660730027	-0.0009679594715820395	0.0002853667129222288	-0.0008374669293710777	-0.0001469315448319608	0.00010719132046036114	0.0006499953548173221	-0.0006082102295187398	-0.0004896344428078906	-0.00031904142376206157	0.00013675537899668144	-0.00015042395070035558	0.0002860744553981655	0.0003240208861609001	-0.0001007314709059588	0.0005983543388043151	-0.00017591436414900706	-0.0001095501688072883	0.0002756101124317482	0.0003273350020028238	-1.6818028420916317e-05	1.7092199258612616e-05	0.0	0.0	0.0	0.0	0.0	0.0	0.0	0.0	0.0	0.0	0.0	0.0	0.0	0.0	0.0
GB98	0.026728621831105113	0.006016558178524022	0.0004549276805937638	0.0028010013009267237	-0.0003560255498195255	0.0002724581580719262	0.0015366873497552607	-0.0004106362247405017	-0.00020061149082559814	-0.00034310803123856356	-7.574279731006295e-05	8.924209761747179e-05	-0.00022940256195278806	-2.8455362655455946e-05	-0.0001703992646633711	0.00011928309327036317	-0.00018096153395278223	-0.0006815011512875441	0.0006624771154733253	0.0005509590741204728	-0.00011500205855843879	-0.0003322729553184243	0.0006375329854251781	-0.0005958715576555681	-0.000895304712631047	0.0008050476428871525	0.0005850387580871934	-0.001169215615580488	0.0005745003190432127	-0.0014653507584351953	9.194080545952296e-05	0.00013751740608254783	-0.0009117374574336275	0.00019577059873997102	-0.0007215322950669779	-0.0009197756091680278	0.0007228812274381181	-0.00015295231809675364	-0.0004478662644148054	0.000150552936919621	-0.00023208452521986773	1.4455067605267907e-05	0.00037356557759314705	-0.00040368361915818463	4.91861718204916e-05	-5.7207706039663064e-05	-3.9789186462030835e-05	-8.882912096089383e-05	-1.6115547017263003e-05	0.00044844869330178507	-0.0001978481549928246	-2.8788926500088234e-05	8.058414181262631e-05	0.00012648451455009007	3.5587208035270505e-05	0.00020066047068568508	-1.1372190564842481e-05	0.0	0.0	0.0	0.0	0.0	0.0	0.0	0.0	0.0	0.0	0.0	0.0	0.0	0.0	0.0
GCDF195	0.0090288032662971	-0.004510275760618136	-0.002526759954443663	-0.004409127049691019	0.0023648612533841767	0.0028299119523917163	0.0018996789205342145	-0.00165549059589542	0.0011316967125360624	0.00419404191190922	0.0018543492038594097	-0.0013189951971399917	-0.0002429948403986714	9.173917484204413e-05	0.00025132892272629814	0.0005041469652873889	0.00014393123749175383	0.0001880640394769638	-0.0005221679797659465	-0.00032826931597647953	-4.482033592066921e-05	-0.00046974643599026125	-0.00011896441359126855	-8.557903176641879e-05	2.869911869329315e-05	-0.0004946909670144772	-0.00041644889009059214	-0.0003337661207121396	0.0002234672452330711	0.0001577643136886961	7.824440799354314e-05	9.381580616185469e-05	0.0001008776854061017	-0.00021782030930409397	0.0007078117028788191	-0.0005497924292553234	-2.2404231120253775e-05	-0.0002243066790153639	-0.00015164928091951493	0.00013445560025579024	-0.0002805342347857012	-0.00028061733886085505	0.00047871934003219414	-0.00046909273354138145	0.00018065964016948337	0.0003460436331924971	-0.00018774836657985293	-0.00018887277624082742	1.0926720864225593e-05	-2.6596090081447e-05	-2.5221424841626246e-05	0.0001661063237057733	-0.0001751209484710535	-0.00015738153700278466	0.00012222982975015878	-0.00010321963400642993	-0.00010980992954145153	0.0	0.0	0.0	0.0	0.0	0.0	0.0	0.0	0.0	0.0	0.0	0.0	0.0	0.0	0.0
GCDF198	0.014050844123927514	0.0030134176153831112	-0.0027656237756213814	0.0019302702378344145	0.00031363161633340584	0.0005238330347146205	0.0007909637724109313	-0.000323742871965645	-0.0004584631467819719	3.606257106606211e-05	-0.00011255188884226384	-0.00016159952607953875	0.00039241216146102876	-0.00034194799808262837	-0.0002798318994541333	-0.0008445129910378736	0.0006640835171005621	0.0003260854143668396	-0.0026116586636964674	-0.0003727308798908139	-7.31105949234915e-05	-9.623598611049064e-05	0.0012182828014888243	-0.0001701199825775256	-0.0001847845638309366	0.00022281710303401504	-0.0003315671378229145	0.000510163151274963	0.0007610963127556896	0.00022183752116338297	-0.0005705639071576074	0.0005559102838870263	-0.0006624495395824324	-0.000992413514599177	-0.0006645273019447643	-8.251074087463351e-05	0.0003480871303907171	-0.00018782297730290435	0.0002333678873972496	-0.00021794150965072324	-0.00016934455678915144	-0.00025883338477929093	0.00019052486319904183	6.364431905018435e-05	-0.00017279057419293027	-0.0004438765979964491	0.0007090308081136371	-0.00042264955190432664	-0.0001245127471466152	7.78167536784846e-05	0.0006019168837536021	1.6006527129432503e-05	6.741478831292465e-05	0.00026927033690028415	0.0002413885341501113	-7.74430299077181e-05	1.5762442276019528e-05	0.0	0.0	0.0	0.0	0.0	0.0	0.0	0.0	0.0	0.0	0.0	0.0	0.0	0.0	0.0
GCDF205	-0.011994918357608722	-0.0002568629397354892	0.0005619137302587256	0.004054494486487336	-0.0003881835532638757	0.00037051029711396874	0.001561902750775864	-0.0005117866532234814	-0.0008480017819197071	-0.0005738834738762725	0.000726260569123348	0.0004847860634715116	0.0006827692254788004	5.073346059842171e-05	-0.0012290549148477816	0.0004947675279083003	-0.0008003281948418793	-0.001142164483922157	-0.0002627875642698749	5.075109789152642e-06	0.0007392604681361793	-0.0010020667741242179	-0.001214248683102468	-0.0004604020427996788	0.0006865583554909225	-0.0004429354846115782	-4.368383271524406e-05	-0.0001995686165799274	2.0012801870898357e-05	0.0012718095064216362	-0.0006845516953991461	-0.0005531043776113952	-0.0005293274654030977	-7.321536273231322e-05	-0.0006451351560030608	-0.0011591871825424914	-5.488407753967261e-05	0.0004189576502553388	2.5130005693246643e-05	-0.0004091099892236871	0.0004828014367796116	-0.00011558059640765372	-5.2667016517913647e-05	9.447132060103439e-05	-0.00027704012291437723	0.00014250711035369512	0.00011917919300039754	-2.7632466169041813e-05	-0.00018207295851008988	4.55372294399504e-05	-0.00012403362798450794	-0.00034478550352255206	-0.0004067977736539103	7.654524454163814e-05	-3.256614945466059e-05	-7.330315856495962e-05	0.00017106562946167658	0.0	0.0	0.0	0.0	0.0	0.0	0.0	0.0	0.0	0.0	0.0	0.0	0.0	0.0	0.0
GCDF212	-0.019847332663053333	-0.00022721948188418432	0.0011839869238821096	0.00014049349113541922	-0.0003418432053570693	-0.0020113903730690154	-0.0005167467132439165	0.001398784280217102	0.0012249112968898996	-0.0004168052474824165	1.2980677054196764e-05	-0.00013062432890288697	0.00010969407391947807	0.001446936309091654	0.0006274687307478835	-0.0006336225586153142	-2.500141964638935e-05	-0.0009288786383210454	-0.0006676933766690874	-5.248586988213921e-06	-0.0008524012580885	-0.0012581077121120578	-0.0005116818726853856	-0.00039549511806574923	-0.0007441101047224945	-0.001084413387960608	0.0005607429052219024	0.00015879555469434337	-0.0007239337789010767	0.000396425011009292	0.000978267498142908	-0.00014332722912359217	0.00041905106554242623	-0.0010289920068367931	-0.00033224090236802257	-0.00043941913370919197	-0.00020277359239232812	0.0003269690070670941	-0.00058756330050074	0.00043334040044842544	4.783496776994905e-05	-0.0005366825554580398	-0.00017181640228809686	1.4082297942698945e-05	-0.00029737393867306134	-0.00033967941036381515	-4.2702986705720356e-05	-0.00011403953799511615	9.859872171688874e-06	0.0003167201747905736	-8.834658120881289e-05	0.0002374160633816669	0.0001806917218035774	0.0002496333712715146	-0.00020949044781943136	0.00019974235664032262	-0.00018925907649604366	0.0	0.0	0.0	0.0	0.0	0.0	0.0	0.0	0.0	0.0	0.0	0.0	0.0	0.0	0.0
GCDF216	-0.0035507221015051143	-0.0010564349239999974	8.51837222494046e-05	0.000957219024716092	-0.0005201059658680135	0.0002787237772225827	-0.00021412149196729568	0.0007635560600149046	-0.00023112377568928992	0.00041008504831753387	-1.1457585545512771e-05	-0.0001583109313518321	0.0005673231528158615	-5.3483048875472276e-05	0.000711542813001339	-0.00022704594818301582	-0.00020596567151486524	-0.0013231595763719135	0.000548564665295736	-0.0007822124963591482	0.00042825790682266164	-0.0006189742421620058	-4.895217871354368e-06	-0.0001461368154611937	0.0011566879022069996	-0.0005108315968626945	-0.00020885342917921948	-7.618926389886938e-05	0.0013235145302303486	-0.001479313074143215	-0.000199334071121376	9.715937996831103e-05	-0.0008240474789809957	-0.0004144475720945162	0.000984001521258169	0.0002956285031411534	-0.0010364054636677745	0.0008375562725824607	-0.0001358759822999032	-0.0002502033138050938	0.00015171994662907618	-0.00016805479200571245	0.00015529047659337226	0.0005617024827385659	-0.0008086048637888082	0.00010744112137526316	0.0003791528862490788	-0.00020008661105481816	0.0005351162345880499	0.00011503151930146686	6.009038960308514e-05	0.0001941448985214212	-0.00016059216652549956	-0.00015857973913838076	3.2934708033913915e-05	5.1463323520783756e-05	-5.038007581567042e-05	0.0	0.0	0.0	0.0	0.0	0.0	0.0	0.0	0.0	0.0	0.0	0.0	0.0	0.0	0.0
GCDF220	-0.001790032269493082	-0.004722391610332898	-0.0013060327571268373	0.001607840099127382	0.0018347038552115854	0.0010005007069198773	-0.004124004366638184	-0.005427996181824267	0.001648983488802122	-0.002277781020286405	0.001709381697693667	-0.0003295590181467168	0.001716845472991922	-0.0010920305821428534	-0.0006188888715964248	0.00044653549399579167	0.0004203048254764154	-0.00012101930024136525	0.00037728491257454775	-0.0004717588032952575	0.0005258725592377551	-5.442992635766092e-05	0.00010469546450940329	-7.215971611375968e-05	-3.424986162453092e-05	-6.575215127085793e-05	-2.9458288436104263e-05	0.00033430675353474353	2.96711137803976e-06	-2.4491349207204636e-05	-2.889437161231288e-05	0.000524961535245959	-0.00021557635619678042	-8.90676523437934e-05	0.00017915971769484962	9.256473670103845e-05	0.00010070691830573597	0.00010620361841631734	5.227123717551518e-05	0.00045749840186752524	-0.00030651696155196994	-0.00018644423952815888	-0.0002409019625538804	1.1848747546971948e-05	-7.131253039522168e-05	-0.00024760797585025927	3.710614536664208e-05	-3.071366617507844e-05	3.195932420445943e-05	-4.5047518293503575e-06	-2.1801234419013908e-05	0.00016392516819666646	4.5463783245729994e-05	3.0149485952628593e-05	-0.00021084692853287545	-5.83057323340835e-05	-3.87080922617247e-05	0.0	0.0	0.0	0.0	0.0	0.0	0.0	0.0	0.0	0.0	0.0	0.0	0.0	0.0	0.0
GCDF224	0.027991012387812864	0.005811803304877863	0.0011137238750210912	0.0009605612683872849	-6.52940169088093e-05	-0.000288877317543334	-0.00027084106822915574	0.00036755349856170094	0.00031084288093213613	0.000625549480357814	0.00039994396260418824	0.0003901843799353869	-0.000288126533217838	-0.00017875863795901458	-0.001083090404558051	-0.000571678724785224	-0.00029159814894653003	0.001194075538432864	0.0007828769868041184	-0.0008807064632892139	-0.00016733898831021175	-0.001145079167661431	0.0002477648929871337	0.00022361955617748996	0.0003540537144505245	0.001204323303859053	0.0010372928068296124	0.0008620659601653919	-2.6877350414577648e-05	0.0001004345029354378	4.740876078978586e-05	-0.0007312925561474104	0.0006465852100985738	-5.4335729612391446e-05	-0.0008688282725612918	0.0005320517585694235	-0.0007719644718275775	0.00048564495974237615	-0.0004223777988289553	-0.00016033310765994438	-3.046727477648826e-05	-5.176525673852489e-05	-0.0003279869261792683	0.0004903285417262131	-0.00014261243783197241	6.731673974373597e-05	-0.00014494321176214333	-0.0007074570108462213	-0.0004129040085672604	-0.0001970369050281931	-1.1198893502696092e-05	0.00031143847897357395	-7.73217915781389e-05	2.9707046943056652e-05	0.00027588567525021335	-0.00032821827388335704	-0.00024379946179208995	0.0	0.0	0.0	0.0	0.0	0.0	0.0	0.0	0.0	0.0	0.0	0.0	0.0	0.0	0.0
GCDF227	0.01055375033553643	0.0014477776867713066	-0.0030504392833839832	0.0027581688624917222	0.0006932968243680343	0.0016089352282307016	-0.00025686914948074366	-0.0011554090074590334	-0.00032201056916883865	-0.0004533960040628733	-0.0011643031394716191	0.0010734384748836757	-0.0017918798368077391	-0.001008352879234966	0.00039097428681533324	-0.0014169150600005804	-0.000332627374218549	-0.0005623922501906146	0.0006651073757246625	-0.0011165807612379774	0.0007047131527520288	-0.000397146359470763	-0.00025900934817544403	0.001215374816676767	0.0005680290178771353	0.00032586662796145753	0.0007604291742092053	-0.0011405475036579344	-0.00038302063819739497	0.0007562235129639714	0.0007510941054126594	-0.00019515591870908797	-0.00029052652754767	0.0002416451138449604	0.0006444730252184017	-0.000145391308443331	-0.0001886762786239763	-0.000176138552303223	3.8107376816412484e-05	-0.0002624542795731908	-0.00018601391793869138	-0.0005814972909400678	0.0005867440754308673	-0.000402597592244021	0.0002798999679640704	-0.00029193793787189357	-0.00015738943706144722	5.879571723005772e-05	0.00019699014355031985	9.0565328883015e-06	0.0004849004680271433	-6.789169857267324e-05	-0.00021741443584016528	8.749290889243802e-05	-8.121793501717168e-05	3.602370627509034e-05	-1.3464060111830619e-05	0.0	0.0	0.0	0.0	0.0	0.0	0.0	0.0	0.0	0.0	0.0	0.0	0.0	0.0	0.0
GCDF228	0.038545346644057205	0.008816894136598608	0.0037037382535324266	0.0010967069017189775	-0.0016969153666227378	-0.0009558680140399767	-0.001241847741113724	0.0004715081567186703	0.0007043648562372082	-0.000403075913522178	0.0007378451848972834	0.0006968046096161891	0.000859897538056536	-8.422186261313021e-05	0.0003203101224093164	-0.0001566024148571784	0.00026348870107405486	0.0004897868175734453	-0.00024513773763970434	-0.00034061028983036585	-0.0004760119397924493	-0.000391124704541905	-1.628186358892141e-05	0.00043521800750707994	0.0003276226522304976	2.0920160835329348e-05	-0.00017408710698508894	-0.00045225701052581944	-5.400428503776785e-05	1.079300948144308e-05	0.0001898404267040388	-0.00022623482596939644	-0.00011055154523851926	0.00018625582697319267	0.00013397677544744335	4.8382104836973065e-05	-8.139585138879675e-05	-0.0003583360257303282	-0.0001281351784517398	-8.74111177400178e-05	-0.0005327166957669614	0.0008263336585915004	0.0004759310171622593	-0.0006883795275018564	-0.0003607717516917463	0.0002747329576614874	0.00041643551602174047	-0.00020916045632100776	-0.00043868029534823203	0.0004562228333065061	-0.0004266127693699145	-0.00034035280935683723	-7.520202089371315e-05	-0.00034240026091187704	8.738305818207292e-05	0.00021764016810362887	7.948117696016108e-06	0.0	0.0	0.0	0.0	0.0	0.0	0.0	0.0	0.0	0.0	0.0	0.0	0.0	0.0	0.0
GCDF231	0.015434255316084847	0.0034308498182455517	-0.002895768576726432	0.002555768150645628	0.0003317040309924875	0.0013048701566948733	0.0012671488139501426	-0.00025629548442989173	-0.00044029115977561905	-2.105136880209916e-05	0.0006359443754013435	0.00012252934026756344	-3.21922023891611e-05	0.0008566450064836141	-0.0004931726720325595	0.0006027142684619619	5.283722321918899e-05	-1.1726502549296972e-05	0.00213590662889564	0.001052754978097903	-0.00013920647653511755	-0.0003716800034096396	-0.0002770508438188165	1.7631139080816516e-05	0.00010047355755744977	-0.00037328071301021026	-0.0008023403607037248	0.0010553204122775149	-0.00041489448881376406	0.00010709432017844139	0.00033447240339144383	5.086004888996134e-05	0.00018339894989369257	-0.0001078495413278998	-0.0002979459287873944	-0.00028357146684986144	-0.0006385588985556587	0.00023021906491594291	-8.080682743926558e-05	0.0006360439383349068	-0.00020271848106037275	0.0005824987498968209	0.0008370798447937146	-0.00044263167200317915	2.4240175433792383e-05	-0.0004227980925160141	0.00047772736004221506	0.00025403385002154905	0.0005951559984794465	-0.00041674737412444353	-0.0003708382669263365	-3.212176941534146e-05	0.0001505637717013307	0.00017031081066906862	0.00017291628945689943	-0.00018798275188331386	4.824160049165058e-05	0.0	0.0	0.0	0.0	0.0	0.0	0.0	0.0	0.0	0.0	0.0	0.0	0.0	0.0	0.0
GCDF237	0.02461412223599839	0.005226307305083296	-7.451605952970364e-05	0.0010024106869129324	-3.7716256298242045e-05	-1.0945158527676708e-05	-3.998649934429496e-05	0.0005989498130593865	8.507518649955848e-05	-7.288386855218204e-05	-0.0002051213009790914	-0.00021980212250462185	-4.5237189044274e-05	-0.00022351792398561568	0.00016839313549713982	-0.0006257105630279729	0.0006212452437542523	0.0009827752986263849	2.82602555881499e-05	-0.00022559239069724478	-6.537319343923921e-05	-0.00016469431416443303	-7.34777068722971e-05	-0.0001346419240086169	0.00018253768484915151	0.0006056252790970485	-0.001560377141215013	-0.0003623393300315154	-0.000424255001339384	0.000389020318920878	0.0006635553378395511	-0.0008746780787703722	-0.0002631992390804541	-0.0014785546887746874	0.00041560642785566437	-0.00010110184950203825	0.00020833856820804956	0.00026195530646656905	0.0010988946393967584	-7.499238831788298e-05	2.242476342374267e-05	3.174038733351911e-05	-0.0001751734345967534	1.2409323289463763e-05	-0.0003296102486040304	0.0009755256112013532	9.653741236726707e-05	-0.0002605575428951973	0.0002602070530723437	-0.0006714630461387082	-0.00010388988994715185	-0.0004200881839363339	0.0002827781033756456	3.693018061885235e-05	-0.00032071848209905827	0.00013880374934428	6.150231775327859e-05	0.0	0.0	0.0	0.0	0.0	0.0	0.0	0.0	0.0	0.0	0.0	0.0	0.0	0.0	0.0
GCDF247	-0.01034137350958414	-0.0011693645198086373	0.0012356461675877876	0.0019373704882304744	-0.0003182704887188812	-0.00012463398003041432	-0.00011435695093156387	0.0008065987229463394	0.000819810786103754	0.000843992716126922	-0.0012200919640867258	0.0006288720858873046	0.0008108002177200401	-0.0007743465245898686	-0.0012085426130306895	0.0012923608491202713	0.00045249762207720675	-0.001111025132346652	6.584537244161007e-05	-0.0015715980079086006	-0.00047584017369567037	0.00021467261514902482	0.0005894152529339244	0.0008354229653585154	-0.0009602753586403557	-0.00022550005659493033	-0.0009338409082522281	0.0005290936617053881	0.0006664132068183204	-0.00037734239963072773	0.0006143940869187599	-0.0012932975495247936	-3.1863699452091986e-05	0.0006726080120828977	-0.00014538191593160385	-9.30386289469005e-05	0.0003909052191703555	-0.0005640190758813026	9.329018459874189e-05	0.0005774029913763921	0.0005248221102121557	0.00039387166674052554	0.00015677297311003568	0.00018952605373433296	0.0004182966124940575	5.2180830773907985e-05	-0.0003284211474451233	-0.00021099184024187085	0.00022514689322928873	5.32116307931531e-05	0.00035971503953036843	-7.048649030463201e-05	7.780642264661976e-05	-9.709536463157366e-05	-0.00014079997881915444	-1.9061097479891806e-05	-0.00011965367561359692	0.0	0.0	0.0	0.0	0.0	0.0	0.0	0.0	0.0	0.0	0.0	0.0	0.0	0.0	0.0
GCDF256	-0.00595593720383155	-0.0016777853034178035	0.0008005965733117018	0.0008178062275545928	-0.00028765521889813583	-0.0003378466032434889	-1.6523904419671517e-05	0.0004398206228399999	0.0005006529599240124	0.000800125583361319	-0.0007774255701985914	0.0008092375987541364	0.00014093227184098847	-0.0011508059524215823	-0.00032542201114653694	-0.0002614939349736555	-0.0008479555714976838	-0.0006131159504194225	-0.0010202396610722352	0.0002449035758071072	0.0016872444440148454	7.63037995542261e-05	-0.0013297503153376913	-0.0012993899734007233	-0.000122540000176786	0.0006964861321558999	-0.00021915330440037807	-5.387782984705485e-05	-0.0003699527422351312	-0.00045757821677923805	-0.00016912968416969758	9.980049904037161e-05	0.0009757865227419111	-5.0185966156735116e-05	-0.0007103075759747892	0.0004478121319796933	-0.0002849632854388668	0.00045620185778452515	0.0009208487107369261	0.0004090809103693599	-0.0006032551515770857	-4.3165364783372e-05	0.00021266903741567315	-0.0008582016943882384	-7.814706650065525e-05	-0.00010102738447888926	-0.0001475578529934596	0.0003789634855067182	-0.00014083082359948675	0.00012034935567497926	0.00010007610350802753	0.00015474390736624073	0.0005455768088773974	-0.00023798520637983878	-1.8982696041548158e-05	4.867789251379653e-06	-0.00014504141591653417	0.0	0.0	0.0	0.0	0.0	0.0	0.0	0.0	0.0	0.0	0.0	0.0	0.0	0.0	0.0
GCDF260	0.0057467464290496375	0.0005097542279475869	-0.0022078267950675365	0.000939940305736647	0.0002258464629441022	-0.0002900081462150436	-0.00039442850049463147	0.0006051081356557846	-0.000291490471132213	-0.000497560456126606	-0.00029245584433103646	-0.0004349318803488036	-0.0007371794026597897	-0.001907197262134686	0.0007449014937783368	-0.00010626045716504283	0.0003066060737101022	0.00015488831211925115	-0.000464478836920351	-3.815234961867252e-05	-0.0007202905114053813	-0.0009845887809498681	-0.0005067575324133067	-0.00032897856089131143	-0.001305546539199929	-0.00012489756076432498	-0.00046281637697781025	0.0010827386660631022	0.0004593905367280348	-0.0005337004923297416	0.0003097153511839761	0.00047408722710588503	0.0005873556340613253	0.0008689109534887585	0.00021933943674928963	-0.0005763580852042114	-0.0002918018598809602	-0.00018115775075125482	0.0010329492407149797	-0.00046716978046624255	-0.0003678025842527533	7.503474302937547e-05	6.320640398302525e-05	9.860068788454395e-05	-0.00016351548906209996	-0.00037599626958615404	-0.00035847889453377124	-0.00020428303407769665	-8.012133536219879e-05	-0.0001896844895358494	-0.0005652659769977512	1.3788929114543366e-05	-0.0005505810364216752	0.0002105173999422223	-0.00018685394481921216	-7.311996033343898e-05	2.2105045278096145e-05	0.0	0.0	0.0	0.0	0.0	0.0	0.0	0.0	0.0	0.0	0.0	0.0	0.0	0.0	0.0
GCDF267	-0.013867401377074139	-0.00013487529679436056	0.0008324368322604285	0.0035118863476757017	-0.0006856021470863382	6.313433766517068e-05	0.0008826956474239085	-7.012501320614742e-05	-0.0008919979662478793	-6.615975099679984e-05	-2.0572803046408822e-05	0.0003562270877209602	-0.0011492878765489208	-0.0011405459454294146	-0.0006116484312307691	0.002307327668325919	-5.249696279626922e-05	0.0005845369840717605	-0.0003323770421769984	0.0006560829663001384	-0.0002951618294882528	0.000358578011577159	0.0012699979485850824	-8.974629196093773e-05	0.0012090532482867291	-0.00019706607465903674	0.0006653969765372258	-0.00047462119346464106	0.0002219651663524621	-0.00036645938620193493	0.0003027156288986504	0.00020804250847962844	0.0004909014525153102	-0.0008845986510321168	0.0006148360504260248	0.00027185813059105824	-0.0005807301357089146	-0.0002752966076600254	0.00013838368581065946	0.00014572218503701375	-0.0007547163602071615	-2.0755584228452048e-05	-7.060448444912165e-05	0.00011710065311482284	-0.0002016509083567597	-0.00033071847936001834	-0.00024162706436797388	7.983074171182977e-05	-0.0002900645820368854	-0.0003332638209851639	-0.00025067647536858886	0.00027048031159864974	0.00018993314512891896	0.00024132004558666031	7.566967104916701e-05	0.00026821157443966334	6.400223712716003e-05	0.0	0.0	0.0	0.0	0.0	0.0	0.0	0.0	0.0	0.0	0.0	0.0	0.0	0.0	0.0
GCDF271	0.01678624214473534	0.003037289209476307	-0.0019551797118456853	6.259035936545823e-05	0.0006148229358834471	8.067574011627443e-06	-0.0007872603134806545	0.0006146318244036639	0.000563383107830789	0.0002458704073703279	-0.0002571527613842135	-1.1408213109611827e-05	0.0005171637786605463	-0.0005360034374264068	0.0008247163779396822	0.00029684149502795764	-0.0007552734547232356	0.0005438545964215389	-0.00011482428108875126	0.0004995477467879146	9.793766983814012e-05	0.00045456321849932286	0.00022644738161994255	0.0005726862815108883	2.4943131464646323e-05	0.00016830572042554392	0.0008547092336592957	0.00016639007101985583	-0.0003520199032569149	-0.0011034670790002685	-0.00022973894568875552	0.00013624326739065403	0.00046369475901921885	-0.0001930760470011075	-0.00010235592855404421	-0.0017386206664348335	0.00030622706952579534	0.0014561073466902597	-4.222933604543571e-05	9.967604095415382e-05	-6.33382566507939e-05	0.00019005923516909347	-0.00011581665268507775	0.0003304629658878358	0.0006083480266809101	0.0005451775027051792	-0.0004278018647604521	-9.668653213571357e-05	-5.105862000952236e-05	-0.00018012958749038328	0.0002917682694917846	-7.352137708329002e-05	-0.0003146109037910406	-0.0002661239042841577	1.4764807251534657e-05	5.546883272781072e-05	2.9931167149823413e-05	0.0	0.0	0.0	0.0	0.0	0.0	0.0	0.0	0.0	0.0	0.0	0.0	0.0	0.0	0.0
GCDF275	-0.016415079610746265	-0.001374282587714813	0.001483834599877545	0.002425912766832619	-0.0003962652543690844	-0.0016874701600596634	-0.0010935339865360866	-0.00023072577208254672	-0.0007635201575158787	-0.0006264663355900016	0.0005082631813771695	-0.0007902509778962457	-0.0003854346515887096	0.0009574569121242203	0.0007047630782347252	-0.0006269618044028538	-0.0007132003173811836	0.0013412767444156376	-0.0005121752729025809	0.0006011267501118358	0.0016479941907717908	0.0011937776606561212	-0.0009809356738160661	0.0014264710703472733	-0.00044738368499198613	0.0002551919005328947	-0.0012654305738113508	-7.6409984799113e-05	0.000917437798586508	-0.000341582603570244	0.00015014362760073146	-0.00027103084441957486	-0.00017011901598759413	0.0007469405253681337	-0.0004056028616638059	-0.00020723529873802014	-0.00013929295817442962	-6.922273179720548e-05	-0.0006028070868246139	-0.00031663975722759564	-0.000302643568183062	-0.00045575871094927244	0.00021834212548132897	0.00023746352823185137	-0.00016571178521059175	0.00016520392656290677	-4.992641807537917e-05	-0.0002297063533355491	0.00026007920249628745	-0.00015426563829787167	-0.00017596687520401522	0.00025144281771783886	0.00026280467462561297	5.984099427168947e-06	0.00017906316847574207	2.7487407419523474e-06	-5.829692449975026e-05	0.0	0.0	0.0	0.0	0.0	0.0	0.0	0.0	0.0	0.0	0.0	0.0	0.0	0.0	0.0
GCDF278	0.02214935133948818	0.004833789745367538	-0.0008905270237377581	0.0017325220887400837	-1.822481241189438e-05	0.00042351771449820186	0.0004107460704944963	0.00011230188535076419	-8.797878536776716e-05	4.283150055842207e-05	0.00011156833897586599	-0.00015929299155766354	-0.0002964687965092395	0.00048785256266690313	0.00015621323982640734	0.0005558185650736303	0.00013087703227582473	0.00025192168697089337	0.0007024906456239512	6.272483121060755e-05	-0.00031690297762207854	-7.775194153634589e-06	-0.0013238614050098071	0.00016528786790583888	0.00027135967657614064	-0.0007916890492507487	-0.0002498571730641951	-0.00029324918639154124	-0.0006498340563374372	-0.00046194785533952223	-0.0012423911370736138	-0.0005118867100962776	0.0010338784901969317	0.0004266136670946096	0.0004328703606798656	0.0005715758563896159	0.0006763310320542992	-0.0008183827984657979	0.0003248228296568567	0.00021612989899294163	-5.175818071232929e-05	-0.0007578641154770038	-4.454745403466846e-05	7.774382309805963e-05	-0.0005331788498042386	-0.0007132795905930353	3.5980630797055836e-05	-0.0007726928642137771	-0.0002780241070057142	-4.1165271589110855e-06	0.0006325491633576886	-6.512606782894165e-05	-0.0001664169845764782	-0.0002918536567155144	5.9220101606177e-05	0.00014712358596891326	3.269986565788807e-05	0.0	0.0	0.0	0.0	0.0	0.0	0.0	0.0	0.0	0.0	0.0	0.0	0.0	0.0	0.0
GCDF282	-0.02778435145566684	0.0033829693255713967	0.0009692484755474906	0.004420886017234766	-0.0013454061031359377	-0.00033122931868185987	0.0019419242533555126	-2.715826176460723e-05	-0.0009914981375904305	0.0004479917644371919	0.0006023009966626368	0.00010796586672386576	-0.0002019495463876866	-0.0002644246914921762	0.0004612173734819044	-0.0005726794796315246	0.00027972128777688113	-0.0005689443796296272	0.0006483461806849953	-0.0001359964337286617	5.0457563110058855e-05	0.0006578962890205352	-0.0002276425955765564	0.0005760304204791444	0.0005137570282130467	0.0006859280228035805	0.00030261083145047534	0.0008520081350014154	0.0007586917932201082	0.00016267354483945364	0.00042986076947713523	-0.00023744143028913567	-2.0817571123551678e-05	-0.00014409330233260093	-0.0004495989234891399	0.00016049969986433127	0.0005554889346914174	-0.0003384308521738667	2.7816206834680808e-05	0.0005146224345365703	-0.0004792889116241652	0.0006938935693209589	-0.000414626164671743	-0.00014122134245198785	-0.0004996479670895643	-0.00010905201556469866	-7.163702390486786e-05	0.00029973235122515425	7.845000651239174e-05	3.650201854405158e-05	0.00041125287585116115	-2.6913941919337494e-05	-0.00024641913954315383	0.00019054723745392068	-0.0001421173092321527	3.2183646537093624e-05	-6.354857731200782e-06	0.0	0.0	0.0	0.0	0.0	0.0	0.0	0.0	0.0	0.0	0.0	0.0	0.0	0.0	0.0
GCDF286	0.02316984610748865	0.003501147659346747	0.00023301130968038687	-0.002750230602128216	0.00047966674753012955	-0.0007428354721306364	-0.0007089510042228743	0.0005376316348138472	-0.0004048533697438968	1.1950511952672367e-05	-0.0003129719857287459	-0.000985637690989927	0.0002224281952933792	-8.793513567108829e-05	0.0006126578741422956	0.00021093226230418848	-0.00012586262704221676	-9.19018536648408e-05	-0.0006924947909149282	-0.0009220113648476429	-0.0009564890927398973	0.0008377469992966633	-0.0009508348566679706	0.00023138960921131576	0.00010301976527062338	-0.0008093104411899111	0.0014596739297555632	-0.0011786893492780831	0.00046993273022583114	0.0001735308217430561	9.978835541933674e-06	-0.00039833264128315786	-0.0006371349731434024	0.00044452722287404946	-0.0005009497506826093	8.803574758564102e-05	-1.5253727119719098e-05	-0.00015012059232277254	0.0007378078314685786	0.00019655603890165197	-0.00022059874665323185	0.00020380203054000566	0.0005505840317763585	3.936816564446717e-06	0.00013900316437174108	-0.0002674387674912427	0.0006680471275410268	0.00023404039166622406	0.00012056196827158749	-0.0003697145796701718	-0.0005497937963646242	0.00010941284749918006	0.00025507188444388016	0.00016160077095379006	-1.3542305369130022e-05	-0.0003577380008428634	-9.725051453057364e-05	0.0	0.0	0.0	0.0	0.0	0.0	0.0	0.0	0.0	0.0	0.0	0.0	0.0	0.0	0.0

Biplot	0	0

Site constraints	0	0
