Eigvals	124
0.2412115387897099	0.19672078672656146	0.10433336876043939	0.06701699335270106	0.050806393246332154	0.04559573776297918	0.03341787974772169	0.016440248247932374	0.015332000710720023	0.010778552595100105	0.009224351643770251	0.009082360291860117	0.007785883789565948	0.007610503010371042	0.0071700225189460925	0.006432894160119912	0.006097060168823637	0.005711454027398699	0.005446771336316589	0.0050340627773752256	0.004945516856871626	0.004106258942480401	0.00375641939524841	0.0036920449296116865	0.0034355237394525645	0.0032526184819614834	0.0029918379117511718	0.002817077725704248	0.002704759713414442	0.002638744399087653	0.0024776823131147235	0.002275570633497967	0.0021639227475789835	0.0020790788469721433	0.001970140483263938	0.0018854370170518636	0.0017193844471984077	0.0015530131677713582	0.0014331221452516807	0.001280929891469316	0.0012500363088894524	0.001234863043080111	0.001055656687535967	0.0009993545881111334	0.0009620217060549353	0.0008493131096303369	0.0007042725141646918	0.0006591025989571248	0.0006013816112641292	0.0005880239942477223	0.0005680026272686877	0.0005190195969118801	0.0004399753821656416	0.0003581121619746219	0.00027476787309488576	0.00023865965062076864	0.00019520068134611427	0.0001752762379014913	0.0001416608799571788	0.00010775439961294289	6.691251403311005e-05	4.9156851635878424e-05	2.878713382923275e-05	1.4419145614632167e-05	9.579841013503479e-06	4.949662317027309e-06	0.0	0.0	0.0	0.0	0.0	0.0	0.0	0.0	0.0	0.0	0.0	0.0	0.0	0.0	0.0	0.0	0.0	0.0	0.0	0.0	0.0	0.0	0.0	0.0	0.0	0.0	0.0	0.0	0.0	0.0	0.0	0.0	0.0	0.0	0.0	0.0	0.0	0.0	0.0	0.0	0.0	0.0	0.0	0.0	0.0	0.0	0.0	0.0	0.0	0.0	0.0	0.0	0.0	0.0	0.0	0.0	0.0	0.0

Proportion explained	124
0.26318076120327566	0.21463785130254445	0.11383591161123126	0.07312081093888013	0.05543377118546486	0.04974853621139337	0.036461535272872755	0.017937603938730978	0.016728418706927116	0.011760248663398526	0.01006449318052983	0.009909569447330771	0.00849501160955914	0.008303657384962203	0.007823058523025186	0.0070187935050505515	0.006652372205676715	0.006231645575706713	0.005942855941239637	0.005492558442030912	0.0053959478782224434	0.004480251482172675	0.004098549019672351	0.004028311414318417	0.003748426619297458	0.003548862597044981	0.003264330483368577	0.0030736533747085597	0.00295110558897829	0.002879077688643287	0.0027033462845818196	0.0024828265451178476	0.0023610099199666296	0.0022684385510462145	0.0021495782277431907	0.0020571600837932685	0.0018759836692939097	0.0016944595175818042	0.0015636489820390748	0.0013975952625501233	0.0013638879340348274	0.0013473327075905258	0.0011518044782976048	0.001090374459409129	0.0010496413486849854	0.00092666740494244	0.0007684167071874564	0.0007191327768768969	0.0006561546392858459	0.0006415804284836644	0.0006197355423380385	0.0005662912034808224	0.00048004774800597307	0.0003907285358632784	0.00029979336128841105	0.0002603964504933593	0.00021297929676928034	0.0001912401618231739	0.00015456316230526298	0.00011756852535093587	7.300681578343305e-05	5.36339915445159e-05	3.1409027246590594e-05	1.5732421996893522e-05	1.0452360043763217e-05	5.400470901311574e-06	0.0	0.0	0.0	0.0	0.0	0.0	0.0	0.0	0.0	0.0	0.0	0.0	0.0	0.0	0.0	0.0	0.0	0.0	0.0	0.0	0.0	0.0	0.0	0.0	0.0	0.0	0.0	0.0	0.0	0.0	0.0	0.0	0.0	0.0	0.0	0.0	0.0	0.0	0.0	0.0	0.0	0.0	0.0	0.0	0.0	0.0	0.0	0.0	0.0	0.0	0.0	0.0	0.0	0.0	0.0	0.0	0.0	0.0

Species	0	0

Site	124	124
GA1	0.022165782032988992	0.010009577752479692	-0.01067154766554251	0.009815893596766347	0.0015849067765415948	-0.0033027645858613396	-0.008393155617607343	0.002990089635178649	-0.0023182942312018145	-0.004357422682706982	0.0016447113681377968	-0.0031674606234832364	0.0021917440159813437	-7.470605451883617e-05	-0.004307814455247534	-0.003464060261800256	-0.001883598520263256	-0.0004184009107275539	0.0019707972846450704	-0.0006524903821449396	0.002242653550792969	-0.0017296206159904382	0.0026480904159539567	0.0007510414596692402	0.0002564898276056836	-0.00042345384454988566	-0.0043518617795178455	-0.002199543089255211	0.003910442780253596	-0.002539422409708987	-0.001565836714667751	-0.004828465978222406	-0.002851936275173126	-0.00032833716848726976	0.0028379562309092583	-0.0037987753631983996	-0.0015304033630767185	-0.0009462074189759965	0.00015234171484701831	-0.0020230741682966576	0.0005653721704251546	-0.0002652792128484307	-8.001841735529161e-05	-0.0002650820941362386	0.0064702800613863935	-0.006916510759455578	0.0013967926363097408	0.001970023904354777	0.0005046380244265812	-0.0031650203925366193	0.0028474954708359802	-0.0005396189305693074	-7.451291548145813e-05	-0.0017133742311707541	-0.0007198850992660072	-0.0005001548552833779	0.00015238059684345064	0.002312683891617602	-0.0025116962203844302	-0.0010156220198206142	0.0025628506171483517	0.002321657018992142	-0.0005880390081224656	0.000561914920896497	0.00011872490631223207	-3.4649349652885936e-05	-0.0	0.0	0.0	0.0	0.0	0.0	0.0	0.0	0.0	0.0	0.0	0.0	0.0	0.0	0.0	0.0	0.0	0.0	0.0	0.0	0.0	0.0	0.0	0.0	0.0	0.0	0.0	0.0	0.0	0.0	0.0	0.0	0.0	0.0	0.0	0.0	0.0	0.0	0.0	0.0	0.0	0.0	0.0	0.0	0.0	0.0	0.0	0.0	0.0	0.0	0.0	0.0	0.0	0.0	0.0	0.0	0.0	0.0
GA15	0.006187046705520973	0.009902675122948158	-0.006679176708958483	-0.02754731920945184	-0.004380698114952913	-0.001832105410638269	0.000502830909492292	-0.0009780273210536871	-0.0005683590724854967	-0.003281391384143752	-0.0006635739900021671	0.0005549472766826494	-0.0023753209933921144	0.0014953676282335208	0.0011219038979980332	-0.0010349257659979015	0.001658269049463272	-0.0014786075951302052	0.0033526630820610095	0.0004473721194995139	0.0003518189444462235	-0.0033738504987502445	0.0013056766925181615	-0.0010710562252307509	-0.0006985738999945132	0.0007132880022652525	-0.0004996996143933076	0.000382737426477585	-0.0010076656724647582	0.0009467940030179212	0.00031726507732967446	0.00018394427103430748	0.0019965204646684807	-0.0017549481957442692	0.003313368722181127	0.002187019777496904	0.002183982659935918	-0.0007480452454129861	0.0009814613247502522	0.00010099281162003896	-0.00027382923840368656	-0.004519926870084733	-0.000207148925368867	0.0014030814068683093	0.00026778571435964087	0.00039722957159755144	6.172670905973382e-05	-0.0008614330183670392	-0.0007701938311140641	-7.137821778050493e-05	-0.0008385655495827787	0.0010437052520594877	8.316290862092607e-06	-0.002621972918208261	0.0012162172446081125	0.0019938500432717097	0.0009821400039219227	0.00022434264703446855	0.00038961421941844775	0.00012564224413413262	-0.0006277231595043489	0.0013768516201326303	-0.0005078974955143726	0.0007841255999943958	-0.0003476525890177423	-0.0003375412735768354	-0.0	0.0	0.0	-0.0	-0.0	-0.0	0.0	0.0	-0.0	-0.0	-0.0	-0.0	0.0	0.0	-0.0	-0.0	0.0	0.0	0.0	-0.0	0.0	0.0	-0.0	-0.0	0.0	0.0	0.0	0.0	0.0	0.0	0.0	0.0	0.0	0.0	0.0	0.0	0.0	0.0	0.0	0.0	0.0	0.0	0.0	0.0	0.0	0.0	0.0	0.0	0.0	0.0	0.0	0.0	0.0	0.0	0.0	0.0	0.0	0.0
GA2	0.021843762819252446	-0.006610208644825904	-0.013759512942697144	0.01812814373423307	0.0015358640378700015	-0.006166941632509459	-0.0063291176035233645	-0.010130043464206906	0.01723526069187952	0.03409171405580403	-0.03904572423879466	0.008107484612758521	0.020675429228875778	0.012652227438492664	-0.019258441457979808	0.014866688523866854	0.030599437726666928	0.007806686578809877	-0.021422780771465384	-0.0013762245897615095	0.016056578419477333	-0.01805847031266774	-0.006551146881309879	-0.0042334956693637	0.001303048611455128	0.0021829649239596075	-0.000677007430053418	-0.008574103863887968	-0.00509612845081629	-0.0031256204773961265	-0.00395041147837539	0.0011546086827949908	0.003204308618278623	0.001634913353503268	-0.0004027833086242331	-0.0012419656154163978	-8.313219871999805e-05	-0.002333464618881475	0.00039994110681256797	-0.0012405676449230864	-0.0005183062870262402	-0.0014312437829256076	0.0020506913671421347	0.0007605068019036646	1.419849381713434e-05	0.00102093501071034	0.0006855714914009214	8.005974362793486e-05	-0.0004227476947709711	-0.0019044120658714208	0.0017341843219386842	0.001327910781426212	0.0002900903472514019	0.00022902139123730746	-0.0009547092046086696	-2.6324169189846087e-05	0.0001518320424553736	0.00029951502286976997	0.0003651434391032071	0.00016157874663004623	8.65124119352683e-05	6.211979470872245e-05	0.00014761526857335648	4.025745486105502e-05	-3.767678895628168e-05	-3.72845410311355e-05	-0.0	0.0	0.0	-0.0	-0.0	-0.0	0.0	0.0	-0.0	-0.0	-0.0	-0.0	0.0	0.0	-0.0	-0.0	0.0	0.0	0.0	-0.0	0.0	0.0	-0.0	-0.0	0.0	0.0	0.0	0.0	0.0	0.0	0.0	0.0	0.0	0.0	0.0	0.0	0.0	0.0	0.0	0.0	0.0	0.0	0.0	0.0	0.0	0.0	0.0	0.0	0.0	0.0	0.0	0.0	0.0	0.0	0.0	0.0	0.0	0.0
GA21	0.024913918367545387	0.0046087561519110995	-0.0033365198049476433	0.005670236871291646	0.002004715748753439	0.0011795218271928672	0.000209812573794072	-0.00015526247085138772	-0.000880699665401228	-0.0010341208374886523	0.0014152584469035595	0.0006827418412883021	4.175569397458339e-05	-0.00013899097528533317	-0.00020551451635727287	-0.00019845494537178932	0.0002428006233306752	-0.000608033985389314	-7.93508754172093e-05	0.00039815170370799565	0.00017761631863504886	-0.0011489087578980437	0.0006537337595921506	0.00025152170743736904	-0.0005620442390100906	0.0009038509985408066	0.0002637801023875846	-0.0002522573751989034	-0.0003879453083238624	-0.00040370415361246065	-5.741468089495943e-06	-0.00016608528639408752	0.00019775476279468136	-0.0006939938184703982	-0.00027065341565533685	-4.838111381654631e-05	0.00031008676762949296	-6.228469381033129e-05	0.0001216648292398086	-3.327862110796823e-05	2.6257842146946877e-05	-0.0008466062072450053	0.00015825614205619524	0.00010245842737193858	9.501455768771024e-05	0.00019624693645523954	0.0004252802840885635	-8.331178643854443e-05	-0.00039732649062065444	0.00017685453295272261	-0.00014671534840230292	-0.00024308134722024255	0.00015598868044424037	-0.00047166195745882003	0.00015101211056385252	0.0002490045827082582	-0.0004041278322942301	0.00045626487673544304	0.0004938869484030992	-0.000141207875728559	0.00038279164100019807	-0.0001821188549823996	-0.00010136351906153517	-4.374311485626366e-05	0.0004299482626776045	0.00014889607290104184	-0.0	0.0	0.0	-0.0	-0.0	-0.0	-0.0	-0.0	-0.0	-0.0	0.0	0.0	0.0	-0.0	0.0	-0.0	-0.0	0.0	-0.0	-0.0	-0.0	0.0	0.0	0.0	0.0	0.0	0.0	0.0	0.0	0.0	0.0	0.0	0.0	0.0	0.0	0.0	0.0	0.0	0.0	0.0	0.0	0.0	0.0	0.0	0.0	0.0	0.0	0.0	0.0	0.0	0.0	0.0	0.0	0.0	0.0	0.0	0.0	0.0
GA22	-0.018619376904286108	0.0036824427508924716	-0.018859847552984792	-0.03812354988206006	0.0031728555225262797	-0.0033742195583226745	-0.007613776335558418	0.004271635890752377	-0.023057235186779775	0.005501144608869141	0.006831946533964707	-0.011934522068595615	0.0010777666545197344	-0.012163387743963708	-0.008861851605107334	0.014458136388578152	-0.0014337142674050215	0.01967815301863566	0.022939272811739107	-0.015450032893383522	0.02744761466917811	-0.010883969233977374	0.00616920304759778	0.007295842849892697	0.009315475915476195	-0.007455084792416129	-0.002857223266743878	0.0008913970622324095	0.0048918346143495	0.0034317446650303338	0.004115785067479929	-0.003974779062111253	0.0003357884488049476	0.00432330309733047	0.0052160530780270414	0.00663643082828116	-0.003376230245724019	0.0032315842880182373	0.006078663969983308	-0.004814444002583904	-0.00220208706934775	0.0015165846172771156	-0.002229751344518978	-0.0016097281616058703	-0.0027011049085607433	2.1447355647311392e-05	-0.003144830127270395	-0.00023655127473955445	-0.0027223107982713374	-0.00037911446976312966	-0.0023625047598316057	-0.0010592588318747462	0.0014578750825076632	0.000304251611567798	0.00012998143515251774	0.0003407878456571075	-0.0006286694947538411	0.0006978397031254481	-6.070520629154478e-05	-0.0005209088951401325	-0.0007396188127178801	-0.0001790863509202701	-0.0002547637322159977	-0.00010592348429682654	-8.56556506937733e-05	-1.3257423228621335e-06	-0.0	0.0	0.0	-0.0	-0.0	-0.0	0.0	0.0	-0.0	-0.0	-0.0	-0.0	0.0	0.0	-0.0	-0.0	0.0	0.0	0.0	-0.0	0.0	0.0	-0.0	-0.0	0.0	0.0	0.0	0.0	0.0	0.0	0.0	0.0	0.0	0.0	0.0	0.0	0.0	0.0	0.0	0.0	0.0	0.0	0.0	0.0	0.0	0.0	0.0	0.0	0.0	0.0	0.0	0.0	0.0	0.0	0.0	0.0	0.0	0.0
GA23	0.008553104536185994	0.0217108919030628	-0.023671644691070626	-0.03240712883800507	-0.007530599235674969	-0.010270365569353622	-0.014507365909065578	0.0033921622090298483	0.008248084100319355	0.0013928328180786624	-0.018107009586058584	-0.005139303493773167	-0.01767245021433898	0.004794002767036285	0.009295369274828756	0.0007410236079896037	-0.005594072412404453	0.0059140406241252165	-0.00854158850170899	-0.005785185700747284	-0.010565079567585843	0.0070897461332922644	0.009180590293458734	0.015392888508171481	-0.0037825453728486396	0.0028145960880797006	0.005030024776381376	-0.023506240454905278	-0.012208817791817242	0.011985974759785373	0.004864359984622928	-0.00965954757932546	0.003453835154503791	0.009353576341437714	0.0018897547946882286	-0.0057356557836180004	-0.00494775047289293	-0.003717818095374013	-0.002333320842512112	0.0005473115875075978	-0.0008286596417796123	-0.007114088241169356	-0.005929461910097947	-0.0028287808587440675	-0.00045299890429720664	0.002065901485318104	-0.002878265862091003	0.003105776032411031	0.003712872584264079	0.003180500976127135	-0.001048035616994179	-0.0014343775072381483	-0.0020214641408848244	0.0002567259326867726	-0.0002168172527612168	-0.000923641441941495	0.00032619454710277316	-0.0007712591592901551	4.4861726211567386e-05	-0.0003775293619226105	-7.350997201495033e-05	-4.321391807543568e-05	-7.628465038491997e-05	-1.2046923416011066e-06	9.075112057386909e-06	-1.4550641208111909e-05	-0.0	0.0	0.0	-0.0	-0.0	-0.0	0.0	0.0	-0.0	-0.0	-0.0	-0.0	0.0	0.0	-0.0	-0.0	0.0	0.0	0.0	-0.0	0.0	0.0	-0.0	-0.0	0.0	0.0	0.0	0.0	0.0	0.0	0.0	0.0	0.0	0.0	0.0	0.0	0.0	0.0	0.0	0.0	0.0	0.0	0.0	0.0	0.0	0.0	0.0	0.0	0.0	0.0	0.0	0.0	0.0	0.0	0.0	0.0	0.0	0.0
GA25	0.08960004835813327	0.05925921220971785	0.07176858486420294	0.004511061428097867	-0.051286076178558064	0.08796552488322168	-0.043252879042198364	-0.011447486019343527	0.0009450700774215404	0.000337648666389485	-0.00597580113450759	-0.002249605841271591	0.009584366899372575	0.0008947925389098109	0.0067100539701116105	0.011758130603485677	-0.012453474045844026	0.002596461139854007	0.0024645997933760984	0.025661492595320263	-0.012600678943862922	-0.014430346300389776	0.017620440624446284	-0.00951886870351366	0.011061879556300048	0.0035786362337851024	-0.0005778524102599118	-0.00016200720955187036	0.007515853603624885	-0.00240522351055134	-0.0035817275029600155	-0.004020453068068781	-0.0003022048965071623	0.007221567655135558	-0.002776827906823762	0.0052921196773651575	0.0001061894396508422	0.0001612471960836627	0.0021134381532402612	-0.0016849801161682855	0.002860972100373405	0.0002871927690835749	-0.001437351701956589	-0.002573990932531233	-0.0022140666613359467	0.000409509617858498	-0.0014698385369975944	-0.0009234008216112418	0.0005496915891009028	0.00023644302597271088	0.0003343220310984858	0.0002875854493748613	-0.0012458160869961322	-0.0002493728298630762	0.0001826608160256612	0.0002826301588440351	0.0005811218266548211	-0.00017589919862101536	0.00018893476241022139	-0.00021783924172140344	4.436268169761316e-05	4.306691695648061e-06	-5.504056932000819e-05	-1.1896361941422016e-05	5.284030193850865e-05	-2.7572681102513022e-05	-0.0	0.0	0.0	-0.0	-0.0	-0.0	0.0	0.0	-0.0	-0.0	-0.0	-0.0	0.0	0.0	-0.0	-0.0	0.0	0.0	0.0	-0.0	0.0	0.0	-0.0	-0.0	0.0	0.0	0.0	0.0	0.0	0.0	0.0	0.0	0.0	0.0	0.0	0.0	0.0	0.0	0.0	0.0	0.0	0.0	0.0	0.0	0.0	0.0	0.0	0.0	0.0	0.0	0.0	0.0	0.0	0.0	0.0	0.0	0.0	0.0
GA30	0.008766092957989602	0.011427384012063302	-0.007386041067234939	-0.02790571197609798	-0.004262477936366447	-0.0018396859183928936	0.0004779439354527722	-0.0009868167198000685	-0.0009220715136086814	-0.0013925308892922777	-0.00047058602593972075	-0.00026055384353012174	-0.002159421010003408	-6.935537172580876e-05	6.466394493034537e-05	0.0009910244962538929	0.001373079625898056	8.870302307475778e-05	0.0007657658305153966	0.0010998714172133558	0.0002928345670068745	-0.0006778175433063724	0.00034975987598287114	-0.00034567690116572505	-0.00021004297457201079	4.531382097150307e-05	-0.00015368092387121898	-0.0006006584370014576	0.0013990957018193463	0.001153407756349935	-0.0003915550504661986	0.00011597140913440583	-0.0005240379800834601	-0.0009840774168084663	0.0009895392999984454	-0.0004632737862140432	9.631141763584372e-05	-0.0002710654117005054	0.0005976506660843729	0.0007230330026025977	-0.0014521762161067008	-9.558068190819796e-05	0.0018740263538482597	0.0007482230256890199	-0.00046950337453340003	0.00073893698984985	0.0006383450681502026	-7.448075430385538e-05	-5.303593772002711e-05	-0.0005660958505188527	-7.762167439608328e-05	0.0015816786201737175	0.00017524839505122543	6.639720706881257e-05	-0.0008053607332992437	0.0006077226873072284	0.0005863866116677759	0.0006967956145475449	-0.0003637727305128281	2.438656634528166e-05	-0.0011292589401346344	0.0008197956112879285	0.00014229842371642242	0.0002553686217583918	-5.1286242446792626e-05	0.0004956275558345682	-0.0	-0.0	-0.0	0.0	0.0	0.0	0.0	0.0	0.0	0.0	0.0	0.0	-0.0	0.0	0.0	0.0	-0.0	-0.0	-0.0	0.0	0.0	-0.0	-0.0	-0.0	0.0	0.0	0.0	0.0	0.0	0.0	0.0	0.0	0.0	0.0	0.0	0.0	0.0	0.0	0.0	0.0	0.0	0.0	0.0	0.0	0.0	0.0	0.0	0.0	0.0	0.0	0.0	0.0	0.0	0.0	0.0	0.0	0.0	0.0
GA31	0.048323614620826176	-0.0015351818836408706	-0.029323547019720814	0.009167402785751498	-0.02276007539973792	-0.00031651118505735194	0.042947532121137326	0.03036978112237209	0.0059994905109154745	-0.01023289798630481	-0.006881941682871278	-0.014778081944143519	-0.015373320173634224	0.008995039949213185	-0.0032927157324279077	-0.037871916779766944	-0.008330760815582351	0.03944241528508152	-0.01593450671926904	0.008945971759491205	0.012647554444065194	-0.0009002645929380237	0.004319506337854193	-0.011670350249304792	0.009042018737490163	-4.529671079404778e-05	0.00658984055524353	0.00492171601377913	-0.0011577788414600361	-0.005270221078009436	-0.00275844825876511	0.0005811682677102373	-0.005389178429484049	-0.004764017326138212	0.0016240639508038454	-0.001377024935575991	-0.00037657428254428665	-0.0010352264166051403	-0.00016586143864521767	-0.00038866461822070563	-0.0015387150676727363	-0.0017411897706859128	-0.0012721627781990233	-0.0003332569206000289	-0.0008434472162713782	0.0007565379380958364	-0.0002758805505183747	0.0007404957614840422	0.0002668151146607072	0.00042559416026254537	-0.00011488083669298144	0.00036076267256609243	0.0004297535915448113	0.00010856777603887955	6.434965804070406e-05	-6.608911456449776e-05	6.461325332219227e-05	-4.1425708802790594e-05	-6.767629289726634e-05	7.575054139852463e-05	-9.685208130313774e-05	-0.00012437501715931078	1.5983307404052303e-05	1.6081987799354632e-05	-4.528865710770625e-06	-2.316575080789832e-06	-0.0	0.0	0.0	-0.0	-0.0	-0.0	0.0	0.0	-0.0	-0.0	-0.0	-0.0	0.0	0.0	-0.0	-0.0	0.0	0.0	0.0	-0.0	0.0	0.0	-0.0	-0.0	0.0	0.0	0.0	0.0	0.0	0.0	0.0	0.0	0.0	0.0	0.0	0.0	0.0	0.0	0.0	0.0	0.0	0.0	0.0	0.0	0.0	0.0	0.0	0.0	0.0	0.0	0.0	0.0	0.0	0.0	0.0	0.0	0.0	0.0
GA32	0.025921165361343285	0.0038294285055397574	-0.00431830185461973	0.005568709945920287	0.0017933159751673537	0.0008358035850117664	-0.0005037625720544034	0.0006740284641388043	0.001477753535147681	-0.0023347052703286053	0.0003118125763134584	0.0014790598980154645	-0.001710675428835013	-0.0003669860201385638	-0.0005192451509225211	-0.0005032125323909152	0.00027981397046453497	-0.0007969230885356281	0.001084922684367044	0.0003232517205277403	0.0005767505369123476	-0.0012346455925780603	0.0008610392125807725	-9.697839106303339e-05	-0.00036109113433795153	-0.0001895241770484063	-0.00017383922603858912	-0.0005552085507980396	-0.0012486579583044972	-0.0005128860729774704	-0.00031315787549839963	-0.00020534061187220542	2.8752861737544544e-05	-0.00011793361014708922	-0.0013715405837436332	0.0009627148267534817	0.00027376109134855315	0.0006755253806191088	0.00011057025734248899	-0.000706929631350259	0.0005882043195996379	-0.0014273089725113373	0.0007779420453911203	-0.00015031056474055135	0.0022060609836770688	0.00046048405477224863	0.0008215837940788136	2.5234743776501136e-05	-0.000974740328616981	-0.0008360384636322066	0.00034796203744706146	-1.2858059242686707e-05	-0.0003669549222214906	0.0012344684427758425	0.000794152366090868	0.00039568282632994404	0.00060735066209896	-0.0010470075080980998	-4.523439712950254e-05	0.0009191657780243913	5.746168594935817e-05	0.002002182123567158	-0.00033005517133744596	-0.003185999232960718	-0.0005875195930374981	-3.731957648331252e-05	-0.0	0.0	0.0	-0.0	-0.0	-0.0	0.0	-0.0	-0.0	-0.0	0.0	-0.0	0.0	0.0	-0.0	-0.0	0.0	0.0	0.0	0.0	0.0	0.0	-0.0	-0.0	0.0	0.0	0.0	0.0	0.0	0.0	0.0	0.0	0.0	0.0	0.0	0.0	0.0	0.0	0.0	0.0	0.0	0.0	0.0	0.0	0.0	0.0	0.0	0.0	0.0	0.0	0.0	0.0	0.0	0.0	0.0	0.0	0.0	0.0
GA34	0.042935519480950424	0.01379607615949888	0.04069163599656365	0.010771500165480445	0.020489057487357694	-0.03100777386101162	0.006405372012288419	0.021144972841380963	0.021674791031256333	-0.023292523213951283	-0.01770471192914209	-0.03353397187865768	0.020056048194564	-0.006587294095932105	0.035408116445933675	0.020645776146831808	-0.002515603294150895	-0.0015501906983678227	0.00028170820799697775	0.022154600102588178	0.0158267878862897	0.005350415570305877	-0.011057133574248916	0.01025539707204697	-0.003141757231435656	0.0017420035715622324	-0.0003852324569883298	-0.0013253714073125557	0.0013972572508733408	0.002056521022605011	0.006235019236992184	-0.002130766719952861	-0.0035649394492758397	-0.007698494629268085	0.0019216230808581259	-0.0009119767375142195	-0.0014344682890897469	0.001002545189115571	-0.0011005847089745596	-0.0011577092262740755	0.0008259480151515539	0.00019290225306402197	0.0003666040614279519	-0.0010497782658357476	0.002721815617810026	0.0005676805702800614	0.0031003186656542044	-0.000481006216942017	0.0003042994371712233	-0.000307785664117933	-0.0011814253664603458	-0.0001467096747253475	0.0017055443077500746	-8.923307135517554e-05	-0.0004316202956973391	0.0008487536230801184	-0.0002507188755919266	0.0004918449059129989	-0.0003237422231918886	0.00044249658480037	-2.114420467780668e-05	-9.289395899109963e-05	-1.1642038576942296e-05	-1.8260842639841974e-05	2.3238924105635194e-05	-2.1042011599898027e-06	-0.0	0.0	0.0	-0.0	-0.0	-0.0	0.0	0.0	-0.0	-0.0	-0.0	-0.0	0.0	0.0	-0.0	-0.0	0.0	0.0	0.0	-0.0	0.0	0.0	-0.0	-0.0	0.0	0.0	0.0	0.0	0.0	0.0	0.0	0.0	0.0	0.0	0.0	0.0	0.0	0.0	0.0	0.0	0.0	0.0	0.0	0.0	0.0	0.0	0.0	0.0	0.0	0.0	0.0	0.0	0.0	0.0	0.0	0.0	0.0	0.0
GA36	-0.0017913352732649563	0.0031577028542825757	-0.003082328337060771	-0.033687924283080393	-0.0064700678825082925	-0.003280176844341634	-0.002240478958877201	-0.0025839772985731253	0.0017760229190114337	0.0002842726970230158	-0.0068485710634451965	-0.001483362004044366	-0.0030031069869152645	0.004061883329900504	-0.005423866134395592	0.005042342888957614	-0.0025160262837089636	0.003533170480603951	0.0025762760500393903	0.0057358861525437285	0.0027001453694798947	-0.0013621429344114605	-0.0013955553374287392	0.011483568096599167	0.0018826546731481482	0.0016343793058894724	-0.00700244172739782	0.0038272930896573803	-0.008784686941115007	-0.0002156883220764135	0.0021443980844498113	0.00873866312858101	-0.011628265771226316	-0.003424025332364431	-0.0014817398181058519	-0.003713433741401165	0.004867364247838265	-0.00794251716994278	-0.003905261682328309	-0.005544461868774793	0.0076829739775184785	0.006066335614753855	0.007260162591818087	0.00817913774894821	-0.006410834402090549	-0.0001007240434059119	-0.00207359422742347	-0.0046640395957595485	-0.001969294416166101	0.006097310414027763	-0.0023142957816813256	-0.0018020793105010255	-0.0016815324791745324	9.810375109321317e-05	0.001654116916843719	-0.002575129538001733	0.0018217857655093205	-0.0017827119355325125	6.78642484955747e-05	-0.00133283092666368	0.0009999354408168726	0.0004942255567300624	-0.0007043281411966623	2.624188078549967e-05	-8.253813487223442e-06	-2.0187391021677753e-05	-0.0	0.0	0.0	-0.0	-0.0	-0.0	0.0	0.0	-0.0	-0.0	-0.0	-0.0	0.0	0.0	-0.0	-0.0	0.0	0.0	0.0	-0.0	0.0	0.0	-0.0	-0.0	0.0	0.0	0.0	0.0	0.0	0.0	0.0	0.0	0.0	0.0	0.0	0.0	0.0	0.0	0.0	0.0	0.0	0.0	0.0	0.0	0.0	0.0	0.0	0.0	0.0	0.0	0.0	0.0	0.0	0.0	0.0	0.0	0.0	0.0
GA38	-0.025889819829754822	-0.0038671958521620162	0.015667474824865805	-0.03068446023601421	-0.0059379442908312615	-0.0006931594214939897	-0.000779451938451981	-0.0073021041950177765	-0.0016445373708492757	-0.007391253154752728	-0.008522923127298805	0.01212967590426437	0.014221533979718846	0.0004960439620853081	-0.0105291032021016	-0.0037610622259804712	-0.02227464460465519	-0.006724260886943041	-0.014124741289939157	0.0019491386331979069	0.008583551778887645	0.009480364976919238	0.008074892218254468	-0.001293372256809177	-0.002764139242682409	0.0025483642287594415	0.0030710291589031817	-0.008333656945121842	0.014564795452062707	0.011936743993945025	-0.008178034934190847	-0.006534822725057284	0.0007277040818889841	-0.008579365509094888	-0.003961030291362918	0.0019626551888532683	0.007760424893041148	-0.00039731207983002706	0.00445647076001148	0.004631184342064368	-0.0004317240024353962	-0.0004694942106129458	0.0019059839468423914	0.007458738238769936	0.0013864898761710921	0.0020515636053135087	-0.004261315946128775	-0.0011998272011620873	-0.00205107228381657	0.0011934241033167159	0.0018674479721478958	-0.002359911472393603	0.003015482162829104	-0.00022111046644132749	-0.000399766694602442	-0.0006383558441166874	0.0007155634485873649	3.9535755112263794e-05	0.00014926869759830972	0.00027491555636311626	5.8439197176481333e-05	0.000649856576162692	0.00018446738718707253	0.00011948407107846062	-0.00018527208224146353	0.00011731374181181291	-0.0	0.0	0.0	-0.0	-0.0	-0.0	0.0	0.0	-0.0	-0.0	-0.0	-0.0	0.0	0.0	-0.0	-0.0	0.0	0.0	0.0	-0.0	0.0	0.0	-0.0	-0.0	0.0	0.0	0.0	0.0	0.0	0.0	0.0	0.0	0.0	0.0	0.0	0.0	0.0	0.0	0.0	0.0	0.0	0.0	0.0	0.0	0.0	0.0	0.0	0.0	0.0	0.0	0.0	0.0	0.0	0.0	0.0	0.0	0.0	0.0
GA43	0.020724718079730475	-0.0020117757195466327	-0.0006209908003093728	0.009777304224914598	0.0023551447518229017	0.00021890811213668194	-0.001829614262968601	0.0034719710535814187	0.004749608861628349	0.004768282649309497	-0.001687674623544254	-0.0025611206178099127	-0.0049925665903030785	-0.0034640453138011767	-0.007267401331315441	-0.001122240694576223	0.0020323283707330783	0.003812633206546296	0.0073656703381148785	-0.0025700627801004015	-0.005293964775279124	-0.00010225201864002905	-0.008830458707278452	0.004422017141074637	-0.003857350127546768	-0.005881303859041682	0.00198365859730715	0.003460544237566026	0.0018871649086395262	0.005634962233957369	-0.0019357074064936415	0.008495365990098022	-0.011400502084301056	0.002838943611386897	0.005517362026195453	7.172171835402061e-05	-0.002846710890125415	-0.004983840160387341	0.011026842932997959	0.005260490733460544	0.010310082175831509	0.0008504578124252579	-0.00024206875064983072	-0.00751572548030939	0.0021234620379360215	0.003806873179339919	-0.004408273531126627	-0.005271376895006206	0.00783999885273109	0.002117490330938313	0.007329417813570075	-0.0024158109756495885	0.0021150768421035675	-0.002843252031406646	-0.0006951250383365519	0.0007043908106735475	0.00251765693197783	0.0005002274953663781	0.0016031713628937877	0.00036140050665491654	-0.0002382156040992967	0.0004643257643437319	0.0004537722063029768	3.267550976989176e-05	-4.9591536473113505e-05	-5.1015335958046164e-05	-0.0	0.0	0.0	-0.0	-0.0	-0.0	0.0	0.0	-0.0	-0.0	-0.0	-0.0	0.0	0.0	-0.0	-0.0	0.0	0.0	0.0	-0.0	0.0	0.0	-0.0	-0.0	0.0	0.0	0.0	0.0	0.0	0.0	0.0	0.0	0.0	0.0	0.0	0.0	0.0	0.0	0.0	0.0	0.0	0.0	0.0	0.0	0.0	0.0	0.0	0.0	0.0	0.0	0.0	0.0	0.0	0.0	0.0	0.0	0.0	0.0
GA46	0.00028013620478595604	-0.010822327263630048	0.003317695478145868	0.014368252966766802	0.0020822369522892907	0.0029621498557389396	0.0009533632272744814	-3.784107131877611e-05	-0.001028105567794862	0.003462330891549783	0.00032228088801777464	0.0018595526776702307	0.0014392287630323056	-0.0009112398437634514	-0.003640829276471937	0.0049474327543132255	0.0035156131207363574	0.008017429196485867	-0.002838088093201141	0.0003716745982542588	-0.0008503205963459535	0.005487221396820526	0.0046900756422233675	0.0004889830633461109	-0.000252462899372018	-0.0012203622000838156	-0.003630867165872084	0.0011098920820583249	0.009888055851999223	0.004533445106115521	0.0065631826623175965	0.0033803296678547924	-0.00207092050515294	-0.001882201951011326	-0.0041750504911333645	-0.003562165276830833	-0.0013671116656631612	-0.006089357233702621	0.002066991785707573	0.004739108229694658	0.007585968071454266	-0.00448552075361546	0.0065063501173081295	-8.389904015752546e-05	0.009039520372839449	0.006634036112585143	0.003560154018953353	0.0036230221524506906	-0.0001638319266534276	-0.001007559753997638	-0.003991739774423933	0.0035714258615211067	-0.002353973078881296	0.0017515567087961947	0.001843229775956755	-0.0010746209235150005	-0.003247707249599154	-0.00117740834310733	-0.0006493458817747578	-0.002440025679331495	-3.2122229025927856e-05	-0.00013134003017245001	0.0006236836702667429	8.905095055338837e-05	6.939491834133633e-05	-5.978151572086539e-05	-0.0	0.0	0.0	-0.0	-0.0	-0.0	0.0	0.0	-0.0	-0.0	-0.0	-0.0	0.0	0.0	-0.0	-0.0	0.0	0.0	0.0	-0.0	0.0	0.0	-0.0	-0.0	0.0	0.0	0.0	0.0	0.0	0.0	0.0	0.0	0.0	0.0	0.0	0.0	0.0	0.0	0.0	0.0	0.0	0.0	0.0	0.0	0.0	0.0	0.0	0.0	0.0	0.0	0.0	0.0	0.0	0.0	0.0	0.0	0.0	0.0
GA47	-0.0071848152004393775	-0.026450551905828568	0.003225759003493772	0.027915646663173307	0.0033750624830817355	-0.0018796427232305277	-0.0022663250755653045	0.00943236802652627	0.04549745371838766	-0.05589919090790653	-0.014326137335612207	0.03631884786844154	-0.02737929077245001	-0.008361280135824128	-0.01002853482371754	0.006937976266401721	0.010807774113162534	-0.00768971931475375	0.01586210398982208	-0.0016423201542846168	0.008645538050689246	-0.005657197345825072	0.010365093337466274	-0.004805686232728482	-0.00041013576958354224	-0.005585054501987448	-0.002223189570214648	-0.0009300068263564321	-0.006740801368617817	-0.00288635584489568	-0.001026774407649259	-0.0009159526367041292	-0.0030206265597868503	0.0010045067247450752	-0.004573995315687396	0.0029205479583350176	1.6608654126387297e-05	-0.0008729099834453285	0.0013072845571961088	-0.0009428181431820645	0.0007515908457224592	-0.0012338003468680364	0.0006172471182658204	-0.00010130683445343315	0.0019238587250988324	0.0010811850806285044	-0.00037675956726836927	0.0007791964497262194	-0.0009420573025961147	-0.0010676080162966904	-0.0005946896255176808	0.0002458066641768181	-3.994714582553812e-05	0.0003412073067554583	-0.0006880498919696002	0.0006612714199795151	-7.461514130022001e-05	-0.0001130910160202121	-0.0004417934907415786	0.00011420353039762669	-1.2217370804054633e-05	4.715074577938553e-05	0.0001468031393362574	0.0001486503473327785	1.912542786688689e-05	-1.6116207053121013e-05	-0.0	0.0	0.0	-0.0	-0.0	-0.0	0.0	0.0	-0.0	-0.0	-0.0	-0.0	0.0	0.0	-0.0	-0.0	0.0	0.0	0.0	-0.0	0.0	0.0	-0.0	-0.0	0.0	0.0	0.0	0.0	0.0	0.0	0.0	0.0	0.0	0.0	0.0	0.0	0.0	0.0	0.0	0.0	0.0	0.0	0.0	0.0	0.0	0.0	0.0	0.0	0.0	0.0	0.0	0.0	0.0	0.0	0.0	0.0	0.0	0.0
GA50	0.002873116697004328	0.004390206657311924	-0.012377123776994781	-0.036110541267610305	0.0028250806793415208	0.0015873570181921513	0.00022180214821694214	0.0044622655627040465	-0.008173307224235898	0.003082298391269984	-0.003610221829475014	0.004666849295211805	0.0005000996328265103	-0.0006623746294392276	0.004935453134280388	-0.002725815021694578	-0.006456442740955704	-0.006007358073359048	-0.0008107245550124602	0.0008049899472711195	0.0010155412602817985	-0.005748127653732454	0.002034568998384429	-0.002932280143854525	-0.0028049645453415476	0.006767513160011283	-0.0020897445306726037	0.00034374954971126654	-0.0004649241846331529	0.0005105763579667322	-0.0024943187332304956	0.009946588148442211	0.0008491848691138159	-0.0010261735290498528	-0.005608147032049482	-0.003540094428021885	-0.0071844285528784805	-0.0033983274900321017	-0.0025311023595633187	0.0007383710358644914	-0.0030313888138844966	0.003740594870067661	0.003912797564148995	-0.00891707152139167	-0.002349979068157831	0.00415229602812869	-0.0017320425382104621	0.002904124837694392	-0.0010505266911302337	0.0003352410346090094	0.002525306655258724	-0.0034245121172476836	0.0065788960143804	0.003701253726643102	0.0017014497760230178	0.0019231176012337488	-0.001349672364136516	0.00019862144613160503	-0.0013131297895237633	-0.00039350623554967597	0.0007787760640498761	9.43638093416555e-05	0.0004498200680813273	0.00021630659263723045	9.652240784783604e-05	0.0001211706007797973	-0.0	0.0	0.0	-0.0	-0.0	-0.0	0.0	0.0	-0.0	-0.0	-0.0	-0.0	0.0	0.0	-0.0	-0.0	0.0	0.0	0.0	-0.0	0.0	0.0	-0.0	-0.0	0.0	0.0	0.0	0.0	0.0	0.0	0.0	0.0	0.0	0.0	0.0	0.0	0.0	0.0	0.0	0.0	0.0	0.0	0.0	0.0	0.0	0.0	0.0	0.0	0.0	0.0	0.0	0.0	0.0	0.0	0.0	0.0	0.0	0.0
GA51	0.0007758887960767652	-0.010397146277790701	0.00265422781860501	0.013954650785228144	0.002498590040713678	0.0022860664941521175	0.0008133795203006534	0.0011969001409160307	-0.00046866428805052656	0.006316127446382859	-0.0018258918473941508	-0.002119840831017185	0.005082958789636466	-0.001125457844245818	-0.001149112317355642	-0.0002996117092911483	0.00035291926185571716	-0.0010716197662008107	0.005087808883580506	-0.0013851987321975101	0.009439516282822961	0.0037226958541110577	0.004883007291375166	-0.0002804372659392944	0.008306125668677625	-0.0003386442941172419	-0.0019920917197760314	-0.0009135664487320195	-0.0031050127878358065	-0.005162633014859792	0.0029926177265382674	-0.006577468616379743	0.005794912797796946	-0.0023277793841015287	-0.0006118375635404388	0.00040781787896787124	0.0076640501342210236	0.0027252188972639165	-0.007294713980067984	0.013587272665482217	0.0033449723281454746	0.0027403815436975064	-0.0017595507784080604	-0.008373400708027279	0.004374706804955672	-0.0038786348380527294	-0.00546923386488087	-0.0023564684899503477	0.0010396800097402805	0.002254303134207895	-0.0016760638197636268	0.0003507223429878518	0.004175964275887214	0.0007895414461423488	-0.0004939093754594337	-0.0009962375808726604	-0.00018136928790915365	-0.0015235249778135938	-0.00011977725731848756	0.000720127377492783	0.0008919495449841985	-0.0006094783145322201	-0.0002385332775839983	-0.00017935013861402344	1.2029132483178993e-05	4.0588077510699714e-05	-0.0	0.0	0.0	-0.0	-0.0	-0.0	0.0	0.0	-0.0	-0.0	-0.0	-0.0	0.0	0.0	-0.0	-0.0	0.0	0.0	0.0	-0.0	0.0	0.0	-0.0	-0.0	0.0	0.0	0.0	0.0	0.0	0.0	0.0	0.0	0.0	0.0	0.0	0.0	0.0	0.0	0.0	0.0	0.0	0.0	0.0	0.0	0.0	0.0	0.0	0.0	0.0	0.0	0.0	0.0	0.0	0.0	0.0	0.0	0.0	0.0
GA53	0.015850723943456126	-0.0010679037350557123	-0.0008118010442756705	0.009032844637367215	0.0019977391046807863	0.0015494985044736181	0.00113688128135046	-0.00017335975646992882	4.995340325029082e-05	-5.3227988783931886e-05	0.0013756266962985757	-0.0004780765102064159	-0.00157472642447606	-0.00046283097781955976	0.001963103547929342	0.0018235535703751955	0.0009863804623674829	9.307372686075383e-06	0.0017106810640426136	0.00047124651518258163	0.0025696795852659976	0.0052980020602449215	-0.0017869210608264172	-0.00159188760678839	-0.00018867316281568518	-7.25543537625795e-05	0.002263580176808916	-0.0036266067155574736	0.00682378349403275	-0.00032529629954102	-0.0045405192523455965	-0.003102089743565541	-0.0036233199894085246	0.003222807157869907	-0.003014649460132258	-0.003736935707409954	0.0025069252166453823	-0.0027800808855994274	-0.0018604280197375565	-0.004469583407210254	0.00029553608052224534	0.0022028606196834066	-0.00269334357806192	0.0011266859572176718	0.0030122153884965096	0.0005344777519103231	-0.0016441931656485545	0.00043498132197920917	-0.0005656721320150959	-0.0012424131924592507	-0.0022321606555584595	-1.7390989246281653e-05	0.001713807734336998	-0.0023027084968723186	0.002027560734899826	-0.0002126497249147324	-0.0009283177384992616	0.002573735448833689	0.004088766980696239	-3.203993302503608e-05	-0.0007786385337382191	-0.00014671738333551132	0.001619183192827858	-3.0043996185096484e-05	-0.0004890726195922237	-0.00038949333000864403	-0.0	0.0	0.0	-0.0	-0.0	-0.0	0.0	0.0	-0.0	-0.0	-0.0	-0.0	0.0	0.0	-0.0	-0.0	0.0	0.0	0.0	-0.0	0.0	0.0	-0.0	-0.0	0.0	0.0	0.0	0.0	0.0	0.0	0.0	0.0	0.0	0.0	0.0	0.0	0.0	0.0	0.0	0.0	0.0	0.0	0.0	0.0	0.0	0.0	0.0	0.0	0.0	0.0	0.0	0.0	0.0	0.0	0.0	0.0	0.0	0.0
GA57	0.04191091698316852	0.00511118287720197	-0.0349304555868108	0.014421860126096088	-0.016995019288691852	-0.027848820787869502	-0.011344858085664941	-0.03399088439709917	0.02416940587345365	0.016324216119049592	-0.017702217505817564	0.005050194405535618	0.0011268388123925734	-0.005171653078873315	0.031705870422076364	-0.0036606524826884603	-0.0025049266488060707	0.005807124068073733	-0.0005981642718339183	-0.029876702864466996	-0.016144168000051872	0.004398501126660569	0.011245221727994881	0.007218260128459668	0.006870953399125957	-0.0027539360760258564	0.005248322969749246	0.006497024073400495	0.005149281493813121	-0.007923849341146136	-0.001110857804629897	0.0022004717681352536	-0.007103684916507652	-0.009052622982149894	-0.0036151235209069283	0.0038405251554047425	0.0009125319634150483	-0.0009918504960909971	0.0005209136564442393	-0.0002944780082242965	-0.003559430616909743	0.0004530358371783548	-0.0016842738037698356	-0.00011425870867125357	-0.00013327125448936311	0.002840370048303684	-0.0004223091116762381	-0.007371862970030841	-0.001831562260396921	-0.0029117193280620607	-0.0022140864312619676	0.0014104854331657018	0.0005384185891212867	0.0006238627814367159	-0.0007088905080826065	0.0009317791502547108	-0.0006779073121902255	0.0004045330014244037	-4.538590626893297e-05	1.5063061967849108e-06	0.0004673106970638798	0.00018009700586940692	-6.956614290209248e-05	1.3073655717415312e-07	2.5800413594330557e-05	3.218638475690083e-05	-0.0	0.0	0.0	-0.0	-0.0	-0.0	0.0	0.0	-0.0	-0.0	-0.0	-0.0	0.0	0.0	-0.0	-0.0	0.0	0.0	0.0	-0.0	0.0	0.0	-0.0	-0.0	0.0	0.0	0.0	0.0	0.0	0.0	0.0	0.0	0.0	0.0	0.0	0.0	0.0	0.0	0.0	0.0	0.0	0.0	0.0	0.0	0.0	0.0	0.0	0.0	0.0	0.0	0.0	0.0	0.0	0.0	0.0	0.0	0.0	0.0
GA6	0.029112030041946586	0.003030587297851086	-0.009788005928516296	0.007332927540827323	-0.002444119592458537	-0.004765809537092838	-0.002188707590943558	-0.005766051355312495	0.0015201514718390843	5.561479018350514e-05	0.0011649659746421803	0.0013123841951080063	0.00013188520413137374	-0.0009326102668943251	0.0009626803585822607	0.0005449046027039789	-0.0005137581458717152	-0.0013034917147819005	0.0009057126003243612	0.0008374110290308173	0.0007829878687846202	0.00020322075612385637	0.00011575552811175926	-0.0005444784362176535	0.00029285984334439825	0.00012935438289736346	-0.0003245026398976702	-2.0480589103015532e-05	-0.000556488943832302	-0.0015513602446315697	-0.000977759327014626	-0.0009570172237204114	-0.00164967664219246	-0.0006135534938328809	-0.0005823916114420058	0.0004539336861245458	0.00020196053582468489	0.0007614551279992547	-0.0016280869190597872	-0.0003967593043275317	0.00010698525465848255	-0.002325820426512568	-0.0006822959587616761	-0.000839752404083975	0.0034668942573075163	0.001816729439266752	0.004924164403339932	-0.001570957253134423	-0.0009791224212181218	-0.003879372209611275	0.006152487284210562	-0.0009012280228874704	0.0015560851696315844	0.004227231083928139	0.00812894721165375	-0.004061630937077968	0.0032834294773671454	-0.003285098820131594	0.00020368068304997753	0.0020598415591409126	-0.002975413254257933	-0.00043708537622520483	-0.0007118477964962079	0.0004389626714130637	0.00015319546700401569	-9.089046888248508e-05	-0.0	0.0	0.0	-0.0	-0.0	-0.0	0.0	0.0	-0.0	-0.0	-0.0	-0.0	0.0	0.0	-0.0	-0.0	0.0	0.0	0.0	-0.0	0.0	0.0	-0.0	-0.0	0.0	0.0	0.0	0.0	0.0	0.0	0.0	0.0	0.0	0.0	0.0	0.0	0.0	0.0	0.0	0.0	0.0	0.0	0.0	0.0	0.0	0.0	0.0	0.0	0.0	0.0	0.0	0.0	0.0	0.0	0.0	0.0	0.0	0.0
GA64	0.03667273414823078	0.06545889276845235	-0.09922751261832677	0.05324829773742231	-0.029374801185845227	-0.07793427336620581	-0.08273330627669516	-0.02505892132880816	-0.030363865108796566	-0.019760082061752126	0.016266494431568558	-0.01531559737821736	0.0014678029978543968	-0.003300833021956136	-0.01205242233620402	0.000972678819189138	0.005850069447753595	9.629095275641115e-05	-0.0032646215371655947	0.0021570681091879285	0.004296975076319085	0.002610684248485486	0.0045185550521520505	-0.0028791815054007405	-0.002289047113787889	0.001262714141877276	-0.0025596960800394713	-0.0009310287979905745	-0.0007869833543958398	-0.0007974895129687817	-0.0014586561790133515	-0.005056062406147999	-0.003705952653718496	0.0012774937234204173	0.0022112962435235973	-0.0024543066655412773	-0.000305403454097816	-0.0026787996680442488	-0.002594655682836565	0.0013640263240546652	-0.00042887279092266315	-0.00048745879200420253	0.00025294754066226914	0.0008092216842927166	0.0009637466432746112	-0.0004779370564420018	0.0012501701392627436	-1.4108400248941156e-05	4.396473213955407e-05	-0.0011270517060433134	0.0023874536606671194	-0.0010790361379881196	0.0008638405904299465	-0.00016627655788768966	0.0005807420939549768	-0.000246790660504925	-0.00020685357042356955	0.0002193613298150909	3.946654089006806e-06	-0.0003148459302129365	0.0003228659615929533	-8.000532568429361e-05	0.0001632936615842439	-1.033298853902514e-06	-1.0104729050856588e-05	2.0285893909619713e-05	-0.0	0.0	0.0	-0.0	-0.0	-0.0	0.0	0.0	-0.0	-0.0	-0.0	-0.0	0.0	0.0	-0.0	-0.0	0.0	0.0	0.0	-0.0	0.0	0.0	-0.0	-0.0	0.0	0.0	0.0	0.0	0.0	0.0	0.0	0.0	0.0	0.0	0.0	0.0	0.0	0.0	0.0	0.0	0.0	0.0	0.0	0.0	0.0	0.0	0.0	0.0	0.0	0.0	0.0	0.0	0.0	0.0	0.0	0.0	0.0	0.0
GA66	-0.005470771343461084	-0.010467267379994264	-0.005589888505795696	0.027766595495143796	0.0020261944501797275	-0.006377998579139496	-0.011163570658565438	0.006042278380176794	-0.005962202939949423	-0.01000348768376145	0.006882972191795972	-0.004576983569937741	-0.0035027907026870977	-0.013497472367288202	-0.020878403312894905	0.008824194062474075	0.014144606593106441	0.014926537838802425	-0.014691634543171942	0.013181118815133518	-0.019921741056598653	0.010202400420653462	-5.676465872081109e-05	0.02150054768728593	-0.0016296716346456887	0.00480690918607804	0.002374501227836898	0.0072217277677145645	0.005541465526496006	-0.011007086391174228	-0.0013483689375040743	0.008006533901462195	0.004256518980688968	0.00567730641355041	-0.0013365675281867232	0.0046213122191121865	0.0064923804802747825	0.004878819814123263	-0.0003502369155072341	-0.0014439195925105687	-0.005773651891505179	-0.0001877463567570843	0.0013925490852837496	0.0009290578991828918	0.0017049517498233034	0.0037934052099527524	-0.0025500927746514995	0.0020601131626381396	-0.0009254761288148882	0.0024136916660740014	-0.003107938075779875	-0.0013779638439473877	0.0019278736158732754	0.00018169816126490867	-0.0013326724482544603	0.0006541622704223647	0.0010676753008280978	-0.0011452127213290627	0.00037239165714904413	0.0005192464338299386	-0.00011378810855365114	7.31008905525318e-05	-2.4554165823667107e-06	-4.3485814569432405e-06	8.216418352789948e-05	3.997325012444536e-05	-0.0	0.0	0.0	-0.0	-0.0	-0.0	0.0	0.0	-0.0	-0.0	-0.0	-0.0	0.0	0.0	-0.0	-0.0	0.0	0.0	0.0	-0.0	0.0	0.0	-0.0	-0.0	0.0	0.0	0.0	0.0	0.0	0.0	0.0	0.0	0.0	0.0	0.0	0.0	0.0	0.0	0.0	0.0	0.0	0.0	0.0	0.0	0.0	0.0	0.0	0.0	0.0	0.0	0.0	0.0	0.0	0.0	0.0	0.0	0.0	0.0
GA68	-0.007237278045140374	0.00012038606466733698	-0.01041600147852049	-0.028084421704432115	-0.013398253453980102	-0.014358894804826005	-0.002010540605421827	-0.01814002196458356	-0.0029577445773529246	-0.004991710329900072	0.00022593603290624027	0.0034879977031300026	-0.0016161457307354364	0.0013581848764551699	0.001330955699075197	0.00785296850622229	-0.004802050081718373	-0.009680379356492758	-0.006434401237143176	-0.00104546395910752	0.00481212816697994	0.00469310981620776	-0.003074495884117967	-0.0022849272222510955	0.009884780396363776	0.005098599079887752	0.006371860679059911	0.004807309276463901	-0.00497106098824009	-0.009352065960140732	0.0034459822195955707	-0.001028702425066482	-0.01040534133743434	-0.001739840943912088	-0.0007099778940521422	0.0008581618976002431	0.0053320529371208725	0.005418348035069027	0.0002462767027781438	0.0018443781381596127	0.004514277446324311	0.0027846297092240084	-0.005770729879577873	-0.002095449855259227	-0.011354216808695684	0.0030892008600676884	0.006708511200244514	0.006717010269167636	0.0003567196228265414	0.001597015765646488	0.004142536059584029	0.0006754129960195984	-0.0010075137877394852	0.0002336554204824493	-0.0014128597936497074	-0.0011090172257235279	-0.0008340331130680138	0.0007446923432125016	-0.001245519021625362	-0.0003099680823513664	-0.0004633398801309478	-0.0003289251021630361	0.0005090951697531125	-4.774340466178209e-05	-7.649503895543287e-05	-0.00010900066230707262	-0.0	0.0	0.0	-0.0	-0.0	-0.0	0.0	0.0	-0.0	-0.0	-0.0	-0.0	0.0	0.0	-0.0	-0.0	0.0	0.0	0.0	-0.0	0.0	0.0	-0.0	-0.0	0.0	0.0	0.0	0.0	0.0	0.0	0.0	0.0	0.0	0.0	0.0	0.0	0.0	0.0	0.0	0.0	0.0	0.0	0.0	0.0	0.0	0.0	0.0	0.0	0.0	0.0	0.0	0.0	0.0	0.0	0.0	0.0	0.0	0.0
GA69	-0.022433484685476186	-0.006191772568018155	0.0015012831202115154	-0.025508597900829592	-0.004485324348582394	-0.0022273615509212524	0.0008724030082937917	-0.0025437042608651905	-0.003514535093628329	0.0019908283982106034	-0.0020990287186663883	-0.004851867739369625	0.005359625672881418	0.005474643128752485	0.006718253450734115	-0.004163405975281215	-0.0016643253776116448	-0.006433484584361432	-0.00032449554789451893	0.0019116327946043614	0.00881397518457113	0.0028830638901534192	0.0037275602116750004	-0.0006734014761261751	-0.003394541739479818	-0.0043852798526563975	0.0031478486377908292	-0.00010106211256543964	-0.006529158586684408	-0.009837134914069241	0.00288227161838163	0.0027500327672846368	-0.00021562546349702345	0.008969047811632373	-0.00867396885892737	-0.006234476775809458	-0.003788803694797507	0.0010207288066142513	-0.0026706707033780004	-0.004056682791597665	-8.001100671130576e-06	-0.0007269263848188803	-0.0011355710673019734	0.0053814885602758425	0.0005275154805070294	-0.005982622413447084	-0.0026132437942885016	-0.004798924511906577	-0.001048233424150763	0.00013463520389098805	-0.0005176195523145424	-0.00014578898774104772	0.003080798291325467	-0.004594514910825614	-0.0001921229529891308	-0.0010780290293653254	-0.0005476187937533917	-0.001122314735482566	-0.0007355065715847193	0.00013059772502265903	-0.0011887811010828447	0.000621621751729111	0.0006032853978717993	-2.700923475843519e-05	0.00013839432694949953	2.7917399511065923e-05	-0.0	0.0	0.0	-0.0	-0.0	-0.0	0.0	0.0	-0.0	-0.0	-0.0	-0.0	0.0	0.0	-0.0	-0.0	0.0	0.0	0.0	-0.0	0.0	0.0	-0.0	-0.0	0.0	0.0	0.0	0.0	0.0	0.0	0.0	0.0	0.0	0.0	0.0	0.0	0.0	0.0	0.0	0.0	0.0	0.0	0.0	0.0	0.0	0.0	0.0	0.0	0.0	0.0	0.0	0.0	0.0	0.0	0.0	0.0	0.0	0.0
GA70	0.006234583499591161	0.009986637081162012	-0.0068498727957424866	-0.027914797076006036	-0.004339132493272759	-0.0019026274620876377	0.0006989284577411045	-0.0010481056924776895	-0.001341527133414702	-0.0014826033515785153	-0.0001791564430081424	3.1917685990679916e-05	-0.0029882108757696567	0.00018546376353183774	-0.00029589622043227955	0.001592201311745763	0.001733965316221488	5.180396508867718e-05	0.0005337611707686873	0.0004431969310297594	0.0002696799124619961	0.0005652071250654033	-0.0004671904788582339	0.0009802222953750562	0.002635035383377608	0.001720388330548395	0.0010673826536253986	0.0014448851891485136	0.002779121046826486	0.0007029037932418198	0.0009273828621984827	0.0012848162957580685	-0.002314093873855655	0.003189919008772384	0.0006351236463320695	-0.0009254719740478258	0.000404933502477323	-0.0011327522588320856	-0.0016086876328703199	0.0005495032963374188	-0.001539960524983324	-3.3789636178036337e-06	-0.0010911609082681593	0.00031909263139291553	-0.0013428575029391112	-0.002566132707764389	0.0005873306404032538	0.0009606268353828031	-0.0012540345565446988	-0.002330839359512906	-0.003075857225302321	-0.0007409770290384129	0.0008292129271862687	-0.001359499461137568	-0.00018315513835510667	0.001330552026255911	0.00333098389638098	-0.0007019372245586261	0.0016778225755178487	0.0025952059502160948	0.0010287848002274776	1.764246021840277e-05	0.0009362904868533107	-0.00010824702828644795	0.000439582121088709	0.00022194615091219007	-0.0	0.0	0.0	-0.0	-0.0	-0.0	0.0	0.0	-0.0	-0.0	-0.0	-0.0	0.0	0.0	0.0	-0.0	0.0	0.0	0.0	-0.0	0.0	0.0	-0.0	-0.0	0.0	0.0	0.0	0.0	0.0	0.0	0.0	0.0	0.0	0.0	0.0	0.0	0.0	0.0	0.0	0.0	0.0	0.0	0.0	0.0	0.0	0.0	0.0	0.0	0.0	0.0	0.0	0.0	0.0	0.0	0.0	0.0	0.0	0.0
GA73	-0.05047827256132872	-0.02200953509216166	0.009034127154153042	-0.026000724054010785	-0.004237917547975252	-0.003193052260578169	0.001925304471005026	-0.0024971790813769342	-0.00555047320736196	-0.0005427956123436661	0.0009111855311955244	0.000706522713521589	-0.005210455172511115	-0.004585496289542746	-0.004666672106535127	-0.001828540507973639	-0.0095715736329047	-0.00965674730143178	-0.007621393231360872	-0.006801193799348682	0.003751046741891261	-0.0002463160567067212	0.005989559635169994	-0.0012498253780550321	0.012979125562030552	0.009576593914887271	-0.005458057610862283	0.0034218950071590597	0.008183931643060442	-0.005834500259770841	0.02076293734635117	0.006209102364994003	0.010107870009135407	-0.0028381419466220947	0.0057070950681879255	-0.000785345740339228	-0.005016463811097043	-0.007217379645556627	-0.0017978940416004637	-0.0014151009450270135	0.004487759593382494	-0.007031188661952269	-0.0002839147561610958	0.0022624753929636663	0.003034322922987786	-0.002533030542192329	0.0032104827450153907	3.418002336461027e-05	0.0024934380659917227	-0.0004905511199862476	0.0009394904914440183	0.0029815208716645475	0.0014054390534884542	0.0013798046879341065	-0.002151006940787336	0.0006451962683264892	0.004178914751457714	-0.0006802683925037551	0.0009080916013122144	0.00017942192464489378	0.0004775557475452904	5.362492279667072e-06	-0.00010480039819449738	5.822343796452525e-05	-7.354307517536928e-05	-7.418256849114698e-06	-0.0	0.0	0.0	-0.0	-0.0	-0.0	0.0	0.0	-0.0	-0.0	-0.0	-0.0	0.0	0.0	-0.0	-0.0	0.0	0.0	0.0	-0.0	0.0	0.0	-0.0	-0.0	0.0	0.0	0.0	0.0	0.0	0.0	0.0	0.0	0.0	0.0	0.0	0.0	0.0	0.0	0.0	0.0	0.0	0.0	0.0	0.0	0.0	0.0	0.0	0.0	0.0	0.0	0.0	0.0	0.0	0.0	0.0	0.0	0.0	0.0
GA74	-0.007793619246585237	-0.01663909918251322	0.00628532193133169	0.019055675778645993	0.003024208369304257	0.0016727352579408766	0.0012918718235536604	0.0015381897215126237	0.0019488867228433782	-0.004542243317756206	0.0025780290106729607	0.0006818493575773628	-0.004589200387863519	0.00047297325364208586	0.0029188890452785904	-0.0007142980970604995	0.0022544250958105297	-0.0018741998159615993	0.00468588075621134	-0.0009707729423253236	-0.0071872285617526985	-0.0051354112471892425	-0.009555028126550784	-0.00026191941741625	0.009521195590822675	0.005952167672054768	0.001320111730950412	-0.0037946426008438508	0.0030840499105736123	-0.003759809240248046	0.004697431544554668	-0.009184074238220844	0.008530218058706743	-0.01127628646845947	0.012979166027924535	-0.0017669713982105483	-0.00033169449749648406	-0.0055081127482765465	0.003609912609763	-0.004815739509590451	-0.005730119417116719	0.005141271267080094	0.0029498444192570792	-0.0026493602726423734	-2.815956076236068e-05	0.005913612565698852	-0.005150400499166704	0.001392956647137885	-0.003705404449122806	-0.0007878749101891022	0.002222205725781731	0.00030128150490691747	-0.0021796527234214714	-0.00018425998474678115	-0.0002919713168575284	-0.0028233103455814037	-0.0011100588949529212	-0.0014782221326492442	-0.00014326171083919845	-5.761249355695889e-05	-0.000771444886561049	0.0008761381011117926	0.0004261810242194882	-2.3055482042599527e-05	0.00010219993673463447	3.0447441390892744e-05	-0.0	0.0	0.0	-0.0	-0.0	-0.0	0.0	0.0	-0.0	-0.0	-0.0	-0.0	0.0	0.0	-0.0	-0.0	0.0	0.0	0.0	-0.0	0.0	0.0	-0.0	-0.0	0.0	0.0	0.0	0.0	0.0	0.0	0.0	0.0	0.0	0.0	0.0	0.0	0.0	0.0	0.0	0.0	0.0	0.0	0.0	0.0	0.0	0.0	0.0	0.0	0.0	0.0	0.0	0.0	0.0	0.0	0.0	0.0	0.0	0.0
GA75	0.028231753424906025	-0.0007191233314552195	-0.001411997539490843	0.009047599140541806	0.0012528788765059284	-0.0014339419903549263	-0.003911967671034164	0.004939718337554712	0.015941878631926098	0.010006009583642962	-0.021390911322256855	-0.0038010230316172194	-0.001910382574472663	0.006526139866026322	-0.02752764556822883	-0.009128892080307498	0.004386500358413619	-0.007670002849636249	0.011742951062146406	0.0012094192836392295	-0.008985785780297783	0.005790307119409045	-0.0032188639809342485	-0.0004411577996273547	-0.00116960682568748	0.008773186706342716	-0.0010640878043554854	-0.0006570136672448428	0.014792597802242853	0.01115855403011121	0.007841382177952027	-0.0010782034247544892	-0.013240608152820616	-0.0038794127165125815	0.008830023958187341	0.0054725081939382995	-0.010292255780743465	0.014488483831431177	-0.01098456532545523	0.0002839059973323194	0.001846606420985838	0.0006735643181548672	-0.0005745316107347036	-0.0008689822540383673	-0.0035424992157506124	-0.002039457033545822	0.00012209896329387325	-0.0006607408663180713	-0.0003417260688705602	-0.0015483527199533866	-0.0024994014765519885	-0.0008109000441539997	-6.792552867718222e-05	-0.0015981425816671054	1.928316807359748e-05	0.00012063020856801175	-0.0011603926179558648	-0.000954691976102248	-0.00037457856761156683	5.7663253145815264e-05	-0.00035795814364853324	-0.0003184840205047194	-0.00010346996501564049	-5.690752309142032e-05	2.9082948850203253e-05	1.8821287429389112e-05	-0.0	0.0	0.0	-0.0	-0.0	-0.0	0.0	0.0	-0.0	-0.0	-0.0	-0.0	0.0	0.0	-0.0	-0.0	0.0	0.0	0.0	-0.0	0.0	0.0	-0.0	-0.0	0.0	0.0	0.0	0.0	0.0	0.0	0.0	0.0	0.0	0.0	0.0	0.0	0.0	0.0	0.0	0.0	0.0	0.0	0.0	0.0	0.0	0.0	0.0	0.0	0.0	0.0	0.0	0.0	0.0	0.0	0.0	0.0	0.0	0.0
GA78	0.019191761947155522	0.010892780343022702	-0.017978825503038556	0.01696662147144762	0.000315762568459078	-0.00865543987916014	-0.017902026322910453	0.004932125163728539	0.0009201752293425229	-0.005501587686729094	0.005177085845741953	-0.013387786224846739	-0.013179860496372393	0.004175304375750027	-0.005182106510181463	-0.00291600491756656	0.003009457044696298	-0.0015474381795416044	-0.004354455422690634	0.0041883573237469695	-0.007726830819008604	0.005609320164321792	-0.0074185554451606595	-0.013143322688627498	0.008856273544201473	-0.002504859986907179	0.0047422038787956235	-0.004977989465584673	-0.007769733408533079	0.02031132717292793	0.011727986474818196	0.003342775681753296	0.012717681678631777	0.0015928832169708274	-0.007329109103883611	0.0033773089435457015	0.003972595682482338	-0.0014853231394958532	0.0027783570192421126	-0.001973611901533099	0.0053689355348171585	0.008358577334602754	0.0021426888299142144	0.0016734554473225248	-0.0050900541191819	0.00018505174913730345	0.0005253930730936524	-0.007719541934245026	-0.0024573835859418585	-0.0038353546091808915	-0.0005727742169966149	0.0017346059481059086	0.0014041164146077398	0.002468056965670442	-0.0005932493227849788	0.0013420600344080129	-0.0015552590091746181	0.0005472905665078259	-0.0003281855193584804	0.0006457982783145813	0.00012208624344870486	-0.0001501344199706327	8.578892599217367e-05	1.2223020653611369e-05	8.241637166057808e-06	1.3622772534720898e-05	-0.0	0.0	0.0	-0.0	-0.0	-0.0	0.0	0.0	-0.0	-0.0	-0.0	-0.0	0.0	0.0	-0.0	-0.0	0.0	0.0	0.0	-0.0	0.0	0.0	-0.0	-0.0	0.0	0.0	0.0	0.0	0.0	0.0	0.0	0.0	0.0	0.0	0.0	0.0	0.0	0.0	0.0	0.0	0.0	0.0	0.0	0.0	0.0	0.0	0.0	0.0	0.0	0.0	0.0	0.0	0.0	0.0	0.0	0.0	0.0	0.0
GA80	0.010472391508392407	0.004982242467774061	-0.013180752842765379	-0.05143852891420113	-0.01036724770609979	-0.006476079449537479	-0.005578487103622615	0.0015448655407233256	0.0034160191326914856	0.006363339775292902	-0.019686767142008208	-0.011996316277233715	-0.013427837179713116	0.002523604921427288	-0.012726511410748721	0.0013578514712426434	-0.0035454014643751036	-0.005945900350817401	0.0032971014775871345	-0.0003645980847328025	-0.006891562104748629	-0.004018351256545682	-0.01873758368136299	-0.007020342636381591	-0.013106467058601998	-0.009323231276912508	0.004997448371158769	0.021022201211363983	0.007360244869315135	-0.005140392633215291	0.004658938701652113	-0.02004068323188306	0.006133464182261221	0.00019569715618216748	-0.013931282979970525	0.0014632682474341322	0.00110828088226667	-0.0052587671003463485	-0.0020278049550309656	-0.0018210767371121194	-0.0016353408862046352	-0.000932724095826988	-0.001373951746455621	0.00012174959545441599	0.002664513340611991	0.0011679629719804658	-9.252372583805564e-05	-0.00020202397088805478	0.0027553497021495146	0.0009218728355849693	-0.00105099799686812	-0.0013471839359002551	-6.729429845199128e-05	0.0002926343877780545	5.9331093058053395e-05	-0.00023580662254762752	0.0007038000042635076	0.0005092942559409684	-0.00012388785608245028	-0.0004077952673218889	0.0001650946785015394	6.393496722996095e-05	-0.00025428663242300486	-4.676587706803237e-06	0.00012567281001531593	-1.4406605318623461e-06	-0.0	0.0	0.0	-0.0	-0.0	-0.0	0.0	0.0	-0.0	-0.0	-0.0	-0.0	0.0	0.0	-0.0	-0.0	0.0	0.0	0.0	-0.0	0.0	0.0	-0.0	-0.0	0.0	0.0	0.0	0.0	0.0	0.0	0.0	0.0	0.0	0.0	0.0	0.0	0.0	0.0	0.0	0.0	0.0	0.0	0.0	0.0	0.0	0.0	0.0	0.0	0.0	0.0	0.0	0.0	0.0	0.0	0.0	0.0	0.0	0.0
GA84	0.024188596579932848	0.004104154202155699	-0.0031798985424073747	0.006127498757714769	0.0019559433306894736	0.0013012337925737037	0.0002500099309728341	-7.076712730293769e-05	-0.0002042834084498328	-0.0009082212083687217	0.0018803346538699625	0.000683988838137988	-0.000986270655205377	-0.0008938598770012631	-0.0007925089189755507	0.0003755437830387977	-0.00023970747060979248	-0.00034726730390594556	-0.00032560281710847174	0.00038710029358359426	-0.00013796619476886637	-0.0019373530106625942	0.0012791725175456494	0.0006002838203881102	-0.0007474153150472519	0.002244290743462805	-0.0002824275367468701	0.0002011062822642497	-0.0011067944907928856	-0.0004420559773464393	0.00015121928444054118	0.0010764634801268438	0.0006883246153094335	-0.0011853578596916444	-0.0010187474580845035	0.0005435758050705312	0.0005047099828893733	-0.0008400854802868581	-0.0018311574040448882	0.00026901033427620234	-0.000460117263858935	6.634747692835489e-05	-0.0016768538158552972	0.00041312352216936905	0.0023106215367097813	0.00014125208857586205	0.001956095530999605	0.000413669630598021	8.263987267141e-06	-0.0005024208952366389	-0.00043658540544756183	-0.0019680785206261536	-8.570247237442641e-05	-0.0015446938508008228	-0.0019984632032183456	0.0013495244288262809	0.0006879739299146849	0.0014279646469117508	-5.942774297851332e-05	0.000880837630659744	-0.0017425670213739232	-0.0020443543891360194	-0.0009221529434502318	0.00031413237366061824	-0.0008693281002257383	-0.0001348150585702791	-0.0	-0.0	-0.0	0.0	0.0	0.0	-0.0	-0.0	0.0	0.0	0.0	0.0	-0.0	-0.0	0.0	0.0	-0.0	-0.0	-0.0	0.0	-0.0	-0.0	0.0	0.0	0.0	0.0	0.0	0.0	0.0	0.0	0.0	0.0	0.0	0.0	0.0	0.0	0.0	0.0	0.0	0.0	0.0	0.0	0.0	0.0	0.0	0.0	0.0	0.0	0.0	0.0	0.0	0.0	0.0	0.0	0.0	0.0	0.0	0.0
GA88	0.04062793196195762	0.0013841103954211943	-0.02922744517231571	0.013814582730362394	-0.016349529030919914	-0.02501985693880234	-0.008315981133562201	-0.029342145911035303	0.007857631579941625	0.007557139066936623	0.00018342491150612872	0.002914878415981875	0.001871098525826258	-0.003081834144886469	0.006904807170524851	0.007125052462719088	0.00031269609460484127	-0.005656259224975083	0.002074886217200665	0.0038013264043645573	0.0009951670787931236	0.008647495496280647	-0.007713516504082319	-0.020154099175917237	0.012906737009334377	-0.0049332524178317015	0.004009977046315173	0.0056938765415135255	-0.005189079468145285	0.007446613349033753	-0.003531745852910429	0.012368408499153454	0.0036255327300320672	-0.009126385789541754	-0.001670863177472419	-0.001893786515509837	-0.004908849241854187	0.00210739604170762	0.003232900409360264	-0.0013301088629947384	-0.0013567630676148041	-0.0024016506032695033	0.0016062142477050445	-0.0008870864395682594	0.003935216667463708	-0.004994516859849361	-0.006163877607134092	0.00865883403415748	0.0021352570809727808	0.006066024559029364	-0.004818369858413972	-0.0029591753238010616	-0.0021432475291847837	-0.0019963769598678655	-0.00030374850970698187	-0.0002745850008712304	0.001290068584770959	-0.0004744075187903146	0.0002864074643255559	-7.608945591669328e-05	-0.0009900616585457461	9.285098803190765e-05	-0.00037589660799858433	-2.0017325593612288e-05	2.89202232613731e-05	-3.280131619592626e-05	-0.0	0.0	0.0	-0.0	-0.0	-0.0	0.0	0.0	-0.0	-0.0	-0.0	-0.0	0.0	0.0	-0.0	-0.0	0.0	0.0	0.0	-0.0	0.0	0.0	-0.0	-0.0	0.0	0.0	0.0	0.0	0.0	0.0	0.0	0.0	0.0	0.0	0.0	0.0	0.0	0.0	0.0	0.0	0.0	0.0	0.0	0.0	0.0	0.0	0.0	0.0	0.0	0.0	0.0	0.0	0.0	0.0	0.0	0.0	0.0	0.0
GA90	0.03854844162053505	0.0330769694973335	-0.06667638402909887	0.0172068130958471	0.03772591603177293	-0.0006871046838573324	-0.04073296722897058	0.07488403638930903	-0.03418106455328256	0.01843477019122888	-0.009265167769961636	0.03261405571155414	-0.008949207438438161	0.016167882200562846	0.010216553117150457	0.015210933012737658	-0.014168714764196226	-0.004486133385033028	0.003613208400217106	-0.0004160481075168642	0.00030006136436134433	0.005032229413980706	-0.0021384926364038676	-0.0025907036299845274	-0.0035080321205071007	0.003736465389178499	0.0042228798075070635	-2.8952628963475117e-05	0.002429426803612626	-0.007278668493747832	-0.0014858039377926948	0.006093974071335865	0.0015762981597822077	-0.0037032142489775073	0.00013702918840090817	-0.00025299676664405343	0.0009885566237367576	0.0016591988799636043	0.0011332302032239715	0.0009407594346742138	-5.5132908456389284e-05	-0.00017625094941255134	0.0009162772867559317	-0.0007803835039614617	-0.0008812626209930741	-0.00030441813018325327	0.0003835386608601732	-0.0011785567630898004	-0.0006589560746766219	-0.0004493556970771608	-0.001497326274224635	0.00037391340093785065	-0.0009833740645560148	-0.000703396714302883	-0.0004929004884547843	-0.0006097873343857168	0.00029728303487965734	0.0001361146432374334	0.00014090055401510632	0.00011818266308974335	-0.0002835309159228335	-4.142081449741683e-06	-0.00010660977012092436	-1.655561668301442e-05	-2.4881887758558375e-05	-3.35965787352548e-05	-0.0	0.0	0.0	-0.0	-0.0	-0.0	0.0	0.0	-0.0	-0.0	-0.0	-0.0	0.0	0.0	-0.0	-0.0	0.0	0.0	0.0	-0.0	0.0	0.0	-0.0	-0.0	0.0	0.0	0.0	0.0	0.0	0.0	0.0	0.0	0.0	0.0	0.0	0.0	0.0	0.0	0.0	0.0	0.0	0.0	0.0	0.0	0.0	0.0	0.0	0.0	0.0	0.0	0.0	0.0	0.0	0.0	0.0	0.0	0.0	0.0
GA91	0.08353132285574016	0.03952185081221965	0.019627678845649497	0.01505325863040688	-0.06613634939225649	0.06015864469600335	0.05089120210207434	0.03329733757129187	-0.02377401854486129	-0.021972273859575727	-0.0027867335814996492	-0.028619738270056105	0.006228027657132622	-0.0029493542094659172	-0.0037171288295073184	0.017062398220135402	0.017925041847541363	-0.014343086509559127	-0.00779741429526292	-0.03291100984212797	-0.005168602505846589	0.007246733448763858	0.0033252775924568676	-0.007062762179126919	-0.0016829515476196235	0.0013374508659887482	-0.0016291179777098755	0.002035066143293647	-0.0022632693691948206	0.0023055042737360524	-0.004519769437602456	0.0028550987463357262	-0.0008738056341426307	-0.0010013891927404704	0.0004828489661985182	-0.0019018732312943226	0.00040437616691421847	-0.0006340822738099094	-0.001094958001916556	0.0016053810428613014	-0.000932734507899108	-0.00022289760254590217	-1.0237610783605837e-05	0.0018931429460419264	-0.00045684019082150445	-0.00015647069243819977	-0.0005868607904406912	0.0006472397651890963	-0.00016269673254185336	0.0006037507480033446	0.0006979744680738609	-0.0006056978413736296	-0.0002534875441336927	0.00012979619297807422	0.0002928605754574161	-0.0005398711206754088	0.0003146017902360409	-0.0003340467839473656	8.096174615213917e-05	-0.0001612612286206075	2.6448118207131612e-05	0.00012224966642257934	1.4520349860448597e-05	2.1877894386214694e-05	-3.9556895737880054e-05	2.786449296109962e-05	-0.0	0.0	0.0	-0.0	-0.0	-0.0	0.0	0.0	-0.0	-0.0	-0.0	-0.0	0.0	0.0	-0.0	-0.0	0.0	0.0	0.0	-0.0	0.0	0.0	-0.0	-0.0	0.0	0.0	0.0	0.0	0.0	0.0	0.0	0.0	0.0	0.0	0.0	0.0	0.0	0.0	0.0	0.0	0.0	0.0	0.0	0.0	0.0	0.0	0.0	0.0	0.0	0.0	0.0	0.0	0.0	0.0	0.0	0.0	0.0	0.0
GA93	0.024913918367545383	0.004608756151911056	-0.003336519804947755	0.0056702368712916885	0.002004715748753385	0.001179521827192839	0.00020981257379398447	-0.00015526247085131866	-0.0008806996654012116	-0.001034120837488596	0.0014152584469035265	0.0006827418412884477	4.175569397454145e-05	-0.00013899097528532502	-0.00020551451635714656	-0.00019845494537177195	0.00024280062333066057	-0.0006080339853893314	-7.935087541721646e-05	0.0003981517037079789	0.00017761631863486295	-0.001148908757898045	0.0006537337595921511	0.00025152170743738585	-0.0005620442390101055	0.0009038509985407796	0.0002637801023875643	-0.00025225737519904445	-0.0003879453083239973	-0.0004037041536124871	-5.741468089565971e-06	-0.00016608528639421738	0.00019775476279475593	-0.0006939938184703196	-0.0002706534156553506	-4.83811138166074e-05	0.00031008676762952646	-6.228469381035323e-05	0.00012166482923969906	-3.327862110811819e-05	2.6257842146746387e-05	-0.0008466062072448876	0.00015825614205611534	0.00010245842737207504	9.501455768758706e-05	0.00019624693645504677	0.00042528028408818483	-8.331178643835404e-05	-0.00039732649062079587	0.00017685453295304422	-0.00014671534840243758	-0.00024308134722041616	0.00015598868044406738	-0.0004716619574588708	0.0001510121105637051	0.00024900458270803925	-0.00040412783229405415	0.0004562648767349118	0.0004938869484032426	-0.00014120787572829217	0.0003827916410002916	-0.00018211885498290443	-0.00010136351906177837	-4.374311485635225e-05	0.00042994826267978465	0.00014889607290407685	-0.0	-0.0	-0.0	-0.0	0.0	-0.0	0.0	-0.0	-0.0	0.0	0.0	0.0	-0.0	0.0	0.0	-0.0	-0.0	-0.0	-0.0	0.0	0.0	0.0	0.0	-0.0	0.0	0.0	0.0	0.0	0.0	0.0	0.0	0.0	0.0	0.0	0.0	0.0	0.0	0.0	0.0	0.0	0.0	0.0	0.0	0.0	0.0	0.0	0.0	0.0	0.0	0.0	0.0	0.0	0.0	0.0	0.0	0.0	0.0	0.0
GB104	0.026482103571533373	-0.004391360722449594	-0.008677298779293742	0.007365262491205851	0.0005601878066236932	-0.001100311252535013	-0.005186508172556841	0.006066785347626666	0.011956771764371809	0.0016760669183386054	-0.003649064278096301	-0.006756196422500982	-0.009350397926181676	0.003941535829060868	0.0003354831250633092	-0.0056461782328521	-0.013853792993176243	-0.008143373435837431	-0.00914681764485515	-0.0005952410600457967	-0.004776488097899643	-0.0007570073774456024	-0.01618879840267682	0.0038286830681209956	0.012682354000762565	-0.01489309366849172	-0.039136496356295784	-0.005037704152914381	0.00232579753390913	-0.004474305577916173	-0.0011844100818656886	0.002721997187510387	-0.0004031547318443287	0.004835007497356072	-0.002869005715002982	-0.00030909993446159314	0.0015909779611786039	0.0016430908723363122	0.0023933515479249976	0.00610025774728056	-0.0051470837826645315	-0.0033134409129762722	-0.003659565977859964	0.0009843320727833547	-0.003763325984301611	0.0013175595453172046	-0.0005518398334240333	0.0009071938951638745	-0.0014474575244293546	-0.0003918787663037791	0.00033086036778151383	0.0003702284606215888	1.350629160548865e-05	-0.0012523363198221576	0.0008428731214515619	0.000621959660721918	-0.0009752680565135411	0.00010083989238169401	0.0008873626777507036	-0.00029079379059767377	-0.00038112551163532374	-3.7898499909679945e-05	5.769975077795962e-05	-5.608907244113754e-05	3.5609436623139768e-06	4.792360338991593e-05	-0.0	0.0	0.0	-0.0	-0.0	-0.0	0.0	0.0	-0.0	-0.0	-0.0	-0.0	0.0	0.0	-0.0	-0.0	0.0	0.0	0.0	-0.0	0.0	0.0	-0.0	-0.0	0.0	0.0	0.0	0.0	0.0	0.0	0.0	0.0	0.0	0.0	0.0	0.0	0.0	0.0	0.0	0.0	0.0	0.0	0.0	0.0	0.0	0.0	0.0	0.0	0.0	0.0	0.0	0.0	0.0	0.0	0.0	0.0	0.0	0.0
GB105	-0.07945526176532518	-0.035987484220162555	0.018350984699116658	-0.01749716892215874	-0.002340294307674479	-0.0021716549357230813	0.002702541098756686	-0.0019513510798615421	-0.003967349844513964	-0.0002789032150078736	-0.0006306856503408517	-0.0004485398614793243	0.00014614056174942823	-0.001481874309193752	-0.0018746314004241312	0.002326119845005129	0.0003672374927576623	-0.00012931852267348057	-5.279808722365707e-05	0.001255106730738567	0.0005308981724691668	-0.00025021552962434907	0.0005538374019342579	0.0018368232744288312	-0.0030143141120460054	-0.0005410430141370581	0.00034347191279074054	-0.0004307509499340571	-0.0020698477737887714	-0.00045587933147269875	-0.0007412683619148223	0.00010456330661287891	9.932975169092795e-05	-0.002132576454538183	-7.873819532794474e-06	0.0018737008067447568	0.0014335956369347699	-0.000493063381515345	-0.0004386394231270127	0.0016352533948775171	-0.0003856600634943761	0.0005953665858907302	-0.0009834858757839136	-4.8617332028688546e-05	-0.001386448599243161	-0.0003574181521183086	-0.001196156454571579	0.00020349755860079712	1.6329435841631116e-05	2.3372483858585816e-05	1.79973278052849e-05	5.288404777565112e-05	-0.0003537414408251241	0.0010328919312754899	-0.00026462579473625537	0.00042605210899894643	0.0002862303711290564	-0.00014955997055387106	-0.00027539320748261537	-0.0001730869389943103	-0.00019972489167092956	4.936290387137197e-05	0.00014283614490477194	6.000630327081577e-05	-3.7582821039160033e-05	1.623137102731003e-05	-0.0	0.0	-0.0	0.0	-0.0	0.0	0.0	0.0	-0.0	0.0	0.0	-0.0	-0.0	-0.0	-0.0	-0.0	-0.0	-0.0	-0.0	-0.0	0.0	0.0	0.0	0.0	0.0	0.0	0.0	0.0	0.0	0.0	0.0	0.0	0.0	0.0	0.0	0.0	0.0	0.0	0.0	0.0	0.0	0.0	0.0	0.0	0.0	0.0	0.0	0.0	0.0	0.0	0.0	0.0	0.0	0.0	0.0	0.0	0.0	0.0
GB106	0.017476143325414813	-0.00014054116594154224	-0.0014547328997853374	0.008500330179496066	0.001996427579121532	0.001701497833026553	0.00031261526300882655	-0.0003796633618792836	-0.0011450663029751592	0.0014348459424879017	0.0021271018000649203	0.0004617585116121674	-0.00249192023583497	0.0016149074392965103	0.0012898933807559136	0.001111303650004904	0.0022348752983881314	-0.0006812038993198303	-0.003910914240401913	0.0014744007520438084	-0.001072334096854327	0.0005897319909966927	-0.002621006739269266	0.00013653106070505035	0.0015357249269370913	-0.0012251158146105497	-0.0010308781822723932	0.0030307590151540634	-0.00014170266589819862	-0.00020079300862328365	-0.0007751007513238348	-0.0050166872009860565	-0.0022032949822678397	0.0006448166445580808	0.0029698288784643055	-0.0011237170506018701	0.0022538949726781388	0.0007386154414605227	0.0008850287172140991	0.0035283397950324627	0.0013273933645775076	0.004541585921723584	0.0013435184113014312	3.7678964595189965e-05	0.003014593868386288	0.002833274787170556	-0.003213060002821881	-0.003098665980465554	-0.0035212254275297393	0.003756960689254819	0.0022481318657949323	-0.0008072182217899099	-0.0030673558476318973	0.0019583265728254744	-0.0023852896020716487	-0.0008668139091270295	-0.00046573862462665486	0.0028400793758279856	-0.003819245800170463	0.0007217852789275322	-0.0009797482320615994	-0.0009023686247205058	0.0004102724092311564	1.6010903523305446e-05	-0.00013337677401776039	-3.5577124912612136e-05	-0.0	0.0	0.0	-0.0	-0.0	-0.0	0.0	0.0	-0.0	-0.0	-0.0	-0.0	0.0	0.0	-0.0	-0.0	0.0	0.0	0.0	-0.0	0.0	0.0	-0.0	-0.0	0.0	0.0	0.0	0.0	0.0	0.0	0.0	0.0	0.0	0.0	0.0	0.0	0.0	0.0	0.0	0.0	0.0	0.0	0.0	0.0	0.0	0.0	0.0	0.0	0.0	0.0	0.0	0.0	0.0	0.0	0.0	0.0	0.0	0.0
GB107	0.024913918367545387	0.004608756151911056	-0.0033365198049477565	0.005670236871291693	0.0020047157487533876	0.0011795218271928357	0.0002098125737939832	-0.00015526247085131603	-0.0008806996654012193	-0.0010341208374886012	0.0014152584469035315	0.0006827418412884447	4.175569397454298e-05	-0.00013899097528532046	-0.0002055145163571348	-0.00019845494537175983	0.00024280062333065786	-0.0006080339853893235	-7.935087541720187e-05	0.0003981517037079842	0.00017761631863486905	-0.0011489087578980327	0.0006537337595921445	0.0002515217074373795	-0.0005620442390101004	0.000903850998540757	0.0002637801023875696	-0.00025225737519903046	-0.0003879453083239848	-0.00040370415361249735	-5.7414680895766784e-06	-0.00016608528639420667	0.00019775476279472757	-0.0006939938184703343	-0.0002706534156553569	-4.838111381659693e-05	0.000310086767629513	-6.228469381032934e-05	0.00012166482923969653	-3.3278621108096435e-05	2.6257842146746577e-05	-0.0008466062072448751	0.0001582561420561332	0.00010245842737204944	9.501455768761501e-05	0.00019624693645508502	0.00042528028408822364	-8.331178643840454e-05	-0.0003973264906208019	0.0001768545329530132	-0.00014671534840244327	-0.00024308134722039642	0.00015598868044406998	-0.0004716619574588504	0.00015101211056373849	0.0002490045827080882	-0.0004041278322940816	0.00045626487673494886	0.0004938869484031949	-0.00014120787572830106	0.0003827916410002238	-0.00018211885498290107	-0.00010136351906174322	-4.3743114856411604e-05	0.00042994826267970013	0.00014889607290416126	-0.0	-0.0	-0.0	0.0	-0.0	0.0	-0.0	0.0	0.0	-0.0	0.0	0.0	0.0	0.0	-0.0	-0.0	-0.0	0.0	-0.0	0.0	-0.0	0.0	-0.0	0.0	0.0	0.0	0.0	0.0	0.0	0.0	0.0	0.0	0.0	0.0	0.0	0.0	0.0	0.0	0.0	0.0	0.0	0.0	0.0	0.0	0.0	0.0	0.0	0.0	0.0	0.0	0.0	0.0	0.0	0.0	0.0	0.0	0.0	0.0
GB108	-0.07945526176532518	-0.03598748422016256	0.018350984699116654	-0.01749716892215875	-0.0023402943076744746	-0.002171654935723093	0.0027025410987566783	-0.001951351079861538	-0.003967349844513965	-0.0002789032150078552	-0.0006306856503408374	-0.0004485398614793425	0.0001461405617494394	-0.0014818743091937756	-0.001874631400424149	0.002326119845005162	0.00036723749275765393	-0.00012931852267344832	-5.27980872236225e-05	0.0012551067307385703	0.0005308981724692083	-0.0002502155296243513	0.0005538374019342438	0.00183682327442887	-0.003014314112045987	-0.0005410430141370571	0.0003434719127907598	-0.0004307509499340674	-0.002069847773788758	-0.00045587933147265777	-0.0007412683619147783	0.00010456330661286854	9.932975169093264e-05	-0.00213257645453815	-7.873819532780923e-06	0.0018737008067447806	0.001433595636934763	-0.0004930633815153137	-0.0004386394231270005	0.0016352533948774716	-0.0003856600634943917	0.0005953665858907267	-0.000983485875783911	-4.8617332028698087e-05	-0.0013864485992431748	-0.00035741815211832745	-0.0011961564545715847	0.0002034975586008455	1.6329435841598827e-05	2.3372483858608534e-05	1.7997327805288414e-05	5.288404777563456e-05	-0.0003537414408251798	0.001032891931275534	-0.00026462579473620864	0.00042605210899892865	0.00028623037112894605	-0.00014955997055383555	-0.0002753932074826742	-0.00017308693899438786	-0.00019972489167109875	4.936290387147068e-05	0.00014283614490460202	6.0006303270077624e-05	-3.7582821039317006e-05	1.6231371027400953e-05	-0.0	-0.0	0.0	-0.0	0.0	-0.0	-0.0	0.0	-0.0	-0.0	-0.0	0.0	0.0	0.0	-0.0	0.0	-0.0	0.0	0.0	-0.0	0.0	0.0	-0.0	-0.0	0.0	0.0	0.0	0.0	0.0	0.0	0.0	0.0	0.0	0.0	0.0	0.0	0.0	0.0	0.0	0.0	0.0	0.0	0.0	0.0	0.0	0.0	0.0	0.0	0.0	0.0	0.0	0.0	0.0	0.0	0.0	0.0	0.0	0.0
GB110	-0.05603205614085122	-0.041798343856926275	0.020774706144495003	0.03254604356854885	0.005491727349660889	0.0030233087650434177	0.002307084123166897	-0.0005517321129537341	-0.0025207767369360345	0.0016355511972554948	0.0009334579294622033	0.0008724603700276108	0.002540060424040297	-0.00031726151585687306	7.186955150309025e-05	-0.00045408593561372036	-0.0002758169160401226	0.0005523012130468877	0.0003579769650990697	-0.0009153513528219222	2.9230875205806956e-05	0.0011667358188891077	-1.8366051333665025e-06	-0.0003596899463601774	0.002072252240641759	-0.00014711199309660057	-0.0003813204171784067	-0.00011900750807736524	0.00017799016070118166	-0.00028106200791093786	0.0011337760541312437	-0.0005960751050437296	-0.0009194645447749992	0.0005401726858429166	-0.0008620229376156931	-0.00038636084068849433	-0.0001970554173729145	0.0004555564062287301	0.00017014451980270945	-0.0006982121240897814	0.0009896416720072427	-0.000632910157862869	0.0004360698008507319	0.0004788773760689972	0.0007154244589214679	8.258970218697762e-05	-0.00021287723369954652	0.0003112003869928633	-0.00031391145923508783	0.00021794107150825912	0.0001944395920732762	0.00047447200548411206	0.0005657028819082868	-4.1626909483150294e-05	-2.0179484055088975e-05	0.0003247594520875186	-0.00026609228934016977	-0.00018732505416829115	6.22260991126396e-05	0.0005025296373192327	0.00017994255452859624	-7.416461211914917e-05	3.818263568364217e-05	2.9192097376084465e-05	-4.348191289118319e-05	1.7656224415808832e-06	-0.0	0.0	-0.0	-0.0	-0.0	-0.0	0.0	0.0	-0.0	0.0	-0.0	-0.0	-0.0	0.0	0.0	-0.0	0.0	0.0	0.0	0.0	-0.0	0.0	-0.0	0.0	0.0	0.0	0.0	0.0	0.0	0.0	0.0	0.0	0.0	0.0	0.0	0.0	0.0	0.0	0.0	0.0	0.0	0.0	0.0	0.0	0.0	0.0	0.0	0.0	0.0	0.0	0.0	0.0	0.0	0.0	0.0	0.0	0.0	0.0
GB111	0.013035019701320552	-0.003087780949568856	-0.0005108428755828115	0.010624698742599357	0.0018109199760097975	0.002060536088575144	0.0004468192082342577	-0.001240963615126725	-0.0007560617646415692	0.006147207612649194	0.003600987465540338	-0.0038069273318387296	-0.0009227105159508312	0.0032494618818223213	-0.0013516280971322709	0.002704075507433671	-0.001946456725737879	0.0025536408208016712	-0.0008883445949457361	-0.001647473559890716	0.0009749351181530985	-0.0041652302120117725	-0.001003908281087543	0.00013742847328266933	-0.0012639702195463359	0.0018201000475198867	0.000309339660354836	0.0018454259231996612	-0.006661927887572472	-0.0007926782644531565	0.006786208365162523	0.0012812202449508027	-0.00596374623819259	0.0024336398292219103	-0.004517535308515806	0.0010608029199076472	0.003853198748623721	0.0020207279592441996	0.004360256318565508	0.00026211440157562885	0.0038139616239614904	0.0021592619014138598	-0.004632291940211527	-0.005529266144539164	-0.0007815948180697592	-0.0032131181453953447	-0.0017221756162299293	0.002790257343569593	-0.0024698964188108693	-0.003246212764536644	-0.0046939597187584175	0.0006833904905821378	-0.0015039362439283005	0.0014719983439693998	0.0017437983308622258	-0.002223316687063906	0.0010953562882791937	0.0003322744791999698	0.00012891754423298313	0.0008583132752184379	0.0004897047733911633	0.001166168787479241	0.0008662081904806993	0.0002480360525176628	8.965852223910491e-05	0.000185008555683034	-0.0	0.0	0.0	-0.0	-0.0	-0.0	0.0	0.0	-0.0	-0.0	-0.0	-0.0	0.0	0.0	-0.0	-0.0	0.0	0.0	0.0	-0.0	0.0	0.0	-0.0	-0.0	0.0	0.0	0.0	0.0	0.0	0.0	0.0	0.0	0.0	0.0	0.0	0.0	0.0	0.0	0.0	0.0	0.0	0.0	0.0	0.0	0.0	0.0	0.0	0.0	0.0	0.0	0.0	0.0	0.0	0.0	0.0	0.0	0.0	0.0
GB112	0.023543606129574905	-0.0012070375559751004	-0.01515133528630836	0.016955216468676516	-0.006308367827398656	-0.013747485461214504	-0.0033581536193309437	-0.011325792543998464	0.02120623162719148	-0.0027769958010769417	0.002516539746406152	0.00400848921397764	0.0029031797512125233	-0.005397449390731036	0.009061371807232287	0.004925897860570831	-0.008662581650361581	0.0058058353973993145	0.004983058456869623	-0.003699872932809111	0.011168342681779379	-0.0016270610703431935	-0.0035707615648675785	-0.014481388237308157	-0.02072376918422522	0.009366631256920678	-0.004218415591580246	0.011328088976374894	0.005806214222428785	0.005591923710776914	-0.006207641323861033	0.005106146966638889	0.008203062821071413	0.011016888480618173	0.013480991043448685	-0.0056245256281965755	0.0032766779078580955	0.0002770521535017755	-0.002790771302671171	0.0022634189410343794	-0.002195312734213361	-0.002821657186045832	-0.004353345059866388	0.0029803192619286714	-0.006049321240553877	0.004980701472017892	-0.0013259805822702212	-0.0016659843724182606	0.0008769424429612779	0.00342958436357862	-0.0009030937763564813	0.004837187588656268	0.0010993810834793866	0.00136723899121951	0.00027543334627771706	0.0005095799308676973	-7.46957229734758e-05	-0.0016927812457619264	0.00022806464225736477	0.00036500532407933764	0.0008957172750124504	-2.283152308212675e-05	0.0002027251548092819	-2.2830045905662504e-05	-0.0001580258878443785	0.00015350862139914463	-0.0	0.0	0.0	-0.0	-0.0	-0.0	0.0	0.0	-0.0	-0.0	-0.0	-0.0	0.0	0.0	-0.0	-0.0	0.0	0.0	0.0	-0.0	0.0	0.0	-0.0	-0.0	0.0	0.0	0.0	0.0	0.0	0.0	0.0	0.0	0.0	0.0	0.0	0.0	0.0	0.0	0.0	0.0	0.0	0.0	0.0	0.0	0.0	0.0	0.0	0.0	0.0	0.0	0.0	0.0	0.0	0.0	0.0	0.0	0.0	0.0
GB114	-0.05352020597940337	-0.022989895721276524	0.009563131149605001	-0.02165657320714938	-0.003920928617435353	-0.0018210690430638325	0.001881431569018061	-0.0030246666581278075	-0.003480673882319354	0.0021110155693336644	0.0001278071095379155	0.0017421539186940407	-0.0008348890291142756	0.0020160761337534154	-0.002591792187385045	-0.007901150094219357	-0.00466276952414944	-0.009230566511036747	-0.002001663315585362	-0.006526281921638742	0.0014239193265899045	-0.0023454253914895087	-0.0008615456610084003	-0.007766042053119699	0.004594362872110032	0.007175167015992702	-0.002387265019273761	-0.0068955471460492995	0.0032794092260899185	-0.0022194186958241183	-0.007354096608713145	-0.0024898773715992736	-0.0010646834872117795	0.0040688617856876365	0.0057736971533906235	0.0011412596524808369	0.0003710633503004089	-0.006048967395616887	-0.003417280165718182	-0.0035768193426392544	0.000712599162642281	0.0037721681652693913	0.00018169061719178832	0.0003562383580107983	0.0036125186681578293	0.0025385999899363663	0.004614384213197674	-0.0008623960939615933	-0.0016277863333612138	0.0014572300438998292	-0.005253358496467138	-0.0075276314840821605	-0.0012124920934539827	-0.0011629067362006018	0.0014181560915530406	0.0016777060355981355	-0.0004598423831487134	-0.00034428441062100897	-0.0003327704341805264	6.358253893552283e-05	-0.0001584745165315461	-0.0004381033552896803	-1.7623865219084415e-05	-0.0001329696927985696	7.394638488034618e-05	-4.28217985937684e-05	-0.0	0.0	0.0	-0.0	-0.0	-0.0	0.0	0.0	-0.0	-0.0	-0.0	-0.0	0.0	0.0	-0.0	-0.0	0.0	0.0	0.0	-0.0	0.0	0.0	-0.0	-0.0	0.0	0.0	0.0	0.0	0.0	0.0	0.0	0.0	0.0	0.0	0.0	0.0	0.0	0.0	0.0	0.0	0.0	0.0	0.0	0.0	0.0	0.0	0.0	0.0	0.0	0.0	0.0	0.0	0.0	0.0	0.0	0.0	0.0	0.0
GB117	0.008766092957989599	0.01142738401206331	-0.007386041067234917	-0.027905711976097987	-0.004262477936366422	-0.0018396859183929365	0.00047794393545278293	-0.000986816719800069	-0.000922071513608667	-0.0013925308892922318	-0.00047058602593979973	-0.00026055384353007675	-0.002159421010003326	-6.935537172577607e-05	6.466394493031687e-05	0.0009910244962539852	0.001373079625898113	8.870302307466877e-05	0.0007657658305153329	0.001099871417213303	0.0002928345670069274	-0.0006778175433064358	0.0003497598759828335	-0.0003456769011657145	-0.00021004297457204795	4.5313820971496566e-05	-0.00015368092387124348	-0.000600658437001473	0.0013990957018193341	0.0011534077563499828	-0.00039155505046617234	0.00011597140913445829	-0.0005240379800834374	-0.0009840774168085728	0.0009895392999985132	-0.00046327378621407274	9.631141763581686e-05	-0.00027106541170054797	0.0005976506660843986	0.0007230330026025877	-0.0014521762161066654	-9.558068190818488e-05	0.0018740263538483202	0.0007482230256890613	-0.000469503374533474	0.0007389369898499387	0.0006383450681502279	-7.448075430395004e-05	-5.3035937720012726e-05	-0.0005660958505188809	-7.7621674395976e-05	0.001581678620173781	0.00017524839505148867	6.639720706887311e-05	-0.0008053607332992878	0.0006077226873074167	0.0005863866116680802	0.000696795614547764	-0.00036377273051282525	2.4386566345463294e-05	-0.0011292589401346081	0.0008197956112880834	0.00014229842371634468	0.0002553686217583286	-5.128624244696888e-05	0.0004956275558371838	-0.0	0.0	0.0	0.0	0.0	-0.0	0.0	-0.0	-0.0	-0.0	-0.0	0.0	0.0	-0.0	-0.0	-0.0	-0.0	0.0	0.0	-0.0	-0.0	-0.0	0.0	0.0	0.0	0.0	0.0	0.0	0.0	0.0	0.0	0.0	0.0	0.0	0.0	0.0	0.0	0.0	0.0	0.0	0.0	0.0	0.0	0.0	0.0	0.0	0.0	0.0	0.0	0.0	0.0	0.0	0.0	0.0	0.0	0.0	0.0	0.0
GB120	0.011100552620075794	-0.012104917603460132	0.005383711827445558	0.015049709851657933	0.0032312173658127085	-0.0018060693655788862	-0.002777638496626419	0.005860106466183746	0.00866612214988427	0.017228345111580508	-0.019669158877202077	-0.021819982367869282	0.015376340568264998	0.012956081685490116	-0.017931121467528996	-0.016640709152764253	-0.004846050621809041	-0.012850760826350898	0.03330872650637699	0.00718343886195611	-0.007856276325165593	0.012061965322672378	0.012832173758614684	0.002539771077146838	-0.0010233625610562998	0.0028382196916573498	-0.0009829182841119828	0.0054434117465157455	-0.013365791972411611	-0.004062993890142356	-0.0007436543143733816	0.00313375763828071	0.002319355673703822	0.0015279717423592296	0.003910104118419162	-0.00833121355173356	0.00694300708664385	-0.0038805231306540005	0.008883048574238408	-0.0020042246736783945	-0.005701472357179523	-0.0017233934709600743	-0.0009626601274371579	0.0004986792509147001	0.0020856259736484104	0.0004185637899792659	0.0019252506931450245	0.0014552151033854453	-0.001630522862750861	-0.00026143348278225996	0.001133821127699137	0.0009352044080496937	-9.013041556850428e-05	0.0018927249876430294	-0.0003571581545679481	0.00159479073334123	-0.0004100378478114221	0.0001047387651330423	-0.0005502744328634981	-5.6541584738250265e-05	-0.00017676850159218743	-0.0001533348393542606	0.00018158807346629077	4.047560358130763e-05	-0.00015996882186172218	3.9871564570625396e-05	-0.0	0.0	0.0	-0.0	-0.0	-0.0	0.0	0.0	-0.0	-0.0	-0.0	-0.0	0.0	0.0	-0.0	-0.0	0.0	0.0	0.0	-0.0	0.0	0.0	-0.0	-0.0	0.0	0.0	0.0	0.0	0.0	0.0	0.0	0.0	0.0	0.0	0.0	0.0	0.0	0.0	0.0	0.0	0.0	0.0	0.0	0.0	0.0	0.0	0.0	0.0	0.0	0.0	0.0	0.0	0.0	0.0	0.0	0.0	0.0	0.0
GB123	-0.07945526176532516	-0.035987484220162555	0.018350984699116658	-0.017497168922158746	-0.0023402943076744724	-0.0021716549357230918	0.00270254109875668	-0.001951351079861563	-0.003967349844513973	-0.0002789032150078923	-0.000630685650340839	-0.00044853986147933917	0.00014614056174944783	-0.0014818743091937604	-0.0018746314004241278	0.0023261198450051286	0.0003672374927576385	-0.00012931852267343376	-5.2798087223644524e-05	0.0012551067307385903	0.0005308981724691917	-0.00025021552962434685	0.0005538374019342743	0.0018368232744288262	-0.0030143141120459855	-0.0005410430141370435	0.0003434719127907335	-0.00043075094993406384	-0.002069847773788747	-0.00045587933147268536	-0.0007412683619147863	0.00010456330661287526	9.932975169089532e-05	-0.0021325764545381608	-7.873819532828045e-06	0.0018737008067447336	0.0014335956369347608	-0.0004930633815153175	-0.0004386394231270269	0.001635253394877485	-0.0003856600634943632	0.000595366585890749	-0.0009834858757838878	-4.861733202869573e-05	-0.0013864485992431796	-0.0003574181521183238	-0.0011961564545715864	0.0002034975586008136	1.6329435841608164e-05	2.3372483858619196e-05	1.7997327805272456e-05	5.2884047775641025e-05	-0.00035374144082513906	0.0010328919312755222	-0.0002646257947361791	0.0004260521089988015	0.00028623037112882527	-0.00014955997055385339	-0.0002753932074828294	-0.00017308693899449498	-0.00019972489167093913	4.936290387130634e-05	0.00014283614490481392	6.0006303270740925e-05	-3.758282103870299e-05	1.62313710275626e-05	-0.0	0.0	-0.0	-0.0	0.0	0.0	-0.0	-0.0	0.0	-0.0	-0.0	0.0	-0.0	0.0	0.0	-0.0	0.0	-0.0	0.0	0.0	-0.0	-0.0	-0.0	-0.0	0.0	0.0	0.0	0.0	0.0	0.0	0.0	0.0	0.0	0.0	0.0	0.0	0.0	0.0	0.0	0.0	0.0	0.0	0.0	0.0	0.0	0.0	0.0	0.0	0.0	0.0	0.0	0.0	0.0	0.0	0.0	0.0	0.0	0.0
GB124	0.010350995103560601	0.00443401238763514	-0.02407698955093025	-0.07541575487289703	-0.013879336230595209	-0.013024952962263654	-0.010608090398615568	0.026644551813635356	0.06140280572966912	0.007074562709254557	0.051048449649442454	-0.003360524378534312	0.018200075929023472	0.010970425436205524	-0.006514565594891304	0.0009418029331927336	0.0078000071349350625	-0.003926465272921702	-0.004033906596105415	-0.00028790553266721706	-0.0032311452397173757	0.0003592805461925517	0.0031037753488920524	-0.00010793700509975816	-0.0015924779060773908	0.001885995364833829	0.001777843339641882	-0.002793614324013681	0.0006875767181952697	-0.00402916513194572	-0.0017636640218544673	0.00037548759933808175	-0.00041804548281990697	-0.0015859873822004422	0.0009683738043711198	0.0004134354361721097	0.00010238918018509975	-0.0018332484353995701	0.00024947892843911424	0.0030622164820410017	-0.00028864342551446784	-0.001640937338820502	0.003972268381754524	-0.0027614114526668355	-0.0005352636829546119	-0.002263116706155674	6.015675171621069e-05	-0.0017851820391604257	-0.0006028628031681532	-0.0029771088490489627	-0.0006678766714410694	0.0001308308809802901	-0.0017421712615658625	-0.0007826546780114594	-0.0008259969774153016	0.00046850352196397665	-0.00015490138999587353	0.000371980479086272	0.0004943163001990034	6.840748951441525e-05	-0.00039810689983012915	1.0739405543813775e-05	-4.345458707599845e-06	-1.5478161854720686e-05	9.798311541543509e-06	-5.110790975300964e-05	-0.0	0.0	0.0	-0.0	-0.0	-0.0	0.0	0.0	-0.0	-0.0	-0.0	-0.0	0.0	0.0	-0.0	-0.0	0.0	0.0	0.0	-0.0	0.0	0.0	-0.0	-0.0	0.0	0.0	0.0	0.0	0.0	0.0	0.0	0.0	0.0	0.0	0.0	0.0	0.0	0.0	0.0	0.0	0.0	0.0	0.0	0.0	0.0	0.0	0.0	0.0	0.0	0.0	0.0	0.0	0.0	0.0	0.0	0.0	0.0	0.0
GB129	-0.02046084339552988	-0.023000277331248757	0.009846775580457549	0.023715224307129166	0.003996213678890818	0.002664295999009957	0.001136904231483422	0.0005694871827012313	0.0023331159455105078	0.0028096619002194044	-0.0003398684050490463	0.0012441512711853524	0.0008204931661983296	-0.0036876956884130266	-0.0011060330976834691	-0.0034666553784357683	0.0033467383468634834	-0.00382194871926533	-0.006132332625827631	0.0048569853701763135	0.004714761121982664	0.004811953600833455	0.009488498225764945	0.00474543681565497	-0.003798841439937994	-0.004329688579800383	-0.0053282093363658765	0.001902423166435235	0.0005199769969956557	0.004951390384567886	-0.008048057015288641	0.0031028158380180157	0.0036392195540908595	-0.0030289080368807795	-0.00472305145224693	0.0046477827557260135	-0.005497525852931974	-0.0026783881356960164	0.003737976740088562	-0.0027095591325858007	-0.007998441401483094	0.006334138299984734	-0.00017373645283197184	-0.0033263240987731727	-0.004662370274444803	-0.000400140364887813	0.0040676224582121565	-0.00020189846918551387	0.008146084901269258	-0.004191819450931943	-0.0035984268017685453	-0.0023303963752471734	0.002591251856353722	-4.7234326624855033e-05	-0.00025508212845644715	-0.0026194724610043903	0.0013169143105894593	-0.00011145436467262884	-0.0010901467212530408	-0.0009507088136075913	0.0004311331758273284	-0.0004687872935190813	-0.0002125231207798187	-5.8364458688919426e-05	-9.168963566350329e-05	4.829084837511241e-05	-0.0	0.0	0.0	-0.0	-0.0	-0.0	0.0	0.0	-0.0	-0.0	-0.0	-0.0	0.0	0.0	-0.0	-0.0	0.0	0.0	0.0	-0.0	0.0	0.0	-0.0	-0.0	0.0	0.0	0.0	0.0	0.0	0.0	0.0	0.0	0.0	0.0	0.0	0.0	0.0	0.0	0.0	0.0	0.0	0.0	0.0	0.0	0.0	0.0	0.0	0.0	0.0	0.0	0.0	0.0	0.0	0.0	0.0	0.0	0.0	0.0
GB131	-0.02842344860093433	-0.017258244057987298	-2.7421763449124212e-05	0.035106198746104066	0.003626983521126421	-0.009900023417076013	-0.020903439937129117	0.0013225788453665552	-0.01391144680773119	-0.02735630964861719	0.0006864314424984023	-0.0061476452168722304	0.025709802994371714	0.021937337636345842	0.001292401470790374	-0.027151545655051693	-0.008660552951057967	-0.013538343174817911	-0.00462209077209769	-0.012352440279082328	0.00041053551599145964	-0.021940533818335155	-0.003982470891058257	0.011246451712061279	-0.008650502202816641	-0.0039282732485761696	0.004159941972632823	-0.001466959645809855	0.0011196979001838055	-0.0016882597692889727	-0.002418326451661879	0.0005241153905948804	0.0012287400571529296	-0.001798792451642644	-0.0031255826317451345	0.006263500746298747	-0.004192295682009342	0.00010924993942877943	0.0016893363295494975	-0.0005337743364542259	0.004668049534173643	0.0014423893104022793	0.0021140167744894147	-0.002309988377042793	-0.0017515671321553196	0.00016017495934660448	-0.0020167746966169233	0.00210829308518563	0.0011086548594547952	0.00354186024421054	-0.002574384998907855	0.003922402644497113	-0.0025482235796140357	6.370970281823544e-05	0.00023921493064223826	0.00045986112014812614	0.00039865628400296817	-9.867944318092664e-05	0.0006962610817576583	0.0003440047116970527	-0.0005667434690209348	-0.0003816657935620226	-7.053961897610062e-05	-0.00014898166894499983	2.6706984860136367e-05	-3.0307895077848082e-05	-0.0	0.0	0.0	-0.0	-0.0	-0.0	0.0	0.0	-0.0	-0.0	-0.0	-0.0	0.0	0.0	-0.0	-0.0	0.0	0.0	0.0	-0.0	0.0	0.0	-0.0	-0.0	0.0	0.0	0.0	0.0	0.0	0.0	0.0	0.0	0.0	0.0	0.0	0.0	0.0	0.0	0.0	0.0	0.0	0.0	0.0	0.0	0.0	0.0	0.0	0.0	0.0	0.0	0.0	0.0	0.0	0.0	0.0	0.0	0.0	0.0
GB132	0.023473483815403068	0.0036191317225179936	-0.0029486052806334873	0.006387043915955797	0.002016319946690085	0.0014049801303943632	0.00030997791346976057	-0.00011372931637948059	-0.000688147132548361	-0.0007314192177727191	0.0014834644855471388	0.001131635716071571	0.00023732264173101082	0.0003941124078671048	-0.00022794641408963723	0.0006457920217577451	-3.719533042098573e-05	-0.00012598532528372428	-0.0005400592463961674	-0.0004650302792064239	0.0007397525380353273	-0.002570484336681807	0.0009027261711632864	2.5660294659810574e-05	-0.0001570784265918004	0.0011978743080201294	-0.00022201786285984927	5.093772815800906e-05	-0.001019635552357479	0.0013936909848666244	0.0001657228102218949	-0.001360115748099113	-0.0007987719193335952	-0.0013556792124563947	0.00038700528622188934	0.00179411744379835	-0.00026595054787680386	-0.0034027850861148676	-0.00052483548969188	-0.0004466788746775319	-0.003163348599508596	0.000372351647709335	0.0017071820050473506	-0.00047345193332875896	-0.0010444813320780169	-0.0011032760048000302	0.00053197177093194	-0.0003151546476915349	-8.187925602169979e-05	0.0011275724939196175	0.0005397411263096651	-0.0031568533413569907	-0.00016566630303845094	0.00042990051861242247	0.0010495713232263702	0.0015644071186331687	-0.0016411915862312462	-0.0004981483424567281	0.0008144487501074078	-0.0015967626169045973	-0.001399227750148554	0.0006537111900255515	-0.0010400645028870279	1.2908284996382385e-05	-9.601712457779194e-05	-1.1315281705100156e-05	-0.0	0.0	0.0	-0.0	-0.0	-0.0	0.0	0.0	-0.0	-0.0	0.0	-0.0	0.0	0.0	-0.0	-0.0	0.0	0.0	0.0	0.0	0.0	0.0	-0.0	-0.0	0.0	0.0	0.0	0.0	0.0	0.0	0.0	0.0	0.0	0.0	0.0	0.0	0.0	0.0	0.0	0.0	0.0	0.0	0.0	0.0	0.0	0.0	0.0	0.0	0.0	0.0	0.0	0.0	0.0	0.0	0.0	0.0	0.0	0.0
GB133	0.021068092798460957	0.002152733010337462	-0.0022458766940859722	0.007190051749861012	0.0020947832595209124	0.0013445997122138668	0.00012512862523217475	-0.0004589487966300514	-0.0013384355811516015	-0.0020914937950271073	0.0009885742583914628	0.002222295390759944	-8.859234115574349e-05	0.0017290048809483743	0.0015644801320425813	-0.0003849065970132418	0.00344306020727255	-5.3775015059952064e-05	-0.0022795738310094314	0.0015411291275900239	0.0011284860239075053	-0.0017356295379067385	0.0021299507138412737	0.0023021435591955657	-0.0014719185139821067	-0.00046807847913327014	-0.0012070828039000702	0.001703259502605116	0.0022899804087602453	0.002135112210379912	0.0007086192285593882	0.00029269700528087493	-0.0005548996524882981	-0.001412642293411034	-0.0025762490796851717	-0.0031950554304954514	0.003074294923947088	0.0028195677681336602	0.0012234634043765556	-0.0011562262799080921	-0.00076592709377707	-0.0010165943213468805	0.0006208367074965646	-9.017324406925854e-05	0.00020716278789160417	-0.0012930408028771433	-0.0017308033855377065	-0.000316502324229792	0.005560366605682211	-0.002391919550924923	-0.0007886713793267394	0.0014137206057999987	-0.0025251116655585206	-0.0005397391528419343	-0.000617720117944004	-0.0001454570690446351	0.0014544300980550713	-0.0004687108499550956	-0.003222540226685335	6.466576101978865e-05	-0.0005413588172325574	-0.0011590569332075229	-0.00017007489479735759	-0.000428978100797729	3.529711314512108e-05	2.426926205612261e-05	-0.0	0.0	0.0	-0.0	-0.0	-0.0	0.0	0.0	-0.0	-0.0	-0.0	-0.0	0.0	0.0	-0.0	-0.0	0.0	0.0	0.0	-0.0	0.0	0.0	-0.0	-0.0	0.0	0.0	0.0	0.0	0.0	0.0	0.0	0.0	0.0	0.0	0.0	0.0	0.0	0.0	0.0	0.0	0.0	0.0	0.0	0.0	0.0	0.0	0.0	0.0	0.0	0.0	0.0	0.0	0.0	0.0	0.0	0.0	0.0	0.0
GB134	-0.043290617683633396	-0.013861115313397395	0.03484767314252434	-0.04154854747099714	-0.007306994805826837	-0.0016287790281542009	-0.0018348087105738448	-0.013787000572064015	-0.0291987557579955	-0.006380643522369786	0.0060818465305366234	0.006644017099042264	-0.011315985871091474	0.04453986219420397	0.027798134529706354	-0.006598504301373494	0.03512473165224392	0.007413166340492924	0.01246783293617483	0.007184221264321867	-0.004167345705893952	0.0019294319175194626	0.0014701238148813389	-0.0023818925650209055	0.0007096747692325262	0.0003468692801711797	-0.008803347870109678	0.0036238471717413958	0.0047255746365595045	0.0045139894771766215	-0.0015735243345894295	-0.001605405725325829	-0.0010505969596868515	0.0006489233744002906	0.002076668627258182	0.00012286405627414952	0.003561454253689237	0.0027043190886383074	-0.0021738718425977264	0.0006944961907919208	-0.0005880616593923118	-0.002035102745725219	0.0016343395036335269	0.001328013962672617	0.0015316131228824798	0.0008609475727526961	-6.327002208220477e-05	0.00023204149128570146	0.002110626041094497	-0.0004155304871004468	0.0005876935462116713	0.0006127883009827122	0.0012510577374207897	-0.0005300991148080437	0.00031984199841850956	0.00016367334456368718	5.086124172665651e-06	-0.0005115541357611458	-1.4857857324387457e-05	-0.00019522369847088208	0.000286050210316805	8.121621228303802e-05	8.994530165067289e-05	6.817496619163336e-06	-2.4814476789551098e-05	1.8526761513141457e-05	-0.0	0.0	0.0	-0.0	-0.0	-0.0	0.0	0.0	-0.0	-0.0	-0.0	-0.0	0.0	0.0	-0.0	-0.0	0.0	0.0	0.0	-0.0	0.0	0.0	-0.0	-0.0	0.0	0.0	0.0	0.0	0.0	0.0	0.0	0.0	0.0	0.0	0.0	0.0	0.0	0.0	0.0	0.0	0.0	0.0	0.0	0.0	0.0	0.0	0.0	0.0	0.0	0.0	0.0	0.0	0.0	0.0	0.0	0.0	0.0	0.0
GB135	0.14686315226628946	0.13955054589385116	0.2073049592421395	-0.011120678656814448	0.06919709986756832	-0.08943553178326315	0.02446353680833299	-0.0032612358711273212	-0.012333893785776673	0.004567958318747791	0.006691040948030796	0.00821036630445229	-0.0040383584389902276	-0.002412114628284477	-0.009303606440593325	-0.0032288457285720826	-0.0007444715043126477	0.00040465219869957256	-0.002057698746032843	-0.0066969907654902275	-0.003143926647641713	-0.0017724071322636125	0.0029778760225850254	-0.0025498642512246815	0.0007240037282285609	-0.0007053538386230624	0.0009875437534214396	-0.00038519910146754977	-0.0010269682126427327	-0.001211464663861172	-0.0010774133502909008	0.000735617346609529	0.0011427286231890216	0.002121683096076347	-0.0007593428932601714	0.00021265235561715096	0.00024970433890013984	-0.0006709703610088508	0.00010930669776593833	0.00016755537008325924	-0.00038552394498759553	0.0001652745484728002	-0.0002748109681378711	-0.00022178923883502062	-0.00087259939983218	-0.00021903825904211614	-0.0006289618457742703	0.0002375740371030606	-0.0003008453370107954	3.206075733701343e-05	0.00013635638397976597	3.857147152198023e-05	-0.0005805173031902288	-6.443814340023606e-06	0.0001701649083755436	-0.0002809019925256991	2.875925543655713e-05	-3.028879710054026e-05	3.752809667630236e-05	-0.00011436570237821812	1.0489042509164805e-05	-1.1159293087250747e-05	-5.451405474132121e-06	2.486129665704547e-06	7.4225857855033e-06	-6.061168705656363e-06	-0.0	0.0	0.0	-0.0	-0.0	-0.0	0.0	0.0	-0.0	-0.0	-0.0	-0.0	0.0	0.0	-0.0	-0.0	0.0	0.0	0.0	-0.0	0.0	0.0	-0.0	-0.0	0.0	0.0	0.0	0.0	0.0	0.0	0.0	0.0	0.0	0.0	0.0	0.0	0.0	0.0	0.0	0.0	0.0	0.0	0.0	0.0	0.0	0.0	0.0	0.0	0.0	0.0	0.0	0.0	0.0	0.0	0.0	0.0	0.0	0.0
GB136	0.024913918367545387	0.0046087561519110535	-0.003336519804947736	0.005670236871291676	0.0020047157487533907	0.0011795218271928255	0.00020981257379399653	-0.0001552624708513185	-0.0008806996654012175	-0.001034120837488586	0.0014152584469035402	0.0006827418412884403	4.175569397453074e-05	-0.00013899097528532244	-0.00020551451635714184	-0.00019845494537178293	0.00024280062333064322	-0.0006080339853893194	-7.935087541721365e-05	0.000398151703707963	0.00017761631863486222	-0.0011489087578980318	0.000653733759592166	0.00025152170743737885	-0.0005620442390101021	0.0009038509985407666	0.0002637801023875934	-0.000252257375199043	-0.0003879453083240152	-0.00040370415361248505	-5.7414680895762464e-06	-0.00016608528639422318	0.00019775476279472847	-0.0006939938184703215	-0.0002706534156553406	-4.838111381660251e-05	0.00031008676762953193	-6.228469381035491e-05	0.00012166482923972019	-3.327862110810056e-05	2.6257842146731883e-05	-0.0008466062072449074	0.0001582561420561156	0.00010245842737207477	9.501455768758911e-05	0.0001962469364550711	0.0004252802840881872	-8.331178643837707e-05	-0.0003973264906207911	0.0001768545329530368	-0.00014671534840242787	-0.00024308134722042158	0.0001559886804440617	-0.0004716619574589168	0.0001510121105637559	0.00024900458270807547	-0.0004041278322940562	0.0004562648767349623	0.0004938869484032258	-0.0001412078757283101	0.00038279164100014863	-0.00018211885498264335	-0.00010136351906187604	-4.3743114856263e-05	0.0004299482626791767	0.0001488960729034258	-0.0	0.0	-0.0	-0.0	0.0	0.0	0.0	0.0	-0.0	-0.0	0.0	-0.0	0.0	-0.0	0.0	0.0	-0.0	-0.0	0.0	0.0	0.0	-0.0	-0.0	-0.0	0.0	0.0	0.0	0.0	0.0	0.0	0.0	0.0	0.0	0.0	0.0	0.0	0.0	0.0	0.0	0.0	0.0	0.0	0.0	0.0	0.0	0.0	0.0	0.0	0.0	0.0	0.0	0.0	0.0	0.0	0.0	0.0	0.0	0.0
GB139	0.024913918367545387	0.004608756151911056	-0.0033365198049477374	0.005670236871291676	0.002004715748753391	0.0011795218271928242	0.00020981257379399398	-0.00015526247085131866	-0.0008806996654012212	-0.0010341208374885845	0.0014152584469035302	0.0006827418412884467	4.175569397453869e-05	-0.00013899097528531848	-0.00020551451635714537	-0.00019845494537177417	0.0002428006233306481	-0.000608033985389334	-7.935087541722057e-05	0.00039815170370796854	0.0001776163186348693	-0.0011489087578980491	0.0006537337595921695	0.0002515217074373702	-0.0005620442390101086	0.0009038509985407764	0.00026378010238759496	-0.0002522573751990266	-0.0003879453083239982	-0.00040370415361249616	-5.74146808958514e-06	-0.00016608528639421114	0.00019775476279473744	-0.0006939938184703252	-0.00027065341565534997	-4.838111381660613e-05	0.0003100867676295106	-6.228469381035952e-05	0.00012166482923970677	-3.327862110809066e-05	2.6257842146734952e-05	-0.000846606207244889	0.00015825614205613518	0.00010245842737207064	9.501455768758133e-05	0.00019624693645506252	0.0004252802840881942	-8.331178643841316e-05	-0.00039732649062078503	0.00017685453295302587	-0.00014671534840241844	-0.00024308134722040195	0.00015598868044406166	-0.0004716619574588757	0.00015101211056374456	0.000249004582708096	-0.00040412783229402233	0.00045626487673498047	0.0004938869484032451	-0.00014120787572830684	0.00038279164100019314	-0.0001821188549827141	-0.00010136351906184128	-4.3743114856337777e-05	0.0004299482626792459	0.00014889607290381838	-0.0	0.0	0.0	-0.0	0.0	0.0	0.0	-0.0	-0.0	-0.0	0.0	0.0	-0.0	0.0	-0.0	0.0	0.0	-0.0	-0.0	-0.0	0.0	-0.0	-0.0	0.0	0.0	0.0	0.0	0.0	0.0	0.0	0.0	0.0	0.0	0.0	0.0	0.0	0.0	0.0	0.0	0.0	0.0	0.0	0.0	0.0	0.0	0.0	0.0	0.0	0.0	0.0	0.0	0.0	0.0	0.0	0.0	0.0	0.0	0.0
GB140	-0.0727585112043014	-0.04062062917510083	0.024565698771536526	0.043286644887685875	0.008889817615016737	0.004679213856964454	0.006354348632996783	0.0010967485808533357	0.0125846359446972	0.0022016261730325717	0.009415438241874808	0.0014530286604712793	0.0075902323997548635	0.0003109816154045323	0.0018748823917359098	0.0015067303308025017	-0.002913323404012074	0.004630810587218361	-0.0005689946685528014	-0.002157618637443634	0.0036919493211929745	0.007932403743692534	-0.0019625780119638617	-0.007204492121582738	-0.0026038388713766685	0.0043269424755829865	-0.0003892515586781805	0.0028989593651412063	0.0030960586274127503	-0.004785023509930534	0.003861512275815443	-0.0008940496779174261	0.0032929978796449565	0.0071128187555347805	0.0005912168328698202	-0.00417988920586655	0.0002390105617641078	-0.002897442644923527	-0.003227482930072436	0.0028990519556940687	-0.0004283663698045798	0.00348203025884153	-0.0028284394740850064	-0.004612408057115808	-0.001580870188137793	-0.0010503600787934017	-0.001085082125664521	-0.0032248479451514873	0.002560067944733988	-0.0013605932781370661	0.0006965095679715154	-0.0047506386286856345	-0.004976911456387816	-0.0007989307799497328	0.001299606761076287	-0.003435170943076658	-0.0011391273029900367	0.00030605218568138624	0.0004929930093235854	-0.0025050627313229364	-0.00027885897416475076	0.0002679903081081302	-0.00040116290311989445	-0.00015923264070744194	0.00022230929558567788	-8.812925332094333e-05	-0.0	0.0	0.0	-0.0	-0.0	-0.0	0.0	0.0	-0.0	-0.0	-0.0	-0.0	0.0	0.0	-0.0	-0.0	0.0	0.0	0.0	-0.0	0.0	0.0	-0.0	-0.0	0.0	0.0	0.0	0.0	0.0	0.0	0.0	0.0	0.0	0.0	0.0	0.0	0.0	0.0	0.0	0.0	0.0	0.0	0.0	0.0	0.0	0.0	0.0	0.0	0.0	0.0	0.0	0.0	0.0	0.0	0.0	0.0	0.0	0.0
GB141	0.024913918367545394	0.004608756151911056	-0.003336519804947734	0.005670236871291678	0.00200471574875339	0.0011795218271928275	0.00020981257379398702	-0.0001552624708513186	-0.0008806996654012243	-0.0010341208374885778	0.0014152584469035272	0.0006827418412884549	4.175569397455033e-05	-0.00013899097528532607	-0.00020551451635715537	-0.00019845494537176875	0.0002428006233306519	-0.0006080339853893218	-7.93508754172331e-05	0.00039815170370796177	0.00017761631863487734	-0.0011489087578980552	0.0006537337595921792	0.0002515217074373804	-0.0005620442390100915	0.0009038509985407602	0.00026378010238758525	-0.0002522573751990336	-0.0003879453083239841	-0.00040370415361252175	-5.741468089589372e-06	-0.0001660852863942166	0.00019775476279475663	-0.0006939938184703248	-0.00027065341565535707	-4.8381113816596254e-05	0.00031008676762953855	-6.228469381034841e-05	0.00012166482923972793	-3.3278621108094415e-05	2.625784214672249e-05	-0.0008466062072448815	0.00015825614205612824	0.00010245842737208927	9.501455768755836e-05	0.00019624693645507195	0.0004252802840881835	-8.331178643838742e-05	-0.00039732649062083474	0.00017685453295300407	-0.0001467153484024475	-0.00024308134722038984	0.0001559886804440518	-0.00047166195745887077	0.00015101211056372306	0.00024900458270803524	-0.0004041278322940486	0.00045626487673500665	0.0004938869484031765	-0.00014120787572833587	0.0003827916410002591	-0.0001821188549826713	-0.00010136351906185717	-4.374311485658075e-05	0.000429948262679291	0.00014889607290389855	-0.0	0.0	0.0	0.0	0.0	0.0	-0.0	-0.0	-0.0	0.0	0.0	-0.0	-0.0	-0.0	0.0	-0.0	0.0	0.0	-0.0	-0.0	-0.0	-0.0	-0.0	-0.0	0.0	0.0	0.0	0.0	0.0	0.0	0.0	0.0	0.0	0.0	0.0	0.0	0.0	0.0	0.0	0.0	0.0	0.0	0.0	0.0	0.0	0.0	0.0	0.0	0.0	0.0	0.0	0.0	0.0	0.0	0.0	0.0	0.0	0.0
GB142	-0.06944034563273525	-0.02922477561312127	0.014252375012847242	-0.02052118661454992	-0.003202494808747029	-0.0019380904835494452	0.0029489633491579965	-0.0016874519677508536	-0.004946086977726074	-0.0016164987153944228	-0.0030280143387032598	-0.0028110829611535343	-0.0023294672111318355	-0.0038079316175096876	0.0008134418574722904	0.0010095086991755693	0.0013151980041821328	-0.00578150601983691	-0.0015667874032436182	0.004359811010346811	-0.0030129817152379753	0.009300070364015124	-0.00587868418090643	-0.00022257976211935893	0.007595406822218899	-0.015392444066909306	0.010120304124192285	-0.002349256994114934	0.004112980723174985	-0.0019189380244331005	-0.006586659241185131	0.0024789254657691566	0.0026842019744873556	0.00792234689919381	0.0060225984248874105	-0.0007411360784296676	-0.010583919204265834	0.0016942509854874213	0.00612737235501718	-0.0010881095371879103	-0.0024006382716772632	-0.0008899740499239311	0.0049629017877384635	0.0002862140243057789	-0.002170631370994382	0.003228990570214631	0.0009490584551363814	-0.0009461438874594951	-0.0015119557601017703	-0.0015770381044535966	5.3384359878295156e-05	0.0018591744984338945	0.0013367455272572594	-0.002019604008192798	0.0005492156147357737	-0.0021314303664326678	-1.6162426522036367e-05	0.0007469481280599425	-0.0006363326291721391	0.00015819198932986328	0.0008796107368954775	7.150869298837936e-05	8.363197629326953e-06	-1.4886436193550324e-05	0.000175293719296689	-8.774167034679404e-05	-0.0	0.0	0.0	-0.0	-0.0	-0.0	0.0	0.0	-0.0	-0.0	-0.0	-0.0	0.0	0.0	-0.0	-0.0	0.0	0.0	0.0	-0.0	0.0	0.0	-0.0	-0.0	0.0	0.0	0.0	0.0	0.0	0.0	0.0	0.0	0.0	0.0	0.0	0.0	0.0	0.0	0.0	0.0	0.0	0.0	0.0	0.0	0.0	0.0	0.0	0.0	0.0	0.0	0.0	0.0	0.0	0.0	0.0	0.0	0.0	0.0
GB145	-0.05603205614085121	-0.04179834385692628	0.020774706144495	0.032546043568548844	0.005491727349660889	0.003023308765043424	0.0023070841231668843	-0.0005517321129537148	-0.002520776736936044	0.0016355511972555106	0.0009334579294621813	0.0008724603700276038	0.0025400604240403205	-0.0003172615158568827	7.186955150306968e-05	-0.00045408593561366696	-0.00027581691604008956	0.0005523012130468777	0.00035797696509905176	-0.000915351352821933	2.9230875205804517e-05	0.0011667358188890552	-1.8366051333575716e-06	-0.0003596899463601501	0.002072252240641774	-0.0001471119930965978	-0.0003813204171784143	-0.00011900750807734958	0.00017799016070122207	-0.0002810620079109253	0.0011337760541312934	-0.0005960751050436978	-0.0009194645447749482	0.0005401726858428822	-0.0008620229376156982	-0.00038636084068846023	-0.00019705541737293316	0.0004555564062287527	0.00017014451980270815	-0.0006982121240897336	0.0009896416720072123	-0.000632910157862854	0.0004360698008507079	0.0004788773760689204	0.0007154244589214321	8.258970218697762e-05	-0.00021287723369948396	0.0003112003869928426	-0.0003139114592350734	0.00021794107150819976	0.00019443959207321863	0.00047447200548417733	0.0005657028819081858	-4.162690948297694e-05	-2.0179484055181335e-05	0.00032475945208747074	-0.0002660922893402811	-0.00018732505416824504	6.222609911263585e-05	0.0005025296373190842	0.00017994255452859692	-7.416461211958538e-05	3.818263568381251e-05	2.9192097376377487e-05	-4.348191289050717e-05	1.765622442933825e-06	-0.0	-0.0	0.0	-0.0	-0.0	-0.0	-0.0	0.0	-0.0	-0.0	0.0	0.0	-0.0	-0.0	0.0	0.0	-0.0	-0.0	-0.0	-0.0	-0.0	0.0	0.0	-0.0	0.0	0.0	0.0	0.0	0.0	0.0	0.0	0.0	0.0	0.0	0.0	0.0	0.0	0.0	0.0	0.0	0.0	0.0	0.0	0.0	0.0	0.0	0.0	0.0	0.0	0.0	0.0	0.0	0.0	0.0	0.0	0.0	0.0	0.0
GB148	-0.05603205614085122	-0.04179834385692629	0.020774706144495003	0.032546043568548844	0.005491727349660883	0.0030233087650434337	0.002307084123166874	-0.0005517321129537172	-0.002520776736936043	0.0016355511972555256	0.0009334579294622114	0.0008724603700276046	0.0025400604240402628	-0.0003172615158568888	7.1869551503102e-05	-0.00045408593561372957	-0.0002758169160401161	0.0005523012130468796	0.0003579769650990697	-0.0009153513528219574	2.9230875205777676e-05	0.0011667358188890975	-1.8366051333368392e-06	-0.00035968994636016895	0.002072252240641772	-0.0001471119930965716	-0.0003813204171783771	-0.00011900750807737021	0.00017799016070116	-0.0002810620079109283	0.0011337760541312752	-0.0005960751050437488	-0.0009194645447749316	0.0005401726858429426	-0.0008620229376156445	-0.000386360840688485	-0.00019705541737291473	0.00045555640622874484	0.00017014451980268923	-0.0006982121240897284	0.0009896416720071674	-0.0006329101578628679	0.000436069800850632	0.0004788773760689544	0.0007154244589214397	8.258970218691654e-05	-0.00021287723369955508	0.0003112003869928393	-0.0003139114592350998	0.00021794107150825963	0.0001944395920732795	0.00047447200548412377	0.0005657028819082375	-4.162690948304354e-05	-2.0179484055167044e-05	0.00032475945208754593	-0.00026609228934015036	-0.00018732505416835197	6.222609911271909e-05	0.0005025296373192961	0.00017994255452858526	-7.4164612119352e-05	3.8182635683534235e-05	2.919209737652852e-05	-4.34819128909925e-05	1.7656224421683122e-06	-0.0	-0.0	0.0	0.0	-0.0	0.0	-0.0	-0.0	-0.0	-0.0	-0.0	-0.0	0.0	0.0	0.0	-0.0	0.0	0.0	0.0	0.0	0.0	0.0	0.0	-0.0	0.0	0.0	0.0	0.0	0.0	0.0	0.0	0.0	0.0	0.0	0.0	0.0	0.0	0.0	0.0	0.0	0.0	0.0	0.0	0.0	0.0	0.0	0.0	0.0	0.0	0.0	0.0	0.0	0.0	0.0	0.0	0.0	0.0	0.0
GB153	0.0084876798084695	0.006333320031350966	-0.011536121668224283	-0.04016505434213592	-0.007364441277239215	-0.00508268110656297	-0.002812579205030808	0.00042999304068339414	0.0020039159984976186	-0.0007775026509612044	-0.0059187171946152245	-0.0033059326724973934	-0.008806312466943994	-0.000591038639746528	0.00031524075442530093	-0.0008633545028225787	-0.0003940912440477879	-0.0023729836350573443	-0.0030077143980287236	0.0038266997265281833	0.0012281099156373388	-0.004489064892600689	-0.00034245359454326835	0.003136131359021639	-0.0016905663204452783	0.0040834491504311956	-0.00041733181439137075	-0.001179898201315115	0.001294883722156704	-0.0006327421522898142	-0.002797467061421819	0.012623238567019721	0.0031770320228143236	0.0007346957085711645	0.003453437279820605	0.011307097809783145	-0.005067963901832533	-0.00016178491290731864	0.002485762353954086	0.00010539228986448235	-0.00314217421292951	0.013863304656092113	-0.011709698299025333	0.006593350106474709	0.012151801066976494	-0.00432972638849	0.003113303188832357	-0.001465355537315108	0.002497941148266515	0.0025008764663615743	0.0035693980315372933	0.002654039204816032	-0.003732250649404806	0.0013601867482151912	0.00020383783603182635	-0.0009214558510683859	-0.002458751253256552	-0.0006600483371274968	0.0004298120445344331	-0.00021284999792784166	0.00033827720250902073	-4.816061458588214e-05	0.0004392102044112674	-5.115027921439679e-05	4.2916030431564184e-05	5.385842224420617e-05	-0.0	0.0	0.0	-0.0	-0.0	-0.0	0.0	0.0	-0.0	-0.0	-0.0	-0.0	0.0	0.0	-0.0	-0.0	0.0	0.0	0.0	-0.0	0.0	0.0	-0.0	-0.0	0.0	0.0	0.0	0.0	0.0	0.0	0.0	0.0	0.0	0.0	0.0	0.0	0.0	0.0	0.0	0.0	0.0	0.0	0.0	0.0	0.0	0.0	0.0	0.0	0.0	0.0	0.0	0.0	0.0	0.0	0.0	0.0	0.0	0.0
GB154	-0.05603205614085121	-0.041798343856926275	0.020774706144495	0.03254604356854885	0.005491727349660888	0.003023308765043427	0.002307084123166885	-0.0005517321129537178	-0.002520776736936037	0.0016355511972555292	0.0009334579294621694	0.0008724603700276041	0.002540060424040338	-0.00031726151585688244	7.186955150308731e-05	-0.0004540859356136764	-0.0002758169160401248	0.0005523012130468468	0.00035797696509902514	-0.0009153513528219107	2.9230875205790852e-05	0.0011667358188890704	-1.8366051333399224e-06	-0.0003596899463601698	0.0020722522406417727	-0.00014711199309657257	-0.00038132041717840346	-0.00011900750807738329	0.0001779901607012063	-0.00028106200791092224	0.0011337760541312851	-0.0005960751050437295	-0.0009194645447749329	0.0005401726858428901	-0.0008620229376157339	-0.0003863608406884637	-0.00019705541737292194	0.00045555640622874533	0.00017014451980267096	-0.0006982121240897477	0.0009896416720071956	-0.0006329101578628383	0.0004360698008506994	0.000478877376068938	0.0007154244589213938	8.258970218700093e-05	-0.0002128772336994986	0.0003112003869928373	-0.00031391145923507954	0.00021794107150825646	0.0001944395920732561	0.0004744720054840948	0.0005657028819082375	-4.1626909482972634e-05	-2.017948405512092e-05	0.0003247594520874361	-0.00026609228934023043	-0.0001873250541682793	6.222609911260649e-05	0.0005025296373192116	0.00017994255452875656	-7.416461211951621e-05	3.8182635683639545e-05	2.919209737564175e-05	-4.3481912890708596e-05	1.7656224424901733e-06	-0.0	0.0	-0.0	0.0	0.0	0.0	-0.0	0.0	0.0	0.0	-0.0	0.0	-0.0	0.0	0.0	0.0	-0.0	0.0	0.0	-0.0	-0.0	-0.0	0.0	0.0	0.0	0.0	0.0	0.0	0.0	0.0	0.0	0.0	0.0	0.0	0.0	0.0	0.0	0.0	0.0	0.0	0.0	0.0	0.0	0.0	0.0	0.0	0.0	0.0	0.0	0.0	0.0	0.0	0.0	0.0	0.0	0.0	0.0	0.0
GB156	0.024913918367545394	0.00460875615191106	-0.003336519804947741	0.005670236871291687	0.0020047157487533907	0.0011795218271928253	0.00020981257379398702	-0.0001552624708513156	-0.0008806996654012261	-0.0010341208374885853	0.0014152584469035445	0.0006827418412884496	4.175569397453839e-05	-0.0001389909752853341	-0.0002055145163571536	-0.0001984549453717832	0.00024280062333065136	-0.000608033985389337	-7.93508754172157e-05	0.0003981517037079608	0.00017761631863486514	-0.0011489087578980403	0.0006537337595921631	0.00025152170743738476	-0.0005620442390101039	0.0009038509985407754	0.0002637801023875761	-0.00025225737519902824	-0.0003879453083239883	-0.00040370415361250993	-5.741468089576333e-06	-0.00016608528639421957	0.0001977547627947408	-0.0006939938184703403	-0.0002706534156553432	-4.8381113816595203e-05	0.0003100867676295204	-6.228469381033686e-05	0.00012166482923971428	-3.327862110809789e-05	2.6257842146728234e-05	-0.0008466062072448762	0.00015825614205611002	0.0001024584273720436	9.501455768757256e-05	0.0001962469364550725	0.0004252802840882083	-8.33117864384142e-05	-0.0003973264906207995	0.00017685453295302082	-0.000146715348402387	-0.00024308134722043413	0.00015598868044407587	-0.0004716619574588554	0.00015101211056372689	0.0002490045827080695	-0.0004041278322940297	0.0004562648767349322	0.0004938869484032475	-0.00014120787572824515	0.0003827916410001769	-0.0001821188549828033	-0.00010136351906183911	-4.374311485648122e-05	0.0004299482626795692	0.0001488960729039759	-0.0	-0.0	-0.0	0.0	-0.0	-0.0	-0.0	-0.0	0.0	-0.0	-0.0	-0.0	-0.0	0.0	-0.0	-0.0	-0.0	-0.0	0.0	0.0	-0.0	-0.0	-0.0	-0.0	0.0	0.0	0.0	0.0	0.0	0.0	0.0	0.0	0.0	0.0	0.0	0.0	0.0	0.0	0.0	0.0	0.0	0.0	0.0	0.0	0.0	0.0	0.0	0.0	0.0	0.0	0.0	0.0	0.0	0.0	0.0	0.0	0.0	0.0
GB158	0.0039381959908703305	0.008500643963750889	-0.006215946516371093	-0.02739392133201236	-0.004416306544620007	-0.001693831705350608	0.0003442936027438972	-0.0009265698085415461	-0.0013722805573953651	-0.001031847523174432	-0.0004571605186703559	-0.0011099654037143372	0.0026361703405665517	-0.0015852598810322904	-0.001095046809380622	0.0006285105116098555	-4.1881187026478e-05	0.0023974867814131277	-0.0013238299296298652	0.002109030079020389	-0.0024907211847913055	0.0014233440420140095	0.00013198265578807366	0.0009829985731933445	-0.0029943500181109635	-0.0015840065354682804	0.0019163286618908498	-0.0011665269387464467	0.0014269362064078	-0.0007331343604361115	0.002496874595286696	0.002800057837178839	-0.0007425072383716318	-0.0010526086547189496	-0.0018858132871233766	0.0030950099752470534	0.003086447813315906	0.003024041493389559	-0.0009787927884693304	0.002033288412209085	-0.0018443857426638413	-0.0033956913249513724	0.0003409001588543466	0.0011935784237167885	-0.0019414870070245931	-0.0008982569679487482	0.0008976147138494384	0.0018362175832483416	-0.0006253875310308263	0.0022031526419873503	0.0006927665366608499	-0.002189401495162239	-0.002841402865059608	0.0021274612274210345	-0.0008478751831899171	0.0017167350423607489	-0.0018490986878225224	-0.0007272730735666071	0.0010916936034801245	9.564797096314784e-06	-0.000926911560155347	0.0011495970787056653	0.0006274909220188001	7.507565398880516e-05	-0.0002976206331948111	-0.00021724020847112594	-0.0	0.0	0.0	-0.0	-0.0	-0.0	0.0	0.0	-0.0	-0.0	-0.0	-0.0	0.0	0.0	-0.0	-0.0	0.0	0.0	0.0	-0.0	0.0	0.0	-0.0	-0.0	0.0	0.0	0.0	0.0	0.0	0.0	0.0	0.0	0.0	0.0	0.0	0.0	0.0	0.0	0.0	0.0	0.0	0.0	0.0	0.0	0.0	0.0	0.0	0.0	0.0	0.0	0.0	0.0	0.0	0.0	0.0	0.0	0.0	0.0
GB160	-0.02392479826347701	-0.03549991032783332	0.00939809749441678	0.03207650060524955	0.004856933335127359	0.0018336760103624967	-0.0006073830697824603	0.005188227604258785	0.0036635826256162293	0.03567609890505164	0.014013416369712617	-0.027262445659446626	-0.04365106165648261	-0.016452338514022002	0.008976232997123948	-0.0024607585957098317	0.004908330238817287	-0.0234841178429244	-0.00699689246652786	0.006997975300048718	0.006657373713331327	-0.02049952610585297	0.009994077590098826	0.002711398691391965	-0.006392924608674968	-0.002123971502297876	0.005033355321121009	-0.00023708532958731482	0.0016580725191618739	0.0008381615655055267	-0.006343806466470838	0.0003890444027519102	-0.0033081448253898765	-0.004596843826255885	0.001703238795187656	-0.0022635145542698296	0.0041656657507208586	0.0032496742376595406	-0.0008564390336354574	0.00147528494091243	0.0021545483215554694	-0.0028111365780901787	0.0030019049012953965	0.0013787794832749313	0.00014940204579276604	-0.0003543881301550416	-0.0005896200251327511	0.0012720094829312338	-7.135631709143708e-05	0.0006222308576339096	-0.0004091224138964178	0.0008979219609476227	0.00030719259337173583	0.00038838156630496525	0.0003368731593720694	0.0001810082287256233	-0.0012399841360816284	-0.0002848700068122461	0.0002497782751245364	0.00021736849257937912	3.942665347099096e-05	9.957259261625258e-05	-0.00016754671429849066	6.224259909093234e-05	-6.766957040131454e-05	-1.9909560248310802e-05	-0.0	0.0	0.0	-0.0	-0.0	-0.0	0.0	0.0	-0.0	-0.0	-0.0	-0.0	0.0	0.0	-0.0	-0.0	0.0	0.0	0.0	-0.0	0.0	0.0	-0.0	-0.0	0.0	0.0	0.0	0.0	0.0	0.0	0.0	0.0	0.0	0.0	0.0	0.0	0.0	0.0	0.0	0.0	0.0	0.0	0.0	0.0	0.0	0.0	0.0	0.0	0.0	0.0	0.0	0.0	0.0	0.0	0.0	0.0	0.0	0.0
GB161	0.0249139183675454	0.004608756151911064	-0.003336519804947741	0.00567023687129169	0.0020047157487533924	0.0011795218271928249	0.00020981257379398385	-0.00015526247085131638	-0.0008806996654012265	-0.0010341208374885853	0.001415258446903539	0.0006827418412884482	4.1755693974541145e-05	-0.00013899097528532304	-0.00020551451635715713	-0.00019845494537176845	0.00024280062333064756	-0.0006080339853893394	-7.935087541721467e-05	0.0003981517037079883	0.00017761631863487246	-0.001148908757898037	0.000653733759592163	0.00025152170743737115	-0.0005620442390101039	0.0009038509985407762	0.00026378010238758064	-0.00025225737519900894	-0.00038794530832397307	-0.0004037041536125084	-5.741468089580996e-06	-0.0001660852863942176	0.00019775476279473907	-0.0006939938184703297	-0.00027065341565536813	-4.838111381660654e-05	0.00031008676762954033	-6.228469381033659e-05	0.0001216648292397054	-3.3278621108085755e-05	2.62578421467478e-05	-0.0008466062072448698	0.00015825614205612745	0.00010245842737207425	9.501455768758808e-05	0.0001962469364550528	0.00042528028408821676	-8.331178643842483e-05	-0.000397326490620784	0.00017685453295301708	-0.00014671534840239196	-0.00024308134722042583	0.000155988680444098	-0.00047166195745880593	0.00015101211056374044	0.00024900458270804565	-0.00040412783229400325	0.0004562648767349205	0.0004938869484032235	-0.0001412078757282514	0.0003827916410002157	-0.00018211885498300052	-0.00010136351906177231	-4.3743114856601834e-05	0.0004299482626796446	0.00014889607290421712	-0.0	0.0	-0.0	-0.0	-0.0	0.0	-0.0	-0.0	0.0	0.0	-0.0	0.0	-0.0	-0.0	-0.0	0.0	0.0	-0.0	0.0	0.0	0.0	0.0	-0.0	0.0	0.0	0.0	0.0	0.0	0.0	0.0	0.0	0.0	0.0	0.0	0.0	0.0	0.0	0.0	0.0	0.0	0.0	0.0	0.0	0.0	0.0	0.0	0.0	0.0	0.0	0.0	0.0	0.0	0.0	0.0	0.0	0.0	0.0	0.0
GB162	0.0249139183675454	0.004608756151911064	-0.003336519804947741	0.00567023687129169	0.0020047157487533937	0.0011795218271928249	0.00020981257379398385	-0.0001552624708513177	-0.0008806996654012268	-0.0010341208374885832	0.0014152584469035395	0.0006827418412884502	4.1755693974547264e-05	-0.00013899097528532485	-0.00020551451635715596	-0.00019845494537177515	0.0002428006233306454	-0.0006080339853893448	-7.935087541722748e-05	0.0003981517037079762	0.00017761631863487393	-0.0011489087578980433	0.0006537337595921591	0.00025152170743737224	-0.0005620442390100994	0.0009038509985407683	0.0002637801023875837	-0.0002522573751990181	-0.00038794530832397	-0.0004037041536125159	-5.741468089584968e-06	-0.00016608528639420783	0.00019775476279473262	-0.0006939938184703405	-0.0002706534156553594	-4.838111381660955e-05	0.0003100867676295293	-6.228469381034998e-05	0.00012166482923971341	-3.327862110807874e-05	2.625784214674461e-05	-0.0008466062072448653	0.00015825614205611664	0.00010245842737206295	9.501455768757506e-05	0.00019624693645506924	0.0004252802840882361	-8.331178643843761e-05	-0.00039732649062079696	0.00017685453295300733	-0.00014671534840238263	-0.00024308134722041429	0.0001559886804440995	-0.00047166195745882675	0.00015101211056374792	0.00024900458270804435	-0.0004041278322939951	0.0004562648767349458	0.0004938869484032573	-0.00014120787572824124	0.00038279164100021694	-0.0001821188549829361	-0.00010136351906178035	-4.374311485673998e-05	0.000429948262679652	0.00014889607290399876	-0.0	-0.0	-0.0	-0.0	0.0	-0.0	0.0	-0.0	0.0	-0.0	0.0	-0.0	0.0	0.0	-0.0	0.0	-0.0	0.0	-0.0	-0.0	-0.0	0.0	0.0	-0.0	0.0	0.0	0.0	0.0	0.0	0.0	0.0	0.0	0.0	0.0	0.0	0.0	0.0	0.0	0.0	0.0	0.0	0.0	0.0	0.0	0.0	0.0	0.0	0.0	0.0	0.0	0.0	0.0	0.0	0.0	0.0	0.0	0.0	0.0
GB163	0.008766092957989599	0.01142738401206331	-0.007386041067234917	-0.027905711976097987	-0.004262477936366418	-0.0018396859183929344	0.00047794393545278103	-0.000986816719800062	-0.0009220715136086735	-0.0013925308892922292	-0.0004705860259397834	-0.00026055384353007566	-0.002159421010003323	-6.935537172577652e-05	6.466394493033244e-05	0.000991024496253979	0.001373079625898127	8.870302307468005e-05	0.0007657658305153387	0.0010998714172132961	0.00029283456700691257	-0.0006778175433064415	0.00034975987598283564	-0.000345676901165723	-0.00021004297457203382	4.5313820971483013e-05	-0.0001536809238712444	-0.0006006584370014604	0.0013990957018193276	0.0011534077563499778	-0.0003915550504661801	0.00011597140913445561	-0.0005240379800834429	-0.0009840774168085858	0.000989539299998509	-0.0004632737862140668	9.631141763583341e-05	-0.0002710654117005362	0.0005976506660844232	0.0007230330026025766	-0.0014521762161066659	-9.558068190817117e-05	0.0018740263538483102	0.0007482230256890646	-0.00046950337453347305	0.0007389369898499118	0.00063834506815025	-7.448075430393253e-05	-5.30359377200239e-05	-0.0005660958505189184	-7.762167439594928e-05	0.0015816786201738068	0.00017524839505145113	6.639720706884212e-05	-0.0008053607332992525	0.0006077226873074281	0.0005863866116680663	0.00069679561454779	-0.00036377273051279316	2.438656634552663e-05	-0.0011292589401347467	0.0008197956112880354	0.00014229842371634392	0.0002553686217585852	-5.128624244684534e-05	0.0004956275558371418	-0.0	-0.0	0.0	-0.0	-0.0	-0.0	-0.0	0.0	0.0	0.0	0.0	-0.0	-0.0	0.0	-0.0	-0.0	0.0	0.0	-0.0	0.0	0.0	0.0	0.0	-0.0	0.0	0.0	0.0	0.0	0.0	0.0	0.0	0.0	0.0	0.0	0.0	0.0	0.0	0.0	0.0	0.0	0.0	0.0	0.0	0.0	0.0	0.0	0.0	0.0	0.0	0.0	0.0	0.0	0.0	0.0	0.0	0.0	0.0	0.0
GB166	-0.029956647624410006	-0.02807036012372788	0.013123795367118026	0.025619707554642168	0.003935984853744435	0.00214975961398604	0.0022546357550560386	0.0003140766368237638	0.0023081961697472226	-0.006141117590869359	-0.0006720146116119771	0.006601227630282024	0.0007204629878682305	0.0007795767255704524	0.0026808580707879245	-0.006909825734177227	0.003890347013841445	-0.006573646194262205	-0.0094828971845502	0.002874181043607844	-0.013274025026898303	-0.0008801442916236252	-0.008246389009514375	-0.002428881041154969	-0.001283430334299305	0.006388108131152265	0.0027834708246781744	-0.0009142141510653871	-0.003737834649600083	0.001676991405546882	-0.006712082778460312	0.0012121027026611895	0.0008437730873357298	-6.721829557271647e-05	0.005914605663530088	0.0008250085632027951	0.0026799325010870598	0.0005590569072688937	0.00040996581691244327	-0.0014835929085609482	0.004246217315190555	-0.001381249129799229	-0.0076842926779053765	0.00036934711763686657	-0.0009098662599263504	-0.0030767295189969637	0.0014654590916187867	-0.0015084192146281247	-0.002995897289078978	-0.0008818667668610897	-0.002174960044204982	0.0008387125983155339	0.00558839169156236	-0.0007947426326720169	0.00021392888524993212	-0.0017901714927884937	0.0011221578322242849	0.0018805691029897703	-0.0010733112808266226	-0.0012612893985256596	-0.0005231917397306251	0.0005498660936968306	-0.0002444975495727453	-4.2367733699185665e-05	5.23609322172007e-05	6.304120619124619e-05	-0.0	0.0	0.0	-0.0	-0.0	-0.0	0.0	0.0	-0.0	-0.0	-0.0	-0.0	0.0	0.0	-0.0	-0.0	0.0	0.0	0.0	-0.0	0.0	0.0	-0.0	-0.0	0.0	0.0	0.0	0.0	0.0	0.0	0.0	0.0	0.0	0.0	0.0	0.0	0.0	0.0	0.0	0.0	0.0	0.0	0.0	0.0	0.0	0.0	0.0	0.0	0.0	0.0	0.0	0.0	0.0	0.0	0.0	0.0	0.0	0.0
GB167	0.08991292307775577	0.06048253168110304	0.07159104629109093	0.004377894824261006	-0.052631354547433604	0.08901121575431596	-0.04175422485230424	-0.021293613118898234	-0.00011516419020054391	0.008966841690562258	0.012048153091466488	0.02062945258443252	-0.007817149946593216	-0.006724506076155021	-0.0017888178915030741	-0.018176193735364155	0.0008294143003272624	0.002024922638558757	0.00170985759517006	-0.00374975351176694	0.019912746045928617	0.011689508055141795	-0.019482338818661227	0.015225006850812158	-0.009303589858781486	-0.0020787043746575045	0.0033987717808155026	-0.0016425290159411772	-0.006517909190585964	-0.0009045819498146323	0.006145666300764252	0.002104377602140689	0.0012142111475827704	-0.005898165226445225	0.0025731319100948126	-0.004034889538205845	-0.0006210068082107586	-9.858224189100304e-05	-0.0013105254132334575	0.00020621815601340655	-0.0020739678532481587	4.6447692927770404e-05	0.0008670131195961983	0.00038771118513174907	0.0017401590902171216	-2.3030913977684048e-05	0.001943595564729952	0.00042647917119751385	-0.0005578618859177746	-0.0008370425576641199	-0.0009998051407079994	0.0002578808566304996	0.0010228024357666955	0.0003808532578536356	-0.0004259973600898343	0.00023141112753116819	-0.0007284814069624638	0.0005101268251670777	-0.00021896457938799774	0.000278932500901022	-2.594846455679522e-05	-9.895609863395011e-05	3.016725801266223e-05	5.718035088161815e-06	-5.637079929755618e-06	-1.0002684811289365e-06	-0.0	0.0	0.0	-0.0	-0.0	-0.0	0.0	0.0	-0.0	-0.0	-0.0	-0.0	0.0	0.0	-0.0	-0.0	0.0	0.0	0.0	-0.0	0.0	0.0	-0.0	-0.0	0.0	0.0	0.0	0.0	0.0	0.0	0.0	0.0	0.0	0.0	0.0	0.0	0.0	0.0	0.0	0.0	0.0	0.0	0.0	0.0	0.0	0.0	0.0	0.0	0.0	0.0	0.0	0.0	0.0	0.0	0.0	0.0	0.0	0.0
GB168	-0.05603205614085121	-0.04179834385692628	0.020774706144495	0.03254604356854885	0.0054917273496608845	0.0030233087650434285	0.002307084123166889	-0.0005517321129537128	-0.0025207767369360423	0.001635551197255507	0.0009334579294622127	0.0008724603700276094	0.0025400604240402836	-0.0003172615158568779	7.186955150308026e-05	-0.00045408593561369867	-0.00027581691604012534	0.0005523012130468709	0.0003579769650990528	-0.0009153513528218899	2.9230875205812323e-05	0.0011667358188890953	-1.8366051333319484e-06	-0.00035968994636018467	0.00207225224064178	-0.00014711199309656872	-0.00038132041717838297	-0.00011900750807737647	0.00017799016070118282	-0.0002810620079108905	0.0011337760541312554	-0.0005960751050437473	-0.0009194645447749424	0.0005401726858429081	-0.0008620229376156735	-0.0003863608406884863	-0.0001970554173729502	0.00045555640622874425	0.000170144519802668	-0.0006982121240897504	0.0009896416720071956	-0.0006329101578628442	0.0004360698008507009	0.000478877376068917	0.0007154244589214454	8.258970218694805e-05	-0.0002128772336995244	0.0003112003869929216	-0.0003139114592350613	0.00021794107150826313	0.00019443959207324552	0.0004744720054841029	0.0005657028819081889	-4.162690948298307e-05	-2.0179484055136016e-05	0.0003247594520874557	-0.0002660922893402335	-0.00018732505416829868	6.222609911267289e-05	0.0005025296373192162	0.00017994255452867324	-7.416461211977902e-05	3.818263568366108e-05	2.9192097376103553e-05	-4.348191289058803e-05	1.765622442924408e-06	-0.0	0.0	0.0	0.0	0.0	-0.0	-0.0	-0.0	0.0	-0.0	0.0	0.0	0.0	0.0	-0.0	-0.0	0.0	-0.0	-0.0	0.0	0.0	-0.0	-0.0	0.0	0.0	0.0	0.0	0.0	0.0	0.0	0.0	0.0	0.0	0.0	0.0	0.0	0.0	0.0	0.0	0.0	0.0	0.0	0.0	0.0	0.0	0.0	0.0	0.0	0.0	0.0	0.0	0.0	0.0	0.0	0.0	0.0	0.0	0.0
GB170	0.023424099862751565	0.0035923026051583023	-0.0029316913496972865	0.0065810778215784176	0.0020364458364588995	0.001277348448398484	0.0003081554255634853	-0.00012893180994369438	-0.0005031001209071924	-0.0006629147341557989	0.0019163563251560006	0.0002687757368013926	-0.0013338623997243269	-4.508198261801458e-05	3.7246563539288085e-05	-0.00018013661662986076	-1.9658177408374697e-05	-0.0012314026509134598	-0.0012728310477677744	0.0006776969049581502	-0.0006511261440230966	-0.0015208256328276798	0.0016598248436637656	-0.00019759033346156412	-0.0017642293997274924	-0.0006862662302749235	-0.0012434406684642687	0.0009515736658410628	-0.0005166506917786804	-0.00042385543597960425	0.0020436268274541826	0.0013611386272356551	0.0019188241975459405	-0.001132104787477201	0.001813844763429531	0.00047777435083578635	-0.0018937545386907414	0.0008586916164772917	-0.001150430732251045	-0.002219992178300577	0.00026196262103089665	-0.0020148641797850717	-0.00031749672027179155	-0.0003273796680971551	-0.0009817138636196484	0.0007138832492050598	0.0009901246522369801	-0.001625046559223086	0.0001703853659716749	-0.00022885245832119974	-0.0013733938370845194	-0.0001998215935403195	0.002920498030090822	-0.00038758774880005175	-0.001645530637432204	-0.0018835848742286305	-0.0009150892742311372	0.00042806321153077376	-0.0007444540378339332	-0.0006387829722052686	-0.0004648556052560451	0.0013293863065322203	0.0011322778448675888	0.00027580294280149525	6.328951959287628e-05	-0.0005469831241195918	-0.0	0.0	0.0	-0.0	-0.0	-0.0	0.0	-0.0	-0.0	-0.0	-0.0	-0.0	0.0	0.0	-0.0	-0.0	0.0	0.0	0.0	0.0	0.0	-0.0	-0.0	-0.0	0.0	0.0	0.0	0.0	0.0	0.0	0.0	0.0	0.0	0.0	0.0	0.0	0.0	0.0	0.0	0.0	0.0	0.0	0.0	0.0	0.0	0.0	0.0	0.0	0.0	0.0	0.0	0.0	0.0	0.0	0.0	0.0	0.0	0.0
GB171	0.013789255055535576	-0.0022616800960126924	0.00014462347946994929	0.01059367104942604	0.002758350951524408	0.0012591726011517929	0.0008099350230548208	0.000526979908583682	-0.00011450025686687773	0.0029452322974264124	0.0016846039587790364	-0.001369257751315354	-0.001237900978209859	-0.003444275821608537	-0.0003153993135961925	0.00045652062812696567	0.0003371734065488329	-0.0009795219519873615	-0.0014319793337776617	0.0008595386191198507	0.0006575462139466439	0.00445062614277618	0.0006472481986640875	0.0018040181526169992	0.003012916957133598	-0.0006970735526533095	0.0034064600280774644	0.0002515271771693138	-0.0025300391243112696	-0.004988873723177217	-0.0049444712643587335	-0.004757701452954432	0.006091673215410561	0.002201069395137551	0.00030563239811278066	-0.0014147430111094423	-0.007606412046276094	-0.0005693245123822861	-0.004020718993865037	0.0006540090052236612	0.0031796580075415296	0.004811852924299994	-0.0009484603326957685	-0.0007998440166775824	-0.003148355945839289	0.0037161536578738624	0.0010193744383656062	0.0002340711808661637	0.00010810363368767603	0.000493057319602079	-0.0008452092963496455	0.005291937027378737	-0.003033360735658411	-0.006556954735106936	0.002648647236585737	0.0033233601113658745	0.0013955408053523985	-0.0014775123394676864	-0.0025698655173202853	0.00011857353154532539	-0.0010431905095427325	0.000954506265500534	-1.4409519073091095e-05	8.373483266630695e-05	3.462475608477763e-05	0.00011569691055080618	-0.0	0.0	0.0	-0.0	-0.0	-0.0	0.0	0.0	-0.0	-0.0	-0.0	-0.0	0.0	0.0	-0.0	-0.0	0.0	0.0	0.0	-0.0	0.0	0.0	-0.0	-0.0	0.0	0.0	0.0	0.0	0.0	0.0	0.0	0.0	0.0	0.0	0.0	0.0	0.0	0.0	0.0	0.0	0.0	0.0	0.0	0.0	0.0	0.0	0.0	0.0	0.0	0.0	0.0	0.0	0.0	0.0	0.0	0.0	0.0	0.0
GB172	-0.00034975451161720154	0.005908349288264238	-0.004875473953583682	-0.026141205150449213	-0.00444069250753023	-0.0017000546878133092	0.0007021441642683118	-0.0004573464990950632	0.0006155026911643385	-0.004291638131719829	-0.0022421935141787594	0.0009322350692260159	-0.0017541028932705099	0.00287607815095333	-0.0018442103319294412	0.0012483851412053504	0.004649304567458149	0.0006680740642188565	0.0033988584763488938	0.001861089891544822	-0.002725313991328455	0.0005421788523339888	0.0005048675256478362	0.004177871429147094	0.0013681733793100134	-0.0015670391762742009	-0.0010614898788289752	0.0006175077128228652	0.0008188938159995034	-0.001489508181352024	-0.004968809014215002	0.0012816922185035057	0.005418885358533817	-0.0057318975199557795	0.00404182874454426	0.00151532711046959	0.0037645559529706986	-0.004017832442118279	-0.0016029856300276406	-0.0007962107856791977	0.003094902797318432	-0.003633495866193811	-0.004261265096170735	-0.0027505781469713457	0.0019603132875631295	-0.0019263069195895668	-0.0017117511590051184	0.00040055542841449743	-0.0037580250222782885	0.0018355688126366967	0.002331898384536906	-0.00042600417371194826	0.0020836851139661027	-0.002166968801329012	-0.0017562275951548403	-0.0020502229455454163	-0.0006551235005812024	0.001880569237166952	-0.00014510559890422458	6.894188988249895e-05	-0.0009028686983216737	-0.0015354142631096989	-6.482521465148203e-05	-0.00024106387010453583	0.00017231230319068465	8.348274165876804e-08	-0.0	0.0	0.0	-0.0	-0.0	-0.0	0.0	0.0	-0.0	-0.0	-0.0	-0.0	0.0	0.0	-0.0	-0.0	0.0	0.0	0.0	-0.0	0.0	0.0	-0.0	-0.0	0.0	0.0	0.0	0.0	0.0	0.0	0.0	0.0	0.0	0.0	0.0	0.0	0.0	0.0	0.0	0.0	0.0	0.0	0.0	0.0	0.0	0.0	0.0	0.0	0.0	0.0	0.0	0.0	0.0	0.0	0.0	0.0	0.0	0.0
GB173	-0.005682394875459892	-0.018983403730043615	0.0055867029086656235	0.018820792648650254	0.0037471640139992326	0.00025428258594121676	-9.387451241991176e-05	0.002834378858234786	0.0031684492328680524	0.00342611704727054	0.007397400114827306	-0.004888227749218411	-0.0036815612413024293	-0.0073337762557842585	0.0008536127368283351	0.004073353180948537	-0.00596556970983963	0.01549322618023826	0.01650211279418423	-0.0051948377635520895	-0.005524646266196726	-0.005725285497808682	-0.01315002035011111	0.007497044959282104	0.006086031290553548	0.024695512633964637	-0.005447248363102319	0.0021265057345053007	-0.008850096773120758	0.0047499096506500044	-0.016574206941353375	-0.004849466562877369	0.006458015063294356	-0.006830355886612705	-0.009228670606594656	0.0049836610061237355	-0.0077225735744485885	0.0021071482444206978	0.001266094464128383	0.0029193482511034206	0.0030687468726954127	-0.007840598770573118	0.0013925121607925737	0.0057430905836229635	-0.0007605401427177391	-0.002758213874047169	0.00020979453536346937	-0.001664918962490821	0.0005047013259160697	-0.0011050973559540754	0.000953359253757145	-0.0008088492696344159	-0.001648985115115359	-0.00017881139259986475	0.0009427829700520649	-0.0003191978887411226	0.0010230862038932858	0.0004973284369146207	-0.0007917083356248545	-0.0005311193035961722	0.0005124767742917431	-0.00037624854098055834	0.0007212684408352396	8.608070258540799e-05	-9.897287569263657e-05	1.832664816648293e-05	-0.0	0.0	0.0	-0.0	-0.0	-0.0	0.0	0.0	-0.0	-0.0	-0.0	-0.0	0.0	0.0	-0.0	-0.0	0.0	0.0	0.0	-0.0	0.0	0.0	-0.0	-0.0	0.0	0.0	0.0	0.0	0.0	0.0	0.0	0.0	0.0	0.0	0.0	0.0	0.0	0.0	0.0	0.0	0.0	0.0	0.0	0.0	0.0	0.0	0.0	0.0	0.0	0.0	0.0	0.0	0.0	0.0	0.0	0.0	0.0	0.0
GB174	-0.07945526176532515	-0.03598748422016254	0.01835098469911664	-0.017497168922158725	-0.002340294307674474	-0.002171654935723082	0.002702541098756673	-0.00195135107986154	-0.003967349844513955	-0.00027890321500783613	-0.000630685650340879	-0.00044853986147933255	0.0001461405617494541	-0.0014818743091937175	-0.0018746314004241778	0.0023261198450051784	0.0003672374927576948	-0.00012931852267343048	-5.2798087223678575e-05	0.0012551067307386059	0.0005308981724691128	-0.00025021552962435265	0.0005538374019342665	0.001836823274428815	-0.0030143141120459807	-0.0005410430141370267	0.00034347191279074764	-0.00043075094993408797	-0.002069847773788748	-0.00045587933147264145	-0.0007412683619147849	0.00010456330661290292	9.932975169094809e-05	-0.0021325764545380927	-7.87381953283305e-06	0.0018737008067448001	0.0014335956369347642	-0.0004930633815153092	-0.00043863942312699405	0.0016352533948774737	-0.00038566006349434153	0.000595366585890748	-0.0009834858757839047	-4.861733202867566e-05	-0.0013864485992432277	-0.0003574181521182927	-0.001196156454571574	0.00020349755860078804	1.6329435841679867e-05	2.337248385865954e-05	1.799732780527775e-05	5.288404777559036e-05	-0.0003537414408252371	0.0010328919312754966	-0.00026462579473622057	0.0004260521089988404	0.00028623037112891016	-0.000149559970553839	-0.00027539320748271024	-0.0001730869389945445	-0.00019972489167092105	4.936290387129004e-05	0.00014283614490503206	6.000630327057195e-05	-3.758282103800838e-05	1.6231371028326665e-05	-0.0	-0.0	0.0	0.0	0.0	0.0	0.0	0.0	-0.0	0.0	0.0	-0.0	-0.0	0.0	-0.0	0.0	0.0	0.0	0.0	0.0	-0.0	-0.0	0.0	0.0	0.0	0.0	0.0	0.0	0.0	0.0	0.0	0.0	0.0	0.0	0.0	0.0	0.0	0.0	0.0	0.0	0.0	0.0	0.0	0.0	0.0	0.0	0.0	0.0	0.0	0.0	0.0	0.0	0.0	0.0	0.0	0.0	0.0	0.0
GB176	0.0011992883529525062	0.006798094027107496	-0.005469817278833772	-0.026956332415298104	-0.004355974439277335	-0.001994794642795703	0.00016967258841443092	-0.0011949702084135773	-0.000720846947232337	-0.0010451027058549205	-0.001572380789828897	-0.00040066656320994476	-0.0029690402136195414	0.0012231759864588562	0.0011389097162998571	-0.0007566541651670071	0.0015908144460597608	-0.004246619388728122	-0.00027370343143741664	0.00042477914402732286	0.0037667888006281095	-0.0026502402268142066	0.0027384169045384615	-0.0014042157225967252	0.0007688089852052215	-0.002834846758098665	-0.0006597113356366168	-0.0003027624030266877	-0.002447713093692881	-0.0010905871377190268	-0.002601693476173806	-0.003955672282070828	0.001737417893272007	-0.0025791116653840485	0.002016651824445188	-0.0017951894323423169	-0.00037568663602689355	0.0020113396875959533	0.0009106805223773862	0.0013842734678383693	0.0012897181141027657	0.0010485211541864466	0.00258203119799362	-0.0035292514527076593	0.0011833652497388227	0.0023299984819892977	0.0037543690213341645	-0.002482065363771676	-0.0006453052915892025	0.0020830482637968764	0.0018576566202207288	-0.0025021945438269337	-0.002395616807106856	-0.0029867688226596447	-0.003917106355476459	-0.0013544413416008635	0.0005694851869916334	-0.003731587382830234	0.001453935304455654	0.0005022479401982564	0.0005088435915733627	-0.000983474768865944	0.0008065483321337903	-0.0002116993584435767	0.0003341694598504799	0.00028482176043972024	-0.0	0.0	0.0	-0.0	-0.0	-0.0	0.0	0.0	-0.0	-0.0	-0.0	-0.0	0.0	0.0	0.0	-0.0	0.0	0.0	0.0	-0.0	0.0	0.0	-0.0	-0.0	0.0	0.0	0.0	0.0	0.0	0.0	0.0	0.0	0.0	0.0	0.0	0.0	0.0	0.0	0.0	0.0	0.0	0.0	0.0	0.0	0.0	0.0	0.0	0.0	0.0	0.0	0.0	0.0	0.0	0.0	0.0	0.0	0.0	0.0
GB177	0.015009144795205221	-0.0016437446445188035	-0.0006982750083781721	0.009562229723941745	0.0022224154223859875	0.0016467727363098515	0.0003663402779254667	0.0003544979859758815	-0.0009149487166248696	-0.0021583894882833705	0.001071680019271222	0.0015473982359487611	0.000973958304766885	0.0016308802941842047	0.0029001061574515734	-0.0011032317619982703	0.0034789063181421007	0.0005196677612860424	0.0035342634217280103	0.0010398543137427395	-0.0009066699192006424	-0.0033970567415394946	0.0005041570363407788	-0.0009642718812279587	0.00019816403395063044	-0.004946347485330473	0.002190784514367121	-0.0019179727817815785	0.00017259882706627966	-0.0025014307748803654	0.0017604075989182959	-0.004149391921236194	0.00039996256019373755	-0.001568225502240452	0.0016386244793390318	-0.002405409186562235	-0.002592634833319713	0.0028447248856075208	0.0021775050117171847	0.005260020515787272	-0.005424495715265998	0.002019386555606855	0.0021764461153181195	0.001821948037184393	-0.0022074449319363777	-0.00316034473565559	0.002070613878772654	-0.001069047961785258	0.0016739695011134153	0.00041709981847343116	-0.004454487183338606	-0.004544199096987434	-0.00280357734542761	0.0035609879034343324	0.0013947719075523431	-0.0017210821990763848	0.0019433558573032064	0.0001290620368561633	0.0014698957172711627	0.0006835060606314191	0.0006617352258692293	-1.55175531503823e-05	0.0015879706601492792	0.00048343251494145976	-0.0005226048014032438	0.00015857436190970671	-0.0	0.0	0.0	-0.0	-0.0	-0.0	0.0	0.0	-0.0	-0.0	-0.0	-0.0	0.0	0.0	-0.0	-0.0	0.0	0.0	0.0	-0.0	0.0	0.0	-0.0	-0.0	0.0	0.0	0.0	0.0	0.0	0.0	0.0	0.0	0.0	0.0	0.0	0.0	0.0	0.0	0.0	0.0	0.0	0.0	0.0	0.0	0.0	0.0	0.0	0.0	0.0	0.0	0.0	0.0	0.0	0.0	0.0	0.0	0.0	0.0
GB180	0.02346609205390482	0.0036978850396115147	-0.003034176821004462	0.005998284920003993	0.0019373447093329686	0.0012505647425812723	0.00027825698099095926	-0.00012779062594376673	-0.0009891070813498647	-0.0019001590807126956	0.0010900710507104748	0.001404100595708876	0.0010487921845910193	-0.000608614569982713	0.00014167764312115352	-0.0004592086765016331	0.0005732129953910186	-0.0002808730380680975	-0.0005996028679995815	0.0002865804560062751	-0.000723850571387221	9.191558920285022e-05	0.0002350254053888112	-0.0010629970696679314	-0.0012622651412688127	0.0008840617533085915	0.000764164241451101	-0.0004916477006110456	0.0008057220347296339	-0.0015514889185691393	0.0010669088550050896	0.00017409117304182235	-0.0007165523514938986	0.001965114204172724	-0.0015135871540673303	-0.0012227356847859612	-1.9892824468665602e-05	0.00021494448153306262	0.001697513425387857	0.00046401743974477694	-0.00020281999459535258	-0.00202335867407916	3.81548757839429e-05	0.0010417155820216027	-0.0002415229471708642	-0.001979462216800105	-0.0024232415286087406	-0.001479325622308705	-0.0008419461590557929	0.001917520250961789	0.0004890137487186028	0.0018733014660735807	-0.0006403067475138508	-0.0006921297277823864	0.001873786572038712	0.00047325691614758317	-0.0035797606388597914	-0.002062577405021113	-4.293500702446288e-05	0.0012889218980758905	0.0002718436745667339	2.452446975505822e-05	0.0007941445316556825	0.0002764352829932401	-0.00023221543512961715	-0.0005634722008407989	-0.0	-0.0	-0.0	0.0	0.0	0.0	-0.0	-0.0	0.0	0.0	0.0	0.0	-0.0	-0.0	-0.0	0.0	-0.0	-0.0	-0.0	0.0	-0.0	-0.0	0.0	0.0	0.0	0.0	0.0	0.0	0.0	0.0	0.0	0.0	0.0	0.0	0.0	0.0	0.0	0.0	0.0	0.0	0.0	0.0	0.0	0.0	0.0	0.0	0.0	0.0	0.0	0.0	0.0	0.0	0.0	0.0	0.0	0.0	0.0	0.0
GB181	0.007907238966194862	0.010892569360408904	-0.007173947080590774	-0.02772158799310631	-0.00426994396092049	-0.0018173916893418501	0.000497005608212906	-0.0009800942824381967	-0.0008447655555300346	-0.0011116327000666726	-0.00024622422832424636	-0.0007898504783190955	-0.0022671403407338022	-6.818171903269751e-05	6.947771828363476e-05	0.0007981132833767772	-0.0006067251021668228	-0.0006827840826470088	-0.0003255766494791892	0.0007397543032146226	0.0002288323746013239	-0.0017606796795389826	0.0003008607054801972	6.482043884343762e-05	0.0001611001172138649	8.588620538255612e-05	-0.0012366821755918085	-0.0003742255909781626	0.0009099587538862548	0.0019595572962598125	-0.0015877985519908797	0.0002881505633914757	2.487926553771796e-05	-0.001592827523968528	0.0005927272643549847	-0.0008468491458124034	-0.00059851182967641	0.0007152288339650869	-0.0005005121781529279	0.0018927744465015216	-0.0018752244370763603	0.0001966989968250363	0.002172070087145549	3.3720942205706884e-05	6.0193626805444684e-05	0.0001379437631897705	0.0005827912208524054	-0.0005228079448920121	0.0005135026468777015	-0.0008740695168516216	-0.0002775773399615521	0.001249938630676498	0.0019730104464284574	0.00011375252758575855	-0.0007786581909662322	0.0004955495431783281	0.0023670903278765498	0.0013356388324087685	-0.0009282103000219716	7.602517248960632e-05	0.00022023164874313564	-0.0002987505185053255	-0.00014387197219553846	-0.00027462836285619573	4.3989726686799855e-05	-0.001276349562779204	-0.0	0.0	0.0	-0.0	-0.0	-0.0	0.0	0.0	-0.0	-0.0	-0.0	-0.0	0.0	0.0	-0.0	-0.0	0.0	0.0	0.0	-0.0	0.0	0.0	-0.0	-0.0	0.0	0.0	0.0	0.0	0.0	0.0	0.0	0.0	0.0	0.0	0.0	0.0	0.0	0.0	0.0	0.0	0.0	0.0	0.0	0.0	0.0	0.0	0.0	0.0	0.0	0.0	0.0	0.0	0.0	0.0	0.0	0.0	0.0	0.0
GB182	-0.018964101692641174	-0.004740711883028202	0.0004106657518096407	-0.02454429815499666	-0.004345628427336071	-0.0013300373263226367	0.0016659833002552718	-0.0009478861260766943	0.00014300216103753057	-0.001023612368084497	-0.005644056873002457	0.004883514149197111	-0.0001014507022253773	-0.0034854387482161136	-0.006630051056959398	0.00213642655674795	0.004439497050425732	-0.00013206103363377016	-0.0010556310008688207	0.0015037142697635177	0.0007823470897392792	0.0072693872974373755	0.00938319201309908	0.0001487001167314407	0.0033457148955684116	-0.00035027354371680195	-0.0011356481624816331	0.0018028919899967491	-0.003210735775537168	-0.004449753230846124	0.001634775133260583	-0.001339606543272765	0.005626210823757473	-0.002323804954252806	0.001508548514770424	0.0034870954922940943	-0.0033258187761668104	0.0021190952304586167	-0.004331369991363035	0.0030383648985786967	-0.0014373063871182222	-0.003786081636589435	0.004608722464861508	-0.0015763148329281749	-0.0035096461279712525	-0.0037012132766009835	0.0022476463746023034	-0.004223481489149286	0.0035301316773432134	0.00910316957468404	0.001323577729827119	0.002691369958789406	0.000780760974525292	0.00026009545795107437	0.004987763881981163	-0.0017496583702818619	-0.0029402319314907324	0.0046199385383018775	0.0005490934587916412	0.0010149441768361987	0.00033612332781723014	0.00011235213446411546	-0.00037425083924381346	-0.00016497724522714527	0.00010259191702963664	-7.971046638056138e-06	-0.0	0.0	0.0	-0.0	-0.0	-0.0	0.0	0.0	-0.0	-0.0	-0.0	-0.0	0.0	0.0	-0.0	-0.0	0.0	0.0	0.0	-0.0	0.0	0.0	-0.0	-0.0	0.0	0.0	0.0	0.0	0.0	0.0	0.0	0.0	0.0	0.0	0.0	0.0	0.0	0.0	0.0	0.0	0.0	0.0	0.0	0.0	0.0	0.0	0.0	0.0	0.0	0.0	0.0	0.0	0.0	0.0	0.0	0.0	0.0	0.0
GB183	0.00801315902139155	0.010987413475478948	-0.007273153128641823	-0.027837081582483197	-0.004225564375583858	-0.0018662203689927383	0.0005157799545566924	-0.0008170194448151502	-0.0011104416628197724	-0.0011389983344369996	-0.0009138517188562722	-0.00033016111378146975	-0.0006925123904804557	-0.00041740702020885803	7.061654463037518e-05	-0.0006345582007684518	0.0011722737710787921	-0.0008230923080027361	0.0010548214119850327	0.0012355261050537825	0.0002296395501019837	0.00031702372833105323	0.0003501195769966441	-0.00021975857971658406	-0.00034865887521238657	-0.0011180118813704494	0.0001987099087962789	-0.0003142727791456136	-0.0002125635472432975	0.0005100301299399946	-0.0012737112050201812	-0.00016389324672403213	-0.00014548245956169182	-0.0003358527717473569	0.0018152069064134202	0.00022366534589728215	0.0001320478024394924	-0.0006435878717599253	0.0006540608261115582	0.0014394958289181007	-0.0006494299061524254	0.0008961519939274103	0.0006303874446724931	0.00030517966197675346	-0.0009432253981002455	-0.0002385131273578072	-0.0004443774310007407	-1.5455507336002666e-05	-0.00024347016657734529	-0.001838327377119411	-0.0017525048860386062	0.001314224836975608	0.0009747633731933087	0.0006658507000734677	0.0007507810087897882	-0.00017356990702368846	0.0006588184255621856	-0.0007639072907432538	-0.00011813790649229144	-0.0031221353866619102	0.000278314196108891	-0.001382370059180427	0.0001295691967703281	-0.00043701931605707046	-0.00019193768557726032	-8.245418389678248e-05	-0.0	0.0	0.0	-0.0	0.0	0.0	-0.0	0.0	-0.0	0.0	-0.0	-0.0	-0.0	-0.0	-0.0	0.0	-0.0	0.0	-0.0	0.0	0.0	0.0	-0.0	-0.0	0.0	0.0	0.0	0.0	0.0	0.0	0.0	0.0	0.0	0.0	0.0	0.0	0.0	0.0	0.0	0.0	0.0	0.0	0.0	0.0	0.0	0.0	0.0	0.0	0.0	0.0	0.0	0.0	0.0	0.0	0.0	0.0	0.0	0.0
GB185	-0.07945526176532514	-0.03598748422016253	0.018350984699116644	-0.01749716892215871	-0.002340294307674476	-0.002171654935723079	0.0027025410987566614	-0.0019513510798615402	-0.003967349844513969	-0.0002789032150078394	-0.000630685650340852	-0.0004485398614793415	0.00014614056174945715	-0.0014818743091937442	-0.001874631400424166	0.0023261198450051515	0.000367237492757626	-0.00012931852267341777	-5.279808722367653e-05	0.0012551067307386384	0.0005308981724691555	-0.00025021552962434663	0.0005538374019342636	0.001836823274428857	-0.003014314112045984	-0.0005410430141370239	0.0003434719127907631	-0.0004307509499340885	-0.002069847773788746	-0.00045587933147265457	-0.0007412683619147628	0.0001045633066128648	9.932975169095519e-05	-0.0021325764545381243	-7.873819532846063e-06	0.0018737008067447735	0.001433595636934784	-0.0004930633815153101	-0.00043863942312702083	0.0016352533948774835	-0.00038566006349436685	0.0005953665858908055	-0.0009834858757838977	-4.8617332028669735e-05	-0.0013864485992432236	-0.0003574181521183077	-0.0011961564545715489	0.0002034975586008561	1.6329435841585108e-05	2.3372483858637475e-05	1.799732780523537e-05	5.288404777562674e-05	-0.0003537414408252055	0.0010328919312755623	-0.00026462579473627483	0.0004260521089987274	0.00028623037112879165	-0.00014955997055391212	-0.0002753932074828021	-0.00017308693899439757	-0.0001997248916707626	4.936290387085939e-05	0.00014283614490478316	6.000630327013828e-05	-3.75828210379606e-05	1.623137102898736e-05	-0.0	0.0	-0.0	-0.0	-0.0	-0.0	-0.0	-0.0	0.0	-0.0	-0.0	-0.0	0.0	-0.0	0.0	0.0	0.0	0.0	-0.0	0.0	0.0	-0.0	0.0	0.0	0.0	0.0	0.0	0.0	0.0	0.0	0.0	0.0	0.0	0.0	0.0	0.0	0.0	0.0	0.0	0.0	0.0	0.0	0.0	0.0	0.0	0.0	0.0	0.0	0.0	0.0	0.0	0.0	0.0	0.0	0.0	0.0	0.0	0.0
GB188	0.024913918367545394	0.00460875615191106	-0.003336519804947741	0.005670236871291683	0.0020047157487533933	0.0011795218271928231	0.00020981257379398764	-0.00015526247085131782	-0.0008806996654012226	-0.0010341208374885856	0.0014152584469035421	0.0006827418412884587	4.175569397454451e-05	-0.0001389909752853191	-0.00020551451635715477	-0.00019845494537176525	0.00024280062333064702	-0.0006080339853893267	-7.935087541723209e-05	0.00039815170370796795	0.00017761631863486612	-0.0011489087578980383	0.0006537337595921755	0.00025152170743737446	-0.0005620442390101041	0.0009038509985407766	0.00026378010238758455	-0.00025225737519904315	-0.00038794530832398955	-0.00040370415361249085	-5.741468089589717e-06	-0.0001660852863942186	0.00019775476279474202	-0.0006939938184703186	-0.00027065341565536845	-4.838111381659588e-05	0.000310086767629544	-6.228469381035245e-05	0.00012166482923972958	-3.32786211080852e-05	2.6257842146735152e-05	-0.0008466062072448838	0.00015825614205611477	0.00010245842737206616	9.501455768756374e-05	0.00019624693645506783	0.0004252802840881991	-8.331178643838917e-05	-0.00039732649062081626	0.00017685453295299738	-0.00014671534840239884	-0.00024308134722041765	0.0001559886804440327	-0.00047166195745889224	0.00015101211056374152	0.00024900458270801974	-0.0004041278322940579	0.00045626487673496935	0.0004938869484032172	-0.00014120787572834834	0.00038279164100019075	-0.00018211885498274204	-0.00010136351906180501	-4.374311485676007e-05	0.00042994826267934213	0.00014889607290392718	-0.0	-0.0	0.0	-0.0	-0.0	-0.0	0.0	0.0	-0.0	0.0	-0.0	-0.0	0.0	0.0	-0.0	0.0	-0.0	-0.0	0.0	-0.0	-0.0	-0.0	0.0	-0.0	0.0	0.0	0.0	0.0	0.0	0.0	0.0	0.0	0.0	0.0	0.0	0.0	0.0	0.0	0.0	0.0	0.0	0.0	0.0	0.0	0.0	0.0	0.0	0.0	0.0	0.0	0.0	0.0	0.0	0.0	0.0	0.0	0.0	0.0
GB190	0.024174879175699722	0.004147318538550153	-0.0032010488025300977	0.00608431822473625	0.00202650088205898	0.0013067831405667212	0.0002289202308231877	-3.78950809273976e-06	-0.0008405102128735834	-0.0004932078499618627	0.0016349569261220312	0.0006120850212328297	-0.00026876749407416905	-0.0018743727769740988	-0.00022067522640858362	-0.00017547710987725318	0.00030985250057962956	-0.00024876172632884837	-0.0008216742047850526	0.0011339319692834702	-0.0011681897107817109	-0.0014399161806269213	0.00022397300802668807	0.0004636979529780282	-0.0011876611825044103	0.000662629524715185	0.0005061150194804569	0.00014255595411128119	-0.0008835910477987905	-9.123064992312776e-05	5.561508425607866e-05	6.037710759907272e-05	-0.0005183936620728126	-0.0007750063728613863	0.000149732041254011	-0.001891529919207338	0.0008860316632745705	0.0014010074649939825	0.0008047165010885207	-0.0008159953534449049	-0.0015052202271298978	0.0007480369889726927	2.1882036076326325e-05	-0.001977111462608063	1.5103161411700059e-05	0.0002043675211988854	-0.000830087047963521	-0.00047123908624794697	-0.00024339879684526637	-0.0007529483455894426	0.0005298413887980817	0.0005737492394661251	-2.8035612648168486e-05	-0.001671549176856518	-0.00023011032826634732	-0.0021456303413637475	-0.00018524997547375433	0.0010475698990718544	0.0011797878381105034	-0.0007571341320452384	2.0792551751624336e-05	0.0011521331675409347	-0.0010078625443439432	5.8102395736365424e-05	-0.0010859261256086165	0.0002468312525634185	-0.0	0.0	0.0	-0.0	-0.0	-0.0	0.0	0.0	-0.0	-0.0	-0.0	-0.0	0.0	0.0	-0.0	-0.0	0.0	0.0	0.0	-0.0	0.0	0.0	-0.0	-0.0	0.0	0.0	0.0	0.0	0.0	0.0	0.0	0.0	0.0	0.0	0.0	0.0	0.0	0.0	0.0	0.0	0.0	0.0	0.0	0.0	0.0	0.0	0.0	0.0	0.0	0.0	0.0	0.0	0.0	0.0	0.0	0.0	0.0	0.0
GB191	-0.02234147087488881	-0.02373667416074539	0.01087465449845384	0.022243595550421196	0.003460054801239227	0.002378201605026016	0.001333596171012091	-0.0032871187114762723	-0.0015188152212775206	0.006298351890742219	0.005294387787727108	0.001850232233350651	-0.001309730147456923	0.006758762321060363	-0.002511791189837338	0.00600122959779605	-0.00452660959298417	0.007492977608573124	-0.006244979968130942	-0.004590951104966443	0.005528991970405699	0.0046122345183392905	0.007773229528749074	-0.0004168149142831837	-0.0003655869141160703	-0.005628076653149415	-0.006689686064933043	0.0011684905890854116	-0.0031727498259443987	0.005149675416171308	-0.001532370401177646	-0.004604015732860666	0.006086633688348401	-0.003257239451322787	0.002058299550665128	-0.006455335950262526	0.0058047386306501	0.012693301419104994	0.0018520079213765975	-0.002828583789050468	0.0014272435104405853	0.0032866007541885686	-0.0016226066621319148	0.00033840394073688507	0.002771353574455032	0.0037251497038269577	0.0058442111807663595	-0.004259884217518681	0.001905530761696572	0.0016035593220671276	-0.0012667250290455527	-0.0014240006058465282	-0.0029696704165434904	-0.0005592796858817869	-0.0013118167074737835	0.0017100716709583432	0.0021522125812353013	0.0017130906327761126	0.00023676185914108831	0.00047277832730546797	-0.00045813591597121113	0.0005238037521534167	-0.0003189533315642603	-1.2645411952258626e-06	0.00011466603933407551	-2.9336037959720753e-05	-0.0	0.0	0.0	-0.0	-0.0	-0.0	0.0	0.0	-0.0	-0.0	-0.0	-0.0	0.0	0.0	-0.0	-0.0	0.0	0.0	0.0	-0.0	0.0	0.0	-0.0	-0.0	0.0	0.0	0.0	0.0	0.0	0.0	0.0	0.0	0.0	0.0	0.0	0.0	0.0	0.0	0.0	0.0	0.0	0.0	0.0	0.0	0.0	0.0	0.0	0.0	0.0	0.0	0.0	0.0	0.0	0.0	0.0	0.0	0.0	0.0
GB192	0.02188347274085341	0.002672138952239163	-0.0025063910294809803	0.006737184892300772	0.0019342870321677685	0.0012023974666908464	0.0001880751055167056	-0.0006119976645621016	-0.0011562684338530926	-0.0006238296337191714	0.0016175917412256792	-0.00028829696621081747	0.00032627409537964666	0.00203902740790399	-0.0004295070382158131	-0.0008252003900653572	-0.0010656941312534131	-0.0012463888553275483	0.001248641589408362	-0.0006497417461502844	-0.000924091254976758	-0.0012360482803352236	-0.002275226091071624	-0.0007001905201270058	0.0026512605538865437	4.2775708438460526e-05	0.003256655223859222	-0.001234919255402402	0.0001967815345171329	-0.002138367769842283	0.001191170662025342	-0.00035353993342360565	0.0003045745227505639	0.000738337709633632	0.00021960306431041118	0.002843211847144313	0.0023627887788087946	0.0006241622853030871	0.00029960136194472265	0.00418033009125357	-0.00030691416417316495	-0.0014251769670216834	-0.00017351333354996527	0.0008547919006895768	-0.002437753939823887	0.003003487641042522	0.003861146235342255	0.0027329139902982557	0.0019396170400715902	0.0005060965392821136	0.002012687002807466	0.0002503384509230765	0.00020816906511972427	-0.0002448908897689826	-0.001998064601746476	-0.0014613043875163038	-1.3662120768098444e-05	-0.0005127702174933839	-0.0012863180398014608	-0.0018327338234412271	0.0016243623513266638	0.0006650184950186187	-0.00017440944177887115	0.00031612751909329025	-0.0008575582168231089	3.648253043867822e-05	-0.0	0.0	0.0	-0.0	-0.0	-0.0	0.0	0.0	-0.0	-0.0	-0.0	-0.0	0.0	0.0	-0.0	-0.0	0.0	0.0	0.0	0.0	0.0	0.0	-0.0	-0.0	0.0	0.0	0.0	0.0	0.0	0.0	0.0	0.0	0.0	0.0	0.0	0.0	0.0	0.0	0.0	0.0	0.0	0.0	0.0	0.0	0.0	0.0	0.0	0.0	0.0	0.0	0.0	0.0	0.0	0.0	0.0	0.0	0.0	0.0
GB99	0.0227379253050612	0.0032081005650117568	-0.002896126462946904	0.0070629889233925	0.0020707716299652895	0.0013076347448819396	0.000427372245496804	-0.00012703966921034284	-0.00032533828529249866	0.0014467093971064374	0.00171494425554991	-0.0012715727365813323	-0.000532029826255509	-0.0011002514409517979	-0.001057195830503492	0.00021417216188875562	-0.0009579468365829043	-0.0015223907647332424	-0.000538845554964157	-0.00045377103301210407	0.0007611103664872849	-0.0009027474069042193	-0.00046159801168777056	-0.0004111533500111754	-0.0002030137893883138	0.0012156811513060848	0.002368814104934544	-0.0012763931790104172	-0.0011176577144210791	-0.0017860043061536752	0.0007142584864928556	0.00043264726503741815	0.000417085951263283	0.000875757852431312	0.0011325870200544243	-0.0008822958408736612	0.0006259901755759459	-0.0004894297247045364	0.0011728425335267567	-0.0027997445969486006	-0.0024007619427366582	1.888896850778625e-05	-0.0008464719316401945	2.8325026924766345e-05	-0.0019121885373317561	0.0006375289864972039	-0.0006434822772874504	0.0008935981179383785	-0.0023632563577687766	-0.0002987263188733866	0.0021742621801614146	0.0023348546400277135	-0.002074325844571498	0.0014250051253895141	4.26314273427674e-06	0.0024236047142954364	0.002417660612174953	0.001266103271638706	0.0006464776362897708	-0.0013844018637991058	0.0006509455041640366	-0.0011714236187466837	0.00032561027445762475	-0.00010950206594170886	0.0006015292243864063	-0.0005638509339328916	-0.0	0.0	0.0	-0.0	-0.0	-0.0	0.0	0.0	-0.0	-0.0	-0.0	-0.0	0.0	0.0	-0.0	-0.0	0.0	0.0	0.0	-0.0	0.0	0.0	-0.0	-0.0	0.0	0.0	0.0	0.0	0.0	0.0	0.0	0.0	0.0	0.0	0.0	0.0	0.0	0.0	0.0	0.0	0.0	0.0	0.0	0.0	0.0	0.0	0.0	0.0	0.0	0.0	0.0	0.0	0.0	0.0	0.0	0.0	0.0	0.0
GCDF193	0.03941535296698036	-0.0013262043320447269	-0.025462300540060195	-0.004259909980045648	0.01815323085630778	0.006443447772042956	-0.00366061824427028	0.027346721172899165	0.017891090650219366	0.013658547146569902	0.023558282472429474	0.013025590683184693	0.018226756561059796	-0.0033407230903688538	0.003205500180077646	-0.004679866564437394	0.009596966828603766	-0.0019619709179753736	0.0027639608170010334	-0.004168855067220276	-0.004625417453888213	-0.006924205365723795	0.0011116020951736781	0.003018803036071336	0.011387920272169977	-0.007557464036063141	0.0010901610488483486	0.0038304813118532244	-0.00011736764952311085	0.009381842799935312	0.005310942867250153	-0.00675147638311121	-0.0024871146318129938	0.0011234277788154995	-0.005379321423241872	-0.0026308349275837046	-0.0007789873066058825	0.003456566955964094	-0.0016180257820556168	-0.0079373400332337	-0.0001635434860557125	0.001241359474807116	-0.007802417234870146	0.00657617809638733	0.00220386982910162	0.00630986776721347	-0.00033462592521010196	0.0038850646016317107	0.002664608268630339	0.006835285670884751	0.0017549656562392305	0.00023742284462735836	0.004467771819378934	0.0013646212427985882	0.001455766520126892	-0.0010302556322676463	0.00042504806531845055	-0.0004963720953721082	-0.0011121752372089315	0.00010801774458261553	0.0010079150723357544	-0.00014975012899838482	0.00013818321133189258	4.3084191038721995e-05	-3.8224885738273015e-05	0.00011124093194271413	-0.0	0.0	0.0	-0.0	-0.0	-0.0	0.0	0.0	-0.0	-0.0	-0.0	-0.0	0.0	0.0	-0.0	-0.0	0.0	0.0	0.0	-0.0	0.0	0.0	-0.0	-0.0	0.0	0.0	0.0	0.0	0.0	0.0	0.0	0.0	0.0	0.0	0.0	0.0	0.0	0.0	0.0	0.0	0.0	0.0	0.0	0.0	0.0	0.0	0.0	0.0	0.0	0.0	0.0	0.0	0.0	0.0	0.0	0.0	0.0	0.0
GCDF195	0.07436971780161954	0.016727249527665113	-0.08278343657515018	0.0330650768947361	-0.07627134679648931	-0.03711991045819013	0.1131801559158062	-0.017741725441292825	-0.015360966631357845	0.010302855967016942	0.009108191503689387	0.02392344201414322	0.004247748551709484	0.0010519856491869781	-0.00031317265890464066	0.004135862722396179	-0.007596094498041866	-0.007455123611399461	0.009796653508004282	0.01628441760555266	-0.002075928485671592	-0.005559512980769506	-0.0020856450725217257	0.010433255302819336	-0.004030238185864574	-0.00019450873128352267	-0.0009949016685625652	-0.005465742068695826	0.0015530622142298904	0.0007734582978553544	0.004133340479222624	-0.0027836873428413716	0.0031855116874184805	0.0034093775480768447	-0.0011740406957108788	0.001324317970514992	0.00011270709953227925	0.00037105969146309276	0.0005865602528743264	-0.0005292055989112172	0.0016019924251006665	0.0012620411455658972	0.0010562072021485219	-0.0011415230520533007	0.00019247039193621968	-0.000208335134789067	0.0005196627916581882	-0.0011270339523287176	-0.00013634066467934595	-0.000881996974471698	-0.00033315771824878005	0.00023532031670896124	-0.00010936762195394136	-0.00024381888983828178	-0.0003596978410823099	0.00028574558113389015	-0.0002588814698644186	0.00039179934752843856	-2.500297653700211e-05	2.329755485524287e-05	8.892656682484175e-05	-1.8596542170659245e-05	-2.2218835060689515e-05	-2.069352181483877e-05	2.7157686631170857e-05	-1.9950822445361385e-05	-0.0	0.0	0.0	-0.0	-0.0	-0.0	0.0	0.0	-0.0	-0.0	-0.0	-0.0	0.0	0.0	-0.0	-0.0	0.0	0.0	0.0	-0.0	0.0	0.0	-0.0	-0.0	0.0	0.0	0.0	0.0	0.0	0.0	0.0	0.0	0.0	0.0	0.0	0.0	0.0	0.0	0.0	0.0	0.0	0.0	0.0	0.0	0.0	0.0	0.0	0.0	0.0	0.0	0.0	0.0	0.0	0.0	0.0	0.0	0.0	0.0
GCDF198	-0.006645824252831935	-0.014723033018251303	0.006702771812164336	0.01736626985999722	0.0036476825035049883	0.0007455572907809003	0.0014781620499109156	-2.9970313228205942e-05	-0.0008656459191826086	0.00021218021993833368	0.002658446348617975	0.0013742851605297271	-0.0012726961219603947	-0.0008029865162667113	0.007141468807695898	-0.0010420789021475083	0.005893065406178233	-0.0023943515797439194	-0.00041081810631339843	0.0033332177211293067	0.001017434642761808	0.004135100768425046	-0.0028325291710557324	-0.0032740299591519453	0.002452145907938557	0.002677212799977228	0.0067200443141402205	-0.0034686243675054623	0.004322060518605395	-0.009670240484785762	0.004157311885548134	-0.003849482277087003	-0.004587800197099205	0.008651521111340436	-0.0018199256270848296	-0.004673852984067609	-0.013558496762539824	0.002121977590651917	0.006829778077932381	0.006421301952048218	-0.0015563454047764105	-0.0002781630062599739	0.0032792243220244213	0.00855803263867945	-0.0010751451134224691	-5.063510022714717e-05	-0.0011490027989338647	-0.002025752323226017	-8.383938520318011e-06	0.0018887605525983989	0.002355217188914186	-0.002836898661210606	-0.0012250085019476662	0.004347342184932121	-0.0008769759626124088	0.0028635279469738165	0.0005036722027307263	0.0012639667358207544	-3.95708935161184e-05	-0.0002057646759618907	-0.0004328624097427849	-0.00035411843657912013	-0.000654125987354108	-0.00019553601567781544	8.452612474607375e-05	9.557655678134428e-05	-0.0	0.0	0.0	-0.0	-0.0	-0.0	0.0	0.0	-0.0	-0.0	-0.0	-0.0	0.0	0.0	-0.0	-0.0	0.0	0.0	0.0	-0.0	0.0	0.0	-0.0	-0.0	0.0	0.0	0.0	0.0	0.0	0.0	0.0	0.0	0.0	0.0	0.0	0.0	0.0	0.0	0.0	0.0	0.0	0.0	0.0	0.0	0.0	0.0	0.0	0.0	0.0	0.0	0.0	0.0	0.0	0.0	0.0	0.0	0.0	0.0
GCDF199	-0.009233768522728503	-0.01621030615666559	0.005865171112988108	0.0177860761386188	0.0027022723806032867	0.0021904569027964395	0.0012702752349000534	0.001058686113705324	0.0003407291658684354	0.0006103438890977446	0.0020139989649958817	-0.004651058148102057	-0.00019020516346171352	-0.00023195227664352014	0.004490931103764246	0.0005356674043306459	0.0010164264982889997	0.0018836305435595848	0.011413392454038131	-0.0009932784029734593	0.0016151909949080683	-0.0023626684311026727	-0.007066898096059851	5.49012656918397e-05	0.006358926190585892	-0.004238763693014453	0.00765102300156849	-0.00727149480026546	0.005598604801384068	-0.004279543690617635	0.0004235452195786993	0.008944357585040714	0.0025132919690537305	0.003275991922964758	-0.0002803936064662103	0.004852094067119561	0.00839592128275215	-0.007719617979444733	-0.013328439887744976	-0.004936726201369304	0.0012121508726774626	-0.004138029959519098	-0.002690040999263959	0.003438681302079805	-0.002311908411924559	0.0024026177690716455	-0.0024151944645957107	0.0005405930084792182	0.003938238292865221	-0.0039100548731425145	0.0034396497789428875	-0.005821176496522726	-0.0015224362019378808	-0.0006534075438781963	-0.0004974339425848102	0.0016367636893194655	-0.001161193689556478	0.0008286479449672279	-0.0005708083296028302	0.0002817690159128189	0.0003309416800309879	-0.00010524798786181435	-0.0003204541961114226	-6.1549081952261835e-06	-7.718122784790704e-05	0.00013836508279578064	-0.0	0.0	0.0	-0.0	-0.0	-0.0	0.0	0.0	-0.0	-0.0	-0.0	-0.0	0.0	0.0	-0.0	-0.0	0.0	0.0	0.0	-0.0	0.0	0.0	-0.0	-0.0	0.0	0.0	0.0	0.0	0.0	0.0	0.0	0.0	0.0	0.0	0.0	0.0	0.0	0.0	0.0	0.0	0.0	0.0	0.0	0.0	0.0	0.0	0.0	0.0	0.0	0.0	0.0	0.0	0.0	0.0	0.0	0.0	0.0	0.0
GCDF200	-0.015624427503002617	-5.225538535728952e-05	-0.0029510183400007673	-0.030544782737262452	-0.0052588476991361635	-0.00350208077011962	0.0005627770438832684	-0.001924017365049505	0.0006744237543400934	-0.002031855849001556	-0.002555396891251454	-0.0056127415706684535	0.003301896930683809	0.0007871180884711335	-0.0011563155310752317	0.00017403976041593076	-0.01587301952329739	-0.0015783298952035845	0.004580455433243599	-0.0027830824463598034	0.0009956554708147563	0.004158225611985403	-0.009494772785300667	-0.002103443631193059	0.0058625244287095445	-0.012449536703535182	0.00902316246410979	-0.003829210774672605	-0.006349711366181237	0.0007342780419199633	-0.012377808333927477	0.0050938628170966015	0.00022790342324150768	0.007816363566376624	0.0012711890070217582	0.005832684528963272	0.003334351699097701	0.011501609016832727	-0.00853737536413614	-0.0042093770972391155	0.0006061652460969011	-0.00525695208665294	0.006458820230545826	-0.00334247076647825	0.006687285962295274	0.00257595887015569	0.0018286456600324478	-0.0005329929385932416	-0.0014597659997186518	-0.0015725071488931748	0.0018008164470418278	0.0021579734607683663	-0.001284631513886538	0.0032731949467680417	-0.00011697127032929533	-0.001112476159671021	0.000656311253254456	-0.0002562115462685747	0.0006795678138369933	-0.0007293816206436354	0.0011988135426266803	-6.997022756115366e-06	-4.8399438247134385e-05	0.00011072588836799251	-1.7646775952347617e-05	0.00011496244481791677	-0.0	0.0	0.0	-0.0	-0.0	-0.0	0.0	0.0	-0.0	-0.0	-0.0	-0.0	0.0	0.0	-0.0	-0.0	0.0	0.0	0.0	-0.0	0.0	0.0	-0.0	-0.0	0.0	0.0	0.0	0.0	0.0	0.0	0.0	0.0	0.0	0.0	0.0	0.0	0.0	0.0	0.0	0.0	0.0	0.0	0.0	0.0	0.0	0.0	0.0	0.0	0.0	0.0	0.0	0.0	0.0	0.0	0.0	0.0	0.0	0.0
GCDF203	0.005304225790139882	-0.0136407047547297	-0.005417940614545151	0.014975825449477953	0.016974475624947624	0.007926255145373744	0.0028471517353898263	0.008688623301175324	-0.004779855912136349	0.0032743698784767883	-0.0031258176813900636	0.015197263397693561	0.006568495120400294	0.0001261841000938502	0.00422834803919179	0.0012634608303112736	0.0005846687953252015	-0.006330919288570017	-0.011854104432955105	0.005378364505030592	0.003063187783766913	0.00298462588951085	0.0027233458532171916	0.012186171938640494	0.011606714637543347	-0.008989913988198255	0.007493475477719999	0.021989163874008233	-0.007664416800436226	0.014344235549325911	-0.004586039670874881	-0.007964557084288984	-0.003215008555651911	0.006129251383347749	0.010206701275562984	0.003630156969071683	-0.000939637903230698	-0.00855198614354105	-0.0031466796471543595	0.008043865229707058	0.0002273535148628233	-0.00105871989910128	-0.002548066137421287	0.0029513376902641168	-0.0007869043749329983	-0.005027597401802134	6.887351716919763e-05	0.0019409588806818588	-0.0026183220817411726	-0.00411902425169633	0.00037792895887355394	-0.00018317462525781707	-0.001498477549208066	0.0006836626366805817	0.0005022778855780639	0.0018722692701293785	-0.000618603588496103	-0.0006722868819232181	0.0016697138347256696	-0.000732164408579848	-0.00019230074844213087	0.00019179189013976834	-0.00012505623693759955	4.0400771680746016e-05	3.315623656511163e-05	-2.279332083660093e-05	-0.0	0.0	0.0	-0.0	-0.0	-0.0	0.0	0.0	-0.0	-0.0	-0.0	-0.0	0.0	0.0	-0.0	-0.0	0.0	0.0	0.0	-0.0	0.0	0.0	-0.0	-0.0	0.0	0.0	0.0	0.0	0.0	0.0	0.0	0.0	0.0	0.0	0.0	0.0	0.0	0.0	0.0	0.0	0.0	0.0	0.0	0.0	0.0	0.0	0.0	0.0	0.0	0.0	0.0	0.0	0.0	0.0	0.0	0.0	0.0	0.0
GCDF204	0.020590599420345516	0.0020316067861689277	-0.0015055033724462395	0.007109714383685529	0.0024769172305500564	0.0007212755294943026	0.0004230059523223536	-0.0002544282531238448	-0.001486264099069826	-0.001396590705449653	0.001186280981418846	0.0016528499550962719	0.0015712096796625381	0.0012767457186320297	0.0015218585760097918	-0.002917192740340525	0.0004479706840020646	-0.002373811252331278	-0.002786400343566993	0.0006893874029196324	-0.0008789317174659061	0.00029165851373207785	0.0008875528836849544	-4.736429584815332e-05	0.0005425515425376198	0.0016157785151557523	-0.0024032717800941566	0.001493242804086359	-0.0016770775716057132	-0.002431717126513243	0.0006748751763067616	0.001387797321687629	0.000950721175223841	0.0030212804815705602	-0.0016765022215618223	-0.0006187030662759571	-0.004580095412906606	-0.0023950186439747785	-0.0046252576911952675	-0.0043216911388168425	0.004310124486505894	0.0005671011497138205	0.0012887232999436748	-0.0033618346794092955	0.00037223242395158647	0.0005906484316355152	0.00028080671915818193	-5.141412853335151e-05	0.001991787182543749	-0.0006686179132479917	-0.0016737686083210072	0.0014963566944063407	-3.2193778932899764e-05	0.00290815866647633	-0.0006926490617264753	0.0014922104211053339	-1.2474819912460078e-05	0.0031135213090747295	0.0020493543686743686	0.000432390585188288	-0.00031198434535419594	-0.0008569755687552789	0.00036338936253810337	8.410109556637353e-05	-0.0010028236674272527	0.0003929131161986881	-0.0	0.0	0.0	-0.0	-0.0	-0.0	0.0	0.0	-0.0	-0.0	-0.0	-0.0	0.0	0.0	-0.0	-0.0	0.0	0.0	0.0	-0.0	0.0	0.0	-0.0	-0.0	0.0	0.0	0.0	0.0	0.0	0.0	0.0	0.0	0.0	0.0	0.0	0.0	0.0	0.0	0.0	0.0	0.0	0.0	0.0	0.0	0.0	0.0	0.0	0.0	0.0	0.0	0.0	0.0	0.0	0.0	0.0	0.0	0.0	0.0
GCDF205	-0.05603205614085121	-0.04179834385692628	0.020774706144495	0.03254604356854885	0.005491727349660889	0.003023308765043422	0.002307084123166879	-0.0005517321129537008	-0.0025207767369360397	0.001635551197255486	0.000933457929462212	0.0008724603700275955	0.002540060424040253	-0.0003172615158568833	7.186955150306733e-05	-0.00045408593561368333	-0.00027581691604010257	0.0005523012130468576	0.00035797696509909887	-0.000915351352821932	2.923087520587576e-05	0.0011667358188890945	-1.8366051333652266e-06	-0.00035968994636019844	0.002072252240641771	-0.00014711199309658436	-0.00038132041717838183	-0.00011900750807734903	0.0001779901607011943	-0.00028106200791088527	0.0011337760541312758	-0.000596075105043755	-0.0009194645447749708	0.0005401726858429101	-0.0008620229376156387	-0.00038636084068848306	-0.00019705541737297135	0.0004555564062287836	0.0001701445198026694	-0.000698212124089728	0.0009896416720072175	-0.0006329101578628481	0.00043606980085067335	0.0004788773760688976	0.0007154244589214991	8.258970218691664e-05	-0.0002128772336994641	0.0003112003869928435	-0.0003139114592350341	0.00021794107150819884	0.00019443959207328347	0.0004744720054840575	0.0005657028819083194	-4.1626909482954216e-05	-2.017948405508745e-05	0.0003247594520875492	-0.0002660922893401849	-0.000187325054168303	6.22260991126957e-05	0.0005025296373193071	0.00017994255452852547	-7.416461211981769e-05	3.8182635683456504e-05	2.9192097375486873e-05	-4.348191289123152e-05	1.765622442561788e-06	-0.0	0.0	-0.0	0.0	-0.0	-0.0	0.0	0.0	0.0	0.0	-0.0	0.0	0.0	-0.0	-0.0	0.0	-0.0	0.0	-0.0	0.0	0.0	0.0	0.0	-0.0	0.0	0.0	0.0	0.0	0.0	0.0	0.0	0.0	0.0	0.0	0.0	0.0	0.0	0.0	0.0	0.0	0.0	0.0	0.0	0.0	0.0	0.0	0.0	0.0	0.0	0.0	0.0	0.0	0.0	0.0	0.0	0.0	0.0	0.0
GCDF206	0.012295923499688654	-0.003107429805046248	0.001374494998595123	0.009719228017399828	0.0026180951669186646	0.0007631157990554229	0.0010801854510721597	-0.0011076986874382518	-0.0013741789897813747	-0.002096928597797725	0.003910335915060251	0.0035206539372638623	0.0013736849678442924	0.00443935220194597	0.0010994600326809185	0.0013478275389165802	-0.00593082499755	0.0020194017519428046	-0.00036499282107280514	-0.00437611686506291	-0.0021505871443463307	-0.0009167000491993812	-0.0019109756887454887	-0.0020122274699509194	0.002089973561504977	0.003648277924748327	-0.0030639936622369073	0.0008725628141965549	-0.006605720409361289	-0.0020445278088082964	-0.004230310939453113	-0.00553473056534414	-0.0017132035094098634	-0.00022738585360550137	-0.0011330650511447518	-0.0030534303949695716	-0.0021270601270203045	0.004719538999418796	-0.00287352615542284	-0.0014207260947842013	-0.0007703416884120954	0.004017821915766248	0.002405740286978292	0.0013680521170579918	9.634608932494695e-06	-0.0029353017259972605	0.0005329612744630174	0.0002376756615287595	0.00492277365905236	-0.0008670916177353332	0.002783585344055664	-0.0020657537993449457	0.004268540296558344	0.0035181571488885283	-0.005181018150294597	0.00196975244363476	-0.0021555377027506	-0.003288838943704673	0.0016037881322449232	-0.0003159633778077937	-0.000955753578312033	0.0011901127472023548	-0.00013931869645931658	0.00012660162868134665	0.0004090101155561546	-0.0003155555026743098	-0.0	0.0	0.0	-0.0	-0.0	-0.0	0.0	0.0	-0.0	-0.0	-0.0	-0.0	0.0	0.0	-0.0	-0.0	0.0	0.0	0.0	-0.0	0.0	0.0	-0.0	-0.0	0.0	0.0	0.0	0.0	0.0	0.0	0.0	0.0	0.0	0.0	0.0	0.0	0.0	0.0	0.0	0.0	0.0	0.0	0.0	0.0	0.0	0.0	0.0	0.0	0.0	0.0	0.0	0.0	0.0	0.0	0.0	0.0	0.0	0.0
GCDF208	-0.018911611341687538	-0.004193381917205243	0.00019690968892908345	-0.02526451378206784	-0.00424021390643741	-0.0017297188183058125	0.002151595951039743	-0.0014208979422365607	-0.001553234666486437	0.0010553919880220695	0.0023122969473300926	0.0030985062222331507	-0.001807769015932783	-0.005559946999051435	0.00402007913443233	0.001797929217319618	0.0066012931446085684	0.003317632112037898	-0.008899101283234689	0.0037848638669663727	-0.0062684319696057296	0.006714988333833876	-0.0024729663080865325	-0.005788239487974346	-0.007627697159257663	0.0008612194576610616	-0.0034949583406742707	-0.0022863356557866242	-0.005202109638018639	-0.009727589676843005	0.001368225642374194	-0.006553640651349444	0.001737766357296021	-0.004196258181763189	0.002474484306111723	0.0010899637107234176	-0.006996262313707912	0.005977666032389669	0.002088694114261024	-0.004739549431382289	0.004638437499507644	0.003527186677279402	-0.004012873356530785	-0.004375693621566897	0.0018335736220512796	-0.0017352969747324637	-0.005325109972667129	-4.178887853366242e-05	-0.005229608998020992	-0.0005186068728222455	0.0016936057463174013	-0.0003376279064499618	0.001650627331193032	0.0010381005632398971	0.002174586077374218	0.002998709815439491	0.0009451317732590754	-0.0019476563755138796	0.0006225104529311414	-0.0013506747521140634	0.0014658182041814927	-0.0002788172992424469	-0.00043300875365432864	0.00021730052653190396	-0.0006003444770953974	0.0001067596410954799	-0.0	0.0	0.0	-0.0	-0.0	-0.0	0.0	0.0	-0.0	-0.0	-0.0	-0.0	0.0	0.0	-0.0	-0.0	0.0	0.0	0.0	-0.0	0.0	0.0	-0.0	-0.0	0.0	0.0	0.0	0.0	0.0	0.0	0.0	0.0	0.0	0.0	0.0	0.0	0.0	0.0	0.0	0.0	0.0	0.0	0.0	0.0	0.0	0.0	0.0	0.0	0.0	0.0	0.0	0.0	0.0	0.0	0.0	0.0	0.0	0.0
GCDF209	-0.00350231334202671	0.002043261475988657	-0.007694893416842624	-0.03113354841716453	0.00035381783003066424	0.0009980582658177311	0.0015787484741891236	-0.0030832935575645344	-0.0025652024778044886	-0.006574630666259885	-0.00295494591630153	0.004972407920878272	0.003238362841864468	0.004364221216410291	-0.00495560279509708	0.00604406197894386	-0.006570643661334878	0.0015574484747332966	-0.010582636921793663	-0.0023340903124383426	0.00019823483930059938	-0.00034906251755107304	0.0022254388123359743	0.003945493682096727	-0.00204599385123548	-0.004312736202994698	-0.00045025266453708275	0.0039010313789239848	0.0002251866501114566	0.0006817003901084704	0.002754062761511882	0.005008862929536566	0.002923633090097594	-0.005560804250851405	0.0012512095989983382	-0.005066068951294937	0.004777931336739601	0.006484977149870605	0.0031530441098919846	-0.0017495354728608323	0.002022770470778903	-0.0017229215796002073	-0.0005830759325976447	0.0006027321821916111	-0.0002779636417042021	-0.0019956471974102415	-0.005704475364534956	0.0004478520827090944	0.005161390850986482	-0.006063640672822954	0.0025734912788191082	-0.0017587013040303806	-0.0032069750269484803	-0.0005725002279544144	0.004764013713160269	0.00407306465108332	-0.0022756949505762713	-0.0004564049038637994	-0.002595484182784487	0.0006389833508305102	0.0006273059851459436	-0.000520510732360914	0.0002457136852861431	8.463147851960453e-05	-2.51386352921492e-06	6.761842809837802e-05	-0.0	0.0	0.0	-0.0	-0.0	-0.0	0.0	0.0	-0.0	-0.0	-0.0	-0.0	0.0	0.0	-0.0	-0.0	0.0	0.0	0.0	-0.0	0.0	0.0	-0.0	-0.0	0.0	0.0	0.0	0.0	0.0	0.0	0.0	0.0	0.0	0.0	0.0	0.0	0.0	0.0	0.0	0.0	0.0	0.0	0.0	0.0	0.0	0.0	0.0	0.0	0.0	0.0	0.0	0.0	0.0	0.0	0.0	0.0	0.0	0.0
GCDF210	0.00801315902139155	0.010987413475478951	-0.007273153128641823	-0.02783708158248319	-0.00422556437558386	-0.0018662203689927377	0.0005157799545566969	-0.0008170194448151517	-0.0011104416628197752	-0.0011389983344370009	-0.0009138517188562728	-0.0003301611137814707	-0.0006925123904804419	-0.00041740702020883565	7.061654463038723e-05	-0.0006345582007684464	0.0011722737710787932	-0.0008230923080027262	0.0010548214119850232	0.0012355261050537632	0.00022963955010198712	0.0003170237283310526	0.0003501195769966551	-0.00021975857971659297	-0.00034865887521238434	-0.0011180118813704505	0.0001987099087962897	-0.0003142727791456213	-0.0002125635472433076	0.0005100301299400023	-0.0012737112050201678	-0.00016389324672400383	-0.00014548245956168837	-0.00033585277174736337	0.0018152069064134035	0.0002236653458972802	0.00013204780243948044	-0.0006435878717599544	0.0006540608261115715	0.001439495828918107	-0.000649429906152425	0.0008961519939274036	0.0006303874446725038	0.000305179661976747	-0.0009432253981002327	-0.00023851312735778156	-0.000444377431000741	-1.545550733599712e-05	-0.00024347016657730685	-0.0018383273771194221	-0.0017525048860385858	0.0013142248369756176	0.000974763373193272	0.0006658507000734497	0.000750781008789807	-0.00017356990702367767	0.0006588184255621032	-0.00076390729074323	-0.00011813790649230418	-0.0031221353866619775	0.0002783141961089047	-0.0013823700591804606	0.00012956919677052818	-0.0004370193160566799	-0.00019193768557710386	-8.245418389695465e-05	-0.0	-0.0	-0.0	0.0	-0.0	-0.0	0.0	-0.0	0.0	-0.0	0.0	0.0	0.0	0.0	0.0	-0.0	0.0	-0.0	0.0	-0.0	-0.0	-0.0	0.0	0.0	0.0	0.0	0.0	0.0	0.0	0.0	0.0	0.0	0.0	0.0	0.0	0.0	0.0	0.0	0.0	0.0	0.0	0.0	0.0	0.0	0.0	0.0	0.0	0.0	0.0	0.0	0.0	0.0	0.0	0.0	0.0	0.0	0.0	0.0
GCDF212	0.030101857730578184	0.005163688519295095	-0.0128353411020067	0.006273039199196806	0.00026498818636376813	-0.0017136808833364489	-0.004890815332999131	0.0019459072739769906	0.02469993338997765	0.004115833125340976	-0.012735012806368717	-0.0015879231698636604	-0.004775034010181045	-0.00105746515954566	0.016393136629323138	-0.007736414809019123	-0.0024392826037274743	0.00998906986596608	0.00020144704522541732	-0.013516608079339971	-0.004771602244730614	0.00032722474662770046	0.003544353188718099	0.006087624869703654	-0.006338726003166057	0.0017043118916131228	-0.0027690957783324055	0.0029543766547812616	0.00630572668658741	0.0008921456645664556	0.003539107769751002	-0.000763634825643464	0.01115617419262231	0.012570595724527392	0.0033850599818347612	0.003725234646295522	0.006146751656404145	0.004641606007936099	0.0027519742283562626	-0.0006411334478015679	0.00712488834739651	0.009268527631992061	0.011775709730066065	0.0020285409867578912	-0.0009399897142616675	-0.007282529094380381	0.0015714253766717734	0.009106595440571368	-0.001902448380199845	0.0005203541714962292	0.003425739353597342	-0.00304454256049608	0.0017629930916866392	-0.0014707880847729374	0.0007516693322686158	-0.0009861140543623178	0.0007988735755718457	0.0008011067709717299	-0.00024708817718074557	1.813359275606506e-05	-0.0005458922585440262	-0.0002662654018715074	2.0717739540265606e-05	3.7118715181602016e-05	-1.1829528325013885e-05	-5.005606377106458e-05	-0.0	0.0	0.0	-0.0	-0.0	-0.0	0.0	0.0	-0.0	-0.0	-0.0	-0.0	0.0	0.0	-0.0	-0.0	0.0	0.0	0.0	-0.0	0.0	0.0	-0.0	-0.0	0.0	0.0	0.0	0.0	0.0	0.0	0.0	0.0	0.0	0.0	0.0	0.0	0.0	0.0	0.0	0.0	0.0	0.0	0.0	0.0	0.0	0.0	0.0	0.0	0.0	0.0	0.0	0.0	0.0	0.0	0.0	0.0	0.0	0.0
GCDF214	-0.005809298341371858	-0.014409835876609416	0.005015434812703063	0.017959850478821326	0.0026143520578417578	0.0027009907521923803	0.0011132430432311251	0.0007616355940781518	0.001390519105365735	0.004239536759632203	0.00040956930158550823	-0.0036160494869029616	0.003967994226072016	-0.00017556916831978724	0.0003932628963200298	-0.0022197985553957765	-3.674928876911924e-05	0.0017540374426756726	0.008291730158153841	0.0022735087606373387	-0.0016571865553589135	0.0029921935930242163	0.00646000274554942	-0.007122751495665781	-0.012073917067938127	-0.008829368099826795	0.0025140417679323204	-0.008526196388930483	-0.003268763482914327	-0.005653226053305957	0.005727331578485126	0.0013762642554827947	0.0031981623722761665	-0.01034883889479927	0.001560417940641412	0.003497135492170319	-0.0002770286047784504	0.004227301422051542	0.00016430755060275104	0.002929708852157136	0.0030205407271632428	0.0020630267315949052	-0.004160822543119499	0.008660444446898952	-0.0032026104993751383	0.005107454988972702	-0.0017740360029988409	0.004093460603640602	0.0012780077733187038	-0.003027961100474228	0.00025619492459600697	-0.0014396663194864952	0.0004683102193063789	-0.0011942466318455138	0.001601191718796773	-0.0006907769306625195	0.0014679627417123068	0.001362696543850936	0.0024433851822997002	-0.0008954862942925396	0.0002403483509104361	-4.0403677352060155e-05	-9.526592383809948e-05	-0.00012926318592020798	0.00038469055177093366	-0.00010825407934080131	-0.0	0.0	0.0	-0.0	-0.0	-0.0	0.0	0.0	-0.0	-0.0	-0.0	-0.0	0.0	0.0	-0.0	-0.0	0.0	0.0	0.0	-0.0	0.0	0.0	-0.0	-0.0	0.0	0.0	0.0	0.0	0.0	0.0	0.0	0.0	0.0	0.0	0.0	0.0	0.0	0.0	0.0	0.0	0.0	0.0	0.0	0.0	0.0	0.0	0.0	0.0	0.0	0.0	0.0	0.0	0.0	0.0	0.0	0.0	0.0	0.0
GCDF216	0.021905077993398532	0.002768588312198539	-0.002628871004669853	0.006684110090483038	0.0018299760860178399	0.0009521065420796879	-0.00016354355331886427	-0.00041586111922723926	-0.00016416979187732544	-0.00392154941315651	0.0013004346590770228	0.0006356944761133739	0.0010217448146869817	0.0018411759332977624	-0.0003188535925349868	-0.00034084301380979344	-0.0017726374892953819	-0.0020558505211089474	-0.000663739120385031	-0.0009489076793456106	0.0021605526950992074	-0.0002564373731157028	0.00021354693611835975	0.0007102735433987635	-0.000549634399620795	-0.0004232480111260064	0.0011218471222620733	-0.0006381311849819679	0.000477636317387564	-2.2601950322273307e-05	-3.3471385833071905e-05	-5.891276521927548e-05	-0.0014859217548037695	0.0026043223601900653	-0.0026859683458163633	-0.0024791491263628784	0.000591703824959509	0.0024927945493507155	0.0037783748719430366	-0.0020725507381447058	-0.00039939994524185087	0.000688076322642982	0.0006971305444808422	0.00023034423716587212	0.001203708341569678	0.0008628286038529025	-0.0001671360935005078	-0.002216438072963423	-0.0012416618713724805	0.0007298221566018214	-0.002283691433191919	0.0015544627566012785	8.137539287747155e-05	-0.0018830614369567604	-0.001133180579142575	-0.00015200369716874805	-0.0012764678919791703	-0.002822893071912072	0.0016296837461022102	-0.00044259564661522247	0.000496783851779111	-0.0011098878054601714	-0.0020797866569360786	0.0007359049703839554	-0.00030020781983529306	-0.00010651362743933282	-0.0	0.0	0.0	-0.0	-0.0	-0.0	0.0	0.0	-0.0	-0.0	-0.0	-0.0	0.0	0.0	-0.0	-0.0	0.0	0.0	0.0	-0.0	0.0	0.0	-0.0	-0.0	0.0	0.0	0.0	0.0	0.0	0.0	0.0	0.0	0.0	0.0	0.0	0.0	0.0	0.0	0.0	0.0	0.0	0.0	0.0	0.0	0.0	0.0	0.0	0.0	0.0	0.0	0.0	0.0	0.0	0.0	0.0	0.0	0.0	0.0
GCDF218	-0.03731532047967876	-0.021683170614477696	0.023265594074000227	-0.0036934326811878192	-0.006013051387045516	0.008653576287718179	-0.0021670878057396294	-0.005523029714520414	-0.005081067890323184	-0.005392167589318174	0.004782755794311014	0.001984018076065957	0.004651397413142179	0.0015101314819134146	-0.005238013989797362	0.01836769942740916	-0.018617375458425917	0.02093961272067637	-0.0006018546966610758	-0.0019466271883324957	-0.024921152345163417	-0.020188140594084105	-0.000606732998954095	-0.0057891100710399	-0.009455980744043833	-0.01396834502868823	0.0005352682683323518	0.0014375964257161392	-0.00939455386061317	0.0012024368205328902	0.006351199502519865	0.002712210173545404	-0.0029427904583982775	-0.004893287893318415	0.008322833391113402	-0.0072402020428638195	-0.004533113650243138	-0.00139979950780081	-0.004681868662417002	0.0025115619173940876	-0.0020845576789860487	-1.5806901283780356e-05	0.0018391066532327056	0.0022983074652649016	0.0022620963839555938	-0.00230822619030186	0.0035038467282736494	0.00013224265439246993	6.157029885102983e-05	-0.0007321560372789969	-0.0011803651366173059	9.481144334070816e-05	0.0023415793421463723	-0.0009221998408519846	-0.0010452395825514735	-0.0010161150695064177	-0.00134127601641407	0.00043827508501148506	-0.00033919034614387025	0.0005099785560163208	-0.0005183907538025678	-0.0004885989386829916	2.01840544467819e-06	-0.0001287872708883821	-4.729811977728703e-05	2.4969726266925222e-05	-0.0	0.0	0.0	-0.0	-0.0	-0.0	0.0	0.0	-0.0	-0.0	-0.0	-0.0	0.0	0.0	-0.0	-0.0	0.0	0.0	0.0	-0.0	0.0	0.0	-0.0	-0.0	0.0	0.0	0.0	0.0	0.0	0.0	0.0	0.0	0.0	0.0	0.0	0.0	0.0	0.0	0.0	0.0	0.0	0.0	0.0	0.0	0.0	0.0	0.0	0.0	0.0	0.0	0.0	0.0	0.0	0.0	0.0	0.0	0.0	0.0
GCDF221	0.024913918367545394	0.004608756151911064	-0.003336519804947734	0.005670236871291687	0.0020047157487533924	0.0011795218271928257	0.00020981257379398637	-0.00015526247085132137	-0.0008806996654012261	-0.0010341208374885856	0.0014152584469035389	0.0006827418412884552	4.175569397455247e-05	-0.00013899097528531548	-0.000205514516357163	-0.0001984549453717747	0.00024280062333064865	-0.0006080339853893464	-7.935087541722798e-05	0.00039815170370797017	0.0001776163186348549	-0.0011489087578980556	0.0006537337595921717	0.00025152170743736357	-0.0005620442390101022	0.0009038509985407805	0.00026378010238757994	-0.00025225737519901555	-0.000387945308323978	-0.0004037041536125083	-5.741468089598956e-06	-0.00016608528639421	0.00019775476279473595	-0.0006939938184703285	-0.0002706534156553662	-4.8381113816588346e-05	0.00031008676762954115	-6.22846938103469e-05	0.0001216648292397281	-3.327862110808839e-05	2.6257842146753706e-05	-0.0008466062072448687	0.00015825614205613732	0.00010245842737205867	9.501455768755686e-05	0.00019624693645507713	0.00042528028408821806	-8.331178643841537e-05	-0.00039732649062079457	0.00017685453295302158	-0.00014671534840235688	-0.0002430813472204171	0.00015598868044405903	-0.00047166195745888866	0.00015101211056377562	0.0002490045827080379	-0.0004041278322939829	0.00045626487673492864	0.0004938869484032651	-0.0001412078757282525	0.00038279164100017536	-0.00018211885498271632	-0.00010136351906188593	-4.374311485674177e-05	0.00042994826267941656	0.00014889607290371302	-0.0	-0.0	-0.0	-0.0	0.0	-0.0	0.0	0.0	0.0	-0.0	-0.0	0.0	-0.0	-0.0	-0.0	0.0	0.0	0.0	-0.0	-0.0	-0.0	-0.0	-0.0	0.0	0.0	0.0	0.0	0.0	0.0	0.0	0.0	0.0	0.0	0.0	0.0	0.0	0.0	0.0	0.0	0.0	0.0	0.0	0.0	0.0	0.0	0.0	0.0	0.0	0.0	0.0	0.0	0.0	0.0	0.0	0.0	0.0	0.0	0.0
GCDF223	-0.0510294118164685	-0.021368542682840094	0.01001591503289794	-0.021210620227424423	-0.00359275262626621	-0.0018900940739373245	0.002562336886757949	-0.0032113718780076776	-0.0017024043435409921	0.0032439112498575725	0.0025159693758879413	0.0012906425747012194	-0.005724488339845776	-0.0005635320748234446	-0.004676146392225648	0.006122622722529496	-0.00882922623084076	0.0027837785314811223	-0.0017971402541817475	-0.002147439571057319	0.0017330635103677734	0.008724249510004518	0.006025749298762256	0.0027406332758355303	-0.0006343187097339949	0.0071507278574521015	-0.006492697709186866	0.005446225558834245	0.0018522330436778567	0.004801159862157528	-0.008052700600778484	-0.0014398297635177231	-0.005643335203799695	0.0005835301141565105	-0.007004257444929845	-0.013580082038515939	-0.004909397786689173	-0.0017010328016830185	-0.005781624992318805	-0.006595942744920262	0.002557268014316554	0.0069801984347210985	0.0001291952664210395	-0.0017843368335302716	0.001718976106451508	0.0017355258421303855	-0.0009359954812934046	0.003698321160962955	-0.00091873994584118	-0.002470459745778004	0.0019564789013778437	0.003402643943420759	-0.0011917568688389023	-0.0005247068590534765	-0.0011606307272492118	-0.00033549670215146177	-0.000580297690160252	0.0014140717203407905	0.0010604510793824275	0.0006592366502672014	-0.000558484389671909	-0.00028996326286669636	9.221885093558782e-05	-0.00020215296882721223	0.00010718392811977253	2.2534600339869062e-05	-0.0	0.0	0.0	-0.0	-0.0	-0.0	0.0	0.0	-0.0	-0.0	-0.0	-0.0	0.0	0.0	-0.0	-0.0	0.0	0.0	0.0	-0.0	0.0	0.0	-0.0	-0.0	0.0	0.0	0.0	0.0	0.0	0.0	0.0	0.0	0.0	0.0	0.0	0.0	0.0	0.0	0.0	0.0	0.0	0.0	0.0	0.0	0.0	0.0	0.0	0.0	0.0	0.0	0.0	0.0	0.0	0.0	0.0	0.0	0.0	0.0
GCDF226	-0.0560320561408512	-0.04179834385692629	0.020774706144495	0.03254604356854885	0.005491727349660888	0.003023308765043419	0.0023070841231668687	-0.000551732112953691	-0.0025207767369360527	0.0016355511972554698	0.0009334579294622101	0.0008724603700275846	0.002540060424040235	-0.0003172615158569051	7.186955150306499e-05	-0.00045408593561368447	-0.0002758169160400977	0.0005523012130468958	0.0003579769650991096	-0.0009153513528219524	2.9230875205862095e-05	0.0011667358188891034	-1.8366051333473648e-06	-0.0003596899463601759	0.002072252240641775	-0.00014711199309661602	-0.00038132041717838715	-0.00011900750807737058	0.0001779901607012098	-0.000281062007910924	0.0011337760541312606	-0.0005960751050437847	-0.0009194645447749766	0.0005401726858429308	-0.0008620229376156529	-0.0003863608406884751	-0.00019705541737294438	0.0004555564062287817	0.00017014451980268522	-0.0006982121240897231	0.000989641672007178	-0.000632910157862881	0.00043606980085065904	0.0004788773760689213	0.0007154244589214598	8.258970218689455e-05	-0.00021287723369953638	0.00031120038699282963	-0.0003139114592350652	0.00021794107150819371	0.00019443959207321725	0.0004744720054840866	0.0005657028819082887	-4.1626909482997415e-05	-2.0179484055156433e-05	0.00032475945208757374	-0.00026609228934013437	-0.0001873250541683387	6.222609911274191e-05	0.000502529637319294	0.0001799425545284314	-7.416461211987778e-05	3.818263568347141e-05	2.919209737652479e-05	-4.348191289069709e-05	1.7656224427178771e-06	-0.0	-0.0	0.0	-0.0	-0.0	0.0	0.0	-0.0	0.0	0.0	0.0	0.0	-0.0	-0.0	0.0	0.0	-0.0	0.0	0.0	-0.0	0.0	-0.0	0.0	-0.0	0.0	0.0	0.0	0.0	0.0	0.0	0.0	0.0	0.0	0.0	0.0	0.0	0.0	0.0	0.0	0.0	0.0	0.0	0.0	0.0	0.0	0.0	0.0	0.0	0.0	0.0	0.0	0.0	0.0	0.0	0.0	0.0	0.0	0.0
GCDF230	0.01885240037977718	0.0007259590738282352	-0.002046572565822997	0.007760368677359579	0.0019237017457095719	0.0013673853455126157	0.000591533702080617	-0.00028046378055455345	-0.0006334327191602057	0.0006825466351366524	0.0027622663405242	-0.0005526956645006007	0.0005531402484176874	-0.002756851390245641	-0.0020579526249003177	0.00017237206942248218	-0.004212898240701825	-0.001426866067386789	-0.0002932220507064009	-0.003407115106150436	0.0014292382142890821	-2.7930736128659458e-05	-0.0025661166170198218	-0.0007230179842457671	0.0027487445651465515	0.0007882918368062824	0.004936802329647823	-0.0038319712465476833	0.002086770075809566	-0.004021716031933271	-0.0006163640051843755	5.483065911819703e-05	-0.0008797145238125985	0.004939615297746469	0.0029744139896143392	0.0014641884411727864	0.002193472216981027	-0.002405099022238088	0.0025362873042217363	-0.00135848023911559	1.800084646291516e-06	-0.002092373591710563	4.951274304670674e-05	0.0004942794167491692	0.0008631535191657329	-0.002262088449565842	0.0012853085306200696	-0.0012566309977873227	0.003165847310984023	0.0009883204229302325	-0.004868802031199335	-0.0005305845379199052	0.004441362179748665	-0.0005903325048685826	0.0003690483048477871	0.0005821468972570904	-0.0011651361458114612	-0.0021160815286154918	-0.0035263004674412914	-0.00021565362860187135	-0.0015576907009541893	-0.0003965650095313392	0.0008246627661315713	-0.00010153677549602002	-2.849964948680365e-05	0.00013073207976725164	-0.0	0.0	0.0	-0.0	-0.0	-0.0	0.0	0.0	-0.0	-0.0	-0.0	-0.0	0.0	0.0	-0.0	-0.0	0.0	0.0	0.0	-0.0	0.0	0.0	-0.0	-0.0	0.0	0.0	0.0	0.0	0.0	0.0	0.0	0.0	0.0	0.0	0.0	0.0	0.0	0.0	0.0	0.0	0.0	0.0	0.0	0.0	0.0	0.0	0.0	0.0	0.0	0.0	0.0	0.0	0.0	0.0	0.0	0.0	0.0	0.0
GCDF244	0.01531886588840594	-0.0014999949600461124	-0.0008183061724653782	0.009342578665534453	0.00185519453470566	0.0021845979114563916	0.0005744999637952885	-0.00035328096461152594	-0.0012641839133808123	0.004045187713930428	0.0030185472055674774	-0.0023733129527191586	0.0008605047541127852	-0.000873733254898574	0.0007037372465696585	-0.0002580186548190093	-0.0007700665287782248	0.0019133927900183796	0.002774118098407531	0.00044806681714763645	0.0028973172757748153	0.0038719595439183907	0.004679357275624305	-0.0022694185854673986	-0.0036577550732486185	-0.002751062330007148	0.00041460964943064015	-0.002173214364261644	0.0033408065591871003	0.0004371604968434109	0.0028219191606434885	0.002049524385559506	-0.0011800590024529645	0.0020177737995007564	-0.007985516042437624	0.0009451014166429059	-0.0038501738022772057	0.0004886222185971047	-0.002326800330286312	0.0018549674569830925	-0.00268280854377525	-0.0028883474250998692	9.091671188130813e-05	0.00476655852619292	-0.002333852792424762	-0.003480227023417705	-0.005141560624907681	0.0005695656618859703	-0.001738083836443171	-0.003448439887511446	0.005027084208565237	0.004144380818478575	-0.0011931060072434606	-0.0012302552199763117	-0.0034001019325550926	-0.004587500848890362	4.8133621935841763e-05	-0.0012095741747977394	-0.0003041155171743796	0.0001626057725213462	-0.000342706995211349	-0.0008533902016282531	0.00021126725982606245	-6.653847304797464e-05	-0.00022578852828794961	0.00018438027194775646	-0.0	0.0	0.0	-0.0	-0.0	-0.0	0.0	0.0	-0.0	-0.0	-0.0	-0.0	0.0	0.0	-0.0	-0.0	0.0	0.0	0.0	-0.0	0.0	0.0	-0.0	-0.0	0.0	0.0	0.0	0.0	0.0	0.0	0.0	0.0	0.0	0.0	0.0	0.0	0.0	0.0	0.0	0.0	0.0	0.0	0.0	0.0	0.0	0.0	0.0	0.0	0.0	0.0	0.0	0.0	0.0	0.0	0.0	0.0	0.0	0.0
GCDF246	-0.03315108399496581	-0.01219290597603037	0.004542474966245236	-0.023830997646231228	-0.004469734684649183	-0.0011576829014183926	0.0012709326476672686	-0.0021308834929792755	-0.00441541648818038	0.006846240192592491	0.00378477978349124	-0.004685197516741758	0.0015749865712737232	0.0003806466320723403	-0.001145520262680032	0.0033391616300368888	0.0005922631609389791	0.010453354936572942	0.00851122523308722	-0.0036876685519481433	0.0012355223510939505	0.0035467689560742637	-0.002470131246394192	-0.004137207387004921	-0.0012795287055631448	0.005491644762742686	0.004046153505446608	-0.0037799740371439114	-0.003794463294018101	0.00010194778822012524	0.0018968111587076759	0.001981748991383898	-0.0003886054529257743	0.003407385056727777	-0.010486145168082573	0.008164022383478192	0.0006717825945416353	-0.0025214360962612235	0.002867211345535491	0.011263099632480298	0.002017051484353034	0.003062508933322993	-0.001937147140043664	-0.0012329304638747103	0.0015911149625014854	0.0048083929477630745	0.00518199892158269	0.0033995076568953727	-0.0007180714253426436	-0.0006693022622188841	-0.0018603847387345356	0.0015755534566157868	0.001323722752147596	-0.003675202890786667	-2.850498922913172e-05	0.0010161460451608318	-0.0009662853188285755	-0.0007077602628123741	0.0004750422756798954	0.0009550628532258004	3.61841361514407e-06	0.0006020589058865439	-0.0007763409028757691	9.007236617069355e-05	8.107207504261246e-05	-0.00011508676099231394	-0.0	0.0	0.0	-0.0	-0.0	-0.0	0.0	0.0	-0.0	-0.0	-0.0	-0.0	0.0	0.0	-0.0	-0.0	0.0	0.0	0.0	-0.0	0.0	0.0	-0.0	-0.0	0.0	0.0	0.0	0.0	0.0	0.0	0.0	0.0	0.0	0.0	0.0	0.0	0.0	0.0	0.0	0.0	0.0	0.0	0.0	0.0	0.0	0.0	0.0	0.0	0.0	0.0	0.0	0.0	0.0	0.0	0.0	0.0	0.0	0.0
GCDF252	-0.2526542472771948	0.358444318943226	-0.030800271718100538	0.03558488434577935	0.009466318907643557	0.020388985752946665	0.018412085389137897	-0.00030598480185531904	0.013994213517553466	0.0029849255310981657	-0.0012315678965911208	-0.0014369832957058697	-0.0006917193898184219	0.0021639588469625232	0.0012938707852960711	-0.0006182943196384246	0.0006580915178839097	0.00010291403576716458	0.0007015239749286023	0.0005903613308024822	-0.00019685375356906574	-0.0008517615738867974	-0.0009844608638394444	-9.247969575619416e-05	0.0010413089043627658	-0.0006835910387057148	-0.0005056647509611038	0.0018003346320994858	0.0003046505646630093	9.814117854174098e-05	-0.0001362150062640747	0.00027361886123525834	-0.0006362985899442271	-0.0011859195049488667	-0.00042468551737720613	0.00047822752808666404	-0.00016097701739933046	0.00023078125801758475	0.00035186738827306486	-0.00029424509937890484	-0.00021218594724479805	-0.0003262275715020267	-0.00020560879510377807	0.0003679085118632816	0.00038294922751847427	0.00010011288073056214	4.3233703622299456e-06	0.0003263374257980311	0.00016568680492083592	0.00042204370599156684	-3.8198325044173065e-05	0.00012600892012218766	0.00025276980576912457	0.0001185941923672712	4.910029545456633e-05	0.0001807326717398831	3.0504036546502767e-05	-0.00013921349339696346	-1.2736585932572435e-05	9.661984757572516e-05	-3.669058039719935e-05	-2.272142648056136e-05	1.6187592460336727e-05	2.292346652901466e-08	-9.395648487445193e-06	7.870948379806129e-06	-0.0	0.0	0.0	-0.0	-0.0	-0.0	0.0	0.0	-0.0	-0.0	-0.0	-0.0	0.0	0.0	-0.0	-0.0	0.0	0.0	0.0	-0.0	0.0	0.0	-0.0	-0.0	0.0	0.0	0.0	0.0	0.0	0.0	0.0	0.0	0.0	0.0	0.0	0.0	0.0	0.0	0.0	0.0	0.0	0.0	0.0	0.0	0.0	0.0	0.0	0.0	0.0	0.0	0.0	0.0	0.0	0.0	0.0	0.0	0.0	0.0
GCDF254	-0.004872486003113246	-0.016484412720737914	0.004512047622475448	0.0181781820394032	0.002639717718191179	0.002200835998639315	0.0001060533606886659	0.0007665185463928584	0.0018403442719005093	0.0013064050005574456	0.001646370480958002	0.0005391999759179027	-0.00013267802571001748	0.0006445305170612768	-0.0013656535986324176	0.0015277630554067477	0.007428752495285219	0.009978539349427627	0.0051063636360833605	0.0004434498591305338	-0.0023279334704020154	0.004234126280587618	0.0006005145849170749	0.003541865520433749	-0.006510693590298187	-0.013672054987248855	0.0027495183750730567	-0.0042158601798226334	0.01605568047403982	0.00565268740994804	-0.006149615198672281	0.004207910234651728	0.005637266366181428	-0.0070303995242762115	-0.006613813535439946	-0.00570509277275538	-0.0026430939194102363	-0.005044724101094933	0.00270075768964757	-0.0036429496683951577	0.0030700305381622397	-0.004480073097956072	-0.006380880891234138	-0.0058509256118124695	-0.006663813186104013	-0.00819380037263307	0.00754488017740848	-3.7970316518055774e-05	-0.00586403843441014	0.004414278834850408	0.0031856860586446743	-0.0012671414784973896	-0.0014776578191526134	0.0019484829193136943	-0.000688931813841113	0.0014645466185219563	-0.0003686085581534479	-0.0018963668789891272	-0.00024093041579607976	0.00010245932184573748	0.00013673692509739828	0.0001193720925900725	-0.00011667994512581759	-6.187976626966614e-05	-3.08345043421448e-05	1.3704202364237846e-05	-0.0	0.0	0.0	-0.0	-0.0	-0.0	0.0	0.0	-0.0	-0.0	-0.0	-0.0	0.0	0.0	-0.0	-0.0	0.0	0.0	0.0	-0.0	0.0	0.0	-0.0	-0.0	0.0	0.0	0.0	0.0	0.0	0.0	0.0	0.0	0.0	0.0	0.0	0.0	0.0	0.0	0.0	0.0	0.0	0.0	0.0	0.0	0.0	0.0	0.0	0.0	0.0	0.0	0.0	0.0	0.0	0.0	0.0	0.0	0.0	0.0
GCDF255	-0.010059519932644707	-0.0004877482965351024	-0.0012862526021800093	-0.024329707462050404	-0.004198922897876037	-0.0015902286417204614	0.0011484123799561676	-0.0025512315236932573	-0.002803713116016986	0.0028301095700317756	0.002019929334201231	0.0003350800755366481	0.0016406508324665007	0.0032072467650214698	0.004766287925710498	-0.0028182284732602256	0.00021969411031753895	-0.0012546117936010333	-0.006022408903736491	-0.0008859703623583133	0.0021053969167041196	8.43630900900469e-05	-9.911842601082578e-06	-0.005482465018056758	-0.010103028006457479	0.0032222343846257536	-0.0051684322035051525	0.0031913844751610305	-0.0015100077500319524	0.001743444422211454	0.0018485258853604815	0.0036759568802323733	-0.006643015142513394	0.007901444531151387	0.0004916632162678264	0.0027411213457680674	-0.00307376424928832	0.001034030929936783	0.0061705089214777195	-8.067464413452491e-05	0.004654670637679202	-0.006606067128479507	-0.004765537217173012	0.00047944355971623795	0.0026299062438118557	0.0021672476905251242	-0.0015222337967610213	0.00042615415194003823	-0.0049528084828409525	-0.0015831677857729815	-0.0039536373189555645	-0.004890158445014491	-0.0010886537813599964	0.003182605593191698	-0.00169906869313561	-0.0021264362515728136	-0.00033732060545966597	0.001507449703524933	-0.002153879354243055	0.0014620331665741858	8.175425660523858e-05	8.403479472585999e-05	-0.0008762695099062287	-7.175420946063622e-05	0.0002611398954745428	-4.9566714234421206e-05	-0.0	0.0	0.0	-0.0	-0.0	-0.0	0.0	0.0	-0.0	-0.0	-0.0	-0.0	0.0	0.0	-0.0	-0.0	0.0	0.0	0.0	-0.0	0.0	0.0	-0.0	-0.0	0.0	0.0	0.0	0.0	0.0	0.0	0.0	0.0	0.0	0.0	0.0	0.0	0.0	0.0	0.0	0.0	0.0	0.0	0.0	0.0	0.0	0.0	0.0	0.0	0.0	0.0	0.0	0.0	0.0	0.0	0.0	0.0	0.0	0.0
GCDF257	-0.04230584293545926	-0.0177764160736993	0.006451155479259506	-0.02368344848559438	-0.004522943142790475	-0.002882390343166168	0.0011023345722186958	-0.0017037004662565818	-0.0009657467563767504	-0.009502653764633228	-0.0015439989604681308	0.003980666426223613	-0.004041651017686486	-0.0030990097135337696	-0.001329598201558468	0.003540154794682168	-0.0005515087667392906	-0.000657639410859584	-0.000820239408713944	-0.0044681298046761	-0.0034385954620208374	-0.005126726504236046	-0.012635228134120957	7.618936360299797e-05	0.007673775580250449	0.011251640025709789	0.008863906355772149	-0.004943327776262113	0.006570065181721404	0.00028433627609544723	0.0016440602904267047	-0.002655952052536773	-0.006196402529949206	0.0035635250938019516	4.946737034096757e-05	-0.008967841139586815	0.011247478340309409	0.004011551936585822	0.010353680781331807	-0.004354588539604058	-0.0027535514260100783	-0.0021928768957369424	-0.0009760171931020998	-0.0020966758452592936	-0.000630134870788773	-0.005723726324415445	0.0016890195493834256	-0.0011679571274522608	0.0044824271438076305	0.0001279498438429857	-0.0012046230282088924	0.0031110479415790908	-0.0006580550920860452	0.0004624696539420341	0.001040976713255833	-0.0009693134311058579	-0.0008741924575047871	-3.1008513195694246e-06	0.0015084163191325718	-0.0004851056065359726	0.0003313544858040084	-0.0003939869843715053	-0.0004303927261597641	-9.74693681522003e-05	6.077987244902817e-05	1.7103321863246246e-05	-0.0	0.0	0.0	-0.0	-0.0	-0.0	0.0	0.0	-0.0	-0.0	-0.0	-0.0	0.0	0.0	-0.0	-0.0	0.0	0.0	0.0	-0.0	0.0	0.0	-0.0	-0.0	0.0	0.0	0.0	0.0	0.0	0.0	0.0	0.0	0.0	0.0	0.0	0.0	0.0	0.0	0.0	0.0	0.0	0.0	0.0	0.0	0.0	0.0	0.0	0.0	0.0	0.0	0.0	0.0	0.0	0.0	0.0	0.0	0.0	0.0
GCDF259	-0.024828589411854302	0.01196736154105078	-0.025726453644952445	-0.04753306975246887	0.008841472427751415	-0.0018678763656939494	-0.007862131284020158	0.01657575720516184	-0.022815486806008298	-0.0011630345452384313	-0.013626599489334559	0.011957372131139976	0.02096241433452227	-0.05352546469798649	0.011336552082426687	-0.02681856321169624	0.017192161300456234	0.0012082159125733447	0.005047634314009285	0.00536117100472649	-0.009220719181018808	-0.006998213590299573	-0.0010415316938814348	-0.007341468277372031	-0.0005548088353347731	-0.0003851311181711889	-0.006059691500015196	-0.002133218333092966	-0.0019381762872635992	0.0036226958237234844	0.0008792486471941968	0.0008535990829307714	-0.0005035722865712572	0.0008827688951132262	-0.0016009759082026363	-0.006798056133056682	0.004199031022746304	0.002086881353090614	-0.002485379603817615	0.002488391094323622	0.0009705780626805532	0.0005604917221359862	0.001189449901899288	-0.0005055463075746983	-0.00036287040352050786	-0.00012954043258218674	0.0013791771286861554	-0.0009810161040192922	0.00041146047606058775	-0.0016112440147569695	4.571814925781722e-05	8.06677245248981e-05	-0.003002795033117629	-0.0011231248198455323	-0.0009059138818019463	-0.0001293990761438185	-0.00015281373476906286	-3.577129982646323e-05	0.00011919485130754587	0.00018454614346882854	-0.00039924895735821066	6.572590430026656e-05	-1.847654807077843e-05	-2.654573539507688e-05	6.942698796774117e-05	-6.935309255128117e-05	-0.0	0.0	0.0	-0.0	-0.0	-0.0	0.0	0.0	-0.0	-0.0	-0.0	-0.0	0.0	0.0	-0.0	-0.0	0.0	0.0	0.0	-0.0	0.0	0.0	-0.0	-0.0	0.0	0.0	0.0	0.0	0.0	0.0	0.0	0.0	0.0	0.0	0.0	0.0	0.0	0.0	0.0	0.0	0.0	0.0	0.0	0.0	0.0	0.0	0.0	0.0	0.0	0.0	0.0	0.0	0.0	0.0	0.0	0.0	0.0	0.0
GCDF261	-0.002977370152188546	-0.01710022033386547	-0.0015215473821055129	0.01695541826854986	0.012288148008102205	0.008018485216460132	0.004258826701759478	0.003366420494374928	-0.005958245821571483	0.014935589214489455	0.007012530173688538	0.003969074149545441	0.002538015021044463	-0.008567107992318974	0.00506377441443948	0.0018017982976625028	-0.002471048678721347	0.003868710093345789	-0.005517419602162261	-0.0006298580610534807	-0.001468089406436151	0.014759990797707751	-0.00030793740997503823	-0.012914288843975436	-0.011706915222281495	-0.0016002898785850267	-0.009643707813861712	-0.005413783400935728	-0.006268817259562972	0.0010378742544037004	0.0027068915955949647	-0.00918054710582664	-0.012422822221955409	-0.00029888053924596235	0.0036968463230954286	0.019314432626843455	0.004243019270501483	-0.007586188508405108	0.0022654537922594375	-0.009579906822148316	-0.0033689109664288377	-0.002822881323586055	0.005342699371551111	-0.001785520624666627	-6.311857807737502e-05	-0.0036456574541545873	0.0005397479490034779	0.0006242653599761705	0.0027012842525356608	0.002440451912538863	0.0017258695330553495	0.0037554671876034833	-0.0009429797749989623	-0.00015175069657658632	-0.0004935156684528591	0.0013033927633242567	0.00045769373086908076	-0.00046204620059833333	-0.0003956321580968012	0.0002840137682997274	-0.00011899188169722017	-0.00041232706647868365	0.0003350952055097704	-3.040749048099628e-05	0.0001410190340968243	7.930638620714446e-05	-0.0	0.0	0.0	-0.0	-0.0	-0.0	0.0	0.0	-0.0	-0.0	-0.0	-0.0	0.0	0.0	-0.0	-0.0	0.0	0.0	0.0	-0.0	0.0	0.0	-0.0	-0.0	0.0	0.0	0.0	0.0	0.0	0.0	0.0	0.0	0.0	0.0	0.0	0.0	0.0	0.0	0.0	0.0	0.0	0.0	0.0	0.0	0.0	0.0	0.0	0.0	0.0	0.0	0.0	0.0	0.0	0.0	0.0	0.0	0.0	0.0
GCDF273	-0.015036955536444295	-0.019951857943780398	0.00778910735238091	0.021706918680902923	0.0025450819614315284	0.0035447889703041015	0.0009376610372976063	-0.00011921081090025914	0.003944656832758666	-0.0008352630558808459	0.0029058619471255243	-4.753702171851114e-05	-0.0034506675245247094	0.004479178956746688	0.0008779164876433742	0.0033179042921378443	-0.0021357139441685233	0.003236425151925496	0.004367290239616547	-0.0025027366117423154	-0.001998650145502458	-0.005846243307095686	-0.005699130187999842	-0.0024915862739917317	-5.916001844132459e-05	0.0016650089544768194	0.004200132356954849	-0.008048968172741651	0.0043797214258393365	0.006900878160812409	0.0036308356594083177	0.003720809169282285	-0.009183273717970748	0.002281691806439584	-0.004038081181904508	-0.004044673030661307	0.0036194420234446968	-0.003940081480919533	-0.006139074899273639	0.006727174737881545	-0.014356914045775507	0.007146161930281718	0.0007385066493236595	-0.0021060369645031353	0.0021669080782493943	-0.0026772511580434957	-0.001111022871403168	0.0013126501584413992	-0.0030574559730038122	0.0026829111885198877	0.0012698987673611282	0.003026205560446556	-0.00014856722110355322	-0.000340787136283506	0.0015870297651986635	0.0016849056394148553	0.0032653584024384813	0.0010056469100410692	-0.0012868485739717702	0.0003381458576524516	0.0004867533418060201	2.3550127515770505e-05	-0.000505595946849617	6.196120543775548e-06	6.775332923335956e-05	-1.5993504228690147e-05	-0.0	0.0	0.0	-0.0	-0.0	-0.0	0.0	0.0	-0.0	-0.0	-0.0	-0.0	0.0	0.0	-0.0	-0.0	0.0	0.0	0.0	-0.0	0.0	0.0	-0.0	-0.0	0.0	0.0	0.0	0.0	0.0	0.0	0.0	0.0	0.0	0.0	0.0	0.0	0.0	0.0	0.0	0.0	0.0	0.0	0.0	0.0	0.0	0.0	0.0	0.0	0.0	0.0	0.0	0.0	0.0	0.0	0.0	0.0	0.0	0.0
GCDF279	0.01761342049404372	-2.8314324510138427e-05	-0.0015974586929891044	0.008796767427934617	0.0023199395604528027	0.0013779059182734339	0.00019415829930229963	0.0008022214533804423	-0.0011706164953136078	3.850791374562242e-05	0.0007764208124204591	-0.001437711942434037	0.002775704061704398	-0.0010683783072834086	0.0012323585442613081	-0.003159520592428816	0.0025682491404466616	3.0009083842425942e-05	0.002290932503576316	0.0011069686450230142	0.002462284887722897	0.00197371409848083	0.001475499141300588	0.0028767901388412806	-0.0004509299189140528	-0.0027324331475858097	-0.0018800630740412685	-0.0002282317970127187	0.004152481913138875	0.0003082427192324497	-0.002123633865794271	0.0031852240332185867	0.00409894627750999	0.002268879839763478	-0.002155542102134148	0.002797714458185586	-0.0005469014855456099	0.000603483750710875	-0.00668423769470546	-0.0021599499684809413	0.0013321744140070745	0.0004495589585350464	-0.001999036091023539	-0.00432331485449821	-0.00027941616468001165	0.0007966245392035865	-0.004004901823407011	-0.001508829764921276	0.0014187239311141374	0.0012345521745786986	-0.0027071178889626225	0.0025923815545686652	-0.0037598923895684694	0.004877356330965508	-0.0020181334660354265	-0.0007866811664250226	0.0018869225666804938	0.00017571430983596235	-0.00029479936574559044	-0.000732795488493545	-0.0011085869381427056	0.0015254713414699235	-0.000133467513400902	0.0005667105371126585	0.0004326450333048999	-0.0003103009738119158	-0.0	0.0	0.0	-0.0	-0.0	-0.0	0.0	0.0	-0.0	-0.0	-0.0	-0.0	0.0	0.0	-0.0	-0.0	0.0	0.0	0.0	-0.0	0.0	0.0	-0.0	-0.0	0.0	0.0	0.0	0.0	0.0	0.0	0.0	0.0	0.0	0.0	0.0	0.0	0.0	0.0	0.0	0.0	0.0	0.0	0.0	0.0	0.0	0.0	0.0	0.0	0.0	0.0	0.0	0.0	0.0	0.0	0.0	0.0	0.0	0.0
GCDF281	-0.03624069877392225	-0.02293194354361796	0.009915638947857465	0.0007694374636879529	-0.0006503162683080001	0.0006889217885543631	0.0004731571899514607	-0.0019538443048897902	-0.002146090510925021	-0.004745935375153647	0.00019311376675959713	0.001458198484342097	0.0013720729463629236	0.002757152792879195	0.005007763889428431	-0.0041267392732119565	-0.002269805367429375	-0.005279481940349877	-0.009197154536636122	0.0006774647060479693	0.004072653528455198	-0.006693844179221005	0.004147609848475484	0.0031082337084804078	-0.0029633399556057323	0.011194158380619303	0.0012069388155485086	0.011986309224912816	-0.005565723015679607	0.010461952367156038	0.012303681555172967	0.005450996824030991	0.0024696843655622656	0.001779949673984711	-0.005118904473047632	0.005253909744163138	-0.0024096754179337553	0.005073193727948102	0.0016502137180412206	-0.00414863341626497	-0.010981286062110147	-0.005577244798740834	0.001525018630789941	-0.005126904478271928	0.0002887782213386574	0.0035653868365896303	-1.4066568382351163e-05	-0.001506734143495945	-0.00258685819168024	-5.445942627616735e-05	0.004143923492500858	-0.003286443387812282	-0.001134887672755871	-0.004166925456907096	0.0001828747477900313	-0.0008891518543024124	-0.0008236681001537261	0.00036373394108403636	0.0010740481713446873	-0.00034567337538335055	6.37703068457031e-06	0.00012729404998931642	0.00014952786040925745	-0.00011170658440355264	-5.33119473267173e-06	-7.54450882951996e-05	-0.0	0.0	0.0	-0.0	-0.0	-0.0	0.0	0.0	-0.0	-0.0	-0.0	-0.0	0.0	0.0	-0.0	-0.0	0.0	0.0	0.0	-0.0	0.0	0.0	-0.0	-0.0	0.0	0.0	0.0	0.0	0.0	0.0	0.0	0.0	0.0	0.0	0.0	0.0	0.0	0.0	0.0	0.0	0.0	0.0	0.0	0.0	0.0	0.0	0.0	0.0	0.0	0.0	0.0	0.0	0.0	0.0	0.0	0.0	0.0	0.0
GCDF284	0.002936887567287431	0.007655796867852527	-0.0049226050129440955	-0.025878143034160337	-0.003606416655185647	-0.0023867447466540785	0.0009397867120366887	-8.280638720091141e-05	-0.000450254381452727	-0.0023299540314356644	-0.001199144631904711	-0.0005517759659737258	0.0003023836103847014	-0.0006717437791233779	-0.0002634359122882156	-7.032724102635723e-05	0.001772128765232426	-5.795344667917711e-05	0.002369849028342849	0.0021617692309859977	-0.002724626898103474	0.002995767709652457	-0.0023301825096468595	0.002211456962481072	0.0010520525847143736	0.0019090840960588919	-0.001560562864208022	-0.0002332710804322404	0.0013571306780235362	-0.0016896759595067235	-0.006399739113218313	-0.0024793165869493876	0.0018472759667984356	-0.002738448625449703	0.004507577068822872	-3.0676035247423356e-06	-0.0025817989847356053	-0.005520248907240494	0.0025357725208041268	-0.0011035675057968943	-1.5369968259750232e-05	0.0028218143895943097	0.0005423868632436255	0.0010644476412069279	-0.0046138973307474395	0.000852337725384031	-0.0024391241406905217	0.0037750209325433195	0.0038653453721321095	-0.0033910154760028654	-0.002393307630765854	0.0023798682243049455	-0.0002259335594510072	0.00242118081158037	-0.0007542744018218555	-0.0021763377616696136	-0.002634759142668031	0.00022039709315954328	0.0008645060116774575	0.00444565047215702	0.0007578994462020897	7.358000552392536e-05	-0.0014345783764199496	-3.619038566650934e-05	0.00014665821438535076	-0.00015472918671772726	-0.0	0.0	0.0	-0.0	-0.0	-0.0	0.0	0.0	-0.0	-0.0	-0.0	-0.0	0.0	0.0	-0.0	-0.0	0.0	0.0	0.0	-0.0	0.0	0.0	-0.0	-0.0	0.0	0.0	0.0	0.0	0.0	0.0	0.0	0.0	0.0	0.0	0.0	0.0	0.0	0.0	0.0	0.0	0.0	0.0	0.0	0.0	0.0	0.0	0.0	0.0	0.0	0.0	0.0	0.0	0.0	0.0	0.0	0.0	0.0	0.0
GCDF287	0.022757441961985717	0.003243048265482461	-0.0028416351407751467	0.006362026267328365	0.0019216416239570071	0.0014356834936821094	0.00041775897850769724	-0.0002172543884800575	-0.000923750028960927	0.00025601164808827564	0.0016265029268215541	0.0003076805804778403	0.0006229307141877192	0.0007562571651651503	-0.00028223137050821615	-0.0003585792596279127	-0.0016881724763348847	-0.0012862232936215892	-0.001443796888186732	0.00015280355012654883	-0.00026509225821452954	0.0011367770515115126	0.0006110214868210388	-0.0005588763470954037	-0.00026895907445081594	-0.001432950294446442	-0.0008753641333635625	0.001634218027655988	-0.0012095738293646835	-0.00040109947864166025	0.0002176671666933505	-0.0012196639440222462	0.00038395066009546893	0.00028936515259039635	0.0012561432871984266	0.0007904686353172645	-0.0016304639638762032	-0.003226134748142911	-0.0018986239911233341	-0.0013231730565458593	-0.0006392459221096215	0.0007521874354803529	0.0008092643012895494	-0.0004176105375678778	-0.00021430237883877918	0.0010222872326271378	0.001957401408985467	-0.0010232711456634308	-0.0014287869465560428	0.0005627280168502928	1.4125732384880807e-05	-0.0033568270508447053	-0.002798278256146828	-0.002012790953719505	-4.002504736370277e-05	-0.0007901473269913058	0.0004819543127401313	-0.0014231686202504199	-0.0015338074638774463	0.003032473313458627	0.0026468116301396932	-0.0004704432074224696	0.0004655143502015968	0.00027996148883827326	-0.0006196441652496509	-0.00032531406012872453	-0.0	0.0	0.0	-0.0	-0.0	-0.0	0.0	0.0	-0.0	-0.0	-0.0	-0.0	0.0	0.0	-0.0	-0.0	0.0	0.0	0.0	-0.0	0.0	0.0	-0.0	-0.0	0.0	0.0	0.0	0.0	0.0	0.0	0.0	0.0	0.0	0.0	0.0	0.0	0.0	0.0	0.0	0.0	0.0	0.0	0.0	0.0	0.0	0.0	0.0	0.0	0.0	0.0	0.0	0.0	0.0	0.0	0.0	0.0	0.0	0.0
GCDF288	0.08379147768023387	0.002184795066588808	-0.09898074471210445	-0.020650000944258177	0.15435222868189558	0.08026501980401497	0.032703781037951005	-0.04029619688484051	-0.005296540812819949	-0.012088632581480466	0.005501409118306989	-0.009666230223037362	-0.00040564591027911873	0.0026807630351186017	-0.0031761668463675765	0.0012847559183978945	0.00040667748092830953	-0.0013336701012043018	-0.0012308791721857629	0.000490407141827158	-0.0009258234215036542	0.001149922616267478	0.0007868562815749453	-0.0002621970402291506	-0.00145482289182117	0.0018492489653581577	0.0008649973129128373	-0.001723861337492094	0.00032483655994201827	-0.0017010949262623825	-0.0005149075422940311	0.0002362921235979457	0.0002531024726331148	-0.0003412915264267145	1.954667502592742e-05	-0.0009408527074831312	-0.0001285203739763694	-0.00026865282723065645	-0.00037967284491395684	0.000916821644204178	0.00018356490337014536	-0.00013775971277849635	0.0002715229498871477	-0.00018938936238081913	-4.390253095225101e-05	5.418013230287757e-05	0.0003242115253662059	-0.00043832044486556286	-0.00015910908716154735	-4.2205639054055896e-05	-0.00019511860556982227	-4.107444610776906e-06	-6.035606690394332e-05	-0.00018795357198002146	-0.00026435320182483597	-0.00031288680552741226	0.00012617935233178143	0.00010680711102127783	0.00011186696368106645	1.4267683168666898e-05	-4.862798989653882e-06	2.4828139631445878e-05	-1.8745374105170474e-05	-4.575043218584755e-06	-7.482568646778302e-06	-9.329131800479154e-06	-0.0	0.0	0.0	-0.0	-0.0	-0.0	0.0	0.0	-0.0	-0.0	-0.0	-0.0	0.0	0.0	-0.0	-0.0	0.0	0.0	0.0	-0.0	0.0	0.0	-0.0	-0.0	0.0	0.0	0.0	0.0	0.0	0.0	0.0	0.0	0.0	0.0	0.0	0.0	0.0	0.0	0.0	0.0	0.0	0.0	0.0	0.0	0.0	0.0	0.0	0.0	0.0	0.0	0.0	0.0	0.0	0.0	0.0	0.0	0.0	0.0

Biplot	0	0

Site constraints	0	0
