	GA11	GA13	GA17	GA18	GA19	GA20	GA24	GA27	GA28	GA29	GA33	GA35	GA37	GA39	GA40	GA41	GA44	GA45	GA5	GA58	GA59	GA60	GA63	GA65	GA67	GA7	GA71	GA72	GA76	GA77	GA79	GA82	GA83	GA85	GA86	GA87	GA92	GA96	GB101	GB102	GB116	GB118	GB119	GB127	GB128	GB130	GB144	GB147	GB149	GB151	GB155	GB157	GB164	GB165	GB169	GB175	GB178	GB189	GB98	GCDF194	GCDF197	GCDF202	GCDF209	GCDF213	GCDF215	GCDF217	GCDF218	GCDF220	GCDF222	GCDF224	GCDF225	GCDF226	GCDF227	GCDF228	GCDF229	GCDF230	GCDF231	GCDF232	GCDF235	GCDF236	GCDF237	GCDF238	GCDF239	GCDF240	GCDF241	GCDF243	GCDF244	GCDF245	GCDF246	GCDF247	GCDF248	GCDF249	GCDF251	GCDF252	GCDF254	GCDF255	GCDF256	GCDF257	GCDF259	GCDF260	GCDF261	GCDF262	GCDF263	GCDF265	GCDF266	GCDF267	GCDF269	GCDF271	GCDF272	GCDF273	GCDF274	GCDF275	GCDF277	GCDF278	GCDF279	GCDF280	GCDF281	GCDF282	GCDF284	GCDF285	GCDF286
GA11	0	0.141885815922058	0.265453336816846	0.175710377838425	0.217666504857591	0.17897216996385	0.103071929077448	0.125010297519653	0.39253365933293	0.20881446857344	0.343896957659962	0.151507887311957	0.125913344039354	0.127857173059674	0.206675847672453	0.176240449780692	0.123119114146704	0.203264186328108	0.116405983583049	0.103071930824107	0.392654737137785	0.108889128707657	0.187215480652421	0.182268147968283	0.204768314054518	0.148179393685	0.167384733897493	0.649875206778748	0.132797115171949	0.17269049130493	0.200691444874562	0.147465433511469	0.204444055078608	0.152208790399435	0.315722782428216	0.187331387641454	0.192238787734749	0.187804502458547	0.215141361861518	0.13595934834971	0.1046196878711	0.207445266120362	0.153129052333157	0.135546893319976	0.18561808087609	0.103071930824107	0.141138961134159	0.130759328651353	0.113603946683435	0.14931275153702	0.137255305052744	0.164467206149541	0.185532616206793	0.183733305395252	0.105717263292672	0.103071930824107	0.24651988648405	0.115164060424275	0.128222799015263	0.317438531554107	0.36464237609897	0.195766268881282	0.139326965473969	0.11652937795346	0.256893477731883	0.152608086721915	0.171923473590251	0.357522951909388	0.174697691320696	0.131048783410642	0.121101301279818	0.178457549349828	0.196945959937317	0.141096974638947	0.190109350900833	0.113031805282417	0.144027374088019	0.165903098227437	0.125338893177352	0.130977023022471	0.125635403136266	0.144283362928258	0.465700788931413	0.157812891970153	0.17265514720871	0.136729713524645	0.116160632248681	0.123282507908019	0.165538452189378	0.131298082025755	0.148522311798633	0.229814173634907	0.19418309184939	0.442723546666328	0.135370484369835	0.135827524531068	0.135829994497884	0.170446963284654	0.178276029594167	0.119467932515688	0.145136368734336	0.141946046475584	0.204703505480229	0.126820423490937	0.130177012475948	0.133309204084328	0.135258909216666	0.1279527014874	0.120252846057561	0.142657562150166	0.123782228500869	0.19427508196258	0.133741586333851	0.12540130659694	0.117048679344145	0.148987678905027	0.155251495681252	0.139173800804187	0.12803241187669	0.211551905066114	0.115368144276813
GA13	0.141885815922058	0	0.254468866670975	0.166303709525653	0.170354503705496	0.165859653191133	0.0493351465862508	0.0965352806855332	0.408832997234181	0.187186081602116	0.358713237926213	0.117246129634705	0.0820743850799221	0.0790476426670347	0.168716451134345	0.134236771669803	0.0701746619071322	0.187843853400813	0.0642067646099762	0.0493351422588934	0.366536056152498	0.0574022833859981	0.145705372527844	0.13327616769256	0.173718224119658	0.108004389688222	0.12724032486328	0.659806355081423	0.0879268062987713	0.133906004705814	0.15577729734959	0.138915073408773	0.169415699863675	0.119572010117047	0.291061204190206	0.138448768191867	0.16323948053248	0.141436065857609	0.19212752708582	0.0875042902700829	0.050990719780928	0.169492131005032	0.113781649882745	0.0840763241767582	0.136979173530232	0.0493351422588934	0.119723936580498	0.0835956623307382	0.0607534386593886	0.122127415668784	0.0897686141119762	0.160153287472297	0.201938405934006	0.140098488541565	0.0589745320530251	0.0493351422588934	0.203090597809565	0.0622002430297811	0.0796613656925132	0.323818795608752	0.371303126818002	0.147948557906079	0.0853618577197947	0.0683551135877467	0.2463561916404	0.121269334220525	0.111448464783454	0.344711795675032	0.126000624695661	0.0955410598203389	0.083491504907307	0.129237266577253	0.173129733482545	0.119183808301735	0.15364947574533	0.0599256491457874	0.0940735481416035	0.119708615308157	0.0832537042748446	0.0813634222316923	0.0765473368681139	0.0930986144589354	0.481649520872819	0.116014959008405	0.180269077984673	0.100266616227049	0.0630660576162615	0.0799837903580581	0.112082678598888	0.0774427577665057	0.136695193352573	0.23613334097194	0.213319280344729	0.454909005550423	0.0842321196364032	0.0819827733994132	0.0860258830015105	0.118293471446242	0.138219175803842	0.0684320559405317	0.0975832528801578	0.103877934015761	0.176668432494155	0.0771251867026693	0.0808263180608099	0.0827132783303357	0.11086068957141	0.0794052379488042	0.0714309380925966	0.0908434344925965	0.0756313937970183	0.144366924039493	0.0858346469926112	0.074929702650718	0.0637230988065101	0.0989949604628062	0.10366515491647	0.0923192096177978	0.0728669528934089	0.183991959205631	0.0646871575953984
GA17	0.265453336816846	0.254468866670975	0	0.230948513505435	0.299104065229796	0.205890922854194	0.22204829060068	0.252341238311445	0.461254006082361	0.182516051362259	0.314801610103159	0.257779496863033	0.22111758476857	0.247157231199019	0.186501089163651	0.285342623037521	0.241081569983502	0.270005963817991	0.234081097323485	0.22204829060068	0.452731812843169	0.225134895982766	0.289293816745883	0.158326950375781	0.155767596467878	0.258332125466279	0.271786528253796	0.692703017080673	0.220424653379002	0.230051812951011	0.252612508174897	0.268245125283497	0.182322742699674	0.227567773199443	0.286891290504071	0.163804324663649	0.294929911391904	0.267774240988674	0.213849759199704	0.196650359535007	0.223590261180593	0.17587677052602	0.23545259395332	0.252944644502919	0.161860969406788	0.22204829060068	0.267965023791549	0.251595229361997	0.231848664356	0.220009171639127	0.242495684837452	0.30615724728565	0.260291498417806	0.164707403733499	0.229133694536156	0.22204829060068	0.250108672230683	0.212667603534882	0.247036409423207	0.408779115989955	0.449622983282263	0.178613779069197	0.254199670947561	0.236890935009778	0.365672779429441	0.234881208024242	0.283721574779713	0.439985410432623	0.279092246986399	0.254618022252213	0.235262792670366	0.293766624548218	0.315073930404403	0.270528420128606	0.297791851289345	0.231163032879733	0.256750614354105	0.274272015449977	0.248357804435672	0.246256660707671	0.24383319214438	0.26132060873388	0.54712522391117	0.259642347317151	0.301051953826288	0.259949421566544	0.234459570938289	0.245144376550058	0.278771179718803	0.243817008053414	0.27827958702439	0.359525646374683	0.306696460102544	0.534721418462618	0.252385400085136	0.251410107645724	0.244499844207306	0.284314753130229	0.295035469787891	0.23144196681302	0.262735951654237	0.248882770387813	0.319041487996024	0.237700256283837	0.238104524561251	0.249626106610804	0.259813608244212	0.243690087111911	0.238870813163242	0.259835162623362	0.240953014128738	0.292971811135008	0.247048959437043	0.242203054629793	0.2350676522562	0.263037901559863	0.270309174602682	0.244390088199365	0.244269425820823	0.285438313177138	0.222722428766164
GA18	0.175710377838425	0.166303709525653	0.230948513505435	0	0.216392161475137	0.137514251086748	0.131184087887482	0.172079887720897	0.388502592540751	0.230765387566403	0.324788430874998	0.167726965696372	0.140813912133301	0.155899805505995	0.219314676944656	0.197253639499346	0.150568840592498	0.175086346238551	0.144097554356311	0.131184087454746	0.406532231003347	0.137971508655358	0.21275262880807	0.19502971103095	0.17575354317222	0.177058454301923	0.187130606460451	0.659169905113451	0.163354239040854	0.179076207632368	0.214752551695012	0.196672606432453	0.214248056589353	0.116531218590234	0.326370664618232	0.200247436235047	0.227714673437253	0.197087985529292	0.24583622617553	0.148107408047324	0.132682594282534	0.202006835377578	0.157426347184663	0.1634855988633	0.198524346932618	0.131184087454746	0.191076406400011	0.162486144548489	0.14171796527249	0.182665459153177	0.146277573636987	0.225864676438799	0.141694462209037	0.200845142732365	0.13929560321449	0.131184087454746	0.258667060785522	0.140726051895381	0.152255198589028	0.347254205081198	0.391812705632412	0.208719081875652	0.165879041709081	0.147397662701104	0.291405826129697	0.193691722361954	0.197022050308684	0.381632843101868	0.194622581344888	0.17011373661308	0.151135311819462	0.204836111026581	0.236904325471683	0.190056893334846	0.216537819065229	0.140705083101762	0.171501085133941	0.181241570501541	0.160135113671798	0.158057992393621	0.155477055132088	0.171395873359282	0.497462632379147	0.166075591336597	0.214373491064768	0.167763596739281	0.143885049225781	0.157398617685293	0.190976566889069	0.152642010090252	0.196160082338434	0.29144676880102	0.222735215157195	0.487136579824216	0.163019032669113	0.163210614311575	0.138732675002004	0.19709709324319	0.211796890981872	0.140052246437831	0.174184240899378	0.15964325433691	0.239778946520704	0.147224589608459	0.145242741942933	0.160969519395043	0.183623394477322	0.156655067446256	0.149813694719489	0.169731194219279	0.153424597815658	0.208572608964386	0.158016574427937	0.15316534507079	0.144481042804516	0.174606765770927	0.181926311313579	0.153035925324969	0.155090477129426	0.172738983803852	0.128716437785764
GA19	0.217666504857591	0.170354503705496	0.299104065229796	0.216392161475137	0	0.224133836745162	0.161686128658611	0.18957196799756	0.419677624196717	0.270780160722106	0.358735816873083	0.205688109677849	0.177327323709662	0.183489457755867	0.255915964718419	0.214810968555435	0.178943695726268	0.242740230277331	0.174041916192933	0.1616861280242	0.38351957168844	0.167079260121241	0.236092032883504	0.235766159389356	0.249909231834339	0.204554300924594	0.212458676517461	0.647954828209347	0.191039462940711	0.226424961454338	0.250177223668104	0.227788454335597	0.265736474458015	0.191144003076573	0.319513321750694	0.240778376357724	0.237414720759849	0.206754193923464	0.264602903239053	0.19495486735244	0.163300525246546	0.254198061697411	0.208818860728331	0.192259089739034	0.238872060947346	0.1616861280242	0.215336694861903	0.189772895932423	0.171466136332413	0.22336202548497	0.193693804225386	0.250234899233387	0.221744088361962	0.241075460432154	0.169267089727024	0.1616861280242	0.294460867747965	0.173251172998036	0.185847575497841	0.371668262614144	0.374186342111742	0.248222454629763	0.194926222447645	0.17709953608838	0.243190705183555	0.214690427643934	0.212270182246963	0.371109543725698	0.209516152607823	0.198824968170186	0.185814389037062	0.231009266668498	0.246121064994973	0.212357351330645	0.237728534247538	0.16964782044442	0.197618911325028	0.218148298561573	0.184845263589964	0.188000251774234	0.182759903202003	0.199395749699136	0.485316335703387	0.215900216684347	0.259419935896541	0.199749276634644	0.174208696988044	0.175770799808129	0.217480232525203	0.178364463018799	0.22381182771289	0.304901016292849	0.259586926022864	0.490004951905723	0.190691538926477	0.192160925442221	0.185621579845596	0.222616709279593	0.232112911877909	0.177867854371516	0.199081757284626	0.19590044183412	0.253468917137144	0.184191392170209	0.185664288455037	0.188894745639779	0.208734935643434	0.184557511678172	0.173315514913864	0.19734772447158	0.182015581940762	0.212414617283326	0.19222152479595	0.183061846108599	0.174374290694944	0.202616807807124	0.210357372319759	0.18380440408458	0.184392218750836	0.235791793657523	0.173535706193158
GA20	0.17897216996385	0.165859653191133	0.205890922854194	0.137514251086748	0.224133836745162	0	0.127493707660699	0.167240385671682	0.394479288296266	0.195499763231386	0.322105934824606	0.1689874719866	0.148313006348532	0.151832127294531	0.172999637144985	0.192537417625914	0.147324334039833	0.197235499593345	0.140848949184698	0.12749370480088	0.409526743973144	0.134425065461358	0.212068496394263	0.143163779091955	0.136810537220703	0.178013997895624	0.195588788205777	0.662038854276291	0.160666312740156	0.182783004489135	0.199584636376286	0.206710043222164	0.178690897921721	0.144652317042905	0.262153756061588	0.148582658006085	0.221744246178805	0.197704146155203	0.19369696253779	0.130845834058945	0.129003616887135	0.16120638577926	0.17141687454223	0.160680445579041	0.146561756805338	0.12749370480088	0.189542025779233	0.159366083660662	0.138328672857071	0.16122163009049	0.163072760301557	0.225694233024813	0.166253499912493	0.149633829801748	0.135926815615308	0.12749370480088	0.221398124189088	0.126305368503161	0.152779893883777	0.365445087804939	0.410073861329242	0.15925184035241	0.162627129580336	0.144789539870213	0.295793933097762	0.190616057640073	0.195380323735828	0.388640082996301	0.18485846703477	0.166322024510891	0.145146387149439	0.203686094871073	0.238234508189965	0.186879846888284	0.196464991949574	0.137498399619051	0.169420217436672	0.189037056461052	0.152132106239371	0.157204734227347	0.151795702723015	0.168963534917419	0.505728810724586	0.186249506800915	0.240376021336726	0.169877027208456	0.14061651741051	0.15090145959961	0.189465012815264	0.151001557519641	0.203327746892517	0.290935263338715	0.235081588905869	0.492575939255531	0.160546985332562	0.160519703771129	0.148190117798595	0.195495665261541	0.210126926539221	0.145158292085986	0.170816667020471	0.158908705057746	0.233157898026584	0.152871333382497	0.155137157914313	0.158564964356371	0.181834021460905	0.152530273686003	0.14548868639865	0.16742490795488	0.150459201761869	0.212358980561898	0.161058780003452	0.150067634588917	0.14159533608178	0.172211956872483	0.179777986558173	0.153355770659718	0.152357168947205	0.208287871141702	0.14130211722181
GA24	0.103071929077448	0.0493351465862508	0.22204829060068	0.131184087887482	0.161686128658611	0.127493707660699	0	0.0523026680622214	0.396066893381302	0.147147766192152	0.337633735001689	0.0750673439899328	0.0363859223684949	0.0330176108847365	0.127663188058921	0.0944966225307394	0.0220733934216224	0.154492099176754	0.0155264423022886	3.33905728431597e-09	0.350688345805563	0.00892280183551606	0.105428901931439	0.0882971818850498	0.131816354589631	0.0643408717771019	0.0857306770038498	0.659487966335181	0.0415964163786961	0.091925791353463	0.11236417715167	0.0971210915361212	0.127894305370071	0.0767104957836813	0.268435816045361	0.0939938609648232	0.12412739983487	0.107781754228199	0.152944929446235	0.0402127782052214	0.00169795642233152	0.130408175063856	0.0703458770582772	0.0365059943284199	0.092094967913146	3.33905728431597e-09	0.077300359274715	0.036356798095978	0.0118856749219769	0.0783693222799385	0.0443846555038786	0.121335326690963	0.170605399843418	0.0957234644077041	0.0106105974339174	3.33905728431597e-09	0.163230023092844	0.0133783636404331	0.0322412962321157	0.298190694942017	0.371775015887588	0.104552339348528	0.0432003919562005	0.0198255314863491	0.22955174510438	0.0800977389620063	0.0803868515867965	0.329027398141346	0.0914584174497391	0.0501859555104182	0.0363302040329931	0.0840486806600985	0.140111754254193	0.0753356763018095	0.113171171666794	0.0110366983050814	0.0473586354896891	0.0768990734521794	0.0380258798563508	0.0344976853380573	0.029471982559306	0.0460530975041628	0.47575096093645	0.0728386061985991	0.143882611333722	0.0542913432505847	0.0144326045468883	0.0340072837971946	0.0708665021817492	0.0343657020085664	0.0955694905298776	0.204195745289326	0.180069137624129	0.443202359808816	0.0371848627946192	0.0386637196499534	0.0411031386245829	0.0778041339357092	0.100331896257521	0.0207671119924418	0.0518119840596319	0.0602696808178695	0.136136631772284	0.0294020773973758	0.0343133657700026	0.0353235938377358	0.0666762677485305	0.032854287564448	0.023268232737157	0.0441467833536707	0.0288768161547209	0.115455843281525	0.0387719744057992	0.0272007570448942	0.0152815810885254	0.0525480760059118	0.0595458081929499	0.0464644032778072	0.0297332066057309	0.152951938458549	0.0171271548012921
GA27	0.125010297519653	0.0965352806855332	0.252341238311445	0.172079887720897	0.18957196799756	0.167240385671682	0.0523026680622214	0	0.396066891274067	0.171961314073115	0.338477596339553	0.117722167134887	0.0807536274872043	0.0816921096652596	0.15690864712903	0.13109981774757	0.0729609481576416	0.189669418440323	0.0668648779204096	0.0523026661778038	0.357371424936285	0.0587868160671658	0.145589312444432	0.135981668802825	0.176109172479071	0.103043497398947	0.130696694470114	0.655677148188003	0.0877669463780793	0.128591096781269	0.155989767000493	0.11790472607721	0.169593191131799	0.122255314894096	0.273267592294048	0.141121531375731	0.141588096892593	0.1503814279638	0.159475096698963	0.0902459010425391	0.0539857999732097	0.174027339677618	0.110571366273845	0.0870368010881874	0.139356262078791	0.0523026661778038	0.114633262270328	0.0863948845953652	0.0637568964086699	0.114654234582276	0.0924120647362386	0.139095637721546	0.175979897304617	0.142739052950132	0.0618653174941287	0.0523026661778038	0.205775025893341	0.0649390893452095	0.082629671418173	0.298181661000155	0.361509103064585	0.151019445648699	0.0904598106075116	0.0692080130066836	0.227962923734778	0.114142598904142	0.127915266750738	0.343431146758975	0.132171125800321	0.0950678112455691	0.0846959042805012	0.131955377531774	0.163637708119973	0.0987835727218125	0.141566404527185	0.0625501605823185	0.0951048499067323	0.121662710445246	0.0745337609615591	0.0845491400722301	0.0746131218367755	0.0956082648475363	0.46779250857806	0.118126395337208	0.158705647357486	0.0995665164664388	0.0662013287797119	0.0697880750804236	0.118508012946507	0.0840514370927004	0.123719745230946	0.211110604306062	0.176945453359172	0.446263882547918	0.0869893097892554	0.0882773877243803	0.0881166944675373	0.124835271350663	0.132242279334201	0.0713764760041177	0.0890961171814589	0.0997525543571836	0.168851584760529	0.0796478752498374	0.0835516237550312	0.0853092715595708	0.098360323149598	0.0754563181915067	0.0647659996016459	0.0943788647501156	0.0787303499651678	0.155797864639699	0.088559368963946	0.0775687600664719	0.0669702422814538	0.101125197052354	0.10842215175731	0.0956773851066828	0.0793840667101169	0.188971382556389	0.0678785962024421
GA28	0.39253365933293	0.408832997234181	0.461254006082361	0.388502592540751	0.419677624196717	0.394479288296266	0.396066893381302	0.396066891274067	0	0.451203705686511	0.46328078857576	0.408343032453999	0.399465289681849	0.407433663805326	0.450614269333656	0.421662800089277	0.409422564837668	0.413438032221312	0.401167324697128	0.396066892478201	0.512382749656234	0.39860790982993	0.435732693684222	0.449392477370272	0.441523125677398	0.413707599495396	0.422701452416603	0.607481735523301	0.411188225553493	0.418854489320456	0.454456282384468	0.390974892359791	0.455303293888015	0.392353037391046	0.460116361126755	0.4528048041493	0.376224367004452	0.425269836277673	0.446564482016997	0.419852184526848	0.396961637970173	0.449748452263649	0.419227448978809	0.418229265345467	0.451919759764816	0.396066892478201	0.41276683259492	0.41603805997757	0.403304693825317	0.415841571459867	0.409339997503493	0.408205666325309	0.368238946554637	0.452136249855311	0.40000453064538	0.396066892478201	0.486173382311156	0.404588753075311	0.412933821328963	0.467141860663289	0.445416881580545	0.454883371037666	0.410286194898865	0.399582083929669	0.419634328948127	0.415303997620188	0.433208761341644	0.489806023209986	0.411634734182647	0.405986425400984	0.403574153028353	0.446826671109055	0.421186075668142	0.398786878947056	0.417860508115605	0.402553665969107	0.421736007838538	0.426146678400762	0.398493399523725	0.411178006969317	0.40072682198852	0.423763016709174	0.502476480874148	0.407625892999196	0.408049192693498	0.414376482819066	0.404760216372182	0.396436020731926	0.434881959599678	0.401090781646545	0.407078873177971	0.427143511748073	0.384564388580997	0.515341853252565	0.417016674623345	0.41486972585471	0.398840412949071	0.437848703277231	0.422680620593254	0.403593603258181	0.414392235002132	0.407189964043974	0.43554935039896	0.410239524612523	0.406381088224324	0.414995577750784	0.400597552307928	0.404763675849847	0.400667150363778	0.422512191564146	0.407023599503016	0.41782436391922	0.415020823328182	0.404076121521719	0.405234393597853	0.422884200106968	0.429154375285813	0.409562292424115	0.409883764958141	0.406358243389563	0.398872064821648
GA29	0.20881446857344	0.187186081602116	0.182516051362259	0.230765387566403	0.270780160722106	0.195499763231386	0.147147766192152	0.171961314073115	0.451203705686511	0	0.280871707381624	0.202102351143505	0.159281768130534	0.176323339568846	0.107765229099026	0.224703849791878	0.167610809658513	0.262940048870414	0.160598068752072	0.147147766192152	0.418317496475547	0.150134561715102	0.225174701123527	0.0700363609939813	0.115001047952007	0.190833983246726	0.211566277751417	0.673041395466737	0.176024879545274	0.159869358733748	0.181156698200438	0.168644975231151	0.0959104083177417	0.196490625088865	0.235601768913594	0.0759661647519379	0.231656225793289	0.206261084066949	0.137597078551548	0.11671380412699	0.148816080481717	0.113893767310814	0.160786672147235	0.181342521249646	0.073830795051022	0.147147766192152	0.191572634935981	0.179943932577817	0.158178722316569	0.126476787406989	0.172432379213848	0.198331669725553	0.285121280737598	0.0777315580841116	0.155648454647474	0.147147766192152	0.17544476413215	0.135806907288203	0.175484808933253	0.352404671184944	0.392954129161257	0.0925466792300494	0.183447368744046	0.160196375741501	0.309728474102237	0.205287877733659	0.218345331724244	0.399844461167702	0.218055223952038	0.172027476809242	0.174038170865088	0.225771085330934	0.250058360247299	0.188246914157362	0.236367825155306	0.157540928835821	0.184919443922211	0.208996019956439	0.177600077155865	0.176064065008452	0.172414342035549	0.190042776742367	0.51600285491558	0.196698805298468	0.220449189269784	0.187817786679123	0.16102514762168	0.174451957974169	0.210963224822825	0.176381265725752	0.201393059407822	0.280953453195215	0.259983232226035	0.485644532273514	0.180735839737786	0.181047761229554	0.177351930451514	0.216596490731745	0.225531004068225	0.16159883126466	0.19274641016517	0.194429884655307	0.246240532759464	0.168483543501358	0.166434675981902	0.177812972228334	0.174382018019455	0.170464282987094	0.166446606468673	0.188343933736435	0.170341718151714	0.240227558320821	0.177188695831732	0.170642302117564	0.161736678444978	0.193874227579194	0.200992136140062	0.187199821526354	0.172726464692992	0.259686226269814	0.150219588117166
GA33	0.343896957659962	0.358713237926213	0.314801610103159	0.324788430874998	0.358735816873083	0.322105934824606	0.337633735001689	0.338477596339553	0.46328078857576	0.280871707381624	0	0.355826591451963	0.330331496367551	0.353690911874627	0.292011835584135	0.372444655407559	0.353471139615232	0.363089290080648	0.347639561602564	0.337633735001689	0.488600341057537	0.336502546162316	0.381424946465878	0.291562632704624	0.29135852081306	0.350987737226968	0.36548903689842	0.662529209045449	0.350641061711793	0.321570178700818	0.361163604139078	0.317611413170593	0.288470422453953	0.325042767055107	0.340667659586126	0.29636729388225	0.365370334398867	0.352836881698382	0.280026149305731	0.319238787573395	0.338685367745582	0.299994705376601	0.332203085825901	0.364224165979058	0.295091750344845	0.337633735001689	0.348663228780332	0.362346927023897	0.34650323366878	0.30629428205165	0.343661713178712	0.347617466642399	0.314493846637432	0.296125634526364	0.342819449877498	0.337633735001689	0.365378938540064	0.330303474508151	0.357485039968683	0.387630247708523	0.386543738420563	0.307835047443708	0.359533218723355	0.344335196445687	0.358878235624294	0.356803123547573	0.383193631816392	0.4513514969084	0.369861020132749	0.335268188907643	0.346222326611028	0.398696404364374	0.374544463825948	0.326881302276043	0.378429844072371	0.345724917120404	0.365269129173924	0.376180383894179	0.344416077690895	0.354241308840838	0.346523150350108	0.370918960432814	0.517646697735546	0.355201580608734	0.327331801029769	0.353167039276373	0.348129391369193	0.332646144008396	0.384136527325168	0.350769733088185	0.348575813300682	0.360059023053959	0.311973990063475	0.527159009015921	0.363625674687251	0.361282683984198	0.34422121957095	0.389276075694296	0.372661498158869	0.343733135046381	0.357455751661098	0.353061767840626	0.396186703985388	0.349005274700396	0.341898719168673	0.358547085613915	0.333976353960808	0.341725246171759	0.340446736625951	0.369511793207641	0.334553082784017	0.373611360938862	0.3571322736415	0.353821059369078	0.348498787994337	0.370587059644738	0.377899880511592	0.354038505241124	0.354742599406628	0.364132546716266	0.331817965916913
GA35	0.151507887311957	0.117246129634705	0.257779496863033	0.167726965696372	0.205688109677849	0.1689874719866	0.0750673439899328	0.117722167134887	0.408343032453999	0.202102351143505	0.355826591451963	0	0.0986775260305766	0.0959870423369034	0.19065153568682	0.15347135923991	0.0896198463560355	0.197301487805265	0.0864432953448609	0.075067341290038	0.384132419270698	0.0822554759003899	0.166911227647403	0.158075862460666	0.184591711846867	0.126052459636045	0.139868553774902	0.661569378592751	0.098280251503574	0.148119966678246	0.166092840267929	0.149825895957724	0.187923283664265	0.125072213661189	0.311808484220746	0.1601640042482	0.181155907159502	0.150179419779416	0.214723333565876	0.111432506298326	0.0766001075619098	0.191096700426906	0.118449184441506	0.0978641658927305	0.160127281766347	0.075067341290038	0.139056783470542	0.0852389327400938	0.0846969309554558	0.142672430404057	0.109833226304012	0.176069450480017	0.188698238044074	0.150529623708942	0.0651827041727651	0.075067341290038	0.205882665014478	0.0876543954052407	0.0967099571863961	0.32890974459323	0.389056630357347	0.169785270937765	0.104248558312203	0.0850750507617539	0.270267005483008	0.141784480142623	0.134666367951367	0.36206356819832	0.148171633322055	0.113935565020927	0.0964536338108545	0.124758039403594	0.182587339345253	0.137030219508692	0.16994687905441	0.0807825485714758	0.105523093528293	0.142711358587022	0.108694004600473	0.0991672054309436	0.0939959981243568	0.0998861880954167	0.493271582656437	0.131871835799003	0.174246722446623	0.0961866072999934	0.0872801778687522	0.104661592225911	0.119741823345498	0.102581798437644	0.145240147917936	0.244816263893036	0.218760773116215	0.443335059917334	0.101183594552555	0.0938040105381397	0.101968019504589	0.122902748043263	0.149166584221853	0.0815194981040979	0.107891604972232	0.115557563886272	0.178853151887053	0.0931479871047266	0.102838136791957	0.0990653116481774	0.125571860103971	0.100695637440441	0.0932153153957592	0.101230258272603	0.099972654698473	0.17269566575197	0.098109402345738	0.0935142392367877	0.082220766608688	0.113503366323056	0.110152334567498	0.111118665313104	0.0928546261475092	0.19339397160167	0.0875599171420691
GA37	0.125913344039354	0.0820743850799221	0.22111758476857	0.140813912133301	0.177327323709662	0.148313006348532	0.0363859223684949	0.0807536274872043	0.399465289681849	0.159281768130534	0.330331496367551	0.0986775260305766	0	0.0678124724642722	0.153799554239018	0.123190805033752	0.0575818385025769	0.149906663431062	0.0513129600822324	0.0363859192214229	0.357329931674582	0.0363610370291604	0.118363387591083	0.121470326651828	0.155995805832473	0.0823668632844482	0.11213896647472	0.654487637558369	0.0637321421932994	0.0884399378126619	0.142426562561381	0.1124528941482	0.153152898255021	0.0938303341919726	0.277975514004327	0.127121670679613	0.141582106475276	0.134221197585716	0.181816796612258	0.0751833509691436	0.0380433345533381	0.157621039660892	0.0755615033999537	0.0716467413938407	0.125228872278122	0.0363859192214229	0.0860030512711165	0.071347118835106	0.0477263996321143	0.11059509280768	0.0708386035955915	0.150152182507545	0.178739671379027	0.128373508049984	0.0462543676616718	0.0363859192214229	0.193001927789113	0.049371238986049	0.0672276859830379	0.298265589081278	0.361684357578104	0.136976280672984	0.0770306625601017	0.0535569571222019	0.242989335547794	0.109690962415753	0.113247795933575	0.329050015545253	0.112197073590424	0.0762368727080298	0.0673169038456046	0.117376409621552	0.15914498126567	0.102050004320012	0.14050776708984	0.047034437570608	0.0756628372414847	0.108339857874495	0.0720506276972968	0.0683450544949132	0.0640115381754709	0.0807069120646426	0.471577144180885	0.0953244225996913	0.1587510731805	0.0863653045580393	0.0501696325349386	0.0677687358299289	0.104022004801517	0.0682435480858943	0.120698580838213	0.218777097893333	0.176545799277121	0.450687052926632	0.0718323100132473	0.0731139570060703	0.0686128244293158	0.110454498442134	0.131399295076427	0.0522983977288911	0.0859307783721673	0.0851519511579865	0.157844485432813	0.0614359465738138	0.0616410467961822	0.0689000961455432	0.087110947281348	0.0651008396437674	0.0584146819180912	0.0788642703320342	0.0630644560800959	0.138755452809761	0.0705821369445384	0.0617517976447789	0.051111680239138	0.0867711171470206	0.0936420935234337	0.0763721578952038	0.0645077447171765	0.161497395419788	0.0457454937124493
GA39	0.127857173059674	0.0790476426670347	0.247157231199019	0.155899805505995	0.183489457755867	0.151832127294531	0.0330176108847365	0.0816921096652596	0.407433663805326	0.176323339568846	0.353690911874627	0.0959870423369034	0.0678124724642722	0	0.154207459603897	0.118625268721106	0.0513550091741814	0.18032639458625	0.0482367107908082	0.0330176082195131	0.366237506420925	0.0415142840103745	0.133256491805154	0.119646896241289	0.159838904259783	0.0888755225877494	0.114836362670317	0.665019550708809	0.0710333887713425	0.119578824035184	0.129983843863951	0.125305147488799	0.157184709879485	0.106632456070546	0.28321408894327	0.12519881633496	0.144850196561428	0.130293523704614	0.16966448671589	0.0710875552542733	0.0346984791080232	0.157932180723157	0.0999581212497721	0.0565960622637185	0.123342146325593	0.0330176082195131	0.106449340931093	0.0578427864661948	0.0408208535683125	0.108568410868898	0.0750550906634842	0.148338142519045	0.185374148415797	0.126659671089264	0.043093558673681	0.0330176082195131	0.171843304646888	0.046327043658668	0.0592884219449449	0.313674919081457	0.380312616475905	0.133816123535537	0.0543693350769128	0.049999486264594	0.243694843442151	0.10399751467254	0.0946769346765271	0.345612638526493	0.112922443415631	0.0772426269026567	0.0659434418193996	0.0874155559765194	0.157448383532653	0.10168156868336	0.134064554377939	0.0421237335069989	0.0655892635272308	0.105249266370642	0.0651097597102776	0.0597850253636187	0.0546844971243932	0.0606962342586632	0.481951452716432	0.101622080679682	0.167476413225887	0.0784834673007329	0.043834337602473	0.0619066833527853	0.0785941316539215	0.0641676901717379	0.122964041001831	0.22438582732822	0.197438481555443	0.443373723764612	0.0638408863051522	0.0500520009810876	0.0683539963158017	0.0840532890887875	0.104895553772686	0.0493189558772502	0.0669787249697203	0.0824520639802395	0.149538283749023	0.0565217293074562	0.0656337231454073	0.0568638655281804	0.0938902401760446	0.0612545077303293	0.0526404044675556	0.0600723904661006	0.0604397581956077	0.140561352098229	0.0576354889010992	0.0563170082039303	0.0420227034788842	0.0754220562591923	0.0676201657918893	0.0725032667290758	0.0487890751571442	0.174358497590128	0.0495796783243993
GA40	0.206675847672453	0.168716451134345	0.186501089163651	0.219314676944656	0.255915964718419	0.172999637144985	0.127663188058921	0.15690864712903	0.450614269333656	0.107765229099026	0.292011835584135	0.19065153568682	0.153799554239018	0.154207459603897	0	0.19751686038393	0.148907503621145	0.25803520357368	0.14167728538465	0.127663188058921	0.416695853977492	0.135050906000113	0.216590119130684	0.0469363655405815	0.0934572528784323	0.175683694656449	0.195313269742812	0.686913000814842	0.162298774252636	0.148239964073656	0.157638413474114	0.206255217694273	0.079896884634056	0.181845785090418	0.215917883685442	0.0528384743239542	0.209729675466966	0.191548559127959	0.0702286360390259	0.0963405385011374	0.129295708479905	0.093204165949966	0.165867246160604	0.162999688073842	0.0508545668362969	0.127663188058921	0.19288459849177	0.160929576014027	0.139118143931182	0.12429443803249	0.160289289975407	0.229848731497321	0.23550820440957	0.055026852535178	0.136544739959216	0.127663188058921	0.155151436538106	0.115600427857252	0.156815943091807	0.346392327637383	0.404217542120905	0.0695722856831671	0.16242818594581	0.145369360392744	0.285387924223235	0.184858595406768	0.199771952222694	0.402061969944925	0.205113331251072	0.170042501254515	0.156296683531819	0.206950852967272	0.240947593793725	0.18402401553561	0.200612855303769	0.138106857285355	0.171965523350118	0.192576377831324	0.146637525371831	0.158494466633508	0.146292548739549	0.171000488629245	0.510892260706786	0.176978095613345	0.215128344041531	0.173508246589189	0.141521801776958	0.135275751126535	0.192681115384054	0.157994241274969	0.20190978750135	0.284540777706137	0.252307725073111	0.508241167273184	0.161296437786083	0.162257860028985	0.16050900669411	0.199292025030261	0.207211287184195	0.143813132712937	0.164442217410213	0.170663205963193	0.241401022507085	0.15009213871125	0.149730861789048	0.159886193546382	0.185168860912925	0.152223339586547	0.13850270708402	0.170079750545097	0.152020135386424	0.225841499338246	0.156340131780716	0.151709548752717	0.14226740907238	0.174715276769917	0.181817661707449	0.169313301266444	0.154008579675597	0.240155576003922	0.135944941052885
GA41	0.176240449780692	0.134236771669803	0.285342623037521	0.197253639499346	0.214810968555435	0.192537417625914	0.0944966225307394	0.13109981774757	0.421662800089277	0.224703849791878	0.372444655407559	0.15347135923991	0.123190805033752	0.118625268721106	0.19751686038393	0	0.105106255472308	0.220956817720876	0.106597910018995	0.0944966206590485	0.380948076043466	0.102257557100419	0.184326478402422	0.175349473877989	0.205340149351443	0.144473277897847	0.165756112100989	0.641018466515975	0.129946003197645	0.171594634144144	0.181352242926192	0.175618240468656	0.207758864444314	0.156669880997277	0.298721695187116	0.178342593062406	0.184503501488103	0.169381250782559	0.202615963238658	0.129455478814892	0.0960609948337831	0.208606187141303	0.154398385360084	0.120046767053392	0.177232226262791	0.0944966206590485	0.159696603551356	0.117782423672539	0.10331056444821	0.162554697491078	0.131349664473097	0.197351492414571	0.209253904343855	0.181588003430704	0.103365849101483	0.0944966206590485	0.230969644556142	0.10677095443349	0.113726669973519	0.337460633480188	0.39520951834592	0.184353082318499	0.124070032941874	0.111770989838988	0.257240179662753	0.152075215774315	0.147362496703863	0.355858775100323	0.159833210962589	0.132929880576528	0.119811459656127	0.15187562364765	0.197767838990937	0.15012913545349	0.165611052481138	0.101568302506525	0.125612836006577	0.144837511261229	0.118027116496567	0.121370812576979	0.107301654519908	0.12899160100561	0.483920193079746	0.156023228860865	0.204585073986138	0.137697217412142	0.106831010826158	0.110674671936931	0.143093757369	0.11825170866543	0.175534153705218	0.262240361083638	0.22779079073231	0.468288417115356	0.11665401055073	0.122552148772008	0.126792655777976	0.151048339037883	0.166569726071273	0.109944016639745	0.126372378893347	0.136207632245402	0.199267634237655	0.114338323130564	0.121626294551963	0.117502767564447	0.147335707153561	0.118932343412642	0.107196764540717	0.12196498942759	0.118755418736713	0.178849478162863	0.121194546675366	0.114258366448786	0.108015111581695	0.134550433798759	0.142997180393925	0.132616564179912	0.114611647834983	0.208742041441828	0.108943122274459
GA44	0.123119114146704	0.0701746619071322	0.241081569983502	0.150568840592498	0.178943695726268	0.147324334039833	0.0220733934216224	0.0729609481576416	0.409422564837668	0.167610809658513	0.353471139615232	0.0896198463560355	0.0575818385025769	0.0513550091741814	0.148907503621145	0.105106255472308	0	0.172925308497265	0.0291130408042609	0.0220733908842308	0.365428780365472	0.0307732315338922	0.125146872919015	0.110370572919797	0.144189133562825	0.0816024126052254	0.106212588911406	0.666940556030081	0.0628023472417033	0.112395067068965	0.113585723399401	0.117224726656621	0.148777430180949	0.0972660959067971	0.286537071896924	0.112853465959279	0.143540380880086	0.12756443461121	0.173497964185898	0.0622287179446883	0.0220733908842308	0.151422598295742	0.0911596278199042	0.0415998517413332	0.110954572832344	0.0220733908842308	0.0976826251493861	0.0431813348856087	0.0254692971856907	0.0996014429444466	0.0656420410130963	0.139015888362521	0.188912949327267	0.11765272463813	0.0324497733246347	0.0220733908842308	0.158458288947139	0.0354517515410077	0.0421176035536029	0.314235411057569	0.385961404051444	0.121603195263882	0.0608639076276861	0.0349015324856296	0.246127145759987	0.100024219338942	0.0778999328048843	0.344604495197836	0.110183386188565	0.0661669375017436	0.0579991308087953	0.0619752896253509	0.148603865105395	0.0958962958080299	0.117863825964506	0.0263182736105389	0.0474826584410186	0.0956206751441715	0.0593396762404779	0.0490296826970698	0.0442362304287727	0.0477707601255841	0.487561845719212	0.0902857264748426	0.162796451399724	0.0705109934294314	0.0246203206103257	0.0553509015778098	0.0579392466731746	0.0446329679001461	0.114875107100516	0.221630804805141	0.198126301169395	0.442105292671859	0.0473427874120799	0.0504709282570114	0.0625673367293796	0.0732723399996758	0.105596775132598	0.040751305004262	0.056723399445264	0.0675546823615077	0.135406731524401	0.0393756269053979	0.0549423676548582	0.0404020056429535	0.0873081573482716	0.0475493595803702	0.0433395969295743	0.0373549690902835	0.0503677081580114	0.132353875052297	0.0495654964687848	0.0440229482647747	0.0288652034871506	0.0610262551391968	0.0597088145976416	0.0517990477759429	0.0464428947542352	0.17172320036575	0.038906095794054
GA45	0.203264186328108	0.187843853400813	0.270005963817991	0.175086346238551	0.242740230277331	0.197235499593345	0.154492099176754	0.189669418440323	0.413438032221312	0.262940048870414	0.363089290080648	0.197301487805265	0.149906663431062	0.18032639458625	0.25803520357368	0.220956817720876	0.172925308497265	0	0.166920248531934	0.154492097596327	0.410474505689409	0.148031265446634	0.209807782913699	0.229148070469047	0.228962147476697	0.188081035635086	0.216877940854039	0.65998698906465	0.169061954575356	0.196165414545873	0.246865069926387	0.217503581911024	0.258139883327966	0.167462245307185	0.34441694075411	0.23397255350243	0.23577575972586	0.230236909982532	0.275939301559419	0.187918903324941	0.15596670860594	0.243126277219165	0.184816871553358	0.185493881955291	0.232422370049689	0.154492097596327	0.181925279172984	0.184445795612504	0.164623854587776	0.216298688240726	0.18622696339482	0.244252798307424	0.193445398048921	0.234547438946637	0.162110784439125	0.154492097596327	0.288637601591722	0.16567405614287	0.179135274631206	0.364186314320323	0.40691114495499	0.241692321168052	0.18767386953337	0.169278369407461	0.313591521647241	0.212120068344203	0.218297841347227	0.318713797839603	0.204360043686448	0.181507427885075	0.174251968812461	0.225555917981899	0.246112985367125	0.205479129772596	0.237080513979449	0.163557396467888	0.181607147434143	0.206065896183553	0.181839511024229	0.181353825661871	0.177118752264615	0.19328193577251	0.495920818411943	0.207646006962868	0.259706607521182	0.195607145853115	0.166626803275913	0.17932467960348	0.21201253772685	0.17555652724372	0.223821752300166	0.293075139775421	0.225447505561992	0.488152954915557	0.184859374933171	0.185003724062082	0.170568797925506	0.217942848350063	0.231744929470799	0.170838872967946	0.196342193418079	0.186120974069292	0.24617660128408	0.177924628134328	0.179226539201207	0.179713227306352	0.194857571236413	0.177881068954564	0.172222872725641	0.191684645308991	0.175377093631812	0.225048728362478	0.186142345570555	0.175819467640284	0.167519178429637	0.196738536384973	0.203089354239931	0.177157105068968	0.177158939567479	0.227589289874139	0.166738146558554
GA5	0.116405983583049	0.0642067646099762	0.234081097323485	0.144097554356311	0.174041916192933	0.140848949184698	0.0155264423022886	0.0668648779204096	0.401167324697128	0.160598068752072	0.347639561602564	0.0864432953448609	0.0513129600822324	0.0482367107908082	0.14167728538465	0.106597910018995	0.0291130408042609	0.166920248531934	0	0.0155264387904394	0.355195184548696	0.0243328314914246	0.11904596121549	0.103266865692355	0.141156135860718	0.0786715722407657	0.0990278173350927	0.66150672628422	0.0544813289165948	0.105725687053619	0.115712265008966	0.110460426432617	0.141901114974359	0.0905521872895535	0.279443297648069	0.108930617947169	0.133198800788383	0.120476574467664	0.166479921626924	0.0554300973831554	0.0171949493538852	0.144560688824365	0.0846739388400256	0.0400908509212913	0.107031724744975	0.0155264387904394	0.0909640961938133	0.048351834744516	0.0223491824787072	0.0929949107589294	0.0590783732407021	0.134556313355764	0.182632722336837	0.110521747758894	0.025909559236783	0.0155264387904394	0.164481545224635	0.0288429379914746	0.0389958888379933	0.304987525322823	0.38018786350284	0.115959763301141	0.0563142718465039	0.0335016966693931	0.24086141149805	0.094147242285838	0.0822405324816102	0.338074093816256	0.104696030681482	0.0646867805884944	0.0489730529129656	0.0807269330352846	0.147692008621313	0.0882635872923967	0.119466102014136	0.0231672279687241	0.0559743154944495	0.0891594926666732	0.0528356550317822	0.0460871322588487	0.0442319011522664	0.0545357007232278	0.481065462183471	0.08475749967902	0.156718980182301	0.0668189127017001	0.0298707128097915	0.048961009943124	0.0695077197231126	0.0496202270415696	0.107984078276639	0.214237647827226	0.192150552785306	0.440669740089262	0.0408889698335017	0.0504147384428617	0.0542167117160679	0.0795664534612436	0.104614717133268	0.0360160873017528	0.0611230669674849	0.0729168382934248	0.139755250660307	0.0396689949839404	0.0492971848433066	0.044009670953859	0.0791994835052526	0.0479854688170658	0.0363507515402755	0.0510686612640968	0.0437737939634708	0.127627911008518	0.0480757613449988	0.0358773021761215	0.0273841566810704	0.0610177451462457	0.061395023845964	0.0568454149696562	0.0432422879443626	0.165181847157502	0.0322012195758747
GA58	0.103071930824107	0.0493351422588934	0.22204829060068	0.131184087454746	0.1616861280242	0.12749370480088	3.33905728431597e-09	0.0523026661778038	0.396066892478201	0.147147766192152	0.337633735001689	0.075067341290038	0.0363859192214229	0.0330176082195131	0.127663188058921	0.0944966206590485	0.0220733908842308	0.154492097596327	0.0155264387904394	0	0.350688345805563	0.00892279852144044	0.105428901529222	0.0882971818850498	0.131816354589631	0.0643408696985606	0.0857306739146059	0.659487966335181	0.0415964137499381	0.091925789197587	0.112364176373854	0.0971210895087382	0.127894305370071	0.0767104936519055	0.268435816045361	0.0939938609648232	0.124127396655203	0.107781752445406	0.152944929446235	0.0402127763613908	0.00169795315072994	0.130408175063856	0.070345875477851	0.0365059923644018	0.092094967913146	0	0.0773003577734485	0.0363567957108972	0.0118856720551096	0.0783693216872787	0.0443846509989464	0.121335325179377	0.170605399692901	0.0957234644077041	0.0106105942260286	0	0.163230022293224	0.0133783608072936	0.0322412930794276	0.298190693286332	0.37177501438242	0.104552339047495	0.0432003884943146	0.0198255288179475	0.22955174379126	0.0800977367719617	0.0803868502115059	0.32902739746402	0.091458415349174	0.0501859526366296	0.0363302012209338	0.0840486805095817	0.140111752663447	0.0753356738185341	0.113171170098764	0.0110366953292278	0.0473586336869483	0.0768990720612834	0.0380258773914491	0.0344976829835261	0.0294719801256151	0.0460530958241887	0.475750961538517	0.0728386038293441	0.143882608925453	0.0542913406635776	0.0144326017812045	0.0340072820433462	0.0708665001497726	0.0343656997488003	0.0955694887147407	0.204195744310967	0.180069137195295	0.443202358002614	0.0371848593155543	0.0386637165540397	0.0411031360766201	0.077804132355283	0.100331894187915	0.0207671089605852	0.0518119828117014	0.0602696792909292	0.136136630512398	0.0294020747521309	0.0343133630325096	0.0353235915453747	0.0666762653813519	0.032854285020607	0.0232682304099353	0.0441467817684617	0.0288768126205965	0.115455841777301	0.0387719721730911	0.0272007542803432	0.0152815783565695	0.0525480742857914	0.0595458064115409	0.0464644012126056	0.0297332033138685	0.152951937055949	0.0171271512905757
GA59	0.392654737137785	0.366536056152498	0.452731812843169	0.406532231003347	0.38351957168844	0.409526743973144	0.350688345805563	0.357371424936285	0.512382749656234	0.418317496475547	0.488600341057537	0.384132419270698	0.357329931674582	0.366237506420925	0.416695853977492	0.380948076043466	0.365428780365472	0.410474505689409	0.355195184548696	0.350688345805563	0	0.351739866564972	0.382525748676724	0.408020724551846	0.425382594267527	0.371763399454078	0.387200528925115	0.679662066276627	0.36518181905602	0.383284362277599	0.41754487156868	0.380440540988036	0.425549663979598	0.382222370065824	0.449630446205236	0.411682720437194	0.365801612235079	0.396392434835434	0.408046572196363	0.375935667693013	0.351691942925405	0.42344477712506	0.371922978247055	0.374776476260388	0.410486910078261	0.350688345805563	0.37850048536002	0.372597912947337	0.35849390126238	0.393730561841618	0.369747710649413	0.405227309826649	0.394981369225666	0.411205063865642	0.355208598604106	0.350688345805563	0.442848869044371	0.359187882958036	0.368690107807969	0.458241221278605	0.485739034534705	0.409140150956433	0.370443442253151	0.361418238492927	0.405621979874794	0.381086403673345	0.387950065762106	0.49031762733604	0.377341520003598	0.371405932939414	0.367404249581424	0.405262127067104	0.388884067836434	0.378232540506305	0.382751114139653	0.357619048369051	0.376285718848007	0.384863289618733	0.35931131183499	0.367035656565368	0.358313071306306	0.379746593911238	0.546419498294291	0.380464386157315	0.404770502538392	0.376210503505938	0.359901218101232	0.348327326503667	0.392321392442241	0.363044554536993	0.393419798576471	0.422834428271862	0.403822005397142	0.513003942641345	0.373130004514347	0.371872748088355	0.367303488230464	0.396125229019107	0.379031960109268	0.361836349121248	0.371045057520722	0.375022211460152	0.415379698830422	0.367930663354469	0.365802134227271	0.371169497268369	0.373776708287422	0.355241673462319	0.353626744313674	0.379734208487501	0.363341822467669	0.390670350705734	0.37365836657659	0.352047543032001	0.360614326566157	0.379716309032055	0.386521830703273	0.3760068251027	0.366179621279842	0.405226766461074	0.35786142644256
GA60	0.108889128707657	0.0574022833859981	0.225134895982766	0.137971508655358	0.167079260121241	0.134425065461358	0.00892280183551606	0.0587868160671658	0.39860790982993	0.150134561715102	0.336502546162316	0.0822554759003899	0.0363610370291604	0.0415142840103745	0.135050906000113	0.102257557100419	0.0307732315338922	0.148031265446634	0.0243328314914246	0.00892279852144044	0.351739866564972	0	0.10193156770835	0.0964321214893852	0.139321511366753	0.0642374849530181	0.0934669835436525	0.65750741777998	0.0411726897488339	0.0850909892657791	0.120192151888264	0.100841905488962	0.13542612679679	0.0844429302960634	0.270168703990151	0.102106132892647	0.126712625601677	0.115118375283224	0.15996817273624	0.0487786937279232	0.0105802138533556	0.137813939590647	0.0672008430754596	0.0452058329952486	0.100184572390234	0.00892279852144044	0.0706097818346638	0.0448798908842633	0.0207273947695891	0.0862798996721253	0.0525245590492932	0.128196526601007	0.176768454638394	0.103729983246086	0.0193472579215663	0.00892279852144044	0.170467474996442	0.0221733984283426	0.0408131002728769	0.296836101572321	0.3660249261543	0.112454284546953	0.051462946177432	0.0285042932990826	0.233455843696691	0.0864285652459872	0.0883742663633041	0.324605837915883	0.0942619457991436	0.051280242400338	0.0423576956628963	0.0922215294205781	0.143278085673698	0.0794305406849493	0.120048498791276	0.0198378801872634	0.0519319828035253	0.084433383148427	0.0461405497232471	0.0430688169982397	0.0378385286100886	0.0545905101479906	0.47145188923436	0.0804574877738652	0.150655794249038	0.0625272416556724	0.0231527111709419	0.0425675671472393	0.0789706599193089	0.0427958351381198	0.102937339833288	0.203435042421475	0.175557164926872	0.444267918666204	0.0457814258495063	0.0470884244211695	0.0476340332604719	0.0858792680494412	0.108048121454288	0.0294132187510982	0.0600617071143304	0.065531057117488	0.140562657925366	0.0379476668030927	0.0427349733772001	0.042667209462385	0.0693203918918064	0.0407807694258864	0.0319479532314069	0.0527047400146422	0.0372961988729058	0.119822426005314	0.0472488928623874	0.0357086010691192	0.0240422254710486	0.0609073873157754	0.0677493109621785	0.0547113990731011	0.0382255001576862	0.15668226417267	0.0257976263611004
GA63	0.187215480652421	0.145705372527844	0.289293816745883	0.21275262880807	0.236092032883504	0.212068496394263	0.105428901931439	0.145589312444432	0.435732693684222	0.225174701123527	0.381424946465878	0.166911227647403	0.118363387591083	0.133256491805154	0.216590119130684	0.184326478402422	0.125146872919015	0.209807782913699	0.11904596121549	0.105428901529222	0.382525748676724	0.10193156770835	0	0.184416998591688	0.220371621576223	0.146851687720328	0.175761249010461	0.667578193274411	0.1253232694786	0.158874878998507	0.203990238257731	0.178471858453269	0.216778298821112	0.167069630433965	0.327066156147706	0.189536924012984	0.199249491170801	0.1960928423349	0.236637387612853	0.14106551795784	0.106915657512016	0.21852324263315	0.144827125499947	0.138272039046643	0.187760598957539	0.105428901529222	0.143751030091685	0.137278201538279	0.116088198911813	0.172672570730099	0.141422857502193	0.204038502780175	0.244607969365939	0.190390736918257	0.113942392791311	0.105428901529222	0.249131985836559	0.117446328503917	0.133742586004012	0.339937928800631	0.399167935354541	0.19823478147237	0.141318711762627	0.12073381563103	0.29063363538848	0.16899197753707	0.174597788376339	0.364305397401554	0.170928853705074	0.138200722785309	0.132705987214741	0.180616419574227	0.21302820102434	0.161860523688974	0.197960649626424	0.11551947972615	0.140637492761016	0.168094319677112	0.136073580783124	0.124310683534302	0.130079450650197	0.146377143685264	0.494005081027445	0.16507938925666	0.2224457111172	0.150715358009694	0.118265541383263	0.13279456030013	0.167093375133294	0.134164848299039	0.182736125934606	0.264429497297364	0.234356223784312	0.468952806911083	0.137901561033696	0.138561513764088	0.135615448044105	0.17312201850041	0.189709039555505	0.12295830968504	0.149625814002421	0.151857856313011	0.211021512883217	0.130897570269728	0.133287153084471	0.13477592962333	0.1527955119658	0.130985428231082	0.125126281527407	0.144913651331356	0.128567625307525	0.193543550539574	0.139471191292008	0.128645360262858	0.118976381936609	0.15056477240616	0.15780338336422	0.145311346239965	0.130340676133831	0.195028356436377	0.11927644989331
GA65	0.182268147968283	0.13327616769256	0.158326950375781	0.19502971103095	0.235766159389356	0.143163779091955	0.0882971818850498	0.135981668802825	0.449392477370272	0.0700363609939813	0.291562632704624	0.158075862460666	0.121470326651828	0.119646896241289	0.0469363655405815	0.175349473877989	0.110370572919797	0.229148070469047	0.103266865692355	0.0882971818850498	0.408020724551846	0.0964321214893852	0.184416998591688	0	0.0510519128104653	0.147233002113573	0.166458076223581	0.689554212069271	0.126365285630178	0.137190730659047	0.124723685021051	0.176842751376557	0.0472251286899502	0.158234354296718	0.211899207641531	0.00624839457297566	0.201464479996098	0.161137301220813	0.0772403656232237	0.0536862290417305	0.0899951350357797	0.0500683562472613	0.136954765578713	0.12480317432471	0.00416559658267281	0.0882971818850498	0.158772134269127	0.123972606553574	0.100182854241193	0.0857147200390546	0.128762794714985	0.199309214197024	0.243838578763634	0.0089252164982485	0.0979708921578195	0.0882971818850498	0.116191248211897	0.0749188210777562	0.119324423297487	0.355103215334391	0.419140210356375	0.0250830975445834	0.128876753828742	0.107194966439045	0.297580151922173	0.161322515570756	0.165998781193989	0.388305582482405	0.172435977919535	0.134572792685393	0.122166413249391	0.172345863147215	0.217915084401164	0.15710076042498	0.192885278300806	0.0993338772142776	0.134819664061069	0.158611888310524	0.123003702272068	0.121339425896153	0.116123724314902	0.134175423796129	0.522098454863134	0.155263117618031	0.21947536640095	0.139241401369524	0.102729783816771	0.119301713401019	0.157387060122659	0.12064101629787	0.175563150659354	0.274463020566136	0.252466720839341	0.495434184568097	0.12480187912782	0.125309896288496	0.126190255311402	0.163989639417692	0.182279352136333	0.108130159853685	0.138256404586513	0.145602723941056	0.215689557143534	0.11687437738433	0.119619629298798	0.123036087688172	0.149852907115763	0.118725023862689	0.110223758025001	0.132443964255579	0.114624256889025	0.193887650891386	0.126244274805291	0.114056717265736	0.103578760392136	0.138848098013738	0.146730356068924	0.132636066036995	0.116361437346598	0.227832124916592	0.103912055492401
GA67	0.204768314054518	0.173718224119658	0.155767596467878	0.17575354317222	0.249909231834339	0.136810537220703	0.131816354589631	0.176109172479071	0.441523125677398	0.115001047952007	0.29135852081306	0.184591711846867	0.155995805832473	0.159838904259783	0.0934572528784323	0.205340149351443	0.144189133562825	0.228962147476697	0.141156135860718	0.131816354589631	0.425382594267527	0.139321511366753	0.220371621576223	0.0510519128104653	0	0.185435027335629	0.202564002287508	0.692576672693696	0.165014619703847	0.177268440505922	0.156877879166242	0.213881852951917	0.0938902662671877	0.175113535815417	0.237800509490148	0.0553270457218392	0.236410824186874	0.194356050031881	0.121608457104726	0.100762061548956	0.133347195733075	0.0837914083491672	0.175850455131796	0.16289702547018	0.0533556066679232	0.131816354589631	0.197454299439083	0.161129494508108	0.141510243819217	0.128774712784122	0.169099350469281	0.234184873375026	0.215258714225557	0.0591996762280663	0.140696929334992	0.131816354589631	0.150345284567036	0.119554620048012	0.156065078170011	0.379731045828925	0.434889452626007	0.0711103723657252	0.168815987052942	0.147694852391277	0.318865734594639	0.199332516301762	0.196948231470705	0.404803969643333	0.206258790812107	0.172519917515191	0.159565381705761	0.199067986071712	0.248198554070309	0.195731566259355	0.225285849562197	0.142351714800103	0.168832263711727	0.195003589596411	0.163929662018111	0.161252826301738	0.157826864809701	0.169689753591412	0.531647601512947	0.192557380657003	0.25326698988375	0.178642025951183	0.145664065775245	0.160419777863555	0.187308087944984	0.157678803711227	0.212690796891246	0.304360499586722	0.26386551950315	0.505733153735748	0.158919830590185	0.163590636518266	0.158378162543581	0.194942473311617	0.216884087357256	0.148727326230569	0.176167082530682	0.174911489239847	0.243259913617312	0.15240564844524	0.160601067573133	0.162098004736684	0.187152599746531	0.159609288579286	0.152152148686876	0.166385164766601	0.155883177738599	0.224753623734219	0.165207546693508	0.152976035846002	0.143761088300233	0.175148152040713	0.182526167293992	0.165591900171054	0.155630744617395	0.232596568838514	0.146247626103536
GA7	0.148179393685	0.108004389688222	0.258332125466279	0.177058454301923	0.204554300924594	0.178013997895624	0.0643408717771019	0.103043497398947	0.413707599495396	0.190833983246726	0.350987737226968	0.126052459636045	0.0823668632844482	0.0888755225877494	0.175683694656449	0.144473277897847	0.0816024126052254	0.188081035635086	0.0786715722407657	0.0643408696985606	0.371763399454078	0.0642374849530181	0.146851687720328	0.147233002113573	0.185435027335629	0	0.137045801871202	0.660860967756522	0.0914804817770015	0.1218200716651	0.164576013346739	0.143423998032254	0.175746130145559	0.123981225492452	0.29302092551282	0.152565809512379	0.159230438296241	0.15615407013419	0.182450490693251	0.101932519322468	0.0658738560824081	0.18414125335638	0.109814590765069	0.0963084532531223	0.150947515786898	0.0643408696985606	0.11750772482518	0.0952618528684281	0.0750139501848907	0.135323685114131	0.0993845471830079	0.171813750884148	0.193817549055875	0.152951760273991	0.0726285865060007	0.0643408696985606	0.211902422369505	0.0769059670844463	0.092099219856261	0.304014715883467	0.374151430346749	0.162051199060498	0.0992944317992137	0.0819961248962867	0.251982791556252	0.129636298018423	0.135286689877059	0.348287795378704	0.139313679715299	0.10304223875882	0.0907859786253686	0.137140719069525	0.181176384139543	0.11967647431249	0.162484672484976	0.0747884423330878	0.102414489770779	0.13238174955577	0.0899806334401923	0.0917003990122766	0.0849550790670845	0.10183736083634	0.479351201743791	0.119923104165178	0.172382552966927	0.109987534290989	0.0779169631388151	0.0860716709396755	0.124198680301432	0.0950112615834282	0.144925918279573	0.20425006338969	0.197009179270779	0.460037632723047	0.0964513094813535	0.0971437468184064	0.098724488206584	0.131340577492886	0.145273274525699	0.0802886204210797	0.0993317334790422	0.112391943638824	0.17763848100422	0.0878478654970725	0.0790633557909968	0.0935314425427203	0.117691074225186	0.0877070075013872	0.0773270374370946	0.100267407437316	0.0897923528658922	0.165071851569181	0.096131455849367	0.0896011813722476	0.0766510383574047	0.108498717931033	0.115213566318606	0.1025659686914	0.0870016020148842	0.192524775335885	0.073812438955888
GA71	0.167384733897493	0.12724032486328	0.271786528253796	0.187130606460451	0.212458676517461	0.195588788205777	0.0857306770038498	0.130696694470114	0.422701452416603	0.211566277751417	0.36548903689842	0.139868553774902	0.11213896647472	0.114836362670317	0.195313269742812	0.165756112100989	0.106212588911406	0.216877940854039	0.0990278173350927	0.0857306739146059	0.387200528925115	0.0934669835436525	0.175761249010461	0.166458076223581	0.202564002287508	0.137045801871202	0	0.647358991280951	0.120709415045426	0.150677787629191	0.18511083772914	0.162287686847978	0.192444097965655	0.134279823880831	0.310848240223196	0.17175086610245	0.191172671588984	0.171325238064082	0.221256636158384	0.122485565840069	0.0873947041579569	0.199805891348256	0.13511197122209	0.118280928130403	0.169939376940631	0.0857306739146059	0.151337285384987	0.118688928537221	0.0967225573881708	0.155125761536336	0.113821418542001	0.189604096603815	0.2283482276129	0.172577824631725	0.0946794453011167	0.0857306739146059	0.233056342135174	0.0980173144301381	0.114033970994794	0.322231830144771	0.390276073957935	0.180473459414159	0.123109102663067	0.102765227997243	0.276955394130765	0.151816003965308	0.157413872128183	0.348207334827895	0.165082632855634	0.129112936669227	0.11504769378878	0.162573800243513	0.202480989781142	0.148945668467669	0.179205634226703	0.0961344832498016	0.128402181496524	0.150698572585378	0.117898049867815	0.113834026316651	0.111710870694934	0.127523843387161	0.483338557108484	0.130628255750946	0.188333710241649	0.130929059010338	0.0988626883111217	0.11425184560093	0.149251336965597	0.114437460372544	0.150706327294536	0.261756349768903	0.235710160073006	0.471269974202821	0.119765491196603	0.119488703218674	0.118333894590085	0.155077704256683	0.173407878689092	0.0966228994475019	0.131119420582598	0.138751051623863	0.194158598818261	0.107600999488072	0.103971723504741	0.117729098658369	0.142761371183124	0.114198216434681	0.10620567861079	0.126397164594946	0.109503895759281	0.166693662547252	0.11563352512365	0.108797814433623	0.0999835290842586	0.13149534598595	0.139074690188422	0.125328182007628	0.111997307532213	0.202729071029509	0.0898342881013047
GA72	0.649875206778748	0.659806355081423	0.692703017080673	0.659169905113451	0.647954828209347	0.662038854276291	0.659487966335181	0.655677148188003	0.607481735523301	0.673041395466737	0.662529209045449	0.661569378592751	0.654487637558369	0.665019550708809	0.686913000814842	0.641018466515975	0.666940556030081	0.65998698906465	0.66150672628422	0.659487966335181	0.679662066276627	0.65750741777998	0.667578193274411	0.689554212069271	0.692576672693696	0.660860967756522	0.647358991280951	0	0.661522425786413	0.650931134368434	0.691542444205043	0.632439924008919	0.68136674948413	0.653793439118549	0.662383289650233	0.691451855982193	0.654366199416344	0.641664380979056	0.693432042092988	0.672499385747043	0.660064622609302	0.690374503232012	0.652062858595993	0.67198391333975	0.690853030994685	0.659487966335181	0.648599868470972	0.670233954684903	0.663548213062864	0.661769780847761	0.6576288486972	0.636576481539794	0.667268921028484	0.690426063658011	0.660729227644024	0.659487966335181	0.705982252202853	0.664090806185597	0.662425601121151	0.638478024439378	0.598904413406295	0.690404070748223	0.6672611332903	0.659562000120529	0.63104903818381	0.662056428013426	0.676346664476876	0.648994453627654	0.647871644207926	0.653169339353388	0.658451530066403	0.688107545929726	0.642648646325776	0.650811326624167	0.649579758595939	0.663334555096097	0.671728311163006	0.64160312366004	0.658459244954466	0.666149681866771	0.663042932447761	0.674743235111237	0.637857178846995	0.653460787402259	0.635989954375257	0.664018927198468	0.664404527105466	0.661680317888356	0.67941476118685	0.659816261493798	0.636307532739158	0.639088484976027	0.641465510382797	0.649103442225793	0.670470249171209	0.668645428888725	0.660644918379158	0.680959805695697	0.665977945231428	0.66004672857246	0.671414492106197	0.66885916271595	0.654624338703926	0.66463950547305	0.658198055594858	0.669526501135393	0.650635992637788	0.663284697917977	0.66327343143598	0.674449829140095	0.66294813758195	0.639194336804477	0.667294142824231	0.660460183716784	0.664651233740527	0.671509577168359	0.677147171112022	0.666153135323765	0.66544713516428	0.643753573750005	0.654841263486881
GA76	0.132797115171949	0.0879268062987713	0.220424653379002	0.163354239040854	0.191039462940711	0.160666312740156	0.0415964163786961	0.0877669463780793	0.411188225553493	0.176024879545274	0.350641061711793	0.098280251503574	0.0637321421932994	0.0710333887713425	0.162298774252636	0.129946003197645	0.0628023472417033	0.169061954575356	0.0544813289165948	0.0415964137499381	0.36518181905602	0.0411726897488339	0.1253232694786	0.126365285630178	0.165014619703847	0.0914804817770015	0.120709415045426	0.661522425786413	0	0.110129203609746	0.145273942095839	0.127361499544496	0.163243296923059	0.112038099479796	0.289873444597528	0.131719607220154	0.151704420495515	0.13194429812332	0.186064606739415	0.080069064774146	0.0432333316315304	0.164915299927345	0.0854186902217793	0.0750917059962045	0.12987315963314	0.0415964137499381	0.0967271891093314	0.0632860781554359	0.0529184226097182	0.115511207182826	0.0827245593936455	0.15376660591838	0.189279357441748	0.123672535774684	0.037802227078984	0.0415964137499381	0.196119042668454	0.0545659554708335	0.0702717423133378	0.31121429484902	0.376899597169173	0.141796520262054	0.0819251142028305	0.0598820637008457	0.253436706471022	0.0953812761552105	0.115830795274991	0.337863606937004	0.119541805237532	0.08370256386321	0.069332069350463	0.119076742517828	0.166081142244917	0.108191879663729	0.146202669168512	0.0520994591837128	0.0798661865651457	0.111507651339652	0.0765982902223113	0.0732848317352961	0.0689446170804928	0.0857433268536973	0.47948161384674	0.108289484847149	0.166543853892521	0.0776938550019016	0.0555501592279685	0.0730431324830561	0.107132370028682	0.0740089793360293	0.129744265012142	0.224074442240626	0.195356376356248	0.450664064197829	0.0755954373044649	0.0764725563878363	0.0767471733023271	0.112254675534187	0.135160193562207	0.0611281423556684	0.0904726346089232	0.0940422697858226	0.162484125732773	0.0671221200621339	0.0730716678586723	0.0715933214835446	0.0963838115296882	0.0715210800896389	0.0620032742976992	0.0824012810345551	0.0682158347200414	0.144417928336564	0.0783287427585685	0.0674967850285648	0.0560480958847988	0.0908162217361457	0.0965746251320598	0.0857261340651247	0.0694536727693195	0.18139548530106	0.057546076985697
GA77	0.17269049130493	0.133906004705814	0.230051812951011	0.179076207632368	0.226424961454338	0.182783004489135	0.091925791353463	0.128591096781269	0.418854489320456	0.159869358733748	0.321570178700818	0.148119966678246	0.0884399378126619	0.119578824035184	0.148239964073656	0.171594634144144	0.112395067068965	0.196165414545873	0.105725687053619	0.091925789197587	0.383284362277599	0.0850909892657791	0.158874878998507	0.137190730659047	0.177268440505922	0.1218200716651	0.150677787629191	0.650931134368434	0.110129203609746	0	0.176424331285737	0.149256999576182	0.154575776854398	0.131251189029879	0.278094205139863	0.142528927762701	0.180661243320716	0.169970465908674	0.189384735537448	0.114108045425529	0.0934875294039346	0.175625804435424	0.0989312471426798	0.125819425540741	0.140697656180521	0.091925789197587	0.127938138321042	0.125081420509201	0.102881907570091	0.145007734582054	0.104121216394082	0.195494353865283	0.232356505713078	0.143820799021709	0.100875993917762	0.091925789197587	0.214933580032202	0.101040849631483	0.120652688742206	0.298149229375401	0.341980022011381	0.152883768044036	0.128509209820568	0.108337084057205	0.259561661668498	0.157837376657008	0.164590954404287	0.35688262651063	0.158962509416119	0.123155202095707	0.113676078598758	0.1698480277802	0.200874540540907	0.14741955347585	0.177136590008182	0.102154256230352	0.127824888592868	0.157370239383343	0.111149979905799	0.120829733239129	0.116729116838689	0.134338495368608	0.468857288059562	0.122266487923987	0.170576811664634	0.134303120068378	0.105177315497639	0.118055985883029	0.155996301615931	0.122256761454422	0.16242196151253	0.252117492446695	0.216563586935853	0.474617140160667	0.125841116589127	0.126249772863406	0.11634078051782	0.162064769690988	0.177198282602911	0.0999147650230714	0.135902539064938	0.135793948790642	0.191224691561527	0.103855404363136	0.100858740245152	0.121954828933483	0.134413239724859	0.1173395027002	0.11114134314009	0.133237734568691	0.116119303580637	0.183526367080784	0.113283634054089	0.116242532401976	0.10613842438342	0.139346512241496	0.14620014620625	0.133537310486039	0.1180282175127	0.180344129747927	0.0844173999409182
GA79	0.200691444874562	0.15577729734959	0.252612508174897	0.214752551695012	0.250177223668104	0.199584636376286	0.11236417715167	0.155989767000493	0.454456282384468	0.181156698200438	0.361163604139078	0.166092840267929	0.142426562561381	0.129983843863951	0.157638413474114	0.181352242926192	0.113585723399401	0.246865069926387	0.115712265008966	0.112364176373854	0.41754487156868	0.120192151888264	0.203990238257731	0.124723685021051	0.156877879166242	0.164576013346739	0.18511083772914	0.691542444205043	0.145273942095839	0.176424331285737	0	0.19455450874838	0.161154092091954	0.174070346738315	0.29548165145697	0.123698465488475	0.209712780184216	0.186934396916191	0.180695835839618	0.117441177180018	0.113996744884949	0.165318090543903	0.160302888489131	0.106818452237569	0.126472420576546	0.112364176373854	0.179673839605065	0.11645887647238	0.109720382505482	0.150764474899254	0.148708398486817	0.21300034984156	0.254946727042246	0.132021655290943	0.12158101100023	0.112364176373854	0.136577005815608	0.11491250858708	0.119092471577293	0.366143393847677	0.424731268726214	0.130912135759688	0.135334073274274	0.124202938689239	0.303670023163461	0.181471955478003	0.123463089577854	0.397714445536787	0.181870701172474	0.147316899752677	0.128444748093383	0.0995155575337133	0.211937473447184	0.175164414739067	0.192536804025447	0.111887773983369	0.119723181950512	0.176978673372004	0.143989457057394	0.120314337816466	0.13029388099382	0.110800024234887	0.523827528411692	0.164291145096561	0.228765034351987	0.140522598994501	0.118168956952903	0.139140961155521	0.12290373382469	0.135389774821398	0.193624238173167	0.289227578525591	0.264026115827187	0.471952336304116	0.111886978615075	0.131575885144147	0.140091151732839	0.123019705931045	0.169498354234178	0.122623694872465	0.127893947055469	0.14357429553256	0.192404856378532	0.111908552528481	0.139235266503135	0.11420304995651	0.158730945545202	0.136805216861757	0.120663824773422	0.102581846908751	0.137400155741195	0.209929642319265	0.108781597501777	0.1238182592582	0.110999359278893	0.128831152940602	0.116111044405085	0.131153902175338	0.122861198441248	0.240267193880911	0.122967416660465
GA82	0.147465433511469	0.138915073408773	0.268245125283497	0.196672606432453	0.227788454335597	0.206710043222164	0.0971210915361212	0.11790472607721	0.390974892359791	0.168644975231151	0.317611413170593	0.149825895957724	0.1124528941482	0.125305147488799	0.206255217694273	0.175618240468656	0.117224726656621	0.217503581911024	0.110460426432617	0.0971210895087382	0.380440540988036	0.100841905488962	0.178471858453269	0.176842751376557	0.213881852951917	0.143423998032254	0.162287686847978	0.632439924008919	0.127361499544496	0.149256999576182	0.19455450874838	0	0.187512843070006	0.147894763020855	0.31153292065919	0.18203586505519	0.186600751798562	0.18307338010595	0.230143657988972	0.13296310926289	0.0985676030242684	0.212092182250938	0.131622857216633	0.13031995217457	0.180448149039288	0.0971210895087382	0.129460621832146	0.129102454003361	0.108048732157307	0.12785811236862	0.125107967793339	0.126930508593267	0.238954794226271	0.182890198146454	0.105814797408653	0.0971210895087382	0.243013182937196	0.109366674089071	0.124203704414903	0.294152670887986	0.327112728447625	0.191076706906762	0.134003549268601	0.104151202535087	0.252428486943245	0.151088713094442	0.167931088481588	0.358663730022281	0.171209063268069	0.119074992045309	0.120492858163109	0.173006866842207	0.190203894306012	0.126840958117761	0.189264361981792	0.107262510091367	0.134831259140011	0.161071537269486	0.127757307179648	0.125863596194922	0.121633600311899	0.138754328675192	0.462615559046919	0.146498342769014	0.144290604750917	0.131148350641432	0.110376500835021	0.125290535841927	0.159932998977978	0.126562490231461	0.126839233637609	0.197149216432614	0.193978929233671	0.42217849360572	0.130061859998739	0.130267597038788	0.129066783201062	0.16547987316594	0.165777248321007	0.108422321248611	0.142664421669612	0.145285110175139	0.194513074545698	0.118308074057403	0.116520384740498	0.126804846686998	0.116691455847085	0.121239270789154	0.117194894193248	0.137031538675379	0.121005105193366	0.192772067725809	0.12949374613512	0.120179154712594	0.111106107745207	0.142083009855464	0.149365286502724	0.137201091500394	0.122565241982088	0.21402663948259	0.0995145309904609
GA83	0.204444055078608	0.169415699863675	0.182322742699674	0.214248056589353	0.265736474458015	0.178690897921721	0.127894305370071	0.169593191131799	0.455303293888015	0.0959104083177417	0.288470422453953	0.187923283664265	0.153152898255021	0.157184709879485	0.079896884634056	0.207758864444314	0.148777430180949	0.258139883327966	0.141901114974359	0.127894305370071	0.425549663979598	0.13542612679679	0.216778298821112	0.0472251286899502	0.0938902662671877	0.175746130145559	0.192444097965655	0.68136674948413	0.163243296923059	0.154575776854398	0.161154092091954	0.187512843070006	0	0.175526586069603	0.242373124009582	0.053232406181368	0.232033941029298	0.190862234493699	0.117693259935788	0.0964139442364074	0.129472659242274	0.0920916874187462	0.160859449794798	0.16272029024784	0.0512328722674136	0.127894305370071	0.183819807614341	0.161703480087747	0.139290019267737	0.11047086177977	0.152136531893653	0.21357605960032	0.271505807987367	0.0553960018894739	0.136769443449348	0.127894305370071	0.155599799609244	0.115826652451146	0.156521868750905	0.347555003382943	0.405259067362005	0.0708864090794867	0.165679811904527	0.144788536610025	0.30792390013283	0.193739298919235	0.202025864536714	0.402599956351097	0.205847948187529	0.167663375837634	0.157044282766304	0.2082925762492	0.242104798028565	0.186447560937718	0.224026314161643	0.138494841904953	0.172263548455455	0.192793690194987	0.159954018063015	0.155460395219952	0.153673520894966	0.171678709411862	0.521967133187284	0.174258022973634	0.214220478001869	0.169439811297137	0.141626771727596	0.155969319394743	0.193215106247049	0.157980777549021	0.183661051546082	0.284620425014785	0.265112279641508	0.496315659296633	0.162721278616274	0.162422075039811	0.16021516873981	0.199378760249326	0.206039329896672	0.141662809358101	0.1752035345393	0.181164994459562	0.246198673591469	0.145679319521996	0.146671398796818	0.160985472677934	0.178370497142426	0.156118610742116	0.14846014299176	0.170103854753754	0.152258854095984	0.2271038737863	0.154369668828117	0.152180992894702	0.142573161107121	0.175173609545737	0.183326479461458	0.169785403693565	0.154252653019597	0.242679332241868	0.133622403021413
GA85	0.152208790399435	0.119572010117047	0.227567773199443	0.116531218590234	0.191144003076573	0.144652317042905	0.0767104957836813	0.122255314894096	0.392353037391046	0.196490625088865	0.325042767055107	0.125072213661189	0.0938303341919726	0.106632456070546	0.181845785090418	0.156669880997277	0.0972660959067971	0.167462245307185	0.0905521872895535	0.0767104936519055	0.382222370065824	0.0844429302960634	0.167069630433965	0.158234354296718	0.175113535815417	0.123981225492452	0.134279823880831	0.653793439118549	0.112038099479796	0.131251189029879	0.174070346738315	0.147894763020855	0.175526586069603	0	0.308067658859672	0.163538493366555	0.183709457591929	0.158991371046263	0.213803191979726	0.113528057819966	0.0783174074809961	0.184838931819405	0.118926888237698	0.110618394093983	0.161741413477093	0.0767104936519055	0.143085869349012	0.110015993110008	0.0876933857045992	0.146974797981481	0.0937376067305755	0.181040733375333	0.15922408490771	0.164596455566811	0.085785756781321	0.0767104936519055	0.226260940497271	0.0891792269216643	0.105830662272113	0.306418888195597	0.376439783759791	0.172588031024042	0.114330184937577	0.093985921355209	0.261933660172302	0.14521128277887	0.146875732249082	0.358736872070968	0.15158785806235	0.120629194051479	0.0980670630574377	0.154311754562036	0.195437852876505	0.141768053907788	0.173917357593474	0.0871367357069194	0.119573285652682	0.143491348157627	0.109365103521732	0.103075502854255	0.102817063078736	0.119382650224548	0.486771577686974	0.0968692875420204	0.166280336678028	0.120105966539922	0.0901083116127987	0.105978536334905	0.140793880391302	0.101517833995097	0.141851734736878	0.254467575801442	0.209078412107898	0.467454564992828	0.110333502932329	0.111223375142524	0.102298596610475	0.147028013292437	0.16506639237732	0.0838534173677967	0.123122402400983	0.123256928066375	0.194781033472732	0.0928478251314825	0.0897929151213229	0.108602503540389	0.135626228300459	0.104978210104611	0.0971226929639927	0.117570845955851	0.101548623895705	0.170195941502849	0.102925972392162	0.101094744158815	0.0906239973776268	0.122792835563722	0.131106519845851	0.107784151165473	0.102883553659224	0.162868517084104	0.0715398943296286
GA86	0.315722782428216	0.291061204190206	0.286891290504071	0.326370664618232	0.319513321750694	0.262153756061588	0.268435816045361	0.273267592294048	0.460116361126755	0.235601768913594	0.340667659586126	0.311808484220746	0.277975514004327	0.28321408894327	0.215917883685442	0.298721695187116	0.286537071896924	0.34441694075411	0.279443297648069	0.268435816045361	0.449630446205236	0.270168703990151	0.327066156147706	0.211899207641531	0.237800509490148	0.29302092551282	0.310848240223196	0.662383289650233	0.289873444597528	0.278094205139863	0.29548165145697	0.31153292065919	0.242373124009582	0.308067658859672	0	0.217087691725053	0.295808764118137	0.287150378179069	0.184834920867073	0.246835701336915	0.269785111675961	0.239307437976352	0.286252092983988	0.297693536513382	0.215444569278396	0.268435816045361	0.306849639524113	0.296203784042537	0.277593165861838	0.266363756561821	0.294459067059286	0.342645061964338	0.296888132739549	0.217568547436685	0.274748646249675	0.268435816045361	0.29529981851352	0.260662885100553	0.29146564962587	0.417432313465109	0.431297619836499	0.229604691267014	0.293460244783247	0.282252995127981	0.333778041104476	0.305538414027354	0.32271895414651	0.410086511963546	0.285166163336147	0.292836062384374	0.283675245037585	0.335877740925009	0.33320353323161	0.289103726320194	0.297530195704012	0.277277768185042	0.299974256693715	0.315169035184263	0.271487840423078	0.291002223512741	0.276607136759493	0.305638956903207	0.453774692885803	0.313964489282984	0.336422051895748	0.300630866879165	0.280064325967822	0.257541753201172	0.321522698859976	0.282895584449624	0.325625359409987	0.367119442934942	0.319003605180317	0.545389499628183	0.296611310707198	0.295563021242016	0.287518840847593	0.327127047409915	0.322667094041603	0.282831232881907	0.284512514342563	0.293204539878802	0.343574018189401	0.29007511390279	0.289212640563045	0.294356909514678	0.302224598298169	0.27968974953348	0.269112300014857	0.303672007764831	0.285888618291026	0.271277615744056	0.297317716208371	0.286644753934157	0.280254022265323	0.306169988380538	0.313365682206973	0.296943339509795	0.288215430547493	0.3339808918912	0.27880588467374
GA87	0.187331387641454	0.138448768191867	0.163804324663649	0.200247436235047	0.240778376357724	0.148582658006085	0.0939938609648232	0.141121531375731	0.4528048041493	0.0759661647519379	0.29636729388225	0.1601640042482	0.127121670679613	0.12519881633496	0.0528384743239542	0.178342593062406	0.112853465959279	0.23397255350243	0.108930617947169	0.0939938609648232	0.411682720437194	0.102106132892647	0.189536924012984	0.00624839457297566	0.0553270457218392	0.152565809512379	0.17175086610245	0.691451855982193	0.131719607220154	0.142528927762701	0.123698465488475	0.18203586505519	0.053232406181368	0.163538493366555	0.217087691725053	0	0.206490849530456	0.165544504497313	0.08300120759793	0.0597589103260426	0.0956918141155532	0.0559641037776013	0.142255340335947	0.125679174381675	0.00624839472349244	0.0939938609648232	0.163992043321181	0.129639062767077	0.105879533320966	0.0913506257865164	0.134343039282043	0.204393074669019	0.248563375737932	0.0151130732318217	0.103607125806086	0.0939938609648232	0.116239619902288	0.0806155001575297	0.123332393365075	0.359263974307763	0.422796870421882	0.0291022708771205	0.131342257438886	0.111284752385785	0.301848951388489	0.166372141753784	0.162689107686582	0.392150832848115	0.176927252249284	0.140166994673435	0.124726789994071	0.168401184030856	0.221682558457057	0.162041354811553	0.194614529684939	0.105030556294051	0.1373598736645	0.163911735620162	0.128324997997043	0.126999516905558	0.121232188485488	0.133423848961941	0.525160200969137	0.15979683421778	0.22430935050502	0.14434262869334	0.108426462896545	0.124726348453098	0.156736010629119	0.124730802470385	0.179936385892256	0.278825081884861	0.257413958585021	0.495601006830582	0.124157059824828	0.130911056592007	0.131564939338149	0.163450456779413	0.183619015897163	0.113826838933458	0.143817061652439	0.147403368067862	0.217020939395885	0.119357270198037	0.125150745941533	0.127107329666615	0.153987752593527	0.122634445025463	0.115852426248367	0.131713071405286	0.120158079070876	0.19898788555704	0.129459081048315	0.119753396345509	0.107668546338876	0.139724098070703	0.149223658246825	0.138236026420738	0.117268664367271	0.232780669825246	0.109572146501806
GA92	0.192238787734749	0.16323948053248	0.294929911391904	0.227714673437253	0.237414720759849	0.221744246178805	0.12412739983487	0.141588096892593	0.376224367004452	0.231656225793289	0.365370334398867	0.181155907159502	0.141582106475276	0.144850196561428	0.209729675466966	0.184503501488103	0.143540380880086	0.23577575972586	0.133198800788383	0.124127396655203	0.365801612235079	0.126712625601677	0.199249491170801	0.201464479996098	0.236410824186874	0.159230438296241	0.191172671588984	0.654366199416344	0.151704420495515	0.180661243320716	0.209712780184216	0.186600751798562	0.232033941029298	0.183709457591929	0.295808764118137	0.206490849530456	0	0.2112009650228	0.18958564930492	0.159108002830033	0.125596467066895	0.234561484871489	0.138493338844391	0.15614506707649	0.204750327525115	0.124127396655203	0.174941140067096	0.155121255026321	0.134647376158021	0.189087636543043	0.158418394248895	0.219726063536875	0.201538187084776	0.207169476332087	0.132284350693226	0.124127396655203	0.261055760838167	0.135762194717171	0.150990211188492	0.318956809513497	0.349944785538346	0.211554147754655	0.148223226758266	0.140105182022759	0.252227122208687	0.173520157584036	0.191731513073348	0.374990463708386	0.189335770001917	0.157808217963185	0.151284422085743	0.197743322060566	0.216201078936909	0.164276633524533	0.184725889277579	0.13376362305699	0.159010197892032	0.18386879217143	0.138857735076336	0.149058711197641	0.132802168904531	0.16429979451979	0.442426871922281	0.170487146335419	0.212087969361532	0.163605964507418	0.136614492821573	0.118465262004221	0.184279623431991	0.151732303653703	0.198481477947548	0.256295215451356	0.213035799562931	0.467301363896842	0.15596582985135	0.15598155336097	0.153306235041883	0.189948597189152	0.184445868989434	0.141207869305755	0.15027495345684	0.160013977475841	0.226545888215604	0.148831427849904	0.150746554211535	0.152761448739153	0.168496549054228	0.139554283384121	0.12851861089167	0.163075952292091	0.146472949798059	0.213382473723455	0.157138222094738	0.141049553574336	0.137642466961735	0.168389091512772	0.174805645501674	0.162772983839416	0.148248932540718	0.240048061792899	0.137323401868343
GA96	0.187804502458547	0.141436065857609	0.267774240988674	0.197087985529292	0.206754193923464	0.197704146155203	0.107781754228199	0.1503814279638	0.425269836277673	0.206261084066949	0.352836881698382	0.150179419779416	0.134221197585716	0.130293523704614	0.191548559127959	0.169381250782559	0.12756443461121	0.230236909982532	0.120476574467664	0.107781752445406	0.396392434835434	0.115118375283224	0.1960928423349	0.161137301220813	0.194356050031881	0.15615407013419	0.171325238064082	0.641664380979056	0.13194429812332	0.169970465908674	0.186934396916191	0.18307338010595	0.190862234493699	0.158991371046263	0.287150378179069	0.165544504497313	0.2112009650228	0	0.217091249245586	0.129628314608426	0.109328479449632	0.190737361191875	0.147180387392791	0.133281574095364	0.164913049005348	0.107781752445406	0.172385846970208	0.120442755906043	0.115640644915402	0.165722223431474	0.137298865300236	0.20981664217143	0.225754849838488	0.156435128216716	0.101905937485322	0.107781752445406	0.223853897002309	0.117469015879312	0.132688504300141	0.347809332338246	0.386619263977715	0.168221470213147	0.138302414894405	0.123907403662951	0.269530655477535	0.175448917416912	0.166967364159798	0.351784640038856	0.161642457226837	0.148954193474668	0.13097628600886	0.165453601045289	0.199322104284709	0.169233144072797	0.199710299420838	0.115323004256369	0.141198645148313	0.172358725483369	0.13893530732303	0.132887527440684	0.128986196724152	0.141958889570275	0.483821955142599	0.163030182011425	0.205402004532516	0.134815368886021	0.121123055767531	0.13661683314113	0.160056106162944	0.128136713979672	0.185747039843012	0.279104089947662	0.253332764851023	0.466367061089988	0.133241537045876	0.134438976278585	0.135809638236433	0.167379385876385	0.187248719348149	0.120884066306506	0.14457936116466	0.149637789418451	0.214172842442011	0.127603534082271	0.129844054532698	0.132928793939451	0.158206946141265	0.135011904665993	0.126139832961589	0.14094360188741	0.131801101040434	0.163442917074067	0.132993485816199	0.126081565959436	0.119492780285502	0.145833449475844	0.151442255015777	0.13840968145829	0.13078235622232	0.211996770115814	0.113921043735863
GB101	0.215141361861518	0.19212752708582	0.213849759199704	0.24583622617553	0.264602903239053	0.19369696253779	0.152944929446235	0.159475096698963	0.446564482016997	0.137597078551548	0.280026149305731	0.214723333565876	0.181816796612258	0.16966448671589	0.0702286360390259	0.202615963238658	0.173497964185898	0.275939301559419	0.166479921626924	0.152944929446235	0.408046572196363	0.15996817273624	0.236637387612853	0.0772403656232237	0.121608457104726	0.182450490693251	0.221256636158384	0.693432042092988	0.186064606739415	0.189384735537448	0.180695835839618	0.230143657988972	0.117693259935788	0.213803191979726	0.184834920867073	0.08300120759793	0.18958564930492	0.217091249245586	0	0.123177740610007	0.154521254051213	0.120407642589675	0.195259716324132	0.186835908904822	0.0810809268644362	0.152944929446235	0.214115767617418	0.1856894232709	0.163979201681084	0.150789745076738	0.187980466193021	0.250020274008163	0.180489369414069	0.0848514915848471	0.161302149822616	0.152944929446235	0.181323939802671	0.141494010358748	0.180980500548777	0.335503789361077	0.404591332180331	0.0995676187102241	0.18146182431115	0.169921532348551	0.262301485947888	0.191982879331618	0.223619599760783	0.403626359321854	0.225228998095098	0.188649871207849	0.181415472292539	0.231033812869679	0.251506431912533	0.178266831795977	0.206048836461221	0.163191039077561	0.195616374563689	0.214190470600369	0.153041783607367	0.179174042259804	0.154626945805068	0.195509714610649	0.50109617005695	0.211534796640126	0.225668576028612	0.192252319720056	0.166343688588552	0.120320879299231	0.215982011848628	0.181736782268442	0.229151684677962	0.274041188636211	0.213918271389875	0.517279178205163	0.18645215636552	0.186246008207702	0.184956300439257	0.221973614108683	0.20764852571066	0.170793121059736	0.160844424231486	0.181808829006523	0.261220950670917	0.178936904804273	0.180105236217831	0.184819043661007	0.20722565732219	0.163096824453937	0.145276346215696	0.193990184351651	0.175728662823788	0.245796584721768	0.187637875251698	0.17593690805664	0.167131850891041	0.198700443888553	0.20648171903208	0.19289643317461	0.177913079433369	0.271112472270474	0.166488294423831
GB102	0.13595934834971	0.0875042902700829	0.196650359535007	0.148107408047324	0.19495486735244	0.130845834058945	0.0402127782052214	0.0902459010425391	0.419852184526848	0.11671380412699	0.319238787573395	0.111432506298326	0.0751833509691436	0.0710875552542733	0.0963405385011374	0.129455478814892	0.0622287179446883	0.187918903324941	0.0554300973831554	0.0402127763613908	0.375935667693013	0.0487786937279232	0.14106551795784	0.0536862290417305	0.100762061548956	0.101932519322468	0.122485565840069	0.672499385747043	0.080069064774146	0.114108045425529	0.117441177180018	0.13296310926289	0.0964139442364074	0.113528057819966	0.246835701336915	0.0597589103260426	0.159108002830033	0.129628314608426	0.123177740610007	0	0.0419071389155255	0.0987647053117704	0.0926525892520493	0.0766038695218587	0.0576761121852229	0.0402127763613908	0.11435191865747	0.0761625799115258	0.0520661332070677	0.0828018332078978	0.08276218155192	0.156435291000614	0.203581401043468	0.0617428571079867	0.050368793910802	0.0402127763613908	0.147407205041611	0.0429884845089882	0.0685965717779567	0.323734759381323	0.387726106577449	0.0730727934325584	0.0821131596134769	0.0597390845756639	0.260368682519354	0.116877265726075	0.119224604793043	0.355565314867882	0.128138800857194	0.0884467535699257	0.075099070246021	0.124035249906357	0.174708534596544	0.112525995331581	0.149556829848073	0.0512027938596227	0.0870379499263234	0.114076259433094	0.0765252702145113	0.0739641822780473	0.0686108874382846	0.0860865179524578	0.49615117772059	0.11030055071707	0.177841509795851	0.08962063162089	0.0546058816647138	0.0726177297965294	0.110079849120041	0.0736735596067526	0.132031532107956	0.235871304240492	0.212476567177083	0.466264823470453	0.076953482870577	0.0780598315400909	0.0796217472866328	0.116862655438558	0.137574159173351	0.0605390128406762	0.0910708394578912	0.099130914189072	0.171903294981504	0.0690999681769748	0.0729221959287922	0.0751632013348768	0.104550927181286	0.0717817028476433	0.0627984174649523	0.0842590218579227	0.0677808058457543	0.150995082428886	0.0784150921466826	0.0666569018680038	0.0554476770186665	0.0914127855194789	0.0991116432529507	0.0860734357489179	0.0691063140678887	0.186602300381043	0.0565795854881707
GB116	0.1046196878711	0.050990719780928	0.223590261180593	0.132682594282534	0.163300525246546	0.129003616887135	0.00169795642233152	0.0539857999732097	0.396961637970173	0.148816080481717	0.338685367745582	0.0766001075619098	0.0380433345533381	0.0346984791080232	0.129295708479905	0.0960609948337831	0.0220733908842308	0.15596670860594	0.0171949493538852	0.00169795315072994	0.351691942925405	0.0105802138533556	0.106915657512016	0.0899951350357797	0.133347195733075	0.0658738560824081	0.0873947041579569	0.660064622609302	0.0432333316315304	0.0934875294039346	0.113996744884949	0.0985676030242684	0.129472659242274	0.0783174074809961	0.269785111675961	0.0956918141155532	0.125596467066895	0.109328479449632	0.154521254051213	0.0419071389155255	0	0.132017880903952	0.0719452011163789	0.0382039455151317	0.0937929210638759	0.00169795315072994	0.0788290074678382	0.0363665165737121	0.0135836252058395	0.0799909595193134	0.0459990753895707	0.122898517722132	0.172013672764855	0.097412409354942	0.0122905309321453	0.00169795315072994	0.163412291942296	0.0150763139580235	0.033932064971116	0.299294437347638	0.372920354809424	0.106209921039114	0.04479112474229	0.0215234819686774	0.230720549934741	0.0815812405386959	0.0803868502115059	0.33019330435329	0.0930668852583627	0.0518062153473647	0.0379319278278736	0.0823507273588518	0.140055761550262	0.0768700998201214	0.114326211557996	0.0127346484799578	0.0473586336869483	0.078434354804381	0.0396630162693033	0.036195636134256	0.0294719801256151	0.0460530958241887	0.476701024054277	0.073630256352551	0.145412474569648	0.0543047931854322	0.0127346486304746	0.0357052351940762	0.0708847409960899	0.0345309905783095	0.0970571347785116	0.205473413070043	0.181525614169059	0.443101964514665	0.0388828124662842	0.0386819572498401	0.0427808203179427	0.0778894804493345	0.100489308700116	0.0207671089605852	0.0534491216895556	0.0603039040220807	0.136207334264511	0.0311000279028608	0.0359785998936253	0.0353235915453747	0.0683445797649899	0.0345310411096146	0.0249661835606652	0.0458447349191916	0.0304776831257223	0.116990669583431	0.0395919443155178	0.0288987074310731	0.0152815783565695	0.0527535112518253	0.0578478532608109	0.0464644012126056	0.0313969918649004	0.154351904988289	0.0187923881516914
GB118	0.207445266120362	0.169492131005032	0.17587677052602	0.202006835377578	0.254198061697411	0.16120638577926	0.130408175063856	0.174027339677618	0.449748452263649	0.113893767310814	0.299994705376601	0.191096700426906	0.157621039660892	0.157932180723157	0.093204165949966	0.208606187141303	0.151422598295742	0.243126277219165	0.144560688824365	0.130408175063856	0.42344477712506	0.137813939590647	0.21852324263315	0.0500683562472613	0.0837914083491672	0.18414125335638	0.199805891348256	0.690374503232012	0.164915299927345	0.175625804435424	0.165318090543903	0.212092182250938	0.0920916874187462	0.184838931819405	0.239307437976352	0.0559641037776013	0.234561484871489	0.190737361191875	0.120407642589675	0.0987647053117704	0.132017880903952	0	0.174793752004402	0.163101091755159	0.0541164038157222	0.130408175063856	0.19487447178725	0.164041022835958	0.141852610791572	0.128199187568342	0.167062029543549	0.233143510165239	0.241890276321257	0.0582346467564654	0.13924743807075	0.130408175063856	0.156717940337128	0.118036349313428	0.159436905399115	0.377024528203589	0.432092554942526	0.0732062206123814	0.166583261104545	0.148203244715026	0.318266625732484	0.19692167421483	0.203841572533352	0.402402158186893	0.205272740035346	0.172894557843907	0.157665797481031	0.209055328760484	0.246813481955817	0.193775950131392	0.227287954603783	0.141091881150549	0.173090765271524	0.194676746322651	0.162057189778848	0.159890981485145	0.156179450301811	0.172513893758408	0.527228836760376	0.192323413536404	0.250754258473112	0.1767810528176	0.144046551275133	0.158949964651556	0.195459656191595	0.157954186577388	0.210139532658187	0.301254061812704	0.267139809224943	0.507024565429399	0.164904716866787	0.165274210801028	0.160129008494844	0.200124161261501	0.217585674289501	0.147785619578578	0.177137691489976	0.174719737635718	0.248724104253331	0.157508300786669	0.159496160092378	0.163584136752167	0.186335479219755	0.158974317137641	0.150700342775595	0.170918376006261	0.15450782705136	0.2214374333018	0.165956880934913	0.154372392052954	0.145160269631882	0.177525811047867	0.184287577415958	0.167706361021658	0.156616686946816	0.245445352913153	0.144784708290991
GB119	0.153129052333157	0.113781649882745	0.23545259395332	0.157426347184663	0.208818860728331	0.17141687454223	0.0703458770582772	0.110571366273845	0.419227448978809	0.160786672147235	0.332203085825901	0.118449184441506	0.0755615033999537	0.0999581212497721	0.165867246160604	0.154398385360084	0.0911596278199042	0.184816871553358	0.0846739388400256	0.070345875477851	0.371922978247055	0.0672008430754596	0.144827125499947	0.136954765578713	0.175850455131796	0.109814590765069	0.13511197122209	0.652062858595993	0.0854186902217793	0.0989312471426798	0.160302888489131	0.131622857216633	0.160859449794798	0.118926888237698	0.286252092983988	0.142255340335947	0.138493338844391	0.147180387392791	0.195259716324132	0.0926525892520493	0.0719452011163789	0.174793752004402	0	0.103978051982745	0.140496792140031	0.070345875477851	0.115179972346834	0.0932037467231052	0.0815223266530519	0.125993604611869	0.092474480357134	0.176662959271308	0.211160457043937	0.133788165043701	0.0670199018686709	0.070345875477851	0.206025813903772	0.0806801051202446	0.0991896197124563	0.303537846815707	0.337641863660379	0.152376428397015	0.108853250365667	0.0873149669907912	0.265293007660093	0.140125571815956	0.142275421532116	0.349312919408384	0.140893683458368	0.106951112962431	0.0924381656252375	0.146207496185194	0.184101875062392	0.13104720218013	0.165910706864764	0.0808433417343732	0.106338413375797	0.138130831936694	0.103133521785941	0.0985867894358105	0.0966964944294005	0.111140822107443	0.482746101238511	0.115875612267039	0.16006809506904	0.103289242081269	0.0832002606205266	0.100237306508452	0.135036626247445	0.101458157516188	0.145702025881319	0.242341869482488	0.209695004980371	0.456200660780223	0.104030852403605	0.105516946413601	0.0991597799113905	0.139067057030972	0.160314484414729	0.0801511624395245	0.117255956235558	0.119820305005167	0.182588223367929	0.0904630130965902	0.0893238520983494	0.100548346348182	0.117572037691269	0.0967630952069856	0.0904002096315827	0.108585305210918	0.0957083977533109	0.166489016339935	0.0969826985489238	0.0948646864054179	0.0837257850275497	0.117126510337447	0.122520231651236	0.112652775314119	0.0969524192388612	0.181901595508209	0.0706509769038118
GB127	0.135546893319976	0.0840763241767582	0.252944644502919	0.1634855988633	0.192259089739034	0.160680445579041	0.0365059943284199	0.0870368010881874	0.418229265345467	0.181342521249646	0.364224165979058	0.0978641658927305	0.0716467413938407	0.0565960622637185	0.162999688073842	0.120046767053392	0.0415998517413332	0.185493881955291	0.0400908509212913	0.0365059923644018	0.374776476260388	0.0452058329952486	0.138272039046643	0.12480317432471	0.16289702547018	0.0963084532531223	0.118280928130403	0.67198391333975	0.0750917059962045	0.125819425540741	0.106818452237569	0.13031995217457	0.16272029024784	0.110618394093983	0.297693536513382	0.125679174381675	0.15614506707649	0.133281574095364	0.186835908904822	0.0766038695218587	0.0382039455151317	0.163101091755159	0.103978051982745	0	0.125387174463031	0.0365059923644018	0.110479940274599	0.0424004050931244	0.0365059923644018	0.113559204341863	0.0791880414642469	0.148029294918583	0.200883269761548	0.131923178831736	0.0467292367565361	0.0365059923644018	0.155556180156918	0.0498843530211786	0.0549819640173544	0.32354279532276	0.395102008876174	0.131232596783325	0.0651328238385795	0.0458151715798209	0.258165155885497	0.113637585061217	0.071770961706837	0.353281292650435	0.119023649718123	0.081827255172862	0.0664500587459917	0.0475426881451799	0.15281861064711	0.107061662984015	0.13558676528434	0.0390529222410135	0.0481469644365287	0.107586957740061	0.0728221042740225	0.0511160694589519	0.0598792444274883	0.0435468057603246	0.494271553074471	0.101410755116229	0.175070663631865	0.0746816428227708	0.0356570157890368	0.0691753601034482	0.060562615612089	0.0639083969472635	0.126446644276983	0.233236604417213	0.209556099384873	0.441252131353725	0.0499429310662578	0.0547227630335273	0.0701705971450517	0.0625952934150142	0.104463693826939	0.048534363997404	0.065371879122474	0.077093999908127	0.142281379738841	0.0452203143651437	0.0696468796543401	0.0462797183656331	0.0906228113242171	0.0634135059128055	0.0499284366766612	0.0399018988163784	0.0642663554260225	0.146360084771959	0.0546155043623664	0.0532571169538329	0.0466937112687814	0.0618752313382698	0.05396199314808	0.0622189838928406	0.0523915230437662	0.182820560166029	0.0531096833974424
GB128	0.18561808087609	0.136979173530232	0.161860969406788	0.198524346932618	0.238872060947346	0.146561756805338	0.092094967913146	0.139356262078791	0.451919759764816	0.073830795051022	0.295091750344845	0.160127281766347	0.125228872278122	0.123342146325593	0.0508545668362969	0.177232226262791	0.110954572832344	0.232422370049689	0.107031724744975	0.092094967913146	0.410486910078261	0.100184572390234	0.187760598957539	0.00416559658267281	0.0533556066679232	0.150947515786898	0.169939376940631	0.690853030994685	0.12987315963314	0.140697656180521	0.126472420576546	0.180448149039288	0.0512328722674136	0.161741413477093	0.215444569278396	0.00624839472349244	0.204750327525115	0.164913049005348	0.0810809268644362	0.0576761121852229	0.0937929210638759	0.0541164038157222	0.140496792140031	0.125387174463031	0	0.092094967913146	0.16230173506821	0.126148931080043	0.103980640269289	0.0893676588782156	0.132450816682493	0.202538377407825	0.246988443413166	0.013042382754837	0.101728381457353	0.092094967913146	0.114313358986619	0.0787166071058524	0.121517564913239	0.358019572616828	0.421592333401092	0.0270926843989979	0.131039848607598	0.107778966351591	0.30026646733585	0.164823714380312	0.165259530899501	0.390983246492617	0.175412644942602	0.138194545877702	0.124182175656762	0.16971607701947	0.21856828553207	0.160577382478449	0.193461887011624	0.103131663242374	0.133835543887784	0.16206515565364	0.126681609813011	0.125137211924249	0.11940982787296	0.133152530801417	0.524117044728212	0.158002741559587	0.222593220797452	0.140930833915869	0.104920676937609	0.122827455627196	0.157991878312043	0.124438802325966	0.178699709776074	0.277698122265965	0.255765402708391	0.495563464333313	0.126974206681203	0.129031267506306	0.129965373662987	0.161533837742878	0.18437955889738	0.111888169715501	0.140379286625169	0.14586021066314	0.216430839640324	0.117385201156139	0.123215264970004	0.126815329747971	0.152043800236601	0.122396730639116	0.114021544053097	0.136241750283675	0.11836775715905	0.197193977206644	0.129130493134561	0.117795494620246	0.105769653287199	0.137825205019026	0.147324765345665	0.136433852065091	0.118543635940913	0.231202664926197	0.107673253600646
GB130	0.103071930824107	0.0493351422588934	0.22204829060068	0.131184087454746	0.1616861280242	0.12749370480088	3.33905728431597e-09	0.0523026661778038	0.396066892478201	0.147147766192152	0.337633735001689	0.075067341290038	0.0363859192214229	0.0330176082195131	0.127663188058921	0.0944966206590485	0.0220733908842308	0.154492097596327	0.0155264387904394	0	0.350688345805563	0.00892279852144044	0.105428901529222	0.0882971818850498	0.131816354589631	0.0643408696985606	0.0857306739146059	0.659487966335181	0.0415964137499381	0.091925789197587	0.112364176373854	0.0971210895087382	0.127894305370071	0.0767104936519055	0.268435816045361	0.0939938609648232	0.124127396655203	0.107781752445406	0.152944929446235	0.0402127763613908	0.00169795315072994	0.130408175063856	0.070345875477851	0.0365059923644018	0.092094967913146	0	0.0773003577734485	0.0363567957108972	0.0118856720551096	0.0783693216872787	0.0443846509989464	0.121335325179377	0.170605399692901	0.0957234644077041	0.0106105942260286	0	0.163230022293224	0.0133783608072936	0.0322412930794276	0.298190693286332	0.37177501438242	0.104552339047495	0.0432003884943146	0.0198255288179475	0.22955174379126	0.0800977367719617	0.0803868502115059	0.32902739746402	0.091458415349174	0.0501859526366296	0.0363302012209338	0.0840486805095817	0.140111752663447	0.0753356738185341	0.113171170098764	0.0110366953292278	0.0473586336869483	0.0768990720612834	0.0380258773914491	0.0344976829835261	0.0294719801256151	0.0460530958241887	0.475750961538517	0.0728386038293441	0.143882608925453	0.0542913406635776	0.0144326017812045	0.0340072820433462	0.0708665001497726	0.0343656997488003	0.0955694887147407	0.204195744310967	0.180069137195295	0.443202358002614	0.0371848593155543	0.0386637165540397	0.0411031360766201	0.077804132355283	0.100331894187915	0.0207671089605852	0.0518119828117014	0.0602696792909292	0.136136630512398	0.0294020747521309	0.0343133630325096	0.0353235915453747	0.0666762653813519	0.032854285020607	0.0232682304099353	0.0441467817684617	0.0288768126205965	0.115455841777301	0.0387719721730911	0.0272007542803432	0.0152815783565695	0.0525480742857914	0.0595458064115409	0.0464644012126056	0.0297332033138685	0.152951937055949	0.0171271512905757
GB144	0.141138961134159	0.119723936580498	0.267965023791549	0.191076406400011	0.215336694861903	0.189542025779233	0.077300359274715	0.114633262270328	0.41276683259492	0.191572634935981	0.348663228780332	0.139056783470542	0.0860030512711165	0.106449340931093	0.19288459849177	0.159696603551356	0.0976826251493861	0.181925279172984	0.0909640961938133	0.0773003577734485	0.37850048536002	0.0706097818346638	0.143751030091685	0.158772134269127	0.197454299439083	0.11750772482518	0.151337285384987	0.648599868470972	0.0967271891093314	0.127938138321042	0.179673839605065	0.129460621832146	0.183819807614341	0.143085869349012	0.306849639524113	0.163992043321181	0.174941140067096	0.172385846970208	0.214115767617418	0.11435191865747	0.0788290074678382	0.19487447178725	0.115179972346834	0.110479940274599	0.16230173506821	0.0773003577734485	0	0.110371376039705	0.0883400293085912	0.128726112797405	0.115184480644236	0.152357210132359	0.224623702090196	0.165111478154707	0.0863527763597291	0.0773003577734485	0.225892587066299	0.0895870426914307	0.106019525779086	0.304891796274619	0.358142706932444	0.173155004327947	0.115346443491301	0.0912633846805553	0.261956133098915	0.139369942812305	0.149883871992128	0.338416908877064	0.145559615747194	0.103576824370057	0.103612626479431	0.154852042821321	0.179431655604129	0.124207054528248	0.174555877882122	0.0876101220421719	0.11220188993923	0.143403198438311	0.109894672841436	0.108120023526929	0.103250281339643	0.119676994028116	0.453904155679423	0.140341969639665	0.176979057039275	0.120697538961064	0.0906674225598273	0.106643198754149	0.141461974216832	0.10750463117629	0.140717298074654	0.217855953808987	0.187958141920542	0.445931777508572	0.111215531393284	0.111784474096364	0.108059950812597	0.147755042264106	0.158863182546514	0.0960134802141575	0.123887522936319	0.124716737147684	0.184789632964465	0.103987381765337	0.106959036767784	0.106794381382489	0.113824639130722	0.104944837251396	0.0973654538204875	0.118208595542143	0.102212949176178	0.171633236366559	0.11271666720359	0.101377658094421	0.0913801197940954	0.124405185626161	0.131552620348756	0.118129068063666	0.103345823427192	0.204939265820113	0.0918114439894756
GB147	0.130759328651353	0.0835956623307382	0.251595229361997	0.162486144548489	0.189772895932423	0.159366083660662	0.036356798095978	0.0863948845953652	0.41603805997757	0.179943932577817	0.362346927023897	0.0852389327400938	0.071347118835106	0.0578427864661948	0.160929576014027	0.117782423672539	0.0431813348856087	0.184445795612504	0.048351834744516	0.0363567957108972	0.372597912947337	0.0448798908842633	0.137278201538279	0.123972606553574	0.161129494508108	0.0952618528684281	0.118688928537221	0.670233954684903	0.0632860781554359	0.125081420509201	0.11645887647238	0.129102454003361	0.161703480087747	0.110015993110008	0.296203784042537	0.129639062767077	0.155121255026321	0.120442755906043	0.1856894232709	0.0761625799115258	0.0363665165737121	0.164041022835958	0.0932037467231052	0.0424004050931244	0.126148931080043	0.0363567957108972	0.110371376039705	0	0.0447842173767511	0.112953496344312	0.0788001857716778	0.149390502607055	0.188077132659729	0.120262655344876	0.0314527247006995	0.0363567957108972	0.167842252349312	0.0496121308004314	0.0579794964026284	0.322082442842951	0.393381977623159	0.132027422463653	0.069623818451708	0.0456371946787142	0.256072856692804	0.113239896860011	0.0850840321262226	0.351992605762048	0.118314753568759	0.0811140603771565	0.0620950232871404	0.0627199135005775	0.148219791532616	0.108474179020509	0.135635884140025	0.0422553038977162	0.0597483381685434	0.106956413947046	0.0723057473925027	0.0590039227590567	0.0546991108173523	0.0419195629938534	0.492609397630499	0.102403715676205	0.164656474885314	0.0610699101370016	0.0406052427121786	0.0687268451420647	0.0815267158164219	0.0571631353085089	0.127859458543661	0.232202448364761	0.208489343015985	0.440026122813273	0.0579732801351282	0.0545231917910654	0.0745934381083858	0.073952131349631	0.109423426967679	0.0447282399323703	0.069123291513986	0.0746266174628729	0.139197614486094	0.0549082451057856	0.0692490953858001	0.0429633276424173	0.094702061453853	0.0629503616094213	0.0533912623244705	0.0482974872275284	0.0639582953575735	0.143569539159988	0.0584981012713126	0.0529391619028768	0.0481530991147714	0.0731077079256677	0.0637837060529626	0.0684941851656244	0.0602843253261814	0.182351136128559	0.0526866940593328
GB149	0.113603946683435	0.0607534386593886	0.231848664356	0.14171796527249	0.171466136332413	0.138328672857071	0.0118856749219769	0.0637568964086699	0.403304693825317	0.158178722316569	0.34650323366878	0.0846969309554558	0.0477263996321143	0.0408208535683125	0.139118143931182	0.10331056444821	0.0254692971856907	0.164623854587776	0.0223491824787072	0.0118856720551096	0.35849390126238	0.0207273947695891	0.116088198911813	0.100182854241193	0.141510243819217	0.0750139501848907	0.0967225573881708	0.663548213062864	0.0529184226097182	0.102881907570091	0.109720382505482	0.108048732157307	0.139290019267737	0.0876933857045992	0.277593165861838	0.105879533320966	0.134647376158021	0.115640644915402	0.163979201681084	0.0520661332070677	0.0135836252058395	0.141852610791572	0.0815223266530519	0.0365059923644018	0.103980640269289	0.0118856720551096	0.0883400293085912	0.0447842173767511	0	0.0899369503474898	0.0557491613006351	0.131947307386483	0.180463310594511	0.107501038547718	0.02237015247646	0.0118856720551096	0.159292238247063	0.0252640328624032	0.0356326788690178	0.306580737910487	0.379230080981447	0.111666442544171	0.0530552569438111	0.0297874042557345	0.238761452299477	0.0911803465675224	0.0778257341284041	0.336966587437524	0.100163487943284	0.0579415604735565	0.0478941528032524	0.0721630084544721	0.140759569094187	0.0848131306055519	0.117642387051624	0.0212244142336075	0.0490942948845902	0.0880273412724938	0.0496697075890772	0.041140544708028	0.03591414638842	0.0443366492223559	0.481694299915824	0.0814387117973482	0.154070148150427	0.0635028165868587	0.0195264612333943	0.0456496967059193	0.0644119939381125	0.0409901574856103	0.10681594603441	0.213338034171047	0.189933951774781	0.442559642021102	0.0388850865866801	0.0420824975113977	0.0526998278430917	0.0763197760991376	0.105303146678841	0.0309192604112505	0.0561366103062726	0.0645655377608056	0.13585247756029	0.0360630224976275	0.0458133890848569	0.0387526206634562	0.0746684904878188	0.0444902894275282	0.0332735067214629	0.0424488286177317	0.0403741544695816	0.12582086355924	0.0403137676643603	0.0340472416519517	0.0186774846580293	0.057530526485708	0.0629451883524054	0.053497000776156	0.0397341763882926	0.162948200836627	0.0288165257585169
GB151	0.14931275153702	0.122127415668784	0.220009171639127	0.182665459153177	0.22336202548497	0.16122163009049	0.0783693222799385	0.114654234582276	0.415841571459867	0.126476787406989	0.30629428205165	0.142672430404057	0.11059509280768	0.108568410868898	0.12429443803249	0.162554697491078	0.0996014429444466	0.216298688240726	0.0929949107589294	0.0783693216872787	0.393730561841618	0.0862798996721253	0.172672570730099	0.0857147200390546	0.128774712784122	0.135323685114131	0.155125761536336	0.661769780847761	0.115511207182826	0.145007734582054	0.150764474899254	0.12785811236862	0.11047086177977	0.146974797981481	0.266363756561821	0.0913506257865164	0.189087636543043	0.165722223431474	0.150789745076738	0.0828018332078978	0.0799909595193134	0.128199187568342	0.125993604611869	0.113559204341863	0.0893676588782156	0.0783693216872787	0.128726112797405	0.112953496344312	0.0899369503474898	0	0.117813474018917	0.143919361388367	0.230780618660378	0.093132326210087	0.0877954786586942	0.0783693216872787	0.178931958107936	0.0766634139505149	0.107940947185412	0.317699277190247	0.369185377702569	0.105763012486877	0.117825784447669	0.0883118862643687	0.270149016395362	0.14203341451069	0.154114935471855	0.364060237853214	0.159693380526145	0.11459458776458	0.108288617117914	0.159178226207844	0.196114151399921	0.131521977710001	0.181027056621105	0.0889490077629535	0.123043491975451	0.147208210024418	0.112269598040542	0.110405014903106	0.105378803194999	0.122735683100693	0.485144097395618	0.143858807255523	0.168843045416805	0.121731600112686	0.0924820971835141	0.108805541071401	0.145138503005258	0.109293794795645	0.12915818788337	0.229932396324596	0.209603197157684	0.451374996491153	0.113417703347902	0.114031810595682	0.115453100829112	0.151201979492349	0.159760680124916	0.0974769477516112	0.127197537448897	0.133632105643475	0.196297577996221	0.105874695918626	0.108165717627289	0.11180429027952	0.121093858889483	0.108272669940359	0.0993657254736231	0.12103874787613	0.104177101138942	0.182888120450456	0.114671334878288	0.103435178635397	0.0932580246543041	0.126160462838456	0.134692376234917	0.121466850034065	0.105647412768443	0.215981711990981	0.0935464575980799
GB155	0.137255305052744	0.0897686141119762	0.242495684837452	0.146277573636987	0.193693804225386	0.163072760301557	0.0443846555038786	0.0924120647362386	0.409339997503493	0.172432379213848	0.343661713178712	0.109833226304012	0.0708386035955915	0.0750550906634842	0.160289289975407	0.131349664473097	0.0656420410130963	0.18622696339482	0.0590783732407021	0.0443846509989464	0.369747710649413	0.0525245590492932	0.141422857502193	0.128762794714985	0.169099350469281	0.0993845471830079	0.113821418542001	0.6576288486972	0.0827245593936455	0.104121216394082	0.148708398486817	0.125107967793339	0.152136531893653	0.0937376067305755	0.294459067059286	0.134343039282043	0.158418394248895	0.137298865300236	0.187980466193021	0.08276218155192	0.0459990753895707	0.167062029543549	0.092474480357134	0.0791880414642469	0.132450816682493	0.0443846509989464	0.115184480644236	0.0788001857716778	0.0557491613006351	0.117813474018917	0	0.152861923054613	0.201472461223602	0.135596416439071	0.0540876687419685	0.0443846509989464	0.199376188820661	0.0571277555868481	0.0748825953570282	0.300087518086939	0.369822332052269	0.143878887172299	0.0846831435055444	0.0631616305973795	0.248351084952704	0.118499871983071	0.120330447067667	0.349712920083542	0.128749192908707	0.0905246939510107	0.0740365885348633	0.124702858653936	0.173214555181789	0.113782572061426	0.148085584299582	0.0549746648304992	0.0891266772617595	0.115025360701662	0.0791006289949321	0.0737194777513393	0.0722077576575255	0.0882806648697817	0.484336546424663	0.0890312834896825	0.147551804649258	0.0908460531835303	0.058120580145506	0.0757990423025507	0.111322151910928	0.0760818264550633	0.122645241838664	0.233088986477768	0.210374871870936	0.45813490555744	0.0797544924749268	0.0806493172516124	0.0779178173403547	0.118018729593417	0.137662760123159	0.0562760536794109	0.0931966404120127	0.100807823297201	0.171745358994513	0.0620299078373596	0.0615001592898008	0.077775864212802	0.105800810185346	0.0744453851425211	0.0657560140496553	0.086869797885719	0.0706610092234732	0.15096969266582	0.0701266194910112	0.0696210706926355	0.058990141659072	0.0934068154204975	0.100691647221795	0.0880244751319741	0.0719796282549699	0.165056002448605	0.0433136678554795
GB157	0.164467206149541	0.160153287472297	0.30615724728565	0.225864676438799	0.250234899233387	0.225694233024813	0.121335326690963	0.139095637721546	0.408205666325309	0.198331669725553	0.347617466642399	0.176069450480017	0.150152182507545	0.148338142519045	0.229848731497321	0.197351492414571	0.139015888362521	0.244252798307424	0.134556313355764	0.121335325179377	0.405227309826649	0.128196526601007	0.204038502780175	0.199309214197024	0.234184873375026	0.171813750884148	0.189604096603815	0.636576481539794	0.15376660591838	0.195494353865283	0.21300034984156	0.126930508593267	0.21357605960032	0.181040733375333	0.342645061964338	0.204393074669019	0.219726063536875	0.20981664217143	0.250020274008163	0.156435291000614	0.122898517722132	0.233143510165239	0.176662959271308	0.148029294918583	0.202538377407825	0.121335325179377	0.152357210132359	0.149390502607055	0.131947307386483	0.143919361388367	0.152861923054613	0	0.256721747493503	0.205079598484015	0.129605029258087	0.121335325179377	0.255222722662218	0.133133984274334	0.146146462007073	0.314837717046641	0.350214454561773	0.212917431060112	0.153776029745738	0.125032015471729	0.259094882794101	0.170619513651337	0.186242550348092	0.372105500914834	0.193620550888355	0.140883162260206	0.149373967755548	0.187327295541763	0.203192012478607	0.135646464585355	0.211647996998797	0.131159511818127	0.159058451859487	0.181969493815694	0.151236172426831	0.145449152498534	0.145444035755866	0.157212188711973	0.469964816714778	0.179193144212618	0.169705109689573	0.156592165863123	0.131633504999406	0.14789776120222	0.179323129393537	0.14805492051322	0.140550877146348	0.211046543122843	0.207678701540436	0.423659277082694	0.153775570519043	0.150637985780986	0.154113124247001	0.18257525845459	0.18616948193974	0.135717363934023	0.164356935543544	0.169587434410597	0.204398860308257	0.141971320026752	0.148447352000559	0.148942985844733	0.139902209392702	0.147771691950508	0.137741799306388	0.154710524837778	0.143894359958593	0.21375269566973	0.151908942658191	0.144293874765586	0.133399023062954	0.164444073808916	0.16893047634324	0.157471932997607	0.144334462142051	0.241830986670472	0.134601728445051
GB164	0.185532616206793	0.201938405934006	0.260291498417806	0.141694462209037	0.221744088361962	0.166253499912493	0.170605399843418	0.175979897304617	0.368238946554637	0.285121280737598	0.314493846637432	0.188698238044074	0.178739671379027	0.185374148415797	0.23550820440957	0.209253904343855	0.188912949327267	0.193445398048921	0.182632722336837	0.170605399692901	0.394981369225666	0.176768454638394	0.244607969365939	0.243838578763634	0.215258714225557	0.193817549055875	0.2283482276129	0.667268921028484	0.189279357441748	0.232356505713078	0.254946727042246	0.238954794226271	0.271505807987367	0.15922408490771	0.296888132739549	0.248563375737932	0.201538187084776	0.225754849838488	0.180489369414069	0.203581401043468	0.172013672764855	0.241890276321257	0.211160457043937	0.200883269761548	0.246988443413166	0.170605399692901	0.224623702090196	0.188077132659729	0.180463310594511	0.230780618660378	0.201472461223602	0.256721747493503	0	0.237010303470823	0.161710649728775	0.170605399692901	0.302067517030119	0.181701335642073	0.195525283765311	0.338317708836661	0.394354105296761	0.25630436521588	0.194985576651313	0.185708638393518	0.253024202555117	0.203961930717483	0.231198077701559	0.38399084920835	0.224580699145192	0.202108229802112	0.181387427027779	0.240314914271085	0.252189966464283	0.192721176629115	0.217566041106527	0.179759174886376	0.208610064453549	0.224616747311871	0.170445728482622	0.193129955668642	0.171993942573817	0.208536732678462	0.473010805821178	0.222345038947433	0.223305139276716	0.189782836220481	0.182575719976666	0.140223625181901	0.226727236701985	0.188342047159118	0.238106390593028	0.277317628715978	0.158573831535048	0.493582467238108	0.200406423421821	0.200128426154455	0.178819152818184	0.232015474125592	0.219101780517535	0.186384940087193	0.17760839952965	0.172581785706559	0.264176676821227	0.193728858924875	0.194556068892431	0.199018666690046	0.218720294309385	0.179507045583291	0.163754361446458	0.207220497456464	0.190665301349428	0.237732484485164	0.201505031248536	0.190997521534111	0.183279857039452	0.211405568652683	0.218322370991562	0.187021770411068	0.192664711914881	0.216910077390647	0.182465055825734
GB165	0.183733305395252	0.140098488541565	0.164707403733499	0.200845142732365	0.241075460432154	0.149633829801748	0.0957234644077041	0.142739052950132	0.452136249855311	0.0777315580841116	0.296125634526364	0.150529623708942	0.128373508049984	0.126659671089264	0.055026852535178	0.181588003430704	0.11765272463813	0.234547438946637	0.110521747758894	0.0957234644077041	0.411205063865642	0.103729983246086	0.190390736918257	0.0089252164982485	0.0591996762280663	0.152951760273991	0.172577824631725	0.690426063658011	0.123672535774684	0.143820799021709	0.132021655290943	0.182890198146454	0.0553960018894739	0.164596455566811	0.217568547436685	0.0151130732318217	0.207169476332087	0.156435128216716	0.0848514915848471	0.0617428571079867	0.097412409354942	0.0582346467564654	0.133788165043701	0.131923178831736	0.013042382754837	0.0957234644077041	0.165111478154707	0.120262655344876	0.107501038547718	0.093132326210087	0.135596416439071	0.205079598484015	0.237010303470823	0	0.0898253829641776	0.0957234644077041	0.123695841990411	0.082601500289383	0.126385942327254	0.358861075657787	0.422135026768	0.0336894357595781	0.135730378329754	0.114389629075021	0.302076539607963	0.167621757044937	0.172621022345442	0.391727198705529	0.178728330993291	0.141354209771662	0.125456233969843	0.179087524311711	0.223662035633819	0.16341967639899	0.198904481199053	0.106679086281796	0.141790790464541	0.164975846506128	0.129866942612812	0.128384867325576	0.123198703006663	0.141239853067832	0.524197749116204	0.161714262658297	0.214927797817221	0.131324862891977	0.110065984379764	0.126244387617617	0.164112422201369	0.127681577070193	0.181656790577402	0.27924400726051	0.257515292276036	0.49328083010635	0.131895082316013	0.13228820143926	0.133103376386142	0.170643550654252	0.188530881672797	0.11532973731407	0.145109166325343	0.152348266255976	0.221599729073168	0.123996101846599	0.126514675265009	0.130132189528509	0.156359050234761	0.125744607261937	0.117403498427434	0.139527935873378	0.121650871980672	0.199837109506732	0.133247746060593	0.121117777294583	0.110887936645686	0.145744423748869	0.15358051830771	0.13961814870738	0.123438420771348	0.233311637257687	0.111103170372621
GB169	0.105717263292672	0.0589745320530251	0.229133694536156	0.13929560321449	0.169267089727024	0.135926815615308	0.0106105974339174	0.0618653174941287	0.40000453064538	0.155648454647474	0.342819449877498	0.0651827041727651	0.0462543676616718	0.043093558673681	0.136544739959216	0.103365849101483	0.0324497733246347	0.162110784439125	0.025909559236783	0.0106105942260286	0.355208598604106	0.0193472579215663	0.113942392791311	0.0979708921578195	0.140696929334992	0.0726285865060007	0.0946794453011167	0.660729227644024	0.037802227078984	0.100875993917762	0.12158101100023	0.105814797408653	0.136769443449348	0.085785756781321	0.274748646249675	0.103607125806086	0.132284350693226	0.101905937485322	0.161302149822616	0.050368793910802	0.0122905309321453	0.13924743807075	0.0670199018686709	0.0467292367565361	0.101728381457353	0.0106105942260286	0.0863527763597291	0.0314527247006995	0.02237015247646	0.0877954786586942	0.0540876687419685	0.129605029258087	0.161710649728775	0.0898253829641776	0	0.0106105942260286	0.171820434054943	0.0238470028559066	0.0423759996815763	0.303493094790463	0.376049646976018	0.113978755745021	0.0530608099969951	0.0301281653457519	0.235950414524084	0.0891364876632438	0.0898877218215152	0.333920943616617	0.100371333046092	0.0598543290839051	0.0414370441564707	0.0937674692784897	0.148233872951206	0.0844788401096006	0.121709825320527	0.0215301836718514	0.0573724752687144	0.0859788416724915	0.0478723826018548	0.0445893509125318	0.0395888356736513	0.0561554588734953	0.478721118033534	0.082041750229293	0.138188617661445	0.043973488121698	0.0248900577708176	0.0439253521217692	0.0805288591995986	0.0443986969802416	0.104311628812792	0.210978596386584	0.187274583765879	0.44065827944062	0.0473239902181156	0.0486758995537806	0.0509399495115786	0.0873587929615469	0.109225614146903	0.0310508951055582	0.0616702800522549	0.0699295228855176	0.144487200587085	0.0396076092458885	0.0442290757359429	0.0454942101161137	0.076057551503934	0.0428516662425616	0.0334840600726881	0.0542889530629371	0.0388950187562391	0.123908093678906	0.0488784431451649	0.0373634843419146	0.0257300260392102	0.0623987496106161	0.0694010858188825	0.0563737977145597	0.0398359436052616	0.160681798470893	0.0273830718407878
GB175	0.103071930824107	0.0493351422588934	0.22204829060068	0.131184087454746	0.1616861280242	0.12749370480088	3.33905728431597e-09	0.0523026661778038	0.396066892478201	0.147147766192152	0.337633735001689	0.075067341290038	0.0363859192214229	0.0330176082195131	0.127663188058921	0.0944966206590485	0.0220733908842308	0.154492097596327	0.0155264387904394	0	0.350688345805563	0.00892279852144044	0.105428901529222	0.0882971818850498	0.131816354589631	0.0643408696985606	0.0857306739146059	0.659487966335181	0.0415964137499381	0.091925789197587	0.112364176373854	0.0971210895087382	0.127894305370071	0.0767104936519055	0.268435816045361	0.0939938609648232	0.124127396655203	0.107781752445406	0.152944929446235	0.0402127763613908	0.00169795315072994	0.130408175063856	0.070345875477851	0.0365059923644018	0.092094967913146	0	0.0773003577734485	0.0363567957108972	0.0118856720551096	0.0783693216872787	0.0443846509989464	0.121335325179377	0.170605399692901	0.0957234644077041	0.0106105942260286	0	0.163230022293224	0.0133783608072936	0.0322412930794276	0.298190693286332	0.37177501438242	0.104552339047495	0.0432003884943146	0.0198255288179475	0.22955174379126	0.0800977367719617	0.0803868502115059	0.32902739746402	0.091458415349174	0.0501859526366296	0.0363302012209338	0.0840486805095817	0.140111752663447	0.0753356738185341	0.113171170098764	0.0110366953292278	0.0473586336869483	0.0768990720612834	0.0380258773914491	0.0344976829835261	0.0294719801256151	0.0460530958241887	0.475750961538517	0.0728386038293441	0.143882608925453	0.0542913406635776	0.0144326017812045	0.0340072820433462	0.0708665001497726	0.0343656997488003	0.0955694887147407	0.204195744310967	0.180069137195295	0.443202358002614	0.0371848593155543	0.0386637165540397	0.0411031360766201	0.077804132355283	0.100331894187915	0.0207671089605852	0.0518119828117014	0.0602696792909292	0.136136630512398	0.0294020747521309	0.0343133630325096	0.0353235915453747	0.0666762653813519	0.032854285020607	0.0232682304099353	0.0441467817684617	0.0288768126205965	0.115455841777301	0.0387719721730911	0.0272007542803432	0.0152815783565695	0.0525480742857914	0.0595458064115409	0.0464644012126056	0.0297332033138685	0.152951937055949	0.0171271512905757
GB178	0.24651988648405	0.203090597809565	0.250108672230683	0.258667060785522	0.294460867747965	0.221398124189088	0.163230023092844	0.205775025893341	0.486173382311156	0.17544476413215	0.365378938540064	0.205882665014478	0.193001927789113	0.171843304646888	0.155151436538106	0.230969644556142	0.158458288947139	0.288637601591722	0.164481545224635	0.163230022293224	0.442848869044371	0.170467474996442	0.249131985836559	0.116191248211897	0.150345284567036	0.211902422369505	0.233056342135174	0.705982252202853	0.196119042668454	0.214933580032202	0.136577005815608	0.243013182937196	0.155599799609244	0.226260940497271	0.29529981851352	0.116239619902288	0.261055760838167	0.223853897002309	0.181323939802671	0.147407205041611	0.163412291942296	0.156717940337128	0.206025813903772	0.155556180156918	0.114313358986619	0.163230022293224	0.225892587066299	0.167842252349312	0.159292238247063	0.178931958107936	0.199376188820661	0.255222722662218	0.302067517030119	0.123695841990411	0.171820434054943	0.163230022293224	0	0.156246492516889	0.166538118883365	0.400967732523427	0.460091444880071	0.117193712391938	0.18209981681271	0.17000037929363	0.350121451786371	0.228714349538539	0.172319830526983	0.43221281950522	0.226238767729338	0.198662542211212	0.182290006739398	0.141073915665273	0.252391339853556	0.22268905141626	0.236015265788695	0.158211875800984	0.164952647994564	0.221883993595839	0.193958497079409	0.170950210690875	0.176524620992367	0.150393270614623	0.553155784053032	0.218616167854781	0.280124588671959	0.188422806767954	0.158947024343893	0.190471837965	0.165697515631715	0.18015721441256	0.238085903763545	0.326325943223154	0.309985335765764	0.490736488139991	0.161098653149575	0.17510065740219	0.190804416520728	0.170629457561205	0.209762993202818	0.167734547019607	0.172601696188477	0.185120467200047	0.238428533839231	0.161906149661676	0.190357479041047	0.165717344853387	0.210276946199663	0.181552023786788	0.173647397395336	0.151858073932053	0.186496202250698	0.256339924353542	0.163257133554329	0.166205024252636	0.156460943264943	0.177876476649985	0.16279644127747	0.175374190586459	0.173935147171671	0.287800681335155	0.177127383809273
GB189	0.115164060424275	0.0622002430297811	0.212667603534882	0.140726051895381	0.173251172998036	0.126305368503161	0.0133783636404331	0.0649390893452095	0.404588753075311	0.135806907288203	0.330303474508151	0.0876543954052407	0.049371238986049	0.046327043658668	0.115600427857252	0.10677095443349	0.0354517515410077	0.16567405614287	0.0288429379914746	0.0133783608072936	0.359187882958036	0.0221733984283426	0.117446328503917	0.0749188210777562	0.119554620048012	0.0769059670844463	0.0980173144301381	0.664090806185597	0.0545659554708335	0.101040849631483	0.11491250858708	0.109366674089071	0.115826652451146	0.0891792269216643	0.260662885100553	0.0806155001575297	0.135762194717171	0.117469015879312	0.141494010358748	0.0429884845089882	0.0150763139580235	0.118036349313428	0.0806801051202446	0.0498843530211786	0.0787166071058524	0.0133783608072936	0.0895870426914307	0.0496121308004314	0.0252640328624032	0.0766634139505149	0.0571277555868481	0.133133984274334	0.181701335642073	0.082601500289383	0.0238470028559066	0.0133783608072936	0.156246492516889	0	0.0455573557542718	0.306400450717921	0.379124227346796	0.0929294517545989	0.056079329189026	0.0330959066297069	0.239582638284474	0.0927279964089394	0.0935857544530823	0.338334978680418	0.104040118630486	0.0629421826640163	0.0493166603035096	0.0974270410911001	0.151849703185938	0.0874985924950152	0.125084019915173	0.024415056061263	0.060562795799489	0.0892622058439736	0.0510859120674808	0.0477821986858893	0.0426666808098254	0.0594120281513291	0.482874605691794	0.0853764992395435	0.155310888708842	0.0671090253186647	0.0278109626637565	0.0471300895165915	0.0839756760708611	0.0476561533381241	0.107699439569254	0.214930041683744	0.191101000710118	0.451283829681801	0.0504760200327093	0.0518087837468795	0.0541419058737129	0.0909133081070401	0.112867313201981	0.033996008712836	0.064743125679517	0.0733135962162656	0.148281653496352	0.0426085857354631	0.0472268683817049	0.0486322729236851	0.0793463197169882	0.045974142317933	0.0363271497566291	0.0575251425004969	0.041949205025278	0.127743108461451	0.0519784831187942	0.0403573890451831	0.0286599391638631	0.065482622294715	0.0727088192120345	0.0593765376493184	0.0428423790656256	0.16354169948685	0.0302992924445807
GB98	0.128222799015263	0.0796613656925132	0.247036409423207	0.152255198589028	0.185847575497841	0.152779893883777	0.0322412962321157	0.082629671418173	0.412933821328963	0.175484808933253	0.357485039968683	0.0967099571863961	0.0672276859830379	0.0592884219449449	0.156815943091807	0.113726669973519	0.0421176035536029	0.179135274631206	0.0389958888379933	0.0322412930794276	0.368690107807969	0.0408131002728769	0.133742586004012	0.119324423297487	0.156065078170011	0.092099219856261	0.114033970994794	0.662425601121151	0.0702717423133378	0.120652688742206	0.119092471577293	0.124203704414903	0.156521868750905	0.105830662272113	0.29146564962587	0.123332393365075	0.150990211188492	0.132688504300141	0.180980500548777	0.0685965717779567	0.033932064971116	0.159436905399115	0.0991896197124563	0.0549819640173544	0.121517564913239	0.0322412930794276	0.106019525779086	0.0579794964026284	0.0356326788690178	0.107940947185412	0.0748825953570282	0.146146462007073	0.195525283765311	0.126385942327254	0.0423759996815763	0.0322412930794276	0.166538118883365	0.0455573557542718	0	0.318623106813792	0.388635649675071	0.130548796418941	0.0708114512716279	0.0483925718454639	0.253376498592622	0.108169555164091	0.0891916005385428	0.347358967168163	0.117434293896472	0.0785924233296508	0.0651944188267273	0.0783419191728445	0.158499826714766	0.104005316313788	0.129896818904559	0.0364903573363662	0.0670590514049068	0.0976738629700435	0.0682474984627839	0.0543159041960708	0.0588416470041137	0.0575597488807961	0.489562226214794	0.0996479428688511	0.17029153070215	0.0753484747908784	0.0413699969000859	0.0648406250198036	0.077140716666525	0.0626320810071782	0.121889672170627	0.22784046657534	0.204539643374808	0.446869437140648	0.052264056911198	0.0600588677462908	0.0700697677438593	0.0888740316108622	0.11850861924691	0.0490587568929136	0.0713541018384017	0.0782285405995731	0.14433431667228	0.0544672974587847	0.0647544164587208	0.0519920466164549	0.0927843932290828	0.0605313893767547	0.0508749402156919	0.0573320974998093	0.0600141964204064	0.142809188636423	0.0544447576001364	0.0537064685928869	0.0422681666163257	0.066963735058896	0.0723923053070359	0.0653518237472504	0.0578573679955996	0.179210560574822	0.0485423748838138
GCDF194	0.317438531554107	0.323818795608752	0.408779115989955	0.347254205081198	0.371668262614144	0.365445087804939	0.298190694942017	0.298181661000155	0.467141860663289	0.352404671184944	0.387630247708523	0.32890974459323	0.298265589081278	0.313674919081457	0.346392327637383	0.337460633480188	0.314235411057569	0.364186314320323	0.304987525322823	0.298190693286332	0.458241221278605	0.296836101572321	0.339937928800631	0.355103215334391	0.379731045828925	0.304014715883467	0.322231830144771	0.638478024439378	0.31121429484902	0.298149229375401	0.366143393847677	0.294152670887986	0.347555003382943	0.306418888195597	0.417432313465109	0.359263974307763	0.318956809513497	0.347809332338246	0.335503789361077	0.323734759381323	0.299294437347638	0.377024528203589	0.303537846815707	0.32354279532276	0.358019572616828	0.298190693286332	0.304891796274619	0.322082442842951	0.306580737910487	0.317699277190247	0.300087518086939	0.314837717046641	0.338317708836661	0.358861075657787	0.303493094790463	0.298190693286332	0.400967732523427	0.306400450717921	0.318623106813792	0	0.399031831008015	0.363435787233439	0.318472309696554	0.301257043851144	0.354977139469349	0.321337107456092	0.350319910079542	0.447547461498867	0.337741605109639	0.303063274709263	0.310531987836867	0.357440983857771	0.339172252801934	0.295292878993834	0.337589546285494	0.3056518267652	0.325340271071352	0.338099400051916	0.304368899439019	0.314013683660464	0.303790204226971	0.330192192109546	0.483018891377883	0.299475453869261	0.267281634262716	0.314956132811729	0.308219247920947	0.29065837236968	0.344156979912459	0.318520215951433	0.295550773541133	0.331981394929115	0.305789498819245	0.483206929883572	0.322774790453188	0.321739493596433	0.31337463547184	0.348706040267993	0.328605788374188	0.298025945295589	0.313050456044048	0.321463979140978	0.359712045451607	0.307047290633423	0.299506983823246	0.32108276811513	0.305691305058773	0.30858512779679	0.29559068539829	0.328982983951015	0.313015297582053	0.355537643787837	0.313802209993203	0.30895011269986	0.309266854792532	0.329627734317322	0.337423576023241	0.326043714251783	0.315314548033656	0.350778045226829	0.288124168686795
GCDF197	0.36464237609897	0.371303126818002	0.449622983282263	0.391812705632412	0.374186342111742	0.410073861329242	0.371775015887588	0.361509103064585	0.445416881580545	0.392954129161257	0.386543738420563	0.389056630357347	0.361684357578104	0.380312616475905	0.404217542120905	0.39520951834592	0.385961404051444	0.40691114495499	0.38018786350284	0.37177501438242	0.485739034534705	0.3660249261543	0.399167935354541	0.419140210356375	0.434889452626007	0.374151430346749	0.390276073957935	0.598904413406295	0.376899597169173	0.341980022011381	0.424731268726214	0.327112728447625	0.405259067362005	0.376439783759791	0.431297619836499	0.422796870421882	0.349944785538346	0.386619263977715	0.404591332180331	0.387726106577449	0.372920354809424	0.432092554942526	0.337641863660379	0.395102008876174	0.421592333401092	0.37177501438242	0.358142706932444	0.393381977623159	0.379230080981447	0.369185377702569	0.369822332052269	0.350214454561773	0.394354105296761	0.422135026768	0.376049646976018	0.37177501438242	0.460091444880071	0.379124227346796	0.388635649675071	0.399031831008015	0	0.428019566668404	0.385977506637573	0.373446957029477	0.291665714949068	0.378034701100504	0.402164321204629	0.458326932456758	0.387049460200348	0.35507730387076	0.377062678487614	0.425031452467947	0.378833754044591	0.340445468522081	0.397486992857673	0.378902551050138	0.394593281727849	0.403905045504522	0.364815149192858	0.381826542995193	0.379195810568453	0.400776289629214	0.436256568540226	0.377987756873622	0.321053080486529	0.37834458941161	0.380804941509709	0.365144305307456	0.412367913458082	0.382769123171315	0.343345145233954	0.343811006257028	0.335183021847648	0.464192068637019	0.393810774491291	0.392452166237012	0.37637917727533	0.416108947811705	0.392047329683496	0.373381344206405	0.387189158737057	0.388878896079882	0.393692028943938	0.378537130476248	0.369421181504173	0.390990715737295	0.339177407550089	0.378904079397519	0.374584296586538	0.399329315983888	0.383940378523836	0.390579468523613	0.384508374062451	0.385206570980525	0.381144357901631	0.400607040735206	0.406222860921513	0.386182067370174	0.386275828185708	0.386196081234951	0.360491921353822
GCDF202	0.195766268881282	0.147948557906079	0.178613779069197	0.208719081875652	0.248222454629763	0.15925184035241	0.104552339348528	0.151019445648699	0.454883371037666	0.0925466792300494	0.307835047443708	0.169785270937765	0.136976280672984	0.133816123535537	0.0695722856831671	0.184353082318499	0.121603195263882	0.241692321168052	0.115959763301141	0.104552339047495	0.409140150956433	0.112454284546953	0.19823478147237	0.0250830975445834	0.0711103723657252	0.162051199060498	0.180473459414159	0.690404070748223	0.141796520262054	0.152883768044036	0.130912135759688	0.191076706906762	0.0708864090794867	0.172588031024042	0.229604691267014	0.0291022708771205	0.211554147754655	0.168221470213147	0.0995676187102241	0.0730727934325584	0.106209921039114	0.0732062206123814	0.152376428397015	0.131232596783325	0.0270926843989979	0.104552339047495	0.173155004327947	0.132027422463653	0.111666442544171	0.105763012486877	0.143878887172299	0.212917431060112	0.25630436521588	0.0336894357595781	0.113978755745021	0.104552339047495	0.117193712391938	0.0929294517545989	0.130548796418941	0.363435787233439	0.428019566668404	0	0.135220000012354	0.1216579425064	0.309255200880344	0.175810340302761	0.167576701352091	0.39786051228793	0.18146445910738	0.149713440976962	0.136007872494784	0.167293546476749	0.220810905776241	0.169897626295234	0.199038116919874	0.113982141394206	0.142663362501848	0.173161824995821	0.138450198402308	0.133889432055782	0.126239775181419	0.140526600633607	0.52732962550539	0.167920532325904	0.23231726087103	0.148506907426348	0.115650041762627	0.13480072619036	0.158892177797929	0.134763099328436	0.189748280803965	0.284100394131559	0.264587816264894	0.488807692371234	0.131305428165378	0.136397998065057	0.138983733876787	0.168509298277022	0.187856485596811	0.121023799659628	0.14183550666679	0.15606013256492	0.217909956896546	0.129556707134753	0.134995597330007	0.132612353849291	0.162342108635589	0.132968914930267	0.124199638839322	0.145121995999356	0.130101913981365	0.20654271821482	0.133308701141916	0.123138794694284	0.116548128275558	0.149649069616289	0.15446402606639	0.146669743112241	0.127400795242401	0.240706694246543	0.119826381781487
GCDF209	0.139326965473969	0.0853618577197947	0.254199670947561	0.165879041709081	0.194926222447645	0.162627129580336	0.0432003919562005	0.0904598106075116	0.410286194898865	0.183447368744046	0.359533218723355	0.104248558312203	0.0770306625601017	0.0543693350769128	0.16242818594581	0.124070032941874	0.0608639076276861	0.18767386953337	0.0563142718465039	0.0432003884943146	0.370443442253151	0.051462946177432	0.141318711762627	0.128876753828742	0.168815987052942	0.0992944317992137	0.123109102663067	0.6672611332903	0.0819251142028305	0.128509209820568	0.135334073274274	0.134003549268601	0.165679811904527	0.114330184937577	0.293460244783247	0.131342257438886	0.148223226758266	0.138302414894405	0.18146182431115	0.0821131596134769	0.04479112474229	0.166583261104545	0.108853250365667	0.0651328238385795	0.131039848607598	0.0432003884943146	0.115346443491301	0.069623818451708	0.0530552569438111	0.117825784447669	0.0846831435055444	0.153776029745738	0.194985576651313	0.135730378329754	0.0530608099969951	0.0432003884943146	0.18209981681271	0.056079329189026	0.0708114512716279	0.318472309696554	0.385977506637573	0.135220000012354	0	0.0600821154022759	0.249597686521634	0.104136767938282	0.0812155045004505	0.350164326829742	0.118206092523354	0.0868504354824321	0.0714631627944082	0.09804315763441	0.169228776724953	0.110415614821544	0.142214177515019	0.0518409332843742	0.078567692803012	0.114867396201148	0.0768024109002918	0.0675235154351803	0.0671041976246569	0.0763215512564086	0.485748349416136	0.11075054810881	0.176070419714005	0.0868460731863072	0.0518043630690587	0.0718103600195562	0.0564857341273867	0.0753356820405132	0.131976842202924	0.229705147633348	0.205598478647645	0.433364366040085	0.0677501543641391	0.0377896112022978	0.0771871690421995	0.0607058171446275	0.092229277271815	0.0579302829285764	0.0821385901383679	0.0877603106388841	0.157621114580619	0.0683146764646576	0.0750798786416499	0.0687412792873202	0.104215045958155	0.07311351952905	0.0641117298768626	0.0757648648901118	0.0701774626481112	0.150850673610664	0.0664243476296013	0.0660369074291954	0.0513731380077926	0.0870502426129098	0.066817095315065	0.0840957665232697	0.0285998775125152	0.185067443158289	0.0592222968586768
GCDF213	0.11652937795346	0.0683551135877467	0.236890935009778	0.147397662701104	0.17709953608838	0.144789539870213	0.0198255314863491	0.0692080130066836	0.399582083929669	0.160196375741501	0.344335196445687	0.0850750507617539	0.0535569571222019	0.049999486264594	0.145369360392744	0.111770989838988	0.0349015324856296	0.169278369407461	0.0335016966693931	0.0198255288179475	0.361418238492927	0.0285042932990826	0.12073381563103	0.107194966439045	0.147694852391277	0.0819961248962867	0.102765227997243	0.659562000120529	0.0598820637008457	0.108337084057205	0.124202938689239	0.104151202535087	0.144788536610025	0.093985921355209	0.282252995127981	0.111284752385785	0.140105182022759	0.123907403662951	0.169921532348551	0.0597390845756639	0.0215234819686774	0.148203244715026	0.0873149669907912	0.0458151715798209	0.107778966351591	0.0198255288179475	0.0912633846805553	0.0456371946787142	0.0297874042557345	0.0883118862643687	0.0631616305973795	0.125032015471729	0.185708638393518	0.114389629075021	0.0301281653457519	0.0198255288179475	0.17000037929363	0.0330959066297069	0.0483925718454639	0.301257043851144	0.373446957029477	0.1216579425064	0.0600821154022759	0	0.238540068231147	0.0977458512655111	0.0816406538954588	0.337903213771907	0.107764744566697	0.0661105293630048	0.0522487758837565	0.0843757108192552	0.147032837712705	0.0851853587899846	0.128247056288099	0.0291642709964454	0.0560823959684131	0.0930791056216365	0.0567618285239947	0.0513747290454128	0.046164142607589	0.0518757262351838	0.477840896056156	0.0899880161753508	0.153118900013993	0.067889602826626	0.0291642711469621	0.052963737022094	0.07656930742616	0.0515165932928071	0.109212201126296	0.209016913341151	0.191118371324858	0.439042369524638	0.0527743461043245	0.0509918509333423	0.0585351374113198	0.0832974657303456	0.109560431856098	0.0385436542106397	0.0636410628341966	0.0714093651998826	0.135354709820916	0.042720717575514	0.0526928649556757	0.0463456723538011	0.0798677781013527	0.0448241038294979	0.0411752827390276	0.0547224960543893	0.0479685962952749	0.131321831258258	0.0523283243028805	0.0432827713137323	0.0314853574064645	0.0641078325270703	0.0668192102827809	0.0591062528993746	0.0488773963291838	0.167674115059352	0.0365949804433668
GCDF215	0.256893477731883	0.2463561916404	0.365672779429441	0.291405826129697	0.243190705183555	0.295793933097762	0.22955174510438	0.227962923734778	0.419634328948127	0.309728474102237	0.358878235624294	0.270267005483008	0.242989335547794	0.243694843442151	0.285387924223235	0.257240179662753	0.246127145759987	0.313591521647241	0.24086141149805	0.22955174379126	0.405621979874794	0.233455843696691	0.29063363538848	0.297580151922173	0.318865734594639	0.251982791556252	0.276955394130765	0.63104903818381	0.253436706471022	0.259561661668498	0.303670023163461	0.252428486943245	0.30792390013283	0.261933660172302	0.333778041104476	0.301848951388489	0.252227122208687	0.269530655477535	0.262301485947888	0.260368682519354	0.230720549934741	0.318266625732484	0.265293007660093	0.258165155885497	0.30026646733585	0.22955174379126	0.261956133098915	0.256072856692804	0.238761452299477	0.270149016395362	0.248351084952704	0.259094882794101	0.253024202555117	0.302076539607963	0.235950414524084	0.22955174379126	0.350121451786371	0.239582638284474	0.253376498592622	0.354977139469349	0.291665714949068	0.309255200880344	0.249597686521634	0.238540068231147	0	0.256045411707777	0.274919294611071	0.404503067635527	0.261575998719593	0.248725425038073	0.247392694945588	0.294306898357892	0.280973763929473	0.239928931035478	0.269328333888993	0.237700266406091	0.263451051230382	0.276406928219578	0.227158802815459	0.246365614009626	0.2375087817811	0.26415472172878	0.440205398533079	0.26323130410729	0.241225026848942	0.257671128695059	0.24051938130699	0.212116483824723	0.280795775391538	0.242247062989257	0.254911668259989	0.291344364634668	0.252517647439181	0.488203710678852	0.256388635233496	0.256349535903545	0.250290487149749	0.28609878212364	0.270702072692038	0.238847172941373	0.242532402070032	0.255828828823687	0.290508493668202	0.24531602020366	0.24566648336071	0.2562470346915	0.254266897912579	0.239530676392594	0.227243003313138	0.263377500829673	0.247265448850213	0.274262165406136	0.253819147369476	0.248269699927833	0.241244817434838	0.267936018681285	0.273727387378011	0.250257299366322	0.249252360615164	0.284702244280565	0.233318290174609
GCDF217	0.152608086721915	0.121269334220525	0.234881208024242	0.193691722361954	0.214690427643934	0.190616057640073	0.0800977389620063	0.114142598904142	0.415303997620188	0.205287877733659	0.356803123547573	0.141784480142623	0.109690962415753	0.10399751467254	0.184858595406768	0.152075215774315	0.100024219338942	0.212120068344203	0.094147242285838	0.0800977367719617	0.381086403673345	0.0864285652459872	0.16899197753707	0.161322515570756	0.199332516301762	0.129636298018423	0.151816003965308	0.662056428013426	0.0953812761552105	0.157837376657008	0.181471955478003	0.151088713094442	0.193739298919235	0.14521128277887	0.305538414027354	0.166372141753784	0.173520157584036	0.175448917416912	0.191982879331618	0.116877265726075	0.0815812405386959	0.19692167421483	0.140125571815956	0.113637585061217	0.164823714380312	0.0800977367719617	0.139369942812305	0.113239896860011	0.0911803465675224	0.14203341451069	0.118499871983071	0.170619513651337	0.203961930717483	0.167621757044937	0.0891364876632438	0.0800977367719617	0.228714349538539	0.0927279964089394	0.108169555164091	0.321337107456092	0.378034701100504	0.175810340302761	0.104136767938282	0.0977458512655111	0.256045411707777	0	0.147204385543562	0.359579136726832	0.157858608309368	0.112592433682746	0.109780657989434	0.15741430651961	0.195355429530445	0.12757184663129	0.171284010182276	0.0900805243337997	0.122446372333651	0.146555239993213	0.103441440001732	0.109649366012426	0.0984376913331675	0.122183694174946	0.481061702575346	0.143363058435345	0.182493716929898	0.125743216834962	0.0929989736113283	0.100554393058774	0.132943866454592	0.110390758480538	0.154427653065685	0.225822901146279	0.198015066785644	0.45291756891241	0.113447228296086	0.10446682237465	0.1157133492707	0.138750789724667	0.150205459144681	0.0988163313066417	0.121276174229805	0.126994390623889	0.195335430535253	0.106993582645299	0.109414769712873	0.112435951791327	0.129928616769236	0.108921466042485	0.0923619208612827	0.120511036855404	0.104973631450022	0.177987374346515	0.115534644103562	0.104922928800336	0.0941417845097756	0.127457037078913	0.128145516088063	0.121714633635499	0.0955884505552475	0.212115523678185	0.0946843698620796
GCDF218	0.171923473590251	0.111448464783454	0.283721574779713	0.197022050308684	0.212270182246963	0.195380323735828	0.0803868515867965	0.127915266750738	0.433208761341644	0.218345331724244	0.383193631816392	0.134666367951367	0.113247795933575	0.0946769346765271	0.199771952222694	0.147362496703863	0.0778999328048843	0.218297841347227	0.0822405324816102	0.0803868502115059	0.387950065762106	0.0883742663633041	0.174597788376339	0.165998781193989	0.196948231470705	0.135286689877059	0.157413872128183	0.676346664476876	0.115830795274991	0.164590954404287	0.123463089577854	0.167931088481588	0.202025864536714	0.146875732249082	0.32271895414651	0.162689107686582	0.191731513073348	0.166967364159798	0.223619599760783	0.119224604793043	0.0803868502115059	0.203841572533352	0.142275421532116	0.071770961706837	0.165259530899501	0.0803868502115059	0.149883871992128	0.0850840321262226	0.0778257341284041	0.154114935471855	0.120330447067667	0.186242550348092	0.231198077701559	0.172621022345442	0.0898877218215152	0.0803868502115059	0.172319830526983	0.0935857544530823	0.0891916005385428	0.350319910079542	0.402164321204629	0.167576701352091	0.0812155045004505	0.0816406538954588	0.274919294611071	0.147204385543562	0	0.370463626628572	0.146934004199475	0.117481653136436	0.102135830248396	0.063570807208166	0.182855930819054	0.146557066646038	0.164115228944204	0.0796461593585484	0.0816448519025186	0.148531871988918	0.113696901466359	0.100230446254665	0.0969244018385206	0.0750779207570083	0.504425760170426	0.138103353913234	0.209269339538584	0.110731547566676	0.0800282315849656	0.110628700128408	0.0606481117393934	0.0954781064406188	0.164311367228176	0.264349675201105	0.242711411807874	0.435688000134747	0.0765708140426814	0.0814359357975649	0.109042715337692	0.067980140522875	0.114706943037383	0.0922091706006816	0.0981263373461035	0.105723614588079	0.159800194862365	0.0864438116738592	0.110426063790466	0.0839984034837195	0.129384419927844	0.100559895858169	0.0914688342147403	0.070095717060295	0.106026088367357	0.175143636349175	0.0849244250831279	0.0919802267706454	0.0778914871954858	0.0963801001433772	0.0686895638666671	0.0931382537302044	0.0699526367313934	0.209783053759373	0.0955058154697069
GCDF220	0.357522951909388	0.344711795675032	0.439985410432623	0.381632843101868	0.371109543725698	0.388640082996301	0.329027398141346	0.343431146758975	0.489806023209986	0.399844461167702	0.4513514969084	0.36206356819832	0.329050015545253	0.345612638526493	0.402061969944925	0.355858775100323	0.344604495197836	0.318713797839603	0.338074093816256	0.32902739746402	0.49031762733604	0.324605837915883	0.364305397401554	0.388305582482405	0.404803969643333	0.348287795378704	0.348207334827895	0.648994453627654	0.337863606937004	0.35688262651063	0.397714445536787	0.358663730022281	0.402599956351097	0.358736872070968	0.410086511963546	0.392150832848115	0.374990463708386	0.351784640038856	0.403626359321854	0.355565314867882	0.33019330435329	0.402402158186893	0.349312919408384	0.353281292650435	0.390983246492617	0.32902739746402	0.338416908877064	0.351992605762048	0.336966587437524	0.364060237853214	0.349712920083542	0.372105500914834	0.38399084920835	0.391727198705529	0.333920943616617	0.32902739746402	0.43221281950522	0.338334978680418	0.347358967168163	0.447547461498867	0.458326932456758	0.39786051228793	0.350164326829742	0.337903213771907	0.404503067635527	0.359579136726832	0.370463626628572	0	0.337525452929314	0.341237664222717	0.344351596754007	0.384817591068721	0.372534619437324	0.350717938006526	0.382372635633054	0.33590588003698	0.353545610125017	0.366348978696447	0.343469164738751	0.347993209506526	0.343873911584267	0.359706940373989	0.504169437770892	0.36378887762325	0.378427097442174	0.356583113622184	0.338955722222425	0.338114549114247	0.371980467077458	0.341475562164278	0.359976851277881	0.390486194930895	0.365815860680257	0.545144062451642	0.351826486713958	0.351405201084686	0.344007774886459	0.375499277479119	0.377257539918928	0.340857818045399	0.356919191100381	0.351869445708063	0.3703297567789	0.347207826195341	0.344152302001462	0.345504091243551	0.346983749306563	0.333739650219378	0.339347364625545	0.357452162437969	0.313237185637006	0.335182180985658	0.352617977544515	0.343537125924621	0.339197346357384	0.358670464519298	0.365696963110958	0.351417468653785	0.345486612858796	0.382530914864155	0.33646408792096
GCDF222	0.174697691320696	0.126000624695661	0.279092246986399	0.194622581344888	0.209516152607823	0.18485846703477	0.0914584174497391	0.132171125800321	0.411634734182647	0.218055223952038	0.369861020132749	0.148171633322055	0.112197073590424	0.112922443415631	0.205113331251072	0.159833210962589	0.110183386188565	0.204360043686448	0.104696030681482	0.091458415349174	0.377341520003598	0.0942619457991436	0.170928853705074	0.172435977919535	0.206258790812107	0.139313679715299	0.165082632855634	0.647871644207926	0.119541805237532	0.158962509416119	0.181870701172474	0.171209063268069	0.205847948187529	0.15158785806235	0.285166163336147	0.176927252249284	0.189335770001917	0.161642457226837	0.225228998095098	0.128138800857194	0.0930668852583627	0.205272740035346	0.140893683458368	0.119023649718123	0.175412644942602	0.091458415349174	0.145559615747194	0.118314753568759	0.100163487943284	0.159693380526145	0.128749192908707	0.193620550888355	0.224580699145192	0.178728330993291	0.100371333046092	0.091458415349174	0.226238767729338	0.104040118630486	0.117434293896472	0.337741605109639	0.387049460200348	0.18146445910738	0.118206092523354	0.107764744566697	0.261575998719593	0.157858608309368	0.146934004199475	0.337525452929314	0	0.131208447024527	0.115994099734558	0.152345354283097	0.181895579521855	0.153649889007963	0.17766563699703	0.0973463154802419	0.123756692039244	0.15733001819539	0.121889398104013	0.118244607678869	0.113582131650412	0.124422965778245	0.463897144252604	0.152801621423075	0.212805173087	0.135255761068277	0.103332129617532	0.11883258872261	0.142499984119727	0.114018182693557	0.171679835766554	0.258188012046645	0.229223906993866	0.455436641820753	0.11465967755125	0.114534373931361	0.120203362062874	0.143564637976162	0.166372409240917	0.108656215321536	0.129470814188773	0.138084207144048	0.189298977717908	0.114939967471391	0.120661374256767	0.11517064595087	0.143043366750006	0.116863755302297	0.111626417178548	0.124576315490736	0.115953158098038	0.156855224163714	0.115655595963501	0.109831506781506	0.102872255192411	0.127845032065354	0.13084101836865	0.123996710291866	0.108743511855301	0.202521659772504	0.105914000515835
GCDF224	0.131048783410642	0.0955410598203389	0.254618022252213	0.17011373661308	0.198824968170186	0.166322024510891	0.0501859555104182	0.0950678112455691	0.405986425400984	0.172027476809242	0.335268188907643	0.113935565020927	0.0762368727080298	0.0772426269026567	0.170042501254515	0.132929880576528	0.0661669375017436	0.181507427885075	0.0646867805884944	0.0501859526366296	0.371405932939414	0.051280242400338	0.138200722785309	0.134572792685393	0.172519917515191	0.10304223875882	0.129112936669227	0.653169339353388	0.08370256386321	0.123155202095707	0.147316899752677	0.119074992045309	0.167663375837634	0.120629194051479	0.292836062384374	0.140166994673435	0.157808217963185	0.148954193474668	0.188649871207849	0.0884467535699257	0.0518062153473647	0.172894557843907	0.106951112962431	0.081827255172862	0.138194545877702	0.0501859526366296	0.103576824370057	0.0811140603771565	0.0579415604735565	0.11459458776458	0.0905246939510107	0.140883162260206	0.202108229802112	0.141354209771662	0.0598543290839051	0.0501859526366296	0.198662542211212	0.0629421826640163	0.0785924233296508	0.303063274709263	0.35507730387076	0.149713440976962	0.0868504354824321	0.0661105293630048	0.248725425038073	0.112592433682746	0.117481653136436	0.341237664222717	0.131208447024527	0	0.0825056590121051	0.118873718147627	0.159352973536259	0.100246060338586	0.151524779734888	0.0607360699261078	0.088894881157562	0.120484780858863	0.080676143236383	0.0822431645120936	0.0756280561815007	0.0887520786450066	0.468913521730539	0.115955176941975	0.165242636294076	0.0941766537443706	0.0639191296967593	0.0795748192779343	0.10909280233612	0.0792933828714821	0.123022343041469	0.200145032764836	0.183976732100351	0.439948148498632	0.0820214083850986	0.0814717542756386	0.0863279482029905	0.118479779121852	0.132762329370686	0.0677965766176431	0.0925784307823639	0.100757570024768	0.156662892808931	0.0742946301934996	0.0820152228604061	0.0786782962768668	0.0852889577585338	0.0798909772808353	0.0716546207214847	0.0841428729884251	0.0766341286814875	0.152748435681611	0.0837955096115669	0.0723731920424134	0.0582485167366086	0.0945947175149364	0.101358169689775	0.09056522945563	0.0761857492792787	0.18793374279307	0.065929682059872
GCDF225	0.121101301279818	0.083491504907307	0.235262792670366	0.151135311819462	0.185814389037062	0.145146387149439	0.0363302040329931	0.0846959042805012	0.403574153028353	0.174038170865088	0.346222326611028	0.0964536338108545	0.0673169038456046	0.0659434418193996	0.156296683531819	0.119811459656127	0.0579991308087953	0.174251968812461	0.0489730529129656	0.0363302012209338	0.367404249581424	0.0423576956628963	0.132705987214741	0.122166413249391	0.159565381705761	0.0907859786253686	0.11504769378878	0.658451530066403	0.069332069350463	0.113676078598758	0.128444748093383	0.120492858163109	0.157044282766304	0.0980670630574377	0.283675245037585	0.124726789994071	0.151284422085743	0.13097628600886	0.181415472292539	0.075099070246021	0.0379319278278736	0.157665797481031	0.0924381656252375	0.0664500587459917	0.124182175656762	0.0363302012209338	0.103612626479431	0.0620950232871404	0.0478941528032524	0.108288617117914	0.0740365885348633	0.149373967755548	0.181387427027779	0.125456233969843	0.0414370441564707	0.0363302012209338	0.182290006739398	0.0493166603035096	0.0651944188267273	0.310531987836867	0.377062678487614	0.136007872494784	0.0714631627944082	0.0522487758837565	0.247392694945588	0.109780657989434	0.102135830248396	0.344351596754007	0.115994099734558	0.0825056590121051	0	0.101595795421739	0.165019349674835	0.105523231476922	0.139106290509002	0.0455596237396351	0.0738186954962786	0.107996523154504	0.0711128379246502	0.0683779866632187	0.0619525493621224	0.071908355568244	0.481520253449979	0.0995261609892954	0.162278967222782	0.0790722233342063	0.0504427711865065	0.068268691754025	0.0963077611017107	0.0688733360777148	0.124114167453213	0.22675531255928	0.193040212729212	0.447202164416361	0.0651659463635749	0.0717567210509018	0.0711465545675971	0.104083670416113	0.126206543390649	0.052782525807017	0.0829989734303319	0.0878487706297275	0.152765357584664	0.0561126309606915	0.0654846811949304	0.0656461340629242	0.0963181534010654	0.0670972189612009	0.0566733091542817	0.070032315479234	0.0633574096072051	0.144571981190544	0.0615334012028244	0.0606806910587381	0.0496674564413049	0.0785622656382997	0.0831871887650153	0.0778050015144276	0.0615308102351999	0.170938929354753	0.048447104848244
GCDF226	0.178457549349828	0.129237266577253	0.293766624548218	0.204836111026581	0.231009266668498	0.203686094871073	0.0840486806600985	0.131955377531774	0.446826671109055	0.225771085330934	0.398696404364374	0.124758039403594	0.117376409621552	0.0874155559765194	0.206950852967272	0.15187562364765	0.0619752896253509	0.225555917981899	0.0807269330352846	0.0840486805095817	0.405262127067104	0.0922215294205781	0.180616419574227	0.172345863147215	0.199067986071712	0.137140719069525	0.162573800243513	0.688107545929726	0.119076742517828	0.1698480277802	0.0995155575337133	0.173006866842207	0.2082925762492	0.154311754562036	0.335877740925009	0.168401184030856	0.197743322060566	0.165453601045289	0.231033812869679	0.124035249906357	0.0823507273588518	0.209055328760484	0.146207496185194	0.0475426881451799	0.16971607701947	0.0840486805095817	0.154852042821321	0.0627199135005775	0.0721630084544721	0.159178226207844	0.124702858653936	0.187327295541763	0.240314914271085	0.179087524311711	0.0937674692784897	0.0840486805095817	0.141073915665273	0.0974270410911001	0.0783419191728445	0.357440983857771	0.425031452467947	0.167293546476749	0.09804315763441	0.0843757108192552	0.294306898357892	0.15741430651961	0.063570807208166	0.384817591068721	0.152345354283097	0.118873718147627	0.101595795421739	0	0.174019321799278	0.150662335256735	0.158646880827769	0.0730119851803539	0.0551702451675829	0.150238612836057	0.118105687050506	0.0813892931498662	0.0903659183720146	0.0418685638167039	0.518864069021109	0.139196949399481	0.215838145351771	0.103075285762022	0.0696160787283772	0.115197690674151	0.0528456177750621	0.0939632968770133	0.168897170310069	0.271082037175545	0.248983241166129	0.438565459516313	0.0618709013468087	0.0816476823705615	0.112936423809239	0.0534339748097189	0.123454883694649	0.0835511661087624	0.0728080960536244	0.0890422988156177	0.141341219571504	0.0727896489428751	0.114669769701332	0.0615824097108961	0.129087217678927	0.10393441618994	0.0899495409444125	0.03990189874112	0.110498428796277	0.183102677040028	0.0634894851933826	0.0882819172258329	0.0687671021530123	0.0754356865178455	0.049284195452176	0.084175854545049	0.0907487083941397	0.222391371323605	0.0997363159602339
GCDF227	0.196945959937317	0.173129733482545	0.315073930404403	0.236904325471683	0.246121064994973	0.238234508189965	0.140111754254193	0.163637708119973	0.421186075668142	0.250058360247299	0.374544463825948	0.182587339345253	0.15914498126567	0.157448383532653	0.240947593793725	0.197767838990937	0.148603865105395	0.246112985367125	0.147692008621313	0.140111752663447	0.388884067836434	0.143278085673698	0.21302820102434	0.217915084401164	0.248198554070309	0.181176384139543	0.202480989781142	0.642648646325776	0.166081142244917	0.200874540540907	0.211937473447184	0.190203894306012	0.242104798028565	0.195437852876505	0.33320353323161	0.221682558457057	0.216201078936909	0.199322104284709	0.251506431912533	0.174708534596544	0.140055761550262	0.246813481955817	0.184101875062392	0.15281861064711	0.21856828553207	0.140111752663447	0.179431655604129	0.148219791532616	0.140759569094187	0.196114151399921	0.173214555181789	0.203192012478607	0.252189966464283	0.223662035633819	0.148233872951206	0.140111752663447	0.252391339853556	0.151849703185938	0.158499826714766	0.339172252801934	0.378833754044591	0.220810905776241	0.169228776724953	0.147032837712705	0.280973763929473	0.195355429530445	0.182855930819054	0.372534619437324	0.181895579521855	0.159352973536259	0.165019349674835	0.174019321799278	0	0.175368815528775	0.210987113096347	0.146449466809781	0.164759201759642	0.200124054545104	0.168712738675602	0.159309256596096	0.153799530438552	0.150651071879147	0.477766234164286	0.18889251071019	0.226044482316333	0.173119718293575	0.147421734746207	0.157422066976627	0.180307969958945	0.159625194496428	0.194762295187272	0.256540453230793	0.240438975694806	0.426107529437903	0.163078431096492	0.155845637687228	0.167557250313235	0.179851952112383	0.189187033722798	0.148075022856997	0.15745222331448	0.168817154141237	0.219185269729357	0.159436674337044	0.16556245103629	0.153582442796441	0.168659217316996	0.159782264104132	0.154885325580835	0.159257008759963	0.16193098706579	0.210064272669078	0.160691220915378	0.141737491870769	0.145421285408013	0.170858533770749	0.16909697000878	0.166670527045775	0.158115292306651	0.248813949845204	0.15272219290938
GCDF228	0.141096974638947	0.119183808301735	0.270528420128606	0.190056893334846	0.212357351330645	0.186879846888284	0.0753356763018095	0.0987835727218125	0.398786878947056	0.188246914157362	0.326881302276043	0.137030219508692	0.102050004320012	0.10168156868336	0.18402401553561	0.15012913545349	0.0958962958080299	0.205479129772596	0.0882635872923967	0.0753356738185341	0.378232540506305	0.0794305406849493	0.161860523688974	0.15710076042498	0.195731566259355	0.11967647431249	0.148945668467669	0.650811326624167	0.108191879663729	0.14741955347585	0.175164414739067	0.126840958117761	0.186447560937718	0.141768053907788	0.289103726320194	0.162041354811553	0.164276633524533	0.169233144072797	0.178266831795977	0.112525995331581	0.0768700998201214	0.193775950131392	0.13104720218013	0.107061662984015	0.160577382478449	0.0753356738185341	0.124207054528248	0.108474179020509	0.0848131306055519	0.131521977710001	0.113782572061426	0.135646464585355	0.192721176629115	0.16341967639899	0.0844788401096006	0.0753356738185341	0.22268905141626	0.0874985924950152	0.104005316313788	0.295292878993834	0.340445468522081	0.169897626295234	0.110415614821544	0.0851853587899846	0.239928931035478	0.12757184663129	0.146557066646038	0.350717938006526	0.153649889007963	0.100246060338586	0.105523231476922	0.150662335256735	0.175368815528775	0	0.16441839798871	0.0856633606094001	0.116877810295784	0.141496500320206	0.0988585975096382	0.105647417312168	0.0932144419374791	0.115535519904259	0.46139557193024	0.138868403367021	0.159908284404964	0.113560961973336	0.0887003071944822	0.0899808533263929	0.137981989091695	0.106111726733019	0.134619127808496	0.204214543687424	0.17065494386197	0.439620319339964	0.10754650784186	0.109828242260699	0.109501468591543	0.145267731651212	0.142702789450384	0.0939255408340632	0.10599646152872	0.122317993844097	0.180977380213638	0.102245522249076	0.10487431780708	0.106797104494439	0.0998826574985728	0.0983221633924228	0.0909109683048846	0.115998682500136	0.100066902981413	0.17405169603951	0.110773908162508	0.0987643577308968	0.0892891202949815	0.121908413848341	0.128908883196988	0.115930888105673	0.100822738343568	0.207390818124016	0.0904460904950445
GCDF229	0.190109350900833	0.15364947574533	0.297791851289345	0.216537819065229	0.237728534247538	0.196464991949574	0.113171171666794	0.141566404527185	0.417860508115605	0.236367825155306	0.378429844072371	0.16994687905441	0.14050776708984	0.134064554377939	0.200612855303769	0.165611052481138	0.117863825964506	0.237080513979449	0.119466102014136	0.113171170098764	0.382751114139653	0.120048498791276	0.197960649626424	0.192885278300806	0.225285849562197	0.162484672484976	0.179205634226703	0.649579758595939	0.146202669168512	0.177136590008182	0.192536804025447	0.189264361981792	0.224026314161643	0.173917357593474	0.297530195704012	0.194614529684939	0.184725889277579	0.199710299420838	0.206048836461221	0.149556829848073	0.114326211557996	0.227287954603783	0.165910706864764	0.13558676528434	0.193461887011624	0.113171170098764	0.174555877882122	0.135635884140025	0.117642387051624	0.181027056621105	0.148085584299582	0.211647996998797	0.217566041106527	0.198904481199053	0.121709825320527	0.113171170098764	0.236015265788695	0.125084019915173	0.129896818904559	0.337589546285494	0.397486992857673	0.199038116919874	0.142214177515019	0.128247056288099	0.269328333888993	0.171284010182276	0.164115228944204	0.382372635633054	0.17766563699703	0.151524779734888	0.139106290509002	0.158646880827769	0.210987113096347	0.16441839798871	0	0.117014834582053	0.138857248718991	0.152173689284334	0.132601120687946	0.133223935397285	0.123357526318292	0.137775776813729	0.486535743782015	0.168846763218894	0.211896675930481	0.151958657268698	0.121186551779057	0.120206192700249	0.157356432592026	0.137309951406687	0.188133438352985	0.266614555861011	0.233574104335422	0.466756719832469	0.131688017285231	0.139702127757247	0.143581105076303	0.163404806676989	0.178625605793463	0.128038885617497	0.132767314147769	0.146189668676769	0.203958339500006	0.128757161831464	0.139692006707944	0.133709336678037	0.16535992884651	0.127792454903212	0.12444490224424	0.135175698333316	0.136674802618647	0.20697716702566	0.13321704445689	0.128269853973479	0.121159207771974	0.146257137352921	0.152567165837896	0.144036710958439	0.13454252741102	0.229482435442583	0.125821455410033
GCDF230	0.113031805282417	0.0599256491457874	0.231163032879733	0.140705083101762	0.16964782044442	0.137498399619051	0.0110366983050814	0.0625501605823185	0.402553665969107	0.157540928835821	0.345724917120404	0.0807825485714758	0.047034437570608	0.0421237335069989	0.138106857285355	0.101568302506525	0.0263182736105389	0.163557396467888	0.0231672279687241	0.0110366953292278	0.357619048369051	0.0198378801872634	0.11551947972615	0.0993338772142776	0.142351714800103	0.0747884423330878	0.0961344832498016	0.663334555096097	0.0520994591837128	0.102154256230352	0.111887773983369	0.107262510091367	0.138494841904953	0.0871367357069194	0.277277768185042	0.105030556294051	0.13376362305699	0.115323004256369	0.163191039077561	0.0512027938596227	0.0127346484799578	0.141091881150549	0.0808433417343732	0.0390529222410135	0.103131663242374	0.0110366953292278	0.0876101220421719	0.0422553038977162	0.0212244142336075	0.0889490077629535	0.0549746648304992	0.131159511818127	0.179759174886376	0.106679086281796	0.0215301836718514	0.0110366953292278	0.158211875800984	0.024415056061263	0.0364903573363662	0.3056518267652	0.378902551050138	0.113982141394206	0.0518409332843742	0.0291642709964454	0.237700266406091	0.0900805243337997	0.0796461593585484	0.33590588003698	0.0973463154802419	0.0607360699261078	0.0455596237396351	0.0730119851803539	0.146449466809781	0.0856633606094001	0.117014834582053	0	0.0465805282383555	0.085645627644327	0.0486991025432192	0.0410222102972594	0.0398686918796915	0.0469020723995536	0.481134158643809	0.0831566926731606	0.153411916334822	0.060180228956119	0.0220733908089724	0.044739905932937	0.061934551901438	0.0417554565150328	0.104148975977994	0.212868831524945	0.188941571466399	0.442565788524319	0.0329920533254291	0.0412506037250613	0.0502057810774957	0.0738088273904239	0.102947644268473	0.028230060832669	0.0538329379727142	0.0619133337391446	0.138502908663617	0.0352140456212289	0.0450437984833814	0.0395518926282724	0.0769536520796593	0.0420490258203989	0.0336573224778127	0.0466937113440398	0.0397678840566765	0.123529985659953	0.040408204676527	0.0364339680909508	0.0246203205350674	0.058385295473566	0.0537636618910715	0.0477271329874944	0.0389193635659687	0.162108407854432	0.0280002653222493
GCDF231	0.144027374088019	0.0940735481416035	0.256750614354105	0.171501085133941	0.197618911325028	0.169420217436672	0.0473586354896891	0.0951048499067323	0.421736007838538	0.184919443922211	0.365269129173924	0.105523093528293	0.0756628372414847	0.0655892635272308	0.171965523350118	0.125612836006577	0.0474826584410186	0.181607147434143	0.0559743154944495	0.0473586336869483	0.376285718848007	0.0519319828035253	0.140637492761016	0.134819664061069	0.168832263711727	0.102414489770779	0.128402181496524	0.671728311163006	0.0798661865651457	0.127824888592868	0.119723181950512	0.134831259140011	0.172263548455455	0.119573285652682	0.299974256693715	0.1373598736645	0.159010197892032	0.141198645148313	0.195616374563689	0.0870379499263234	0.0473586336869483	0.173090765271524	0.106338413375797	0.0481469644365287	0.133835543887784	0.0473586336869483	0.11220188993923	0.0597483381685434	0.0490942948845902	0.123043491975451	0.0891266772617595	0.159058451859487	0.208610064453549	0.141790790464541	0.0573724752687144	0.0473586336869483	0.164952647994564	0.060562795799489	0.0670590514049068	0.325340271071352	0.394593281727849	0.142663362501848	0.078567692803012	0.0560823959684131	0.263451051230382	0.122446372333651	0.0816448519025186	0.353545610125017	0.123756692039244	0.088894881157562	0.0738186954962786	0.0551702451675829	0.164759201759642	0.116877810295784	0.138857248718991	0.0465805282383555	0	0.115883404802945	0.0825352462177927	0.0616968553136997	0.0663361475436073	0.0628176980999985	0.493606391428697	0.109409131486006	0.18290204799386	0.0887757528084095	0.0449168748702064	0.0793708496247277	0.0662473275918852	0.069089928378511	0.13727462760201	0.23584815349919	0.211367436374227	0.442098057932324	0.0590684246459995	0.0653657049241692	0.0804667811878402	0.0779493334091673	0.124172819646621	0.0607934097825277	0.0700979922719375	0.0777423779357864	0.146256673215616	0.0568432576502814	0.0788624232841863	0.0566162748469247	0.0980878916352686	0.0731397674212025	0.0596082431612292	0.0509162731092386	0.0747510384994023	0.151179215974278	0.060128757937087	0.065111963153638	0.0541715726933696	0.0709048921073025	0.064702823118429	0.0691746238318056	0.064546865796802	0.190255830440708	0.0635119375180114
GCDF232	0.165903098227437	0.119708615308157	0.274272015449977	0.181241570501541	0.218148298561573	0.189037056461052	0.0768990734521794	0.121662710445246	0.426146678400762	0.208996019956439	0.376180383894179	0.142711358587022	0.108339857874495	0.105249266370642	0.192576377831324	0.144837511261229	0.0956206751441715	0.206065896183553	0.0891594926666732	0.0768990720612834	0.384863289618733	0.084433383148427	0.168094319677112	0.158611888310524	0.195003589596411	0.13238174955577	0.150698572585378	0.64160312366004	0.111507651339652	0.157370239383343	0.176978673372004	0.161071537269486	0.192793690194987	0.143491348157627	0.315169035184263	0.163911735620162	0.18386879217143	0.172358725483369	0.214190470600369	0.114076259433094	0.078434354804381	0.194676746322651	0.138130831936694	0.107586957740061	0.16206515565364	0.0768990720612834	0.143403198438311	0.106956413947046	0.0880273412724938	0.147208210024418	0.115025360701662	0.181969493815694	0.224616747311871	0.164975846506128	0.0859788416724915	0.0768990720612834	0.221883993595839	0.0892622058439736	0.0976738629700435	0.338099400051916	0.403905045504522	0.173161824995821	0.114867396201148	0.0930791056216365	0.276406928219578	0.146555239993213	0.148531871988918	0.366348978696447	0.15733001819539	0.120484780858863	0.107996523154504	0.150238612836057	0.200124054545104	0.141496500320206	0.152173689284334	0.085645627644327	0.115883404802945	0	0.109894580988571	0.104971444403583	0.103249751859241	0.116613074459813	0.495542428710244	0.139338899140406	0.201891214483314	0.125285045930532	0.0887418754323564	0.106511107749409	0.13680334071243	0.107139445540279	0.15943715992299	0.254629182544622	0.233579075942286	0.468541311796265	0.10802811948639	0.109981580364584	0.112385185021493	0.145807764502336	0.163966516823028	0.0953344162741695	0.123391443280259	0.127878499904064	0.193155752269156	0.101171612927709	0.106636089545609	0.109291459668917	0.134516020615896	0.104218436931871	0.0972601516981317	0.116287518179778	0.101751173385466	0.177413531513226	0.112457009841396	0.100980480436725	0.0910506552518016	0.124212693460662	0.128000811175114	0.115697493607348	0.103078215655805	0.211060613280896	0.0915889642906911
GCDF235	0.125338893177352	0.0832537042748446	0.248357804435672	0.160135113671798	0.184845263589964	0.152132106239371	0.0380258798563508	0.0745337609615591	0.398493399523725	0.177600077155865	0.344416077690895	0.108694004600473	0.0720506276972968	0.0651097597102776	0.146637525371831	0.118027116496567	0.0593396762404779	0.181839511024229	0.0528356550317822	0.0380258773914491	0.35931131183499	0.0461405497232471	0.136073580783124	0.123003702272068	0.163929662018111	0.0899806334401923	0.117898049867815	0.658459244954466	0.0765982902223113	0.111149979905799	0.143989457057394	0.127757307179648	0.159954018063015	0.109365103521732	0.271487840423078	0.128324997997043	0.138857735076336	0.13893530732303	0.153041783607367	0.0765252702145113	0.0396630162693033	0.162057189778848	0.103133521785941	0.0728221042740225	0.126681609813011	0.0380258773914491	0.109894672841436	0.0723057473925027	0.0496697075890772	0.112269598040542	0.0791006289949321	0.151236172426831	0.170445728482622	0.129866942612812	0.0478723826018548	0.0380258773914491	0.193958497079409	0.0510859120674808	0.0682474984627839	0.304368899439019	0.364815149192858	0.138450198402308	0.0768024109002918	0.0567618285239947	0.227158802815459	0.103441440001732	0.113696901466359	0.343469164738751	0.121889398104013	0.080676143236383	0.0711128379246502	0.118105687050506	0.168712738675602	0.0988585975096382	0.132601120687946	0.0486991025432192	0.0825352462177927	0.109894580988571	0	0.0683112842115489	0.058302465920346	0.082265543102315	0.459515576260258	0.106594622285679	0.160662248617772	0.0866561855913864	0.0521554687257969	0.0557110406684153	0.105056715338971	0.0703363767025447	0.127661776286785	0.219914964202679	0.184544867864161	0.455913099074605	0.0728781674094875	0.0746945951209225	0.0745033900996651	0.111567073247649	0.126682627814436	0.0577334057953623	0.0789746401285884	0.0846328490573649	0.153868579653778	0.0659602893648124	0.0700157914273064	0.0715576619888195	0.0998920033112018	0.0613911215949691	0.0537936427828037	0.0798298123508993	0.064997638867359	0.143800441984727	0.0746575483694823	0.0638143716361186	0.0525471559076598	0.0877403187179806	0.0941772476177324	0.0818335407159545	0.0654353189159824	0.169813146833519	0.0536241395154385
GCDF236	0.130977023022471	0.0813634222316923	0.246256660707671	0.158057992393621	0.188000251774234	0.157204734227347	0.0344976853380573	0.0845491400722301	0.411178006969317	0.176064065008452	0.354241308840838	0.0991672054309436	0.0683450544949132	0.0597850253636187	0.158494466633508	0.121370812576979	0.0490296826970698	0.181353825661871	0.0460871322588487	0.0344976829835261	0.367035656565368	0.0430688169982397	0.124310683534302	0.121339425896153	0.161252826301738	0.0917003990122766	0.113834026316651	0.666149681866771	0.0732848317352961	0.120829733239129	0.120314337816466	0.125863596194922	0.155460395219952	0.103075502854255	0.291002223512741	0.126999516905558	0.149058711197641	0.132887527440684	0.179174042259804	0.0739641822780473	0.036195636134256	0.159890981485145	0.0985867894358105	0.0511160694589519	0.125137211924249	0.0344976829835261	0.108120023526929	0.0590039227590567	0.041140544708028	0.110405014903106	0.0737194777513393	0.145449152498534	0.193129955668642	0.128384867325576	0.0445893509125318	0.0344976829835261	0.170950210690875	0.0477821986858893	0.0543159041960708	0.314013683660464	0.381826542995193	0.133889432055782	0.0675235154351803	0.0513747290454128	0.246365614009626	0.109649366012426	0.100230446254665	0.347993209506526	0.118244607678869	0.0822431645120936	0.0683779866632187	0.0813892931498662	0.159309256596096	0.105647417312168	0.133223935397285	0.0410222102972594	0.0616968553136997	0.104971444403583	0.0683112842115489	0	0.0617674783700042	0.0618539775223142	0.486118222878437	0.0978700527827246	0.165748967290527	0.0808761569887701	0.0436136876468105	0.0636205117058272	0.0837111866496729	0.0642027959152304	0.123293276989099	0.227417911694507	0.20321619262298	0.446420898642203	0.060154006129714	0.0643187058017109	0.0738331444862515	0.0822877763121417	0.121650612358041	0.0486087331623592	0.0711290845741527	0.074090531396896	0.15094842598068	0.0546827995491148	0.0646354317514583	0.0572283411530232	0.097722232172435	0.0611524381157425	0.0542807594844789	0.0619906892981192	0.0622211479478412	0.143936505353059	0.0539112922293369	0.0559704173168149	0.0431759356323517	0.0757204360055803	0.0787777987995533	0.0681688616597893	0.0606655285816	0.173129936510866	0.0476006001535088
GCDF237	0.125635403136266	0.0765473368681139	0.24383319214438	0.155477055132088	0.182759903202003	0.151795702723015	0.029471982559306	0.0746131218367755	0.40072682198852	0.172414342035549	0.346523150350108	0.0939959981243568	0.0640115381754709	0.0546844971243932	0.146292548739549	0.107301654519908	0.0442362304287727	0.177118752264615	0.0442319011522664	0.0294719801256151	0.358313071306306	0.0378385286100886	0.130079450650197	0.116123724314902	0.157826864809701	0.0849550790670845	0.111710870694934	0.663042932447761	0.0689446170804928	0.116729116838689	0.13029388099382	0.121633600311899	0.153673520894966	0.102817063078736	0.276607136759493	0.121232188485488	0.132802168904531	0.128986196724152	0.154626945805068	0.0686108874382846	0.0294719801256151	0.156179450301811	0.0966964944294005	0.0598792444274883	0.11940982787296	0.0294719801256151	0.103250281339643	0.0546991108173523	0.03591414638842	0.105378803194999	0.0722077576575255	0.145444035755866	0.171993942573817	0.123198703006663	0.0395888356736513	0.0294719801256151	0.176524620992367	0.0426666808098254	0.0588416470041137	0.303790204226971	0.379195810568453	0.126239775181419	0.0671041976246569	0.046164142607589	0.2375087817811	0.0984376913331675	0.0969244018385206	0.343873911584267	0.113582131650412	0.0756280561815007	0.0619525493621224	0.0903659183720146	0.153799530438552	0.0932144419374791	0.123357526318292	0.0398686918796915	0.0663361475436073	0.103249751859241	0.058302465920346	0.0617674783700042	0	0.0599385639934829	0.477740979405365	0.0958282077929588	0.1588660699099	0.0757850823415951	0.0385750850493258	0.05133083539855	0.087685182991654	0.0609702449103799	0.12123860956894	0.219745082423241	0.187652043847725	0.447412989055267	0.0583911293722463	0.0611131914298643	0.0669283766976812	0.0915092204631579	0.111235062939802	0.0459308440260815	0.0619314227704749	0.078854783184149	0.147607933504112	0.0543026854895582	0.0622170756787363	0.0556633706872511	0.0924488683654503	0.0537606057795611	0.0476981694951202	0.0604085755920169	0.0572495608016698	0.13821764233889	0.0634172759724386	0.0523987938132551	0.0405504652346023	0.0736914733895148	0.0785398723538777	0.070559555457698	0.0564070765041944	0.174662533846467	0.0457692421746976
GCDF238	0.144283362928258	0.0930986144589354	0.26132060873388	0.171395873359282	0.199395749699136	0.168963534917419	0.0460530975041628	0.0956082648475363	0.423763016709174	0.190042776742367	0.370918960432814	0.0998861880954167	0.0807069120646426	0.0606962342586632	0.171000488629245	0.12899160100561	0.0477707601255841	0.19328193577251	0.0545357007232278	0.0460530958241887	0.379746593911238	0.0545905101479906	0.146377143685264	0.134175423796129	0.169689753591412	0.10183736083634	0.127523843387161	0.674743235111237	0.0857433268536973	0.134338495368608	0.110800024234887	0.138754328675192	0.171678709411862	0.119382650224548	0.305638956903207	0.133423848961941	0.16429979451979	0.141958889570275	0.195509714610649	0.0860865179524578	0.0460530958241887	0.172513893758408	0.111140822107443	0.0435468057603246	0.133152530801417	0.0460530958241887	0.119676994028116	0.0419195629938534	0.0443366492223559	0.122735683100693	0.0882806648697817	0.157212188711973	0.208536732678462	0.141239853067832	0.0561554588734953	0.0460530958241887	0.150393270614623	0.0594120281513291	0.0575597488807961	0.330192192109546	0.400776289629214	0.140526600633607	0.0763215512564086	0.0518757262351838	0.26415472172878	0.122183694174946	0.0750779207570083	0.359706940373989	0.124422965778245	0.0887520786450066	0.071908355568244	0.0418685638167039	0.150651071879147	0.115535519904259	0.137775776813729	0.0469020723995536	0.0628176980999985	0.116613074459813	0.082265543102315	0.0618539775223142	0.0599385639934829	0	0.498876856433021	0.110033970457887	0.182664697594715	0.081934834171952	0.0452423237941482	0.0780046686266709	0.0715267277614336	0.0683594869280403	0.135610396136539	0.240283010621565	0.217162764057367	0.441332779749475	0.0510620434175838	0.0591659677788766	0.0809709217888538	0.0703967890015455	0.114465749869593	0.0526729771547546	0.0647713051676148	0.0794492094504713	0.136217412661121	0.0530095200496491	0.0789040876834682	0.0457718260398116	0.103843079353071	0.072054027255173	0.06015221708727	0.0427348161436091	0.0735972752851067	0.153681188953495	0.0570675774543273	0.0644231712765465	0.0460346024295296	0.0627511437192108	0.0534205986280935	0.0650583299610651	0.0665944617316879	0.190679488854125	0.0623018262211723
GCDF239	0.465700788931413	0.481649520872819	0.54712522391117	0.497462632379147	0.485316335703387	0.505728810724586	0.47575096093645	0.46779250857806	0.502476480874148	0.51600285491558	0.517646697735546	0.493271582656437	0.471577144180885	0.481951452716432	0.510892260706786	0.483920193079746	0.487561845719212	0.495920818411943	0.481065462183471	0.475750961538517	0.546419498294291	0.47145188923436	0.494005081027445	0.522098454863134	0.531647601512947	0.479351201743791	0.483338557108484	0.637857178846995	0.47948161384674	0.468857288059562	0.523827528411692	0.462615559046919	0.521967133187284	0.486771577686974	0.453774692885803	0.525160200969137	0.442426871922281	0.483821955142599	0.50109617005695	0.49615117772059	0.476701024054277	0.527228836760376	0.482746101238511	0.494271553074471	0.524117044728212	0.475750961538517	0.453904155679423	0.492609397630499	0.481694299915824	0.485144097395618	0.484336546424663	0.469964816714778	0.473010805821178	0.524197749116204	0.478721118033534	0.475750961538517	0.553155784053032	0.482874605691794	0.489562226214794	0.483018891377883	0.436256568540226	0.52732962550539	0.485748349416136	0.477840896056156	0.440205398533079	0.481061702575346	0.504425760170426	0.504169437770892	0.463897144252604	0.468913521730539	0.481520253449979	0.518864069021109	0.477766234164286	0.46139557193024	0.486535743782015	0.481134158643809	0.493606391428697	0.495542428710244	0.459515576260258	0.486118222878437	0.477740979405365	0.498876856433021	0	0.490110200613436	0.461094933326798	0.486296040692715	0.483059783325051	0.465617090614155	0.507368643476505	0.478767082697213	0.471825792933955	0.468075151846866	0.44753065675196	0.544028188243057	0.493244962409289	0.491661316216594	0.480337244693679	0.510435786813196	0.489978261066206	0.482379437546537	0.48528788652685	0.486719168647371	0.490855502359795	0.486662916763864	0.482336906321121	0.490987331277192	0.470836675528324	0.480718204318875	0.475753619363814	0.498075545887754	0.483867221257903	0.448072302221048	0.491925877453101	0.483743956745273	0.483502142206587	0.495170126208151	0.503697946216121	0.488392034714872	0.486746242552093	0.469908925921026	0.477669091387229
GCDF240	0.157812891970153	0.116014959008405	0.259642347317151	0.166075591336597	0.215900216684347	0.186249506800915	0.0728386061985991	0.118126395337208	0.407625892999196	0.196698805298468	0.355201580608734	0.131871835799003	0.0953244225996913	0.101622080679682	0.176978095613345	0.156023228860865	0.0902857264748426	0.207646006962868	0.08475749967902	0.0728386038293441	0.380464386157315	0.0804574877738652	0.16507938925666	0.155263117618031	0.192557380657003	0.119923104165178	0.130628255750946	0.653460787402259	0.108289484847149	0.122266487923987	0.164291145096561	0.146498342769014	0.174258022973634	0.0968692875420204	0.313964489282984	0.15979683421778	0.170487146335419	0.163030182011425	0.211534796640126	0.11030055071707	0.073630256352551	0.192323413536404	0.115875612267039	0.101410755116229	0.158002741559587	0.0728386038293441	0.140341969639665	0.102403715676205	0.0814387117973482	0.143858807255523	0.0890312834896825	0.179193144212618	0.222345038947433	0.161714262658297	0.082041750229293	0.0728386038293441	0.218616167854781	0.0853764992395435	0.0996479428688511	0.299475453869261	0.377987756873622	0.167920532325904	0.11075054810881	0.0899880161753508	0.26323130410729	0.143363058435345	0.138103353913234	0.36378887762325	0.152801621423075	0.115955176941975	0.0995261609892954	0.139196949399481	0.18889251071019	0.138868403367021	0.168846763218894	0.0831566926731606	0.109409131486006	0.139338899140406	0.106594622285679	0.0978700527827246	0.0958282077929588	0.110033970457887	0.490110200613436	0	0.161509657654949	0.115803088042697	0.082979658731457	0.102490401252954	0.12912339493256	0.101597918611434	0.134274648097955	0.252099732746078	0.231833245492343	0.452324136038019	0.102407737964332	0.104623877377522	0.104078037363261	0.134716896020403	0.154458564000599	0.0768796019256115	0.114577222069857	0.123464134079639	0.190033589499165	0.0877220964981149	0.0860274713862725	0.101999434143907	0.130503327839754	0.101277121403866	0.0914760744669522	0.109237389958868	0.0981294559220774	0.174894697907748	0.0936216038623543	0.0943564204405053	0.0839091958760312	0.116308150342619	0.120431676337665	0.112776175743402	0.0954477958983243	0.181922716041557	0.067496418388504
GCDF241	0.17265514720871	0.180269077984673	0.301051953826288	0.214373491064768	0.259419935896541	0.240376021336726	0.143882611333722	0.158705647357486	0.408049192693498	0.220449189269784	0.327331801029769	0.174246722446623	0.1587510731805	0.167476413225887	0.215128344041531	0.204585073986138	0.162796451399724	0.259706607521182	0.156718980182301	0.143882608925453	0.404770502538392	0.150655794249038	0.2224457111172	0.21947536640095	0.25326698988375	0.172382552966927	0.188333710241649	0.635989954375257	0.166543853892521	0.170576811664634	0.228765034351987	0.144290604750917	0.214220478001869	0.166280336678028	0.336422051895748	0.22430935050502	0.212087969361532	0.205402004532516	0.225668576028612	0.177841509795851	0.145412474569648	0.250754258473112	0.16006809506904	0.175070663631865	0.222593220797452	0.143882608925453	0.176979057039275	0.164656474885314	0.154070148150427	0.168843045416805	0.147551804649258	0.169705109689573	0.223305139276716	0.214927797817221	0.138188617661445	0.143882608925453	0.280124588671959	0.155310888708842	0.17029153070215	0.267281634262716	0.321053080486529	0.23231726087103	0.176070419714005	0.153118900013993	0.241225026848942	0.182493716929898	0.209269339538584	0.378427097442174	0.212805173087	0.165242636294076	0.162278967222782	0.215838145351771	0.226044482316333	0.159908284404964	0.211896675930481	0.153411916334822	0.18290204799386	0.201891214483314	0.160662248617772	0.165748967290527	0.1588660699099	0.182664697594715	0.461094933326798	0.161509657654949	0	0.158113618842279	0.155909624665675	0.145386354452131	0.202247206610863	0.171140493731005	0.150849443286507	0.227159277808787	0.192294751566769	0.442154176307447	0.174931662477026	0.175021433920571	0.169311443701236	0.207869549780482	0.197452488458819	0.146377244954835	0.175145297941535	0.185176703702621	0.231236281306154	0.152937388188685	0.144033290332917	0.17331360129997	0.164966035709538	0.163282132096062	0.152932346694999	0.181740839824532	0.165401549313707	0.231023383449123	0.161876794853897	0.16550149580445	0.157129624275246	0.187466062530123	0.193520404285554	0.180664804058545	0.167272985621233	0.225795496556193	0.128726131009935
GCDF243	0.136729713524645	0.100266616227049	0.259949421566544	0.167763596739281	0.199749276634644	0.169877027208456	0.0542913432505847	0.0995665164664388	0.414376482819066	0.187817786679123	0.353167039276373	0.0961866072999934	0.0863653045580393	0.0784834673007329	0.173508246589189	0.137697217412142	0.0705109934294314	0.195607145853115	0.0668189127017001	0.0542913406635776	0.376210503505938	0.0625272416556724	0.150715358009694	0.139241401369524	0.178642025951183	0.109987534290989	0.130929059010338	0.664018927198468	0.0776938550019016	0.134303120068378	0.140522598994501	0.131148350641432	0.169439811297137	0.120105966539922	0.300630866879165	0.14434262869334	0.163605964507418	0.134815368886021	0.192252319720056	0.08962063162089	0.0543047931854322	0.1767810528176	0.103289242081269	0.0746816428227708	0.140930833915869	0.0542913406635776	0.120697538961064	0.0610699101370016	0.0635028165868587	0.121731600112686	0.0908460531835303	0.156592165863123	0.189782836220481	0.131324862891977	0.043973488121698	0.0542913406635776	0.188422806767954	0.0671090253186647	0.0753484747908784	0.314956132811729	0.37834458941161	0.148506907426348	0.0868460731863072	0.067889602826626	0.257671128695059	0.125743216834962	0.110731547566676	0.356583113622184	0.135255761068277	0.0941766537443706	0.0790722233342063	0.103075285762022	0.173119718293575	0.113560961973336	0.151958657268698	0.060180228956119	0.0887757528084095	0.125285045930532	0.0866561855913864	0.0808761569887701	0.0757850823415951	0.081934834171952	0.486296040692715	0.115803088042697	0.158113618842279	0	0.062457515331305	0.0810944564602893	0.105507734937198	0.0827245988384491	0.132053322836079	0.229439965552754	0.206481025601276	0.443225298867081	0.0792583121325482	0.0824648437720507	0.0881123364141042	0.105132803847693	0.136440248821269	0.0659403097580629	0.0837927559164889	0.0993125784408414	0.167632459879223	0.074533897094579	0.0831239117459968	0.0800481780968381	0.108917612573038	0.0848765598158493	0.068902799323427	0.0866629678962959	0.0808344064938902	0.156311704090448	0.0795204567657125	0.076500782667838	0.06184804622987	0.09734062047092	0.0931953633712097	0.0891778376800093	0.0803528551313311	0.191272125626453	0.0663854852600983
GCDF244	0.116160632248681	0.0630660576162615	0.234459570938289	0.143885049225781	0.174208696988044	0.14061651741051	0.0144326045468883	0.0662013287797119	0.404760216372182	0.16102514762168	0.348129391369193	0.0872801778687522	0.0501696325349386	0.043834337602473	0.141521801776958	0.106831010826158	0.0246203206103257	0.166626803275913	0.0298707128097915	0.0144326017812045	0.359901218101232	0.0231527111709419	0.118265541383263	0.102729783816771	0.145664065775245	0.0779169631388151	0.0988626883111217	0.664404527105466	0.0555501592279685	0.105177315497639	0.118168956952903	0.110376500835021	0.141626771727596	0.0901083116127987	0.280064325967822	0.108426462896545	0.136614492821573	0.121123055767531	0.166343688588552	0.0546058816647138	0.0127346486304746	0.144046551275133	0.0832002606205266	0.0356570157890368	0.104920676937609	0.0144326017812045	0.0906674225598273	0.0406052427121786	0.0195264612333943	0.0924820971835141	0.058120580145506	0.131633504999406	0.182575719976666	0.110065984379764	0.0248900577708176	0.0144326017812045	0.158947024343893	0.0278109626637565	0.0413699969000859	0.308219247920947	0.380804941509709	0.115650041762627	0.0518043630690587	0.0291642711469621	0.24051938130699	0.0929989736113283	0.0800282315849656	0.338955722222425	0.103332129617532	0.0639191296967593	0.0504427711865065	0.0696160787283772	0.147421734746207	0.0887003071944822	0.121186551779057	0.0220733908089724	0.0449168748702064	0.0887418754323564	0.0521554687257969	0.0436136876468105	0.0385750850493258	0.0452423237941482	0.483059783325051	0.082979658731457	0.155909624665675	0.062457515331305	0	0.048074997735746	0.066907676971621	0.0421697159457688	0.108521558908802	0.21583899185814	0.191585501806453	0.442500917598455	0.0481894899799366	0.0446123455397107	0.0536888085042286	0.069042879617726	0.103747669795547	0.0316971019662992	0.0548832875610602	0.0595776795249696	0.134776318370543	0.0351560369058691	0.0484756457083153	0.0396335568241399	0.0750941555533144	0.0433582111656892	0.0324245302966147	0.0449957583438266	0.0427754603401579	0.128060321427054	0.0454366316247468	0.0397780653126914	0.0246203206855841	0.0555058779439541	0.0554445324221043	0.0507068161410515	0.0422469414394311	0.164217122538824	0.031330739270256
GCDF245	0.123282507908019	0.0799837903580581	0.245144376550058	0.157398617685293	0.175770799808129	0.15090145959961	0.0340072837971946	0.0697880750804236	0.396436020731926	0.174451957974169	0.332646144008396	0.104661592225911	0.0677687358299289	0.0619066833527853	0.135275751126535	0.110674671936931	0.0553509015778098	0.17932467960348	0.048961009943124	0.0340072820433462	0.348327326503667	0.0425675671472393	0.13279456030013	0.119301713401019	0.160419777863555	0.0860716709396755	0.11425184560093	0.661680317888356	0.0730431324830561	0.118055985883029	0.139140961155521	0.125290535841927	0.155969319394743	0.105978536334905	0.257541753201172	0.124726348453098	0.118465262004221	0.13661683314113	0.120320879299231	0.0726177297965294	0.0357052351940762	0.158949964651556	0.100237306508452	0.0691753601034482	0.122827455627196	0.0340072820433462	0.106643198754149	0.0687268451420647	0.0456496967059193	0.108805541071401	0.0757990423025507	0.14789776120222	0.140223625181901	0.126244387617617	0.0439253521217692	0.0340072820433462	0.190471837965	0.0471300895165915	0.0648406250198036	0.29065837236968	0.365144305307456	0.13480072619036	0.0718103600195562	0.052963737022094	0.212116483824723	0.100554393058774	0.110628700128408	0.338114549114247	0.11883258872261	0.0795748192779343	0.068268691754025	0.115197690674151	0.157422066976627	0.0899808533263929	0.120206192700249	0.044739905932937	0.0793708496247277	0.106511107749409	0.0557110406684153	0.0636205117058272	0.05133083539855	0.0780046686266709	0.465617090614155	0.102490401252954	0.145386354452131	0.0810944564602893	0.048074997735746	0	0.101928840099712	0.0665139361011862	0.123311417196134	0.208743564031943	0.163974379819601	0.454779724882107	0.0695725027659927	0.0707451340488412	0.0720031504152399	0.10835201248075	0.113530331300666	0.0535961356051642	0.0660336970568004	0.084803956513754	0.160015399238527	0.061984747234318	0.0657493361845763	0.0680682621896267	0.0974223548264214	0.0540434369967893	0.0424394426359372	0.07657289219023	0.0613294922266946	0.142909775949036	0.0712489641901821	0.0601523657790338	0.048802346066393	0.0844629942016168	0.0911666780446816	0.0779578395263113	0.0620791785832908	0.176945626660429	0.0499719461106291
GCDF246	0.165538452189378	0.112082678598888	0.278771179718803	0.190976566889069	0.217480232525203	0.189465012815264	0.0708665021817492	0.118508012946507	0.434881959599678	0.210963224822825	0.384136527325168	0.119741823345498	0.104022004801517	0.0785941316539215	0.192681115384054	0.143093757369	0.0579392466731746	0.21201253772685	0.0695077197231126	0.0708665001497726	0.392321392442241	0.0789706599193089	0.167093375133294	0.157387060122659	0.187308087944984	0.124198680301432	0.149251336965597	0.67941476118685	0.107132370028682	0.155996301615931	0.12290373382469	0.159932998977978	0.193215106247049	0.140793880391302	0.321522698859976	0.156736010629119	0.184279623431991	0.160056106162944	0.215982011848628	0.110079849120041	0.0708847409960899	0.195459656191595	0.135036626247445	0.060562615612089	0.157991878312043	0.0708665001497726	0.141461974216832	0.0815267158164219	0.0644119939381125	0.145138503005258	0.111322151910928	0.179323129393537	0.226727236701985	0.164112422201369	0.0805288591995986	0.0708665001497726	0.165697515631715	0.0839756760708611	0.077140716666525	0.344156979912459	0.412367913458082	0.158892177797929	0.0564857341273867	0.07656930742616	0.280795775391538	0.132943866454592	0.0606481117393934	0.371980467077458	0.142499984119727	0.10909280233612	0.0963077611017107	0.0528456177750621	0.180307969958945	0.137981989091695	0.157356432592026	0.061934551901438	0.0662473275918852	0.13680334071243	0.105056715338971	0.0837111866496729	0.087685182991654	0.0715267277614336	0.507368643476505	0.12912339493256	0.202247206610863	0.105507734937198	0.066907676971621	0.101928840099712	0	0.0918165297256877	0.156437103683599	0.257357043110662	0.235653278483736	0.427977929211626	0.0676842603945371	0.0488406692753838	0.102725453223243	0.0441021466194981	0.0896565503243244	0.0806639432493183	0.0845390052694564	0.0937841611942559	0.158725259976104	0.0718885418592077	0.101328897092378	0.0756129042405372	0.124666808850386	0.0926202905712405	0.0836142022350822	0.0631130205072237	0.0973183708359497	0.172144264189733	0.0762282453778416	0.0853427389279158	0.0660940234107201	0.090865645557642	0.0551932971322476	0.0813815447153768	0.0478055331329204	0.209398392475013	0.0865067455428417
GCDF247	0.131298082025755	0.0774427577665057	0.243817008053414	0.152642010090252	0.178364463018799	0.151001557519641	0.0343657020085664	0.0840514370927004	0.401090781646545	0.176381265725752	0.350769733088185	0.102581798437644	0.0682435480858943	0.0641676901717379	0.157994241274969	0.11825170866543	0.0446329679001461	0.17555652724372	0.0496202270415696	0.0343656997488003	0.363044554536993	0.0427958351381198	0.134164848299039	0.12064101629787	0.157678803711227	0.0950112615834282	0.114437460372544	0.659816261493798	0.0740089793360293	0.122256761454422	0.135389774821398	0.126562490231461	0.157980777549021	0.101517833995097	0.282895584449624	0.124730802470385	0.151732303653703	0.128136713979672	0.181736782268442	0.0736735596067526	0.0345309905783095	0.157954186577388	0.101458157516188	0.0639083969472635	0.124438802325966	0.0343656997488003	0.10750463117629	0.0571631353085089	0.0409901574856103	0.109293794795645	0.0760818264550633	0.14805492051322	0.188342047159118	0.127681577070193	0.0443986969802416	0.0343656997488003	0.18015721441256	0.0476561533381241	0.0626320810071782	0.318520215951433	0.382769123171315	0.134763099328436	0.0753356820405132	0.0515165932928071	0.242247062989257	0.110390758480538	0.0954781064406188	0.341475562164278	0.114018182693557	0.0792933828714821	0.0688733360777148	0.0939632968770133	0.159625194496428	0.106111726733019	0.137309951406687	0.0417554565150328	0.069089928378511	0.107139445540279	0.0703363767025447	0.0642027959152304	0.0609702449103799	0.0683594869280403	0.478767082697213	0.101597918611434	0.171140493731005	0.0827245988384491	0.0421697159457688	0.0665139361011862	0.0918165297256877	0	0.124836973958846	0.228605444270252	0.203351744798699	0.447399026817746	0.0671981321365544	0.0653305463681016	0.0715399223821934	0.0957799242865859	0.12237374206083	0.052532698545191	0.0772920360769888	0.0799905817880474	0.154197446023575	0.0611164659035928	0.0667749839750203	0.0595291181646212	0.0967142844779624	0.0620660996346763	0.0566878358673568	0.0647573735978868	0.0615830871869217	0.13556731185603	0.0653089829391301	0.0592088686546894	0.0474472602810522	0.0741919057086261	0.0858667219114123	0.0696918424783331	0.0613650508751773	0.170404979601653	0.0505524243068213
GCDF248	0.148522311798633	0.136695193352573	0.27827958702439	0.196160082338434	0.22381182771289	0.203327746892517	0.0955694905298776	0.123719745230946	0.407078873177971	0.201393059407822	0.348575813300682	0.145240147917936	0.120698580838213	0.122964041001831	0.20190978750135	0.175534153705218	0.114875107100516	0.223821752300166	0.107984078276639	0.0955694887147407	0.393419798576471	0.102937339833288	0.182736125934606	0.175563150659354	0.212690796891246	0.144925918279573	0.150706327294536	0.636307532739158	0.129744265012142	0.16242196151253	0.193624238173167	0.126839233637609	0.183661051546082	0.141851734736878	0.325625359409987	0.179936385892256	0.198481477947548	0.185747039843012	0.229151684677962	0.132031532107956	0.0970571347785116	0.210139532658187	0.145702025881319	0.126446644276983	0.178699709776074	0.0955694887147407	0.140717298074654	0.127859458543661	0.10681594603441	0.12915818788337	0.122645241838664	0.140550877146348	0.238106390593028	0.181656790577402	0.104311628812792	0.0955694887147407	0.238085903763545	0.107699439569254	0.121889672170627	0.295550773541133	0.343345145233954	0.189748280803965	0.131976842202924	0.109212201126296	0.254911668259989	0.154427653065685	0.164311367228176	0.359976851277881	0.171679835766554	0.123022343041469	0.124114167453213	0.168897170310069	0.194762295187272	0.134619127808496	0.188133438352985	0.104148975977994	0.13727462760201	0.15943715992299	0.127661776286785	0.123293276989099	0.12123860956894	0.135610396136539	0.471825792933955	0.134274648097955	0.150849443286507	0.132053322836079	0.108521558908802	0.123311417196134	0.156437103683599	0.124836973958846	0	0.225406795777757	0.208423350721297	0.432668713608173	0.126506125121707	0.128068467696207	0.130635899124723	0.162471380103568	0.165719157141266	0.10660146072394	0.140433854414056	0.147347567170256	0.193508138673173	0.114535777274557	0.115700228666567	0.12736490863667	0.131384480594084	0.12233166958704	0.115629478348325	0.134217671184528	0.118993215338148	0.193600936821013	0.122100922890534	0.118717424044705	0.109417588835714	0.141047216726072	0.146207467605821	0.135679125785828	0.121043574629408	0.214149315869718	0.0997726853109068
GCDF249	0.229814173634907	0.23613334097194	0.359525646374683	0.29144676880102	0.304901016292849	0.290935263338715	0.204195745289326	0.211110604306062	0.427143511748073	0.280953453195215	0.360059023053959	0.244816263893036	0.218777097893333	0.22438582732822	0.284540777706137	0.262240361083638	0.221630804805141	0.293075139775421	0.214237647827226	0.204195744310967	0.422834428271862	0.203435042421475	0.264429497297364	0.274463020566136	0.304360499586722	0.20425006338969	0.261756349768903	0.639088484976027	0.224074442240626	0.252117492446695	0.289227578525591	0.197149216432614	0.284620425014785	0.254467575801442	0.367119442934942	0.278825081884861	0.256295215451356	0.279104089947662	0.274041188636211	0.235871304240492	0.205473413070043	0.301254061812704	0.242341869482488	0.233236604417213	0.277698122265965	0.204195744310967	0.217855953808987	0.232202448364761	0.213338034171047	0.229932396324596	0.233088986477768	0.211046543122843	0.277317628715978	0.27924400726051	0.210978596386584	0.204195744310967	0.326325943223154	0.214930041683744	0.22784046657534	0.331981394929115	0.343811006257028	0.284100394131559	0.229705147633348	0.209016913341151	0.291344364634668	0.225822901146279	0.264349675201105	0.390486194930895	0.258188012046645	0.200145032764836	0.22675531255928	0.271082037175545	0.256540453230793	0.204214543687424	0.266614555861011	0.212868831524945	0.23584815349919	0.254629182544622	0.219914964202679	0.227417911694507	0.219745082423241	0.240283010621565	0.468075151846866	0.252099732746078	0.227159277808787	0.229439965552754	0.21583899185814	0.208743564031943	0.257357043110662	0.228605444270252	0.225406795777757	0	0.231033920112884	0.446955685964739	0.232257704730287	0.232800147072835	0.230656727734539	0.262624666207668	0.241752287843312	0.219172250103168	0.231770172226008	0.235962391087804	0.274424179786384	0.226423359090331	0.209234257501484	0.229860382211028	0.207179435726368	0.220713536772463	0.208154438496238	0.239223282069269	0.212156837185224	0.279980808465902	0.23380970766749	0.219820601244768	0.216211510765733	0.243386746393611	0.249799752250464	0.237255442022073	0.225055637270814	0.302564234820881	0.21495988050645
GCDF251	0.19418309184939	0.213319280344729	0.306696460102544	0.222735215157195	0.259586926022864	0.235081588905869	0.180069137624129	0.176945453359172	0.384564388580997	0.259983232226035	0.311973990063475	0.218760773116215	0.176545799277121	0.197438481555443	0.252307725073111	0.22779079073231	0.198126301169395	0.225447505561992	0.192150552785306	0.180069137195295	0.403822005397142	0.175557164926872	0.234356223784312	0.252466720839341	0.26386551950315	0.197009179270779	0.235710160073006	0.641465510382797	0.195356376356248	0.216563586935853	0.264026115827187	0.193978929233671	0.265112279641508	0.209078412107898	0.319003605180317	0.257413958585021	0.213035799562931	0.253332764851023	0.213918271389875	0.212476567177083	0.181525614169059	0.267139809224943	0.209695004980371	0.209556099384873	0.255765402708391	0.180069137195295	0.187958141920542	0.208489343015985	0.189933951774781	0.209603197157684	0.210374871870936	0.207678701540436	0.158573831535048	0.257515292276036	0.187274583765879	0.180069137195295	0.309985335765764	0.191101000710118	0.204539643374808	0.305789498819245	0.335183021847648	0.264587816264894	0.205598478647645	0.191118371324858	0.252517647439181	0.198015066785644	0.242711411807874	0.365815860680257	0.229223906993866	0.183976732100351	0.193040212729212	0.248983241166129	0.240438975694806	0.17065494386197	0.233574104335422	0.188941571466399	0.211367436374227	0.233579075942286	0.184544867864161	0.20321619262298	0.187652043847725	0.217162764057367	0.44753065675196	0.231833245492343	0.192294751566769	0.206481025601276	0.191585501806453	0.163974379819601	0.235653278483736	0.203351744798699	0.208423350721297	0.231033920112884	0	0.456735129609252	0.209742862844106	0.208861819609548	0.195421039004519	0.240466544724474	0.218637885751598	0.19558189709605	0.190779031056798	0.194598255679011	0.2534424065791	0.202965007530469	0.204032968899066	0.205623266296555	0.184450499619348	0.190181358068278	0.177570448623914	0.216154109197434	0.199615252232461	0.24601821346453	0.211165311210083	0.19984660284462	0.192651279966789	0.220749433519262	0.227196607719919	0.20698316969128	0.201648061605867	0.25625182560297	0.191908737757441
GCDF252	0.442723546666328	0.454909005550423	0.534721418462618	0.487136579824216	0.490004951905723	0.492575939255531	0.443202359808816	0.446263882547918	0.515341853252565	0.485644532273514	0.527159009015921	0.443335059917334	0.450687052926632	0.443373723764612	0.508241167273184	0.468288417115356	0.442105292671859	0.488152954915557	0.440669740089262	0.443202358002614	0.513003942641345	0.444267918666204	0.468952806911083	0.495434184568097	0.505733153735748	0.460037632723047	0.471269974202821	0.649103442225793	0.450664064197829	0.474617140160667	0.471952336304116	0.42217849360572	0.496315659296633	0.467454564992828	0.545389499628183	0.495601006830582	0.467301363896842	0.466367061089988	0.517279178205163	0.466264823470453	0.443101964514665	0.507024565429399	0.456200660780223	0.441252131353725	0.495563464333313	0.443202358002614	0.445931777508572	0.440026122813273	0.442559642021102	0.451374996491153	0.45813490555744	0.423659277082694	0.493582467238108	0.49328083010635	0.44065827944062	0.443202358002614	0.490736488139991	0.451283829681801	0.446869437140648	0.483206929883572	0.464192068637019	0.488807692371234	0.433364366040085	0.439042369524638	0.488203710678852	0.45291756891241	0.435688000134747	0.545144062451642	0.455436641820753	0.439948148498632	0.447202164416361	0.438565459516313	0.426107529437903	0.439620319339964	0.466756719832469	0.442565788524319	0.442098057932324	0.468541311796265	0.455913099074605	0.446420898642203	0.447412989055267	0.441332779749475	0.544028188243057	0.452324136038019	0.442154176307447	0.443225298867081	0.442500917598455	0.454779724882107	0.427977929211626	0.447399026817746	0.432668713608173	0.446955685964739	0.456735129609252	0	0.444083714424962	0.430647710959117	0.454338787481038	0.429209782318635	0.42217108848119	0.446137219968468	0.447936650478479	0.450379085962218	0.457228871608021	0.444222986698151	0.454496206057192	0.443062736530497	0.424965780190747	0.450585700044728	0.448015626632806	0.440796015238521	0.45296321192173	0.472271579985667	0.44343974764901	0.435413226936803	0.44229654260356	0.449207056652416	0.432936703917956	0.446074379513962	0.431008413885579	0.488987582199501	0.448894554918463
GCDF254	0.135370484369835	0.0842321196364032	0.252385400085136	0.163019032669113	0.190691538926477	0.160546985332562	0.0371848627946192	0.0869893097892554	0.417016674623345	0.180735839737786	0.363625674687251	0.101183594552555	0.0718323100132473	0.0638408863051522	0.161296437786083	0.11665401055073	0.0473427874120799	0.184859374933171	0.0408889698335017	0.0371848593155543	0.373130004514347	0.0457814258495063	0.137901561033696	0.12480187912782	0.158919830590185	0.0964513094813535	0.119765491196603	0.670470249171209	0.0755954373044649	0.125841116589127	0.111886978615075	0.130061859998739	0.162721278616274	0.110333502932329	0.296611310707198	0.124157059824828	0.15596582985135	0.133241537045876	0.18645215636552	0.076953482870577	0.0388828124662842	0.164904716866787	0.104030852403605	0.0499429310662578	0.126974206681203	0.0371848593155543	0.111215531393284	0.0579732801351282	0.0388850865866801	0.113417703347902	0.0797544924749268	0.153775570519043	0.200406423421821	0.131895082316013	0.0473239902181156	0.0371848593155543	0.161098653149575	0.0504760200327093	0.052264056911198	0.322774790453188	0.393810774491291	0.131305428165378	0.0677501543641391	0.0527743461043245	0.256388635233496	0.113447228296086	0.0765708140426814	0.351826486713958	0.11465967755125	0.0820214083850986	0.0651659463635749	0.0618709013468087	0.163078431096492	0.10754650784186	0.131688017285231	0.0329920533254291	0.0590684246459995	0.10802811948639	0.0728781674094875	0.060154006129714	0.0583911293722463	0.0510620434175838	0.493244962409289	0.102407737964332	0.174931662477026	0.0792583121325482	0.0481894899799366	0.0695725027659927	0.0676842603945371	0.0671981321365544	0.126506125121707	0.232257704730287	0.209742862844106	0.444083714424962	0	0.0602744739088747	0.0735405650403765	0.0762177860608908	0.118357645197198	0.0540789141498431	0.0715709884434637	0.0786382009585698	0.140155218522808	0.0485016397868443	0.0699811078081227	0.0537397420278402	0.0949610565798451	0.0665219572062294	0.0576176543277924	0.0508451216825933	0.0650117728821557	0.144745058201329	0.0510788726046531	0.0538866737048433	0.043911405208737	0.0595835183907037	0.0646442636998013	0.066176945512945	0.054587654844679	0.183361039732141	0.0535143181455858
GCDF255	0.135827524531068	0.0819827733994132	0.251410107645724	0.163210614311575	0.192160925442221	0.160519703771129	0.0386637196499534	0.0882773877243803	0.41486972585471	0.181047761229554	0.361282683984198	0.0938040105381397	0.0731139570060703	0.0500520009810876	0.162257860028985	0.122552148772008	0.0504709282570114	0.185003724062082	0.0504147384428617	0.0386637165540397	0.371872748088355	0.0470884244211695	0.138561513764088	0.125309896288496	0.163590636518266	0.0971437468184064	0.119488703218674	0.668645428888725	0.0764725563878363	0.126249772863406	0.131575885144147	0.130267597038788	0.162422075039811	0.111223375142524	0.295563021242016	0.130911056592007	0.15598155336097	0.134438976278585	0.186246008207702	0.0780598315400909	0.0386819572498401	0.165274210801028	0.105516946413601	0.0547227630335273	0.129031267506306	0.0386637165540397	0.111784474096364	0.0545231917910654	0.0420824975113977	0.114031810595682	0.0806493172516124	0.150637985780986	0.200128426154455	0.13228820143926	0.0486758995537806	0.0386637165540397	0.17510065740219	0.0518087837468795	0.0600588677462908	0.321739493596433	0.392452166237012	0.136397998065057	0.0377896112022978	0.0509918509333423	0.256349535903545	0.10446682237465	0.0814359357975649	0.351405201084686	0.114534373931361	0.0814717542756386	0.0717567210509018	0.0816476823705615	0.155845637687228	0.109828242260699	0.139702127757247	0.0412506037250613	0.0653657049241692	0.109981580364584	0.0746945951209225	0.0643187058017109	0.0611131914298643	0.0591659677788766	0.491661316216594	0.104623877377522	0.175021433920571	0.0824648437720507	0.0446123455397107	0.0707451340488412	0.0488406692753838	0.0653305463681016	0.128068467696207	0.232800147072835	0.208861819609548	0.430647710959117	0.0602744739088747	0	0.0747844872977396	0.0542316143448004	0.0877686799927191	0.0487676246110538	0.0733331326357644	0.0830557290088348	0.154156708073887	0.058082797686861	0.0709845423886571	0.0550145632540337	0.0948636218190494	0.0683711048290886	0.054079885001887	0.0639236883796526	0.065884531898932	0.145382699998792	0.0631299091860501	0.0598505424015751	0.0470556229202434	0.076362246233556	0.0444713097366721	0.0687863569368016	0.0284491090310944	0.183755521051059	0.0548850513731289
GCDF256	0.135829994497884	0.0860258830015105	0.244499844207306	0.138732675002004	0.185621579845596	0.148190117798595	0.0411031386245829	0.0881166944675373	0.398840412949071	0.177351930451514	0.34422121957095	0.101968019504589	0.0686128244293158	0.0683539963158017	0.16050900669411	0.126792655777976	0.0625673367293796	0.170568797925506	0.0542167117160679	0.0411031360766201	0.367303488230464	0.0476340332604719	0.135615448044105	0.126190255311402	0.158378162543581	0.098724488206584	0.118333894590085	0.660644918379158	0.0767471733023271	0.11634078051782	0.140091151732839	0.129066783201062	0.16021516873981	0.102298596610475	0.287518840847593	0.131564939338149	0.153306235041883	0.135809638236433	0.184956300439257	0.0796217472866328	0.0427808203179427	0.160129008494844	0.0991597799113905	0.0701705971450517	0.129965373662987	0.0411031360766201	0.108059950812597	0.0745934381083858	0.0526998278430917	0.115453100829112	0.0779178173403547	0.154113124247001	0.178819152818184	0.133103376386142	0.0509399495115786	0.0411031360766201	0.190804416520728	0.0541419058737129	0.0700697677438593	0.31337463547184	0.37637917727533	0.138983733876787	0.0771871690421995	0.0585351374113198	0.250290487149749	0.1157133492707	0.109042715337692	0.344007774886459	0.120203362062874	0.0863279482029905	0.0711465545675971	0.112936423809239	0.167557250313235	0.109501468591543	0.143581105076303	0.0502057810774957	0.0804667811878402	0.112385185021493	0.0745033900996651	0.0738331444862515	0.0669283766976812	0.0809709217888538	0.480337244693679	0.104078037363261	0.169311443701236	0.0881123364141042	0.0536888085042286	0.0720031504152399	0.102725453223243	0.0715399223821934	0.130635899124723	0.230656727734539	0.195421039004519	0.454338787481038	0.0735405650403765	0.0747844872977396	0	0.108188378539952	0.130897586920647	0.0581254006805594	0.0869866766298961	0.094807701260604	0.157489172888525	0.0651073242641158	0.0719655942397587	0.069786793392415	0.100413986735723	0.0689940405633263	0.0616525936909396	0.0789138883954347	0.0680729239012557	0.14400005769549	0.0718160194128451	0.0649214191644481	0.0528663649891663	0.0852107316669491	0.0952922943415064	0.0805033735667515	0.0657661470838568	0.164003897881643	0.0562765692746398
GCDF257	0.170446963284654	0.118293471446242	0.284314753130229	0.19709709324319	0.222616709279593	0.195495665261541	0.0778041339357092	0.124835271350663	0.437848703277231	0.216596490731745	0.389276075694296	0.122902748043263	0.110454498442134	0.0840532890887875	0.199292025030261	0.151048339037883	0.0732723399996758	0.217942848350063	0.0795664534612436	0.077804132355283	0.396125229019107	0.0858792680494412	0.17312201850041	0.163989639417692	0.194942473311617	0.131340577492886	0.155077704256683	0.680959805695697	0.112254675534187	0.162064769690988	0.123019705931045	0.16547987316594	0.199378760249326	0.147028013292437	0.327127047409915	0.163450456779413	0.189948597189152	0.167379385876385	0.221973614108683	0.116862655438558	0.0778894804493345	0.200124161261501	0.139067057030972	0.0625952934150142	0.161533837742878	0.077804132355283	0.147755042264106	0.073952131349631	0.0763197760991376	0.151201979492349	0.118018729593417	0.18257525845459	0.232015474125592	0.170643550654252	0.0873587929615469	0.077804132355283	0.170629457561205	0.0909133081070401	0.0888740316108622	0.348706040267993	0.416108947811705	0.168509298277022	0.0607058171446275	0.0832974657303456	0.28609878212364	0.138750789724667	0.067980140522875	0.375499277479119	0.143564637976162	0.118479779121852	0.104083670416113	0.0534339748097189	0.179851952112383	0.145267731651212	0.163404806676989	0.0738088273904239	0.0779493334091673	0.145807764502336	0.111567073247649	0.0822877763121417	0.0915092204631579	0.0703967890015455	0.510435786813196	0.134716896020403	0.207869549780482	0.105132803847693	0.069042879617726	0.10835201248075	0.0441021466194981	0.0957799242865859	0.162471380103568	0.262624666207668	0.240466544724474	0.429209782318635	0.0762177860608908	0.0542316143448004	0.108188378539952	0	0.0966196683320132	0.0859612554612786	0.0877345132857862	0.0955486405038773	0.161875866993208	0.0811683983739578	0.107740835653562	0.0760192981347291	0.12480293430689	0.100687760859728	0.0870552194126026	0.0717296124332481	0.103776513796413	0.176902526105293	0.075804248151153	0.0852607923249404	0.0747107097860238	0.0897091780648087	0.052212722712394	0.0982367260325136	0.053828197465551	0.215171472969079	0.0932581120104802
GCDF259	0.178276029594167	0.138219175803842	0.295035469787891	0.211796890981872	0.232112911877909	0.210126926539221	0.100331896257521	0.132242279334201	0.422680620593254	0.225531004068225	0.372661498158869	0.149166584221853	0.131399295076427	0.104895553772686	0.207211287184195	0.166569726071273	0.105596775132598	0.231744929470799	0.104614717133268	0.100331894187915	0.379031960109268	0.108048121454288	0.189709039555505	0.182279352136333	0.216884087357256	0.145273274525699	0.173407878689092	0.665977945231428	0.135160193562207	0.177198282602911	0.169498354234178	0.165777248321007	0.206039329896672	0.16506639237732	0.322667094041603	0.183619015897163	0.184445868989434	0.187248719348149	0.20764852571066	0.137574159173351	0.100489308700116	0.217585674289501	0.160314484414729	0.104463693826939	0.18437955889738	0.100331894187915	0.158863182546514	0.109423426967679	0.105303146678841	0.159760680124916	0.137662760123159	0.18616948193974	0.219101780517535	0.188530881672797	0.109225614146903	0.100331894187915	0.209762993202818	0.112867313201981	0.11850861924691	0.328605788374188	0.392047329683496	0.187856485596811	0.092229277271815	0.109560431856098	0.270702072692038	0.150205459144681	0.114706943037383	0.377257539918928	0.166372409240917	0.132762329370686	0.126206543390649	0.123454883694649	0.189187033722798	0.142702789450384	0.178625605793463	0.102947644268473	0.124172819646621	0.163966516823028	0.126682627814436	0.121650612358041	0.111235062939802	0.114465749869593	0.489978261066206	0.154458564000599	0.197452488458819	0.136440248821269	0.103747669795547	0.113530331300666	0.0896565503243244	0.12237374206083	0.165719157141266	0.241752287843312	0.218637885751598	0.42217108848119	0.118357645197198	0.0877686799927191	0.130897586920647	0.0966196683320132	0	0.113005485159881	0.11573727972655	0.131798168456163	0.189081245525317	0.117152974385806	0.12920064087769	0.114098859217131	0.145294797089365	0.120863802994442	0.109345319690277	0.106694869019768	0.124702954138018	0.196684185904686	0.115694055352548	0.10951803063955	0.108641066654312	0.129390205040273	0.101004812734747	0.128005810571138	0.0826589816974269	0.228973395802607	0.114979481738475
GCDF260	0.119467932515688	0.0684320559405317	0.23144196681302	0.140052246437831	0.177867854371516	0.145158292085986	0.0207671119924418	0.0713764760041177	0.403593603258181	0.16159883126466	0.343733135046381	0.0815194981040979	0.0522983977288911	0.0493189558772502	0.143813132712937	0.109944016639745	0.040751305004262	0.170838872967946	0.0360160873017528	0.0207671089605852	0.361836349121248	0.0294132187510982	0.12295830968504	0.108130159853685	0.148727326230569	0.0802886204210797	0.0966228994475019	0.66004672857246	0.0611281423556684	0.0999147650230714	0.122623694872465	0.108422321248611	0.141662809358101	0.0838534173677967	0.282831232881907	0.113826838933458	0.141207869305755	0.120884066306506	0.170793121059736	0.0605390128406762	0.0207671089605852	0.147785619578578	0.0801511624395245	0.048534363997404	0.111888169715501	0.0207671089605852	0.0960134802141575	0.0447282399323703	0.0309192604112505	0.0974769477516112	0.0562760536794109	0.135717363934023	0.186384940087193	0.11532973731407	0.0310508951055582	0.0207671089605852	0.167734547019607	0.033996008712836	0.0490587568929136	0.298025945295589	0.373381344206405	0.121023799659628	0.0579302829285764	0.0385436542106397	0.238847172941373	0.0988163313066417	0.0922091706006816	0.340857818045399	0.108656215321536	0.0677965766176431	0.052782525807017	0.0835511661087624	0.148075022856997	0.0939255408340632	0.128038885617497	0.028230060832669	0.0607934097825277	0.0953344162741695	0.0577334057953623	0.0486087331623592	0.0459308440260815	0.0526729771547546	0.482379437546537	0.0768796019256115	0.146377244954835	0.0659403097580629	0.0316971019662992	0.0535961356051642	0.0806639432493183	0.052532698545191	0.10660146072394	0.219172250103168	0.19558189709605	0.446137219968468	0.0540789141498431	0.0487676246110538	0.0581254006805594	0.0859612554612786	0.113005485159881	0	0.0657264794966187	0.0717072661853198	0.14582528405343	0.0440297330626183	0.0470027115779242	0.0488264510464488	0.085863823127566	0.0525974652946296	0.0401652229931017	0.0491343683591395	0.0487994207727789	0.131284389400271	0.0473278788379346	0.0425210520625114	0.0291501724659795	0.0705118148841641	0.0644933351814145	0.0645439597317065	0.0482027172816522	0.160847593625688	0.0288241005248644
GCDF261	0.145136368734336	0.0975832528801578	0.262735951654237	0.174184240899378	0.199081757284626	0.170816667020471	0.0518119840596319	0.0890961171814589	0.414392235002132	0.19274641016517	0.357455751661098	0.107891604972232	0.0859307783721673	0.0669787249697203	0.164442217410213	0.126372378893347	0.056723399445264	0.196342193418079	0.0611230669674849	0.0518119828117014	0.371045057520722	0.0600617071143304	0.149625814002421	0.138256404586513	0.176167082530682	0.0993317334790422	0.131119420582598	0.671414492106197	0.0904726346089232	0.135902539064938	0.127893947055469	0.142664421669612	0.1752035345393	0.123122402400983	0.284512514342563	0.143817061652439	0.15027495345684	0.14457936116466	0.160844424231486	0.0910708394578912	0.0534491216895556	0.177137691489976	0.117255956235558	0.065371879122474	0.140379286625169	0.0518119828117014	0.123887522936319	0.069123291513986	0.0561366103062726	0.127197537448897	0.0931966404120127	0.164356935543544	0.17760839952965	0.145109166325343	0.0616702800522549	0.0518119828117014	0.172601696188477	0.064743125679517	0.0713541018384017	0.313050456044048	0.387189158737057	0.14183550666679	0.0821385901383679	0.0636410628341966	0.242532402070032	0.121276174229805	0.0981263373461035	0.356919191100381	0.129470814188773	0.0925784307823639	0.0829989734303319	0.0728080960536244	0.15745222331448	0.10599646152872	0.132767314147769	0.0538329379727142	0.0700979922719375	0.123391443280259	0.0789746401285884	0.0711290845741527	0.0619314227704749	0.0647713051676148	0.48528788652685	0.114577222069857	0.175145297941535	0.0837927559164889	0.0548832875610602	0.0660336970568004	0.0845390052694564	0.0772920360769888	0.140433854414056	0.231770172226008	0.190779031056798	0.447936650478479	0.0715709884434637	0.0733331326357644	0.0869866766298961	0.0877345132857862	0.11573727972655	0.0657264794966187	0	0.0865640545056926	0.151092226513558	0.0682335935457788	0.0829958265854253	0.0635376744198077	0.107611257959195	0.0722350388802964	0.0570858481217815	0.0694951336040641	0.0787350540284557	0.154522883940977	0.0682505060627003	0.0708667483519424	0.0510427509293412	0.07718662496167	0.072661827685255	0.0815112466613452	0.07209435212567	0.193788770021814	0.0675811007092095
GCDF262	0.141946046475584	0.103877934015761	0.248882770387813	0.15964325433691	0.19590044183412	0.158908705057746	0.0602696808178695	0.0997525543571836	0.407189964043974	0.194429884655307	0.353061767840626	0.115557563886272	0.0851519511579865	0.0824520639802395	0.170663205963193	0.136207632245402	0.0675546823615077	0.186120974069292	0.0729168382934248	0.0602696792909292	0.375022211460152	0.065531057117488	0.151857856313011	0.145602723941056	0.174911489239847	0.112391943638824	0.138751051623863	0.66885916271595	0.0940422697858226	0.135793948790642	0.14357429553256	0.145285110175139	0.181164994459562	0.123256928066375	0.293204539878802	0.147403368067862	0.160013977475841	0.149637789418451	0.181808829006523	0.099130914189072	0.0603039040220807	0.174719737635718	0.119820305005167	0.077093999908127	0.14586021066314	0.0602696792909292	0.124716737147684	0.0746266174628729	0.0645655377608056	0.133632105643475	0.100807823297201	0.169587434410597	0.172581785706559	0.152348266255976	0.0699295228855176	0.0602696792909292	0.185120467200047	0.0733135962162656	0.0782285405995731	0.321463979140978	0.388878896079882	0.15606013256492	0.0877603106388841	0.0714093651998826	0.255828828823687	0.126994390623889	0.105723614588079	0.351869445708063	0.138084207144048	0.100757570024768	0.0878487706297275	0.0890422988156177	0.168817154141237	0.122317993844097	0.146189668676769	0.0619133337391446	0.0777423779357864	0.127878499904064	0.0846328490573649	0.074090531396896	0.078854783184149	0.0794492094504713	0.486719168647371	0.123464134079639	0.185176703702621	0.0993125784408414	0.0595776795249696	0.084803956513754	0.0937841611942559	0.0799905817880474	0.147347567170256	0.235962391087804	0.194598255679011	0.450379085962218	0.0786382009585698	0.0830557290088348	0.094807701260604	0.0955486405038773	0.131798168456163	0.0717072661853198	0.0865640545056926	0	0.154595092240006	0.07967774839037	0.0907343724987121	0.0788920902355452	0.111279175285194	0.0817694756475211	0.077359059430433	0.0749212692519932	0.0868134034816364	0.161993209987578	0.0817222420239087	0.0769079084875006	0.0664538801506613	0.0912753226555357	0.0920390002805777	0.0867748471221538	0.0823481143875556	0.186779402723216	0.0760475665782437
GCDF263	0.204703505480229	0.176668432494155	0.319041487996024	0.239778946520704	0.253468917137144	0.233157898026584	0.136136631772284	0.168851584760529	0.43554935039896	0.246240532759464	0.396186703985388	0.178853151887053	0.157844485432813	0.149538283749023	0.241401022507085	0.199267634237655	0.135406731524401	0.24617660128408	0.139755250660307	0.136136630512398	0.415379698830422	0.140562657925366	0.211021512883217	0.215689557143534	0.243259913617312	0.17763848100422	0.194158598818261	0.654624338703926	0.162484125732773	0.191224691561527	0.192404856378532	0.194513074545698	0.246198673591469	0.194781033472732	0.343574018189401	0.217020939395885	0.226545888215604	0.214172842442011	0.261220950670917	0.171903294981504	0.136207334264511	0.248724104253331	0.182588223367929	0.142281379738841	0.216430839640324	0.136136630512398	0.184789632964465	0.139197614486094	0.13585247756029	0.196297577996221	0.171745358994513	0.204398860308257	0.264176676821227	0.221599729073168	0.144487200587085	0.136136630512398	0.238428533839231	0.148281653496352	0.14433431667228	0.359712045451607	0.393692028943938	0.217909956896546	0.157621114580619	0.135354709820916	0.290508493668202	0.195335430535253	0.159800194862365	0.3703297567789	0.189298977717908	0.156662892808931	0.152765357584664	0.141341219571504	0.219185269729357	0.180977380213638	0.203958339500006	0.138502908663617	0.146256673215616	0.193155752269156	0.153868579653778	0.15094842598068	0.147607933504112	0.136217412661121	0.490855502359795	0.190033589499165	0.231236281306154	0.167632459879223	0.134776318370543	0.160015399238527	0.158725259976104	0.154197446023575	0.193508138673173	0.274424179786384	0.2534424065791	0.457228871608021	0.140155218522808	0.154156708073887	0.157489172888525	0.161875866993208	0.189081245525317	0.14582528405343	0.151092226513558	0.154595092240006	0	0.146891032430259	0.163309646224735	0.138703673193702	0.169069024809457	0.149431582112242	0.145415830397696	0.137988319394715	0.144564964309937	0.210128667980734	0.149048625482152	0.149411225766696	0.135365741967101	0.155793950883578	0.148138955179037	0.154298815838616	0.154027021499445	0.246397557508464	0.149498591970916
GCDF265	0.126820423490937	0.0771251867026693	0.237700256283837	0.147224589608459	0.184191392170209	0.152871333382497	0.0294020773973758	0.0796478752498374	0.410239524612523	0.168483543501358	0.349005274700396	0.0931479871047266	0.0614359465738138	0.0565217293074562	0.15009213871125	0.114338323130564	0.0393756269053979	0.177924628134328	0.0396689949839404	0.0294020747521309	0.367930663354469	0.0379476668030927	0.130897570269728	0.11687437738433	0.15240564844524	0.0878478654970725	0.107600999488072	0.66463950547305	0.0671221200621339	0.103855404363136	0.111908552528481	0.118308074057403	0.145679319521996	0.0928478251314825	0.29007511390279	0.119357270198037	0.148831427849904	0.127603534082271	0.178936904804273	0.0690999681769748	0.0311000279028608	0.157508300786669	0.0904630130965902	0.0452203143651437	0.117385201156139	0.0294020747521309	0.103987381765337	0.0549082451057856	0.0360630224976275	0.105874695918626	0.0620299078373596	0.141971320026752	0.193728858924875	0.123996101846599	0.0396076092458885	0.0294020747521309	0.161906149661676	0.0426085857354631	0.0544672974587847	0.307047290633423	0.378537130476248	0.129556707134753	0.0683146764646576	0.042720717575514	0.24531602020366	0.106993582645299	0.0864438116738592	0.347207826195341	0.114939967471391	0.0742946301934996	0.0561126309606915	0.0727896489428751	0.159436674337044	0.102245522249076	0.128757161831464	0.0352140456212289	0.0568432576502814	0.101171612927709	0.0659602893648124	0.0546827995491148	0.0543026854895582	0.0530095200496491	0.486662916763864	0.0877220964981149	0.152937388188685	0.074533897094579	0.0351560369058691	0.061984747234318	0.0718885418592077	0.0611164659035928	0.114535777274557	0.226423359090331	0.202965007530469	0.444222986698151	0.0485016397868443	0.058082797686861	0.0651073242641158	0.0811683983739578	0.117152974385806	0.0440297330626183	0.0682335935457788	0.07967774839037	0.146891032430259	0	0.053342795432216	0.0492536402072268	0.0869063979033569	0.0602815579622984	0.0447842449401364	0.0494324806513208	0.0570533481435944	0.13880653135629	0.0484205049020473	0.0517967526208271	0.0377609754225822	0.0643818343829627	0.0714590473834312	0.0608413481351101	0.0542643499758207	0.167039004116874	0.0377366361443443
GCDF266	0.130177012475948	0.0808263180608099	0.238104524561251	0.145242741942933	0.185664288455037	0.155137157914313	0.0343133657700026	0.0835516237550312	0.406381088224324	0.166434675981902	0.341898719168673	0.102838136791957	0.0616410467961822	0.0656337231454073	0.149730861789048	0.121626294551963	0.0549423676548582	0.179226539201207	0.0492971848433066	0.0343133630325096	0.365802134227271	0.0427349733772001	0.133287153084471	0.119619629298798	0.160601067573133	0.0790633557909968	0.103971723504741	0.658198055594858	0.0730716678586723	0.100858740245152	0.139235266503135	0.116520384740498	0.146671398796818	0.0897929151213229	0.289212640563045	0.125150745941533	0.150746554211535	0.129844054532698	0.180105236217831	0.0729221959287922	0.0359785998936253	0.159496160092378	0.0893238520983494	0.0696468796543401	0.123215264970004	0.0343133630325096	0.106959036767784	0.0692490953858001	0.0458133890848569	0.108165717627289	0.0615001592898008	0.148447352000559	0.194556068892431	0.126514675265009	0.0442290757359429	0.0343133630325096	0.190357479041047	0.0472268683817049	0.0647544164587208	0.299506983823246	0.369421181504173	0.134995597330007	0.0750798786416499	0.0526928649556757	0.24566648336071	0.109414769712873	0.110426063790466	0.344152302001462	0.120661374256767	0.0820152228604061	0.0654846811949304	0.114669769701332	0.16556245103629	0.10487431780708	0.139692006707944	0.0450437984833814	0.0788624232841863	0.106636089545609	0.0700157914273064	0.0646354317514583	0.0622170756787363	0.0789040876834682	0.482336906321121	0.0860274713862725	0.144033290332917	0.0831239117459968	0.0484756457083153	0.0657493361845763	0.101328897092378	0.0667749839750203	0.115700228666567	0.209234257501484	0.204032968899066	0.454496206057192	0.0699811078081227	0.0709845423886571	0.0719655942397587	0.107740835653562	0.12920064087769	0.0470027115779242	0.0829958265854253	0.0907343724987121	0.163309646224735	0.053342795432216	0	0.0684593642186938	0.0976764039522169	0.0642104880799624	0.0563823134835922	0.0761951274718299	0.0614997524053159	0.143275201791013	0.0626442652158063	0.0595862983227378	0.0491111468937662	0.0841360857540911	0.091188218388142	0.0788465983262568	0.0624709474769506	0.160618591141144	0.0323423169026471
GCDF267	0.133309204084328	0.0827132783303357	0.249626106610804	0.160969519395043	0.188894745639779	0.158564964356371	0.0353235938377358	0.0853092715595708	0.414995577750784	0.177812972228334	0.358547085613915	0.0990653116481774	0.0689000961455432	0.0568638655281804	0.159886193546382	0.117502767564447	0.0404020056429535	0.179713227306352	0.044009670953859	0.0353235915453747	0.371169497268369	0.042667209462385	0.13477592962333	0.123036087688172	0.162098004736684	0.0935314425427203	0.117729098658369	0.669526501135393	0.0715933214835446	0.121954828933483	0.11420304995651	0.126804846686998	0.160985472677934	0.108602503540389	0.294356909514678	0.127107329666615	0.152761448739153	0.132928793939451	0.184819043661007	0.0751632013348768	0.0353235915453747	0.163584136752167	0.100548346348182	0.0462797183656331	0.126815329747971	0.0353235915453747	0.106794381382489	0.0429633276424173	0.0387526206634562	0.11180429027952	0.077775864212802	0.148942985844733	0.199018666690046	0.130132189528509	0.0454942101161137	0.0353235915453747	0.165717344853387	0.0486322729236851	0.0519920466164549	0.32108276811513	0.390990715737295	0.132612353849291	0.0687412792873202	0.0463456723538011	0.2562470346915	0.112435951791327	0.0839984034837195	0.345504091243551	0.11517064595087	0.0786782962768668	0.0656461340629242	0.0615824097108961	0.153582442796441	0.106797104494439	0.133709336678037	0.0395518926282724	0.0566162748469247	0.109291459668917	0.0715576619888195	0.0572283411530232	0.0556633706872511	0.0457718260398116	0.490987331277192	0.101999434143907	0.17331360129997	0.0800481780968381	0.0396335568241399	0.0680682621896267	0.0756129042405372	0.0595291181646212	0.12736490863667	0.229860382211028	0.205623266296555	0.443062736530497	0.0537397420278402	0.0550145632540337	0.069786793392415	0.0760192981347291	0.114098859217131	0.0488264510464488	0.0635376744198077	0.0788920902355452	0.138703673193702	0.0492536402072268	0.0684593642186938	0	0.0944935308223722	0.0619879880957682	0.051094759989417	0.0487129840661179	0.0564438340752715	0.144556356744483	0.0514953807372638	0.0548363568995035	0.0420336995574862	0.0621241659038898	0.0642732026412933	0.064148503515606	0.0559757294302637	0.181450518845308	0.0515748548387277
GCDF269	0.135258909216666	0.11086068957141	0.259813608244212	0.183623394477322	0.208734935643434	0.181834021460905	0.0666762677485305	0.098360323149598	0.400597552307928	0.174382018019455	0.333976353960808	0.125571860103971	0.087110947281348	0.0938902401760446	0.185168860912925	0.147335707153561	0.0873081573482716	0.194857571236413	0.0791994835052526	0.0666762653813519	0.373776708287422	0.0693203918918064	0.1527955119658	0.149852907115763	0.187152599746531	0.117691074225186	0.142761371183124	0.650635992637788	0.0963838115296882	0.134413239724859	0.158730945545202	0.116691455847085	0.178370497142426	0.135626228300459	0.302224598298169	0.153987752593527	0.168496549054228	0.158206946141265	0.20722565732219	0.104550927181286	0.0683445797649899	0.186335479219755	0.117572037691269	0.0906228113242171	0.152043800236601	0.0666762653813519	0.113824639130722	0.094702061453853	0.0746684904878188	0.121093858889483	0.105800810185346	0.139902209392702	0.218720294309385	0.156359050234761	0.076057551503934	0.0666762653813519	0.210276946199663	0.0793463197169882	0.0927843932290828	0.305691305058773	0.339177407550089	0.162342108635589	0.104215045958155	0.0798677781013527	0.254266897912579	0.129928616769236	0.129384419927844	0.346983749306563	0.143043366750006	0.0852889577585338	0.0963181534010654	0.129087217678927	0.168659217316996	0.0998826574985728	0.16535992884651	0.0769536520796593	0.0980878916352686	0.134516020615896	0.0998920033112018	0.097722232172435	0.0924488683654503	0.103843079353071	0.470836675528324	0.130503327839754	0.164966035709538	0.108917612573038	0.0750941555533144	0.0974223548264214	0.124666808850386	0.0967142844779624	0.131384480594084	0.207179435726368	0.184450499619348	0.424965780190747	0.0949610565798451	0.0948636218190494	0.100413986735723	0.12480293430689	0.145294797089365	0.085863823127566	0.107611257959195	0.111279175285194	0.169069024809457	0.0869063979033569	0.0976764039522169	0.0944935308223722	0	0.0942628713785624	0.082869778528358	0.100896078303005	0.0920395800712133	0.167531097637057	0.099458739086233	0.0853238666637076	0.0778547243186922	0.109313331826618	0.113159373158006	0.104021002529095	0.0916851776454485	0.200387048243423	0.081965075072014
GCDF271	0.1279527014874	0.0794052379488042	0.243690087111911	0.156655067446256	0.184557511678172	0.152530273686003	0.032854287564448	0.0754563181915067	0.404763675849847	0.170464282987094	0.341725246171759	0.100695637440441	0.0651008396437674	0.0612545077303293	0.152223339586547	0.118932343412642	0.0475493595803702	0.177881068954564	0.0479854688170658	0.032854285020607	0.355241673462319	0.0407807694258864	0.130985428231082	0.118725023862689	0.159609288579286	0.0877070075013872	0.114198216434681	0.663284697917977	0.0715210800896389	0.1173395027002	0.136805216861757	0.121239270789154	0.156118610742116	0.104978210104611	0.27968974953348	0.122634445025463	0.139554283384121	0.135011904665993	0.163096824453937	0.0717817028476433	0.0345310411096146	0.158974317137641	0.0967630952069856	0.0634135059128055	0.122396730639116	0.032854285020607	0.104944837251396	0.0629503616094213	0.0444902894275282	0.108272669940359	0.0744453851425211	0.147771691950508	0.179507045583291	0.125744607261937	0.0428516662425616	0.032854285020607	0.181552023786788	0.045974142317933	0.0605313893767547	0.30858512779679	0.378904079397519	0.132968914930267	0.07311351952905	0.0448241038294979	0.239530676392594	0.108921466042485	0.100559895858169	0.333739650219378	0.116863755302297	0.0798909772808353	0.0670972189612009	0.10393441618994	0.159782264104132	0.0983221633924228	0.127792454903212	0.0420490258203989	0.0731397674212025	0.104218436931871	0.0613911215949691	0.0611524381157425	0.0537606057795611	0.072054027255173	0.480718204318875	0.101277121403866	0.163282132096062	0.0848765598158493	0.0433582111656892	0.0540434369967893	0.0926202905712405	0.0620660996346763	0.12233166958704	0.220713536772463	0.190181358068278	0.450585700044728	0.0665219572062294	0.0683711048290886	0.0689940405633263	0.100687760859728	0.120863802994442	0.0525974652946296	0.0722350388802964	0.0817694756475211	0.149431582112242	0.0602815579622984	0.0642104880799624	0.0619879880957682	0.0942628713785624	0	0.0534250535531854	0.0670329411655213	0.0493937396265642	0.140812248099746	0.0691435408091756	0.0555426434877169	0.0473284401526355	0.0795319142252809	0.0861848168394933	0.0756895045345329	0.060521329818952	0.177513392472809	0.0491297767365897
GCDF272	0.120252846057561	0.0714309380925966	0.238870813163242	0.149813694719489	0.173315514913864	0.14548868639865	0.023268232737157	0.0647659996016459	0.400667150363778	0.166446606468673	0.340446736625951	0.0932153153957592	0.0584146819180912	0.0526404044675556	0.13850270708402	0.107196764540717	0.0433395969295743	0.172222872725641	0.0363507515402755	0.0232682304099353	0.353626744313674	0.0319479532314069	0.125126281527407	0.110223758025001	0.152152148686876	0.0773270374370946	0.10620567861079	0.66327343143598	0.0620032742976992	0.11114134314009	0.120663824773422	0.117194894193248	0.14846014299176	0.0971226929639927	0.269112300014857	0.115852426248367	0.12851861089167	0.126139832961589	0.145276346215696	0.0627984174649523	0.0249661835606652	0.150700342775595	0.0904002096315827	0.0499284366766612	0.114021544053097	0.0232682304099353	0.0973654538204875	0.0533912623244705	0.0332735067214629	0.0993657254736231	0.0657560140496553	0.137741799306388	0.163754361446458	0.117403498427434	0.0334840600726881	0.0232682304099353	0.173647397395336	0.0363271497566291	0.0508749402156919	0.29559068539829	0.374584296586538	0.124199638839322	0.0641117298768626	0.0411752827390276	0.227243003313138	0.0923619208612827	0.0914688342147403	0.339347364625545	0.111626417178548	0.0716546207214847	0.0566733091542817	0.0899495409444125	0.154885325580835	0.0909109683048846	0.12444490224424	0.0336573224778127	0.0596082431612292	0.0972601516981317	0.0537936427828037	0.0542807594844789	0.0476981694951202	0.06015221708727	0.475753619363814	0.0914760744669522	0.152932346694999	0.068902799323427	0.0324245302966147	0.0424394426359372	0.0836142022350822	0.0566878358673568	0.115629478348325	0.208154438496238	0.177570448623914	0.448015626632806	0.0576176543277924	0.054079885001887	0.0616525936909396	0.0870552194126026	0.109345319690277	0.0401652229931017	0.0570858481217815	0.077359059430433	0.145415830397696	0.0447842449401364	0.0563823134835922	0.051094759989417	0.082869778528358	0.0534250535531854	0	0.059954242950136	0.0510242430098129	0.131522910406042	0.0593490644235804	0.0498283860659358	0.0348498309501494	0.0690715376927395	0.0678627356284797	0.0629109725958169	0.050434368690758	0.169784269700147	0.0397562373316649
GCDF273	0.142657562150166	0.0908434344925965	0.259835162623362	0.169731194219279	0.19734772447158	0.16742490795488	0.0441467833536707	0.0943788647501156	0.422512191564146	0.188343933736435	0.369511793207641	0.101230258272603	0.0788642703320342	0.0600723904661006	0.170079750545097	0.12196498942759	0.0373549690902835	0.191684645308991	0.0510686612640968	0.0441467817684617	0.379734208487501	0.0527047400146422	0.144913651331356	0.132443964255579	0.166385164766601	0.100267407437316	0.126397164594946	0.674449829140095	0.0824012810345551	0.133237734568691	0.102581846908751	0.137031538675379	0.170103854753754	0.117570845955851	0.303672007764831	0.131713071405286	0.163075952292091	0.14094360188741	0.193990184351651	0.0842590218579227	0.0458447349191916	0.170918376006261	0.108585305210918	0.0399018988163784	0.136241750283675	0.0441467817684617	0.118208595542143	0.0482974872275284	0.0424488286177317	0.12103874787613	0.086869797885719	0.154710524837778	0.207220497456464	0.139527935873378	0.0542889530629371	0.0441467817684617	0.151858073932053	0.0575251425004969	0.0573320974998093	0.328982983951015	0.399329315983888	0.145121995999356	0.0757648648901118	0.0547224960543893	0.263377500829673	0.120511036855404	0.070095717060295	0.357452162437969	0.124576315490736	0.0841428729884251	0.070032315479234	0.03990189874112	0.159257008759963	0.115998682500136	0.135175698333316	0.0466937113440398	0.0509162731092386	0.116287518179778	0.0798298123508993	0.0619906892981192	0.0604085755920169	0.0427348161436091	0.498075545887754	0.109237389958868	0.181740839824532	0.0866629678962959	0.0449957583438266	0.07657289219023	0.0631130205072237	0.0647573735978868	0.134217671184528	0.239223282069269	0.216154109197434	0.440796015238521	0.0508451216825933	0.0639236883796526	0.0789138883954347	0.0717296124332481	0.106694869019768	0.0491343683591395	0.0694951336040641	0.0749212692519932	0.137988319394715	0.0494324806513208	0.0761951274718299	0.0487129840661179	0.100896078303005	0.0670329411655213	0.059954242950136	0	0.0717129795765034	0.150422004154987	0.0554391881356938	0.0573437073540808	0.0458447349191916	0.066008707263855	0.053326112528642	0.0679242511590322	0.0598444083159921	0.188833108679815	0.0606523239326597
GCDF274	0.123782228500869	0.0756313937970183	0.240953014128738	0.153424597815658	0.182015581940762	0.150459201761869	0.0288768161547209	0.0787303499651678	0.407023599503016	0.170341718151714	0.334553082784017	0.099972654698473	0.0630644560800959	0.0604397581956077	0.152020135386424	0.118755418736713	0.0503677081580114	0.175377093631812	0.0437737939634708	0.0288768126205965	0.363341822467669	0.0372961988729058	0.128567625307525	0.114624256889025	0.155883177738599	0.0897923528658922	0.109503895759281	0.66294813758195	0.0682158347200414	0.116119303580637	0.137400155741195	0.121005105193366	0.152258854095984	0.101548623895705	0.285888618291026	0.120158079070876	0.146472949798059	0.131801101040434	0.175728662823788	0.0677808058457543	0.0304776831257223	0.15450782705136	0.0957083977533109	0.0642663554260225	0.11836775715905	0.0288768126205965	0.102212949176178	0.0639582953575735	0.0403741544695816	0.104177101138942	0.0706610092234732	0.143894359958593	0.190665301349428	0.121650871980672	0.0388950187562391	0.0288768126205965	0.186496202250698	0.041949205025278	0.0600141964204064	0.313015297582053	0.383940378523836	0.130101913981365	0.0701774626481112	0.0479685962952749	0.247265448850213	0.104973631450022	0.106026088367357	0.313237185637006	0.115953158098038	0.0766341286814875	0.0633574096072051	0.110498428796277	0.16193098706579	0.100066902981413	0.136674802618647	0.0397678840566765	0.0747510384994023	0.101751173385466	0.064997638867359	0.0622211479478412	0.0572495608016698	0.0735972752851067	0.483867221257903	0.0981294559220774	0.165401549313707	0.0808344064938902	0.0427754603401579	0.0613294922266946	0.0973183708359497	0.0615830871869217	0.118993215338148	0.212156837185224	0.199615252232461	0.45296321192173	0.0650117728821557	0.065884531898932	0.0680729239012557	0.103776513796413	0.124702954138018	0.0487994207727789	0.0787350540284557	0.0868134034816364	0.144564964309937	0.0570533481435944	0.0614997524053159	0.0564438340752715	0.0920395800712133	0.0493937396265642	0.0510242430098129	0.0717129795765034	0	0.13936380699578	0.0664656515976395	0.0548199281623267	0.043721519372981	0.0794375493670955	0.0865586660426072	0.07366485536249	0.0572320608553862	0.173507861115716	0.0451119796871537
GCDF275	0.19427508196258	0.144366924039493	0.292971811135008	0.208572608964386	0.212414617283326	0.212358980561898	0.115455843281525	0.155797864639699	0.41782436391922	0.240227558320821	0.373611360938862	0.17269566575197	0.138755452809761	0.140561352098229	0.225841499338246	0.178849478162863	0.132353875052297	0.225048728362478	0.127627911008518	0.115455841777301	0.390670350705734	0.119822426005314	0.193543550539574	0.193887650891386	0.224753623734219	0.165071851569181	0.166693662547252	0.639194336804477	0.144417928336564	0.183526367080784	0.209929642319265	0.192772067725809	0.2271038737863	0.170195941502849	0.271277615744056	0.19898788555704	0.213382473723455	0.163442917074067	0.245796584721768	0.150995082428886	0.116990669583431	0.2214374333018	0.166489016339935	0.146360084771959	0.197193977206644	0.115455841777301	0.171633236366559	0.143569539159988	0.12582086355924	0.182888120450456	0.15096969266582	0.21375269566973	0.237732484485164	0.199837109506732	0.123908093678906	0.115455841777301	0.256339924353542	0.127743108461451	0.142809188636423	0.355537643787837	0.390579468523613	0.20654271821482	0.150850673610664	0.131321831258258	0.274262165406136	0.177987374346515	0.175143636349175	0.335182180985658	0.156855224163714	0.152748435681611	0.144571981190544	0.183102677040028	0.210064272669078	0.17405169603951	0.20697716702566	0.123529985659953	0.151179215974278	0.177413531513226	0.143800441984727	0.143936505353059	0.13821764233889	0.153681188953495	0.448072302221048	0.174894697907748	0.231023383449123	0.156311704090448	0.128060321427054	0.142909775949036	0.172144264189733	0.13556731185603	0.193600936821013	0.279980808465902	0.24601821346453	0.472271579985667	0.144745058201329	0.145382699998792	0.14400005769549	0.176902526105293	0.196684185904686	0.131284389400271	0.154522883940977	0.161993209987578	0.210128667980734	0.13880653135629	0.143275201791013	0.144556356744483	0.167531097637057	0.140812248099746	0.131522910406042	0.150422004154987	0.13936380699578	0	0.149506277282431	0.138005329597026	0.126718253273555	0.160292943676162	0.161893510833533	0.148342296857424	0.139745500145687	0.21655686858176	0.129403280884479
GCDF277	0.133741586333851	0.0858346469926112	0.247048959437043	0.158016574427937	0.19222152479595	0.161058780003452	0.0387719744057992	0.088559368963946	0.415020823328182	0.177188695831732	0.3571322736415	0.098109402345738	0.0705821369445384	0.0576354889010992	0.156340131780716	0.121194546675366	0.0495654964687848	0.186142345570555	0.0480757613449988	0.0387719721730911	0.37365836657659	0.0472488928623874	0.139471191292008	0.126244274805291	0.165207546693508	0.096131455849367	0.11563352512365	0.667294142824231	0.0783287427585685	0.113283634054089	0.108781597501777	0.12949374613512	0.154369668828117	0.102925972392162	0.297317716208371	0.129459081048315	0.157138222094738	0.132993485816199	0.187637875251698	0.0784150921466826	0.0395919443155178	0.165956880934913	0.0969826985489238	0.0546155043623664	0.129130493134561	0.0387719721730911	0.11271666720359	0.0584981012713126	0.0403137676643603	0.114671334878288	0.0701266194910112	0.151908942658191	0.201505031248536	0.133247746060593	0.0488784431451649	0.0387719721730911	0.163257133554329	0.0519784831187942	0.0544447576001364	0.313802209993203	0.384508374062451	0.133308701141916	0.0664243476296013	0.0523283243028805	0.253819147369476	0.115534644103562	0.0849244250831279	0.352617977544515	0.115655595963501	0.0837955096115669	0.0615334012028244	0.0634894851933826	0.160691220915378	0.110773908162508	0.13321704445689	0.040408204676527	0.060128757937087	0.112457009841396	0.0746575483694823	0.0539112922293369	0.0634172759724386	0.0570675774543273	0.491925877453101	0.0936216038623543	0.161876794853897	0.0795204567657125	0.0454366316247468	0.0712489641901821	0.0762282453778416	0.0653089829391301	0.122100922890534	0.23380970766749	0.211165311210083	0.44343974764901	0.0510788726046531	0.0631299091860501	0.0718160194128451	0.075804248151153	0.115694055352548	0.0473278788379346	0.0682505060627003	0.0817222420239087	0.149048625482152	0.0484205049020473	0.0626442652158063	0.0514953807372638	0.099458739086233	0.0691435408091756	0.0593490644235804	0.0554391881356938	0.0664656515976395	0.149506277282431	0	0.0557605827020274	0.0437751063945317	0.0686504387042739	0.0655648503076248	0.0707604931385228	0.0593038443852254	0.173220115464482	0.0492457570602195
GCDF278	0.12540130659694	0.074929702650718	0.242203054629793	0.15316534507079	0.183061846108599	0.150067634588917	0.0272007570448942	0.0775687600664719	0.404076121521719	0.170642302117564	0.353821059369078	0.0935142392367877	0.0617517976447789	0.0563170082039303	0.151709548752717	0.114258366448786	0.0440229482647747	0.175819467640284	0.0358773021761215	0.0272007542803432	0.352047543032001	0.0357086010691192	0.128645360262858	0.114056717265736	0.152976035846002	0.0896011813722476	0.108797814433623	0.660460183716784	0.0674967850285648	0.116242532401976	0.1238182592582	0.120179154712594	0.152180992894702	0.101094744158815	0.286644753934157	0.119753396345509	0.141049553574336	0.126081565959436	0.17593690805664	0.0666569018680038	0.0288987074310731	0.154372392052954	0.0948646864054179	0.0532571169538329	0.117795494620246	0.0272007542803432	0.101377658094421	0.0529391619028768	0.0340472416519517	0.103435178635397	0.0696210706926355	0.144293874765586	0.190997521534111	0.121117777294583	0.0373634843419146	0.0272007542803432	0.166205024252636	0.0403573890451831	0.0537064685928869	0.30895011269986	0.385206570980525	0.123138794694284	0.0660369074291954	0.0432827713137323	0.248269699927833	0.104922928800336	0.0919802267706454	0.343537125924621	0.109831506781506	0.0723731920424134	0.0606806910587381	0.0882819172258329	0.141737491870769	0.0987643577308968	0.128269853973479	0.0364339680909508	0.065111963153638	0.100980480436725	0.0638143716361186	0.0559704173168149	0.0523987938132551	0.0644231712765465	0.483743956745273	0.0943564204405053	0.16550149580445	0.076500782667838	0.0397780653126914	0.0601523657790338	0.0853427389279158	0.0592088686546894	0.118717424044705	0.219820601244768	0.19984660284462	0.435413226936803	0.0538866737048433	0.0598505424015751	0.0649214191644481	0.0852607923249404	0.10951803063955	0.0425210520625114	0.0708667483519424	0.0769079084875006	0.149411225766696	0.0517967526208271	0.0595862983227378	0.0548363568995035	0.0853238666637076	0.0555426434877169	0.0498283860659358	0.0573437073540808	0.0548199281623267	0.138005329597026	0.0557605827020274	0	0.0356914752511063	0.0700109412498546	0.0769309847606252	0.069351755797562	0.0526743871395034	0.174112805287645	0.0437958517083616
GCDF279	0.117048679344145	0.0637230988065101	0.2350676522562	0.144481042804516	0.174374290694944	0.14159533608178	0.0152815810885254	0.0669702422814538	0.405234393597853	0.161736678444978	0.348498787994337	0.082220766608688	0.051111680239138	0.0420227034788842	0.14226740907238	0.108015111581695	0.0288652034871506	0.167519178429637	0.0273841566810704	0.0152815783565695	0.360614326566157	0.0240422254710486	0.118976381936609	0.103578760392136	0.143761088300233	0.0766510383574047	0.0999835290842586	0.664651233740527	0.0560480958847988	0.10613842438342	0.110999359278893	0.111106107745207	0.142573161107121	0.0906239973776268	0.280254022265323	0.107668546338876	0.137642466961735	0.119492780285502	0.167131850891041	0.0554476770186665	0.0152815783565695	0.145160269631882	0.0837257850275497	0.0466937112687814	0.105769653287199	0.0152815783565695	0.0913801197940954	0.0481530991147714	0.0186774846580293	0.0932580246543041	0.058990141659072	0.133399023062954	0.183279857039452	0.110887936645686	0.0257300260392102	0.0152815783565695	0.156460943264943	0.0286599391638631	0.0422681666163257	0.309266854792532	0.381144357901631	0.116548128275558	0.0513731380077926	0.0314853574064645	0.241244817434838	0.0941417845097756	0.0778914871954858	0.339197346357384	0.102872255192411	0.0582485167366086	0.0496674564413049	0.0687671021530123	0.145421285408013	0.0892891202949815	0.121159207771974	0.0246203205350674	0.0541715726933696	0.0910506552518016	0.0525471559076598	0.0431759356323517	0.0405504652346023	0.0460346024295296	0.483502142206587	0.0839091958760312	0.157129624275246	0.06184804622987	0.0246203206855841	0.048802346066393	0.0660940234107201	0.0474472602810522	0.109417588835714	0.216211510765733	0.192651279966789	0.44229654260356	0.043911405208737	0.0470556229202434	0.0528663649891663	0.0747107097860238	0.108641066654312	0.0291501724659795	0.0510427509293412	0.0664538801506613	0.135365741967101	0.0377609754225822	0.0491111468937662	0.0420336995574862	0.0778547243186922	0.0473284401526355	0.0348498309501494	0.0458447349191916	0.043721519372981	0.126718253273555	0.0437751063945317	0.0356914752511063	0	0.0590230428209208	0.0612483937105145	0.0515582606647954	0.0380897867596812	0.164896587831805	0.032179715845621
GCDF280	0.148987678905027	0.0989949604628062	0.263037901559863	0.174606765770927	0.202616807807124	0.172211956872483	0.0525480760059118	0.101125197052354	0.422884200106968	0.193874227579194	0.370587059644738	0.113503366323056	0.0867711171470206	0.0754220562591923	0.174715276769917	0.134550433798759	0.0610262551391968	0.196738536384973	0.0610177451462457	0.0525480742857914	0.379716309032055	0.0609073873157754	0.15056477240616	0.138848098013738	0.175148152040713	0.108498717931033	0.13149534598595	0.671509577168359	0.0908162217361457	0.139346512241496	0.128831152940602	0.142083009855464	0.175173609545737	0.122792835563722	0.306169988380538	0.139724098070703	0.168389091512772	0.145833449475844	0.198700443888553	0.0914127855194789	0.0527535112518253	0.177525811047867	0.117126510337447	0.0618752313382698	0.137825205019026	0.0525480742857914	0.124405185626161	0.0731077079256677	0.057530526485708	0.126160462838456	0.0934068154204975	0.164444073808916	0.211405568652683	0.145744423748869	0.0623987496106161	0.0525480742857914	0.177876476649985	0.065482622294715	0.066963735058896	0.329627734317322	0.400607040735206	0.149649069616289	0.0870502426129098	0.0641078325270703	0.267936018681285	0.127457037078913	0.0963801001433772	0.358670464519298	0.127845032065354	0.0945947175149364	0.0785622656382997	0.0754356865178455	0.170858533770749	0.121908413848341	0.146257137352921	0.058385295473566	0.0709048921073025	0.124212693460662	0.0877403187179806	0.0757204360055803	0.0736914733895148	0.0627511437192108	0.495170126208151	0.116308150342619	0.187466062530123	0.09734062047092	0.0555058779439541	0.0844629942016168	0.090865645557642	0.0741919057086261	0.141047216726072	0.243386746393611	0.220749433519262	0.449207056652416	0.0595835183907037	0.076362246233556	0.0852107316669491	0.0897091780648087	0.129390205040273	0.0705118148841641	0.07718662496167	0.0912753226555357	0.155793950883578	0.0643818343829627	0.0841360857540911	0.0621241659038898	0.109313331826618	0.0795319142252809	0.0690715376927395	0.066008707263855	0.0794375493670955	0.160292943676162	0.0686504387042739	0.0700109412498546	0.0590230428209208	0	0.0781492503604504	0.0857602085429009	0.072590157145051	0.193294697638714	0.0686217101685929
GCDF281	0.155251495681252	0.10366515491647	0.270309174602682	0.181926311313579	0.210357372319759	0.179777986558173	0.0595458081929499	0.10842215175731	0.429154375285813	0.200992136140062	0.377899880511592	0.110152334567498	0.0936420935234337	0.0676201657918893	0.181817661707449	0.142997180393925	0.0597088145976416	0.203089354239931	0.061395023845964	0.0595458064115409	0.386521830703273	0.0677493109621785	0.15780338336422	0.146730356068924	0.182526167293992	0.115213566318606	0.139074690188422	0.677147171112022	0.0965746251320598	0.14620014620625	0.116111044405085	0.149365286502724	0.183326479461458	0.131106519845851	0.313365682206973	0.149223658246825	0.174805645501674	0.151442255015777	0.20648171903208	0.0991116432529507	0.0578478532608109	0.184287577415958	0.122520231651236	0.05396199314808	0.147324765345665	0.0595458064115409	0.131552620348756	0.0637837060529626	0.0629451883524054	0.134692376234917	0.100691647221795	0.16893047634324	0.218322370991562	0.15358051830771	0.0694010858188825	0.0595458064115409	0.16279644127747	0.0727088192120345	0.0723923053070359	0.337423576023241	0.406222860921513	0.15446402606639	0.066817095315065	0.0668192102827809	0.273727387378011	0.128145516088063	0.0686895638666671	0.365696963110958	0.13084101836865	0.101358169689775	0.0831871887650153	0.049284195452176	0.16909697000878	0.128908883196988	0.152567165837896	0.0537636618910715	0.064702823118429	0.128000811175114	0.0941772476177324	0.0787777987995533	0.0785398723538777	0.0534205986280935	0.503697946216121	0.120431676337665	0.193520404285554	0.0931953633712097	0.0554445324221043	0.0911666780446816	0.0551932971322476	0.0858667219114123	0.146207467605821	0.249799752250464	0.227196607719919	0.432936703917956	0.0646442636998013	0.0444713097366721	0.0952922943415064	0.052212722712394	0.101004812734747	0.0644933351814145	0.072661827685255	0.0920390002805777	0.148138955179037	0.0714590473834312	0.091188218388142	0.0642732026412933	0.113159373158006	0.0861848168394933	0.0678627356284797	0.053326112528642	0.0865586660426072	0.161893510833533	0.0655648503076248	0.0769309847606252	0.0612483937105145	0.0781492503604504	0	0.0808770874646878	0.0546556519664297	0.201979469470303	0.0755135994404554
GCDF282	0.139173800804187	0.0923192096177978	0.244390088199365	0.153035925324969	0.18380440408458	0.153355770659718	0.0464644032778072	0.0956773851066828	0.409562292424115	0.187199821526354	0.354038505241124	0.111118665313104	0.0763721578952038	0.0725032667290758	0.169313301266444	0.132616564179912	0.0517990477759429	0.177157105068968	0.0568454149696562	0.0464644012126056	0.3760068251027	0.0547113990731011	0.145311346239965	0.132636066036995	0.165591900171054	0.1025659686914	0.125328182007628	0.666153135323765	0.0857261340651247	0.133537310486039	0.131153902175338	0.137201091500394	0.169785403693565	0.107784151165473	0.296943339509795	0.138236026420738	0.162772983839416	0.13840968145829	0.19289643317461	0.0860734357489179	0.0464644012126056	0.167706361021658	0.112652775314119	0.0622189838928406	0.136433852065091	0.0464644012126056	0.118129068063666	0.0684941851656244	0.053497000776156	0.121466850034065	0.0880244751319741	0.157471932997607	0.187021770411068	0.13961814870738	0.0563737977145597	0.0464644012126056	0.175374190586459	0.0593765376493184	0.0653518237472504	0.326043714251783	0.386182067370174	0.146669743112241	0.0840957665232697	0.0591062528993746	0.250257299366322	0.121714633635499	0.0931382537302044	0.351417468653785	0.123996710291866	0.09056522945563	0.0778050015144276	0.084175854545049	0.166670527045775	0.115930888105673	0.144036710958439	0.0477271329874944	0.0691746238318056	0.115697493607348	0.0818335407159545	0.0681688616597893	0.070559555457698	0.0650583299610651	0.488392034714872	0.112776175743402	0.180664804058545	0.0891778376800093	0.0507068161410515	0.0779578395263113	0.0813815447153768	0.0696918424783331	0.135679125785828	0.237255442022073	0.20698316969128	0.446074379513962	0.066176945512945	0.0687863569368016	0.0805033735667515	0.0982367260325136	0.128005810571138	0.0645439597317065	0.0815112466613452	0.0867748471221538	0.154298815838616	0.0608413481351101	0.0788465983262568	0.064148503515606	0.104021002529095	0.0756895045345329	0.0629109725958169	0.0679242511590322	0.07366485536249	0.148342296857424	0.0707604931385228	0.069351755797562	0.0515582606647954	0.0857602085429009	0.0808770874646878	0	0.0697851514236795	0.181530529238058	0.0622715457446045
GCDF284	0.12803241187669	0.0728669528934089	0.244269425820823	0.155090477129426	0.184392218750836	0.152357168947205	0.0297332066057309	0.0793840667101169	0.409883764958141	0.172726464692992	0.354742599406628	0.0928546261475092	0.0645077447171765	0.0487890751571442	0.154008579675597	0.114611647834983	0.0464428947542352	0.177158939567479	0.0432422879443626	0.0297332033138685	0.366179621279842	0.0382255001576862	0.130340676133831	0.116361437346598	0.155630744617395	0.0870016020148842	0.111997307532213	0.66544713516428	0.0694536727693195	0.1180282175127	0.122861198441248	0.122565241982088	0.154252653019597	0.102883553659224	0.288215430547493	0.117268664367271	0.148248932540718	0.13078235622232	0.177913079433369	0.0691063140678887	0.0313969918649004	0.156616686946816	0.0969524192388612	0.0523915230437662	0.118543635940913	0.0297332033138685	0.103345823427192	0.0602843253261814	0.0397341763882926	0.105647412768443	0.0719796282549699	0.144334462142051	0.192664711914881	0.123438420771348	0.0398359436052616	0.0297332033138685	0.173935147171671	0.0428423790656256	0.0578573679955996	0.315314548033656	0.386275828185708	0.127400795242401	0.0285998775125152	0.0488773963291838	0.249252360615164	0.0955884505552475	0.0699526367313934	0.345486612858796	0.108743511855301	0.0761857492792787	0.0615308102351999	0.0907487083941397	0.158115292306651	0.100822738343568	0.13454252741102	0.0389193635659687	0.064546865796802	0.103078215655805	0.0654353189159824	0.0606655285816	0.0564070765041944	0.0665944617316879	0.486746242552093	0.0954477958983243	0.167272985621233	0.0803528551313311	0.0422469414394311	0.0620791785832908	0.0478055331329204	0.0613650508751773	0.121043574629408	0.225055637270814	0.201648061605867	0.431008413885579	0.054587654844679	0.0284491090310944	0.0657661470838568	0.053828197465551	0.0826589816974269	0.0482027172816522	0.07209435212567	0.0823481143875556	0.154027021499445	0.0542643499758207	0.0624709474769506	0.0559757294302637	0.0916851776454485	0.060521329818952	0.050434368690758	0.0598444083159921	0.0572320608553862	0.139745500145687	0.0593038443852254	0.0526743871395034	0.0380897867596812	0.072590157145051	0.0546556519664297	0.0697851514236795	0	0.17592753375871	0.0461246586131929
GCDF285	0.211551905066114	0.183991959205631	0.285438313177138	0.172738983803852	0.235791793657523	0.208287871141702	0.152951938458549	0.188971382556389	0.406358243389563	0.259686226269814	0.364132546716266	0.19339397160167	0.161497395419788	0.174358497590128	0.240155576003922	0.208742041441828	0.17172320036575	0.227589289874139	0.165181847157502	0.152951937055949	0.405226766461074	0.15668226417267	0.195028356436377	0.227832124916592	0.232596568838514	0.192524775335885	0.202729071029509	0.643753573750005	0.18139548530106	0.180344129747927	0.240267193880911	0.21402663948259	0.242679332241868	0.162868517084104	0.3339808918912	0.232780669825246	0.240048061792899	0.211996770115814	0.271112472270474	0.186602300381043	0.154351904988289	0.245445352913153	0.181901595508209	0.182820560166029	0.231202664926197	0.152951937055949	0.204939265820113	0.182351136128559	0.162948200836627	0.215981711990981	0.165056002448605	0.241830986670472	0.216910077390647	0.233311637257687	0.160681798470893	0.152951937055949	0.287800681335155	0.16354169948685	0.179210560574822	0.350778045226829	0.386196081234951	0.240706694246543	0.185067443158289	0.167674115059352	0.284702244280565	0.212115523678185	0.209783053759373	0.382530914864155	0.202521659772504	0.18793374279307	0.170938929354753	0.222391371323605	0.248813949845204	0.207390818124016	0.229482435442583	0.162108407854432	0.190255830440708	0.211060613280896	0.169813146833519	0.173129936510866	0.174662533846467	0.190679488854125	0.469908925921026	0.181922716041557	0.225795496556193	0.191272125626453	0.164217122538824	0.176945626660429	0.209398392475013	0.170404979601653	0.214149315869718	0.302564234820881	0.25625182560297	0.488987582199501	0.183361039732141	0.183755521051059	0.164003897881643	0.215171472969079	0.228973395802607	0.160847593625688	0.193788770021814	0.186779402723216	0.246397557508464	0.167039004116874	0.160618591141144	0.181450518845308	0.200387048243423	0.177513392472809	0.169784269700147	0.188833108679815	0.173507861115716	0.21655686858176	0.173220115464482	0.174112805287645	0.164896587831805	0.193294697638714	0.201979469470303	0.181530529238058	0.17592753375871	0	0.147411611373301
GCDF286	0.115368144276813	0.0646871575953984	0.222722428766164	0.128716437785764	0.173535706193158	0.14130211722181	0.0171271548012921	0.0678785962024421	0.398872064821648	0.150219588117166	0.331817965916913	0.0875599171420691	0.0457454937124493	0.0495796783243993	0.135944941052885	0.108943122274459	0.038906095794054	0.166738146558554	0.0322012195758747	0.0171271512905757	0.35786142644256	0.0257976263611004	0.11927644989331	0.103912055492401	0.146247626103536	0.073812438955888	0.0898342881013047	0.654841263486881	0.057546076985697	0.0844173999409182	0.122967416660465	0.0995145309904609	0.133622403021413	0.0715398943296286	0.27880588467374	0.109572146501806	0.137323401868343	0.113921043735863	0.166488294423831	0.0565795854881707	0.0187923881516914	0.144784708290991	0.0706509769038118	0.0531096833974424	0.107673253600646	0.0171271512905757	0.0918114439894756	0.0526866940593328	0.0288165257585169	0.0935464575980799	0.0433136678554795	0.134601728445051	0.182465055825734	0.111103170372621	0.0273830718407878	0.0171271512905757	0.177127383809273	0.0302992924445807	0.0485423748838138	0.288124168686795	0.360491921353822	0.119826381781487	0.0592222968586768	0.0365949804433668	0.233318290174609	0.0946843698620796	0.0955058154697069	0.33646408792096	0.105914000515835	0.065929682059872	0.048447104848244	0.0997363159602339	0.15272219290938	0.0904460904950445	0.125821455410033	0.0280002653222493	0.0635119375180114	0.0915889642906911	0.0536241395154385	0.0476006001535088	0.0457692421746976	0.0623018262211723	0.477669091387229	0.067496418388504	0.128726131009935	0.0663854852600983	0.031330739270256	0.0499719461106291	0.0865067455428417	0.0505524243068213	0.0997726853109068	0.21495988050645	0.191908737757441	0.448894554918463	0.0535143181455858	0.0548850513731289	0.0562765692746398	0.0932581120104802	0.114979481738475	0.0288241005248644	0.0675811007092095	0.0760475665782437	0.149498591970916	0.0377366361443443	0.0323423169026471	0.0515748548387277	0.081965075072014	0.0491297767365897	0.0397562373316649	0.0606523239326597	0.0451119796871537	0.129403280884479	0.0492457570602195	0.0437958517083616	0.032179715845621	0.0686217101685929	0.0755135994404554	0.0622715457446045	0.0461246586131929	0.147411611373301	0
