Eigvals	121
0.2203356163651379	0.017072143507276615	0.010412663730545932	0.003055137591482914	0.0020904939562611455	0.0007773304212337281	0.0007691499725473779	0.0005470748726849085	0.00029973730933141075	0.00024589739619935384	0.000188590930314308	0.00015468192592123665	0.00012585168096860676	0.00011818579513023057	0.00010365953947666533	9.991082019650719e-05	7.934304981041472e-05	7.619364276895522e-05	6.747488699625822e-05	5.680629452318778e-05	5.2283961171704796e-05	4.6610001117749396e-05	4.493429072852577e-05	4.386422609530186e-05	4.2848226697412504e-05	3.967981596023244e-05	3.942341548272825e-05	3.8370949204234094e-05	3.632799428271906e-05	3.4883517953594156e-05	3.414312924023028e-05	3.275751174829162e-05	3.211413601753434e-05	3.180766666706468e-05	3.076543613757532e-05	2.9153598511843558e-05	2.8495877146496045e-05	2.81745110591206e-05	2.70838671963295e-05	2.526812809426625e-05	2.444390984240023e-05	2.4181325088867424e-05	2.317975231366235e-05	2.2622627449771205e-05	2.2129452913484316e-05	2.1584901818712164e-05	2.0933231976307634e-05	1.9844097357161736e-05	1.963211267771721e-05	1.8916554679286626e-05	1.7682485355074e-05	1.711250029799967e-05	1.6751591485728448e-05	1.5841264869601552e-05	1.5448745441037848e-05	1.4266478154403362e-05	1.3683501567768815e-05	1.322286667276535e-05	1.2615530854063392e-05	1.1870892797295755e-05	1.1174179438534715e-05	1.074704226678447e-05	1.0018222716712319e-05	9.695869168645722e-06	9.133440095265009e-06	8.89190420260114e-06	7.988461831106871e-06	7.582661503198026e-06	6.695551589862594e-06	6.312359869529877e-06	6.046209052365645e-06	5.153155078111414e-06	4.063567268689275e-06	2.754364226252763e-06	1.735454767607208e-06	1.5561469281518385e-06	8.850584933177901e-07	4.577635308247193e-07	0.0	0.0	0.0	0.0	0.0	0.0	0.0	0.0	0.0	0.0	0.0	0.0	0.0	0.0	0.0	0.0	0.0	0.0	0.0	0.0	0.0	0.0	0.0	0.0	0.0	0.0	0.0	0.0	0.0	0.0	0.0	0.0	0.0	0.0	0.0	0.0	0.0	0.0	0.0	0.0	0.0	0.0	0.0

Proportion explained	121
0.8544386226253692	0.06620399835606461	0.04037922784596394	0.011847506084861358	0.00810671831482007	0.0030144065920920866	0.002982683662212065	0.0021214995033540223	0.0011623501363944118	0.0009535645484003731	0.0007313360290800912	0.0005998404339231129	0.00048803974008315547	0.0004583122314533621	0.0004019809216211488	0.00038744377782575157	0.00030768410170491767	0.00029547102848968295	0.00026166059967056395	0.00022028890675762465	0.00020275176798887284	0.00018074874054686873	0.00017425050980003154	0.000170100910355261	0.00016616097027456989	0.00015387420270222607	0.00015287990829602297	0.0001487985534420445	0.00014087618656363537	0.00013527465747163828	0.00013240350698362263	0.00012703022634552688	0.0001245352821223113	0.00012334682582998752	0.00011930516414693384	0.00011305462533915576	0.00011050405023582116	0.00010925782594587006	0.00010502842238746523	9.79871748442495e-05	9.479094211762564e-05	9.37726657316637e-05	8.988867059450395e-05	8.77281982696637e-05	8.581571866944984e-05	8.370400611456634e-05	8.117689818832044e-05	7.69533473199286e-05	7.613129276283831e-05	7.335643320688533e-05	6.857084061409698e-05	6.636049779654473e-05	6.496093092879265e-05	6.143077891408757e-05	5.990862936138032e-05	5.53239196869673e-05	5.306319706788158e-05	5.127690281499194e-05	4.8921717625400145e-05	4.6034088625263426e-05	4.333230662358307e-05	4.167591306033108e-05	3.884962658527429e-05	3.759957302538145e-05	3.541853152736281e-05	3.448188043641845e-05	3.09784248069767e-05	2.940477330678185e-05	2.596465325278423e-05	2.4478675583246018e-05	2.3446570373112573e-05	1.998339986858841e-05	1.5758091575401597e-05	1.0681138231360259e-05	6.729913237474901e-06	6.0345760700317455e-06	3.432164860356138e-06	1.7751594010013383e-06	0.0	0.0	0.0	0.0	0.0	0.0	0.0	0.0	0.0	0.0	0.0	0.0	0.0	0.0	0.0	0.0	0.0	0.0	0.0	0.0	0.0	0.0	0.0	0.0	0.0	0.0	0.0	0.0	0.0	0.0	0.0	0.0	0.0	0.0	0.0	0.0	0.0	0.0	0.0	0.0	0.0	0.0	0.0

Species	0	0

Site	121	121
GA11	-0.05267647868942362	-0.0008222905529221276	-0.004512118665727648	-0.002541358628336937	-0.0013145989329475156	-0.0035336813829039333	-0.0013857714182606883	0.0023621415485581775	-0.00021981683601698257	-4.076827497779887e-05	-0.0015459369597502274	0.000973723076874518	-7.64184896880044e-05	4.051729227352622e-05	-0.001279866673761649	0.00150902094462918	0.0016300653165479192	-0.0003198707135360399	-0.0012417180367687384	-0.002037900135768846	-0.0008385686779104551	-0.0018701674595643558	0.0006064230957386554	0.0001644972266348488	0.0004820654443598912	-0.0009782565365182327	0.0003689252689881101	0.0004711028852746003	0.0004183199850411641	0.0004447622233060494	-0.0011342095348635933	-0.0004456337095241838	0.0005119419762546336	0.0009634238056934544	0.00018197524004178887	0.0002971384612226277	-0.0005537171746789196	0.0002633290142027317	-0.0005160854189912398	0.00037009871006172846	-0.0006253181064932416	0.00034901937904838724	-0.00047293033107553053	-0.0008744933926496721	-0.00038832183269425443	0.0004505548507245055	-0.0003234531276353583	0.0003313798470084971	-9.51949339825967e-05	-0.00032113146496371504	0.0005424516632637796	-6.458842444437208e-05	-0.00022678799037331346	5.202130746827283e-05	-0.0002455217642693583	0.00010236848997505783	-0.0003218014383286124	0.0006188640162439099	5.9420005685799085e-05	3.1272312743179343e-06	-0.0005309579630405153	0.00039267964821353683	0.00015397079459923493	-0.00027314698442673126	0.0001290423728819873	-0.00013962297069744877	0.00017549270212440334	-3.833131049799786e-06	-4.7305987332024523e-05	0.00018450154820450536	-0.0002565234828975839	-0.00018970324813185634	-1.3712463006007873e-05	1.1879268117610117e-05	-9.09062374283632e-06	-6.9065161990924e-05	2.64235286816326e-05	1.875359326848741e-05	-0.0	0.0	0.0	0.0	0.0	0.0	0.0	0.0	0.0	0.0	0.0	0.0	0.0	0.0	0.0	0.0	0.0	0.0	0.0	0.0	0.0	0.0	0.0	0.0	0.0	0.0	0.0	0.0	0.0	0.0	0.0	0.0	0.0	0.0	0.0	0.0	0.0	0.0	0.0	0.0	0.0	0.0	0.0
GA13	-0.057714756283624935	-0.0020631474076172546	-0.006323561552312203	-0.003148689536213824	-0.002609388038331034	-0.00337287681669547	-0.0007368488553657338	0.003461364148738397	0.0009142354284391665	0.0015763109602447462	0.0005197736315199887	-6.671590675856027e-05	0.001954302911369926	0.0001747449665091072	0.0007189771659921074	0.0011535801883606688	-0.00096273105865017	-0.0013648465426724773	-0.0004897487419066364	0.0004569521183003338	0.001438874485284325	0.0002611792158712863	-0.0010036334784893788	0.0004675984674810848	0.0006487410651799328	-0.0007915426983993982	0.0006481047885306927	-0.00036372299853721306	0.000696491969022043	0.0004695629919628003	0.0006336098988544168	0.0001642432283616024	0.00021461302336063596	-9.614327759136999e-05	-0.0005783846362343328	0.0011099564378962018	0.0004530934879989005	-0.001054790821042426	0.0011827801303431074	9.27399925751386e-05	-0.000269954947989808	-0.00010009281853955524	-0.0007198794305552045	0.0006385559813298108	0.0007000304000110228	-0.00045743778790179057	-0.00027896776963867606	8.998244710312071e-05	0.00017722385477312203	-0.000627838113214049	0.00015305533521574538	0.0005354221193328898	0.000650890594809366	-0.00014500606042410546	0.000410261906732611	0.0003731132847382679	0.00011308837189526202	-0.00012348464780855264	0.0004408354846075301	-0.00035595414001290764	-0.0001508614831385452	-4.85328555591455e-05	0.00015232928136072848	0.00020257740985790316	9.73757235476297e-05	7.355789107224385e-05	-1.6980165257534853e-05	-0.00010130762642192351	-0.0002629145377670018	-0.00012404663578945667	-0.00011488820723109874	9.300804329275031e-05	-7.98585280696214e-05	-0.00015626082976195828	2.520994985510977e-05	5.8937312050962003e-05	-4.161993581949942e-05	1.6618127582417659e-06	-0.0	0.0	0.0	0.0	0.0	0.0	0.0	0.0	0.0	0.0	0.0	0.0	0.0	0.0	0.0	0.0	0.0	0.0	0.0	0.0	0.0	0.0	0.0	0.0	0.0	0.0	0.0	0.0	0.0	0.0	0.0	0.0	0.0	0.0	0.0	0.0	0.0	0.0	0.0	0.0	0.0	0.0	0.0
GA17	0.05904197943608934	-0.003970314920943363	-0.0008891241248893178	-0.007862171118542233	-0.0030383132022839105	0.0012455405499635452	-0.0007404460955631381	-0.0001114593258819051	0.0012174688938172617	0.0006006550542840891	0.0015316467233769675	-0.0005507884251573701	-0.00022174133013714886	-0.0017429657335906866	-0.0016281130946378655	0.00030820866289249174	0.000342073635798861	-0.0002942782083465274	0.00044864591821160133	-0.0012184508546650707	-0.0007278590295884551	0.0008033368104183874	-0.000708896904199464	-0.0006065129540156408	-0.00014640379609915172	-0.00029948381673299744	-5.0890193963496186e-05	0.0007267992697395374	2.1426878653828353e-05	-0.0003023256659371218	3.605058590400624e-05	-5.125341589374183e-05	-0.00021917516904850073	-0.001102683053524209	0.0001920822148949075	0.0003345218723540023	0.0010725944742453115	0.00016326663948297424	0.0004932737618676951	0.00020385618486115653	0.0004342379567448482	-9.686397799469406e-05	-3.315946981719474e-05	-0.00046161678931064677	0.0006825801396614302	-7.639838687115296e-05	6.354812135062285e-05	-5.405415942192001e-05	-0.0004698853620543596	9.78463602184709e-05	8.272288488392244e-05	-9.259656545586317e-06	-0.0002441846613231872	5.60758922325413e-06	3.835982918167319e-05	0.00015906520219250044	6.365088040047354e-05	-0.0003088132612783793	-0.00032643618492720955	-9.221463125132967e-05	0.0006203958720075494	0.0002102087641542983	-4.5543038014229955e-05	-0.00019126688226033553	-9.935054948834652e-05	-0.00018613756655056892	-6.710327730164517e-05	7.0459088994535065e-06	0.00015271303914936757	0.00021058717836806105	-6.744414316751737e-05	6.324206310907264e-05	-0.00014172155864056735	-0.00024464273821934936	0.00012692517459071012	-0.0002615280212763059	7.22102588943436e-05	5.120248858838037e-05	-0.0	0.0	0.0	0.0	0.0	0.0	0.0	0.0	0.0	0.0	0.0	0.0	0.0	0.0	0.0	0.0	0.0	0.0	0.0	0.0	0.0	0.0	0.0	0.0	0.0	0.0	0.0	0.0	0.0	0.0	0.0	0.0	0.0	0.0	0.0	0.0	0.0	0.0	0.0	0.0	0.0	0.0	0.0
GA18	0.05665399264248226	-0.00496108010555883	-0.00047106465440072896	-0.0065370469890153925	-0.0033858690833963633	0.000473310753575741	0.00011864521619472704	-0.0009510808189530197	0.0005081949796111943	0.0010775845549200534	0.0009192474407638475	-0.00038003596665512474	-0.0004243363575427061	-0.0025879953602747654	-0.0015274732605400738	-0.0007903100790583786	0.0017888391091732733	-0.0008582110921056813	-3.4186593287890686e-05	0.00010341851264577771	-0.00021901695742252022	-0.0004164024309608636	0.0005436855520917038	0.0009676827387189752	0.0005096585416207678	0.00016738530793996897	6.488784103071067e-05	-0.0005668297284847346	-0.0002521057878385199	-0.00014453964094044398	-3.6268393531806445e-05	0.0002204533640771477	0.0002081549466276404	0.00013087909242048766	-0.00015907358971448807	0.00025733009046880763	-0.0006800270986699006	-6.523009912737551e-05	-0.0005467510770782498	-0.0003434190192551123	-0.0007089208745510115	0.0002570089599709774	0.00040732717520889283	0.0001178367999226546	-0.00017173233390278158	-0.00023240817404486237	-0.0004206887242640577	0.0002239094744729503	-9.568345740454891e-05	1.6086536658152106e-05	0.00011097116013791416	-0.00011882589477428945	0.00038913299661207936	-0.00026168365334001975	0.00015064286435392588	9.932284418127894e-05	0.0001710352120963673	0.00019195756973810463	-0.0001687721135778734	0.000150400613617886	-0.00013974151366266918	-7.445664442214737e-05	0.0003607163077079876	-0.00011528515699622939	2.8947749176484662e-05	-0.00013349608422410443	-4.7852964630941404e-05	0.0003806124025274706	0.00042590282767882687	-0.00015683064857195678	9.074342511969656e-05	0.00028507439875965845	7.579560522181825e-05	0.00020165980999496357	0.0001189726309549501	0.0001462937327186394	0.00014763946166372204	-0.00010481949272454187	-0.0	0.0	0.0	0.0	0.0	0.0	0.0	0.0	0.0	0.0	0.0	0.0	0.0	0.0	0.0	0.0	0.0	0.0	0.0	0.0	0.0	0.0	0.0	0.0	0.0	0.0	0.0	0.0	0.0	0.0	0.0	0.0	0.0	0.0	0.0	0.0	0.0	0.0	0.0	0.0	0.0	0.0	0.0
GA19	-0.029088766534565595	0.0029147739384832714	0.003930319732604941	-0.0033096196272002615	-0.002027457207801465	-0.001961825759662681	-0.0007647757686115239	0.0021963001528853016	-0.0038291390203680927	3.349565970472252e-05	-0.00035658424053602156	-8.369357324113117e-05	-0.0006458780868970155	-0.0013445952180989253	-0.0011419695670550946	0.001432783452058725	0.0009847390712499284	-0.0021036050538073	-0.0027784187439173253	0.0016728604278012937	0.0015620733372184003	0.0006629538872660156	-6.314372229996435e-05	-0.0023167947652527397	-0.0007897623737649943	0.0006158273877650179	-0.0005732494452074363	0.0006132300226176152	-0.0004853331072817634	0.00017150255861132636	0.00028941149338313214	-0.0004043411864679898	-0.00020602483007797553	4.516686281223587e-05	-0.0005785441766956506	-7.257375580348567e-05	-0.0002610126200944505	0.0004217381008157055	-0.00031088940991595124	0.0002069550828229949	0.0007998857078414667	4.5143593639889095e-05	0.00044811351122280886	4.10902670427667e-05	-9.545513207762965e-05	0.00024892825508273324	-0.00025632355873668483	-1.9676064576819047e-05	0.0003661415824334642	0.00036321494098721566	-0.00016803774606490178	-4.789600403235178e-06	-0.00023705274114001602	0.00018029826784499303	0.00011043663196756584	0.0002382353619309244	4.089615849981651e-05	3.0143134448859837e-05	-0.00017459942795150385	0.00010689450163928165	0.0002508326684309147	0.00019872878366596641	0.00011124048848289427	1.258737091849013e-05	5.522152926169875e-05	-0.00015113590131213278	0.0002464836313613359	-3.4186071918791324e-05	1.5341251171202998e-05	4.732481634130465e-05	-0.00020320610669573565	-5.7179289527150636e-05	1.9607315628165402e-05	0.00012328300746732818	-3.7658944614335727e-07	-2.3036164105671375e-05	3.5632925278653343e-06	3.0275650194319473e-06	-0.0	0.0	0.0	0.0	0.0	0.0	0.0	0.0	0.0	0.0	0.0	0.0	0.0	0.0	0.0	0.0	0.0	0.0	0.0	0.0	0.0	0.0	0.0	0.0	0.0	0.0	0.0	0.0	0.0	0.0	0.0	0.0	0.0	0.0	0.0	0.0	0.0	0.0	0.0	0.0	0.0	0.0	0.0
GA20	0.058518940347403715	-0.0017801999455408	-0.0032108958517556977	-0.005581874352906406	-0.002985572694496424	-0.0016068600140816205	0.0005651459432152499	0.0004993842666256954	0.000534877963090315	0.0015213286779640178	0.0018421498768186782	0.00042933179187728296	-3.960581192341408e-05	-0.0015460390936709533	-0.0008877881872407935	0.0009866140906010538	0.00017396486962807854	-0.0005221641783639825	-0.000798114886195232	-1.9981841451108688e-05	-0.00040242683757344674	4.298434578813734e-05	0.0006070707688680801	-0.00016996629244642465	0.0005473985004434147	0.00016634892528655536	-0.00017304952966218013	0.00019134313241672086	-0.0002739735666981472	0.0007920077194466316	0.00017282654136432208	-4.5425547434548545e-05	3.985310492423373e-05	0.00021940536513834102	0.0002693324225915018	-0.00038043981296345593	-0.0003713177593995221	0.00036703057280792356	0.0005457964708735249	0.0004153755055293572	-0.00027275563086991844	0.00015234246061135583	0.0004914386687493288	0.00015573206972617344	0.00017418496797675935	-0.00024199936646064477	0.0002382678978483502	5.627838817072309e-05	0.0006136431825283794	-0.0005441283534736871	-0.00033281720104091597	-0.00030297182560221124	2.4805000357420623e-06	0.00010218472833226704	0.0004467436664542105	0.00013299950416592978	-0.00018165958082249723	3.392530626272609e-05	0.00017483815782538947	9.161210110102079e-05	8.477458579803425e-05	-0.00046487400832129536	-0.00019428973113842717	9.477255160109966e-05	6.929270838594967e-05	-5.5587788373896285e-05	5.6409461420455475e-05	-0.00032414729316624096	-0.0002417502603773157	-9.424338994377395e-05	5.5899255045344986e-05	-4.996746182755259e-05	0.0001364858256362909	0.000302504357913141	-0.00022378995054632978	3.832135778333265e-05	-0.00016146633068140828	4.865001345622068e-05	-0.0	0.0	0.0	0.0	0.0	0.0	0.0	0.0	0.0	0.0	0.0	0.0	0.0	0.0	0.0	0.0	0.0	0.0	0.0	0.0	0.0	0.0	0.0	0.0	0.0	0.0	0.0	0.0	0.0	0.0	0.0	0.0	0.0	0.0	0.0	0.0	0.0	0.0	0.0	0.0	0.0	0.0	0.0
GA24	-0.04369684036479418	-0.0030183045720883995	0.0007263872154145816	-0.008717511577480602	-0.005367750723103347	-0.0028368270904280536	-0.0025215757903179724	0.0022308044029781624	0.002800269237367775	0.0055090982999500835	0.0020488006326496466	4.518719808136298e-05	-0.0009652898835450429	-0.0003925098567263214	-0.000988897359024088	0.0003287979236044135	0.0001426077597078305	0.00024072096103269829	4.74715020845348e-05	0.0002466820149922726	-0.0015385839625595874	-3.320820123123205e-07	0.0007239004220567536	0.00017632689192454432	6.896541631221779e-06	0.00020863943985987714	-0.0014403860738008672	0.00047409516337103985	0.00027592769135815896	-0.0003672446632299879	0.0004173403393635021	-2.3076523199067028e-05	0.00037096369796750175	0.0002664056541754685	0.0003583455494318217	-0.00022686980291965387	0.00014031529697485062	-0.0003022561956308481	4.831217472404586e-05	0.00014656022448525347	0.00047000383498149663	0.00033739204353026896	0.00047625138380777795	-3.666484032852899e-05	3.711619693705214e-05	0.00018949498749687828	-6.108207222206849e-05	3.482511432780355e-05	-0.00011769332471699102	0.00010863131708826982	5.568383162498721e-05	-4.138796199717122e-05	-7.061367923421737e-05	5.816910461230992e-05	2.6201737520765046e-05	-0.0002375137821980633	-3.2383259323813025e-05	-0.00030730208347098844	-0.00010809176992181949	1.9101329527734935e-05	0.0001787418878173718	-0.00034240407048098204	-0.00018338945090497628	-7.762662836003186e-06	1.62449000768806e-05	1.599401172202523e-05	5.1090264007103275e-06	-9.839099535057616e-05	5.57254211660543e-05	-4.6483253549384276e-05	0.00014722859310546007	-2.6661988451021667e-05	-1.5404277247214587e-05	0.0001600161376393734	3.5588236131276084e-05	-8.412457175521182e-05	2.225727777183118e-05	1.4713082290216102e-05	-0.0	0.0	0.0	0.0	0.0	0.0	0.0	0.0	0.0	0.0	0.0	0.0	0.0	0.0	0.0	0.0	0.0	0.0	0.0	0.0	0.0	0.0	0.0	0.0	0.0	0.0	0.0	0.0	0.0	0.0	0.0	0.0	0.0	0.0	0.0	0.0	0.0	0.0	0.0	0.0	0.0	0.0	0.0
GA27	-0.007062147501144363	0.003195513086235292	0.004978334450540418	-0.0021171472674247523	-0.0003855342351878582	-0.002346427146204062	0.00215314711085996	0.00034804247615393547	0.000967339261654245	4.390788682275391e-06	0.00010921819790579463	0.00020999108236417316	0.0005599741276934155	0.0004410219652853169	0.00029098749175286107	0.000810412759983609	-0.0008434007664741264	0.0009588619813587231	-9.44528006755648e-05	0.0011408075575248648	0.00028987567262675024	5.441484411223254e-05	0.0002623333382344576	0.0001759678266487748	0.0009119016624723645	-0.001348202785109781	-3.363028166580846e-05	0.00016362896647324882	-0.00039070339895642524	-0.0002166847625075535	0.0002915061102937686	-9.332192883268654e-05	-0.0009858388878062172	0.00044236901958092035	0.00012389994844601263	-9.200730893248588e-05	0.0005803794114906324	-0.0002707049990770361	-0.0015884171271428632	0.00045109810132070084	0.0007094991183221477	-0.00010883386050704106	0.0006098420072880894	-0.0008506545353275622	0.0004062685620277993	0.0008281377415408643	-0.0006074595649991319	0.0012692067134048317	-0.00047681315531024554	0.00084380568459726	-0.0001640718832475277	0.0007371956749077836	0.0006760860115643924	-0.0003801194775730043	-0.000180854329797292	-0.00012314499277650873	6.160982156530887e-05	-4.5916731943899606e-05	0.00017225284384023964	9.477549832927041e-07	-0.00027304770598750804	-0.0001751233503348196	0.0003687829589143757	-2.2276561770613252e-06	-0.0003490616723303175	0.00017927406288003865	0.00015948259732223756	-8.324875356782935e-05	-9.282270720846962e-05	-0.00021480491547598538	-0.00023118599804864513	-0.00018431424070908747	-5.8252332385020126e-05	1.371548314480608e-05	7.082109258665361e-05	3.362800180724325e-05	1.9663425389412044e-05	8.569713292450073e-05	-0.0	0.0	0.0	0.0	0.0	0.0	0.0	0.0	0.0	0.0	0.0	0.0	0.0	0.0	0.0	0.0	0.0	0.0	0.0	0.0	0.0	0.0	0.0	0.0	0.0	0.0	0.0	0.0	0.0	0.0	0.0	0.0	0.0	0.0	0.0	0.0	0.0	0.0	0.0	0.0	0.0	0.0	0.0
GA28	-0.013481817839332996	-0.0021274945616847783	0.018935893530961624	-0.00405990962553321	-0.0012938980355734328	-0.002594633079937769	0.005470377010846203	-0.007928165214816069	-0.0007745519001751449	-0.0034277446068097413	-0.00043129478750339386	-0.003994152759249789	0.0036926259962922854	-0.0032608118101127674	0.0007772018956450728	0.0011670963325094493	-0.0010347580854601628	0.0016805733571647996	-0.0017442342037178476	-0.0008737583491194064	-0.0006784840639289505	0.000994051920236028	0.0007227886262503527	0.00030567162816296563	-0.00027629826928813017	-0.000476992620208973	-0.00020263567903465638	7.802434929427452e-05	-0.00014259350682632046	0.0001932581628420274	0.00014546375096496504	9.709517245123406e-05	-4.188557915737349e-05	3.265129309431516e-05	3.0888049872468697e-05	-0.0003890135002012702	4.141252818556452e-05	-0.00020061995345788786	1.1395228391754814e-05	0.00023697220363465992	4.908440956960025e-05	-0.00014921460562682001	-0.0001463942773908774	-6.313950460322797e-05	1.1027411774676041e-06	-4.721136400226533e-05	7.639424186132928e-05	-8.003449029506402e-05	0.0001982305294094556	-7.702847235854075e-05	-2.0545554148658114e-05	-1.0141161248010785e-05	-0.00016642063403605748	4.2980061204917706e-05	3.8009442661450275e-05	-0.00013152879024683857	-8.997205009594162e-06	-0.00019190098426541966	-7.964004815278212e-06	-7.141088993413305e-05	8.793318350811425e-06	-1.4087772837686187e-05	-0.0001346672287504437	0.00012658145514460198	-1.8361002620672077e-05	-4.617344023507931e-05	1.9941426695972783e-05	4.153470844578772e-05	-1.3647043873054385e-05	-8.673943643359002e-05	4.4334318957339096e-05	-5.6334861060499364e-05	-9.972991339256643e-06	8.07710752804168e-05	4.6858784308350976e-05	-1.036086848811442e-05	5.636227020950462e-06	-1.4727308476082104e-05	-0.0	0.0	0.0	0.0	0.0	0.0	0.0	0.0	0.0	0.0	0.0	0.0	0.0	0.0	0.0	0.0	0.0	0.0	0.0	0.0	0.0	0.0	0.0	0.0	0.0	0.0	0.0	0.0	0.0	0.0	0.0	0.0	0.0	0.0	0.0	0.0	0.0	0.0	0.0	0.0	0.0	0.0	0.0
GA29	0.05850542469135453	-0.0030822140328386413	-0.0023150816060966283	-0.006374651234057758	-0.003092174685461294	-0.0008676310693670378	-0.000967587775893827	0.0003227729679937634	0.002534159828127933	0.00014498047872235783	0.0014980549275284926	-0.0006822087249918338	-0.0020477453529657652	0.0009060904604552258	-0.0009186838741546319	9.198368840991257e-06	-0.001305688100328683	-1.8328924046538923e-05	-9.305968806989754e-05	0.0003919854331120059	-0.0008124702927353579	0.000433912828778435	-0.0003538165882645297	0.0003870283001854919	-9.938018582535932e-05	-0.0003954097416559881	-2.809835629416946e-05	-0.0005330368443186875	-0.0005121875279422936	0.00023918458846005193	0.0006420944262777623	1.0904708705012896e-05	-1.0264289732436504e-05	0.00021335798501090873	-1.8343776915902347e-05	-0.00015229365666120047	-0.0007066719263527734	-0.0004795979813808725	0.0003007648175442571	8.720130447047994e-05	0.0005113102365211545	-0.00016098754878990314	-0.0004071491971360717	0.00039777387305547283	-0.0003546905760002919	-7.775854148672594e-06	0.0002577858102513706	0.00038284979409230216	2.8857454824134936e-05	-1.0245920449196296e-05	-0.0003001734345243922	0.000356650328333326	-0.0001800524206532484	0.0003438123601094827	-1.902153929619558e-05	-4.6248511288516105e-05	-3.9572252947588005e-05	-4.291278485254814e-06	9.022568031975032e-05	-8.198178751836196e-05	0.0001960767902781671	-1.4985429702332394e-05	0.0001699542224945063	0.000136127435630467	7.747639457466012e-05	-0.00018349828654792816	0.0002514178999458952	0.0003714352441920724	-0.00014186261203453073	8.105304848465366e-06	-0.000216888806242468	9.398909788671277e-05	0.00012099434538703649	6.782116616788962e-05	8.562145601057324e-05	0.00020660193497934348	-2.781707932397224e-06	3.1778128524314315e-06	-0.0	0.0	0.0	0.0	0.0	0.0	0.0	0.0	0.0	0.0	0.0	0.0	0.0	0.0	0.0	0.0	0.0	0.0	0.0	0.0	0.0	0.0	0.0	0.0	0.0	0.0	0.0	0.0	0.0	0.0	0.0	0.0	0.0	0.0	0.0	0.0	0.0	0.0	0.0	0.0	0.0	0.0	0.0
GA33	0.05941466566897173	-0.00022478169645373189	-0.00568913774531781	-0.0022994968207850014	-0.0016712845782303584	-0.005254290924942897	0.0005540169774840597	-0.0010718006760417004	-0.0015195401805703796	-0.004051019000715843	-0.0006622407252098111	0.0008782044795448966	-0.0026044751043869533	0.0002891887521119914	-0.0011092731720135265	0.0006383261667599458	0.0010843963260365476	0.0002850598056534554	-0.000726396422442873	-0.0010670528913155996	0.00024470479869588693	0.00038732750498658155	-6.821182181184976e-05	-0.00020539782197346045	0.00018677567386374098	0.00017006948135931348	7.506246287591827e-05	-4.63847090799572e-05	-0.00030783892689243423	0.00039924563791570757	0.00013819159569800163	7.588897155767032e-05	-0.00011710210955109426	-0.0004984468981333167	0.00015493511914039374	-0.0002332020280484364	-0.00032403963628441316	0.0002295126137863301	7.652190277443416e-05	0.0003475209923737036	-0.00035622551194522054	-9.273923818301415e-05	-5.9430065023335686e-05	9.363200226061777e-05	-0.0002549638002762621	9.813501532784733e-05	0.00014193071738544005	-6.310132575009924e-05	-0.0002048651816337239	0.00026972912544778374	-0.00024624274352883304	-0.00010832533677918111	5.836759508463507e-05	3.1086143990480035e-05	-0.00022551162429515755	-0.00031888078514750415	-0.00010288521007023249	6.7114521401716e-05	-0.00015258901445938685	-9.644965411485702e-05	8.400341486433303e-05	0.00012064895577026759	-0.00021762318966425448	-0.0001569839803723116	1.932696774883095e-05	3.487121417046934e-05	-4.5239817883148176e-05	7.29727838160553e-05	-3.87955273291593e-05	4.034369369377124e-05	-3.1213916128949466e-06	-0.0002148160118400917	-9.034634080845737e-05	-4.667490633810459e-05	8.953852838313173e-05	-7.651958885607344e-05	-2.4358517389120912e-05	-1.5685976401230216e-05	-0.0	0.0	0.0	0.0	0.0	0.0	0.0	0.0	0.0	0.0	0.0	0.0	0.0	0.0	0.0	0.0	0.0	0.0	0.0	0.0	0.0	0.0	0.0	0.0	0.0	0.0	0.0	0.0	0.0	0.0	0.0	0.0	0.0	0.0	0.0	0.0	0.0	0.0	0.0	0.0	0.0	0.0	0.0
GA35	-0.007620090678649908	0.006055410102494709	0.0032015052223440146	0.0005248987381862722	0.0026250340320924884	-3.217237731636821e-05	0.0016353100941035393	-0.00124329219468736	0.0001753567700632733	0.0010702541490061883	-0.0026881303353785027	-0.0008318538158648043	-0.0002894972613105835	0.00016581673129156355	-0.000376879197517371	-0.0009345916478208097	-0.0010967683580961089	-0.0015419841162656813	-2.287860412572683e-05	-0.0007273805224792351	-0.0006396571128646947	0.0012720686348943354	0.0004929717921740755	-0.0005126613723403547	0.00045549319985532696	-0.0005707926295392303	0.00043066882518341454	9.771981225809022e-05	-0.0009728042765154444	0.0007836550023671335	0.00014577130407484074	-1.1159629540019615e-05	0.0007074739248291172	-0.00013822442150399666	0.000291797437456092	0.0007926427553718126	-0.0003604317355076608	-0.00019240227981211832	-7.177519670454157e-05	0.0002313533430742755	-0.0002644586230763233	-0.0006552655924358839	0.001449437038609482	-0.00026010245155384457	-0.0003289011525057475	-0.00010626877016391015	9.87540442179151e-05	-0.00026070908554570114	-0.0007106282932479672	-0.0001606749733900395	-0.00045378616269221313	-0.0006774886625170764	-8.562988940741827e-05	-0.00020092433901835926	-3.18678750721171e-05	0.0001996113416105893	-0.00018160989380944592	4.579237837785152e-05	6.541254546208577e-05	0.00048281139431194	-5.3319714959947855e-05	0.00011485310242297206	0.0006051844904296266	0.00021583127434867425	-0.0004303543048615315	0.0004737049940751481	-0.0003301551908178142	-0.0002674464397250133	0.00010553785881622887	-0.00031778888700687263	0.0002042517273621841	0.00023041104824629596	-0.000344716217071501	-0.00020843096192715545	-2.495832249788174e-05	-0.00010853333401371295	3.9463472632220915e-05	-1.8850988805308098e-05	-0.0	0.0	0.0	0.0	0.0	0.0	0.0	0.0	0.0	0.0	0.0	0.0	0.0	0.0	0.0	0.0	0.0	0.0	0.0	0.0	0.0	0.0	0.0	0.0	0.0	0.0	0.0	0.0	0.0	0.0	0.0	0.0	0.0	0.0	0.0	0.0	0.0	0.0	0.0	0.0	0.0	0.0	0.0
GA37	0.019303220440167808	-0.00011710780406510793	0.003333384359883804	0.0043630787734951	-0.0041726909110283705	-0.0010457274659272772	0.00014906809849618013	0.0021442431592791217	0.00045567708747319924	0.0007998127932615241	0.0004686876130646312	0.0008468954914298826	0.000491966380928459	7.992670736402203e-05	-0.00029059397606815036	-0.0005582009089276409	0.0006942073690441864	-0.00014030181681032514	0.00016892439885927141	-0.0010381698319404558	5.015784582085609e-05	0.0006025395468309	-0.0007251958778062272	-0.0002046510741166626	-0.0002131034590440323	-1.2919525132731732e-05	0.0003122054697404697	-0.00018676791175717175	-0.0002313003245978195	0.00021479810357661022	0.00046089722273080677	-0.00015530032750628962	-0.00017377008075505364	0.000493755872283518	0.00024637303144063995	-0.0001829864806333276	0.00015309377921263176	0.0003255441800222651	-0.0007746978697246922	0.0003018428485375103	0.0002608304993863854	0.00038689575401884736	-0.00011586361919753984	-0.0008774703386657995	-0.0002853913396678109	0.0006103247728362547	-1.954007856093347e-05	-0.0004070659196201053	-0.0006535654478962781	-0.0006446995155028485	-0.0002174749456053489	0.00012145261704396437	0.00020930415896466527	0.00026841311251464545	8.843299256682598e-05	-0.0006907151103803745	-2.4067506456543524e-05	0.00012105303012192619	-0.00020336230612667767	0.0006391986801121379	0.00015720750057117877	-0.00037928488892238267	-0.0004527621112208321	3.7110973703681576e-05	-0.00019494617363231354	-0.0004154321986014235	0.00011097363860077892	-0.0002308654095378297	-0.0007774927987549902	-0.00018966613552340582	-0.00013316543531763576	0.0001966335517331474	-1.843647599177834e-05	-0.0002739652434787903	-0.00010702256075524014	0.0002793153578097936	-0.00012540691391916707	-1.5029775633441882e-05	-0.0	0.0	0.0	0.0	0.0	0.0	0.0	0.0	0.0	0.0	0.0	0.0	0.0	0.0	0.0	0.0	0.0	0.0	0.0	0.0	0.0	0.0	0.0	0.0	0.0	0.0	0.0	0.0	0.0	0.0	0.0	0.0	0.0	0.0	0.0	0.0	0.0	0.0	0.0	0.0	0.0	0.0	0.0
GA39	0.020220239153450104	0.002462563423213542	0.0006512098657900565	0.007093595620209809	-0.0010204957344828772	0.0013116247463814156	-0.0010556967243462584	0.00019992511551972074	-0.00042167726313213963	2.7653943721870782e-05	-0.00035003198779122566	0.00025437757484774473	0.00019635714992774058	-7.084282750537765e-05	-4.1525312745045606e-05	-6.3634936335793166e-06	0.00031113694135627277	-0.0001824105703023062	0.0006314260072317861	-0.00011651790194096253	-0.0004415085422448707	0.0002328326543923195	0.0005825747559374995	-0.0002933047235275129	-0.0004302372559552753	-0.0006073451906252828	0.00021946972607272527	0.0003044491668242811	0.0005674958258399156	0.00043673713128881866	-0.000230642460771247	-8.56989874858635e-05	4.030407556591141e-05	0.0005913653701094899	0.00024188267671703092	9.470651392859114e-06	-0.00031596512031182547	0.0003304540653240204	-0.00017802034935276116	-0.0007407246994033133	0.00038923023701773694	5.40538042652748e-05	0.00013115298676101558	0.00023516264603115736	0.00016578353808383207	0.0001543828985384833	0.00021690972238497328	-0.0001515682993786722	-0.0002735342801529759	-0.0002887924420655329	-0.0011295972746110717	0.0006279187908105632	-0.0001316683286782321	0.00036085733542647833	0.0006581131640897633	5.478976836398295e-05	0.000585936660238042	0.00016503965835045682	-0.0005750438012349987	0.0001460446288588909	-0.00044548069424396364	0.00032951462305825884	2.1421780242619456e-05	0.0003863960496753816	0.000997394399251722	0.0006819353986982772	-0.0004041645935229489	0.0003685354519271068	0.00016392400557101996	-7.240262151561552e-08	-0.00019965508692285623	0.000115076942281901	0.0003512546148085897	0.00020577139725097153	0.00029341264137588025	-5.0794077946676154e-05	-9.665036370021585e-05	0.00016127800745941354	-0.0	0.0	0.0	0.0	0.0	0.0	0.0	0.0	0.0	0.0	0.0	0.0	0.0	0.0	0.0	0.0	0.0	0.0	0.0	0.0	0.0	0.0	0.0	0.0	0.0	0.0	0.0	0.0	0.0	0.0	0.0	0.0	0.0	0.0	0.0	0.0	0.0	0.0	0.0	0.0	0.0	0.0	0.0
GA40	0.058950259805767694	0.0021436919296726584	-0.008261905567659978	-0.0004962169331710719	0.0007138204151905327	-0.0011526813266145085	9.750982597151603e-05	0.0013306251492090657	-0.0002253847826251439	-0.0008259615177051779	7.016150374324698e-05	7.323993844093262e-05	0.000745250218391112	-7.192888276165718e-05	0.0008195837975685604	-0.00014905165638970494	0.00044297985894403	0.001179009212784951	0.000815038603711493	0.0015031731961759893	0.0006563977086443733	0.0005229832179296682	1.96351764723766e-05	-0.0003772725402852938	9.131603135027153e-05	0.00023096625630516203	-5.986243037438839e-05	0.0003205747672045401	-0.0002390406717655644	0.0005654188175694491	2.128594857487201e-05	0.0003868616268022745	0.00015530979171492196	-0.0005745268170515615	0.00022724161185369725	0.00035906104022837324	-0.0003725682999683448	-1.4951432874108242e-05	9.261665772223111e-05	-0.00031415039222304004	-0.0002592445417243103	-0.00015940693152302827	-0.00018825245914596146	-0.00021776196234720907	-0.0003495985625087815	-7.207715202706617e-05	0.0001295768801939608	0.0002111427356860051	-0.0003816778818250637	2.7932386001830078e-05	-0.00010928336424891117	-0.00028450303776646814	0.00011298200158235355	0.00030238135985737584	0.00018576321701371294	-0.00012236203490256174	0.00020019568044830696	-6.352660141969765e-05	0.00023175314043787513	-0.0001565398868540495	0.00018029800086447775	0.00016102260613014573	-0.00027050943896152365	-0.0004243741592744063	0.0002799538992581931	-0.00034841546360987844	-0.0002430455326886447	-0.0002038720647963092	3.263863841415278e-05	-0.00021224139465165636	9.934667645857237e-05	4.8594627947220985e-05	-0.0002683431540438938	0.00018709694022843446	4.577618396397271e-05	5.41373516148244e-05	1.7116945773060606e-05	4.835845472633912e-05	-0.0	0.0	0.0	0.0	0.0	0.0	0.0	0.0	0.0	0.0	0.0	0.0	0.0	0.0	0.0	0.0	0.0	0.0	0.0	0.0	0.0	0.0	0.0	0.0	0.0	0.0	0.0	0.0	0.0	0.0	0.0	0.0	0.0	0.0	0.0	0.0	0.0	0.0	0.0	0.0	0.0	0.0	0.0
GA41	0.009911871589920473	0.0042971868925028075	0.0022718627912202464	0.004536379429219052	-2.4053191036569127e-05	0.0006798780213885367	0.0009489384956401339	-0.0007832995391456692	5.220126521476446e-05	-0.0003263014167120791	-5.402485108125175e-06	0.00045704557379001165	0.0011454482265244499	0.000817892471680821	-0.00033470755618218	-7.002326377023736e-05	0.0004437326350841241	-0.0008940849822461791	0.0006615682387212556	0.0006692329713986649	0.00034707360258389905	-0.0007412670293196858	-6.185045885789638e-05	-0.0009775373188187907	0.00024177656862132816	-0.00021431498301041342	0.0004013949470257777	0.00027006163128213853	-0.00020372144665603683	0.00024234562901851806	-8.911148814883728e-05	3.8218041486561506e-05	0.001334890122914957	0.00016767491136994922	0.0002861990745798853	-0.0007408287117347132	0.0006122037696947572	-0.000518138790655061	-0.0008080942373028701	0.0013018060649859354	-9.507230482512097e-05	0.0009340330399125533	-0.0004371143411762257	-0.0005505125408233217	-9.888518270387929e-05	-0.0011181515625813359	-8.107244422668263e-05	-0.0003206621807034279	-0.00047319897760796206	-2.9583261359208193e-05	-0.0008185656059438204	0.0003499456418364166	-0.0006193270560743364	0.0004791435850792613	-0.0003297798299471348	0.00013162527232931406	0.00015780602042770253	0.00031400073506237494	2.5791584934665934e-05	-0.0007259607477723509	-0.00014346328342809038	-0.0004927157460264038	-0.000782743117417068	0.0004040530410606227	-0.0004095349503255392	0.0001407157290056955	0.00037475916053112724	0.0005289307031665182	0.0003477354313612833	-0.0003766019254139695	0.00027352880093805106	0.00041291571483853415	3.791605166000447e-05	-6.304949584498826e-05	-5.066256703709743e-05	8.892728628844211e-07	1.7197807420256116e-06	-4.105533021014757e-05	-0.0	0.0	0.0	0.0	0.0	0.0	0.0	0.0	0.0	0.0	0.0	0.0	0.0	0.0	0.0	0.0	0.0	0.0	0.0	0.0	0.0	0.0	0.0	0.0	0.0	0.0	0.0	0.0	0.0	0.0	0.0	0.0	0.0	0.0	0.0	0.0	0.0	0.0	0.0	0.0	0.0	0.0	0.0
GA44	-0.014556934054686435	0.006389250843173726	0.002626705243701712	0.00023820712618455948	0.002412462806334791	0.0011079220098799715	-0.00025071730703514396	-0.001011209195216705	2.09214211747906e-05	-0.0001243515598931746	0.0002294702215813146	-0.00058080638962611	-0.00023043618663603534	-5.489363501030406e-06	-0.0010546059284017543	-0.00022883989827521316	-0.00017833863865463953	0.0002737114324850653	-9.67658468977633e-05	0.0003642430977272739	0.0007702998221134177	-0.0001724510523931792	0.000868120669976407	9.500613171316605e-05	0.0005464908949496284	0.0003581694289810955	0.00012227461465236125	-0.0002809854810303737	-0.0008567570212662369	-4.8411804903494985e-05	-0.0003070830566890335	0.0004899877765836588	0.0003959340225543748	-0.0006988074109226526	-5.562893616694478e-05	-0.00031172752045509014	-0.0003511933445075542	-0.00011734511262760297	2.567727643523981e-05	0.0001682908641603606	0.0006667622854566299	-0.0006746279259280366	-0.00023802266134693444	-0.0002694550976768053	0.0007572729861804531	0.0005092998004907754	0.0005355799694809367	-0.0011600996840570926	4.601839017326773e-05	-0.00024581197270693477	0.0006993876625664866	0.0014867460021562838	-0.0007153345695816161	-0.0006072071622857307	0.00013848235263290014	0.0004862465241685736	0.00026552575971250625	-1.5384787839064112e-05	-0.0008567211377085729	-0.00019427281232401334	-0.00048408404890639914	1.9831888334090424e-05	0.00043766440847366786	0.0003049537747528869	-0.00025466192652273814	-0.0002118399298928976	0.0001521231402227149	0.00036067537279291256	-0.00015233669394611304	0.00011673189646359683	-0.0002467258071016766	-0.0005415387752685883	0.0001395501413931554	-5.478891675297727e-05	-0.00020631115754741406	5.9998345768762814e-05	1.6189299621040256e-05	2.48924547128731e-05	-0.0	0.0	0.0	0.0	0.0	0.0	0.0	0.0	0.0	0.0	0.0	0.0	0.0	0.0	0.0	0.0	0.0	0.0	0.0	0.0	0.0	0.0	0.0	0.0	0.0	0.0	0.0	0.0	0.0	0.0	0.0	0.0	0.0	0.0	0.0	0.0	0.0	0.0	0.0	0.0	0.0	0.0	0.0
GA45	-0.02331098685375513	-0.009652820267505403	0.03408317454937474	-0.007827933965316015	0.016168889825972962	0.005586218825366981	0.01633607139715858	0.005765637047604084	-0.002906406112326703	0.0017791712187269595	0.0010668856686703381	0.002225850870709242	-0.0008319337909720246	0.00042722636225269947	-0.0005155328926233879	0.0007789247047308905	0.00014888759954224408	0.00029625268694238985	-5.529471353121908e-05	0.00039702810256981083	-0.00040086731742938693	0.0001346943133021825	-0.00011130255082988523	9.029036262478325e-05	-0.00011044869202731559	-0.0001491115585393356	6.828700761850395e-05	-4.963123419256527e-05	-1.1799674015502452e-05	-4.2709441288118007e-05	-2.9276569117006172e-05	2.014485784175969e-05	5.391044568518395e-06	4.609879691778187e-05	-0.00015095202609911496	0.00011374998050080683	-2.5534006460253208e-06	-3.225103841528165e-05	3.3949001352863835e-05	-0.00011328414525662027	1.2471822749306738e-05	-4.178302669307827e-05	2.9137901188932898e-05	-5.7148789519371723e-05	-4.304393435201486e-05	-1.9734796155924077e-05	-4.9784888707906416e-05	5.144684721908155e-05	-9.988310836630403e-05	3.1368015018644445e-05	-3.988961639542667e-05	-8.574723448720563e-05	4.7205377956845576e-05	-6.34988683247283e-05	2.387672397442788e-05	-3.211675573195757e-05	5.2149106632203735e-06	3.7839472243283905e-06	-2.29693155010235e-05	-3.835818159905353e-05	-2.1988373589014986e-05	8.577134801586807e-05	-1.8261446695258128e-05	-6.664953003752412e-05	2.081129967793946e-05	7.747860677615785e-06	-7.110739402072665e-06	4.9766980475587036e-05	-4.55761418587618e-06	2.2849175481478345e-05	6.46939172910671e-06	1.033199631362756e-05	8.967507268017705e-06	3.5557963307392407e-06	-3.651854365851604e-05	-2.1211439389962976e-05	8.867281629698703e-06	-1.139305460451421e-05	-0.0	0.0	0.0	0.0	0.0	0.0	0.0	0.0	0.0	0.0	0.0	0.0	0.0	0.0	0.0	0.0	0.0	0.0	0.0	0.0	0.0	0.0	0.0	0.0	0.0	0.0	0.0	0.0	0.0	0.0	0.0	0.0	0.0	0.0	0.0	0.0	0.0	0.0	0.0	0.0	0.0	0.0	0.0
GA5	-0.05607976679729569	0.0003172172618419161	-0.006773898454173491	0.00020588468737271363	0.0007413228709595104	-0.0005633882528603263	-0.0014452968461022197	0.0009214570445385647	-8.132655321201659e-05	0.00024135901337828426	3.9079413308825115e-05	0.0001611788559277324	0.0012649626040249697	1.4993668574969093e-05	5.7197066086907697e-05	-2.586858557567903e-06	-0.0005665272573608377	0.00034977387348649846	0.0009727314423362477	0.0010294487785344935	-3.769271875290339e-05	0.0017981450959026655	-0.0011443663469868218	-4.824367426041029e-05	0.001230002198520475	0.0008942778216611514	-0.0017924777357144813	-0.0006865652238596055	-0.000373944139146339	-0.0007117030012016463	-0.0010461596660124339	-0.0007669535953410468	0.00035355621874251145	0.0005128877545648644	0.0005595371265235559	3.8363878682696264e-05	-0.0005184414440087907	0.0006004126264180001	-0.00019650836289951854	-0.0005607668901287255	-0.0006864134855661156	-0.00018542753205897592	-0.0005602381826593765	1.9955877718239382e-05	3.6257987914389173e-06	0.0002756335553852018	0.0005447913088703876	0.0005078951859702765	-0.00017225640711614513	0.0008359462943132953	-0.00016649801776109682	-0.00018689634627696357	-0.000389650361387468	-0.0001876804965896664	-0.0004797425296264014	0.0001045901557375356	-4.2434765009108735e-05	0.0005416251485532109	-0.0007115948595044899	2.079308920166753e-06	0.00014015780346598016	-0.0004895733561629175	0.00010956383387986679	0.00025886891572033093	0.0005408060366385704	-3.794318103099357e-05	-1.5990778226807847e-05	-2.2516205814243208e-05	0.00024672483559852454	0.00024895291999274446	-0.00011403723270261269	8.77194957088885e-05	-0.00019031821788869087	-0.0001445548392018968	-0.0001073902988349594	4.150821646973691e-06	-2.016591112217124e-05	-8.348167601527713e-05	-0.0	0.0	0.0	0.0	0.0	0.0	0.0	0.0	0.0	0.0	0.0	0.0	0.0	0.0	0.0	0.0	0.0	0.0	0.0	0.0	0.0	0.0	0.0	0.0	0.0	0.0	0.0	0.0	0.0	0.0	0.0	0.0	0.0	0.0	0.0	0.0	0.0	0.0	0.0	0.0	0.0	0.0	0.0
GA58	-0.034655913021264535	-0.009231508802408655	0.011095832882353706	-0.01297510557061578	-0.0018850951883810122	0.008580639411329026	-0.006265900699491701	0.0014518707087874689	0.002612358936588178	-0.0013277875519552844	-0.0014613209037568533	0.0037402102518940307	0.0014365226600041184	-0.0022695674949698664	0.0021539495283479284	0.0007055663966131515	-0.0010922694274249818	-0.0007624375736290626	0.00011062461808817597	-0.0006888384496637547	0.00015489213540980564	0.00012007005891405004	0.0006729094732559012	-0.00011681889075451583	-0.00015633645169125114	0.00037939684066808576	-0.00042821547266062463	0.0002710193983817019	6.153309735398292e-05	-0.0001865886667235431	-2.773348017622891e-05	-0.00032494392110244454	1.9995413766873355e-05	-3.063158191590621e-05	-5.409932177109295e-05	-0.0004560448601247884	0.00014654652596302083	0.00025887648102121256	-0.00013275284736687267	9.899815614549838e-05	0.0001319254005783199	-0.00010146606591750466	3.857164931837967e-05	3.9829561490944364e-05	-0.0002740419710400684	0.00011136370061863652	0.00016987244843072124	-0.0002060084821822178	0.00011710337454499531	-0.0002715776786804549	1.6769797467489332e-06	4.975343433368413e-05	-8.028650094535303e-05	1.595782190122794e-05	-3.4109578774383456e-05	-3.940725861026284e-05	-0.00020522661524761585	-4.696398765529787e-05	7.112755341190896e-05	0.00011085371822257635	1.2444368504007704e-05	-7.504387561774466e-05	8.152767204019774e-05	-8.020828788581435e-05	1.5412001448530397e-05	5.069219744098488e-05	-0.00011474463293565728	-6.709281096439258e-05	3.5203061474344056e-05	-0.0001144667533591781	3.3946864914769454e-05	-6.395156648865539e-06	4.286972473411426e-05	0.00011981500798884504	1.675724380771428e-05	1.922733287546325e-06	-3.0439608470830054e-06	6.369671711749036e-06	-0.0	0.0	0.0	0.0	0.0	0.0	0.0	0.0	0.0	0.0	0.0	0.0	0.0	0.0	0.0	0.0	0.0	0.0	0.0	0.0	0.0	0.0	0.0	0.0	0.0	0.0	0.0	0.0	0.0	0.0	0.0	0.0	0.0	0.0	0.0	0.0	0.0	0.0	0.0	0.0	0.0	0.0	0.0
GA59	-0.03498061041193731	-0.008431251201190038	0.018332387569075497	-0.015119162790279845	0.0017269654703220944	0.006178797830879456	-0.008861337383055775	0.0018905422715396233	-0.003380651354767323	-0.00036457668439793516	0.00038779277197863724	-0.0046639849624397775	0.0011897400086284809	0.004190585835589595	-0.0012865027407847841	-0.0012784353181211731	0.001011152576979157	-3.711959615055195e-05	-0.0013286121245711074	-0.0003989444598436109	0.00028555445325960843	-0.0004175084770484787	-0.00031832094107886525	0.00014084377301199372	0.00032087535414354916	-0.000129521945885369	6.570221286996176e-05	-0.00021109584712558107	-0.000271781626842129	0.00014730488480517624	6.59864007794793e-05	0.00012423770775241052	1.89723544444412e-05	-6.179724673222251e-05	0.00030380539670117927	0.00020552686344182716	-0.00018383821051320585	-1.1507184604993207e-06	3.4738770765048064e-05	-7.496920467076142e-05	-0.000234469707332314	0.00020353389042241895	-0.0001219441114644363	-0.0001560133480212529	0.00024939414894381166	-3.611934022867712e-05	-8.077885892320187e-05	0.00021127111237888941	1.0607820276450934e-05	0.00034270168691950066	2.221141133278813e-05	2.2630211903000228e-05	1.608128929498799e-05	4.187143518842054e-05	-1.389255460643877e-05	-6.729265762626428e-06	0.00020009844609387842	-0.00015790753496753885	1.0698011491786362e-05	-0.00021978708069241172	5.409092861640253e-05	5.177543707100675e-05	-0.00016195470443094282	7.48153348229156e-05	1.1766637865634243e-05	-4.373697297220316e-05	4.417542218387549e-05	-6.861371746310507e-06	-7.518161303056928e-05	9.160513793827735e-05	-9.497225922225564e-06	1.718179544544025e-05	-7.02508811536504e-05	-9.161149389818755e-05	-4.3511604702698e-06	-2.189259482772327e-05	-1.359124376095321e-05	-2.163689128395986e-06	-0.0	0.0	0.0	0.0	0.0	0.0	0.0	0.0	0.0	0.0	0.0	0.0	0.0	0.0	0.0	0.0	0.0	0.0	0.0	0.0	0.0	0.0	0.0	0.0	0.0	0.0	0.0	0.0	0.0	0.0	0.0	0.0	0.0	0.0	0.0	0.0	0.0	0.0	0.0	0.0	0.0	0.0	0.0
GA60	0.02827319161099625	-0.0028983743555846832	0.0022649144385019806	0.003855199975332306	-0.004401734242586725	-0.0011641066369933763	-0.00036546448453444726	0.0023626884056073528	0.000549832520796684	0.0015057688209284285	0.0007029577681062188	0.0006388374224349342	-0.0003213723177837112	-0.00017084913836965806	0.0003568431128395532	0.00011232824499560631	-0.00030496808259349533	0.00017529120144986785	8.794997569112964e-05	-0.000246609691157791	-0.00013841590804003492	-0.00044610076543335597	-5.12316420652112e-05	-0.00020061525682890836	0.00045549684383885643	-0.0002430988247835497	-0.0001009985956134457	0.00035342084937044384	-0.0005701822327933731	0.000108942124536514	0.0005420315050824853	-3.2581480882513855e-05	-0.0001055287476807811	-0.00021542463514487233	2.876663488313083e-05	0.00022946753196260704	-0.00013469031240386574	2.493868160115895e-05	0.0004177685633420454	0.00015943894372351283	5.9569378178132864e-05	-2.030809834269989e-05	0.0004970938237331346	-7.748293335779774e-05	0.00032023149558712535	-0.0003908660284322889	0.00032845844211094237	0.000578481147182998	0.00014681331043332684	0.0007746864968152595	-5.757432448782528e-06	0.0003449097762801866	-0.0002702173730144161	0.00010634347060110735	5.176857971278762e-05	0.00043889647876146426	0.0005614763525195719	-0.00021305411134766	0.0003658754618111819	-0.0006867227583658198	1.9776587491061844e-06	0.0003646785271271888	-0.0001613844156303354	0.0002830550788365063	0.0007443251062601386	-0.0003440894734316433	-0.00013967815897355964	0.0001262009804196967	0.000277837891985476	-0.00011131110216184882	0.00017789719496058478	-0.0003264004116292467	-0.0005238796231516426	0.00019800999904248122	0.00011383088198348765	0.0001779576040761495	-4.3105739499413075e-05	-3.4953444647018155e-05	-0.0	0.0	0.0	0.0	0.0	0.0	0.0	0.0	0.0	0.0	0.0	0.0	0.0	0.0	0.0	0.0	0.0	0.0	0.0	0.0	0.0	0.0	0.0	0.0	0.0	0.0	0.0	0.0	0.0	0.0	0.0	0.0	0.0	0.0	0.0	0.0	0.0	0.0	0.0	0.0	0.0	0.0	0.0
GA63	-0.010841671601621144	-0.0015997664098027294	0.011828521556651317	-0.006071676794358668	-0.002418677314678234	0.0012733336975080836	0.0016780738419486655	-0.0027122060738630814	0.003528567935987111	0.001499384191448113	0.001825838134616584	-0.0020573955225617778	0.0003832322973473135	-0.0012455975688834872	-0.0006725894706865259	-0.0007828835690868827	-0.0009453974204629564	-0.002370762046905151	0.002098627099137967	-0.00014218298329589127	0.00040641389492688347	-0.0018045372608153725	-0.0012407323363087047	6.041624216621531e-05	-0.0008337860877274731	8.930488453226952e-05	-3.838902685377159e-05	-0.0002736307582873529	0.0004749051963334147	0.0003411381233787463	1.7996773541831262e-05	-0.00011656052584791309	-2.934539719016463e-05	-9.656675434781087e-05	-0.00031894578770244695	0.0008345389624754163	-2.2692658944356354e-05	0.0010278039294611238	-0.00028853053597427517	-0.00023774492342484992	6.048492981964102e-05	8.233921512257137e-06	0.0005127473609886635	-0.0005556420446712887	-0.00016713442002895846	7.264752194265405e-05	0.00018260539915587197	0.0003958026402748316	-5.8891698511612215e-05	0.0004916802578788468	-0.0002341774567344618	-6.264121195794265e-05	0.00011457863288006091	-8.492273789137021e-05	0.0001279154006703526	0.0001540469907414603	-0.00037088119571179143	0.0004416504067025057	9.824968891509809e-05	-0.00014991645393530264	9.975339970605824e-05	-3.343810440444247e-05	0.00038541003364403166	-0.00037999640275098486	-7.549177414262575e-05	-0.00020850797776419687	-4.751161550937062e-05	0.0002322008896472413	0.00011012181921155207	0.00012635718402018324	-0.0001939205915145126	-1.7603517129099126e-05	0.00018117805982823993	-8.42782181558407e-05	-1.8638833378672464e-05	-3.58203561300034e-05	3.488848308242945e-06	4.384432769079553e-05	-0.0	0.0	0.0	0.0	0.0	0.0	0.0	0.0	0.0	0.0	0.0	0.0	0.0	0.0	0.0	0.0	0.0	0.0	0.0	0.0	0.0	0.0	0.0	0.0	0.0	0.0	0.0	0.0	0.0	0.0	0.0	0.0	0.0	0.0	0.0	0.0	0.0	0.0	0.0	0.0	0.0	0.0	0.0
GA65	0.05878209018162422	0.002682217002459221	-0.008864994879480283	0.0002823979922569607	0.0015848265797022282	-0.0004989888145569727	-0.00012385954304274435	0.0020777565031586467	-0.00018311840532222022	-0.0008243512231848405	-0.0005211386865836271	-0.00033366955569201484	0.0009188553185595291	-9.387592777837361e-05	-0.0003265432594657832	0.0008047944750999473	-1.163124726665959e-05	-0.0001773658121614927	0.00030515650105850887	0.000257676097451438	0.00028004504396607734	0.0003966179694846122	-4.672532443398445e-05	0.00015346406746853225	-0.0005059367170596231	-0.00041857063146651276	2.1759193453646185e-05	-0.0004911259951650877	0.00020580409188068727	-0.00041208806804701346	0.00042601429133984857	-0.00033900186289580945	0.00029258874135482235	0.0005426418710504673	-0.0001493126921063775	2.8213363401887757e-05	-0.00022215452988367954	0.0003603917290511537	0.0002548375999668926	2.241893837219272e-05	-0.00020574542649675465	-0.0002830926748742594	1.6965593672090398e-05	-0.000183303082930174	-1.709220575785285e-05	-6.986112078908353e-05	-0.00010587063329624451	0.0002561683113766087	-0.000252515405022721	-0.0003741589164522955	-0.0002452638078692062	8.568365307714473e-05	-1.2500001742310381e-05	-0.0005948092053553569	-0.00026020133758410894	0.00011450048703929296	0.00011022868010379429	2.2151451919757545e-05	4.206408488394785e-06	-0.0002157407007914075	8.28395601269562e-05	-3.4391345969612215e-05	-0.00014706352959987427	-3.574222802345067e-05	0.00026884807720757695	8.497829516422415e-06	0.0002094995447667223	-0.00022310944430023607	-0.0001332363220873939	0.00024259099361083138	0.00014781899949063725	1.2957784897454953e-05	-0.0001775185780719497	-0.00034995512663826297	7.150271388564474e-05	0.00032866250414631483	0.00023861125050731553	0.0001426381051412604	-0.0	0.0	0.0	0.0	0.0	0.0	0.0	0.0	0.0	0.0	0.0	0.0	0.0	0.0	0.0	0.0	0.0	0.0	0.0	0.0	0.0	0.0	0.0	0.0	0.0	0.0	0.0	0.0	0.0	0.0	0.0	0.0	0.0	0.0	0.0	0.0	0.0	0.0	0.0	0.0	0.0	0.0	0.0
GA67	0.059189526313838836	0.003585218333396623	-0.009821865168204115	0.001721341682887648	0.0032276255756366564	0.0009484161181716901	-0.00023736529408282514	-0.00035589190967092284	-0.0012210738157626983	-0.0005611397806532522	-8.344345229098584e-05	-0.00027001344870313405	0.0006476720267138304	-0.0009286122048590276	-0.0008547746631507249	0.0006889518392827074	0.0006571351601818444	-0.00011581964099757915	0.000679555772544195	-0.00022722215838107617	0.00024315715328370943	0.00015006936919994328	4.39643148660591e-05	-0.00010591516261216461	0.0003449751153671121	-0.00036575688921096426	-0.0006904251582940825	-4.223826348686166e-05	-0.0006618679879091904	-9.074291217140656e-05	-0.000108963137069368	-0.0006059019208379872	0.0009745117442107566	8.40582803714417e-05	-5.1400703250363267e-05	4.757136751706118e-05	-0.0003341185603595503	-0.0003624324054399376	4.342829386839989e-05	8.59592586101181e-05	0.00012420371800563355	0.00021899368453934292	-0.0004513502883039423	0.00024324537532785618	0.00010535935676020264	0.00027596773727689	0.00043668637085284153	0.00013599332371653537	-0.00025797919419463995	-0.00012743536361733493	-6.440067701361372e-05	8.519873665641693e-05	-0.00028383179472774977	0.00012172316093603331	-3.660793172194461e-05	0.00017991720861065369	0.0004000225074030387	-1.9147456918329898e-05	0.00028962154039598013	0.00021048014176201524	-0.00019129829059731003	0.0002055748082543648	0.00010221547533158568	0.00036317785071563624	-0.00019032797065015328	-4.563021480055077e-05	9.29878705053169e-05	-0.00016995060909184753	2.9043257729965044e-06	0.00010572698549549157	5.285893747378272e-05	7.029581249762334e-05	-0.00015004610242282687	-0.00010178574817179935	0.00011761048459435285	-0.00029965336082451576	-9.745001680429359e-05	-7.132417569579019e-05	-0.0	0.0	0.0	0.0	0.0	0.0	0.0	0.0	0.0	0.0	0.0	0.0	0.0	0.0	0.0	0.0	0.0	0.0	0.0	0.0	0.0	0.0	0.0	0.0	0.0	0.0	0.0	0.0	0.0	0.0	0.0	0.0	0.0	0.0	0.0	0.0	0.0	0.0	0.0	0.0	0.0	0.0	0.0
GA7	-0.05819335860015323	-0.0004079747945630921	-0.007218603728865148	-8.864759843546603e-06	0.0003531663865682841	-0.0011809967497784192	-0.0010845249719760865	0.000885368943060775	-0.0003360033552197582	-0.0002124082609630197	-0.00035176480960623385	0.0007263463479987119	0.0007729112960058143	0.0015585164660884968	-0.0007015141863356423	-0.0008176258394426135	0.001202848404616488	0.00013529653846899942	0.002295846873415024	-0.0011738415613198286	0.0006544729491233495	0.0014430922538503723	0.0024758753556621883	-0.0009413345937981678	-0.0023617706440917257	-0.00018419333003560673	-0.0006697724398436339	-0.00019335082409539125	0.0005555224558009348	0.0003479581463467327	0.0006071393126144657	-0.0003745114971068029	-0.00023789989255433946	0.0005121230339239256	-0.001051615559218662	0.0001225257221346344	-5.2959598744697206e-05	0.00031561131949456555	8.821799473127959e-05	-0.0003124079237446705	0.0002571295716907253	-0.0001452243654587025	0.00022954449226654023	-7.195425323636835e-05	-1.0184100566519203e-05	-0.0002879589135487335	0.00024114285446577533	0.00017126763380077248	0.0005319719406925686	0.0003892199734788309	-0.00048068065010535354	0.00041129390439792533	0.0004736458159573025	0.0001140051481221519	9.345812337229723e-05	-9.09229777680416e-05	-0.00016499087825713456	-0.00020448405445539966	0.000285368977325079	-0.0002749665706730727	4.260394625136184e-05	-5.357748097729063e-05	-3.567063714514887e-05	0.0002116879159468242	-0.00035185544459410566	-0.00020223602376394793	0.00024155823633960645	0.00010640474043554733	-6.60080511970536e-05	3.831687739453948e-05	0.00012625770211414214	-2.731206377042696e-05	9.125487175785222e-05	-3.0668115268049464e-05	-1.5531654310967902e-05	-8.813134130116322e-05	0.0001352160160707028	-3.8403147084074004e-05	-0.0	0.0	0.0	0.0	0.0	0.0	0.0	0.0	0.0	0.0	0.0	0.0	0.0	0.0	0.0	0.0	0.0	0.0	0.0	0.0	0.0	0.0	0.0	0.0	0.0	0.0	0.0	0.0	0.0	0.0	0.0	0.0	0.0	0.0	0.0	0.0	0.0	0.0	0.0	0.0	0.0	0.0	0.0
GA71	-0.02125247950478946	0.00236729999966165	0.005231352556940932	-0.003946548612944823	-0.0023352944847288104	-0.0022635444574274836	-0.000226790185647339	0.002562856370368575	0.00014399664142108248	0.0010938736163893833	0.0007733276456384295	-0.00030027861452284164	-9.041974203660191e-05	-0.0006383814898903418	0.000979223383677606	-0.0015914448600646337	-0.0005303375570045899	0.000398926126042201	-0.000841477738364709	0.0006390451804313195	-7.85396784773099e-05	-0.0008475757408073906	0.000681631584195896	0.00030123418122121164	0.0002949177779300281	-0.0019453702005473776	-0.0005345039249882475	-0.001631774379526363	-0.0011877498973936421	-1.7197125326469066e-05	-4.135749166110082e-05	0.0005554140273832906	-0.0010726304549338315	0.0001729640915966626	-0.00017580612914136669	-0.00043788120698159315	-0.0004823637035079287	0.0009282871566810066	-0.0003903588526532243	4.340001160608172e-05	-0.00024513674954751	-0.0012379172696319802	-0.000335701081480711	0.00023701368704510592	-0.00020247721263940663	-0.000507444614434993	0.0006100050160021186	-0.0004594659833845033	-4.358862411152028e-05	-0.00012427398501653426	-0.00031299014269342866	2.0860395906299504e-05	-0.0008343576486996735	0.00038609395333682214	0.00014044188107533413	0.00017692719318393777	-0.0001752483494811644	5.010867522821372e-06	0.0009239868765997258	0.0003179401682167091	-1.8145256003341728e-05	0.00028906224563073914	-0.0002293661889467342	0.00029907910335633873	-0.00023190583532801197	-6.38277612247908e-05	-0.0003614270956372902	3.020330628235361e-05	2.1646034633359547e-05	0.00031844550576177495	0.00012625053124971623	0.0002818384966870567	0.00020701560004790555	-5.4441694922351796e-05	-0.00010922126120909867	7.817610167881284e-05	2.8210906592710086e-05	-4.007394141047112e-05	-0.0	0.0	0.0	0.0	0.0	0.0	0.0	0.0	0.0	0.0	0.0	0.0	0.0	0.0	0.0	0.0	0.0	0.0	0.0	0.0	0.0	0.0	0.0	0.0	0.0	0.0	0.0	0.0	0.0	0.0	0.0	0.0	0.0	0.0	0.0	0.0	0.0	0.0	0.0	0.0	0.0	0.0	0.0
GA72	0.0072420446261578664	-0.004652493844994255	0.05404727776255318	0.02732601309327472	-0.018140396027590988	0.0005417386364902762	-0.0040420564396494735	0.0018294095668484008	-0.0004110290328151047	-3.0241451659095185e-05	8.20210951655492e-05	0.00010654161671709156	-0.00017499311733305546	-0.0003738596429950967	-0.0001911372262122062	-3.409077246357095e-05	-6.389592651231218e-05	0.0001190276517021141	9.58206593222513e-05	1.857519101111756e-05	-8.06385914413956e-05	3.389837462663244e-05	-4.851215947021055e-06	5.093842588528999e-06	-2.3529879293298513e-05	-4.040095525765702e-05	9.090880555083515e-05	2.3579037258519743e-06	-7.693948481247382e-06	7.255856397327581e-05	5.7700886892510716e-06	2.0605258835011438e-05	-1.4029144216425395e-05	3.06141482068206e-05	-3.21145752683536e-05	3.738491487752565e-05	-5.36292817230371e-06	5.604263967183338e-06	3.378508887755157e-05	-2.4272062511873452e-05	-2.01621960335968e-05	-1.591659217018912e-05	-1.0987295261353261e-05	2.2714124108080634e-05	-6.61307586452507e-06	1.347892790427142e-05	-7.5699764668382885e-06	1.268442486596558e-05	6.770287277814753e-07	1.9009334418957977e-05	-3.046030319082276e-05	-2.8205747254430952e-05	-5.782048038601404e-06	-1.6784242672078213e-05	3.0846520118213475e-05	-1.5588535801646995e-05	-2.095104276021773e-05	2.399444549799555e-05	-2.6121639191803595e-05	-1.863301337523952e-05	2.262252624792471e-06	1.3700005866041034e-05	1.0177026334538297e-05	-8.200433543091417e-06	-9.91254827008467e-06	3.233794505994597e-06	1.527671083261631e-05	-9.692342003284518e-06	-2.0136718995078734e-06	1.4293952104073423e-05	-6.5455530111452e-06	1.7386146112619847e-06	1.7893379469062292e-05	4.5265859546681655e-06	-1.0584792625829804e-05	-1.6225906504006878e-06	-1.0581210387076039e-06	-2.9579208808962983e-07	-0.0	0.0	0.0	0.0	0.0	0.0	0.0	0.0	0.0	0.0	0.0	0.0	0.0	0.0	0.0	0.0	0.0	0.0	0.0	0.0	0.0	0.0	0.0	0.0	0.0	0.0	0.0	0.0	0.0	0.0	0.0	0.0	0.0	0.0	0.0	0.0	0.0	0.0	0.0	0.0	0.0	0.0	0.0
GA76	-0.030470617885072427	0.004124195766262792	0.001509485859713387	-0.001354018771883895	-0.0005195610951761457	0.00028679867660513856	-0.0007583492491219978	0.0027555686789645785	-0.0014301963845897822	-5.9759499444596406e-05	-0.0004908770442419238	-0.00031851531860594545	0.0004653429900413097	9.809059980868847e-05	-0.0007332893661284703	-0.0003827853231385105	-0.00022425474696755317	0.0004179931108962358	0.0007146020192511492	-0.00131090736054406	-0.0006155368987276309	0.0008358892997120806	-0.0013690386731184537	0.000604812272645942	-0.0005524980769101837	-0.000317564481341054	0.0001975919618153386	0.0003422345608870839	2.9976748525381898e-05	-0.00042922312848225755	-6.875476669366292e-05	-0.0008072515172003141	-0.0007092578428900771	0.0010555018004122447	-0.0004733121565459571	0.0002620796612391582	0.0006600718667528442	-0.000879658457973241	-0.00018258030177423597	0.0012247454219257781	0.0007187064370305366	-0.0007484861972223017	0.0001666805784772906	5.879248401140685e-05	0.0007714866227693376	0.0004227958258671289	-0.0001380600101620906	-0.000291570572937291	0.0004838250388484697	-0.0001700750015591092	0.0007019632804724414	-8.224971413227433e-05	-0.000775954059994966	0.0010554452494645503	-0.00021320367704406502	-4.255440314495619e-05	4.357826740148276e-05	-0.00039353770726724516	-0.0003976978213729772	0.00033752918074299873	0.00021211826398324617	-0.0001197102330040873	-4.094668139857181e-05	-0.0001836624411317811	0.00014207511797622864	0.00023418207803313498	-0.00021020602351509132	-0.00010276483558956491	0.0004970717044655403	0.0002539940916438295	5.4252580475454055e-05	0.00017253866495956985	-5.7122513183132355e-05	0.0001382493104102161	-1.0822353102517481e-06	0.00012577318136535576	4.148017615751656e-05	-5.1296079983184265e-05	-0.0	0.0	0.0	0.0	0.0	0.0	0.0	0.0	0.0	0.0	0.0	0.0	0.0	0.0	0.0	0.0	0.0	0.0	0.0	0.0	0.0	0.0	0.0	0.0	0.0	0.0	0.0	0.0	0.0	0.0	0.0	0.0	0.0	0.0	0.0	0.0	0.0	0.0	0.0	0.0	0.0	0.0	0.0
GA77	0.057976879166133956	-0.0008327104826150236	-0.005186389926508746	-0.0033069215065635624	-0.00205645481097693	-0.0027607459976944156	0.0008046861127528412	0.0016577900190780947	0.0005818924086105682	0.0004797829879330755	0.0015301806280950368	0.0010065675862471724	-0.0003049136597187552	-0.00017066925590470297	0.0005822899622365686	-0.002054286944791198	0.0007392817555317104	0.000936514808456802	0.000467590950375027	-0.00042450508274217226	0.00031628698696001934	0.0004700655524734057	-0.0005959948718981586	0.0004972102156424114	-0.0009885134873729837	-0.00023968563556236959	0.0005211882804292761	0.00010534893104642887	-0.000170352656824707	0.00024085112224481636	-0.00013083899379809995	-0.0001769207174421801	-4.562535415214449e-05	0.00036401653176308614	-0.00023114246265988744	-0.00012293337077468028	0.0003048728742961808	-0.00023779075213048022	-0.0002217853463400243	0.00016903833935644587	0.0002404172611074318	-0.00030194679672740273	-9.159012866663249e-05	-1.9755109954533203e-05	-6.582653669944627e-05	0.00021130151498397092	4.1329932226408166e-05	0.00019343215711028184	0.0004704082362926149	0.0001846972819161699	0.0001633304569860578	2.6718715844562403e-05	-0.0002678737954357677	-0.000303637124928869	0.00020185250853293563	-0.0003250391099189614	0.00018887109400604932	-2.51534235558282e-05	0.00014526758243412543	-0.00014622598244641262	-0.00043152908648020813	0.00027180978494917854	-5.949390910850936e-05	1.83137355410358e-05	-0.00029921451815757095	0.00027097086370469554	0.00010058228125902899	-0.00011687622299940529	-0.00012101779596618157	-0.00021873912696205967	4.116585318140137e-05	-0.0002599473500258366	0.00020737027438452263	-0.00012005152807561514	-8.011172348722146e-05	-5.083847345639005e-05	2.1795018880761636e-05	-1.7529429711698347e-05	-0.0	0.0	0.0	0.0	0.0	0.0	0.0	0.0	0.0	0.0	0.0	0.0	0.0	0.0	0.0	0.0	0.0	0.0	0.0	0.0	0.0	0.0	0.0	0.0	0.0	0.0	0.0	0.0	0.0	0.0	0.0	0.0	0.0	0.0	0.0	0.0	0.0	0.0	0.0	0.0	0.0	0.0	0.0
GA79	0.059064735158256686	0.004105858006389698	-0.010762273860602805	0.0033399989893121763	0.004955822881258752	0.0026133568648469383	-0.0016104073870024313	-0.0030434107984337122	-0.00041702282900457936	0.0009394050543220665	0.0011747196075391395	0.0005183009773809919	-0.0011602243477275113	-0.0002946252414075963	0.0002568105182467027	-0.000274777338853837	-7.111890786207346e-05	0.0007650603118185205	-0.0005943845871126511	-0.00010048032358205582	0.00014059940508079867	-2.3982567193508844e-05	-3.4735159908438215e-05	-9.406194800514757e-06	-0.0002802922398906375	-0.00023914075215022073	-7.108696843456245e-05	0.000283103303189619	0.0001640688040811141	-7.264056368707454e-06	-0.0003903896982270558	0.00011960779574814763	-2.6969589476840237e-05	-6.426841037326384e-05	-0.00029545484546786505	-6.595706322468432e-05	7.5398202769044335e-06	-0.00011363474306819059	-0.00010725738135227523	0.00021079668185133385	-0.00039519208529514046	-0.0002725951158227442	-0.00015737897888584303	0.00023614582186279852	-0.00030972508426480635	7.408067510970167e-05	-0.0002791670366781429	-9.718948041637315e-06	-6.728832440190774e-05	0.0001585475474717083	-9.917776205056221e-05	0.00015891203265111414	0.0005297308250067698	-9.283610363288488e-05	-0.00019380709198318024	0.00012892939243412517	4.4723598671742726e-05	-0.0001699739382313338	0.00027068132982739943	-4.130051669012774e-05	0.00013447500826927814	-0.0003390456997111906	-0.00010728455149513017	0.00010145808440075078	-0.00015843141986750193	-0.00015083346528682845	-0.00011334687394049706	-0.00010335034042055206	0.00010213007604543418	-0.0001362848925510318	-0.00015303654986050026	-0.00017564451953949384	0.00021098741508293828	0.00012300919335080738	0.00015412832530032543	6.387808286323144e-05	5.503878526783192e-05	-7.371918376696352e-05	-0.0	0.0	0.0	0.0	0.0	0.0	0.0	0.0	0.0	0.0	0.0	0.0	0.0	0.0	0.0	0.0	0.0	0.0	0.0	0.0	0.0	0.0	0.0	0.0	0.0	0.0	0.0	0.0	0.0	0.0	0.0	0.0	0.0	0.0	0.0	0.0	0.0	0.0	0.0	0.0	0.0	0.0	0.0
GA82	0.00777806036457698	0.002321295810216389	0.003869485555520773	0.0026392723501187515	-0.0015323850171665029	-0.002121572491836243	0.0017200307162444802	0.0007716532061483222	0.0019427606437779446	-0.0018594755637837627	-0.0007155339014598926	0.0005321173674369472	-2.449111187940533e-05	0.0018209366037825587	-0.00015908628535331686	0.00030093914620204544	0.0003108635599587058	-0.0005082569351036403	-0.0010460722599880572	-0.0004214404137642818	-0.000358963962524721	0.0007029049925451197	-0.0010295873180881014	0.0008444866473812711	8.690743873506403e-05	-0.0004286877061416122	-0.00024041373742082566	-0.00023353834083239387	0.0001159852300929956	-0.00014595429315515155	-0.0002751974512628809	-0.0005113578154415834	-0.0005347273674731285	-0.001010752499210832	0.00027761062874259105	0.0011316871617158507	-0.0010727021582703595	6.799744360411313e-05	-0.0002866302307862808	-0.00016768163511787494	0.0007583896412461499	0.00022436679015487937	-0.00033074812263400886	0.0003265012838541793	-0.0005804775250506849	1.586500914911334e-05	0.00029121143483174335	-0.0005108997543847438	-0.000529024475804676	-0.0002604775212420925	-0.0006585453662654683	0.0006168998648072662	0.0005536249296727093	0.0005376526066310388	-0.0006562082856695621	0.0005027866587067613	-0.0006698358784111232	2.2527533934777464e-05	-6.70379769948854e-05	-0.0004130372884345794	-9.55590350772294e-05	0.0003738191869205409	-2.3255703394373305e-05	-0.0004654689162706606	3.929000761636585e-05	-3.1893345947577166e-05	-0.00019809839447119417	-8.451487663295871e-05	-0.0001143011902180005	-2.644340331993177e-06	0.00030646821272418875	-0.00013477650947048866	0.00015458839639725415	5.985929387889128e-05	6.563213015571552e-05	-0.00022270694531162805	9.799729387393203e-05	7.177821160216013e-05	-0.0	0.0	0.0	0.0	0.0	0.0	0.0	0.0	0.0	0.0	0.0	0.0	0.0	0.0	0.0	0.0	0.0	0.0	0.0	0.0	0.0	0.0	0.0	0.0	0.0	0.0	0.0	0.0	0.0	0.0	0.0	0.0	0.0	0.0	0.0	0.0	0.0	0.0	0.0	0.0	0.0	0.0	0.0
GA83	0.0587605893554272	0.0009797945455942826	-0.00681551399216173	-0.0020676858169268305	-0.0006461992334013709	-0.002207257435215781	0.00020413952645298601	0.0020974872737742206	0.001355756618097177	-0.0003785161805519205	0.00022651911536624168	7.869999663772363e-05	-0.00026222774421842004	-0.00011480395931436492	0.0005711277895716031	-1.1401435615329312e-05	-0.0002583623866873616	0.0006865838256276724	-0.00011855197924807182	0.0003168132476362864	-0.0003032869903396998	0.00031997713991443745	7.460580237034602e-05	0.00024803661841443564	0.0003119514714392512	-0.0004490460655582443	-2.4939101300421786e-05	-8.756438254917e-05	0.0002843543950616647	-0.0004726269618914536	0.00017868544850540736	-0.00011560739095832864	-0.00023955223897062134	0.0003755527901135276	7.83467946726617e-05	3.416635693446299e-05	0.0005649177695448359	0.0001292993506606859	-0.0005639349662457672	7.201370512265688e-05	-6.673781590766883e-05	9.015983291738464e-05	0.00011477817760055649	-0.0004223173049526557	-1.2541366621039634e-05	0.00010872084965296568	-0.0001862550715832152	-0.00014932905304032974	-2.7479879001721608e-05	-0.00012674550811818698	-0.00018733608578338704	0.0003128981877268336	0.00019828765016625358	0.00025411453613678037	-0.00036905260211808036	0.0002682843657265919	-0.00011709110105755987	-0.00016602210254064898	0.00026267108575512454	-0.0001393909647086931	-0.00014741494174242315	0.00024560050420697896	4.733702143504436e-06	0.00018752163217600646	7.980937842051729e-05	-6.918068752996669e-05	-0.00016272874430616735	-2.5396745187129792e-05	-1.0396618860760806e-05	5.352342506999316e-05	-9.224441112240915e-05	0.000163506728230588	-0.0003292576354764577	0.00018306983304254934	-0.00016124323714003028	-0.00035129559747832035	-0.00017599015214399115	-7.580992947892947e-05	-0.0	0.0	0.0	0.0	0.0	0.0	0.0	0.0	0.0	0.0	0.0	0.0	0.0	0.0	0.0	0.0	0.0	0.0	0.0	0.0	0.0	0.0	0.0	0.0	0.0	0.0	0.0	0.0	0.0	0.0	0.0	0.0	0.0	0.0	0.0	0.0	0.0	0.0	0.0	0.0	0.0	0.0	0.0
GA85	-0.006069655933315176	0.004321501228841747	0.004135290836173876	-0.000959207718250883	0.0007670653500705687	-0.0018640248122743148	0.00274371870799942	0.0008906429088594797	0.0003281681807847354	-0.0007586833733503477	-0.0006895775911059567	-0.00020986505235032725	0.0006250674459810763	-0.0018863015491058866	-0.0006613284140172157	-0.0008094107938361676	0.0018508881050949464	0.00019085804713162252	-0.00012707996491947586	-0.0008331938814285791	0.000382264605379865	-0.0005190535983729818	-0.00012361279873279127	-0.0005040130769071359	-0.0006451593643707459	-3.1056402190149186e-06	-0.0012438361369774033	-0.0006978084550694976	-0.00030119365991102594	0.0005278600087406626	0.00014799761658140513	0.0007537043833769767	0.00024027770238588928	-0.0011693327800970325	0.00021493382412133866	9.778362734656487e-05	-8.016493724512067e-05	-0.000119304304916156	-3.601087026671777e-05	0.00037174834801222416	-0.0008031678403127664	-6.737398240020682e-05	-9.237071003566895e-06	0.0008350853758804142	0.0005825779762230516	0.000753239568611044	-0.0010054383904703262	-0.00021644632452958668	-8.27494179490766e-05	-7.343850546181797e-05	0.0003198344068870234	0.00037209046464665757	0.000431140843990993	-0.0003317866503470434	4.857834927141075e-05	0.0001650184490824663	0.0003381536297146789	4.049904439257902e-08	5.941996729087638e-05	-0.0003720587300291136	6.718777194061808e-05	-0.0002538272929236219	-0.0001168037671216719	-0.0004428687224040742	0.0004286291788880622	9.3835945303002e-05	-3.9094812125848615e-05	4.882432017393202e-05	3.869173665040282e-05	0.00022992469967591234	0.0005890754341665055	0.0002736079042497225	6.503046490067305e-05	-0.00014347979926554127	-2.0210818580850783e-05	0.0001509884592067275	-7.972479558813988e-05	2.7685483772671655e-06	-0.0	0.0	0.0	0.0	0.0	0.0	0.0	0.0	0.0	0.0	0.0	0.0	0.0	0.0	0.0	0.0	0.0	0.0	0.0	0.0	0.0	0.0	0.0	0.0	0.0	0.0	0.0	0.0	0.0	0.0	0.0	0.0	0.0	0.0	0.0	0.0	0.0	0.0	0.0	0.0	0.0	0.0	0.0
GA86	0.0593110908531331	-0.00010342379144376903	-0.005190890432128267	-0.00377075075045185	-0.0036141578635807423	-0.004342423313039862	0.0005782238117263899	-0.0011923399151419333	-0.004089602788705477	-0.0013603215552020727	0.0029424919404701325	0.0023047037193633336	0.0017266132494862514	0.0012135408135654612	0.0012574675457768018	-0.0005544015909170732	-0.0009656683648105121	-0.0005025605168568985	0.0001928039985829045	-0.00031946680972691705	-0.00020761149685657066	-0.0005268502095846396	-4.077630080546876e-05	-0.0004999405992898103	0.0004172939108555394	-0.0004493363958098392	0.0001452505526232153	-0.0003036198716917974	-0.00038737459047823305	-0.00017837302548229467	0.00039879445206533835	0.0001867010959270655	-0.0003649127612609769	-0.00010725525590917937	0.00039402103153750187	0.000268944486549129	-0.00022800590622853485	-0.0001423096578167477	2.0863617009946814e-05	-0.0002832571029620553	0.00014835897083247977	0.00024141021354633302	0.00019294129996573242	0.00010311274904847808	7.532317067815409e-05	9.576280673036477e-05	-0.0002331763496054607	-4.6919002636718896e-05	-0.0001946682048534082	0.0003035118750771501	0.00015603656432971953	0.0001499351833204522	0.00013500059929551664	8.665530331056358e-06	3.400134914344956e-06	0.00021468620693708407	-2.2704146532166878e-05	-0.00022850324156606876	-0.00013255786256438358	-0.00010705367504495526	0.0003272844775649318	-0.00010877653135779543	7.50672264138315e-05	0.00016833333829135928	4.309828642694449e-05	2.5999824780507254e-05	0.00021158360571309616	-0.0001156446296245724	-8.42335099888819e-05	0.00025957468897201187	-0.000110357856309006	8.523968254628948e-05	-7.407172021353013e-05	-8.28500212764495e-05	2.211783001487685e-05	-3.565875893145685e-05	0.00010254610854261659	-4.409520260912061e-05	-0.0	0.0	0.0	0.0	0.0	0.0	0.0	0.0	0.0	0.0	0.0	0.0	0.0	0.0	0.0	0.0	0.0	0.0	0.0	0.0	0.0	0.0	0.0	0.0	0.0	0.0	0.0	0.0	0.0	0.0	0.0	0.0	0.0	0.0	0.0	0.0	0.0	0.0	0.0	0.0	0.0	0.0	0.0
GA87	0.05903805216845463	0.0031884383033780523	-0.009427454842237913	0.0010590600338849098	0.002466048009154253	0.0004092749078873966	-0.00047771077349344714	0.0008108630026869026	-0.00027251721018086615	-0.0003793108189260976	-8.265638244521707e-05	-0.0001492509824907065	0.0003981984907370251	5.948691178438079e-07	-0.000112588201331151	0.0006046492915510979	-0.0005097603676932991	-0.0001918678147979369	0.00027761496081117935	0.0006773017822055291	0.0004563399502698985	-0.0001240389581192337	-0.0004480085688188458	0.0003267507961195159	-8.887252615489512e-05	-0.0005351534775525327	0.00022850385622072742	0.0005060824908616559	-0.0005213246090129044	0.0001466102396018554	0.00029263883497426856	5.502683730132547e-06	-0.00015034710576656128	0.00039984012984553314	0.00015196229553601694	-0.0002524393372361803	0.00030028789210016196	-0.0004515143823045804	0.0001994288862110686	-0.00012866435415346042	-0.00031932015873607794	0.0002882274891580773	0.0007220916092172755	4.396037726540387e-05	0.00018082991524870484	-0.00014568516178898686	-2.578326520525777e-05	0.00013304746869904332	2.580066593776502e-06	-0.0005877555925923896	0.00015708772698754255	0.00021893971746201428	0.00033967176510503455	8.544634236962632e-05	-0.0001978905523745501	0.0001652143569729092	-9.137434223180699e-05	-0.0001267001125481891	-0.00047904786976104224	-6.87491300654278e-05	-0.00035401875851249684	8.107672625432185e-05	-0.00010393760793208159	-0.00022982733088161323	4.8177796302010506e-05	0.00025338974942950996	-0.00021462933238279664	0.00029410138242061585	0.00014530000819935367	0.00016390971192011602	0.00011070765707376609	-0.00014392351198625692	0.00021304399097283244	9.726365195455972e-07	0.00010263095622078022	-0.00011237398401880024	-8.056170965512696e-05	-8.358726325562116e-05	-0.0	0.0	0.0	0.0	0.0	0.0	0.0	0.0	0.0	0.0	0.0	0.0	0.0	0.0	0.0	0.0	0.0	0.0	0.0	0.0	0.0	0.0	0.0	0.0	0.0	0.0	0.0	0.0	0.0	0.0	0.0	0.0	0.0	0.0	0.0	0.0	0.0	0.0	0.0	0.0	0.0	0.0	0.0
GA92	0.05050063047843904	-0.008463145188493705	8.491442723868701e-05	-0.0023759247654260135	-0.003173836506559414	-0.0015065790470548967	0.00038021247121735317	-0.0017769244993551137	-0.0010907839070922677	0.0018583218430309417	0.0020128832822847186	-0.0031858703576130767	0.00033055818444308093	0.0027397580392029106	0.00068403466709383	-0.00026996850148575894	0.00047599397128867023	0.0016968462959057005	-0.0002069082149152891	0.0003235306667207863	-0.0007556436270244514	4.1620170849563803e-05	2.227430303356275e-05	-0.00034520621847859364	-3.470436721205362e-05	0.0006884450824458844	-0.0006885627696570596	0.00031529078577169876	0.00022435580254179938	-0.0006973096402337844	-0.0001360623201099239	-0.000401019791071952	0.00031938725090569235	0.00035089975120345963	-0.00025280020252974343	-0.0004541331153604742	2.868070568702192e-05	-9.004340618598372e-05	5.87485793888458e-06	2.444642500114434e-05	4.574308051083784e-05	-3.328881876497937e-05	0.00027808740431637015	0.00010422763621036307	0.00028124060291418243	-0.0004342441074817558	0.00012247387125667846	7.348103969847198e-05	-0.00026579126311143344	-0.0009807665641613503	5.706771665506267e-05	-7.002442185323326e-05	0.00015220343917303367	-0.0002711609044871186	2.9174142354146983e-05	0.00044732959716257693	-1.7085350327421518e-05	0.0002943207995100798	9.440366600340077e-05	0.0005149385135758249	-0.0003385362161462108	-0.00024678337830714314	0.0004988384716670267	-0.00026068033404698783	-0.00018273160001346027	4.876781391103818e-05	-0.00023699371415143055	0.00011363023233628466	0.0002860879979937218	-0.0003801653644467559	-4.7874778508621185e-05	-2.4060777161336655e-05	0.00011954169611459587	1.5434623599759712e-05	6.904883763251215e-05	-5.318396276545751e-05	2.965755710885076e-05	9.045378049699648e-05	-0.0	0.0	0.0	0.0	0.0	0.0	0.0	0.0	0.0	0.0	0.0	0.0	0.0	0.0	0.0	0.0	0.0	0.0	0.0	0.0	0.0	0.0	0.0	0.0	0.0	0.0	0.0	0.0	0.0	0.0	0.0	0.0	0.0	0.0	0.0	0.0	0.0	0.0	0.0	0.0	0.0	0.0	0.0
GA96	0.05864332544205291	0.0031721218550544755	-0.009625740266180733	0.002449640640209299	0.002974893531644111	0.0006477950589368892	-0.0010417843431370834	-0.001233698535911246	-0.002228706412714672	-0.0005930259519982929	-0.00015845514944563924	0.0002926465393839626	-0.00016217060136625391	-0.0008321083117588806	-7.415443219441679e-05	-0.001248563146745488	-0.0005561764115758379	-0.0017397088210231414	-0.00018569387004474592	0.0002915256012869026	-0.0007366818357248665	0.0004283133795743771	0.0005346375483671053	-4.8653753445388257e-05	0.00022674195461383248	0.00043336734529202353	0.00024258820761093427	-0.0006350058105352329	0.0004948712007720924	0.00028118153031556347	0.0006827139011849135	-0.0005126679080855943	5.9652668896369104e-05	-2.9883810107157095e-05	-0.00024344152083293437	8.663397982891283e-05	0.00047005823574505486	-0.00038351657103469623	0.0001469263361936882	0.00012358636943009114	4.506091610472888e-05	-0.0005765171944465223	-0.00036158185023286136	-0.00012708098116844248	0.00028189897270553536	-6.735259717699187e-05	-0.00028244823664246	0.00027053088881555615	0.00022701751465516832	-0.0001403435664448735	1.2229297877695986e-05	2.349818632140037e-05	-9.843337417688262e-06	3.8644708070857414e-06	-0.00020713495340828202	-2.9634991945718014e-05	7.953296515441671e-05	0.0002424326062158302	-1.1379809771348263e-05	-1.3428503936572854e-05	-0.00017507385138974889	-0.00013069681155592372	-0.00018035833999929612	-0.00019357826168349112	3.184628006862862e-05	2.20061444387354e-06	0.00012299743774981978	-3.378382988078725e-05	0.00019415236119265424	-0.00031985521600481643	-6.40866645905207e-05	-6.603391295845734e-06	8.510469937677998e-05	8.95428581710947e-05	-3.5162511058459284e-05	-0.00015213342537182282	-0.00012172657234001333	0.0001236134059370912	-0.0	0.0	0.0	0.0	0.0	0.0	0.0	0.0	0.0	0.0	0.0	0.0	0.0	0.0	0.0	0.0	0.0	0.0	0.0	0.0	0.0	0.0	0.0	0.0	0.0	0.0	0.0	0.0	0.0	0.0	0.0	0.0	0.0	0.0	0.0	0.0	0.0	0.0	0.0	0.0	0.0	0.0	0.0
GB101	0.05904712610810282	-0.006766807885280832	0.0013301543937865108	-0.009894671020924508	-0.0027170194183830662	0.004759953362838144	-0.002289205213556791	-0.0018785658511763655	0.0007151533115258594	-0.0010364580180512208	0.0003858241971653288	-0.00028333992172339706	0.00033638295996356196	6.955756971022756e-05	-0.00015696209732284303	0.001767716800884241	-0.0003789058343774913	0.0011958817581005192	0.0020773541790637187	-0.00018860976037937796	0.00023773732990496288	0.00041958434281792403	-6.118951309195976e-05	-0.000582782423694296	0.0004037381013332291	-0.0005184900664792221	0.0012274889328354607	-0.00012792934300575795	-1.902973745461971e-05	0.0011438372309597344	0.00022732704439105774	0.000358993570863756	-0.000268942150521841	8.045933958250632e-05	-3.5534048117342605e-05	0.0005444513621246018	-0.0001489147749632279	-0.00021325444170922482	0.0001931847956728176	0.00031835316196464927	-0.0006220810254095397	-0.00017427421836996404	-0.00013395491453136704	-3.799668075036934e-05	-0.00030302111577949764	0.00012688348815885188	-0.00014630765625402804	2.3829337293326297e-05	1.7323955961953826e-05	0.00030108440309461484	-0.0001064573466903021	-0.00028643309732830796	4.533624966442908e-05	4.08444571275826e-05	7.847372490323108e-05	-0.0002598587991643205	-3.290006934462976e-05	0.0003295845325462094	-0.0002715626893828235	-0.00014386514583515934	-0.00013779131436134068	0.00030927945690811223	-0.00014255926389945036	0.0002320384788281537	-6.846557413996263e-05	-0.00010280456428823085	0.0003714759048030517	-3.241862029218254e-05	-6.515416646696942e-05	0.00020670938452545652	-0.00020936557643442408	2.2267899256199733e-05	8.311031438372513e-05	7.032811863347858e-05	-0.00016215858023412876	9.870296687294383e-06	-3.9694087743306446e-05	-1.079792405404601e-05	-0.0	0.0	0.0	0.0	0.0	0.0	0.0	0.0	0.0	0.0	0.0	0.0	0.0	0.0	0.0	0.0	0.0	0.0	0.0	0.0	0.0	0.0	0.0	0.0	0.0	0.0	0.0	0.0	0.0	0.0	0.0	0.0	0.0	0.0	0.0	0.0	0.0	0.0	0.0	0.0	0.0	0.0	0.0
GB102	0.058264904528910845	0.0013366740245195912	-0.007305575346264696	-0.0014224860962236128	-8.04267604919211e-05	-0.0016890825090147932	0.0002442610454025441	0.002996632821742906	0.0003162194487804948	0.00014959416012899854	-9.63143709442834e-05	-0.0002190646575850031	0.0005207430486344648	-0.00018221993022883747	0.0006192726713275477	0.0005699356942875319	-0.000605411862270263	9.845260834915756e-05	-0.000552183035810777	0.000399820405812368	0.0009372205342325655	-1.0501364133301775e-05	-0.00024255698233866947	-6.436042314328618e-05	0.00021960945053702368	0.0008534309437470778	5.2236347415425576e-05	0.00034995547204053095	3.49748841038772e-05	-0.0003435186726909105	-1.8196200517993228e-05	0.00022023144656066842	-0.0003119059954576937	-0.000339060612894304	-0.0001346766549549141	-0.0002572000453592948	-8.049591233980563e-05	0.00021977358967058969	-0.00043781670576883427	-0.0001180746666518167	0.0002377120406293136	-0.0002847131022449145	-7.430497505204171e-05	0.0001881005185742989	-6.393203012692804e-05	-0.00020650080280479538	3.936101744543233e-05	8.939448234113514e-05	-7.009736673356e-05	0.0003344631843166206	-8.431415497250065e-05	2.8019663602904554e-05	0.00019077871028170735	-0.00015670664537670873	0.00022754344906199592	-0.00019338833536990382	0.0002622550987554315	0.0005197805181448691	0.00011310235674003606	0.0004326835594449597	-3.053346053248066e-05	-3.8492477888997705e-05	6.827985480981904e-05	4.8975733031103365e-05	-2.0384003426901697e-05	-8.004585157947487e-05	-4.065826656003539e-05	0.0002958186607247778	0.0001542982501977433	-0.00023463539118783486	-0.0002157450420630859	-4.260599542909209e-05	0.00015987759426138378	-0.0002168878664721588	-5.97218060420236e-05	-0.00012885082898759346	-0.00020962472985325327	-3.340564555120965e-05	-0.0	0.0	0.0	0.0	0.0	0.0	0.0	0.0	0.0	0.0	0.0	0.0	0.0	0.0	0.0	0.0	0.0	0.0	0.0	0.0	0.0	0.0	0.0	0.0	0.0	0.0	0.0	0.0	0.0	0.0	0.0	0.0	0.0	0.0	0.0	0.0	0.0	0.0	0.0	0.0	0.0	0.0	0.0
GB116	-0.013284366531132743	0.005101872939913303	0.003220124182642765	-0.000911963947332683	0.0011595631882981767	-0.0009790550393675732	0.000567259717956382	0.0010607156735426516	3.557553121077676e-05	-0.0008950592720648831	-0.0006882953417582042	-0.0010123110274108565	0.0004907969703098536	-0.00036844192813666497	-0.00010775796630552673	0.00013218406189365847	-0.0008324296569813917	-0.0002275949365793575	0.0006984605974374566	0.0002512973196401431	0.00023654814710747252	0.001219255617911777	6.961530600431806e-06	0.00019565590453003096	0.0005027132340387644	0.0007005293931319213	-0.00048121498206708005	0.0002646482731738983	-0.00044132347460676386	-0.0002054247459365407	-3.3613767367262166e-05	0.0007275519888899532	0.0005780687894595077	0.00048143820350802136	-0.000371415865802934	0.0006065942733223709	2.8552050106632345e-05	-0.0006968779205786157	0.00022648226425725577	-0.0005474867312840262	0.0005355767438611598	7.614978925264469e-05	-0.0002615405015101632	-0.0008384565198405031	-0.0003072097793024705	-0.0005941751846654569	-0.000491474120200899	0.0005235513035698812	-0.00046573459705123125	-0.0007312949970826959	4.325351180934067e-05	-0.0004539191459790082	3.219490545645616e-05	0.00021386596143920563	-0.00011896481383590525	0.0004205268800985132	-0.00017610448042085642	-0.00015796020516063285	0.0005031655577870535	0.000879753029866191	-0.00038710323625994045	0.0002178711114617531	-0.0009235269327944327	-0.00045436963064941744	0.000544672968453783	-0.00030659055676897747	0.00040734929874670207	2.1824901170497644e-05	0.00022656562336589232	0.00014435880141139927	0.00014817961594900742	-0.0003621215516098893	0.00031966431501001514	-3.8880519857360176e-05	-0.0001291971681583458	8.014361697492085e-05	3.142475373634078e-05	-3.3094816562536905e-05	-0.0	0.0	0.0	0.0	0.0	0.0	0.0	0.0	0.0	0.0	0.0	0.0	0.0	0.0	0.0	0.0	0.0	0.0	0.0	0.0	0.0	0.0	0.0	0.0	0.0	0.0	0.0	0.0	0.0	0.0	0.0	0.0	0.0	0.0	0.0	0.0	0.0	0.0	0.0	0.0	0.0	0.0	0.0
GB118	0.058899652394306945	0.0018941287750955799	-0.0076720888236485	-0.0011527749958985824	0.0003336870962386238	-0.0014571012750256344	0.0002884259629942105	0.0019947952287850935	-0.0003135732168101501	-0.00017115914357645348	4.164279789314151e-05	-3.0451663116425452e-05	0.0008180388834713529	-0.0003892459193906408	-0.00010266154632143241	0.000608170440137684	0.00020530731661668467	-0.0002744388273087735	-4.0846358271182234e-05	-0.0007287644338440264	0.0004511465171713882	0.00032638741219747123	1.998491143199458e-05	-0.0002817966454544352	9.164857431870825e-05	0.0005515886720631418	-0.000560344799301463	-0.00021217405867711515	-6.562715936127887e-05	-1.5640945977972255e-05	-0.00018065003621480088	0.0005341321059490596	0.00012629755324700494	0.0002745226936075167	-5.188190141775872e-05	0.00032804667297356514	0.00017144207919236502	0.00011810296977110564	-0.0001415122636333548	6.134258672766526e-05	0.00029476933391003716	-7.895930601352931e-05	-0.00011165471020494046	0.00023060110000482152	-0.00027147680644933547	0.0003370508648310632	-6.756204177294541e-05	6.743360658567163e-05	0.0002762516746534088	0.00033105374661250445	4.3005000746009814e-05	-0.00031034559194609003	-0.00025281068836910316	0.0006175066513283427	-0.0004703011045893971	8.939337369979073e-05	-0.00021844103821809255	-0.00035098379400510165	-0.00016949662914202916	-0.00015653803384708481	0.00012886597348835124	-0.00013352236716399724	7.658254768038372e-05	-3.915756839606385e-05	-0.00014666692211544105	6.333417350620956e-05	8.697782904205475e-05	0.000317155323898372	1.5250355667864727e-05	5.140650047333304e-05	-0.00012684887998947004	-8.527497797580977e-05	0.00027790069416838394	-9.50064809024592e-05	-2.5718538155945632e-05	0.0002751194621283025	-4.804734456388987e-05	0.00022354609321021573	-0.0	0.0	0.0	0.0	0.0	0.0	0.0	0.0	0.0	0.0	0.0	0.0	0.0	0.0	0.0	0.0	0.0	0.0	0.0	0.0	0.0	0.0	0.0	0.0	0.0	0.0	0.0	0.0	0.0	0.0	0.0	0.0	0.0	0.0	0.0	0.0	0.0	0.0	0.0	0.0	0.0	0.0	0.0
GB119	0.05639877087079623	-9.649883141295138e-05	-0.008169827490119281	0.0020563077068558567	0.0023822111915205555	-0.0003215413996648869	0.00013616439739786319	0.0010099541149189962	-0.0023305455830614783	-0.000489639075003822	-0.0007543059277097929	-0.0021923353982633872	-0.0002597077689673711	0.0010381000564625967	-0.0003135244008571967	-0.0020867804736921535	0.001165615847053942	-0.00016629665939671805	0.0006730114037343537	-0.0003211491256568125	-0.00041363639839839164	0.00032228465813924817	-0.0006493556648120156	0.00023366500014898237	-0.0002646856531696159	-3.6994556781827415e-05	-0.00010113858171576337	0.0001856784093075202	0.00027204938817187714	-0.00046070167115509547	-0.00042400967046379016	0.0002810746391035917	-5.5033685511957454e-05	-0.0002950017729809489	-0.0003722499496077836	0.00014628742893154725	4.507194022905657e-05	3.9185344857222834e-05	-0.00029193481448081703	-0.00047264663320626424	-9.615331678441219e-05	-4.937731725776208e-05	6.18349276623959e-05	3.823363304305946e-05	-0.000308385312419227	0.00012146358858924909	2.438234225807142e-05	-0.00021233722992492044	9.972148452873894e-05	-0.00010919615765846734	-0.00028657550864337526	-0.00010901240765948318	0.00034315511891093887	-2.2393829303341043e-05	0.0005071643316589861	0.00014566314022869403	-0.0005690669000355859	-9.39080481147967e-07	5.1411489569653954e-05	9.101415049979937e-05	7.060700557749543e-05	-0.00021292600552841591	0.00018093391829038068	0.0002628332959522034	-9.585264655751058e-05	1.955128314079422e-05	-6.776452528268631e-05	-7.714144199008258e-05	-0.00019036071371644403	4.890189770882913e-05	6.637390048431912e-05	7.140831108364851e-05	-7.631831902154813e-05	0.000273630092099759	-0.00023979721047843243	0.00018097956753705596	-7.258986000738644e-05	4.189246521536359e-05	-0.0	0.0	0.0	0.0	0.0	0.0	0.0	0.0	0.0	0.0	0.0	0.0	0.0	0.0	0.0	0.0	0.0	0.0	0.0	0.0	0.0	0.0	0.0	0.0	0.0	0.0	0.0	0.0	0.0	0.0	0.0	0.0	0.0	0.0	0.0	0.0	0.0	0.0	0.0	0.0	0.0	0.0	0.0
GB127	-0.05196216870538489	0.0022645921619835656	-0.005444316038980163	0.0009959288197312086	0.0022501854475275194	0.001399281017404455	-0.0023905889526823405	-0.0009723433676907242	-0.0005725192709000854	0.0009090727576210114	0.0008591089824174284	0.0009209238690063466	-0.00030532199828986034	0.0004157624672242194	-8.048522384767901e-05	-0.00042536920153171274	3.500638908581595e-05	0.0002752571973260044	-0.0012210106229058964	-0.00039159803211487993	0.00017476839910738788	-0.0003340463574585219	-0.00020527360676806175	-0.00015692460590666148	-0.00013722692794566804	-0.00013447324626665247	0.0002578591262678359	0.00031629398253563634	0.0016108926409135191	0.0010541490297122974	0.0003994292622633342	0.0016911893271174148	-0.00030222423838989303	3.3283702585550725e-05	-9.004491365548426e-05	-0.0010432643653921331	0.00012046241590876117	-0.0007736412917120444	-0.0009348703673328708	-0.00099663396754442	0.0009334320861312594	-0.0002992730013979958	0.0007462714957138871	0.00013662976217200027	1.9717256322028928e-05	-0.0006043660561174126	0.0005402779418781801	-0.00015234475109599546	-0.0005966546950256801	5.37122496977494e-05	0.0005558924496632308	-0.00020448632956483588	0.00021873196311930661	0.00010447737202596724	-0.00032214377333796896	0.0004622155936451552	0.00042453867636406954	-0.00020025028019599037	-2.0336991618766185e-05	6.464123891768114e-05	5.4472931157639584e-05	3.293660040958197e-05	1.144738212262828e-05	-0.00014723709386784144	0.00017967154038043602	-0.0003785622178578929	0.00019630488645405337	-0.00048132415662182623	0.00021009717075229985	4.614561122153286e-05	0.00019182842081107593	4.409827597808238e-05	0.00010209041462997264	-3.1446333545884214e-05	5.959547157605885e-05	3.4634764921643776e-06	3.672142724507049e-06	-4.4976038616188166e-05	-0.0	0.0	0.0	0.0	0.0	0.0	0.0	0.0	0.0	0.0	0.0	0.0	0.0	0.0	0.0	0.0	0.0	0.0	0.0	0.0	0.0	0.0	0.0	0.0	0.0	0.0	0.0	0.0	0.0	0.0	0.0	0.0	0.0	0.0	0.0	0.0	0.0	0.0	0.0	0.0	0.0	0.0	0.0
GB128	0.058968574424550294	0.0032267100864290374	-0.009498929667414106	0.00119488528109032	0.0025745129112356305	0.0004663257973960855	-0.0004009063195553598	0.0008464557724085477	-0.0005247023016186314	-0.0006253280971750364	-0.00027132863831553795	-0.0002976445727504711	0.0004332454962129372	-0.00020363972451293007	-0.0003942814282554045	0.00014801934530411648	-0.0001136818902883286	-8.208046748850025e-05	0.0007447198662965648	-0.00021036117000137658	-0.00011133705887738982	-0.00020996447531344378	0.0002271458620106459	-0.0004824003545036582	-0.00010716289034211654	0.00025507742866711687	-0.00031168206465009195	0.00014019252960621145	0.0002420422274404909	0.00013721852144099142	-0.00015333736303565774	-0.0002572369480765982	-0.0003781253445950096	1.0767834277774872e-05	0.00034800778981137516	-0.00038408267152812206	-0.00030720966194401763	0.00041874816777071056	5.271786738482075e-05	0.00017155125988160895	0.0004751154056558553	-0.00035550374637594175	-0.00011500116301178547	0.00027759199408630334	0.0003067347118091188	-0.00020994937568874738	-0.00034338805714505564	-9.097286508660804e-05	-0.0002972692949644049	0.0001439076703243032	6.159625002025583e-05	0.00025292729138472783	0.00020456908562731336	0.000161173985896504	0.0001373854995507875	-0.00020363213480657053	-9.366939516436531e-05	-3.801842780895791e-05	-8.57073979018394e-05	-3.961938911320625e-05	-0.00029578991224374286	0.0005133682289956247	0.00024168033412384494	-0.00013984895383744897	0.00020535454475100043	8.614635000707637e-05	6.919341027905646e-05	7.050264587837694e-05	3.446540216880858e-05	0.0002077807984160338	0.000401482663091816	0.00014680578062844333	-2.883529366766498e-05	0.0002137984208014174	-0.0002317634562097352	3.0177355847782575e-06	0.00012612458350345346	-0.0001205014359943138	-0.0	0.0	0.0	0.0	0.0	0.0	0.0	0.0	0.0	0.0	0.0	0.0	0.0	0.0	0.0	0.0	0.0	0.0	0.0	0.0	0.0	0.0	0.0	0.0	0.0	0.0	0.0	0.0	0.0	0.0	0.0	0.0	0.0	0.0	0.0	0.0	0.0	0.0	0.0	0.0	0.0	0.0	0.0
GB130	0.027342789096622383	-0.0015303594959428471	0.0011575301415877317	0.004831864661101104	-0.0034793103108630976	-0.0011054103456277812	-0.0005003625404377372	0.003097708318879416	-1.4475961028251686e-05	0.0005231490030908163	-0.0004502944027599717	-5.00151189479965e-05	0.0005014622316613424	-0.0004150088576882911	0.0006122654124600269	0.0005036541667045842	-0.0003020051890932147	0.00012972888348504794	-0.0004669638676873561	0.00029064939160375276	0.0009124639726980324	0.0002870795737608148	-0.00017912843423457912	0.0001640378491458034	0.00013185186841784777	0.00029992418777393385	0.0003837884186052215	-0.0003542628839029323	9.501845217570629e-05	0.0003291703082058588	-0.00011589396692923183	0.00027397927338029034	-0.00021929545485365213	0.00026773783117927156	-0.00030525624907752136	0.00011223482605477091	8.820461913800153e-05	-0.0001908653600998874	6.291425348591485e-05	-0.00011908624487610177	-0.00018199113740884678	0.00011359480144129465	-0.0003108614842633237	0.0005428032868482649	0.0005078309052990817	-0.00016554071234620328	-0.0002999290812744838	0.00013000064557676527	8.962239233684314e-05	-0.00027368815464002595	1.4217942081924745e-05	4.676074009181928e-05	-0.0001657264248375823	-0.0002717584866251257	-0.00023962335457112797	-4.0701322230323156e-05	-0.00015838318467782062	0.00034707275506877375	-0.00027089992104402854	0.000237094311232727	0.00047659308434134276	-0.0005378897453525124	0.0003101783257051634	-0.0004271132965201618	-0.0007370626028410044	-6.513471767934444e-05	0.00019050110780507534	0.0001228182222405821	0.00024240158226898446	0.0006624387907689067	3.702534232536521e-05	0.0005145895822368899	0.0005243778269327361	3.686954238938529e-05	6.539635586090384e-05	-0.00033424628259148495	6.110380370281864e-05	-2.0876734359000602e-05	-0.0	0.0	0.0	0.0	0.0	0.0	0.0	0.0	0.0	0.0	0.0	0.0	0.0	0.0	0.0	0.0	0.0	0.0	0.0	0.0	0.0	0.0	0.0	0.0	0.0	0.0	0.0	0.0	0.0	0.0	0.0	0.0	0.0	0.0	0.0	0.0	0.0	0.0	0.0	0.0	0.0	0.0	0.0
GB144	-0.005115906588303379	0.0018280112033734197	0.006239459878723679	-0.002376858209144453	-0.0016155813229710967	-0.0030136012674031507	0.003019867189916467	0.00015612710770734195	0.0019520492969901484	0.0008538341574835036	0.0010147129504400575	0.0005029646079895208	-6.296083314701395e-05	0.0007466631098926353	0.0004422438459937811	-0.0006204538015277989	-0.0008874643318155645	0.00010334480261866476	-0.0008462362686924871	-0.0012315392544436751	-0.0009464894087318821	-7.13777528731171e-05	-0.001410002471420627	-0.0008429316449223031	-0.00110495698053228	0.0007869662607216433	-3.523301806866138e-05	0.0002347719922970644	-0.0009685767270983523	-0.0004139177866465609	-0.0009116082795912479	0.0006057100915804715	0.0008298279701242755	0.0005631125412087439	-0.0001840802846928043	0.0002471250485731776	-0.0005208949505979139	8.84664103241275e-05	4.410878165383152e-05	-0.0004277651159383559	0.000300490147964244	0.0003626878118660432	0.0002833644876354623	0.0003867577945696079	-0.00014452262852107742	-0.0007847668729779941	9.795499019993767e-06	-0.00027962173202268945	0.0010629315336290134	-0.0001289328258967111	0.00041896356083758173	-2.5482233924840918e-05	-0.00011119928817624937	-2.0734047596048744e-05	0.00044546176568941733	-0.0003699859956294359	0.0002667159435202304	0.0003908862152842558	-0.00017773219778118322	-0.00042127821190911344	-0.0007088869077453628	-0.0003776017421103356	-0.0002561975654998682	0.0004291383638185978	0.000107394553727304	-9.542698432553101e-05	0.00010205647616175586	-0.00032343232650941745	-0.00012380634540190018	-3.572957239591041e-05	0.0002082711015371427	-0.00021484673946421486	-0.00011081785333454421	-0.0001479044241686606	3.683167932643135e-05	-0.00016259472439809653	4.053429638433195e-05	2.879787522161473e-05	-0.0	0.0	0.0	0.0	0.0	0.0	0.0	0.0	0.0	0.0	0.0	0.0	0.0	0.0	0.0	0.0	0.0	0.0	0.0	0.0	0.0	0.0	0.0	0.0	0.0	0.0	0.0	0.0	0.0	0.0	0.0	0.0	0.0	0.0	0.0	0.0	0.0	0.0	0.0	0.0	0.0	0.0	0.0
GB147	-0.07035489530173208	-0.0015506364251542516	-0.01228751513953137	0.0030818322682369973	0.0010179775911449093	0.001609540469096551	4.7065400270282316e-05	-0.0015284224725248443	-7.896501899756502e-05	0.0007450353059797648	0.0004143688948375679	1.9746070796804826e-06	-1.8621211022483125e-05	1.3258488330976e-05	0.00028278759141148717	-0.00035700453975484126	-0.0005134143002435958	-0.0004646506404721191	-1.8058177342461905e-05	7.069534365521672e-05	-0.0019287479313534577	1.5944183064213133e-05	5.1198616643311866e-05	-0.001130473167926116	0.0008642182888903981	0.0003824345087350686	0.0008425520062097001	-0.00030490191493963106	6.914622076754569e-05	0.0004246882584720565	-0.0014031356858652806	-0.0010052342052248773	-0.0005618390143775603	-0.00044719392031445705	-0.002763010155944364	-9.150716591625169e-06	-0.0004448589663483108	-0.0008135052077184215	-0.0005873933420264033	0.00026652037632171366	-0.0008537491225052067	-9.89164776942575e-05	1.23948977985896e-05	-0.0002569193779713695	0.00010178711296519539	0.00024438063407402363	5.420590860786776e-05	-0.0002535170172353036	-0.000222635512043845	0.00027771243699761637	-0.00024407281242591478	0.00021837519249983913	0.0003076424708483273	-0.00033543126935945653	1.0878655068170372e-05	5.2177487160416626e-05	0.0002428593631748257	-0.00023786873516414873	3.817659618206862e-05	-0.000244329162607298	0.0001731793355940448	-0.0003574882222365131	-0.0003545219320130424	-7.512547987186343e-05	0.0001118075025978673	-0.0003161470511357857	-0.00011611563379535503	-0.000192003435418667	-6.415298658103652e-05	0.0003430482759961672	-0.00015572850928841696	-0.0002134424828793151	8.408777135624008e-05	8.720706896675838e-05	-8.27134837055116e-06	1.9330588155704715e-05	-0.00011130789882861903	3.597115819004743e-06	-0.0	0.0	0.0	0.0	0.0	0.0	0.0	0.0	0.0	0.0	0.0	0.0	0.0	0.0	0.0	0.0	0.0	0.0	0.0	0.0	0.0	0.0	0.0	0.0	0.0	0.0	0.0	0.0	0.0	0.0	0.0	0.0	0.0	0.0	0.0	0.0	0.0	0.0	0.0	0.0	0.0	0.0	0.0
GB149	-0.06057888371589722	-0.0004869503852156519	-0.008580731354989067	0.0011422152905053414	0.000826084067737856	2.6811483379974548e-05	-0.0009339969858748106	0.00017425630107682774	1.8996491861619318e-05	0.00010259388028226476	0.00035918549232191466	9.095351373994628e-05	0.000864014427085781	1.881225318109574e-05	6.50181906269745e-05	0.00022762182893291242	-0.00010049130855588889	0.0005925363071517212	0.00042484123029768204	0.001032226609341733	-0.00042163116497697	-0.0015986652821180951	0.0006218686840999225	0.0002398821634502368	-0.000815508181839399	0.0005455010736437601	0.0009001769813251713	0.001112738341294537	-0.0014244073212264891	-0.0004555557620997143	-0.00032907140021620865	0.00036488663744525747	-8.812649356473597e-05	-0.0011138933759218112	-0.0005657644825520222	0.0003583533555869386	-0.0007905881462653511	0.0005295420907728324	9.403506249886543e-05	0.0001493013304597107	0.0004362016565887288	-0.0002902429563852263	-0.0005214746524171454	0.00032861991365400883	-0.0001335234617411936	-0.00011614477781841209	-0.0005437380194716862	0.0006116697911874233	-0.0009340821229563493	-0.0004095859360931581	0.0005121310821749195	-0.00030031115931512044	-0.00038760470128339344	0.000990171335210302	-0.0003316936064444593	-0.0006683371792405846	0.0007143747396725015	-0.00044308805765892626	-0.0002588368080309794	0.00015282334106537688	0.0003601024943212532	3.9081791558447424e-05	0.00026237363602229716	-0.0003065727441678321	2.9019419583391544e-05	2.410431069501694e-05	0.00010091456612367087	2.011051899730613e-05	-0.00012666839590734917	-0.00046378943635527384	-4.846606196465462e-05	0.00033681417731685776	-0.00012414812170003008	6.974785678396905e-07	-9.930124029569876e-05	-4.724355296215725e-05	3.319087052298597e-05	0.00010892306158060055	-0.0	0.0	0.0	0.0	0.0	0.0	0.0	0.0	0.0	0.0	0.0	0.0	0.0	0.0	0.0	0.0	0.0	0.0	0.0	0.0	0.0	0.0	0.0	0.0	0.0	0.0	0.0	0.0	0.0	0.0	0.0	0.0	0.0	0.0	0.0	0.0	0.0	0.0	0.0	0.0	0.0	0.0	0.0
GB151	0.058406567792833146	0.0013272296457275566	-0.007433932416527622	-0.0009571707740275142	8.997584322300855e-05	-0.0022304863695980746	5.300823618872384e-05	0.0018320050356486568	0.0008612746473522257	-0.0014808837790430652	-0.0008696607518114108	7.652822288426597e-05	-0.0007210126932562094	0.00029700373912146206	0.00019441230789902787	0.001098411025990651	-0.000786352723333453	0.00029953782864177293	-0.00038109425476862753	-0.0001966879747094922	-0.0002969047379696098	-0.0006028835596688692	0.0002779538789025933	0.000694621264836186	-9.590150633726186e-05	-9.85159470052664e-05	-0.00045030222861117207	-0.00013159175834361256	0.0005216691573464423	-0.0007216378451165504	-0.0001289567213633354	1.6003316832515894e-05	0.0002674790760459407	0.0001330631828674032	-0.0001990342535709683	0.00013351223710704655	0.0002653046743812692	-0.000222704889530991	-0.0003069427936031544	-0.0005967697108904673	-0.00044431992862479613	0.00047015623956321177	-3.851374354917634e-06	5.7638224405996944e-05	0.0004258273392040289	-0.00017322127061425544	-0.0004230077100991785	1.4480360663956422e-05	-4.231166703761107e-05	-6.550931268892598e-05	6.857250018863763e-05	0.00014300844951307127	-0.0002063091488901265	-0.0006636950149993207	0.0005880213282182201	-0.0004514337595540543	0.00033106071639817764	4.190970816460764e-05	-0.00038748899832728267	8.289804813337395e-05	7.350991329444414e-05	-0.0001830399354467357	-0.00013460929050329769	8.074693250229068e-05	-0.00018763218710786265	-2.7167077808716243e-05	-5.053014127156642e-05	-0.00013453221184431645	-0.0002592892063636901	-0.0001539027006014546	0.00020669617967938116	0.0002919261941715215	0.00020653698655020226	0.0002633027752551006	-0.00017044760983718864	7.675597831222588e-06	0.00012952957240708226	2.8563201759331858e-05	-0.0	0.0	0.0	0.0	0.0	0.0	0.0	0.0	0.0	0.0	0.0	0.0	0.0	0.0	0.0	0.0	0.0	0.0	0.0	0.0	0.0	0.0	0.0	0.0	0.0	0.0	0.0	0.0	0.0	0.0	0.0	0.0	0.0	0.0	0.0	0.0	0.0	0.0	0.0	0.0	0.0	0.0	0.0
GB155	0.05091630484311395	-0.004865701186920921	-0.0022709823771058573	-0.0019088747693725865	-0.002503911055514941	-0.0015522926991574397	8.840479741852261e-05	0.001345763978156244	0.0011036965587283313	0.0020957570019362595	0.0007473905100257747	-0.0012698271590703364	-0.0013478742336710465	-0.0009155676319716868	0.0005797882725341292	-0.0006930158026946391	7.324496449653874e-05	7.073599498046281e-06	0.00011869846853570242	0.0013487703263529093	0.00021640741407362763	-0.0005767454524404445	0.0009559242078670203	7.565118050517569e-05	-0.00019197300858051557	2.3512550386871188e-05	-0.00022096621820749733	8.794294632971046e-05	0.000869104864131425	-0.0002711535738923283	-0.0003335587231678077	-6.896388839163441e-05	0.000315111466561841	0.00015586449347040153	0.00020009549772325892	-0.00019189649259598732	0.0004956095805704148	4.9817757540361984e-05	7.526031428999981e-06	-3.045938917719861e-05	0.00010964231014022597	5.55189249990554e-05	-0.00034967930552848216	-1.3085506365875099e-05	-0.00036082898913738343	0.00044203668298240596	-9.896300451594108e-05	-0.0005749698024564545	-6.0231917303897e-05	0.0002742268820213075	0.0002619453939545906	5.826504999728362e-05	0.00010768062095537894	0.00011508470360806775	-0.000617496081574527	-0.0004718558937150669	-0.00016784638723450738	-0.0003612122334811747	-9.829394295482898e-05	-0.0002185288965710288	-0.00023248756341552154	0.0003022903261046752	-0.00038881709802213974	-4.4194402503613444e-05	0.00017135521791920676	0.0006495066294333122	-0.00017013210803960106	-0.00043122032823841476	-0.00021895232818280148	0.0004621825947070405	0.00025904554458658477	-0.0002115226194472539	-0.00011800296432608409	-0.00030933791149990775	-8.27288960876647e-05	-0.0001453799307403329	-2.6425851938860517e-05	-4.502414489701072e-05	-0.0	0.0	0.0	0.0	0.0	0.0	0.0	0.0	0.0	0.0	0.0	0.0	0.0	0.0	0.0	0.0	0.0	0.0	0.0	0.0	0.0	0.0	0.0	0.0	0.0	0.0	0.0	0.0	0.0	0.0	0.0	0.0	0.0	0.0	0.0	0.0	0.0	0.0	0.0	0.0	0.0	0.0	0.0
GB157	-0.0856872868595545	-0.0043479418549491385	-0.01662898120349117	0.001992728750163922	-0.004122327346332528	-0.0006827119861842985	0.002818581137838034	0.0020077521302027555	0.004457862165742127	-0.0047753457676865535	-0.0016819826435297924	-0.0012894114947204914	-0.002659904497065431	0.001253638862916824	-0.0006525478141327729	0.0019022527682026585	-0.001243537320348813	-0.0005982158530910618	-0.0008715687990973777	0.0003548553794440257	-0.0004683484314055686	0.00011677636288566724	0.00012554616219016433	0.0002278518544421163	6.233529400665891e-07	0.0004857863940190127	1.1204043240766309e-05	-0.000629822891279603	-0.00011792635563831178	4.1233404287558715e-06	0.00014734803982721604	0.0003373940890204227	-0.00022865045557679564	0.00020754214766949944	9.814795468458526e-05	-0.00037295326626697795	2.5687008453959595e-05	0.00029354322069934937	-0.00012867131544426765	-0.00032427925333586765	0.00020363973678184718	-7.74704147415274e-05	0.00012539579581600567	-7.839647187426061e-05	8.480703951766822e-05	-8.737231232617898e-06	0.00023821681264992497	-6.399745757124826e-05	0.00027622208172565544	-3.268068883128305e-05	-7.811004799270854e-05	-4.042549525504719e-05	1.531717740254336e-05	0.0001763755851125269	8.680952434002485e-05	-7.007275165080134e-05	-0.0001293311518721959	-0.00043364648598880984	-1.886816917115498e-05	-6.191478013571057e-05	0.00013711524463157952	-0.0006048061396443639	-6.732714449869739e-05	7.854200475879432e-05	-0.00010641106623344129	7.23053377791389e-05	-0.0001593941055149998	7.551380019674696e-06	-1.9032815558890966e-05	-6.213753932708193e-05	0.00013406000171510137	3.79313581507608e-05	6.226159165031283e-07	-6.47468105147693e-06	6.162691541303804e-05	6.612852533044013e-05	4.706595806509447e-05	-6.7899585571677436e-06	-0.0	0.0	0.0	0.0	0.0	0.0	0.0	0.0	0.0	0.0	0.0	0.0	0.0	0.0	0.0	0.0	0.0	0.0	0.0	0.0	0.0	0.0	0.0	0.0	0.0	0.0	0.0	0.0	0.0	0.0	0.0	0.0	0.0	0.0	0.0	0.0	0.0	0.0	0.0	0.0	0.0	0.0	0.0
GB164	0.05550334651191567	-0.004099264924173889	-0.0005582474458275558	-0.0053419560574032915	-0.005521916588092828	-0.0022520032988937386	0.0028685041686828563	-0.0058285779192178595	-0.0031692725810677914	0.00547224859732627	-0.0060664366892553955	0.0003699335836821878	8.202176746232269e-05	0.00023355304753965394	3.128051553223817e-05	7.772496788657701e-05	0.0003917441935746758	0.0004895336322356895	0.00022881373620936207	0.0002423666592948021	0.00041929589327054843	-0.0004177975062563474	-0.0001577134683806278	0.0004449325985649907	-7.443354068251098e-05	0.00010017883907719492	-0.00023861567850949218	-4.347541454188263e-05	0.0002362865391169693	-0.0005097079900613171	0.0001204086529616592	-4.6790302672709566e-05	-8.76195633656668e-05	0.0001341208186139089	0.00014426643776376018	-0.0002801299399768469	8.697119165008193e-05	-7.795075215557392e-06	-0.00017830152463384436	-0.000212427752062919	0.00016314678161403578	4.208372041037783e-05	-0.00022317517305228002	0.0001249398611995106	1.7949013858184478e-05	-5.563816069123459e-05	6.027814792558134e-05	0.0001066930113647025	2.787790188709129e-05	-6.134814994817517e-05	2.095367452561888e-05	0.0003553742424750724	2.815523392752409e-05	5.978229474361611e-05	-0.00016854287693290863	-9.392612568235188e-05	4.872104042243393e-05	-9.752388333477045e-05	0.00010441383909041166	-5.801947758517225e-05	4.339351934410005e-06	5.458354496159858e-05	-0.00016939737255749693	-5.5007497214047045e-05	0.0001424333266017915	4.431599220187309e-05	2.9678056874409997e-05	4.281452224046315e-05	-0.00013842265051264554	0.00011820785954619987	3.58981122269009e-05	-5.452316951491848e-05	3.642746691194348e-05	-2.1937231826887362e-05	-1.4765374517988404e-05	8.120244059425347e-06	-2.07266338975443e-05	4.019518466308768e-06	-0.0	0.0	0.0	0.0	0.0	0.0	0.0	0.0	0.0	0.0	0.0	0.0	0.0	0.0	0.0	0.0	0.0	0.0	0.0	0.0	0.0	0.0	0.0	0.0	0.0	0.0	0.0	0.0	0.0	0.0	0.0	0.0	0.0	0.0	0.0	0.0	0.0	0.0	0.0	0.0	0.0	0.0	0.0
GB165	0.0589140615416291	0.002745868938005005	-0.00888676850950967	0.00031440805008576617	0.0017420074276246653	-0.0002980489219360467	-0.00021207673822444526	0.001536240908044014	-6.351817912987639e-05	-0.00021177615311275446	-0.0008222427061404652	-0.00031080571559924906	0.0003924378349210285	-9.677777633146501e-05	-7.490118234199835e-05	8.814607901190088e-05	-0.00032513593482969455	-0.00038305861771863815	9.464162901621671e-05	-0.00043451110895661825	-0.0005670744634223145	0.00016698537675455385	0.0001153356353701029	-0.0001150014636108899	-0.000277664921769943	-0.0007673522566731774	0.0014798727677249135	-0.0002769527734575701	0.0005480828590674824	0.00021340097751263115	-0.00022928377744622466	6.432371981415667e-05	4.103986946545981e-05	-0.00013098777891684105	-0.0005380295200788062	-0.00013357127022672595	-0.00022698219345415764	9.236188888005986e-06	0.0006730765171804018	0.00034911316334904633	0.00013959781476232378	0.00041170854209184526	0.00036722861586876244	0.0002795947853928641	-0.00020708114205484352	-0.0003453275280921251	0.0005434622791726282	-0.000532796548925209	5.153949568548554e-05	8.147651654216923e-05	0.0005846682580184915	-1.1183773693665129e-05	-0.00021291384992675616	0.000358551729797906	-0.00020209065224956424	-1.8577377095871234e-05	3.215796443515189e-05	0.00011151626959291602	0.0001325639131932438	0.00023313571262640237	8.576214396461308e-05	-3.682366454948812e-05	0.0004031054039394094	-0.00018742803320463203	0.00029054143857837794	1.690450402041186e-05	-0.0002875940947825872	0.0001498091944050323	5.476788235017428e-05	-0.00023000125750168626	-0.0001162265255881012	-6.35952776510169e-05	-2.622073869802928e-05	-0.00018767621683363371	-0.00017799577907063444	2.0667656180290717e-05	-0.00013901957062697587	-4.779778234138197e-05	-0.0	0.0	0.0	0.0	0.0	0.0	0.0	0.0	0.0	0.0	0.0	0.0	0.0	0.0	0.0	0.0	0.0	0.0	0.0	0.0	0.0	0.0	0.0	0.0	0.0	0.0	0.0	0.0	0.0	0.0	0.0	0.0	0.0	0.0	0.0	0.0	0.0	0.0	0.0	0.0	0.0	0.0	0.0
GB169	0.057352267819798776	0.00015443228251773642	-0.0060914395318293025	-0.0024371483710050983	-0.001224296865788927	-0.0022763249322721424	0.0005023918788592492	0.00264126188429824	0.000993882673819593	0.0023894843608361117	-0.0021858232438177814	-0.0002312206506384198	-0.00037177486069159255	0.00031964561528354706	0.000993458608617128	-0.0007703392512280143	-0.0014779705044845987	-0.000439702654892799	-0.0010650872905392727	-0.000546266626503811	5.201728025466361e-05	3.546288825396003e-05	0.0002347185077287085	-0.0008883093208693686	-6.895643956465674e-05	-6.58476730444548e-05	0.0003680379393279841	5.4266825669712456e-05	-0.0005126777549900616	0.0007260517685115404	-0.0003855513035380753	-0.00017053935541717406	0.00010431743943111339	-0.000631453662679719	5.2924950271206e-05	0.0003454036150771596	-7.751759778925107e-05	-5.7842129555228165e-05	0.0001741251510291122	0.000145337053200273	-0.00021981171008370496	-0.00015379276151492347	1.6435823775844374e-05	-0.00027272284643550847	6.46700943974402e-05	0.00026185817220196526	-6.704993794706161e-05	-0.00013242805503255607	1.901601296497155e-05	0.00024418633541866536	-6.880705943969098e-05	-0.00040836891107001163	-0.00020874814388209233	-0.00012135772624241496	0.00022657862259001704	0.00025353040097967104	6.737855294350258e-05	0.00016513495057267726	-0.00011058034216606813	-1.3488023816770494e-05	-8.111856839991442e-05	-0.0001681832682023702	5.786898969491766e-05	0.00023755825750045837	-0.0002251473946799983	-0.00025040796104437745	6.704234197962688e-05	-9.975474191711994e-05	0.0002345574521237668	-9.171702265913084e-05	8.36175729277736e-05	7.855692796795555e-05	-4.4628233899734285e-05	7.963311842092738e-05	0.00022672441525437844	6.800195505023876e-05	0.0001423904440723656	-1.9341459250137624e-05	-0.0	0.0	0.0	0.0	0.0	0.0	0.0	0.0	0.0	0.0	0.0	0.0	0.0	0.0	0.0	0.0	0.0	0.0	0.0	0.0	0.0	0.0	0.0	0.0	0.0	0.0	0.0	0.0	0.0	0.0	0.0	0.0	0.0	0.0	0.0	0.0	0.0	0.0	0.0	0.0	0.0	0.0	0.0
GB175	0.05281349793985312	-0.009741424811344294	0.0031813957452562535	-0.006835414130839257	-0.00133914561784798	0.006414976912227062	-0.0023497639344430524	0.0002779581170079565	0.0012297697892317196	0.0005165595009635807	-0.0006814773589470608	-0.0015365760314377983	0.0014926040925301535	-0.000263782063915786	0.0004406947495566805	0.00040384499432825904	-0.0013198157781751118	-0.0010569081874826061	-0.00023607601861437927	-0.0009033089805988353	0.0004568914665394015	-0.00035713646107998423	0.00035057782063425605	0.0005809696298506024	-0.00019652811461774838	0.00021168267830780872	-0.00032101387513610804	-0.00011147456948063632	-3.684402892123302e-05	-0.0002447435319460249	1.3409190338708216e-05	0.00010699302726447185	-9.742251313872154e-06	-0.00047612831458337365	-5.296483150885908e-08	-0.0005313863463485744	-0.00013463868040289992	0.00010329794058650516	-0.00038599134698401815	-0.00034366255389604226	-0.00010368725318786931	8.940096541325329e-05	-0.0005871865921297963	-5.61275742381245e-06	-0.0004056078416129235	0.0002650222931746983	0.0002190800888835868	-6.485825101101239e-05	0.00018285633159063032	0.00012502932832955354	0.00013578201944675075	0.0002974952477577336	2.897100657451587e-05	3.238628502808423e-05	-0.00031050350308477404	-0.00037588612720274776	-0.00026376110151748897	-0.00028984196975977757	8.240186330929135e-05	-0.0001730364212911927	-1.7482322760132704e-05	-0.00020268765762300616	-0.0004307070101852764	-0.0001094375115348125	0.00018172307081828413	0.00022383648141444514	-7.426151793132069e-05	-0.00015817190884878383	-0.00022422943777459603	-0.00018091523007811758	0.00017506739708654374	-0.00020590775828243865	-6.341177260898754e-05	0.00013391727481950003	3.122942521843182e-05	-0.00011804734944663006	-4.386903230125395e-05	2.1011378292484163e-05	-0.0	0.0	0.0	0.0	0.0	0.0	0.0	0.0	0.0	0.0	0.0	0.0	0.0	0.0	0.0	0.0	0.0	0.0	0.0	0.0	0.0	0.0	0.0	0.0	0.0	0.0	0.0	0.0	0.0	0.0	0.0	0.0	0.0	0.0	0.0	0.0	0.0	0.0	0.0	0.0	0.0	0.0	0.0
GB178	0.059489185161115433	0.00444335375736443	-0.010921228466312147	0.003389137690424185	0.005270088429335431	0.002764234162735844	-0.0018774925397684209	-0.003289850973827848	-0.00018827368549447702	0.0011767975624303454	0.0014433395949813542	0.0004114523281666645	-0.0013004900605580634	2.695406251678494e-05	9.226255678692056e-05	0.0002799210710743217	-0.0004903188523282706	0.0007283577091785265	-0.0008268526520528979	-0.0005924301853053235	0.0004485322292284404	0.00018147631418618778	-8.07562378463237e-06	3.035697652615998e-05	0.0001885564629512826	6.252086336080566e-06	0.0002260239920677203	-0.00018679558272435498	-3.324987247362239e-05	-0.00013509299124660082	-0.00013457720134058945	0.00017072779450332117	-0.00029687788301647724	-0.0001021793045095678	0.0003364507834190524	0.0002152175602443097	-6.227647018079528e-05	0.00022179884993129285	-0.0001074933952239191	-0.00014689228070961696	-2.997942855978257e-05	0.0001816492056031468	0.00025147887453350407	-0.0002264888330356833	0.00010784326685412267	7.75570185703562e-06	0.0003362004880118386	0.00014949345134421588	7.702557484072365e-05	4.475406382821391e-05	-5.3748535554651293e-05	-0.00029947702814681575	-0.0004076882204326385	4.383682466833014e-05	0.0002937105789886933	-9.10618691222698e-05	9.69714638309165e-05	-5.403729153771095e-06	-0.0002983004246035743	-0.00014703680839665267	4.915545845758969e-05	0.00031563002709539706	7.670629202040488e-05	2.5090452115100462e-06	7.258701175042137e-05	8.308130808693906e-05	6.060066526214723e-05	0.00011075698414057654	-0.00013066691423221122	0.00014611711720651044	9.514814185503399e-05	0.0002559388025708339	2.3620682910278705e-05	-0.00013489052160669564	-0.00015595794960623574	9.305664566578907e-05	-2.1671024719344386e-05	7.405331496797376e-05	-0.0	0.0	0.0	0.0	0.0	0.0	0.0	0.0	0.0	0.0	0.0	0.0	0.0	0.0	0.0	0.0	0.0	0.0	0.0	0.0	0.0	0.0	0.0	0.0	0.0	0.0	0.0	0.0	0.0	0.0	0.0	0.0	0.0	0.0	0.0	0.0	0.0	0.0	0.0	0.0	0.0	0.0	0.0
GB189	0.057982277425233965	0.001963349163102604	-0.008215628567612312	-3.7355146053193435e-05	0.0010166327526028116	-0.0008878978134320468	3.734487951632938e-05	0.0022719229638727086	4.749504983999247e-06	-0.0007122245725716129	-0.0006037719617212182	-0.0002545668548612183	0.000509829245643635	6.513576747680248e-05	0.00023318758309516922	0.0007304372591037455	0.0003906352616074966	-8.651484755640515e-05	-0.0001847416697962714	-0.0002610983429208013	1.871899016441436e-05	-0.0011376248712371647	0.00036495613970458817	0.0005809717491052677	1.927289609398265e-05	0.0002811669460773733	-0.0002236889585675516	0.00046293827193640187	0.0005820480041695941	0.00018835140979807022	-0.0007782178160725585	-0.0002998593332192891	-0.00019060661307934723	0.0003991987145986819	-8.013159646619052e-05	3.805938703267476e-05	0.0001710054775857675	-2.9370223303632382e-05	-0.0002281939300134263	-1.9681022154922853e-06	-2.7022983616608105e-05	8.358473103501497e-05	-0.0002513397547735936	-0.0005927456631753564	0.00032312204821143616	-0.00021723540261798518	0.0003964498224392363	-1.042462006676285e-05	0.00017676009957572978	-0.0003151231244423362	0.00026676751576215694	-7.303951036159264e-05	-0.00019513739401578786	1.0962916802842868e-05	-7.992398799513139e-05	0.00019692401013406358	-0.00030597757847206016	6.673664808671164e-05	0.00020039727792984388	0.00024186318528712412	0.0001263911405873166	-4.850807483013478e-05	5.299936309318705e-05	3.2589985312441943e-05	-4.258250718139183e-07	2.0814802369887265e-05	9.326067731022842e-05	2.21657090466112e-05	0.00018711853999654713	5.576196564071267e-05	-0.00021016610560275475	-7.151870937799611e-05	-0.0001058287371228742	-2.7909677237476727e-05	0.0004031726063833749	0.0002417019496951963	5.508831875416098e-05	-0.00010071109539617735	-0.0	0.0	0.0	0.0	0.0	0.0	0.0	0.0	0.0	0.0	0.0	0.0	0.0	0.0	0.0	0.0	0.0	0.0	0.0	0.0	0.0	0.0	0.0	0.0	0.0	0.0	0.0	0.0	0.0	0.0	0.0	0.0	0.0	0.0	0.0	0.0	0.0	0.0	0.0	0.0	0.0	0.0	0.0
GB98	0.0117155867331911	0.004278417995597456	0.0014573203817183516	0.005013712325082638	0.00028008166498682494	0.0013414729573933586	0.00014136760634855304	-0.0005182155286150709	0.00037820285071059714	0.0002360153728317446	-6.617957161035752e-05	0.00015394301684101103	4.7676082721293915e-05	-0.00010741858994108449	-0.0005604727920112492	3.364255780579641e-06	-0.00024852732993836885	0.00017384210047522233	-7.997900458393536e-05	-0.0001583144309142504	-0.0002224007740163144	0.0003460062061046664	0.00032063879339792113	0.0005213479815353101	-0.0002806097291911432	-6.84262951812015e-07	-0.00029358186297663	9.495779965980532e-05	-0.0002555930424708958	0.000483549415346181	-5.21287715665215e-05	-0.00110144228514371	-0.0010205252517848304	0.0003467499046514418	0.0005738774700313669	0.0010230728469804628	-0.000565246655444175	0.0012299272166284901	0.00014463744139376676	-0.0009878272526403528	0.00016341289038950517	0.0005291979564329492	-0.0001515969999705474	0.00020085205616517205	-0.0004651012042343747	0.00028609044947833614	-0.00012952178159577262	-0.0006532069041895068	-0.00028223433203854935	-0.0003457932004649933	0.0009353944884829737	0.0004343180175320609	0.000723976351340353	-0.00021180080431850535	0.0008122041003090806	0.00016535731153150137	0.0007261184795602674	-0.00047457527292309306	0.0001954398138343003	0.00034116637603988186	0.0001541350162418011	-0.00012611229910822167	-0.00032786049470624496	3.9861795711561206e-05	-0.0005349887561544629	0.00013237821753741842	0.0006869188012504837	-0.00011006332924936023	0.0007276858889537637	-6.380640814683636e-06	-0.0001859325934726923	1.6422699981675202e-05	-0.00020509621210499748	-7.21517131444255e-05	-2.7981665180802003e-05	3.835659429614502e-05	-0.00022539087078608564	-2.8714800224683883e-05	-0.0	0.0	0.0	0.0	0.0	0.0	0.0	0.0	0.0	0.0	0.0	0.0	0.0	0.0	0.0	0.0	0.0	0.0	0.0	0.0	0.0	0.0	0.0	0.0	0.0	0.0	0.0	0.0	0.0	0.0	0.0	0.0	0.0	0.0	0.0	0.0	0.0	0.0	0.0	0.0	0.0	0.0	0.0
GCDF194	0.057441628975641826	-0.012780761392072041	0.005896704628856792	-0.008320288502405944	0.0019488150799705515	0.006172636797391257	-0.0009143912323453552	-0.0002425389223228578	0.00268654746723683	-0.0033530718488473427	-0.0024272868810214366	0.00426954495967376	0.0007856699032578084	0.00118431899485905	0.0015326574701766374	-0.002542091543135553	0.0008100518880247864	0.0007922834914689293	-0.0008368264974471252	-0.0004815977473712807	-0.00011479533858925078	-0.00044332759728681986	-0.00026219581817895217	-0.00027893314824627456	0.00045083341861059306	0.0004628304189260481	-0.00047604941700750354	0.0001302335742249568	-0.0003223290252074733	-0.0003615587906882318	0.00042783697938143865	-0.0002474389807473494	-3.252728489536511e-07	0.0003911577838822217	0.00027362404305872844	-0.00016895756507468855	-0.00020866291312177074	-6.496770471739614e-05	7.116865768773697e-05	5.050175035427603e-05	0.00014124326274611685	0.00024961798320913915	0.0004032836785384639	0.00026796933890578506	0.000354719280630753	-0.0002645227315731229	7.720081572603546e-05	0.0003017532939802373	-8.558588783606113e-05	-0.0002846856625591178	-7.68332498732155e-05	0.0002281744931178929	1.1747054040375286e-05	-1.4758447605409416e-05	2.392320435244758e-05	0.0004142050339414358	0.0002366859737445403	3.671766335806997e-05	2.8257913914971696e-05	0.00021332982410234426	0.00011457826343359238	-0.0001919246928445515	0.00024769671651480695	7.491146853531902e-05	-1.4728924426763554e-05	-9.254326514642956e-05	3.8281844926865576e-05	2.5384821162297393e-05	4.827882802901007e-05	0.00010794775977157178	-7.97679233285816e-05	-8.660208859836058e-06	2.6054460027285862e-05	-0.00010148781663822178	3.620057670584418e-05	2.474324358974363e-05	1.7846854458105228e-05	2.6784432957678616e-05	-0.0	0.0	0.0	0.0	0.0	0.0	0.0	0.0	0.0	0.0	0.0	0.0	0.0	0.0	0.0	0.0	0.0	0.0	0.0	0.0	0.0	0.0	0.0	0.0	0.0	0.0	0.0	0.0	0.0	0.0	0.0	0.0	0.0	0.0	0.0	0.0	0.0	0.0	0.0	0.0	0.0	0.0	0.0
GCDF197	0.003913941962874979	-0.12102673509612305	-0.004553920870264035	0.009575454390312231	0.005271725395596345	-0.0012114718656914692	0.0006775977815765019	0.0006196854485326123	-0.0007662380176222988	-0.00010628807225383716	0.00019088162022630467	-0.0005354989937313839	-0.00021541854307401237	-0.000239001096932382	-4.231310576550865e-06	0.00017088279816736924	-9.055844987549845e-05	-2.139380557485199e-05	4.582854801717778e-05	-6.174370164049685e-05	7.2937799782220475e-06	8.931407325476397e-05	5.9099267640661584e-05	-1.013081140305627e-05	2.0667986388674567e-05	-8.617517949306849e-05	6.930216803659246e-05	-3.144055254595195e-05	-4.3059564780130767e-05	9.918888468562883e-05	3.761428159795112e-05	2.226029416991045e-05	-3.072815019228072e-05	-4.287900887808439e-05	3.626006360108495e-05	6.721916439933199e-06	-3.0548580670322506e-06	-9.163086835089709e-06	1.503909924584441e-05	4.287743731729915e-05	-2.419264193437401e-05	-2.739573680495258e-05	-1.190497871078386e-05	-9.22976389321684e-06	-6.142062560222353e-06	2.1078177106278967e-06	-4.798012288164064e-06	1.2171665358751788e-06	1.3620089078291308e-05	3.7604682909586974e-05	-1.5029028702493225e-06	-2.7288976820869133e-06	-2.3462142142872386e-05	1.704063517876858e-05	4.271291001814473e-06	-3.766855995855102e-05	7.681083817981098e-06	-1.5433702066658274e-05	-2.1995207351959044e-05	-2.2634947880462964e-05	3.0886964072429414e-05	1.2899166807134428e-05	-1.9315063319152405e-05	1.844094380300936e-05	6.094845043656477e-07	-1.659417712412687e-05	2.958776977486312e-05	5.204553566462606e-06	-9.195242514696067e-06	3.0430984324312647e-06	-1.4361139006275705e-05	1.2155272433220576e-05	8.03185314548053e-06	1.3030910238196447e-05	2.303850490737329e-06	-2.3740615762966998e-06	5.850921141906594e-08	-1.959421531499724e-06	-0.0	0.0	0.0	0.0	0.0	0.0	0.0	0.0	0.0	0.0	0.0	0.0	0.0	0.0	0.0	0.0	0.0	0.0	0.0	0.0	0.0	0.0	0.0	0.0	0.0	0.0	0.0	0.0	0.0	0.0	0.0	0.0	0.0	0.0	0.0	0.0	0.0	0.0	0.0	0.0	0.0	0.0	0.0
GCDF202	0.05912610632693618	0.0036993136987781864	-0.0100928833172186	0.0020868128228227144	0.0035156873397652207	0.0013802920986614906	-0.0009155349899318244	-0.0005588538760927643	-0.0003477608714431613	-0.000444135895499849	-0.00014921690755191104	-0.0002749105029727345	0.00015131958981528368	0.00011777552929524639	-0.00026313853013193607	0.0002971284974273325	0.00014893528474300117	1.007467416285652e-05	0.00029966984826018884	0.000906544456306944	-0.0013089600452655802	-0.00020773978240136174	2.5470734259722056e-05	0.00014829805478444073	-3.867367540160374e-06	0.0002901939422907004	-2.9582651574656977e-05	-0.00011862549871247638	-0.0006918132616647346	0.00023690235749648293	0.0006213693392853465	0.0005164142721210057	-0.00017939956034072793	-3.1277284798515695e-05	0.0003162733958352291	-0.00012153029251877263	0.00014284783463880328	0.0001073143165039602	5.553635681399581e-05	0.00010330303912953967	0.0005427358584460974	0.00022372522526509881	4.663541523641948e-05	-5.263915932965053e-05	-0.00019023717479245536	0.00014711449649951885	-0.000304607827747815	-0.0003615712188678439	0.00044919132243945273	0.0003457915806518097	-6.450444966933432e-08	-0.00011299159342116079	-0.00022906857983498322	-0.0002663316660212733	9.629092609622284e-05	-0.00033604481452129717	-0.00019419546279012532	1.5308786826302263e-05	9.952891045035898e-06	-3.203045141752324e-05	0.00030773826554568093	-0.0002459954272038031	-0.00015213142883229081	9.887126644310542e-05	-0.00024576721065854874	5.417628556635347e-06	0.0002011344233911612	1.2726540191959123e-05	-0.00017516611069850953	-7.657896618474817e-06	-0.000276878129939324	-0.0001558670887562787	-6.713158433944709e-05	2.583132330443377e-05	9.263681295284e-05	-0.00016258566772582703	0.00013990517490562008	-1.0089795844900502e-05	-0.0	0.0	0.0	0.0	0.0	0.0	0.0	0.0	0.0	0.0	0.0	0.0	0.0	0.0	0.0	0.0	0.0	0.0	0.0	0.0	0.0	0.0	0.0	0.0	0.0	0.0	0.0	0.0	0.0	0.0	0.0	0.0	0.0	0.0	0.0	0.0	0.0	0.0	0.0	0.0	0.0	0.0	0.0
GCDF209	0.002182905372133477	0.0056695620997633134	0.003078866401803007	0.002437418330799587	0.002564357585768414	5.799272158667316e-05	0.0017129409322362065	-0.0015387104588612723	0.0014931165486794567	0.00014067169997196422	8.067998148124983e-05	-0.0007807889619357696	0.00037978557338593525	0.0005522332731736678	0.002121925856977862	0.0009473159025960885	0.0014044503703886553	-0.0013551464948562614	0.00048689034655481845	0.000125789306546579	-0.0003912836552567406	-0.00053245626294442	-0.0002250968562983006	3.7439900389995525e-05	-5.9775814274022954e-05	-0.0004538246242438364	0.000403774171828274	0.0007146573232286691	-0.0013195316548613037	0.000765235707346811	0.0003862076100076297	-0.0008904007320962263	0.00014391068238681908	0.0006997457626845286	0.00024356819340173438	0.00015700752030780788	0.0012799744141140453	6.821866106278704e-06	-0.0004900375849669334	-0.00034033695173299607	0.00038542364633184473	7.418184350955948e-05	-0.0008446769702956911	0.0012604665705277939	0.0003952587944797467	6.006275130312245e-05	0.0007885009070690014	-0.00039638545828336977	4.55429367239333e-05	0.0001288248091510916	-3.632046189271112e-05	0.00016652717147337	0.0003102292350069363	-0.0003882172576191512	0.0003110077550007589	-0.00019664978024859912	-0.00028224113080175677	0.00013636793232022615	-5.4462165256433085e-05	0.0002346262818995191	-0.0003217251380746749	-0.00019803304471568758	0.000138293442989095	-0.000579595667104527	0.0002588648176608664	-0.000681461138482868	7.960368400774112e-05	-5.693891160917281e-06	2.670053574877688e-05	-0.00010927975411758646	0.00010508703365803824	-5.214008442439429e-05	-0.00039423204145445733	8.980459149456045e-05	-0.0001800345415013088	-1.2055762776413478e-05	0.00012484785919166042	3.9377061082642266e-05	-0.0	0.0	0.0	0.0	0.0	0.0	0.0	0.0	0.0	0.0	0.0	0.0	0.0	0.0	0.0	0.0	0.0	0.0	0.0	0.0	0.0	0.0	0.0	0.0	0.0	0.0	0.0	0.0	0.0	0.0	0.0	0.0	0.0	0.0	0.0	0.0	0.0	0.0	0.0	0.0	0.0	0.0	0.0
GCDF213	-0.053123765480832384	0.0011095072029187177	-0.005768423329255945	0.00018542184615246687	0.0010934922503044449	-0.00023904428451690913	-0.0017703885393341033	0.0008202237634760044	-0.00016442522896409389	-0.0003471794129792773	-0.0002388169379946232	0.0004416620080596504	0.001025951220361129	0.0007201071057612265	-0.000368420042838815	0.0002797940726059214	-0.00017293244209504977	0.00037317104482760516	0.00016689703989938327	0.0010674613963352051	-0.0003137630271797031	-0.0009806454011919384	-0.00039795354359935633	0.0006486522875724201	-0.000625573138525141	-0.0001579386562783478	0.00041631490758737113	-0.00011793986572758979	-0.0014221926842097918	-0.001204929028097948	0.0011362606664579744	-0.0006795115586185229	0.0003128406682762176	-0.00126853650361225	-0.0005224432251091347	8.061594487887214e-05	0.0005231063354574558	-0.00044244102774649175	-8.962878846166703e-05	0.00036843228917004183	-0.0003252729513209954	0.0011200395220675346	0.0011559913183270725	-0.00010137012805234753	-0.00016935086212185388	0.0002506379633975854	0.00026632106991927726	-0.0008162444019781968	0.00044325075620451753	2.324474170573889e-05	-0.00044398455254717996	-9.682365696213923e-05	5.381898680591227e-05	-0.0006770450355522609	0.00030401345231678917	-5.065305334634291e-05	-0.00034468450387939323	7.450805680436908e-05	-0.0002086255177948614	0.0007364604774475066	0.00026719438437681917	0.0006629442406601283	-0.000574671944174415	-6.33946849205149e-05	-1.3007030649963867e-05	0.00034356833798621393	2.894616125025085e-05	8.517465770183709e-05	0.00012763554756530342	0.000432150736970626	0.0002853057511012292	-0.0001509376460368191	0.00010399450872475333	0.00010530953125068474	0.00016680531392024498	0.00012167571133862783	-7.355440938723485e-05	1.679460888970064e-05	-0.0	0.0	0.0	0.0	0.0	0.0	0.0	0.0	0.0	0.0	0.0	0.0	0.0	0.0	0.0	0.0	0.0	0.0	0.0	0.0	0.0	0.0	0.0	0.0	0.0	0.0	0.0	0.0	0.0	0.0	0.0	0.0	0.0	0.0	0.0	0.0	0.0	0.0	0.0	0.0	0.0	0.0	0.0
GCDF215	0.053343086565625926	-0.00987106400054508	0.0032848979530534102	-0.006045874172620198	-0.003675608400916638	0.002147139171329109	-0.0013365834857201181	-0.003836332205915294	-0.0011232965555346703	-0.0018841807498572135	-0.0001598413526698639	0.0004887014925386226	-0.0003222191900126125	0.0006816510818149235	0.00011158724482085391	0.0009696729580194861	-2.8809223898800418e-05	-0.001929495176375486	-0.0007089512879707885	0.002208378487527469	0.0009281970521580579	-0.00011631355412504035	-0.00028589036488568917	-4.543204611753495e-05	-0.0010954525600158518	3.781191995711581e-05	-0.00016669415310237193	5.148480811552052e-05	0.0008819989134235657	-0.00033277337260820126	-0.0012951405849625432	-0.00010960232004629544	0.00031839465537843495	0.00026555240330938665	-0.0004933648642011151	0.00029547984222547737	0.0005384311680773541	0.00033117173633939593	-0.0001767498202427916	-0.00013852773084619682	0.0005798100711074432	-0.00021396824493305098	0.00010620081253598589	-0.0003012762776052492	-3.437390587504231e-06	0.0002833960144220666	-0.00011598687556398528	-0.0006908879286872287	0.00010914532493191143	0.00011125524068990365	0.00012489670783881414	-0.0004083284809006321	-6.876839026705216e-05	-2.2314947304879688e-05	0.00011219001073787246	8.824242582021573e-05	-0.00010224480050494092	8.704023428187844e-05	0.0004139245597302216	9.124513110538745e-05	-0.00033721708135285306	0.00012781629486253968	0.00013697026303578913	-5.67079402544244e-06	-0.00014115502675836192	0.00016749248089232663	-0.0003869755265977663	-0.00011058793159939415	4.638716699294505e-05	-0.00020251270435970372	0.00018446751457336925	5.6332888386204365e-05	-0.00018045102791358107	-0.00014506616318391672	-2.483410557567042e-05	0.00016335336057665803	-1.3258308371100755e-05	-3.5278330284314665e-05	-0.0	0.0	0.0	0.0	0.0	0.0	0.0	0.0	0.0	0.0	0.0	0.0	0.0	0.0	0.0	0.0	0.0	0.0	0.0	0.0	0.0	0.0	0.0	0.0	0.0	0.0	0.0	0.0	0.0	0.0	0.0	0.0	0.0	0.0	0.0	0.0	0.0	0.0	0.0	0.0	0.0	0.0	0.0
GCDF217	-0.02885294019369258	0.003209712481709638	0.0027461208954679384	-0.0028706600748318405	-0.0018381646780692073	-0.0014482375796901052	-0.0007485706356240334	0.0030818290389817583	-0.0008118528540066914	-0.0002109590652422356	-0.000589336266608399	-0.00015261883757046606	-0.000667253125898989	-0.00020338683417647692	0.0008736673409508847	0.0008194232897645646	4.582123651017911e-05	0.0009745366195301615	0.00019751427207645995	-0.0007778309391095538	-0.0006999156211481526	0.00042689603706434797	-9.680771457521501e-05	-0.0009681619004971389	0.0004994781758649855	-0.0005956255174812929	0.0001405273466488688	0.001617942946019671	0.000837538421872872	-0.0009418506191588097	-0.0005387423960830591	0.00013392490611267553	0.00012708315022256654	-0.001991447946853026	0.00045083772459965664	1.169957098420345e-05	0.0012362744378508084	0.0012804403632859112	0.00037630726828190335	-0.0005713643153617039	-9.204086689647016e-05	-0.0007253772211220318	-0.0003624160512834842	-0.0009285840037889558	0.0005126726254056875	-0.0007110368661257117	0.000663226467579606	-6.218503883961287e-05	-0.0002814402510028311	-0.00019958453937412378	-0.0003112184820804201	-0.00013956485777192934	0.0002535596929396171	-0.0005773038230770509	0.0002212397171388464	8.572420111756266e-05	0.00010458832925313682	0.00016466012588255098	7.267904814068172e-05	-6.786157301306321e-05	-2.528641028050131e-06	6.465158469843251e-05	-0.00010037680910672048	9.594042603256908e-05	-0.00022003645327985067	-0.000155853755249587	0.00016046437425634917	0.00011966896809600976	-0.00013397004703184456	8.784923658037922e-05	2.7671974298787217e-05	6.608832740587966e-05	0.00022412933890018688	2.969903466380133e-05	1.559270200500743e-05	9.554083656449674e-05	-1.861126541430223e-05	-1.97991297178919e-05	-0.0	0.0	0.0	0.0	0.0	0.0	0.0	0.0	0.0	0.0	0.0	0.0	0.0	0.0	0.0	0.0	0.0	0.0	0.0	0.0	0.0	0.0	0.0	0.0	0.0	0.0	0.0	0.0	0.0	0.0	0.0	0.0	0.0	0.0	0.0	0.0	0.0	0.0	0.0	0.0	0.0	0.0	0.0
GCDF218	0.015251948481755307	0.004160358852795142	0.0012161246482051055	0.00657137667141539	0.00039528181292063926	0.0018506771975927974	-0.0007125195448043679	-0.0015305137086987894	0.00037875259112996724	0.0008508095483401657	0.00065305330027545	0.000688337332422961	-2.602644997919019e-05	0.00023373020446733242	0.00013531711343576534	-0.00017859938992878494	0.0002413132812927263	-0.00024053660804025813	-0.0007968775598890801	-0.0002765722140076349	0.0007256270668080442	5.4443629884903515e-06	-0.0006816186497882485	0.00010622674487435958	0.00011760031947561491	-0.000221945427524708	-0.00024461520157060396	-1.6813365171042506e-05	-0.00014987735971357986	0.0003247694300159533	0.00040529733243121026	0.0004151852355198279	-8.314657016356852e-05	-0.00045048289500962554	-0.00037098732587669854	0.0005657386690000387	1.9914589151268155e-05	5.0395885536161375e-05	0.00016293497187039161	6.91247712172042e-05	0.00011626658973839947	0.0006383011772722883	-0.00045412440494069114	-0.0004423624822249362	0.00044435749603668535	0.00040361082620079397	-7.544429777127193e-05	-0.0005101992626784692	-0.00036365127350332886	-0.00010493331289236585	-2.2001157075964426e-05	-0.0005067816403410105	0.000810220909923332	1.5852602296380816e-05	-0.0010080790916415915	-0.0009833730711147413	0.0002744296755145561	-3.6426776980631655e-05	7.038193855479484e-07	0.0002862790673535098	9.836267937258063e-05	-0.00014219011353932529	0.00022574305599095873	0.0010615753562321724	0.0002446281435895814	-0.0003927901365790839	-0.0006392589700970376	9.252125667579888e-05	0.00038362157282595833	5.677034546754707e-05	6.818091934780044e-05	-0.00032764596075646505	0.0002017952806979539	0.0002937859853325038	-0.00022670429201368845	-3.804665985331681e-05	0.0002363039476899304	-3.2306096550130025e-05	-0.0	0.0	0.0	0.0	0.0	0.0	0.0	0.0	0.0	0.0	0.0	0.0	0.0	0.0	0.0	0.0	0.0	0.0	0.0	0.0	0.0	0.0	0.0	0.0	0.0	0.0	0.0	0.0	0.0	0.0	0.0	0.0	0.0	0.0	0.0	0.0	0.0	0.0	0.0	0.0	0.0	0.0	0.0
GCDF220	-0.019578520304944762	0.004428530955326907	0.00826210913221147	-0.002306715232428517	0.00012272811790224825	-0.0038382350895795987	0.001688640025425854	0.0012242171120615628	-0.004926016126474058	-0.0021533790432908097	0.001310753499280757	-0.000849748119326222	-0.003285361291898152	-0.0003100529259263391	0.0018045362689786857	-0.002122984617207326	-0.003088865801614288	-0.0012844809662397956	0.0018618151061395702	-0.0015127761235771337	0.0014286288835730853	-0.0008053940027587824	0.0004329689746148685	-0.000247183248025716	0.0009257265312820307	0.0007829493708113828	-0.0006265763683868598	0.0010173671291788678	5.5537341390804366e-05	-0.00022015226105250084	0.0006603182063271584	-0.0002410098631009502	0.0002772206068331984	-0.00010146088470907983	-5.5361699172968295e-05	-0.0002657066718572623	-0.00017393521132268	5.6429114219037695e-05	-0.00018523173277787107	0.0004225462070567805	-0.00024477897955233114	0.0006920330697027728	-0.0003168933219651425	0.00010025802775603779	-0.00027592036106597044	0.0005754309621165166	0.00028541041709701995	-3.953534648146351e-05	-5.3187132927501e-05	-0.0004700084711991704	0.0003617454631145493	0.0002079307615107939	-4.5870712561068486e-05	-2.307184667027444e-06	-0.00015363440059975878	0.00010975553287848386	-0.00011296981597097964	-0.0002554149156220391	9.88326824807341e-06	-4.5497233672224204e-05	-3.59049887486716e-05	-8.104131924676708e-05	0.0002168432905744355	-0.00011509651439722625	7.196930183898935e-06	0.00011663736208459636	-0.00015251265517707003	-7.312203075485807e-05	-7.454846856820577e-05	-7.643942933576355e-05	-1.5349893132048202e-05	7.012954630140822e-05	2.6250969160155816e-05	0.00013577386594133896	8.94517440637143e-05	4.608630016976102e-05	-1.184751052012921e-05	2.3424852126704034e-06	-0.0	0.0	0.0	0.0	0.0	0.0	0.0	0.0	0.0	0.0	0.0	0.0	0.0	0.0	0.0	0.0	0.0	0.0	0.0	0.0	0.0	0.0	0.0	0.0	0.0	0.0	0.0	0.0	0.0	0.0	0.0	0.0	0.0	0.0	0.0	0.0	0.0	0.0	0.0	0.0	0.0	0.0	0.0
GCDF222	-0.06314839758864033	-0.0010804555807462537	-0.009148568875297606	0.0018424318679038385	0.0006465139684838645	-0.00011987131022335477	-0.0007499720956918201	-0.00036280674581631867	-0.0020653699581913865	-0.0004175343123914928	0.0010353159152564414	0.0005226091509112433	0.0009466184945279613	-0.0001558374470040829	-7.254080791235174e-05	-0.00043906246963727687	-0.0004284912115231682	-0.002515598922253244	0.0004008743360957357	0.0005280742508247778	-0.0017067615837925586	0.0003784900991229473	-0.0006910443330416767	0.0005348192520443217	-0.00012060301259629846	0.0003308749555473158	0.0004053704255040676	0.0007935571959069831	0.0004079572844658869	0.0005423374202879405	-0.0004736553344369013	0.0009014438455727011	-0.001493929888929397	0.00027179081348626175	0.0023216304581117346	-0.001136348000231444	-0.00018064512760103	-0.0003226805819870349	0.00019692809439719646	4.47204474125396e-05	-0.00018933994361279677	0.0003119872560568515	9.275377611734296e-05	-5.651814965173943e-05	0.0004714723575453755	0.0006062424255759639	-0.00040645182543203674	-0.00014369575719952763	0.0002496540967139262	-0.000193093257317049	-0.00042478712233996903	-0.00025769881993714503	-4.424785300873167e-05	-0.0002712531738220609	0.00013275300986771824	0.0003187161866061011	0.00027007966699889985	0.00028233619846032673	0.00020800949806215404	3.266036755343963e-05	-5.60499637183096e-05	0.00035293960105645887	-0.00013465691652993808	0.00011615901939798049	-0.00011057399547335526	-7.733562759804018e-05	4.784598207942145e-05	0.00010331053582954669	-0.00011973154633148948	0.00016900104582828448	8.051306616193244e-05	-5.9179060916092365e-05	1.5691979534786212e-05	2.9399945132198122e-05	-0.00019007001003828382	2.6458835603333925e-05	6.892266281957713e-05	1.913247716684971e-05	-0.0	0.0	0.0	0.0	0.0	0.0	0.0	0.0	0.0	0.0	0.0	0.0	0.0	0.0	0.0	0.0	0.0	0.0	0.0	0.0	0.0	0.0	0.0	0.0	0.0	0.0	0.0	0.0	0.0	0.0	0.0	0.0	0.0	0.0	0.0	0.0	0.0	0.0	0.0	0.0	0.0	0.0	0.0
GCDF224	0.012008124656137611	0.0033129591950118863	0.0019478703891559535	0.004383733177863518	-0.000667691402611609	-1.8577716668285177e-05	0.0006656151483770863	0.0003465636163029619	0.0004506681174172437	-0.0009404503974279904	-0.0006493664680556953	0.000379443351257202	0.00021109721549398284	0.0006152434152903341	-0.0003786487497754183	0.00034895025552258985	-2.2571602084824337e-05	-0.0004948784583751937	0.0002259847881368537	-0.00014269640323675013	0.00014311899322994877	-0.0005907183940132593	-2.123036347777026e-06	0.00019671199526468557	-0.0004958291386713553	-4.5828340777065596e-06	0.0005499321957049648	0.00012634882975797696	-0.00016136782779634985	-0.0004921340514433429	2.8876010053437188e-05	0.0008496747615140899	0.0012593008228320127	-6.082851766549378e-05	-0.00029493566176420823	-0.0016092098741928376	-0.00010875055419166321	0.00014582805810638215	0.000635741978758053	0.00019969852390422997	-0.00021427706138241317	-0.0005356942932600563	-0.00027643764535151873	0.00030920315446508105	0.00022160014087778217	5.00511729024998e-05	-0.0005112144181550392	0.0012820226261611542	-0.00046485583828135635	-1.8596346259978497e-05	-0.0006669185499509895	0.0001727957319631414	9.789041761586161e-05	0.00046980654553265596	0.0012340893796174116	-0.0002678943826175388	-0.0006427187835005627	-0.0001507904844148614	-3.3393630893384115e-05	0.0002828906812552688	0.0001473870885600946	3.6215080518983236e-05	0.0004329013615646067	6.21131064560856e-05	-0.00018039939859071803	-9.031574644198868e-05	-0.0002311183588833873	-0.0005707561021751384	0.0005456535499995857	0.0006651878074579225	-0.00016188366165777746	-0.0005877217001899542	-0.00017062095952677072	-8.404109309713227e-05	-0.00012992899503838095	-4.6188063579474604e-05	-4.342041718523033e-05	7.498568022808225e-06	-0.0	0.0	0.0	0.0	0.0	0.0	0.0	0.0	0.0	0.0	0.0	0.0	0.0	0.0	0.0	0.0	0.0	0.0	0.0	0.0	0.0	0.0	0.0	0.0	0.0	0.0	0.0	0.0	0.0	0.0	0.0	0.0	0.0	0.0	0.0	0.0	0.0	0.0	0.0	0.0	0.0	0.0	0.0
GCDF225	-0.019964760211803902	0.005741593523073845	0.0026406505409966056	-0.0001229879556790313	0.0010866335303038486	0.0007142768103681264	-0.0008089686679034911	7.556724566693369e-05	-0.0004501965280883246	-0.00047319896918196914	-0.0004767362977945725	-0.0008743343360706478	0.00024234365229409475	-0.0003648616395018839	-0.0012783568387114198	-0.000582573717182448	-9.613100025003772e-05	-0.00011674442130591116	-0.0006172952109985562	-0.00025098881710278713	0.0002820345465388965	0.0005790705599753691	-0.0003241955468807225	-0.0009647740385871263	4.743142052130908e-05	-0.0010776869300170647	0.0001846314736649727	0.0007551047722964557	-0.00017998979294475692	-0.0003896509411555126	-0.0008799232939024814	0.0005518473492386773	-0.0011857704108271952	8.855572846874645e-05	-0.00013597583455723344	-0.0004028499583964786	0.0008627888867759288	0.0006326529219931347	0.0008558656817003736	-3.074381129585935e-05	-0.0009086883183455434	0.0016598382399372854	0.0006927831342198797	0.0012836626441996048	-0.0007895532680564306	-0.0003121148993101032	0.0002317870722948141	0.0010096819355057953	-2.906978711968122e-05	8.494433309080727e-05	-3.251209827533404e-05	0.0007277757359330133	-0.00010204927079189046	-0.00012586734823232906	-0.0006804332021351271	-0.00032791695296260947	-6.299923305680993e-05	-0.0003141949741009073	0.00022677161018644444	0.00034793813025081366	-0.0001718154887722182	-0.0005012638796052572	0.00019295816617489835	-5.270589400156255e-05	0.0001437392755237973	0.00040808511705736763	0.00010458066477790937	-1.5350057065314754e-05	-0.00015888309979652515	-0.0001541151419706394	-0.00014577007156824965	-0.00010756001622569262	-2.6357834716142806e-05	-9.990194287301885e-06	-3.895084262913781e-05	3.947120051978297e-05	4.5291815898508623e-05	-3.2599930047020217e-05	-0.0	0.0	0.0	0.0	0.0	0.0	0.0	0.0	0.0	0.0	0.0	0.0	0.0	0.0	0.0	0.0	0.0	0.0	0.0	0.0	0.0	0.0	0.0	0.0	0.0	0.0	0.0	0.0	0.0	0.0	0.0	0.0	0.0	0.0	0.0	0.0	0.0	0.0	0.0	0.0	0.0	0.0	0.0
GCDF226	0.024412151907655128	0.0023586310879841286	-0.0005026843299143118	0.00836505269016019	0.0002843787528443567	0.002491962987731407	-0.001879837135762321	-0.0015712158004414513	-0.00021789629313042177	0.0013298938058961712	0.0005918471575656504	0.0006086179490982799	-0.0009710985314392363	-0.00022637927965921616	9.05580796287565e-05	-0.0004298559877723164	-0.00032810610167265184	0.0006963956282629176	-0.0010586312131206854	-0.0004350026945455194	0.0008594197826311648	7.813296503709383e-05	-0.00017541387126727032	0.00011467470063250002	0.00016909081514872057	0.000274105543286874	0.00010579583038413211	-0.00021162427097905066	0.0003461585607168341	0.00012550140879737478	-0.00010616064514005413	0.0002135282501551854	9.392137620326586e-05	-7.909618072051995e-05	-0.0002728436951342032	-6.107737705332694e-05	-1.2662726835570426e-05	3.47130888577137e-05	-0.0005960230116561155	0.00016159227930826294	0.0003744295832306098	-9.957409861255309e-05	0.00010939188287119767	-8.984895302490789e-05	-7.100736297244448e-07	-0.0004196901166933664	0.0001271614002883008	2.3315354284215194e-06	-0.00048070419933817795	-0.0005185830332217697	-0.00011353980592963828	8.383354502861808e-05	-0.00024748972328155513	-0.00046896238542097954	4.681760470641137e-05	-0.00044038180752042493	-0.0003170815920747944	3.4228535444645204e-05	0.00033441835929371876	-6.366201970891278e-05	0.00014853059993358734	-0.0004595088775517733	1.6289254275607015e-05	-0.00033500858371674	-0.00010152281669614136	0.0002497328765327751	0.0003373437967621739	0.0003621640042233445	8.16257768405244e-05	0.000568377300686859	0.00015604095014488888	-2.93097348981954e-05	-0.0008506554916327549	8.457750515566722e-05	-2.581445527174324e-05	6.092179931987582e-05	-2.5063093322432705e-05	1.949845076351786e-05	-0.0	0.0	0.0	0.0	0.0	0.0	0.0	0.0	0.0	0.0	0.0	0.0	0.0	0.0	0.0	0.0	0.0	0.0	0.0	0.0	0.0	0.0	0.0	0.0	0.0	0.0	0.0	0.0	0.0	0.0	0.0	0.0	0.0	0.0	0.0	0.0	0.0	0.0	0.0	0.0	0.0	0.0	0.0
GCDF227	-0.006486875317190732	0.006087836277818022	0.0036332878352480892	0.0013675398235121312	0.0031990641247811894	0.0001593416263359047	0.0016249628577602103	-0.002408253852968295	-3.191054082363726e-05	-0.00113864834049667	0.00034479659123664316	0.00022640702484531063	-0.0003083068957641325	0.0010267428936889666	-0.0005398259451174669	-0.0004784695096270576	-0.00011679720906708103	-0.0003879870768983645	-0.0004555180646199166	0.00044255281493541833	-0.0010360051399800948	-0.00035609052947933986	-0.00032325484586515096	-0.0003661289444693837	-0.0003599581537102372	0.0015889820516559047	0.00036590703022513165	-0.001007083612993786	0.0008255630832856203	0.0002957362726075145	0.00046216538577716884	0.0008531442833848016	-0.00026096142051227597	0.00019864459142408586	4.7138120281350514e-06	0.0011318594779199406	0.0009871719040018736	0.0010493555616741502	0.0001566953979965525	0.0007390591489026428	-0.0004572025758224559	-0.00038861223930617013	-0.0005621656345072611	0.000501413951536187	0.00020150677513019663	0.0006659015122246431	0.0010611129468470447	0.0008547118869958182	-0.0005200636133537483	0.00039589156136728577	0.00021057474950815378	0.0004512468018284742	-0.0006411029245763293	4.688078028515166e-05	8.199941831752804e-05	-0.00031588649996353084	0.000339999964237509	0.00013307424882922828	0.0005155407500781887	0.0004991942547498687	-0.0005618083682881137	0.0002608149959164361	-0.0006855524495403126	-7.287845028193236e-05	-0.0002476803505361852	7.778360090063745e-06	3.7211204945732795e-05	-2.0903373561076796e-05	9.201490640772531e-05	8.513639632300132e-05	0.00011561618633047312	1.5039288447109947e-05	0.00011551587510790995	0.00021140654896120812	0.00022168547468090117	-6.691451265223841e-05	2.2013135013787477e-05	-3.4250067851909976e-05	-0.0	0.0	0.0	0.0	0.0	0.0	0.0	0.0	0.0	0.0	0.0	0.0	0.0	0.0	0.0	0.0	0.0	0.0	0.0	0.0	0.0	0.0	0.0	0.0	0.0	0.0	0.0	0.0	0.0	0.0	0.0	0.0	0.0	0.0	0.0	0.0	0.0	0.0	0.0	0.0	0.0	0.0	0.0
GCDF228	0.022439001784475936	0.0009312085657302476	0.001092741288860077	0.006822004625841113	-0.002141092076604966	-0.00026762689094144066	-0.0006024426019252556	0.0006745574440302984	-4.710358430556337e-05	-0.0016412911768296813	-0.0014482218375542959	0.0004757075725726713	-0.000509261450450922	0.0005645043049947249	-0.00015999804465063647	0.001016391105535989	0.00018886434575903055	0.0005420374457413398	0.0006292512742133294	0.00020546215578482173	-0.0005811887485783925	-0.001254719508565589	-8.71567885057802e-05	-4.4838705486024554e-06	1.58487937698791e-05	0.0001794113432258064	-0.00038803079057766256	0.00035182473599915066	-0.00084631253029705	7.141592915535208e-05	0.0003677105786289698	3.151887541093435e-05	-0.00021424968401846368	-0.000306771947851564	2.9609043144501535e-05	0.00010223422107939837	0.000479110746979002	-0.00012072799403976299	0.0003652211454795995	-0.0003863441867918582	-0.0005058914621948397	-0.00040506569558751085	0.0003343022237822708	-0.000564063840390805	-0.0002771309604547346	-4.333810700564971e-05	0.00017747001747540257	0.00021159733938469063	0.0009892603114820572	0.0007259670605393324	0.0007974297048353429	-0.0007512202309474115	0.00045391098043108915	0.0002607972291423126	-0.0005977938168059716	0.0008650990528790785	7.468877791814548e-05	-0.0005059374277250689	0.0005116508186383893	-0.00020517195696509083	-0.0005824308025926733	-0.00028894233128305653	9.880264784804171e-05	0.000261992479065185	-0.0001805122246341631	0.0003097436566780568	0.00028631039367893235	0.0002543466637802107	0.00038466088870602673	0.00012550461040651645	7.506768669941602e-05	6.60070740631823e-05	0.00013403240998101137	-0.00012215675472532843	-0.00028541119638216824	-6.530726241956407e-05	-9.152476914921481e-06	0.00010451088906855622	-0.0	0.0	0.0	0.0	0.0	0.0	0.0	0.0	0.0	0.0	0.0	0.0	0.0	0.0	0.0	0.0	0.0	0.0	0.0	0.0	0.0	0.0	0.0	0.0	0.0	0.0	0.0	0.0	0.0	0.0	0.0	0.0	0.0	0.0	0.0	0.0	0.0	0.0	0.0	0.0	0.0	0.0	0.0
GCDF229	-0.010562031065046634	0.006162517202059594	0.0034127056708270227	0.0004580675056216558	0.002532833471202489	0.00043102726894871915	0.0009851183266689062	-0.0015370623668787026	-0.00031439180706568324	-0.0005135611092088989	0.00036234977248115476	2.34092171132548e-05	0.0002848446755390658	0.0007869467730222835	-0.0005949776438548605	-0.0003617538338878773	-0.0005052497373066009	0.001226126466796352	0.00104745529506684	0.0010333351212679866	0.0011750704832513006	-0.0011197667649655559	-0.00019475683135080198	-0.0005696830295421289	0.0007247608332379665	-0.0014024913273296303	-7.431919731418422e-05	0.00031104975121014886	0.00039012617128786884	0.0006722510668326168	-0.0011170471991824716	-0.000605181435012158	-0.00017314688490542893	-0.00019597661618328484	0.0005193645592010162	-0.00012370293343922772	-0.0010567654110856452	0.0006561134156170133	0.00013704607894939798	0.0002350519936727544	0.0003731982731199376	-0.00043508716564839985	0.00025760846418111677	0.0004820134145799042	0.0014264053626763858	0.00013962412302243328	0.0002684920029593867	-0.0002021094854030834	0.000977467479069233	-0.00029639148998114237	-0.00016667416264313316	-0.0008922601272561093	0.000540472530470531	0.0006263303767166437	-1.7077772916536515e-05	-0.0003356251515756457	-0.00031221475416362126	0.0003921012737496744	-0.00010014509827499133	6.172058798046529e-05	0.0002748886630933617	-0.0005406158806018863	-0.00047790500587212726	-0.0001625699293076369	8.740454465817797e-06	0.00023969142333236877	0.0003821498427067245	-0.00039144657479438726	-0.00010632758589532091	-6.175958767533124e-05	0.0001418829896373224	-0.00014785548443061459	3.0652811647343106e-06	0.0001271467171034798	0.00022027751230974745	-6.28486132416703e-05	-1.3110291727785304e-05	2.1163490502242288e-05	-0.0	0.0	0.0	0.0	0.0	0.0	0.0	0.0	0.0	0.0	0.0	0.0	0.0	0.0	0.0	0.0	0.0	0.0	0.0	0.0	0.0	0.0	0.0	0.0	0.0	0.0	0.0	0.0	0.0	0.0	0.0	0.0	0.0	0.0	0.0	0.0	0.0	0.0	0.0	0.0	0.0	0.0	0.0
GCDF230	0.0011920707148585189	0.005150489764612012	0.0023417770944724175	0.0014309099633612317	0.0016056043627333892	0.0002446965529659539	0.0016314818494324993	-6.0761735986208985e-05	0.0002365605212430967	-6.193338667439714e-05	-0.0001924403919539945	3.3398207674719454e-06	0.0007358533288756331	-0.0004603349918880319	-0.00040729754787391994	0.00029423996984548784	-0.0006119357064728152	0.0004730154755012486	0.00031848312669771443	0.00019910479958017784	-0.0002839797090136238	-0.00027586438750805013	-0.0001053926868640646	-0.00010974118799715448	-0.0005093497135417762	3.729582037098971e-05	0.00036056581435493876	-0.00011409572892974284	0.00037564051616824297	-0.0008101525903087283	-0.0005703178968306945	0.00104289762266365	0.00029754568028597466	0.0013834839604371467	-0.00021383739533897275	-0.0003245525944757763	-0.0009263983796199937	0.0004770944690109084	0.0007633711385695394	0.0011856260152664827	0.00028251201395317434	0.00026853249781546613	-0.0003248705033537446	-0.0006062763983728975	0.00024113404722623155	2.79358969686839e-06	0.0009823945706698895	-0.0002540903787878541	-0.0002544777110862261	0.0004968386957221919	9.767697559964383e-05	1.1823540128645276e-05	0.0012067554443560954	-0.0002905344518519567	-4.3502069399381706e-05	0.00043930492330061105	-0.00027945937057563433	-0.0004124474748549758	-0.00024010943842839408	0.0002632973033751178	0.0006631423454571565	4.986176315538999e-05	0.0003102294890791609	-0.00013601717448200677	7.328301256836875e-05	-9.935215755040886e-05	0.00012816706730749817	0.0007419154044245725	-0.00015403327374465114	-0.0003035173679196535	0.0005273680984516554	-0.00012826759525641414	1.2652747259816422e-05	7.196005756807632e-05	-4.285264823778413e-05	1.2583790940611666e-05	-6.503527536227808e-05	-6.020249527180386e-05	-0.0	0.0	0.0	0.0	0.0	0.0	0.0	0.0	0.0	0.0	0.0	0.0	0.0	0.0	0.0	0.0	0.0	0.0	0.0	0.0	0.0	0.0	0.0	0.0	0.0	0.0	0.0	0.0	0.0	0.0	0.0	0.0	0.0	0.0	0.0	0.0	0.0	0.0	0.0	0.0	0.0	0.0	0.0
GCDF231	-0.0011180264550951302	0.0061384096942433365	0.0023196416351177946	0.0017559161835660245	0.0029993944667311163	0.0012383341583590613	0.0016525097183045633	-0.0018579231335899525	0.0005002130302162957	0.000336817329095147	0.0009116135168444109	0.0001358539156845671	3.19622012460038e-06	-5.7696835385071114e-05	-0.0006386659736535846	-0.00023624952668676826	-0.0005644225382419523	0.0004240555155244124	-5.85957839808218e-05	2.938769623045493e-05	0.00011123507391657341	-0.00031027198887236755	-7.986334644712659e-05	0.0001271788110260304	0.00019919210309296404	-0.0004044323459486405	-0.00011431023949935785	0.0002448165071771096	0.0009121482445778859	0.0004904106791026161	0.0002464041084074013	-0.001492178258419061	-0.0004840075321009373	-0.0009258571346488858	0.00016211506295314303	-4.1390461081337846e-05	0.00012465695433815598	-8.762918311391212e-05	-0.0008681782991518907	-0.0006072983542103878	0.00019646279413590702	0.00022814001962292733	-0.00017697174476537735	0.0008710121798951983	-0.00048704511530823347	-0.00032839803786032944	-0.000856277606599189	0.000432967919892937	8.876330639222132e-05	-0.0002566476336849726	-0.0005362980062096438	-0.0008005697479958068	-0.0009280105448538359	5.9364795730247085e-05	-5.2142617534234574e-05	-1.872115739907274e-05	-0.0005394222947791817	-0.0008489386950742506	-0.0003214707685477534	2.1979532609867564e-06	-0.00046805239191153393	-8.825648238375905e-05	0.00017873084773497897	0.0002849051933382054	-8.18088734754375e-05	-0.0007145018423694346	2.3013714356301066e-05	0.0005365488739092609	7.226823931589602e-05	3.6232231343601775e-05	0.0003143007178001299	-0.0004610464813827598	0.00022564432556505226	-0.00023871010996423615	-7.213231050456747e-06	9.229248964251862e-05	-9.683960090426293e-05	-5.773036921886072e-05	-0.0	0.0	0.0	0.0	0.0	0.0	0.0	0.0	0.0	0.0	0.0	0.0	0.0	0.0	0.0	0.0	0.0	0.0	0.0	0.0	0.0	0.0	0.0	0.0	0.0	0.0	0.0	0.0	0.0	0.0	0.0	0.0	0.0	0.0	0.0	0.0	0.0	0.0	0.0	0.0	0.0	0.0	0.0
GCDF232	0.008582178789038192	0.0034531460966196904	0.0034650710167588965	0.003667056869316466	-0.0011794071010704705	-0.0004426682902762032	0.0015493446384087697	0.00139149026978416	0.0012542163457310688	-5.752144614670383e-05	-0.0002700484870701078	-2.6473593905045374e-05	0.0015866089461355872	0.0008825359296184576	-0.0004237424627020132	0.00016806920293430626	-0.00023372522561436842	-0.0007814727253547933	0.0005233497542151411	8.310586295295001e-05	0.0003956699591706226	0.00029137280781192513	0.00021683767607726855	-0.0006893266502583737	0.0007076815876306779	0.00012312679941881946	-0.0005139674173742777	-0.0006562402716332892	0.0010559316247417518	-0.000651262067377049	-0.0007461568091976643	0.0003039971389300737	0.0004887674887556277	-0.0009319840747766716	0.000724783446001921	0.00025225668502774467	0.00013685297030478438	-0.0006556828416043615	-0.001298932375234904	0.0008097145863214044	-0.0006111058411096598	-0.0006779610272035865	0.0003041522188018928	0.0004151196827595047	-0.0009672746330454456	-0.00038853025557231125	1.4682398433552796e-05	8.354005341538972e-05	0.0012734881502190377	-0.0003838338133481303	0.0006733130958960948	-6.653406361534403e-05	0.0006601573567615649	0.00031077834551409867	0.0005473202920666395	-0.0006521981275832708	0.000578128139200362	-0.00044325526548446014	-0.00013855137250295556	0.0007063785237804109	6.949410659358417e-05	0.0006722976321870478	9.552823488656214e-05	0.0003187208756891173	6.227981635918467e-05	-0.0001240559209116721	7.074676163463884e-05	0.0003514711220362514	-0.00022330524863940242	3.7913241756651666e-05	-0.00045013399664504267	-3.497039583559419e-06	-0.00019378690938525361	9.490058535453407e-05	5.8311052936440467e-05	-5.025390945922892e-05	0.00015459221559759487	-4.488506858813574e-06	-0.0	0.0	0.0	0.0	0.0	0.0	0.0	0.0	0.0	0.0	0.0	0.0	0.0	0.0	0.0	0.0	0.0	0.0	0.0	0.0	0.0	0.0	0.0	0.0	0.0	0.0	0.0	0.0	0.0	0.0	0.0	0.0	0.0	0.0	0.0	0.0	0.0	0.0	0.0	0.0	0.0	0.0	0.0
GCDF235	-0.02251150902794325	0.004447952994784405	0.0029596203936214966	-0.0014932140175621309	-0.0007046289141107699	-0.0005940007115040252	-0.0003279429428402533	0.0015854121233989911	-0.0009968412860344347	-0.0007322051384067034	-0.0005650432167408115	-0.00039955399437491826	0.0009473607295165777	0.0005541985764708319	0.0012713397237632794	0.0007526421775873417	-0.00012545525911340666	0.0013274367321059756	0.0006193148312765913	0.00045977898590099283	-0.00022540749170938114	0.00034026873706999365	0.0006574845363437827	0.00031744875486068076	-7.850847097071362e-05	0.0006700677988370997	0.0009707619757082031	0.00016527235568780104	0.00026871387830374154	0.0009761240324225819	-0.0012293219027754653	0.0006112576160849109	0.001299078566169508	-0.00017317080414246128	0.000821943072623412	0.0011152964877155793	-0.00013195281368302852	-0.0004334621773371068	-7.67181546990084e-05	-0.0007319635165554308	0.0007290948843919098	0.0008566790371570387	0.0007701885842234527	-9.154834450612754e-05	-0.00022331779158733895	0.0009486071437623553	-0.0003844648256158014	0.00022940666512744306	-1.9300811807257178e-05	0.0005520837302621605	0.00019237442294357408	0.000432464425221375	-0.0005563622098461343	0.00014454881526566136	0.00048081077794144875	-9.421493120499098e-05	-0.00035343359985605914	-0.00037425569673819317	0.0002516453359703509	-0.00045307686986631506	0.00010807708466396623	-0.0002912327724910311	0.0001852404150686179	8.789877133429356e-05	-0.0002931005584241228	-0.00019222287184008296	-0.0004979773825430968	2.5938275679900347e-05	-7.167153126423439e-05	0.000249274771016496	0.0002294665175989712	0.00026572359866518914	6.575792208634653e-05	0.00016423940069956635	5.213000674787462e-05	9.726700208430091e-05	-8.190219307021596e-05	-8.449520231631318e-05	-0.0	0.0	0.0	0.0	0.0	0.0	0.0	0.0	0.0	0.0	0.0	0.0	0.0	0.0	0.0	0.0	0.0	0.0	0.0	0.0	0.0	0.0	0.0	0.0	0.0	0.0	0.0	0.0	0.0	0.0	0.0	0.0	0.0	0.0	0.0	0.0	0.0	0.0	0.0	0.0	0.0	0.0	0.0
GCDF236	-0.04451793039583032	0.0034723632652460773	-0.002881979334989231	0.0001749919114545176	0.0017837865863421939	0.0015003696949200957	-0.0022010426814776706	0.0002465908561177313	-0.0011094249591611916	0.0003806849809171307	0.00024488832489651097	0.0008275072289635688	-5.4230894806689235e-05	0.0002738616389830135	-0.00037327706349789166	-0.00014331860259058458	4.9737105656562026e-05	0.0005002290273109769	-0.0003531867861780556	0.00012081116731599879	-0.0002699201695494288	-0.0006716335888823	-0.0004902394695002274	0.00019115099423454174	0.0009353656818434819	0.00013916630603154432	0.00013324550841396833	0.0006335031701185202	0.00011542753768649384	-0.00048585389775535363	-0.0005741760430330171	-0.0001642480055774441	4.7417401338679436e-05	0.0007916823281124336	-0.00022726392780119696	0.000587976838846159	0.0007476949346432167	0.0008332810397277846	0.0009984036018759275	0.0003995448987002298	0.00024121228742217884	-0.0017113876907833322	-3.307556981395482e-05	0.00015131859940759762	-0.0014312695536299461	0.0003770361832296167	-0.0015224163365834755	-0.0002774208753504253	0.0003163218455315632	-0.0005819510952391101	-0.0008786926395392187	0.0006277988101488856	2.3179557422080322e-05	-0.00037450311117284045	7.224893844484803e-05	0.00015976285095997662	0.0001981717579148532	-0.00023804487345460804	7.408374045946667e-07	-0.00025822828843758436	0.0002444695251475345	-0.0002820438619680509	-2.893862735524912e-05	0.00011949244986143632	7.573101148051029e-05	0.00013015665116653834	-1.8711337998951247e-05	0.00013811433307150226	-6.0355335244321e-06	-0.00027573636252072416	0.0003516255887727444	1.836716307634038e-05	3.657439120873898e-05	8.77005986723289e-05	-6.028846804308115e-05	-7.266524396283946e-05	4.1523752025542827e-05	-4.586853200527237e-05	-0.0	0.0	0.0	0.0	0.0	0.0	0.0	0.0	0.0	0.0	0.0	0.0	0.0	0.0	0.0	0.0	0.0	0.0	0.0	0.0	0.0	0.0	0.0	0.0	0.0	0.0	0.0	0.0	0.0	0.0	0.0	0.0	0.0	0.0	0.0	0.0	0.0	0.0	0.0	0.0	0.0	0.0	0.0
GCDF237	0.00939393260199483	0.004187102791507231	0.0018360365157298875	0.003695214264140375	8.311648499021559e-05	0.0005666032766917151	0.0007446181851351162	-0.00013014307243567285	0.0002357493847439688	-0.0002989206629020787	-0.0005125005458486231	0.00011158203368261287	0.0006085944796477655	0.0004338202924726086	-0.00026091168909754574	9.933141548256589e-05	0.0003140710081174681	1.302059872925858e-06	0.0005170165770012605	0.00018708104865649612	-0.0001860269885413533	-0.00023774253975493756	0.0010489315841241684	-0.0002729690570771566	-0.0004657674757768544	0.00017847008515165948	0.00023395965316039114	0.00023809941661576394	-0.00010539412670942716	0.00045485854072063324	0.0001564072442616343	0.00013996942160419978	-0.000500062195320601	0.0001035010574720903	0.00016906899286151344	0.0005946239070649781	-0.000397092130059226	0.0002308782003803394	-7.805667695118964e-05	0.0008665488842604887	0.0011747493943320068	-0.00035693076175590037	0.00018436784414119835	0.00042285807641017064	-0.00019452627166543522	-0.00047934791339652896	0.000256183964277831	0.0009577055968677417	8.941779397487768e-05	-0.0007510635575878628	0.0006005842872547881	-0.0006894875938276661	-0.00012390732053779464	-0.0018481853678847869	-0.000567608585303424	0.00011739574549817568	-0.00019665162488703992	0.00012934929600680255	-0.00031380929162917514	-0.00039028428759589487	5.601990340468543e-05	-0.00024453422082380334	-0.0005964806723136562	0.00012146960732060639	0.0003448369040061785	0.000294764354835864	-0.0009805270995463012	-3.6553556680248624e-05	-0.00011258398629019195	0.00027873278393267384	-0.0004812718230816679	0.00016518199895561666	3.5785348946045985e-05	-7.890094817401574e-05	-7.543094631782301e-05	3.616735545846427e-05	-4.092018483157721e-05	-8.665016698716953e-06	-0.0	0.0	0.0	0.0	0.0	0.0	0.0	0.0	0.0	0.0	0.0	0.0	0.0	0.0	0.0	0.0	0.0	0.0	0.0	0.0	0.0	0.0	0.0	0.0	0.0	0.0	0.0	0.0	0.0	0.0	0.0	0.0	0.0	0.0	0.0	0.0	0.0	0.0	0.0	0.0	0.0	0.0	0.0
GCDF238	-0.07043855261413028	-0.001640404828814268	-0.012299727397823333	0.003425249770918545	0.0013786808008441147	0.0019993052322424152	-0.00013701394095584293	-0.0018312304742798822	0.00020588670717954706	0.0006941468647429718	0.0018573362962319053	0.00011545006156291373	-0.0006907463004913359	-0.00015574895151862164	-0.00012858452938153253	0.00039796063903411284	-0.0002497001185359983	0.0005856928992583715	-0.0008672351329157269	-0.000980062794456418	0.0012487412835484827	-0.0002788539882320047	0.0013281435919425526	-0.0002450391701088584	-0.000649416619578624	8.053748083032275e-05	0.000795639782676654	-0.0004394074797327694	-0.00011130577624231079	-0.0019400301367252027	0.0007456099210146435	0.0009374496462563777	-0.0005403015953275083	0.0001377895383640803	0.000721857920058591	0.0018287517104434803	0.0002124221953139029	-0.0003075622617833802	-0.00011430944375633335	-0.00028505874637080195	-0.00017640899763579602	-3.623577480301716e-05	9.817830342717113e-05	-0.0001327609106992892	0.0004260918087155998	0.00034164738863179134	1.0864405691388028e-06	0.00015302468950485927	0.0006155949702036407	-0.000552632816528337	-0.0006805467031129294	-0.00031124242390708114	-0.0002744397016069002	0.0003511500227525124	-7.885595077078261e-05	8.585789062781511e-05	-0.0005081650497502613	0.0006770163352989651	-0.0002421031950038393	-0.0001609030160021532	-0.00014118441152739846	-0.00016455123278288176	8.803597379907604e-05	-0.00014658726510472251	0.00025548527893503795	-5.507016964566966e-05	0.00026889011381043746	0.00016072990675028878	0.00013953579515323176	-0.00017915846039385732	-0.0001472695559894546	-0.00011456149223622314	-0.00024401190958871493	2.4001264695317578e-05	-7.395845574342356e-05	-2.843519377414694e-05	-6.846553228565323e-05	-0.00011997196561327596	-0.0	0.0	0.0	0.0	0.0	0.0	0.0	0.0	0.0	0.0	0.0	0.0	0.0	0.0	0.0	0.0	0.0	0.0	0.0	0.0	0.0	0.0	0.0	0.0	0.0	0.0	0.0	0.0	0.0	0.0	0.0	0.0	0.0	0.0	0.0	0.0	0.0	0.0	0.0	0.0	0.0	0.0	0.0
GCDF239	-0.08289362215538557	-0.0122063929019466	-0.008232085442769101	-0.008500811244239051	-0.016107206671216623	-0.004830514104352262	0.0019885286303114092	-0.00820214791218819	-0.003029730867116328	-0.0011906578863541632	0.0011998436891678243	0.003018871342153604	0.001126139079157702	0.0006476480317014064	0.0007189166485335022	-0.000505666892564051	4.5769751265886796e-05	0.00022645483735537228	0.00017548955982378146	-7.09729162606068e-06	-0.0002509457765220455	-0.00016121720608474853	-0.00026248132951837836	5.112108845016009e-05	-7.839527934518953e-05	2.0098054509505728e-05	1.1222934350452525e-05	5.0447836487839275e-05	-9.748535118840531e-05	-0.0004195503286238951	-9.407872190849384e-05	-0.00014238560856830683	2.1243655286498444e-06	6.831194379164461e-05	-0.000420544436132695	0.0002144565985456086	-0.00012275254256398328	3.707110261281884e-05	-4.052997627634489e-05	-0.00020595746866874424	-3.4073938198252564e-05	-7.425587522133669e-05	0.0001445568667810246	-5.8635304424792215e-06	-2.4403484994028943e-05	-9.115493251085902e-05	-1.3965135860971756e-05	8.233691211061686e-05	-0.00012416128284071834	2.4373488325142057e-05	-2.9869017102557832e-05	-8.30961647043685e-05	3.805914737139601e-05	-4.96265462350678e-05	6.660208186177997e-05	-2.0103325572434826e-05	8.416940924755802e-05	7.473950410346721e-05	-5.702242378699889e-05	5.353092991591662e-05	9.38699346358117e-06	0.00015063482818392503	2.6232463920920782e-05	-0.00014042517930885047	3.963950258337522e-05	-1.716995190559969e-07	-5.766708067841694e-05	7.371469645322057e-05	4.5658894726095204e-05	6.424437077435195e-05	3.8348969771884615e-05	3.8648461637958654e-05	1.5124774399916088e-05	-5.40161572055454e-05	-7.645687220114365e-05	-5.653432073708739e-06	2.4598144877636128e-06	-1.1257281421474334e-05	-0.0	0.0	0.0	0.0	0.0	0.0	0.0	0.0	0.0	0.0	0.0	0.0	0.0	0.0	0.0	0.0	0.0	0.0	0.0	0.0	0.0	0.0	0.0	0.0	0.0	0.0	0.0	0.0	0.0	0.0	0.0	0.0	0.0	0.0	0.0	0.0	0.0	0.0	0.0	0.0	0.0	0.0	0.0
GCDF240	-0.08477551966203993	-0.0037225924207180765	-0.016978861346494813	0.0018443193800480112	-0.003120962303218089	0.0009333758267374855	0.0032085093847966217	0.0023546236576165434	0.003032124994657471	-0.002258181491974967	-0.00041096093647351634	-0.0017205848372045035	0.0008778041247135945	-0.0014506929450118918	0.0009086059486072636	-0.002982786150647723	0.0022805533356322866	0.0008045526737897858	0.000539170644016442	0.0006217067184004989	-8.200277797035439e-06	-0.0003478603892443277	-0.0003435310379240164	-0.0003099846447598344	0.000480447556348886	0.0005414564200610172	-0.001037157833951279	9.094288890523776e-05	0.00020132091432258716	0.0007263632706194724	0.00014677785011893963	0.0008527254642002386	-5.173265940196831e-05	-0.0004799086246830194	-2.0348152920641545e-05	0.00015616931212988403	0.0005065473395312773	1.943163048698275e-05	-0.00033580708819511433	0.0005560038185771134	0.0003679804782380209	0.00018311361040009038	0.00022641627092539356	7.535191694630292e-05	7.547445332761933e-05	5.4498588032827074e-05	-0.0002168753842645639	-0.0003281822414612677	-1.341754909027693e-05	-0.00032505674649260325	-0.00012426336380624273	5.621309480013581e-05	-7.992521671572259e-05	0.00016239739603127908	-0.00013944629163279614	0.0004182643234862405	-0.00043897227371407407	0.0002153775119516516	0.00013365516781875018	2.663724664883215e-06	5.2570078769543846e-05	3.8284614283261906e-05	0.0002279740520347146	9.645214720028418e-05	-1.0186287887431462e-05	0.00011668575205598022	8.062388224215699e-05	-0.00011464290430730358	-3.942300098041031e-05	-0.0001960456768088957	-0.00041575100613600155	-0.00023104804050002104	-0.00013091610786470758	7.632746401625419e-05	7.200630459392457e-06	-3.9308761653964064e-05	-8.956116094910243e-05	-6.620145100056835e-06	-0.0	0.0	0.0	0.0	0.0	0.0	0.0	0.0	0.0	0.0	0.0	0.0	0.0	0.0	0.0	0.0	0.0	0.0	0.0	0.0	0.0	0.0	0.0	0.0	0.0	0.0	0.0	0.0	0.0	0.0	0.0	0.0	0.0	0.0	0.0	0.0	0.0	0.0	0.0	0.0	0.0	0.0	0.0
GCDF241	-0.02041229955168849	-0.0038076595962875325	0.011767290755605635	-0.007280476069528205	-0.003132237904383836	0.0006142833818084877	-0.0010756093429338048	-0.0015234204223474848	0.002625509660526359	-0.002054835897379937	-0.0013818208285061573	-0.0003332623928118752	-0.0035425102464964535	-0.0012938079985640861	0.00033624510067537807	-0.0031498561007622175	0.00015346495750583563	0.0006200245704484882	-0.0008355573405871826	0.0017985440078902052	-0.000274842359041137	0.0006815206554913773	0.0003031784541160262	-0.0005152713947594736	0.0005978655046962529	-0.000870767534133726	0.0007181429756771558	0.0004434498089445022	0.000675075111819223	-0.000185754773497964	3.307774302832932e-05	-0.0004620569118371806	0.0005877994908138154	0.0004597749154285285	0.00015815590697137283	0.0006603316863950665	-0.00017476669721905528	-0.0006351778041224953	0.0008998204250519176	0.0003390888195736284	0.00017623611090772856	0.00028330027858769686	-6.787012923817455e-05	-1.1857341086606022e-05	0.00024065440741003442	-3.9080258196985546e-05	-0.00019046088847808165	0.0002787026060681353	-4.306324962312752e-05	0.000212494023798607	0.0002497764736430632	-0.00022312350860888953	0.00040973331786161877	0.00013952693359550088	0.00025538954011210084	-0.00045577377058650463	0.000305858873988002	0.00017014272450292778	-0.0004819082737935876	4.693907824084229e-05	-0.00033830858017070423	0.00019336656192983352	-0.0001294648060930128	-0.00016937245649819321	-2.468611879292651e-05	-6.662131297189803e-05	0.0002602207866080796	0.00025579982389125337	-5.003766663334047e-05	0.0002533311333152125	5.1462265875364845e-05	3.090471805642904e-05	5.674048560561922e-05	-0.00011027848551873325	-9.01553360348754e-05	6.456243277162914e-05	2.752111487694613e-05	1.383370001348064e-05	-0.0	0.0	0.0	0.0	0.0	0.0	0.0	0.0	0.0	0.0	0.0	0.0	0.0	0.0	0.0	0.0	0.0	0.0	0.0	0.0	0.0	0.0	0.0	0.0	0.0	0.0	0.0	0.0	0.0	0.0	0.0	0.0	0.0	0.0	0.0	0.0	0.0	0.0	0.0	0.0	0.0	0.0	0.0
GCDF243	-0.081794478830381	-0.002647120726929592	-0.016377773580542765	0.0029842896752653317	-0.0012199867144385812	0.0017355300949440907	0.0025986796760141557	-0.0020286743901441863	-0.0005288807870807402	0.0043655056992451926	-0.00672673980393831	-0.0007832592241135285	-0.0005267883774438259	0.00040902280219473765	0.0003361055333740731	-0.0009571351616089913	-0.0011901521645448817	-0.0003151739496301568	3.687798989041144e-05	-0.00023946965280480034	0.00021341006386463697	-0.0001432480495315745	-0.00021104740436270932	0.0001980764055335739	-0.00015920390091953446	-0.0002828597557886459	-0.00013830929166108497	-2.941725111551362e-05	-9.666358481084525e-06	0.0001890881992605865	0.00044280254122023964	0.00014225104600609878	-0.00012296193387662538	-0.00017607080001655817	0.000544895067729574	-5.336051379577936e-05	5.8193367704750115e-05	0.0001813798251222263	0.00024308705619512794	8.578804705897503e-05	0.0001722863648985698	0.00016810053031019048	-0.00028297593677161414	4.234664546467674e-05	9.27694053343175e-05	8.897604662950798e-05	2.491410559370052e-05	0.0001714692452367235	0.00015071271833059802	0.00021587990744397585	3.5881476973410567e-06	4.099666696896036e-05	-5.747295932081639e-05	0.00015041545604958697	0.00010388444664570611	-0.00010143960956092663	6.201719730844749e-05	2.8280092214655024e-05	-0.0001306895661136072	-0.00016475306209973474	0.0002038892568087818	1.6130291064671798e-05	-9.486855325645615e-05	4.0749732370069425e-06	6.112379295408456e-05	-0.000236531311203526	0.000205078551903625	0.0001315216310910618	-2.2987025521942197e-05	3.6904491534852816e-05	-0.0001591468504101582	2.2957059262724415e-05	9.721444759187538e-05	4.315095644033132e-05	-1.1129849983708222e-05	-8.214204571075191e-06	-6.477767474693686e-06	1.0890638433330635e-05	-0.0	0.0	0.0	0.0	0.0	0.0	0.0	0.0	0.0	0.0	0.0	0.0	0.0	0.0	0.0	0.0	0.0	0.0	0.0	0.0	0.0	0.0	0.0	0.0	0.0	0.0	0.0	0.0	0.0	0.0	0.0	0.0	0.0	0.0	0.0	0.0	0.0	0.0	0.0	0.0	0.0	0.0	0.0
GCDF244	0.015037174636769467	0.0035363358241668422	0.0011723038159874512	0.00585939350827912	-0.0004831581379250715	0.0013044354649823645	-0.0003710222243480551	3.225332292767851e-05	0.0002691780614976917	0.00010055833524260777	-0.00022217608899276447	0.00016445426101638474	0.00036539157189024866	2.495424767764226e-05	-0.0003775459083197062	-1.814680026249047e-05	-8.114859619385881e-05	0.00014254417820470193	4.405680668943517e-05	0.000329104700586095	-0.00029808591986725275	0.00014451199479576383	-0.0002487639151782257	8.36005523695358e-05	0.00045747654610703823	0.0007083326519872138	0.00013994495233284298	-0.0002288457716830296	-6.98497762788816e-05	-0.0005465188632400881	-0.00039713196016553633	-0.00040084361998065726	-8.687772616143433e-05	-0.00028345451594925835	-0.0002613743208969577	-0.0003025079925796517	-0.0001194223323641505	-0.00032920528148700537	8.295116505360697e-05	0.00034494942259709577	0.00035266661845375453	-0.0001419779026056047	0.0006471818785319959	0.00039045977362855223	-8.08865656107074e-05	-0.00017767804431991817	0.0005011490072784383	-0.0002816198114734163	-0.0004323852350855613	0.0001285496011738903	4.1333494410490744e-05	-0.00021265893713515852	-0.0004052240130033524	-0.0005259158356548221	0.00017392357535186878	-0.0003033657568007163	-0.0008364093510000949	-0.00045899665715256927	0.0004305350824727067	-0.0006193735815972907	-0.00038841088638356524	0.0005039773395765684	0.0005961875061848343	-0.00031729714358776545	0.0007348429736173086	0.00012037387217051117	0.0011893218525421505	-0.00042577508778313263	-0.0002747345205773589	-0.00013862985383725478	-0.0002396839445600712	0.0004892306402740131	0.0003182719856131061	0.00014787524420614676	-4.17669926352675e-05	-2.5648539177378796e-05	8.459052659663005e-05	-7.700576566889315e-05	-0.0	0.0	0.0	0.0	0.0	0.0	0.0	0.0	0.0	0.0	0.0	0.0	0.0	0.0	0.0	0.0	0.0	0.0	0.0	0.0	0.0	0.0	0.0	0.0	0.0	0.0	0.0	0.0	0.0	0.0	0.0	0.0	0.0	0.0	0.0	0.0	0.0	0.0	0.0	0.0	0.0	0.0	0.0
GCDF245	-0.011661634800085327	0.0013143078516586442	0.006682657301396516	-0.004657726044437186	-0.002452124138553053	-0.0019363474664893848	0.0013052085238631275	-0.000258602069434576	0.0007271034367945366	0.0023045477495477616	0.0008025325874446857	0.0003208057128853608	0.0002663203561095898	0.0006824327793648165	0.001374105164591054	0.0011712909973718008	0.0003989623194939324	0.0013949378231480735	-0.0006348911563640193	0.0006278093347919733	-0.0008035377280775675	-0.0006127903362534657	0.00019421074103326193	-0.0009205915655437756	-0.00043580996722136724	0.001502147233565213	0.0005936970826839442	-0.0003623977569178646	0.0010511852513415106	0.0008729370933027728	0.0008234564768941942	-0.000650829847446075	0.00035700970661878235	-2.0563114159815857e-05	0.0007656814266006755	-6.906687237271311e-05	0.0001523964432604753	-9.661362765090027e-05	0.00059793094419539	0.000338099057853854	-0.0007408031102328307	0.00010235130847615941	-0.00039758791992191433	0.0006042418200971465	-0.0006053736380532886	0.00034130637648898624	0.0005196971505360919	-0.0004007547523528691	-0.0001564031734743267	-0.0003867627724855307	-0.0005051663059560224	-5.064047231060256e-05	0.00032137482945207737	0.0003927956727476996	-0.0006279192686623332	0.0005321985534234877	-0.00030116949749809237	-0.0003984702592306408	-0.00037548245162975194	0.00019311284518468033	0.00025700277295783813	0.00016386764911326853	0.00036415745386411506	0.0003036782353182045	-0.00019765490903929543	0.00026180390746810827	0.00011353386413337804	-3.9376583432004874e-05	4.1188920431745916e-05	0.00020556263990667984	-0.00030810602804405665	3.228615443987286e-06	-0.00010281240654234577	-0.00011908931990432159	-2.6911586858012066e-05	0.0001411434399822825	2.9190307817737943e-05	-2.1647046228761788e-06	-0.0	0.0	0.0	0.0	0.0	0.0	0.0	0.0	0.0	0.0	0.0	0.0	0.0	0.0	0.0	0.0	0.0	0.0	0.0	0.0	0.0	0.0	0.0	0.0	0.0	0.0	0.0	0.0	0.0	0.0	0.0	0.0	0.0	0.0	0.0	0.0	0.0	0.0	0.0	0.0	0.0	0.0	0.0
GCDF246	-0.00023369845484717933	0.006734619904406446	0.0033087261685113447	0.0026437952412616465	0.003974106594798037	0.0009321677889467314	0.0016992854940145318	-0.0029171052295703715	0.001997469163911464	0.0008731369729782537	0.0007604318050694127	-0.0008806141250191203	-0.0003763325915355257	0.0004082428425240002	0.0024966429098516843	0.0006978055041746918	0.0011221208102029155	-0.0012246137368615306	-1.563398607601935e-05	-0.0005513396134656448	0.0005659049580281556	0.00013221744735894908	-0.0007031572466942112	0.00012317677076282999	-0.0005775710420578825	-2.2784416084889112e-05	-0.00015642563275752148	-0.00047849465206547317	-4.879363676166289e-05	-0.0006574711016547121	0.00013022301361398597	-0.00024564672219062655	-0.00018958004029500237	-0.00029719180201311676	0.0002583254700237404	0.00020650385733738216	-0.0008169969707159062	-0.00010259973755392703	0.00017191740289918995	0.00036392183994321634	0.00027779430170711794	0.00015095005306514284	0.0001290929234307516	-0.0005969098967624064	-0.0005287252643717916	-0.0008586120282025292	-0.000675053281175773	0.00030573928024471645	-0.0008410138100473854	0.00022828728749967034	0.0005188933704672601	-0.00017014177866545125	-0.0001404381111770376	0.0003914952385451538	0.000266218905612106	0.0006182223061211882	0.0005315918590872518	0.0002493392058217503	2.484368975173741e-05	-0.00015021082114630285	0.000357310742666227	-0.00020100489320962065	-0.0001249439794086967	0.0003126891986074883	-0.00011994375915110575	0.0007721071131737472	0.00024687765934939567	-0.00021983320266960794	-0.0005317016572797498	0.00041593183624461286	-0.00019214077803751084	-0.0003293641856578766	0.0002544884366499899	0.0002555417429088902	3.812448016036749e-06	-2.7238181448501697e-05	-2.382679203038628e-05	-6.264704241652724e-05	-0.0	0.0	0.0	0.0	0.0	0.0	0.0	0.0	0.0	0.0	0.0	0.0	0.0	0.0	0.0	0.0	0.0	0.0	0.0	0.0	0.0	0.0	0.0	0.0	0.0	0.0	0.0	0.0	0.0	0.0	0.0	0.0	0.0	0.0	0.0	0.0	0.0	0.0	0.0	0.0	0.0	0.0	0.0
GCDF247	-0.026328667019041428	0.005437596775543311	0.0019911639579696127	-1.0714229058018976e-05	0.0003499370172522621	0.0013499142924665226	-0.0010634217812760475	0.0007246762870158541	-0.001387643036085047	-0.00042840942388813736	1.4771001341909285e-05	-0.0003329189046306734	-0.0003006447020241994	-0.0006920354498174848	-0.0005830885518111476	-2.265630097767192e-05	-0.0006044178670718776	0.00020120892862182733	2.448833727514707e-06	-0.0006652077631541141	0.0001909131491101228	-0.0010111388120703272	0.0006724850925324822	0.0007178383940829083	0.0001886708204670985	0.0004049953382582788	-0.0010524204432157034	-0.0017368642485019908	-0.000542744058323771	0.0005749010008625817	-0.000927824066696253	0.00013225024731348346	-0.0001004989060512595	0.00016814364645700023	-0.00047757023476452555	-0.00022177551820993827	0.0006792224527600779	-0.0006586851579174841	0.0007610698754267601	-5.7133323065430815e-05	0.0009052698589638254	0.0005849047698620999	-0.0003055261718767276	-0.00019202730625621486	-0.00014619623625389088	0.00017515387492879125	0.0004043013482403546	0.0005295984021339784	3.917934412112363e-05	-0.0004806403747008723	-0.0012757768809580322	-0.0008859769043986536	0.0006726989623900796	-0.00022139280814687892	-0.00012965803545537342	0.000316648769734248	0.0009387927894638403	-0.00033395601808041493	-0.000665049314033798	-0.00016141341333088493	-0.00040602719092446205	0.0004942110231345016	8.758535835111516e-05	-0.00010899103902057421	-0.0005000536069044758	-4.420674728530899e-05	0.00019159859158224168	-0.00040295527575278067	-0.00018256763914184203	-7.641560268485646e-06	-1.8291558849659737e-05	9.7980805700919e-05	-0.00024312750913209214	5.7110692809677405e-05	2.052663594246687e-06	-2.4115242734337556e-05	-8.034756489359839e-06	1.3297986569424757e-06	-0.0	0.0	0.0	0.0	0.0	0.0	0.0	0.0	0.0	0.0	0.0	0.0	0.0	0.0	0.0	0.0	0.0	0.0	0.0	0.0	0.0	0.0	0.0	0.0	0.0	0.0	0.0	0.0	0.0	0.0	0.0	0.0	0.0	0.0	0.0	0.0	0.0	0.0	0.0	0.0	0.0	0.0	0.0
GCDF248	-0.012721241827003613	0.00460889848982168	0.004163810414448355	-0.0005178034448270595	0.0013318604026235602	-0.0018634445848368505	0.0008662347492303369	0.000683854909962528	0.0006971668078855599	-0.002341034772144441	-0.0010940038557237602	-0.0006031020938234633	-0.0008995886941300096	-4.259239223824941e-05	-2.740331531230533e-05	6.765260220024743e-05	-0.00046660020703543655	0.00027786582292603485	1.05723546422264e-05	0.00018037706439133247	8.941907067369578e-05	-0.0008731754502758992	-0.000831851630184405	0.00011681422587907034	-0.0010347429089518489	-0.00029494720346023173	-0.0002509780437551026	-0.0007214862539339945	0.0009444780369498517	-0.00019208155704742523	-9.323344802408493e-05	-0.0003876773719519369	0.00033991790326718996	0.0010689614248760887	-0.00021298781178551426	0.00026270918267541827	0.0003143986932933468	0.000459091790674952	-0.0008121783830730805	-0.0004619241585331711	-0.0008126713055328259	0.00042564599902517183	0.0004317155472992195	0.0002545984816291772	0.0010609216920283446	-0.0005625990264779588	-0.0002933654856537915	5.2064137496152954e-05	-0.00020722626493400786	-0.0001961284475007246	-0.0001388154728918872	-0.00023613831829869076	-0.0006944274577089542	-0.00038463776626301654	-0.0001702533674145411	0.0001386304563594747	0.0004885023875980664	-0.0006293155381268944	-0.00010324959193142369	-0.00022817712088423237	0.0010419109615866396	0.0006584310692928176	7.85897547681886e-05	0.0003938958806104038	0.000191279194235108	-0.00029929426389035973	1.8665811704538624e-05	-4.472992448176625e-05	-0.00016344024842811157	-0.00026554264141357044	-0.00012439970018914007	3.622457706726398e-05	-8.967576779289286e-05	-1.0841230783923778e-05	-0.00017068191076348877	-0.00014933501599657416	-0.00010519437751386073	3.8168058270147155e-05	-0.0	0.0	0.0	0.0	0.0	0.0	0.0	0.0	0.0	0.0	0.0	0.0	0.0	0.0	0.0	0.0	0.0	0.0	0.0	0.0	0.0	0.0	0.0	0.0	0.0	0.0	0.0	0.0	0.0	0.0	0.0	0.0	0.0	0.0	0.0	0.0	0.0	0.0	0.0	0.0	0.0	0.0	0.0
GCDF249	-0.0043353387699992365	-0.0005169040368164028	0.010673374372642187	-0.0031033933675042756	-0.002647546217143597	-0.001935368963324885	0.003603495844531013	-0.0036618670116612185	0.004430522431471538	-3.597829130405827e-05	0.0006236374791959126	0.0006485624936130235	-0.00038207456506560383	0.004531838151629323	-0.0012896661389948225	0.00048699127087569003	0.0006312728005562297	-0.0015516237403360798	0.0004745579192458136	-0.0002240481377860833	0.0008023059251589151	0.0008449760894866763	0.0020660220273436077	0.0001959177171100161	0.001023008270683583	-0.00010027297633489243	-0.0003031021478177681	0.0002317002124666225	-0.000286650450159944	-1.4065543807923155e-05	-5.9464214885704986e-05	-7.415409946534499e-05	-0.00014037136543672087	-0.00028672654628382005	6.269141890330801e-05	-0.0008730890174586742	0.0003186547804096898	-1.1894028825574204e-05	0.0005141073001375462	0.00010499313738602297	-0.00030698372257116527	5.502501385580232e-05	-0.00029000341507426467	2.1657271779494552e-05	0.0003262319221794456	0.0002684211811345589	-0.000532466519684995	-0.000341060183932964	-0.0001083628872082558	-0.00013445365327855	0.00037746813344305673	-0.00020723292883480972	-0.0003311683118941091	-0.0001990563977791747	-5.486165608206809e-05	4.54200357400272e-05	0.00018132544780489235	-7.525443990057894e-05	0.00011902600749315992	2.150755940937979e-05	0.0004345597416495766	0.00011722804795745601	-8.674023829225721e-05	-0.00032098116315323617	0.000337929409739008	-0.0001138768185614227	-0.00010122560949524343	-3.642084123312223e-05	0.00016534901891220182	-8.787718139987276e-05	-6.302138849682117e-05	0.000177758366665488	6.638692215975026e-05	5.9726671267202946e-05	-3.8264664042473486e-05	3.6644137859580886e-06	-0.00011055448204423989	-6.699765504088001e-05	-0.0	0.0	0.0	0.0	0.0	0.0	0.0	0.0	0.0	0.0	0.0	0.0	0.0	0.0	0.0	0.0	0.0	0.0	0.0	0.0	0.0	0.0	0.0	0.0	0.0	0.0	0.0	0.0	0.0	0.0	0.0	0.0	0.0	0.0	0.0	0.0	0.0	0.0	0.0	0.0	0.0	0.0	0.0
GCDF251	-0.023964302348148725	-0.003985208537079258	0.011529152716226237	-0.00908113678884768	-0.0042918912990793125	0.0010214927175909636	-0.0015536089517399537	-0.002635180844349364	-0.0008422038001653438	3.732444620221226e-05	-0.0014956791164395108	0.0006940500154716108	-0.0034207758256426597	-0.0009408211255757104	-0.0017714461488123796	0.0025209421114397302	0.0010400986503557527	0.0008205568602886353	0.002727057036098732	0.00010330357033127291	0.0004023224101039741	0.0003605297535252244	-0.0013418874675988626	0.00037937781270293465	-2.0275767309177627e-05	0.0003950810734630304	0.00045458051849239464	-0.0003575292804924783	-0.0004288764451627588	8.265009186956875e-05	-0.00029328162947385444	0.0009871312698949448	-0.0005576164097468908	-0.00033082555386615035	-0.00021106164373407122	-0.00013431985962061974	2.0118498708285398e-05	-0.0005640237710959552	-0.0006248500602223545	-0.00019451578238921155	-5.776554975105432e-05	-0.0002565315979597631	-0.00013904345927577032	0.0006374911586429312	3.910637882949362e-05	-0.00021836280212258547	-4.281091427230701e-05	-0.0003032227807915476	-7.324214962729656e-05	-0.0005581043410184403	-5.216991705247582e-05	0.00030555361232160495	-0.00013255832547302493	-9.684703880281425e-05	-0.00019134218657018397	0.000405128491705994	-1.3349759876157037e-05	0.00017090940966021177	0.0002501082035912467	0.0002536578516116608	-8.110381014191941e-05	-0.00023342226562840122	7.427326533107615e-05	0.0004956544236059949	-7.942972097931104e-05	0.00018143213758878526	9.974237077373964e-06	-0.0002852547521956029	-6.480923290019179e-05	-0.00026038991671819054	4.4073368322367244e-06	-7.445349280494759e-05	-0.00015663183374659847	3.723440848664639e-05	0.00011242834963816586	1.906368916274334e-05	8.326934715804631e-06	-2.200393078623191e-06	-0.0	0.0	0.0	0.0	0.0	0.0	0.0	0.0	0.0	0.0	0.0	0.0	0.0	0.0	0.0	0.0	0.0	0.0	0.0	0.0	0.0	0.0	0.0	0.0	0.0	0.0	0.0	0.0	0.0	0.0	0.0	0.0	0.0	0.0	0.0	0.0	0.0	0.0	0.0	0.0	0.0	0.0	0.0
GCDF252	-0.03731885906526262	-0.004149870812624959	0.024804164471264215	-0.00019273278804701692	0.024886697381097684	-0.013579943532876641	-0.010742287922632208	-0.0036529538150194096	0.0029782180396980755	0.00039004666535055586	-0.0009019786873950167	0.0009324106410840484	0.0005463738768872202	-0.0007696468926477315	-0.00013481447404655014	-0.00017685227581897274	-0.00018526521060877513	-3.002314004583276e-05	0.0005954693023659718	0.00017620506341770194	0.00011867324543652278	-0.00011649085717642746	-3.8509836087411185e-05	-0.00018086461864234634	1.0744808377403749e-05	0.000206445658121056	6.0836683898520455e-05	-3.7540526544777365e-06	9.71550931187064e-05	-5.594058380060292e-05	-1.1340676052304793e-05	5.094387162223774e-05	-1.999470233797258e-05	-5.1200224913664744e-05	3.134271584441454e-05	-4.4693388796901446e-05	3.217560946277985e-05	-1.4556373438993403e-05	-5.714664722908384e-05	-5.013481122152359e-05	0.0001346085631379157	-3.475658993371184e-05	2.7694512551142997e-05	7.628264969237459e-05	-7.229437435622074e-05	1.2111193022215515e-05	1.679497142895436e-05	-0.0001260885911752394	-1.5778190538674614e-05	-3.294641541223852e-05	-1.9884597747431486e-05	3.7378375642797196e-05	-8.820664874685928e-06	2.2098595968826017e-05	-4.051440200661625e-05	5.6568341442113344e-05	-4.8204921316779244e-05	3.484548743892973e-05	1.0319152891324898e-05	8.914357288539758e-05	5.329295576634119e-06	-6.272005862586204e-05	4.823086383980388e-05	4.3617571944254794e-05	-3.089111306656914e-05	2.774532293216133e-05	-1.2383442364972701e-05	-3.300005502398761e-05	2.356678920972582e-05	-1.6539301677504824e-05	-4.862670710666197e-07	-2.2499669086393005e-06	-8.921716984804911e-06	-9.206033778266526e-06	9.089037304239222e-06	2.776270109089085e-05	9.476311903319052e-07	7.944530178271579e-06	-0.0	0.0	0.0	0.0	0.0	0.0	0.0	0.0	0.0	0.0	0.0	0.0	0.0	0.0	0.0	0.0	0.0	0.0	0.0	0.0	0.0	0.0	0.0	0.0	0.0	0.0	0.0	0.0	0.0	0.0	0.0	0.0	0.0	0.0	0.0	0.0	0.0	0.0	0.0	0.0	0.0	0.0	0.0
GCDF254	0.017466172348670563	0.0034366981651670287	0.0008091387352683672	0.006835163414746118	-0.0002924726083162486	0.001842526182840325	-0.0009229835752719416	-0.0005712601034037583	-3.486394576255272e-05	0.0006258663598642975	0.00015092766349792937	0.0004940979734958952	5.388646978465265e-05	-9.101168428550875e-05	-0.0004609332942210348	-0.00029750121547061415	-0.0002972554982180823	0.00021896129102991953	1.1547719854353941e-05	0.00013531883892142703	6.774077129116483e-05	0.00038678594307435727	-3.1470363701289766e-06	0.0001315371891662189	-0.00015388565786328886	-7.158184489242637e-05	-6.17448762353527e-05	-3.41799921593777e-05	0.0002427728001913669	-0.0005408485947253186	-0.00012043495392679265	-0.0005313096414407891	0.000340033705838124	-6.0551559347793374e-05	0.0003011134153027531	-0.00016879181335127148	-0.0002183201936729201	-8.77848928391741e-05	0.000487333544629002	0.00010961609132508546	-0.00014595996846201382	-0.00020043462171010415	0.00029375116537000466	0.0005480040205089589	-0.0002497915975094612	-0.000489120973421831	-0.00034801760187389783	0.000604837587838538	0.0004621285741607475	0.00039765574572709104	0.0006973056887233311	0.0006213591640568924	-0.00016777541741732854	-8.555791282324275e-06	-0.0008240382479399206	0.0006763705008818341	-0.00046993013576718246	0.000856123770932824	-0.00045327829198824103	0.00010780977846640886	0.0002472995666620885	0.0008197428774678121	-0.0003311190668625124	-0.0001526286142715752	-0.0009279423165647265	-0.0008064560101091301	-0.00025961831646067655	-0.0004989071050769241	-0.00023297693770890504	-0.00031331055695400236	0.00026737935542303366	1.480443738212005e-06	-9.558120563119959e-05	0.000353745957176414	-1.5218347615010194e-05	0.00012009315931976062	-9.950102101951589e-05	5.959477107977465e-05	-0.0	0.0	0.0	0.0	0.0	0.0	0.0	0.0	0.0	0.0	0.0	0.0	0.0	0.0	0.0	0.0	0.0	0.0	0.0	0.0	0.0	0.0	0.0	0.0	0.0	0.0	0.0	0.0	0.0	0.0	0.0	0.0	0.0	0.0	0.0	0.0	0.0	0.0	0.0	0.0	0.0	0.0	0.0
GCDF255	0.014068067914372975	0.00402800332147091	0.0013589965644223857	0.005842243808432304	0.00030609760309853836	0.0013073568643960252	-0.0004138848539274104	-0.0007017403543870113	0.0005276798078656142	0.0004461497758104298	-4.7774604420922567e-05	0.0002539658962581333	0.00018641528490784249	0.0001656051210997894	0.0006913456177187011	0.0002021669176368631	0.0005725423073473479	-0.0006474989613277289	0.0005203355006310304	0.00021842842727763849	-0.0008683268132065955	0.0006099379278252291	-0.00030315540624294374	-0.0004418106367155843	0.00036598124938494697	-0.00011558693683072597	-0.0004417281687290849	-5.503485678130024e-05	0.000520013666548267	-0.00040331282464811956	-1.2254460073842657e-06	0.0003288314025288174	-0.0005510148983068923	-7.967368145438341e-05	8.370510545487733e-05	-9.380753013632083e-05	-0.0008255464769179456	-0.0007699011097539047	1.9272494707097046e-05	-9.866067883195298e-05	-0.00030305344066285783	1.9360750240427825e-05	-0.00030570985087422734	-0.0002368459204187216	-8.314980468300663e-05	0.00026110450721727704	0.00019354277642141923	9.675302618790976e-05	0.0007555885050215575	-0.0004281262729324826	-0.0003195316225371827	-0.0002040226203755284	-0.0006930351978640114	-0.0002669032841036895	4.70975652899927e-05	-0.0003666342207472287	0.0007932152857681747	-0.00012495529218571543	0.0005453048318348675	-0.0005218203327488348	0.00043587643712714364	6.39146070744188e-05	0.000429763333460342	-0.0009973114616457627	-0.0005794744819021987	0.0002708986739020025	-0.0001256471270159833	0.0004762415531554131	-0.00010726079673386157	-0.00011893047420374535	0.0003115435241951415	-0.0005055313501388387	-0.00012086761984239762	-0.0002087600531042658	0.00012208566750563987	2.504044278214906e-06	5.755037911775549e-06	-1.2958461724152486e-05	-0.0	0.0	0.0	0.0	0.0	0.0	0.0	0.0	0.0	0.0	0.0	0.0	0.0	0.0	0.0	0.0	0.0	0.0	0.0	0.0	0.0	0.0	0.0	0.0	0.0	0.0	0.0	0.0	0.0	0.0	0.0	0.0	0.0	0.0	0.0	0.0	0.0	0.0	0.0	0.0	0.0	0.0	0.0
GCDF256	-0.022207543270990716	0.004901351140332287	0.002833764188068063	-0.0009067732004541777	3.1590961449145525e-05	-0.00013171637072062408	-0.0006479528252613759	0.001292935987493503	-0.0006808595574492017	-0.0003732607175323345	-0.00044537699540825657	-0.000768228374665327	0.0007360883601411051	-0.00023786195514713423	-0.0002657096492945421	-7.748798491980164e-05	0.0002874183504212391	-0.0004631217003268626	-0.0001877296332796118	-0.00013775892954567817	-0.0004225977164792891	0.0009035344324808755	-9.095237691539394e-05	0.001769329566776342	0.0008058287290164895	0.0008156741485670903	0.0013220493213375443	0.0010418832482942647	0.0005800699751477401	-0.0005115118109798911	0.0021154366030197327	0.00013931451508710944	0.0010224389847194202	0.0003333338421930798	-0.000528912619721083	-0.0003330984670961829	-0.0009495569390795252	0.001585911129753827	-0.0010249943194560517	0.00020115647848281654	-0.0003942571356151319	-0.0005696611599029517	0.0003106121786913594	0.0005857012363865976	0.00043669803913165507	-9.457017211196832e-05	-0.0002639319965346482	-0.00034788697293524257	0.0002801789801094497	0.00036281233632443267	-0.0003038053230379122	-0.0005535495684758001	0.00046724717087197754	-4.661714107822107e-06	-0.00041553846432264204	4.81453917291489e-06	0.0004973150870910718	-0.00016481507181710872	-0.00013998155102685727	-0.0005251200565958915	-0.0004884015246187715	-0.00011330708012991788	-3.445350840209237e-05	-4.9014680794442476e-05	-0.0002062094493108414	4.2508568780268496e-05	0.00011139724327690453	-0.00017512658952178602	-0.0001228378922398477	0.00010139711023384146	-8.214636666968657e-05	-2.8078736595303962e-05	-4.5727030507498855e-05	2.4278344742395127e-06	0.00010146276257501564	3.468995580199355e-05	-1.944713787542931e-05	-5.4058899989568733e-05	-0.0	0.0	0.0	0.0	0.0	0.0	0.0	0.0	0.0	0.0	0.0	0.0	0.0	0.0	0.0	0.0	0.0	0.0	0.0	0.0	0.0	0.0	0.0	0.0	0.0	0.0	0.0	0.0	0.0	0.0	0.0	0.0	0.0	0.0	0.0	0.0	0.0	0.0	0.0	0.0	0.0	0.0	0.0
GCDF257	0.006340729280825756	0.005822239879341009	0.0023061288987328483	0.004010210587628364	0.002592519450064283	0.0012135680851327753	0.0008349469305591693	-0.0023480874443639384	0.001552214240703095	0.0009909459034121548	0.000627490735924544	0.00012044480138616269	-0.0001744808898829891	0.0003609200591868585	0.0015054228404154958	0.000269668755159579	0.0009636175723688879	-0.0006247287282501926	-0.0003750925362326603	-0.0006282537097452242	0.00011362236253482566	-0.00014900921149406743	-0.0009085720742645056	-0.00032074276291145775	0.00014042568373400912	1.590403304077083e-05	-0.00018378767005590682	-0.0003356964303153155	0.0004487639454964776	-0.0006165665073421812	-3.161884058633232e-05	0.0007024222529662951	-0.0002968104322309827	-0.000421072466404196	-0.0005455893167354869	-0.0008142168218950889	-0.0010041507474283882	-0.0002467625452606808	0.0007334434887645051	-0.00020419412936764747	-0.00012469280362379872	-0.00037540423227050955	0.000463997076617868	-0.0004907344343850998	0.0004549750992000212	0.0012593978468732542	-0.00032395898039763564	0.0004966495668027278	0.00028764766011540774	-5.951000601944896e-05	0.00011378865783514674	0.0002591272258323933	0.0001870272419390798	-0.00016366246913774899	-7.410577590953264e-05	-0.00025745407406884503	-0.0009065056418191324	-0.0006114564221625503	-0.00026466682203581636	0.00015156868353834478	-0.0005314880762077084	0.00022737447498321663	-0.0005894727128556219	0.0004969886469969895	2.694136390136628e-05	-0.0002767535687098636	8.495943460902273e-05	0.00014339120532782737	0.0002443261327619297	-0.0003709860945464758	-2.5216581265559628e-05	0.0007313203784365228	-0.00014218094533715374	-0.00030282324656663725	0.00014797541021762894	-8.630700479004039e-05	-9.150799447726622e-05	4.920390981840904e-05	-0.0	0.0	0.0	0.0	0.0	0.0	0.0	0.0	0.0	0.0	0.0	0.0	0.0	0.0	0.0	0.0	0.0	0.0	0.0	0.0	0.0	0.0	0.0	0.0	0.0	0.0	0.0	0.0	0.0	0.0	0.0	0.0	0.0	0.0	0.0	0.0	0.0	0.0	0.0	0.0	0.0	0.0	0.0
GCDF259	-0.02423876721858281	0.0069447150825848345	0.004583761742817388	0.0003138167152540435	0.0032045421935782575	0.0012860065444032153	-0.0017542675278005672	-0.0006675097884725138	-0.001514758710107952	9.920752493543324e-05	0.00037491402512149284	-0.0023640138788578787	-0.002951443980371225	-3.504366669641983e-05	0.0055113244836068566	0.0019218412275136734	0.002021647005892591	-0.0003967350901076332	0.0002679538881257468	-0.00036316615643021524	-8.673726318735982e-05	0.0005526233398625196	0.0004102963067329317	0.0005273529012244882	-0.0002682040154981083	1.4421135933409693e-05	-5.3131853371003396e-05	-0.0006100570549485136	-0.00043004385508667336	0.00016471119187743116	-0.0004208305863739429	-0.0004437267042462256	-0.0004015661513761887	0.0002341193393325986	0.00013800210562321723	-0.00030038356678794024	0.0003103263118306186	0.00022509526660073278	0.00017184586218735434	0.0006413562163212459	-0.0002687650121274355	-0.0001258530947112391	0.0007582895749030384	-9.379264536774937e-05	0.0001232582572109918	-0.00021033234536553663	-0.00034957419252646895	6.16238366107876e-05	0.0002853944729787277	2.9464298388398345e-05	-7.226470612942819e-05	0.00010128680106318225	0.0001010063897866743	0.00021921065605571728	-4.894643233251209e-05	-0.00021317329928881377	0.0001608952648821532	0.00014676541021676123	-7.171563775742925e-05	-2.2459358887540793e-05	0.0001303951690710264	9.015580043674029e-05	-6.648913017444255e-06	-0.00010242855360905275	0.00024218697073798357	-0.00028435388916391756	0.00011362114269746088	0.00011268644482400204	0.00017848317539357852	7.495854921687414e-06	1.2095761390234229e-05	1.916402313372205e-07	5.726691662911756e-05	-4.186629287672362e-05	4.168113006469879e-06	6.7517521958176255e-06	2.5578544376778896e-05	1.856578915789673e-05	-0.0	0.0	0.0	0.0	0.0	0.0	0.0	0.0	0.0	0.0	0.0	0.0	0.0	0.0	0.0	0.0	0.0	0.0	0.0	0.0	0.0	0.0	0.0	0.0	0.0	0.0	0.0	0.0	0.0	0.0	0.0	0.0	0.0	0.0	0.0	0.0	0.0	0.0	0.0	0.0	0.0	0.0	0.0
GCDF260	-0.009934018496342643	0.005745477321881303	0.0028914534842762614	-5.019801728273383e-05	0.0023713383603083276	2.4320406486964447e-05	0.0008609944795058965	-0.00025986939647477725	0.00025372303372108167	-0.0004047947463888348	-0.0002034908465482953	-0.0003005048419860776	5.924075295045773e-05	-0.00023448775604399154	-0.00024233983943750188	-0.0002187655450542889	0.00018213422247812368	0.00034704142358874977	0.00012217679015150964	0.00037458181366645824	-0.00033220736655324864	0.0004907561127628377	0.00047215648611254073	0.00048788570834418227	0.00046435902098795813	-0.0003399794725257911	0.0002975874581808793	0.0003460663760542019	0.0004834257264004604	-0.001110374788644641	0.0002633997815934862	0.000463921889575107	-0.001168175763835646	-5.061943249970777e-05	-0.0010270517821414046	-0.0006356055954210354	0.0005231942488603036	0.00019356810101898606	-0.00015089190671291634	0.00044603682981140814	0.0007459084205994663	0.0012228679555434817	-0.0012835182065358333	0.00033415330473064123	-0.001144768666931177	0.00017924450682777298	-0.00018488045975598543	-0.00021737336938483092	0.00030724012221256767	0.00022002149673959863	0.0004677382952588768	-0.0008038141819510476	0.0001576893030279486	0.0002677694141674555	0.0008594814897519238	0.0005560830902656802	-2.189857371806299e-05	0.0008958596302489347	-6.909038904003954e-05	-0.000541529737296519	6.25028049772417e-05	9.430725667351811e-05	0.0002979371492512565	0.0005109273096282951	0.00010153706269861237	-0.0002590192324052894	-0.00015209016140149453	-5.8187681514030265e-05	0.0001456997002184795	0.00027594340079956607	0.0001252622731895701	0.00042747912191690504	-0.0002082737124028887	-9.86877698716257e-05	0.00017182065819345595	-2.458179638453972e-05	1.1827473598599206e-06	7.421991436862215e-05	-0.0	0.0	0.0	0.0	0.0	0.0	0.0	0.0	0.0	0.0	0.0	0.0	0.0	0.0	0.0	0.0	0.0	0.0	0.0	0.0	0.0	0.0	0.0	0.0	0.0	0.0	0.0	0.0	0.0	0.0	0.0	0.0	0.0	0.0	0.0	0.0	0.0	0.0	0.0	0.0	0.0	0.0	0.0
GCDF261	0.008404868601906177	0.004970549044355226	0.0016549661129785511	0.003948547056166111	0.0011456595465604066	0.0013988740072278622	0.0007067734787250638	-0.001646102381209895	0.0002513481226306679	0.00032194702835343386	0.00018566167245330248	0.0006928202394234185	0.0001984812296973049	0.0006083438823608754	-0.00040267180636593887	-0.0001224919118904358	-6.992650186533714e-05	0.0006555225106951203	0.0001919407786580419	0.00016943095459928418	0.00022365245718946656	3.577895045984536e-05	0.00025132859826434745	3.2287082256101105e-05	-0.00017386943593842647	0.00020916814246025814	-0.00013279902230728106	3.712224196865074e-05	-2.966338054499132e-05	0.00020928200791303113	0.00040584095581227924	0.0004587049373720447	-0.00016791972284804289	0.0001453221500401591	0.0002645736557590032	0.0005336438500792131	7.708183824432736e-05	0.00016216436457324796	0.00040813303105473856	0.0005461947500283952	-0.0003649754661181412	0.0003355381401403436	-0.0004984884233598793	-0.0010666981993930427	0.0001732279721798005	-0.0006562112865992703	-0.0007270238670073466	-0.0007001968266873701	0.0007705266740941444	0.0008274075073880746	-0.00044095889026107447	5.19050869080469e-05	-0.0005344630664132183	-0.00025253802758328533	-0.00048083962379278316	-0.0001052294235795853	0.00040940917774975286	-0.00022295581763558098	0.00035494995947745703	0.0009477143422788265	-0.0004876548281331434	-0.0003723708760252559	0.0010374199227610416	-0.00023875065846969414	0.0005126334706699628	-0.0004222355206656603	-9.4571465873614e-05	-0.000561691352962521	-0.0005010812516105801	0.0003450670604023975	0.0002655508306952447	0.00016232066602103463	5.60429897792772e-05	1.460481372924834e-05	0.0002214256545877221	-4.1333688237229664e-05	-0.00017148138694606855	8.680721133739548e-05	-0.0	0.0	0.0	0.0	0.0	0.0	0.0	0.0	0.0	0.0	0.0	0.0	0.0	0.0	0.0	0.0	0.0	0.0	0.0	0.0	0.0	0.0	0.0	0.0	0.0	0.0	0.0	0.0	0.0	0.0	0.0	0.0	0.0	0.0	0.0	0.0	0.0	0.0	0.0	0.0	0.0	0.0	0.0
GCDF262	-0.06471557180311052	-0.0011019693778822745	-0.010026706282382628	0.002066771838206795	0.0010665964151615993	0.0007665520925618073	-0.00039375132810693633	-0.0015146184987365027	-0.0006975298205110429	0.0005793707670259959	0.0005152799603621303	0.0002640417155833658	-1.9580530425174485e-05	-0.0004561855444741321	-0.0005855273362201058	0.0007505245264639684	0.0010782325512702926	0.0008421166564603253	0.00011807818502934847	-0.001311911151450083	0.000957879358225545	-0.0002331850375984934	-0.001076974940633002	-0.001264246742329865	0.002564304135081499	7.472707181613318e-05	0.0003564991541781792	-0.0015741140143017151	3.968217870187874e-05	-2.171202951520655e-05	0.000785173529216205	-0.00040435717049793667	0.000683512347102961	0.0008528472645698489	0.0004124545709291767	-0.00025431107449157926	0.00041631471479952305	0.0006421576250973103	0.00034832928916526994	-0.00016981554593413638	0.000995667671826603	0.00041362857324900857	0.00010501018169731662	-2.4316339814335056e-06	-0.00030392364744834965	-0.00040909457439511647	-4.779367924580248e-05	-0.0003407788044336473	5.962072891160707e-05	0.0006196675177515903	0.0003916648581024155	-0.0003157217107136114	4.699038905127515e-06	-0.00017183879819479452	0.0007137120889985106	-0.0003718947500097884	-0.00020617421449956708	-0.00047885404219945613	0.00036175023667629324	-8.069518210649934e-05	0.00012022176638629725	0.00027860620539783213	-0.00011516335505974674	-0.0004172939010805122	-0.00020001009854993685	0.00023214527929920871	-0.0006168322627945254	3.068862886736879e-05	0.00013022921846053006	-0.0002212318103643188	-1.256877484798417e-05	-4.8739865785056605e-05	0.00023128271868853682	5.928256020664203e-05	-3.7674681819148282e-06	-1.4832017121137234e-05	3.3808910864906076e-05	6.662564493674207e-05	-0.0	0.0	0.0	0.0	0.0	0.0	0.0	0.0	0.0	0.0	0.0	0.0	0.0	0.0	0.0	0.0	0.0	0.0	0.0	0.0	0.0	0.0	0.0	0.0	0.0	0.0	0.0	0.0	0.0	0.0	0.0	0.0	0.0	0.0	0.0	0.0	0.0	0.0	0.0	0.0	0.0	0.0	0.0
GCDF263	-0.06502702711376952	-0.0009853796535391058	-0.009807843037471151	0.002871715601902501	0.001289909375033253	0.0008333555129322033	-0.001300708241908572	-0.0018424412473052212	-0.0010636945375097015	-4.403162736224438e-05	0.0016758738889722307	0.0016454461344878508	-0.0006680081632536193	0.000725323851631408	-0.00011040091484930977	2.7107971989334444e-05	-0.00029194283406449147	0.00032740964410443897	-0.0008448868023177011	0.00020238984364053038	0.0006783851098225464	0.0009193316126922475	-0.0009510527454920267	0.002445463644295329	-0.0012912883395421115	-0.0013928798919870858	-0.0015871352467995029	0.0006954259206594356	3.962728104077909e-05	0.0014771214563525411	-0.00010514959763289549	0.00013151389235092467	0.0014766154925421851	-0.0004561648483689426	-2.5499125557797918e-05	-0.00010787622827706914	0.0005039676229890879	0.0003206544081415927	0.0002863194673412151	0.0010393543352416178	-0.0003827081116892089	-0.0002477796107656904	-1.4229132967317595e-06	-0.00014784602056028558	-0.0008062124968041346	0.00028298887325469454	0.000613503508775934	0.0002081759961948787	-4.089290008093091e-05	6.7177779742096e-05	0.00034490566898969275	-0.00032527896022121024	-0.00016535309667709748	-0.00034458529497213543	0.00034126297864041084	-7.796628524573645e-05	-3.847359314938655e-05	-1.900167298646262e-05	-6.628494172448719e-05	-0.00012694409755037285	8.021457877868671e-05	-9.248481513919622e-05	0.00014829214431763153	-5.4330973404011824e-05	0.00011848063535177896	-4.993353222548339e-05	0.00019165332410100934	0.00023826583964293635	1.0827098350042989e-05	-0.00011783492244024879	-0.0002325195262068141	6.858713353376224e-05	0.00011034191978851026	4.077955377267954e-05	6.174552229831483e-05	-6.289593494036184e-05	-5.359660905985896e-05	1.3720878175407495e-05	-0.0	0.0	0.0	0.0	0.0	0.0	0.0	0.0	0.0	0.0	0.0	0.0	0.0	0.0	0.0	0.0	0.0	0.0	0.0	0.0	0.0	0.0	0.0	0.0	0.0	0.0	0.0	0.0	0.0	0.0	0.0	0.0	0.0	0.0	0.0	0.0	0.0	0.0	0.0	0.0	0.0	0.0	0.0
GCDF265	-0.08328636076495692	-0.0028244858927052472	-0.016888714169165923	0.0031639802036508504	-0.0012453335744858154	0.0025188305925337487	0.0023819077323851087	0.0003889868701783586	0.001824635334922866	-0.0005654836966254435	0.001672472135232516	-0.001477619643266804	0.00011513697795904174	-0.0011034899798779065	-0.00040674218732556286	0.00024650602557714556	0.0003339371605080638	-2.4490268324023713e-05	0.000341937558395525	-0.0003530287986912316	0.0014607474052641134	-0.0001992494050256505	0.0002899310755619694	-0.0004929980988812148	-0.0005963436266556195	-0.0005438955013391891	0.0009332994712942968	0.0005220368641754955	0.00020489752365242898	-0.001436867329065821	-0.00036419325599940273	-0.0010287554563394126	0.0004171191381187524	0.0003993215385700313	0.0012491966357341478	-0.0004617666660576884	-0.0004974264630115405	-0.0008710158155950613	2.4127550168717988e-05	0.00012177302383395686	-0.00019346135320736098	-0.00044730008264549486	0.0001003744635265984	0.0006200041128094555	-0.000527245658995437	0.0005102743736525274	0.000619782122488943	-0.00024429631226228983	-0.0007574746583818493	0.0003742554515807278	7.376279813240033e-06	-6.485679057993796e-05	-6.222138633152006e-05	-0.00040107441128503355	-0.0003442500863087962	0.00012401367552051541	0.0007428959809532553	-8.012816691636937e-05	0.0004610811950657842	0.0001960671080621063	-0.00029774095647850133	-0.00018526581034352521	-4.00930522303288e-05	0.0002642206773810636	-0.00016617415977632978	-0.0002502670991875815	-2.784900664608924e-05	-0.0004146507048923504	0.0002149871192936874	0.00016252194417593391	0.0002568106106991761	9.718968972259927e-05	0.00016903166430017508	-4.35632768924146e-05	6.3609919431654e-05	2.580911297083934e-05	3.271559709442285e-05	9.109553980209742e-05	-0.0	0.0	0.0	0.0	0.0	0.0	0.0	0.0	0.0	0.0	0.0	0.0	0.0	0.0	0.0	0.0	0.0	0.0	0.0	0.0	0.0	0.0	0.0	0.0	0.0	0.0	0.0	0.0	0.0	0.0	0.0	0.0	0.0	0.0	0.0	0.0	0.0	0.0	0.0	0.0	0.0	0.0	0.0
GCDF266	-0.039821286115306734	0.0006801009869561375	0.0001843821328059517	-0.004752056330937929	-0.0028599090076418528	-0.0025411575455182096	-0.0009671429131086602	0.00377780457042905	0.0005437509866111137	0.0015159145349269536	0.00028692476101878643	0.0006174805196103476	0.00026788128251431547	9.601947601880927e-05	0.00039588346138120584	-0.0012981912464887673	-4.5601039976714063e-05	0.0008698366828545978	-9.954198712254487e-05	0.0002090322621015146	0.001125889671006964	0.0012639949424018235	-0.0004266525423056499	9.989903129981708e-05	-0.001090877687328072	0.0005590158859442735	0.002284243940897437	-0.001490209299770035	-0.001016462346150181	0.00041797231809202246	-0.0007541756577764745	-0.00031824600249494	-0.00016156475170255442	-0.00045715290129926526	0.000374960178241361	-0.0013579559850544654	0.00026520561652151355	0.0006912064988810737	-0.0005207325871188744	-0.00032410252813476156	-0.00035300254093939413	0.0002540611373738147	-0.0005234719807304445	-0.0006113816738236996	-0.00018715592951247284	0.00022044151488066378	-0.00017617405518789107	0.00034557324338932395	0.0003409497380021658	-0.0002782282843150274	0.00020491643711979094	-0.00043140002029970855	0.0001748804366686047	-0.00033440485475119637	-0.0002291047482996045	0.00019867233469145283	0.00012286991143837942	-9.408576933618789e-05	-0.00019527023989435925	-0.0001238197395424782	-0.00013565259497376128	0.00019666944653969043	9.570514124537361e-05	-0.00041504070266448236	0.00026131829321321306	0.0001257290246232631	-8.580764081538598e-05	0.0001898745640586781	0.0001828304193128871	-0.00030576962554949947	0.00011485932225000795	-0.0001331610090698502	2.3658723207284724e-05	0.00011653199026529729	8.394850126298293e-05	-0.00010114147781391478	-1.8016536829861428e-06	-1.2677168735266882e-05	-0.0	0.0	0.0	0.0	0.0	0.0	0.0	0.0	0.0	0.0	0.0	0.0	0.0	0.0	0.0	0.0	0.0	0.0	0.0	0.0	0.0	0.0	0.0	0.0	0.0	0.0	0.0	0.0	0.0	0.0	0.0	0.0	0.0	0.0	0.0	0.0	0.0	0.0	0.0	0.0	0.0	0.0	0.0
GCDF267	-0.028285490889837134	0.005899510363932093	0.0014202544567627844	0.0006040265135954472	0.0009199493358846476	0.0026879151726933357	-0.0015536399609034465	-0.00013427604146393614	-0.0011955523611992588	0.00016544441089381238	0.0006351817300684592	-9.413225915258845e-05	-0.001234454504619437	-0.0008246853780915068	-0.0004529750436568487	-0.00040551301516348465	-0.000576261654310883	0.001168253881918821	-0.0005590611918782388	-6.615069956938085e-05	-0.000211864925381939	0.00027920037865131826	0.0005327999800041729	0.00023393818904420092	-9.151811982376735e-05	0.0005278730541805985	0.0005340158223674477	0.0004015465586908589	0.0003022194833048125	0.0005337572031038671	0.0002052105136584081	-0.0006365639706270011	0.0006456632445578382	-0.00023458354923454092	8.580990433390582e-05	0.0001052215515116947	-0.0008639624397998854	-0.00046088945205827013	-0.0006169101091000792	4.065502759175871e-05	7.916686351984134e-07	0.0005411683883003519	-0.000813519922576666	-7.93725595619936e-05	0.0004299976302801884	0.00039106668314396156	-0.0002810536012474751	0.0003496462410576405	0.0005447950354147365	2.516081580168447e-05	3.1587727330266e-05	0.00034954738478101057	-6.544080007844181e-05	-0.0004424315195685477	0.000284297621492131	0.0005431109009721944	-0.0004970587935401007	0.00025702728819559196	0.0012133282348110814	0.0005260725180364087	0.0008304175814952521	0.0001848939546489453	-0.0001941385945216461	0.00039340953643449925	0.00045706320683451285	0.00031572139079664253	0.00010163373504216042	6.0630977572400274e-05	2.0944202181905313e-05	-0.0002482456362467207	7.716099592861128e-05	-1.1991694034560353e-05	3.4353177988837073e-06	-0.00020812862477291813	-0.00014723438456519647	-0.00018779235839758745	0.00018390480124652093	9.92467692863387e-05	-0.0	0.0	0.0	0.0	0.0	0.0	0.0	0.0	0.0	0.0	0.0	0.0	0.0	0.0	0.0	0.0	0.0	0.0	0.0	0.0	0.0	0.0	0.0	0.0	0.0	0.0	0.0	0.0	0.0	0.0	0.0	0.0	0.0	0.0	0.0	0.0	0.0	0.0	0.0	0.0	0.0	0.0	0.0
GCDF269	-0.016227476052004797	0.005409255600308081	0.0032184322749760747	3.564826591392593e-05	0.001590373606221142	-0.00023136059089502278	-0.0002460177481363691	-5.028077513260013e-05	-0.0001865328456772424	-0.0017595144931027806	-0.0003782238246639898	-0.0006631773289088502	-0.0004877268400179289	-6.0818301357779205e-05	-0.0011215995409809853	8.444454502496833e-05	-0.0005433490464950427	0.0005133565104846029	-0.0005452485979599512	-0.0005959747368434202	-0.0007155361489558303	-0.0010241685363694324	-0.000915213980952056	-0.0006939710804260537	-0.001453372081422462	0.000308897241470749	-0.00031973171867457576	-0.0002722217069254311	1.7798644586568916e-05	0.00011068712032262082	0.0008774162753951126	-0.00145154147193662	-2.771794708241069e-05	-0.0006695663640174746	0.0007538487962425438	-0.000763826606412432	-8.198951395674914e-05	-0.0011990415256171371	0.00025268559851967316	-0.0004695884494621347	0.000579287616293883	-0.0007957793002020607	-0.0007697658436789427	-0.000448925931938349	-0.00019098410805510433	-0.0003444479882694733	-0.00031101270255944795	0.000278840118861935	0.00021829063944935244	0.0006049049804654871	-0.00016768006131329629	0.0002203435642777284	0.0006161411559424869	-0.00011885513179663094	2.9061423724335884e-05	-0.000426754843949266	0.0001378584066972067	0.0005833121057325059	0.00023058068429805478	5.3162240114862235e-05	-5.4837654741566326e-05	-0.00023317043589211192	0.0002505817264960021	-0.00022746210173997587	0.00018977777231892493	0.0002929963104619509	-0.0003358086259168351	9.539463290787855e-05	-5.9283780478134895e-05	-0.00012947447862578964	-0.0002597075901749518	0.00037028031853063537	-3.2425080937489636e-05	6.597660618323014e-05	-4.4793250835846705e-05	0.00012207936792637397	-0.00010979210439127772	-0.0001595307166974166	-0.0	0.0	0.0	0.0	0.0	0.0	0.0	0.0	0.0	0.0	0.0	0.0	0.0	0.0	0.0	0.0	0.0	0.0	0.0	0.0	0.0	0.0	0.0	0.0	0.0	0.0	0.0	0.0	0.0	0.0	0.0	0.0	0.0	0.0	0.0	0.0	0.0	0.0	0.0	0.0	0.0	0.0	0.0
GCDF271	0.0020998172602860977	0.004623267224099446	0.002628445934811782	0.001237238340780485	0.0008838656069639335	-0.0003065041475755576	0.0018446635319500874	0.0005644463339763244	3.630734918535056e-05	-0.0005547108702886617	-0.0003294864670220641	8.789918875725124e-06	0.0009294959534614447	-7.892462110874361e-05	-0.00048813674303329105	0.0004408562733895415	-0.0003844920436731268	0.0010038218932803906	0.00036881111666445515	0.000546444196081224	0.00043923130940815914	-0.00011681560533419205	-0.00025941322328926165	0.00046757978335101776	6.988854475124824e-05	-0.00020960265789636283	-0.00014253691189234028	-0.0009125198709040769	0.0016622491571213003	9.46147328984993e-05	0.0008370159379166609	-0.0006827499268261428	-0.00010339653400903951	-0.0009271715741244509	-0.0006623886471569251	-0.0007268440466084516	-0.00031225865624664767	0.0005416498956244475	0.0011027872281773282	-0.0002524820720873892	-0.00010982925366889755	0.0006532796842314641	0.0011066732217910526	-0.0008438114297462977	-0.0002441650262266338	0.0007090889914035132	9.3307098933047e-05	-0.0002693856232933048	5.6343824094397065e-05	-0.00047459870269481766	6.427368828287568e-05	0.00035407977937019244	-0.000792712685824147	0.00048461924293462363	3.4090064903571565e-05	0.0001062942617877512	0.0005643761026658979	0.00069173982410681	9.514132630415122e-05	-4.7367296850841335e-05	-0.00042039316598164756	-0.000495756375140291	-0.0001314157614690023	-0.0003537603043533482	8.333335269933668e-05	-7.069904443900052e-05	-0.0001164862004828751	-0.000173849467948141	0.00019473932898341585	-0.00015867686548202736	-0.00028106837503994695	-1.2864302423706728e-05	-0.00021923594956038266	7.508973324640471e-05	-0.0002446409082043271	-3.461855737776759e-05	0.00023901028582989486	1.214528909733855e-06	-0.0	0.0	0.0	0.0	0.0	0.0	0.0	0.0	0.0	0.0	0.0	0.0	0.0	0.0	0.0	0.0	0.0	0.0	0.0	0.0	0.0	0.0	0.0	0.0	0.0	0.0	0.0	0.0	0.0	0.0	0.0	0.0	0.0	0.0	0.0	0.0	0.0	0.0	0.0	0.0	0.0	0.0	0.0
GCDF272	-0.02516238847996109	0.005247774711643708	0.002103323254192566	-0.00044871589073399956	0.00017686404519223734	0.0009287061702126733	-0.0010635532028469238	0.000901981001907532	-0.0009416993499429473	-0.0006505989342668069	-0.0007145938573792789	-0.00023102276482668226	0.0003267011946967248	4.220860328382178e-05	-0.0006525405218935762	-9.14240632336822e-05	-0.00037795756535706824	0.0006960089182116431	9.137190014625749e-05	0.0011353797838108326	0.0005146924639252019	-0.00034459843476236407	-0.00014407435586073132	-0.0008969790816402616	-0.00047893869444379044	0.000320429942177976	-0.0005940047853462013	0.0003195427061584568	-0.00018611615667919566	0.00038075302665005104	0.0010726285571131078	4.296991817995932e-05	-0.0013532565197647952	0.0011802377875177485	0.00037174292214690386	4.4623466918367065e-05	-0.00018803277087726171	-0.0007606737863132223	7.027352184338538e-05	-6.553682853552222e-05	-0.0016145816661120086	-0.0005718926030405804	3.2418324151692147e-06	-0.0008943454316152874	-0.0007106621881865948	-0.00037633951050908575	0.00014657729239242148	-0.0004955946045595331	-0.0009109164679198608	-0.0005164692407634532	0.0007751276010805726	-0.0001213957354998172	-4.4964029177488494e-05	-8.920680562689918e-05	0.0008361635442637556	-0.0004121908194509189	-0.0006769304559709718	-6.819731819423052e-05	-0.0005208550438487921	-0.0006741662974869371	-9.152644878521986e-05	-7.374819980633733e-05	9.937669295110957e-05	4.268334849449659e-05	5.731050463851306e-05	-0.0003134594545760801	-0.000211281866254699	-9.429061808684067e-05	-7.472044588236495e-06	-8.188095003622022e-05	0.00023801505707436333	-0.00017875628057682246	-1.611249228363585e-05	6.333763824754758e-05	0.00014549309598020077	-0.00016839635125312068	1.207399846533851e-05	7.382624919367564e-05	-0.0	0.0	0.0	0.0	0.0	0.0	0.0	0.0	0.0	0.0	0.0	0.0	0.0	0.0	0.0	0.0	0.0	0.0	0.0	0.0	0.0	0.0	0.0	0.0	0.0	0.0	0.0	0.0	0.0	0.0	0.0	0.0	0.0	0.0	0.0	0.0	0.0	0.0	0.0	0.0	0.0	0.0	0.0
GCDF273	0.012535619563042565	0.004607762455466899	0.0012373903856008877	0.005464726929845563	0.0007024603420888543	0.0018764698939577587	-0.00019449360968522668	-0.0013497338521937013	0.0004980755495633942	0.0006185796252833538	0.0006160696551822558	0.0005127553288127666	-0.0002764952626062538	-8.007430199568556e-05	-0.0003836242152155734	-0.00021290270746483308	-0.00021625612460109128	0.00029032021852577	-0.0005011536695067293	-0.0003542411012978947	0.000336692772320263	-0.00016103965327831098	0.0004551873690777676	6.977157101087554e-05	0.00011545751130166246	-7.950337778444481e-05	0.0001970797193283308	0.0001680871449630909	-0.00018361859643036446	0.00014392410849297011	-8.231048373043946e-05	3.794878434341234e-05	0.0002804684442450977	0.00011064816335011107	-0.00031482374554866235	-0.00018687718319587457	0.0009118982686187723	-0.00033523791260101885	-0.00047853540306570883	-0.000684747254112975	-0.0006886087812299507	-0.0005960819684175586	0.0002231613504743278	0.00039168031578636363	9.301122675161917e-06	0.00040296210674652415	0.000141687444074584	-1.5691692498574577e-06	-0.0002422289223989068	0.0008607261745853205	0.000128424530772834	-0.00032414077782692136	0.00016404461564734345	0.0007044488177566814	0.0005933921952228098	0.001342852342537475	6.384270364530216e-05	-3.0510611796714788e-05	-0.0005488854011204312	0.0004889115111287915	2.03211558722288e-05	-0.0005238516782392607	-0.0005029540837047743	-0.0005185437395219273	0.00026284619141802716	0.00024257109173238668	-0.00031977341846320574	0.0004263112869909431	-0.0009269221240601114	-2.3795441930502946e-06	-5.407071051726165e-05	0.00010049764729090836	-0.00014623956558739565	-7.576420708490149e-05	-5.268882900756244e-05	-0.00011398300667999305	0.00014093143331999245	-1.6637064999101235e-05	-0.0	0.0	0.0	0.0	0.0	0.0	0.0	0.0	0.0	0.0	0.0	0.0	0.0	0.0	0.0	0.0	0.0	0.0	0.0	0.0	0.0	0.0	0.0	0.0	0.0	0.0	0.0	0.0	0.0	0.0	0.0	0.0	0.0	0.0	0.0	0.0	0.0	0.0	0.0	0.0	0.0	0.0	0.0
GCDF274	-0.03535864552581371	0.0026007015013126875	0.0007127174016983759	-0.0031109451868872756	-0.0015769198997200129	-0.0014887667349441191	-0.000862442314899077	0.004049474700393166	-0.0009212721216980442	0.00026326685054932694	-0.0003561612260994405	-2.0826633865518305e-06	0.00012873766951259307	0.00037907057630201746	0.0006006325112990718	0.0010684591632546792	-0.0003961580072716727	0.0008030989600692766	0.00013256002348210395	-0.0007390254092844899	0.0005204368628972829	-0.0005702035601516494	0.0004111203250197662	0.0010957368144784276	0.0004514434617365881	0.0008312158285804969	-0.0008184240324614772	0.0006849935612538163	0.0004647614478669013	0.0004902994266657874	-0.000239189647338117	0.00043607872503733806	-0.0008341274218335413	2.2988454874275366e-05	-0.0004828516691121101	0.0001795478241783468	-0.0006254352313211137	-0.0008308002797418954	0.0002940117186215625	0.0003197003925248469	6.916556998962414e-05	-8.888023842032423e-05	0.0007039778735160644	0.0008502250068805919	-0.0002340445079102449	-0.0005195954636046198	8.418018347044024e-05	-0.000546882405593852	-0.0004457554923937027	0.0011816111792860367	-0.0005617721069337324	1.201665991052217e-05	1.4558308103310246e-05	-0.00015261076165332135	6.450016322550873e-05	-0.0007272463152244291	0.00014183885287086788	0.0009343271122899979	-1.9036685920102484e-05	0.0003552192724331858	-2.555917065112196e-05	0.00026373401980696375	-0.0003036870249155467	-0.00017762403497439762	-0.00010806614397180161	-2.697173184195462e-05	-7.806937278933337e-05	0.0003244924280859532	0.00011055104989645788	-0.00017436622048978134	6.814463605235089e-06	-9.152465756551624e-05	-4.067376951604152e-05	-0.0003480102911943786	-0.00011457869152545753	-5.72583493577548e-05	-4.7232965694116156e-05	2.74504720968851e-05	-0.0	0.0	0.0	0.0	0.0	0.0	0.0	0.0	0.0	0.0	0.0	0.0	0.0	0.0	0.0	0.0	0.0	0.0	0.0	0.0	0.0	0.0	0.0	0.0	0.0	0.0	0.0	0.0	0.0	0.0	0.0	0.0	0.0	0.0	0.0	0.0	0.0	0.0	0.0	0.0	0.0	0.0	0.0
GCDF275	-0.03195939271533811	0.004700087277926219	0.0017055598636386768	-0.0005856754266309061	-0.00033429689185315956	0.000403716789161782	-0.0012149262529762758	0.0017083903852808007	-0.004005759491626927	-0.0009768955759624344	0.0004796721987218754	0.0008794344061261914	-0.0002567435278840696	-0.0005118048804154732	0.00019665454130774428	-0.00029804979625444616	-0.0001727542624264626	-0.0010485452819016898	0.0005448241089196455	0.0004832880828810468	-0.0018074570413775125	-9.561206887687846e-06	0.0011056954173479917	0.00016268149041834647	-0.00016605311055760186	-0.001268558043641001	0.00020102447971028105	-0.0021903750634151248	0.00040951769129471773	-0.0005834328288066436	-4.393814053174736e-05	0.0004301242010719862	0.0009841538509846753	-0.00047277392228344586	0.0006635279969771519	5.09029768329306e-06	0.0004504447820146559	-3.106661370089226e-05	0.00015964320920158808	-0.0005508602589623078	0.0002599771020696183	-0.000216395061707868	1.6161418799572014e-05	0.0003017792534495745	-0.00016775169205622144	-0.0006667420805978396	-0.0004730085933211245	-0.00045744474648051146	-0.00045174576801854354	0.00028330402460624424	0.0006109874764180264	0.00010240877010551584	0.0002444245479335939	-1.4321347603082396e-05	-0.0004896080211124929	-0.00036379796479745413	-0.00043475720092942867	0.00022634874987565476	-0.00026765979236359873	0.00011177392426656398	0.00015026961397235133	-0.0006317739365295395	2.5763888335054666e-05	1.630930384712701e-05	0.00026789202466001854	-9.703015932953824e-05	0.00031780164483734464	1.1402356256306514e-05	0.0002045232309869558	-0.00018704719081352706	-0.00015411561576996	-0.00027277108767129074	-7.482443613335595e-05	-8.45352733701857e-05	0.0001687184421452082	-3.184614845251069e-05	-6.421768262165355e-05	7.175565861561493e-05	-0.0	0.0	0.0	0.0	0.0	0.0	0.0	0.0	0.0	0.0	0.0	0.0	0.0	0.0	0.0	0.0	0.0	0.0	0.0	0.0	0.0	0.0	0.0	0.0	0.0	0.0	0.0	0.0	0.0	0.0	0.0	0.0	0.0	0.0	0.0	0.0	0.0	0.0	0.0	0.0	0.0	0.0	0.0
GCDF277	-0.004894739291079295	0.006225457446785733	0.0025034030050890116	0.0009995798103536525	0.0031583195267854353	0.0009198169900949787	0.0014341801344514029	-0.0015131045669153807	0.0005121917429957209	0.00015387807510515656	0.000492681783485267	-3.948577416954594e-05	-0.0004919195543274064	-0.0005952038230154576	-0.00041781434094706086	-0.0007241314010962554	-0.0007043255893417825	0.00045729720906191904	1.3063742790835662e-05	0.00011614077437033001	0.000230596445718463	0.0001244287163892704	-0.0002442543427970906	-7.661458631963688e-05	-0.0004136225325354407	-0.00015955139228841843	-5.183973894774137e-05	0.000944844704725571	-0.0008185002764730924	-0.00028195321733942227	-0.0005304295500525697	0.0006829140308717014	0.0006380416904095482	0.0008853295166416887	4.419050700084784e-05	-0.00038424606794108704	-8.791280795269724e-05	-0.00015785152435389906	0.0003415719240981414	-0.0010368363463956422	-0.00035746195760310114	3.9207399099358703e-05	-3.635257210337967e-05	-0.00010793057143654623	-0.00013166620689628064	-0.0003271867119913453	-0.00044759399170369034	-0.0010693236911981509	0.00033954537969128407	2.089025301772117e-05	-0.0004978260711262726	0.0002896091495910114	0.00022328097538003248	8.906809511871836e-05	-0.0006216051893475065	-0.00016329683747029597	-2.58799463104838e-05	-0.00023704410320834508	0.0005168024835369851	-0.0003860125856778104	0.00010930177906836527	0.0004254762399847741	-0.00039773688393628684	-0.0005565514801106352	-0.00023210673127061607	-0.00030480629410055795	-0.0003038403391119637	0.0001742717632811932	0.00013124749815042068	0.00036449129924649975	-0.0011676056373685316	0.0002904026453177207	-9.379612451464211e-05	5.929224249442322e-05	8.309364014533739e-05	4.7775749424925596e-05	5.974416780693649e-05	3.304087363767424e-05	-0.0	0.0	0.0	0.0	0.0	0.0	0.0	0.0	0.0	0.0	0.0	0.0	0.0	0.0	0.0	0.0	0.0	0.0	0.0	0.0	0.0	0.0	0.0	0.0	0.0	0.0	0.0	0.0	0.0	0.0	0.0	0.0	0.0	0.0	0.0	0.0	0.0	0.0	0.0	0.0	0.0	0.0	0.0
GCDF278	0.005752508279273321	0.004937406112952597	0.0019725771113219773	0.002985803963446153	0.0012484167508928386	0.0007381698242499467	0.001039004582011407	-0.0006772922118585758	0.0005105186489355036	-1.8785703505007196e-05	4.698852967246863e-05	-8.251579748827627e-05	0.0005947184978594821	0.0001664989497528038	-0.0007587038682646131	-0.0001700958289623574	-0.00023553021486804685	1.646994661151402e-05	-0.00026571438706505694	-0.00015014831103186228	-0.00021478050436463017	6.266793793172242e-05	0.0002546697179118469	3.516263457807225e-05	0.0005119335458766243	0.0007278335765322581	-7.692063961767967e-06	-1.9958061785953806e-05	-0.0008136359444684758	9.750317102812016e-05	1.2541430957647482e-05	-0.00042812403295240924	0.0004914140762787625	0.0005154697172763484	-0.000412316956786688	-0.0004089358602240024	0.0013122165764930522	-8.340925559928066e-05	0.0003109748717352764	-0.0010557758028951912	1.6014432885945666e-05	-0.0005200379185845127	0.0009114108759339435	0.00021918392207344515	0.00012757243639537289	0.000990916243347404	0.00023928934420509604	0.00018124742345668036	-0.0003344873564540533	-0.0007797798034126917	0.00054454584925901	-0.00032369807992264134	0.0003893504400221143	0.0005650703742088341	-0.0005260490911912188	-0.0006374753534438007	0.0001820898568647952	0.001191947226184959	0.0008042057273958203	-0.0005752803524304641	0.0005923104386203322	0.0003829163839370152	0.00041529298999052645	0.0005468856419671984	0.00012386104905838142	-2.967891989628006e-05	0.0001758881684398133	0.00032915314410403307	-0.00045626165544730647	0.00020784427285507246	0.0003224909992917013	-0.0001403071853232757	0.00021763950644807767	-6.170864487209779e-05	0.00014076743066278641	4.189388525231919e-05	-9.159950425185139e-05	1.0237366078312451e-05	-0.0	0.0	0.0	0.0	0.0	0.0	0.0	0.0	0.0	0.0	0.0	0.0	0.0	0.0	0.0	0.0	0.0	0.0	0.0	0.0	0.0	0.0	0.0	0.0	0.0	0.0	0.0	0.0	0.0	0.0	0.0	0.0	0.0	0.0	0.0	0.0	0.0	0.0	0.0	0.0	0.0	0.0	0.0
GCDF279	0.027484125536778026	0.0009502428777706953	-0.0010467632640134505	0.007957492060309499	-0.0003479314948345954	0.001713815821747955	-0.0015409495226333158	0.00018513214730764437	-0.0009620802524129009	0.00016467085307389498	-0.0005325879266239286	-0.00017537150707078362	-0.00017972091569697584	-0.0006449765962762082	1.7097135380310023e-05	-3.0098877727506063e-05	0.00013901365235032557	0.00028230581468989676	0.0002950795655390951	0.00047445438816469973	-0.0005035711109969612	-0.0004357993722077222	0.00031021996266578935	0.0002474576142213642	7.551818020720732e-05	9.054897917361708e-05	-0.0002308757017687161	4.366521148028154e-05	-0.0006216724211130936	-0.0003274509741870095	9.314016588902698e-05	-0.00010636205213759529	-0.0001273530825048215	0.0001250982761228485	0.0001853313773875364	0.00018234706635145967	0.0001275052082864275	0.00037585907677783873	0.00034462855492713276	0.0002940836198945917	-9.320416788989813e-05	0.0004110405842341266	-8.614124008155292e-05	7.458037446835862e-05	0.0002988367127421882	0.00026671598464156126	-0.0001885907944402827	-5.288003419730112e-05	-4.2546873209804874e-05	9.872249529721514e-05	-3.633342993956684e-05	-5.6385606829196725e-05	-4.926566425885931e-06	0.00025436281998870845	0.00047669045204268697	0.00029163101691189787	1.8996695523034012e-05	-8.018544465411016e-05	-0.00011590227321058031	-0.0001577349624546765	0.00016162923013480663	0.00011166056736068129	-5.593043518428934e-05	-9.95979857026249e-06	0.00011300769920513006	-0.0004154846697784936	-0.00031703609270580135	-0.0005869322036122905	-0.00019260817685674698	-0.000618353596037471	-0.00030857981892751403	-0.00024587475942934714	0.00043532952545201255	-0.0005555982605899235	0.00014872447390208523	2.2820447851893603e-05	0.00011679278560323218	-0.00020452979583805963	-0.0	0.0	0.0	0.0	0.0	0.0	0.0	0.0	0.0	0.0	0.0	0.0	0.0	0.0	0.0	0.0	0.0	0.0	0.0	0.0	0.0	0.0	0.0	0.0	0.0	0.0	0.0	0.0	0.0	0.0	0.0	0.0	0.0	0.0	0.0	0.0	0.0	0.0	0.0	0.0	0.0	0.0	0.0
GCDF280	-0.07756725368202307	-0.0023322510944404936	-0.01498465866341958	0.0037325570280913162	0.0002540004828212503	0.0025861946200445274	0.0011481479032204192	-0.0012808119383155485	0.0006725623692107919	5.271349272786511e-05	0.0017501228893714337	-0.0005009830715915776	-0.00013696822566370005	-0.00027581782655823503	0.00014751376447369075	0.00041207400505065565	-0.0005282014786595163	-2.428040239261199e-05	0.00028537556260822974	0.00018752876050624003	-0.00022410240460505996	0.00013967154403233569	8.800751620996608e-05	-0.00011520255687686415	0.0004969139325270615	0.0002519114290831894	-0.00029038710613127556	0.0003828366343929233	-0.00027846505928750826	0.0013945659784497912	0.0002298793236802375	-0.0002446751222615768	-4.223346751276238e-05	7.91932085712879e-05	-0.0006150162273336966	-0.0004281564291505036	-9.064746562893722e-05	0.00094493540622908	0.00016576630520045911	-0.0006643791264991506	2.393805475545929e-05	0.00026046130545533076	-0.00024992090365066796	-0.0004110527541567778	0.0003124940206851923	-0.0011145462544204395	-0.0007043919348008846	0.00028705568087774273	0.00033657893036838463	-0.0001620627222424538	0.0005617036676125259	0.0007879792697058415	4.0885411065200724e-05	0.00019782535759267034	-0.00032649036073864737	-0.0001907010877600052	-0.00031736821206390246	0.0001983540188947124	-0.0005087203300157642	0.0004850116870606932	-0.0002511280794389584	0.0006844812618437842	0.0001620076986549643	0.0002515092721110424	-0.00015068658391550763	0.0005273167121329034	-1.725204981948249e-05	0.00016972839707510485	-0.00028907213835501535	0.00013990106470393787	0.0003897332757821867	0.0001975948598791396	-0.00023987363492255785	-0.00017601286539288552	0.00012926456207967073	8.835387719472837e-05	8.954603822984117e-05	-4.7256246828971476e-05	-0.0	0.0	0.0	0.0	0.0	0.0	0.0	0.0	0.0	0.0	0.0	0.0	0.0	0.0	0.0	0.0	0.0	0.0	0.0	0.0	0.0	0.0	0.0	0.0	0.0	0.0	0.0	0.0	0.0	0.0	0.0	0.0	0.0	0.0	0.0	0.0	0.0	0.0	0.0	0.0	0.0	0.0	0.0
GCDF281	0.0035205888050241895	0.005943531657119792	0.002042360713986008	0.002853292650220263	0.0025958842917137735	0.0014118626635917318	0.0013964204857898025	-0.0021214251394054877	0.0009595078258202575	0.0006586684131972265	0.0007704492136666356	0.00043974635696150384	5.1107631062809834e-05	0.00026311830442790434	-0.00037544036324859694	-0.00014410964216553864	-0.0005308031999501163	7.247311569223216e-05	-0.0007691828207721825	-0.00013806829128896529	-0.0001454241632177899	0.00037152609409114715	0.0003790273413481625	0.00016121665677011566	0.00027238896453522825	0.00016437184862956618	-0.0002106003185085212	0.0002476971353964072	-0.00010136570869830237	0.00018708675443565364	-0.00026268483913417876	0.0005334728875108855	-1.5252790190958265e-05	-0.00016035041217783778	7.307902444692908e-05	0.0004974108357845632	0.0006267040851791951	-0.00019538099092030614	-0.0010531231456400122	7.24040628593662e-05	-0.0006648412733711421	5.552288563571303e-05	-0.0004162081636665266	-0.0003262708938592004	2.010284186148551e-05	-0.00038607652021842065	0.00046250880412510926	4.808645334776326e-05	0.000496188618761394	0.00022696108732878748	-0.0002203062753843655	0.0005516290698559962	0.0003164458520785574	0.0003469906339508714	9.54366975140371e-05	-0.00023259260438726587	-7.576179692093741e-05	0.0002616094713861585	-0.0005021141057073998	-0.0005043217718378029	0.0004577736516304134	0.00030809207012975264	0.0001851967655557485	-0.0003112606835613482	3.063453076789608e-05	0.0007575304100789336	-5.432100034177909e-05	-0.0009211751057233776	0.000747867988300328	-0.0002671583056542227	0.0001142164502514233	2.3424575780085256e-05	0.000297661122478344	-0.00015779698240067712	-0.0001918820148888666	0.000234803276321486	-7.442310535411245e-06	3.322679566925071e-05	-0.0	0.0	0.0	0.0	0.0	0.0	0.0	0.0	0.0	0.0	0.0	0.0	0.0	0.0	0.0	0.0	0.0	0.0	0.0	0.0	0.0	0.0	0.0	0.0	0.0	0.0	0.0	0.0	0.0	0.0	0.0	0.0	0.0	0.0	0.0	0.0	0.0	0.0	0.0	0.0	0.0	0.0	0.0
GCDF282	-0.044603693858339226	0.003565930895862641	-0.002861860968204623	0.00022752920084407902	0.0018590302458198326	0.0015274694018996378	-0.002257917303199734	6.590663213466029e-05	-0.0013878487013733974	0.0009896700973041443	0.00030059192732257453	0.00159534970748546	-0.0001542764211350333	-0.0007252044210493188	-0.0008704984382423823	0.0004090069494376349	-6.167517624709094e-06	1.9983273574829686e-05	-0.0003170107761662539	0.00030002430820326247	-0.00023342068701837041	0.0009286812415091371	0.0005071311451052003	0.0006516037295864288	-0.00042990267488506436	0.0008222371327826951	-0.0005974693212489089	-0.0003775775531831323	-0.00020113365970678804	-0.0006648199320041146	-0.0005834705571896452	-0.0007644232953448067	-0.0003328439305144511	-0.00044622977191307494	0.0004282110790228624	0.00022929985237096342	-8.518802944736283e-05	3.124267800261454e-05	4.310116167191892e-06	0.0006680545300835409	-0.0005143368490373834	0.0005870122747851109	-3.397286769671441e-05	0.0001910728055402618	0.001504607871799382	-0.0007110319637058174	2.738253006770115e-05	4.113722647507667e-05	-0.0006861163748017707	-0.00010503499203755614	0.00025070917384137874	-0.0002328207970744851	0.0005018442319726363	0.0007030148229364488	0.00038916396224604835	-0.00018977151686473708	-0.0004115461778601782	-0.0003323667471297888	0.0006781653640502733	-0.0004981710672393781	-0.0008675162423629097	-7.449189284050292e-05	9.320146419789546e-05	3.1093000361523876e-05	-0.00047446030487347717	9.009809826946199e-05	-0.0005738638367314953	0.0002655711965387932	-0.00030080051123969304	5.033027689801715e-05	-0.000254683924361033	4.246224711980767e-05	-8.86138974069473e-06	8.096354938720036e-07	-3.291499913159606e-05	6.43683131152821e-05	-1.4486646149333401e-05	5.780720503455359e-05	-0.0	0.0	0.0	0.0	0.0	0.0	0.0	0.0	0.0	0.0	0.0	0.0	0.0	0.0	0.0	0.0	0.0	0.0	0.0	0.0	0.0	0.0	0.0	0.0	0.0	0.0	0.0	0.0	0.0	0.0	0.0	0.0	0.0	0.0	0.0	0.0	0.0	0.0	0.0	0.0	0.0	0.0	0.0
GCDF284	-0.038939528084667475	0.00414660315635771	-0.0010306782757388436	-0.00034003696595142843	0.001216358801574056	0.0012130661283476826	-0.0019139776646732707	0.0012954010174801853	-0.0010961741359712955	0.00040724364910366015	-0.0001276247711327498	0.00047758718330174826	-0.00019061514574259152	-0.0001620662149294293	0.0011253913270504274	0.0010539975996348787	0.0014885078331051554	-0.00044435087741083153	0.00021647216416813468	0.0007362370497808537	-0.0009316795954229482	0.00015024077219604295	-0.000383876247102566	-0.0010439840475148382	0.00021900790610529918	-0.0016259307041900652	-0.0006198000235817023	0.0005615603267350016	-0.00010132054017891706	-0.0003732198521435942	0.0012135027300802525	0.0006587666819411063	0.0007546883744693027	4.589026003587186e-05	-0.0006987275826761565	0.000233685150140582	-0.0008144899247856135	-0.00036395128305553913	-0.0003359997210456019	-0.0010486998799313948	-0.00014915615044093207	0.00023823526376268953	-0.0008067526477031405	-6.337642747811857e-05	-8.845417473063806e-05	0.000627480652950666	0.0009506784310627692	0.0005166151326184044	0.00043052691783866247	-0.00038052357179183335	0.000158021147852478	-0.00015999791029629247	-0.00035909861523834776	-3.86592813382304e-05	-0.00015284953389459866	-0.00017774791872584615	7.718476903829616e-05	-0.00010376006645037782	-0.00015731004329567116	0.00010801903739086877	-0.00011939719094360681	5.0338564457482686e-05	0.0002027931856032266	-0.00019611360906735881	-0.0003089643047492987	0.0002660414045978407	-0.0001371362493554055	-7.290827555368314e-05	-0.00016703899078866554	-7.32734431463365e-05	3.5708382691404185e-05	0.00014963388657690063	0.00010821029453291074	0.0001066420267910625	-9.792146873972694e-05	1.446923074338797e-05	-6.764878822219053e-05	-7.622660286123173e-05	-0.0	0.0	0.0	0.0	0.0	0.0	0.0	0.0	0.0	0.0	0.0	0.0	0.0	0.0	0.0	0.0	0.0	0.0	0.0	0.0	0.0	0.0	0.0	0.0	0.0	0.0	0.0	0.0	0.0	0.0	0.0	0.0	0.0	0.0	0.0	0.0	0.0	0.0	0.0	0.0	0.0	0.0	0.0
GCDF285	-0.009148401214396371	0.004070468243460245	0.005320542605825987	-0.0012399461374728814	0.0003806000518634267	-0.00258063618017987	0.0026797921187697764	-0.00021794612852140722	-0.0008067926873019204	-0.0006543990547019815	8.62844934895452e-05	0.0003674718054439489	0.00047504058307810943	-0.0012926084149438109	-0.0005150504435377425	-0.001400286172248167	0.002589166880447904	-0.0013478089452878947	-0.0002868928650570457	0.000380342510547909	0.0008912845096706929	-0.0003987862494372767	0.00043939942070177657	0.0020605803648954474	0.0008685788678671543	0.0008616959216938938	0.001100058197995796	0.0005289746829322507	2.4697563971179684e-05	-4.639651756971776e-05	-0.0003099286545847734	-0.0007435102110728759	-0.0006022499838658615	-9.463870308197086e-05	0.0001954843577490849	0.00015730334215382277	6.519035516352822e-05	-0.0007346234990852481	0.000757316456312713	-0.0008206895066533605	3.1965423253517144e-05	-0.0003962066265581846	5.7842730834062206e-05	-0.00089775985456914	-0.0002521929758915262	-0.0008232697179880324	0.0012830458061985194	0.0005079696255518891	0.000577096495671154	0.00020294286217784548	-0.00021209239296040433	0.0004551235863823442	-0.0002486660472670164	0.00019261873941397778	1.173003124182502e-05	-0.00043754148347821076	-0.00016075256681684537	-0.00047831782924662874	-0.00023614127363513114	9.744484499143132e-05	0.000513362838518084	-0.00040688278692460763	-7.25839343454293e-05	0.0004355460708486075	-4.861638424869751e-05	-2.4408971536068403e-05	-7.61002914331453e-05	-8.980925018706885e-05	-0.00012305873216669048	-1.7862197056905552e-05	3.932800145067942e-05	9.162056231071514e-05	-3.932098491596224e-05	-1.3123981226722793e-05	3.681198953423267e-05	-6.965890854416124e-05	2.0170839148964263e-05	2.2208464423764235e-05	-0.0	0.0	0.0	0.0	0.0	0.0	0.0	0.0	0.0	0.0	0.0	0.0	0.0	0.0	0.0	0.0	0.0	0.0	0.0	0.0	0.0	0.0	0.0	0.0	0.0	0.0	0.0	0.0	0.0	0.0	0.0	0.0	0.0	0.0	0.0	0.0	0.0	0.0	0.0	0.0	0.0	0.0	0.0
GCDF286	0.0077644829202342825	0.0026069681228099877	0.0033721461708457827	0.0016702656554964496	-0.001674646106046478	-0.001281376917606117	0.0015988632023029238	0.0015048022896192684	0.0013180089473250074	0.00019919513496549946	-3.976258366853991e-05	0.0003880453841070111	0.0009978505434405363	0.00014124918803139048	0.0005044606951537418	-0.0006526218790907678	0.00048678150058014275	-0.00018251225587751494	-0.0001946515169703425	-0.0005982752976604254	0.00035028094114441984	0.00016179453109644115	4.888483652806857e-05	0.0001041044364955451	-0.00020321125012497863	-0.000197768225389857	-7.459285877529965e-05	0.0003097032541954772	0.0002733100053210033	-6.093362699097755e-06	-0.0001173248990191115	0.00016850664592097284	-0.00030684836002374137	0.00031849272653940294	-0.0005440665777416624	-3.9918968137562726e-05	7.800974185037948e-05	-0.00042448298219509094	0.0008820839457256535	-0.0008263591548115885	-0.0003012541669212334	-0.00014998135607315286	-0.0008772432253360185	0.0003338661920870835	0.0006257060874699345	0.0003145582499853011	-0.0006848796939153486	-0.0005640344975377293	-0.0007218566910774246	0.000984627934837771	1.6683731990468225e-05	-0.0009741709826664324	-0.0007752793695457124	-0.0005141322629447539	-0.00012582625297612694	-3.279658950039776e-05	-0.0003983900562574982	1.334089298849954e-05	-0.00016208480099197127	0.00022794862022514805	-8.759772224815083e-05	0.0002654621691094896	-5.750348806236526e-05	0.0003138673982857005	-0.00033573856701213573	0.0008232381937797324	0.0002740400927690726	0.00010408109252519755	1.6437147237240858e-05	-0.000492988146012742	-0.0002060977613140553	-0.00030959811629048783	-0.0001580062066271276	0.0003281540235819992	9.291025679249244e-05	0.00012424437370512083	2.1180196961455176e-05	1.4399797975146315e-05	-0.0	0.0	0.0	0.0	0.0	0.0	0.0	0.0	0.0	0.0	0.0	0.0	0.0	0.0	0.0	0.0	0.0	0.0	0.0	0.0	0.0	0.0	0.0	0.0	0.0	0.0	0.0	0.0	0.0	0.0	0.0	0.0	0.0	0.0	0.0	0.0	0.0	0.0	0.0	0.0	0.0	0.0	0.0

Biplot	0	0

Site constraints	0	0
