	GA11	GA13	GA17	GA18	GA19	GA20	GA24	GA27	GA28	GA29	GA33	GA35	GA37	GA39	GA40	GA41	GA44	GA45	GA5	GA58	GA59	GA60	GA63	GA65	GA67	GA7	GA71	GA72	GA76	GA77	GA79	GA82	GA83	GA85	GA86	GA87	GA92	GA96	GB101	GB102	GB116	GB118	GB119	GB127	GB128	GB130	GB144	GB147	GB149	GB151	GB155	GB157	GB164	GB165	GB169	GB175	GB178	GB189	GB98	GCDF194	GCDF197	GCDF202	GCDF209	GCDF213	GCDF215	GCDF217	GCDF218	GCDF220	GCDF222	GCDF224	GCDF225	GCDF226	GCDF227	GCDF228	GCDF229	GCDF230	GCDF231	GCDF232	GCDF235	GCDF236	GCDF237	GCDF238	GCDF239	GCDF240	GCDF241	GCDF243	GCDF244	GCDF245	GCDF246	GCDF247	GCDF248	GCDF249	GCDF251	GCDF252	GCDF254	GCDF255	GCDF256	GCDF257	GCDF259	GCDF260	GCDF261	GCDF262	GCDF263	GCDF265	GCDF266	GCDF267	GCDF269	GCDF271	GCDF272	GCDF273	GCDF274	GCDF275	GCDF277	GCDF278	GCDF279	GCDF280	GCDF281	GCDF282	GCDF284	GCDF285	GCDF286
GA11	0	0.051386593204775	0.39921028466483	0.397190082644628	0.096730945821855	0.398126721763085	0.0665381083562902	0.168264462809917	0.169862258953168	0.399265381083563	0.399981634527089	0.168815426997245	0.260569329660239	0.26595041322314	0.401432506887052	0.229623507805326	0.145105601469238	0.161303948576676	0.0486868686868687	0.0889072543617998	0.111588613406795	0.291827364554637	0.160826446280992	0.401010101010101	0.402809917355372	0.0541597796143251	0.119577594123049	0.266648301193756	0.0869421487603306	0.397171717171717	0.404095500459137	0.221524334251607	0.400165289256198	0.171239669421488	0.399669421487603	0.402112029384757	0.374747474747475	0.400257116620753	0.398861340679523	0.399302112029385	0.148411386593205	0.400569329660239	0.396363636363636	0.0462993572084481	0.402056932966024	0.288503213957759	0.182993572084481	0.08633608815427	0.0590817263544536	0.4	0.371864095500459	0.138089990817264	0.380863177226814	0.400752984389348	0.393516988062443	0.378696051423324	0.405417814508723	0.397373737373737	0.236767676767677	0.393902662993572	0.559669421487604	0.403213957759412	0.215610651974288	0.0474380165289257	0.377704315886134	0.0943250688705234	0.249917355371901	0.133149678604224	0.0664279155188246	0.235996326905418	0.125179063360882	0.28139577594123	0.173774104683195	0.272231404958678	0.158971533516988	0.197483930211203	0.190964187327824	0.224591368227732	0.115720844811754	0.0499173553719008	0.227162534435262	0.0848852157943067	0.129954086317723	0.135592286501377	0.130982552800735	0.156106519742883	0.247584940312213	0.152433425160698	0.213039485766759	0.101083562901745	0.149090909090909	0.183489439853076	0.11900826446281	0.16752984389348	0.257134986225895	0.247438016528926	0.115867768595041	0.227052341597796	0.151386593204775	0.158953168044077	0.224370982552801	0.0689990817263545	0.07267217630854	0.131460055096419	0.0599449035812672	0.0949862258953168	0.137337006427916	0.200936639118457	0.104793388429752	0.238879706152433	0.0707988980716253	0.0846648301193756	0.177979797979798	0.214765840220386	0.290560146923783	0.110247933884298	0.208852157943067	0.0506703397612488	0.063544536271809	0.163415977961433	0.22020202020202
GA13	0.051386593204775	0	0.414233241505969	0.414325068870523	0.111570247933884	0.414325068870523	0.0830853994490358	0.183783287419651	0.185087235996327	0.414178145087236	0.416455463728191	0.186023875114784	0.276602387511478	0.282956841138659	0.417373737373737	0.246170798898072	0.16137741046832	0.176528925619835	0.0367493112947658	0.102277318640955	0.123213957759412	0.307217630853995	0.175922865013774	0.417098255280073	0.419155188246097	0.0403489439853076	0.134086317722681	0.281946740128558	0.101910009182736	0.412984389348026	0.420881542699724	0.2366391184573	0.415904499540863	0.187603305785124	0.415426997245179	0.41821854912764	0.3944536271809	0.417190082644628	0.414178145087236	0.415775941230487	0.162920110192838	0.416455463728191	0.41840220385675	0.0411386593204775	0.418457300275482	0.303911845730028	0.197685950413223	0.063030303030303	0.0400734618916437	0.416179981634527	0.387254361799816	0.111790633608815	0.396932966023875	0.417410468319559	0.409715335169881	0.393682277318641	0.422350780532599	0.413700642791552	0.256382001836547	0.409054178145087	0.564536271808999	0.419706152433425	0.232176308539945	0.0377777777777778	0.392984389348026	0.109384756657484	0.266446280991736	0.148337924701561	0.0456014692378329	0.252304866850322	0.140624426078972	0.297998163452709	0.189972451790634	0.288925619834711	0.175794306703398	0.21406795224977	0.207603305785124	0.240073461891644	0.130835629017447	0.0575573921028467	0.243305785123967	0.0620385674931129	0.104279155188246	0.110247933884298	0.145803489439853	0.132764003673095	0.263617998163453	0.167695133149679	0.229403122130395	0.11684113865932	0.165325987144169	0.1978145087236	0.133939393939394	0.182681359044995	0.273737373737374	0.26396694214876	0.130762167125804	0.24356290174472	0.167548209366391	0.175188246097337	0.241010101010101	0.0477869605142332	0.0502479338842975	0.10595041322314	0.071129476584022	0.110945821854913	0.153278236914601	0.216932966023875	0.120422405876951	0.255500459136823	0.0835629017447199	0.0995224977043159	0.194196510560147	0.231147842056933	0.307180899908173	0.0837465564738292	0.225491276400367	0.0562901744719927	0.0761248852157943	0.179063360881543	0.235629017447199
GA17	0.39921028466483	0.414233241505969	0	0.0334618916437098	0.312213039485767	0.0305968778696052	0.362038567493113	0.233774104683196	0.274765840220386	0.0414692378328742	0.0383103764921947	0.249623507805326	0.142093663911846	0.13941230486685	0.0336271808999082	0.176767676767677	0.261487603305785	0.32574839302112	0.410266299357209	0.329678604224059	0.344793388429752	0.110909090909091	0.247346189164371	0.0459320477502296	0.0360330578512397	0.419044995408632	0.284242424242424	0.283544536271809	0.319706152433425	0.0370064279155188	0.0436547291092746	0.182938475665748	0.0351515151515151	0.233223140495868	0.0374839302112029	0.0342699724517906	0.0613957759412305	0.0393388429752066	0.0225528007346189	0.0359963269054178	0.255996326905418	0.0337924701561065	0.0473829201101928	0.395794306703397	0.0395041322314049	0.112543617998163	0.227823691460055	0.464462809917355	0.4267217630854	0.0325436179981635	0.0410835629017447	0.517337006427916	0.0834159779614325	0.0362350780532599	0.0358494031221304	0.0365472910927456	0.0462809917355372	0.0325252525252525	0.169990817263544	0.0484848484848485	0.518383838383838	0.0363085399449036	0.20415059687787	0.399779614325069	0.0431588613406795	0.311056014692378	0.15900826446281	0.287456382001836	0.436400367309458	0.169035812672176	0.281487603305785	0.126060606060606	0.235224977043159	0.133296602387512	0.249348025711662	0.2055463728191	0.215408631772268	0.181414141414141	0.289660238751148	0.368870523415978	0.177337006427916	0.462626262626263	0.508631772268136	0.515665748393021	0.283948576675849	0.537796143250689	0.156749311294766	0.24870523415978	0.21287419651056	0.303507805325987	0.255886134067952	0.226207529843894	0.293829201101928	0.384077134986226	0.1489072543618	0.161285583103765	0.28870523415978	0.189531680440771	0.29783287419651	0.245215794306703	0.181707988980716	0.44238751147842	0.444205693296602	0.509403122130395	0.349715335169881	0.311074380165289	0.267676767676768	0.20297520661157	0.299485766758494	0.168209366391185	0.335169880624426	0.323269054178145	0.22791551882461	0.189770431588613	0.120771349862259	0.488374655647383	0.199228650137741	0.36910927456382	0.348668503213958	0.244132231404959	0.181542699724518
GA18	0.397190082644628	0.414325068870523	0.0334618916437098	0	0.31188246097337	0.0369880624426079	0.362148760330578	0.234141414141414	0.274104683195592	0.059247015610652	0.0491460055096419	0.24989898989899	0.142203856749311	0.138512396694215	0.0415977961432507	0.175996326905418	0.261487603305785	0.324499540863177	0.410266299357209	0.330964187327824	0.345803489439853	0.109035812672176	0.247842056932966	0.0606427915518825	0.0448852157943067	0.419044995408632	0.284040404040404	0.283526170798898	0.32	0.0484113865932048	0.0542883379247016	0.183985307621671	0.0469421487603306	0.232598714416896	0.0362350780532599	0.0400918273645546	0.0704315886134068	0.0475482093663912	0.0314600550964187	0.045564738292011	0.255996326905418	0.0462258953168044	0.0538292011019284	0.395794306703397	0.0501744719926538	0.111864095500459	0.227805325987144	0.464462809917355	0.4267217630854	0.0441138659320477	0.0454178145087236	0.517337006427916	0.0818181818181818	0.0480257116620753	0.0447566574839302	0.0428282828282828	0.0597796143250688	0.0426629935720845	0.167988980716253	0.0520293847566575	0.519191919191919	0.0458769513314968	0.203581267217631	0.399779614325069	0.0513314967860422	0.311606978879706	0.157998163452709	0.287456382001836	0.436400367309458	0.168741965105601	0.281505968778696	0.12534435261708	0.235078053259872	0.132653810835629	0.249568411386593	0.205436179981635	0.215280073461892	0.181322314049587	0.289660238751148	0.368870523415978	0.176914600550964	0.462626262626263	0.508576675849403	0.515665748393021	0.283636363636364	0.535812672176309	0.156712580348944	0.248870523415978	0.212782369146005	0.303507805325987	0.255886134067952	0.226354453627181	0.294674012855831	0.384077134986226	0.148686868686869	0.160844811753903	0.28870523415978	0.189366391184573	0.297741046831956	0.245215794306703	0.181414141414141	0.44238751147842	0.444205693296602	0.509366391184573	0.349660238751148	0.311074380165289	0.268356290174472	0.20297520661157	0.299449035812672	0.166868686868687	0.335206611570248	0.323269054178145	0.227658402203857	0.18969696969697	0.11684113865932	0.488374655647383	0.19842056932966	0.36910927456382	0.348668503213958	0.244132231404959	0.181414141414141
GA19	0.096730945821855	0.111570247933884	0.312213039485767	0.31188246097337	0	0.312488521579431	0.0788062442607897	0.0826629935720845	0.0904499540863177	0.312323232323232	0.31386593204775	0.0851423324150597	0.174765840220386	0.181377410468319	0.315665748393021	0.144517906336088	0.0615610651974288	0.0996877869605142	0.106905417814509	0.0594674012855831	0.0838567493112948	0.205583103764922	0.0804040404040404	0.315573921028466	0.317502295684114	0.114618916437098	0.0478053259871441	0.193590449954086	0.0383471074380165	0.311313131313131	0.319357208448118	0.135739210284665	0.314398530762167	0.0886317722681359	0.313406795224977	0.316749311294766	0.292617079889807	0.315702479338843	0.311808999081726	0.313939393939394	0.0636363636363636	0.314637281910009	0.316730945821855	0.0979063360881543	0.316730945821855	0.20236914600551	0.098989898989899	0.156896235078053	0.123985307621671	0.314600550964187	0.285472910927456	0.209366391184573	0.294325068870523	0.315922865013774	0.30791551882461	0.291625344352617	0.320826446280992	0.312102846648301	0.154839302112029	0.30674012855831	0.559467401285583	0.318034894398531	0.130633608815427	0.101946740128558	0.290817263544536	0.0350229568411387	0.164995408631772	0.0531313131313131	0.130798898071625	0.150725436179982	0.0456749311294766	0.196473829201102	0.0893296602387512	0.187144168962351	0.0762901744719926	0.112800734618916	0.106189164370983	0.138659320477502	0.0413223140495868	0.0731313131313131	0.141707988980716	0.155482093663912	0.201359044995409	0.207235996326905	0.0570247933884298	0.229678604224059	0.16236914600551	0.0694765840220386	0.127933884297521	0.040752984389348	0.0668135904499541	0.0966391184573003	0.0530394857667585	0.137557392102847	0.172451790633609	0.162552800734619	0.0420752984389348	0.14198347107438	0.0839302112029385	0.0745454545454545	0.139504132231405	0.137061524334252	0.140734618916437	0.202222222222222	0.054435261707989	0.0452892561983471	0.0548209366391185	0.115482093663912	0.0410284664830119	0.153976124885216	0.0470707070707071	0.0383838383838384	0.0930394857667585	0.129862258953168	0.205766758494031	0.180752984389348	0.123985307621671	0.0733700642791552	0.0668503213957759	0.0774288337924702	0.134288337924702
GA20	0.398126721763085	0.414325068870523	0.0305968778696052	0.0369880624426079	0.312488521579431	0	0.363911845730028	0.234802571166208	0.27544536271809	0.0363085399449036	0.0312029384756657	0.250027548209366	0.142993572084481	0.139963269054178	0.0281542699724518	0.176326905417814	0.261487603305785	0.326023875114784	0.41028466483012	0.337079889807163	0.351900826446281	0.112506887052342	0.252433425160698	0.0340863177226814	0.0314049586776859	0.419044995408632	0.284646464646465	0.285509641873278	0.320018365472911	0.0276584022038568	0.0339761248852158	0.184499540863177	0.0271625344352617	0.233719008264463	0.0379430670339761	0.0277869605142332	0.0609550045913682	0.0335353535353536	0.0255096418732782	0.0274196510560147	0.255996326905418	0.0260973370064279	0.04277318640955	0.395794306703397	0.0308539944903581	0.11366391184573	0.228595041322314	0.464462809917355	0.4267217630854	0.0251790633608816	0.0413223140495868	0.517337006427916	0.0842240587695133	0.0277685950413223	0.0292194674012856	0.0424058769513315	0.0364921946740129	0.0283746556473829	0.169807162534435	0.056198347107438	0.526593204775023	0.0300642791551882	0.204003673094582	0.399779614325069	0.0470156106519743	0.31168044077135	0.159504132231405	0.287456382001836	0.436271808999082	0.1689072543618	0.281432506887052	0.125987144168962	0.235114784205693	0.134435261707989	0.249219467401286	0.205711662075298	0.215555555555556	0.181359044995409	0.289752066115702	0.368943985307621	0.177520661157025	0.462626262626263	0.508797061524334	0.515665748393021	0.288172635445363	0.536969696969697	0.156804407713499	0.25010101010101	0.213057851239669	0.303507805325987	0.255959595959596	0.228778696051423	0.298530762167126	0.384077134986226	0.148797061524334	0.161046831955923	0.28872359963269	0.18951331496786	0.297741046831956	0.245215794306703	0.181836547291093	0.44238751147842	0.444205693296602	0.509641873278237	0.350468319559229	0.311074380165289	0.268356290174472	0.20315886134068	0.299540863177227	0.16852157943067	0.335280073461892	0.323269054178145	0.227952249770432	0.189715335169881	0.122754820936639	0.488374655647383	0.199228650137741	0.368980716253444	0.348686868686869	0.243709825528007	0.182130394857668
GA24	0.0665381083562902	0.0830853994490358	0.362038567493113	0.362148760330578	0.0788062442607897	0.363911845730028	0	0.137263544536272	0.13959595959596	0.362809917355372	0.370009182736455	0.143617998163453	0.229366391184573	0.239026629935721	0.372323232323232	0.202460973370064	0.121450872359963	0.137796143250689	0.0819651056014692	0.0550780532598714	0.0793021120293848	0.258640955004592	0.123691460055096	0.372451790633609	0.375206611570248	0.0889807162534435	0.0880257116620753	0.232745638200184	0.0654178145087236	0.364995408631772	0.377190082644628	0.193498622589532	0.369182736455464	0.142718089990817	0.368576675849403	0.373902662993572	0.343140495867769	0.373278236914601	0.36157943067034	0.369348025711662	0.125215794306703	0.37030303030303	0.373902662993572	0.071643709825528	0.374049586776859	0.257557392102847	0.161046831955923	0.131019283746556	0.0962534435261708	0.369972451790634	0.33702479338843	0.183838383838384	0.347382920110193	0.372598714416896	0.361818181818182	0.341083562901745	0.378659320477502	0.368393021120294	0.212653810835629	0.356455463728191	0.540055096418733	0.37564738292011	0.188337924701561	0.0737924701561065	0.340697887970615	0.0724517906336088	0.222809917355372	0.108631772268136	0.104095500459137	0.208778696051423	0.102130394857668	0.254343434343434	0.147640036730946	0.244499540863177	0.134416896235078	0.170321395775941	0.16415059687787	0.195996326905418	0.0919742883379247	0.0602020202020202	0.19959595959596	0.129733700642792	0.175335169880624	0.182167125803489	0.0986960514233242	0.204407713498623	0.220624426078972	0.119320477502296	0.18633608815427	0.0764370982552801	0.12257116620753	0.148852157943067	0.0854361799816346	0.153829201101928	0.230413223140496	0.220348943985308	0.0903397612488522	0.200110192837466	0.124370982552801	0.131717171717172	0.197318640955005	0.110247933884298	0.112488521579431	0.17623507805326	0.0551147842056933	0.0707805325987144	0.111000918273646	0.173186409550046	0.0791000918273646	0.211808999081726	0.0539944903581267	0.0666850321395776	0.151735537190083	0.18811753902663	0.263415977961432	0.155096418732782	0.18178145087236	0.0575573921028466	0.0525068870523416	0.136657483930211	0.190082644628099
GA27	0.168264462809917	0.183783287419651	0.233774104683196	0.234141414141414	0.0826629935720845	0.234802571166208	0.137263544536272	0	0.059504132231405	0.234876033057851	0.236400367309458	0.0391184573002755	0.0990633608815426	0.105381083562902	0.238292011019284	0.070633608815427	0.0419467401285583	0.101726354453627	0.178273645546373	0.113314967860422	0.128356290174472	0.12771349862259	0.0469054178145087	0.238585858585859	0.240642791551882	0.187089072543618	0.0624058769513315	0.16277318640955	0.0898989898989899	0.233186409550046	0.242460973370064	0.0674931129476584	0.2366391184573	0.0403305785123967	0.235169880624426	0.239540863177227	0.21603305785124	0.238714416896235	0.233553719008264	0.236492194674013	0.0392102846648301	0.237208448117539	0.239724517906336	0.164517906336088	0.239742883379247	0.12534435261708	0.0546189164370983	0.232213039485767	0.194986225895317	0.236951331496786	0.207364554637282	0.285454545454545	0.216859504132231	0.238971533516988	0.230358126721763	0.213645546372819	0.243930211202938	0.234839302112029	0.0800918273645546	0.228686868686869	0.538089990817264	0.241065197428834	0.0573921028466483	0.168448117539027	0.213223140495868	0.0817079889807163	0.089366391184573	0.0612304866850322	0.204297520661157	0.076455463728191	0.0552800734618916	0.121542699724518	0.0365656565656566	0.110945821854913	0.0355371900826446	0.0445362718089991	0.0384389348025712	0.0671258034894399	0.061267217630854	0.138273645546373	0.0674012855831037	0.230394857667585	0.27682277318641	0.283489439853076	0.0661340679522498	0.305656565656566	0.0900642791551882	0.0380899908172635	0.0586960514233242	0.0753719008264463	0.0366207529843893	0.0399449035812672	0.0765840220385675	0.154214876033058	0.0998714416896235	0.0882460973370064	0.0611202938475666	0.0685583103764923	0.075941230486685	0.0318273645546373	0.0652892561983471	0.210156106519743	0.212194674012856	0.277483930211203	0.120734618916437	0.085564738292011	0.0438383838383838	0.0454361799816345	0.0737006427915519	0.0776859504132231	0.106721763085399	0.0919559228650138	0.0341230486685032	0.06178145087236	0.128741965105601	0.256161616161616	0.050394857667585	0.138328741965106	0.121230486685032	0.0353535353535354	0.0603673094582186
GA28	0.169862258953168	0.185087235996327	0.274765840220386	0.274104683195592	0.0904499540863177	0.27544536271809	0.13959595959596	0.059504132231405	0	0.275482093663912	0.276969696969697	0.0686501377410468	0.138953168044077	0.146244260789715	0.279761248852158	0.110853994490358	0.0696418732782369	0.103709825528007	0.179779614325069	0.114729109274564	0.13030303030303	0.169256198347107	0.0617998163452709	0.279651056014692	0.281340679522498	0.188282828282828	0.0711845730027548	0.169017447199265	0.0932231404958678	0.274600550964187	0.283911845730028	0.10613406795225	0.27761248852158	0.0610651974288338	0.275977961432507	0.280973370064279	0.256290174471993	0.279816345270891	0.275224977043159	0.277887970615244	0.0699173553719008	0.278255280073462	0.280752984389348	0.165601469237833	0.280918273645547	0.16653810835629	0.0904866850321396	0.233425160697888	0.196382001836547	0.278255280073462	0.248466483011938	0.28653810835629	0.257245179063361	0.279816345270891	0.271423324150597	0.254710743801653	0.285105601469238	0.275904499540863	0.119724517906336	0.270174471992654	0.539283746556474	0.282240587695133	0.0960881542699725	0.170137741046832	0.2544536271809	0.0878053259871442	0.130211202938476	0.0734435261707989	0.205362718089991	0.117465564738292	0.073406795224977	0.162075298438935	0.0681910009182736	0.15129476584022	0.0643709825528007	0.0811937557392103	0.0753168044077135	0.106960514233241	0.0750229568411387	0.139430670339761	0.108154269972452	0.231588613406795	0.278126721763085	0.28475665748393	0.0733700642791552	0.306887052341598	0.130560146923783	0.058732782369146	0.0953719008264463	0.080257116620753	0.0629384756657484	0.0745087235996327	0.0835996326905418	0.155775941230487	0.139026629935721	0.128227731864096	0.0721212121212121	0.107621671258035	0.0841689623507806	0.0615794306703398	0.104646464646465	0.211404958677686	0.213535353535354	0.278677685950413	0.122901744719927	0.0896969696969697	0.0643893480257117	0.0829752066115702	0.0822405876951332	0.118604224058769	0.10910927456382	0.0969329660238751	0.0690174471992654	0.100642791551882	0.169843893480257	0.257373737373737	0.0891460055096419	0.139687786960514	0.123287419651056	0.0653810835629018	0.0994123048668503
GA29	0.399265381083563	0.414178145087236	0.0414692378328742	0.059247015610652	0.312323232323232	0.0363085399449036	0.362809917355372	0.234876033057851	0.275482093663912	0	0.035959595959596	0.251184573002755	0.147070707070707	0.146189164370983	0.0438200183654729	0.179779614325069	0.261707988980716	0.325821854912764	0.410266299357209	0.333645546372819	0.348576675849403	0.124609733700643	0.253296602387511	0.0284297520661157	0.0419651056014692	0.419044995408632	0.285032139577594	0.285179063360882	0.32020202020202	0.0332966023875115	0.0378879706152433	0.183599632690542	0.0326354453627181	0.241891643709826	0.0605509641873278	0.0435812672176309	0.0598530762167126	0.0425895316804408	0.0387144168962351	0.0307438016528926	0.255996326905418	0.0323048668503214	0.0588246097337007	0.396014692378328	0.0353719008264463	0.122240587695133	0.228044077134986	0.464462809917355	0.4267217630854	0.0339577594123049	0.0566023875114784	0.517337006427916	0.0887419651056015	0.0372451790633609	0.0410651974288338	0.052653810835629	0.0350413223140496	0.0417079889807162	0.177079889807162	0.0660238751147842	0.523011937557392	0.0406611570247934	0.208154269972452	0.399779614325069	0.0525803489439853	0.311955922865014	0.168668503213958	0.287584940312213	0.436400367309458	0.174435261707989	0.28198347107438	0.13386593204775	0.236877869605142	0.145674931129477	0.251147842056933	0.207933884297521	0.219761248852158	0.183379247015611	0.289935720844812	0.369054178145087	0.18198347107438	0.462626262626263	0.508668503213958	0.515684113865932	0.286115702479339	0.537777777777778	0.158714416896235	0.251276400367309	0.215702479338843	0.303856749311295	0.257153351698806	0.227878787878788	0.296088154269972	0.384077134986226	0.152157943067034	0.16455463728191	0.289054178145087	0.195224977043159	0.299357208448117	0.246997245179063	0.186170798898072	0.44238751147842	0.444224058769513	0.50951331496786	0.34989898989899	0.311625344352617	0.268062442607897	0.206629935720845	0.300165289256198	0.17862258953168	0.335463728191001	0.323636363636364	0.22931129476584	0.191790633608815	0.143617998163453	0.488374655647383	0.205325987144169	0.369182736455464	0.349292929292929	0.244738292011019	0.185803489439853
GA33	0.399981634527089	0.416455463728191	0.0383103764921947	0.0491460055096419	0.31386593204775	0.0312029384756657	0.370009182736455	0.236400367309458	0.276969696969697	0.035959595959596	0	0.249770431588613	0.14613406795225	0.140734618916437	0.030633608815427	0.177263544536272	0.261505968778696	0.327419651056015	0.410560146923783	0.345674931129477	0.36	0.119265381083563	0.260550964187328	0.0301010101010101	0.0314600550964187	0.419173553719008	0.288227731864096	0.292892561983471	0.320826446280992	0.031147842056933	0.0333884297520661	0.183893480257117	0.0274563820018366	0.235794306703398	0.0427364554637282	0.0318089990817264	0.0663728191000918	0.0324334251606979	0.0342148760330578	0.0276767676767677	0.256620752984389	0.0287419651056015	0.0453810835629017	0.39584940312213	0.029366391184573	0.11722681359045	0.232984389348026	0.464481175390266	0.426942148760331	0.0278787878787879	0.0473829201101928	0.517722681359045	0.0868870523415979	0.0302479338842975	0.032910927456382	0.0519926538108356	0.0348025711662075	0.03089072543618	0.171974288337925	0.0658953168044077	0.532855831037649	0.0302846648301194	0.204646464646465	0.399926538108356	0.0542516069788797	0.313002754820937	0.16038567493113	0.287144168962351	0.436473829201102	0.169990817263545	0.281634527089073	0.126483011937557	0.235390266299357	0.13583103764922	0.249035812672176	0.206244260789715	0.216124885215794	0.182589531680441	0.290266299357208	0.3689072543618	0.178145087235996	0.462626262626263	0.508760330578512	0.515867768595041	0.293296602387511	0.537704315886134	0.157318640955005	0.254710743801653	0.21307621671258	0.303856749311295	0.2566391184573	0.235206611570248	0.305528007346189	0.384077134986226	0.149439853076217	0.161450872359963	0.289329660238751	0.190174471992654	0.297722681359045	0.245583103764922	0.181799816345271	0.442277318640955	0.444077134986226	0.509421487603306	0.352561983471074	0.31127640036731	0.26791551882461	0.203728191000918	0.299559228650138	0.168797061524334	0.336584022038568	0.323599632690542	0.227621671258035	0.189825528007346	0.12732782369146	0.488374655647383	0.199706152433425	0.369256198347107	0.348833792470156	0.245491276400367	0.183985307621671
GA35	0.168815426997245	0.186023875114784	0.249623507805326	0.24989898989899	0.0851423324150597	0.250027548209366	0.143617998163453	0.0391184573002755	0.0686501377410468	0.251184573002755	0.249770431588613	0	0.111698806244261	0.114986225895317	0.250449954086318	0.079981634527089	0.0454178145087236	0.10752984389348	0.178034894398531	0.120073461891644	0.134104683195592	0.142607897153352	0.0569146005509642	0.250247933884297	0.250835629017447	0.186776859504132	0.0690174471992654	0.171864095500459	0.092157943067034	0.2477318640955	0.25129476584022	0.0779247015610652	0.250192837465565	0.0498438934802571	0.24969696969697	0.250633608815427	0.230817263544536	0.245840220385675	0.250027548209366	0.250119375573921	0.0440771349862259	0.250229568411387	0.248484848484849	0.163397612488522	0.250596877869605	0.138769513314968	0.0628650137741047	0.228062442607897	0.194527089072544	0.250284664830119	0.22257116620753	0.285289256198347	0.222589531680441	0.248062442607897	0.236179981634527	0.229531680440771	0.252653810835629	0.247162534435262	0.0889807162534436	0.245215794306703	0.548172635445363	0.2510927456382	0.0673829201101928	0.168062442607897	0.229072543617998	0.0850872359963269	0.0973002754820938	0.0638200183654729	0.20277318640955	0.0865013774104684	0.05821854912764	0.12910927456382	0.0420569329660239	0.12139577594123	0.0429568411386593	0.0535537190082644	0.0470339761248852	0.0775206611570248	0.0639669421487604	0.137098255280074	0.0768962350780532	0.22870523415978	0.276308539944904	0.282516069788797	0.0712029384756657	0.293829201101928	0.0976124885215795	0.049127640036731	0.0652157943067034	0.0768778696051423	0.0448668503213958	0.0515151515151515	0.0842791551882461	0.152213039485767	0.107474747474747	0.0960146923783287	0.0647382920110193	0.0763636363636364	0.078475665748393	0.0399449035812672	0.0739393939393939	0.20910927456382	0.210615243342516	0.276161616161616	0.124132231404959	0.0857300275482093	0.0478053259871442	0.0568411386593205	0.0759044995408632	0.0863177226813591	0.110284664830119	0.0923048668503214	0.0408080808080808	0.0692929292929293	0.138181818181818	0.254361799816345	0.0588613406795225	0.13783287419651	0.122277318640955	0.0423140495867769	0.0727272727272727
GA37	0.260569329660239	0.276602387511478	0.142093663911846	0.142203856749311	0.174765840220386	0.142993572084481	0.229366391184573	0.0990633608815426	0.138953168044077	0.147070707070707	0.14613406795225	0.111698806244261	0	0.0331496786042241	0.14692378328742	0.0456198347107438	0.122681359044995	0.188301193755739	0.271129476584022	0.204848484848485	0.219632690541781	0.041524334251607	0.123011937557392	0.148760330578512	0.149421487603306	0.279338842975207	0.150119375573921	0.163030303030303	0.180679522497704	0.140863177226814	0.151974288337925	0.0504132231404959	0.145381083562902	0.106501377410468	0.143434343434343	0.14852157943067	0.129623507805326	0.147676767676768	0.142607897153352	0.146170798898072	0.117061524334252	0.14595041322314	0.148595041322314	0.256565656565657	0.148888888888889	0.0386960514233241	0.0924885215794307	0.325087235996327	0.287584940312213	0.145821854912764	0.116161616161616	0.378273645546373	0.130284664830119	0.147823691460055	0.139357208448117	0.122442607897153	0.153443526170799	0.143250688705234	0.0440220385674931	0.138530762167126	0.532488521579431	0.149862258953168	0.0719559228650138	0.260606060606061	0.12475665748393	0.173535353535354	0.0385858585858586	0.147511478420569	0.296675849403122	0.0418916437098255	0.142718089990817	0.0397245179063361	0.0976859504132232	0.0384022038567493	0.112561983471074	0.0706519742883379	0.0819651056014692	0.0486685032139578	0.151404958677686	0.229678604224059	0.0476400367309458	0.323250688705234	0.368466483011937	0.376382001836547	0.155555555555556	0.398494031221304	0.0359228650137741	0.11722681359045	0.0773370064279155	0.165160697887971	0.117924701561065	0.0951331496786042	0.165362718089991	0.244701561065197	0.0344903581267218	0.0358310376492195	0.150266299357208	0.0584205693296602	0.160899908172635	0.107970615243343	0.0509641873278237	0.302865013774105	0.304830119375574	0.370211202938476	0.212708907254362	0.173241505968779	0.129127640036731	0.0689072543617998	0.161046831955923	0.0454545454545455	0.197502295684114	0.184205693296602	0.0910927456382002	0.0545454545454545	0.0462075298438935	0.348999081726354	0.0680073461891644	0.229715335169881	0.210798898071625	0.105913682277319	0.0505601469237833
GA39	0.26595041322314	0.282956841138659	0.13941230486685	0.138512396694215	0.181377410468319	0.139963269054178	0.239026629935721	0.105381083562902	0.146244260789715	0.146189164370983	0.140734618916437	0.114986225895317	0.0331496786042241	0	0.139614325068871	0.0464462809917355	0.125197428833792	0.195555555555556	0.274839302112029	0.214820936639119	0.229605142332415	0.0438383838383838	0.132910927456382	0.143048668503214	0.139926538108356	0.283250688705234	0.156877869605142	0.172139577594123	0.186299357208448	0.138604224058769	0.141028466483012	0.055702479338843	0.140018365472911	0.111404958677686	0.139026629935721	0.139742883379247	0.129568411386593	0.138273645546373	0.139522497704316	0.139908172635445	0.122479338842975	0.140055096418733	0.14058769513315	0.258732782369146	0.140146923783287	0.0378879706152433	0.102056932966024	0.327401285583104	0.290762167125803	0.140110192837466	0.112690541781451	0.382736455463728	0.128631772268136	0.140018365472911	0.134471992653811	0.11979797979798	0.142699724517906	0.136290174471993	0.0432506887052342	0.136877869605142	0.54236914600551	0.140422405876951	0.07267217630854	0.264113865932048	0.121707988980716	0.18	0.0391919191919192	0.153737373737374	0.299742883379247	0.0423507805325987	0.146060606060606	0.034949494949495	0.100661157024793	0.0330211202938476	0.114123048668503	0.0733884297520661	0.0829752066115702	0.0524150596877869	0.15584940312213	0.23247015610652	0.0501928374655647	0.325381083562902	0.373590449954086	0.379761248852158	0.165105601469238	0.400955004591368	0.0342332415059688	0.12534435261708	0.0785307621671258	0.168209366391185	0.123085399449036	0.105032139577594	0.176584022038567	0.245950413223141	0.0340679522497704	0.0365472910927456	0.154876033057851	0.0591919191919192	0.162020202020202	0.111735537190083	0.052157943067034	0.305564738292011	0.306831955922865	0.37325987144169	0.22058769513315	0.175114784205693	0.133829201101928	0.0731313131313131	0.165601469237833	0.0446648301193756	0.203930211202939	0.188227731864095	0.0932598714416896	0.057465564738292	0.0408264462809917	0.351404958677686	0.0691827364554637	0.232525252525252	0.21287419651056	0.111717171717172	0.0556106519742883
GA40	0.401432506887052	0.417373737373737	0.0336271808999082	0.0415977961432507	0.315665748393021	0.0281542699724518	0.372323232323232	0.238292011019284	0.279761248852158	0.0438200183654729	0.030633608815427	0.250449954086318	0.14692378328742	0.139614325068871	0	0.176657483930211	0.261763085399449	0.329641873278237	0.410798898071626	0.348099173553719	0.362699724517906	0.11623507805326	0.26277318640955	0.0325987144168962	0.0213039485766758	0.419559228650138	0.28971533516988	0.294894398530762	0.321561065197429	0.0281910009182736	0.0289807162534435	0.186813590449954	0.02633608815427	0.234637281910009	0.0322497704315886	0.0195041322314049	0.0686501377410468	0.0271992653810836	0.0311845730027548	0.0253994490358127	0.257153351698806	0.0232139577594123	0.0361616161616162	0.395922865013774	0.0231221303948577	0.116253443526171	0.234894398530762	0.46455463728191	0.427033976124885	0.0230670339761249	0.0433425160697888	0.518494031221304	0.0905785123966942	0.0235261707988981	0.0300826446280992	0.051386593204775	0.0305785123966942	0.0231037649219467	0.169843893480257	0.0644628099173554	0.537134986225895	0.023801652892562	0.203893480257117	0.400275482093664	0.0530394857667585	0.314416896235078	0.157943067033976	0.288778696051423	0.436584022038567	0.169292929292929	0.282038567493113	0.125583103764922	0.235114784205693	0.133921028466483	0.249476584022039	0.206244260789715	0.215500459136823	0.183232323232323	0.290817263544536	0.369182736455464	0.177502295684114	0.462754820936639	0.509494949494949	0.51603305785124	0.297245179063361	0.538108356290174	0.157190082644628	0.256896235078053	0.212910927456382	0.304132231404959	0.257245179063361	0.237557392102847	0.308797061524334	0.384077134986226	0.14872359963269	0.161065197428834	0.289990817263544	0.189531680440771	0.297685950413223	0.245785123966942	0.181505968778696	0.442442607897153	0.444205693296602	0.509862258953168	0.354288337924701	0.311147842056933	0.268962350780532	0.203654729109275	0.299706152433425	0.167419651056015	0.338034894398531	0.324022038567493	0.22771349862259	0.190119375573921	0.118365472910927	0.488448117539027	0.198751147842057	0.369329660238751	0.349017447199265	0.246225895316804	0.184921946740129
GA41	0.229623507805326	0.246170798898072	0.176767676767677	0.175996326905418	0.144517906336088	0.176326905417814	0.202460973370064	0.070633608815427	0.110853994490358	0.179779614325069	0.177263544536272	0.079981634527089	0.0456198347107438	0.0464462809917355	0.176657483930211	0	0.0897337006427915	0.159136822773186	0.238347107438017	0.178273645546373	0.19307621671258	0.0719375573921028	0.100036730945822	0.177943067033976	0.177043158861341	0.246795224977043	0.122846648301194	0.167364554637282	0.149917355371901	0.174949494949495	0.177722681359045	0.0373186409550046	0.177373737373737	0.0797796143250689	0.17603305785124	0.176859504132231	0.161726354453627	0.175353535353535	0.175996326905418	0.176877869605142	0.0864646464646465	0.176712580348944	0.177575757575758	0.222442607897153	0.177318640955005	0.067603305785124	0.0689807162534435	0.29089072543618	0.254123048668503	0.176730945821855	0.149439853076217	0.346078971533517	0.161836547291093	0.177373737373737	0.171533516988062	0.156124885215794	0.179155188246097	0.173425160697888	0.0348025711662075	0.172102846648301	0.543103764921947	0.177190082644628	0.0441322314049587	0.227658402203857	0.157006427915519	0.143709825528007	0.0365289256198347	0.117300275482094	0.263452708907254	0.0314967860422406	0.10949494949495	0.06	0.0658034894398531	0.0528007346189164	0.080257116620753	0.0421303948576676	0.0512580348943985	0.0322865013774105	0.119724517906336	0.196179981634527	0.0298255280073462	0.289035812672176	0.337098255280073	0.342993572084481	0.129605142332415	0.364481175390266	0.0370982552800735	0.0906887052341598	0.0496786042240588	0.133278236914601	0.0878236914600551	0.0691643709825528	0.140036730945822	0.210119375573921	0.0440955004591368	0.0340495867768595	0.119063360881543	0.0386225895316804	0.127970615243342	0.0763820018365473	0.0308723599632691	0.269035812672176	0.270413223140496	0.336657483930211	0.183875114784206	0.140752984389348	0.098236914600551	0.0429568411386593	0.129329660238751	0.0340679522497704	0.167309458218549	0.151662075298439	0.0596326905417814	0.0357208448117539	0.067584940312213	0.31485766758494	0.0395959595959596	0.195977961432507	0.177759412304867	0.075941230486685	0.0325987144168962
GA44	0.145105601469238	0.16137741046832	0.261487603305785	0.261487603305785	0.0615610651974288	0.261487603305785	0.121450872359963	0.0419467401285583	0.0696418732782369	0.261707988980716	0.261505968778696	0.0454178145087236	0.122681359044995	0.125197428833792	0.261763085399449	0.0897337006427915	0	0.0997061524334251	0.153021120293848	0.0976492194674013	0.112378328741965	0.153737373737374	0.0590266299357209	0.26157943067034	0.261836547291093	0.161303948576676	0.0525436179981635	0.179449035812672	0.0696051423324151	0.259265381083563	0.262020202020202	0.085564738292011	0.261634527089073	0.054931129476584	0.261487603305785	0.26178145087236	0.242038567493113	0.259577594123049	0.261487603305785	0.261561065197429	0.0307621671258035	0.261597796143251	0.261763085399449	0.139944903581267	0.261689623507805	0.149862258953168	0.0608631772268136	0.204113865932048	0.169146005509642	0.261487603305785	0.234141414141414	0.259302112029385	0.244077134986226	0.261616161616162	0.256216712580349	0.24099173553719	0.263324150596878	0.25842056932966	0.0993204775022957	0.256363636363636	0.554600550964187	0.262020202020202	0.0775022956841139	0.144719926538108	0.240367309458218	0.0624977043158861	0.107897153351699	0.0443893480257117	0.177465564738292	0.0962167125803489	0.0403856749311295	0.139467401285583	0.0435812672176308	0.132433425160698	0.0364921946740129	0.0599081726354454	0.053425160697888	0.0866850321395776	0.0436547291092746	0.114196510560147	0.0865013774104683	0.201946740128558	0.250229568411387	0.255996326905418	0.0579247015610652	0.277759412304867	0.106574839302112	0.0446464646464647	0.0744719926538108	0.0563085399449036	0.035941230486685	0.0553351698806244	0.066078971533517	0.14099173553719	0.116455463728191	0.106446280991736	0.0460055096418733	0.0861157024793389	0.0689807162534436	0.0352433425160698	0.083783287419651	0.183011937557392	0.184977043158861	0.249788797061524	0.0995224977043159	0.0660422405876951	0.0334986225895317	0.0626997245179063	0.0583287419651056	0.0968411386593205	0.0871074380165289	0.0702479338842975	0.0436547291092746	0.0759779614325069	0.149017447199265	0.227878787878788	0.0687603305785124	0.113406795224977	0.103287419651056	0.0373186409550046	0.0818549127640037
GA45	0.161303948576676	0.176528925619835	0.32574839302112	0.324499540863177	0.0996877869605142	0.326023875114784	0.137796143250689	0.101726354453627	0.103709825528007	0.325821854912764	0.327419651056015	0.10752984389348	0.188301193755739	0.195555555555556	0.329641873278237	0.159136822773186	0.0997061524334251	0	0.170266299357208	0.114710743801653	0.128135904499541	0.219136822773186	0.0970982552800734	0.329678604224059	0.33147842056933	0.178916437098255	0.0919191919191919	0.200110192837466	0.10257116620753	0.324683195592287	0.333608815426997	0.149954086317723	0.327786960514233	0.104811753902663	0.327346189164371	0.330835629017447	0.306078971533517	0.329862258953168	0.325693296602388	0.327658402203857	0.09643709825528	0.328466483011938	0.330725436179981	0.162350780532599	0.330798898071625	0.216271808999082	0.119081726354454	0.222405876951332	0.188797061524334	0.328062442607897	0.298732782369146	0.275537190082645	0.306629935720845	0.32989898989899	0.321414141414141	0.305197428833792	0.335078053259871	0.32593204775023	0.169182736455464	0.32058769513315	0.553902662993572	0.332213039485767	0.144940312213039	0.16495867768595	0.304811753902663	0.100257116620753	0.179283746556474	0.0953719008264463	0.195867768595041	0.164995408631772	0.0972451790633609	0.210835629017447	0.10852157943067	0.201340679522498	0.102534435261708	0.127180899908173	0.121744719926538	0.153112947658402	0.0961065197428834	0.137447199265381	0.156382001836547	0.220734618916437	0.266685032139578	0.273572084481175	0.0945087235996327	0.29564738292011	0.176730945821855	0.0941046831955923	0.142901744719927	0.0992653810835629	0.0955739210284665	0.112341597796143	0.0969146005509642	0.151147842056933	0.186721763085399	0.176822773186409	0.0941414141414142	0.156253443526171	0.106813590449954	0.0998163452708908	0.153810835629017	0.202350780532599	0.205766758494031	0.268135904499541	0.119173553719008	0.103397612488522	0.094435261707989	0.130174471992654	0.0986042240587695	0.168227731864095	0.110358126721763	0.105417814508724	0.111992653810836	0.144885215794307	0.219889807162534	0.246593204775023	0.138365472910927	0.137594123048668	0.129568411386593	0.100348943985308	0.148154269972452
GA5	0.0486868686868687	0.0367493112947658	0.410266299357209	0.410266299357209	0.106905417814509	0.41028466483012	0.0819651056014692	0.178273645546373	0.179779614325069	0.410266299357209	0.410560146923783	0.178034894398531	0.271129476584022	0.274839302112029	0.410798898071626	0.238347107438017	0.153021120293848	0.170266299357208	0	0.098475665748393	0.120624426078972	0.302552800734619	0.171955922865014	0.410670339761249	0.411496786042241	0.035188246097337	0.129458218549128	0.27742883379247	0.0950780532598715	0.408209366391185	0.412304866850321	0.231074380165289	0.41048668503214	0.181248852157943	0.410431588613407	0.411386593204775	0.39048668503214	0.409458218549128	0.410266299357209	0.410394857667585	0.156547291092746	0.410541781450872	0.411258034894399	0.0373921028466483	0.411258034894399	0.298696051423324	0.192066115702479	0.0583287419651056	0.0388246097337006	0.410541781450873	0.382956841138659	0.110909090909091	0.392855831037649	0.411147842056933	0.405087235996327	0.389770431588613	0.413719008264463	0.407603305785124	0.248209366391185	0.40514233241506	0.573039485766758	0.411955922865014	0.224334251606979	0.0360514233241506	0.389146005509642	0.103305785123967	0.257851239669422	0.141763085399449	0.0406795224977043	0.244995408631772	0.132855831037649	0.289237832874197	0.18157943067034	0.281561065197429	0.167272727272727	0.206354453627181	0.199063360881543	0.233627180899908	0.124040404040404	0.0501010101010101	0.23564738292011	0.059761248852158	0.103103764921947	0.107474747474747	0.141854912764004	0.130192837465565	0.255573921028466	0.163526170798898	0.220752984389348	0.109678604224059	0.158457300275482	0.193572084481175	0.130137741046832	0.173627180899908	0.265123966942149	0.255573921028466	0.124407713498623	0.234912764003673	0.158989898989899	0.167309458218549	0.232543617998164	0.0451423324150597	0.0476216712580349	0.104462809917355	0.0659136822773186	0.102387511478421	0.145821854912764	0.209678604224059	0.112782369146005	0.24692378328742	0.0791184573002755	0.0925436179981634	0.185730027548209	0.223287419651056	0.298971533516988	0.0820936639118457	0.216804407713499	0.0482277318640955	0.0704315886134068	0.172837465564738	0.229825528007346
GA58	0.0889072543617998	0.102277318640955	0.329678604224059	0.330964187327824	0.0594674012855831	0.337079889807163	0.0550780532598714	0.113314967860422	0.114729109274564	0.333645546372819	0.345674931129477	0.120073461891644	0.204848484848485	0.214820936639119	0.348099173553719	0.178273645546373	0.0976492194674013	0.114710743801653	0.098475665748393	0	0.0489807162534435	0.233627180899908	0.0903581267217631	0.348246097337006	0.351000918273646	0.107144168962351	0.063801652892562	0.20435261707989	0.049605142332415	0.340348943985308	0.352984389348026	0.168650137741047	0.344811753902663	0.118512396694215	0.344205693296602	0.34969696969697	0.315886134067952	0.349072543617998	0.323820018365473	0.345068870523416	0.101028466483012	0.34593204775023	0.34969696969697	0.087346189164371	0.349843893480257	0.23307621671258	0.136877869605142	0.151937557392103	0.115298438934803	0.345656565656566	0.310743801652893	0.204811753902663	0.322497704315886	0.348337924701561	0.337447199265381	0.298365472910927	0.3544536271809	0.34416896235078	0.188484848484849	0.310064279155188	0.514233241505969	0.351441689623508	0.164113865932048	0.0908356290174472	0.304719926538108	0.0533700642791552	0.19860422405877	0.0845362718089991	0.124664830119376	0.184389348025712	0.0788062442607897	0.230211202938476	0.123709825528007	0.220330578512397	0.109660238751148	0.146317722681359	0.14	0.171790633608815	0.0685583103764922	0.065307621671258	0.175206611570248	0.150211202938476	0.196271808999082	0.203140495867769	0.0695684113865932	0.225325987144169	0.196143250688705	0.0933700642791552	0.161891643709826	0.056969696969697	0.0990449954086318	0.121744719926538	0.0545087235996327	0.140036730945822	0.206189164370983	0.196143250688705	0.0666666666666667	0.175720844811754	0.100330578512397	0.107401285583104	0.173131313131313	0.130725436179982	0.132708907254362	0.197337006427915	0.05188246097337	0.0525436179981635	0.0870523415977962	0.148943985307622	0.0580532598714417	0.187603305785124	0.0456198347107438	0.0528191000918274	0.126831955922865	0.164334251606979	0.23921028466483	0.17584940312213	0.157575757575758	0.0638200183654729	0.0547107438016529	0.112047750229568	0.165876951331497
GA59	0.111588613406795	0.123213957759412	0.344793388429752	0.345803489439853	0.0838567493112948	0.351900826446281	0.0793021120293848	0.128356290174472	0.13030303030303	0.348576675849403	0.36	0.134104683195592	0.219632690541781	0.229605142332415	0.362699724517906	0.19307621671258	0.112378328741965	0.128135904499541	0.120624426078972	0.0489807162534435	0	0.248411386593205	0.105876951331497	0.363030303030303	0.365785123966942	0.127309458218549	0.0839485766758494	0.220422405876951	0.0768044077134986	0.355133149678604	0.367768595041322	0.183636363636364	0.35959595959596	0.133370064279155	0.358640955004591	0.364481175390266	0.330707070707071	0.363856749311295	0.338200183654729	0.359853076216712	0.115353535353535	0.360716253443526	0.364481175390266	0.109641873278237	0.364628099173554	0.247860422405877	0.149054178145087	0.170615243342516	0.136326905417815	0.360440771349862	0.325528007346189	0.223122130394858	0.336455463728191	0.363122130394858	0.352231404958678	0.314398530762167	0.369237832874196	0.358953168044077	0.203269054178145	0.326942148760331	0.52137741046832	0.366225895316804	0.178898071625344	0.112488521579431	0.319944903581267	0.0820569329660239	0.213443526170799	0.101524334251607	0.144426078971534	0.199191919191919	0.0973370064279155	0.245013774104683	0.13801652892562	0.234986225895317	0.124132231404959	0.161101928374656	0.154710743801653	0.186629935720845	0.090376492194674	0.093149678604224	0.189807162534435	0.168888888888889	0.214545454545455	0.221450872359963	0.0842056932966024	0.243856749311295	0.211221303948577	0.108448117539027	0.17682277318641	0.0822589531680441	0.113627180899908	0.135867768595041	0.0722681359044996	0.148246097337006	0.221303948576676	0.211147842056933	0.0876767676767677	0.190541781450872	0.115867768595041	0.122662993572085	0.187786960514233	0.149366391184573	0.152580348943985	0.21564738292011	0.0823691460055096	0.0805876951331497	0.10356290174472	0.164297520661157	0.082038567493113	0.202387511478421	0.0773553719008264	0.0818365472910927	0.142203856749311	0.178934802571166	0.253994490358127	0.194306703397612	0.172396694214876	0.0926354453627181	0.0845913682277319	0.127199265381084	0.180771349862259
GA60	0.291827364554637	0.307217630853995	0.110909090909091	0.109035812672176	0.205583103764922	0.112506887052342	0.258640955004592	0.12771349862259	0.169256198347107	0.124609733700643	0.119265381083563	0.142607897153352	0.041524334251607	0.0438383838383838	0.11623507805326	0.0719375573921028	0.153737373737374	0.219136822773186	0.302552800734619	0.233627180899908	0.248411386593205	0	0.149072543617998	0.123654729109275	0.119559228650138	0.311056014692378	0.178402203856749	0.18139577594123	0.212066115702479	0.114306703397612	0.122387511478421	0.0781267217630854	0.117318640955005	0.129421487603306	0.112708907254362	0.118089990817264	0.110082644628099	0.118732782369146	0.110394857667585	0.117337006427916	0.148411386593205	0.116951331496786	0.120293847566575	0.288044077134986	0.120238751147842	0.0277502295684114	0.122020202020202	0.356675849403122	0.318989898989899	0.115831037649219	0.0855463728191001	0.409678604224059	0.10931129476584	0.118365472910927	0.108760330578512	0.0927456382001837	0.127401285583104	0.113700642791552	0.0663911845730027	0.110541781450872	0.530339761248852	0.12038567493113	0.0974288337924702	0.292047750229568	0.095188246097337	0.204389348025712	0.055684113865932	0.179357208448118	0.328484848484848	0.0657116620752984	0.174031221303949	0.0399265381083563	0.128025711662075	0.0402754820936639	0.1421854912764	0.0986593204775023	0.108668503213958	0.0752249770431589	0.182001836547291	0.261157024793388	0.0713682277318641	0.354839302112029	0.40040404040404	0.407933884297521	0.184260789715335	0.43010101010101	0.0561248852157943	0.144885215794307	0.105656565656566	0.195867768595041	0.148448117539027	0.123801652892562	0.194545454545455	0.276290174471993	0.0498989898989899	0.0577043158861341	0.181267217630854	0.0837649219467401	0.190247933884298	0.137722681359045	0.0744536271808999	0.334508723599633	0.336418732782369	0.401891643709826	0.243617998163453	0.203471074380165	0.160569329660239	0.0966574839302112	0.192213039485767	0.0649403122130395	0.227933884297521	0.215518824609734	0.120661157024793	0.0831588613406795	0.0323783287419651	0.38058769513315	0.0937557392102847	0.261322314049587	0.241212121212121	0.136657483930211	0.0756106519742883
GA63	0.160826446280992	0.175922865013774	0.247346189164371	0.247842056932966	0.0804040404040404	0.252433425160698	0.123691460055096	0.0469054178145087	0.0617998163452709	0.253296602387511	0.260550964187328	0.0569146005509642	0.123011937557392	0.132910927456382	0.26277318640955	0.100036730945822	0.0590266299357209	0.0970982552800734	0.171955922865014	0.0903581267217631	0.105876951331497	0.149072543617998	0	0.263746556473829	0.265693296602388	0.18020202020202	0.0542516069788797	0.155078053259872	0.0826446280991735	0.253829201101928	0.267823691460055	0.0985123966942148	0.259577594123049	0.0458585858585859	0.258787878787879	0.264279155188246	0.235059687786961	0.263709825528007	0.243838383838384	0.260055096418733	0.0604040404040404	0.260532598714417	0.263636363636364	0.157924701561065	0.264628099173554	0.149146005509642	0.0793021120293848	0.226152433425161	0.188558310376492	0.260477502295684	0.225619834710744	0.279026629935721	0.239302112029385	0.262938475665748	0.252268135904499	0.222901744719927	0.269201101928375	0.258787878787879	0.106850321395776	0.238898071625344	0.518034894398531	0.266097337006428	0.08277318640955	0.161744719926538	0.225362718089991	0.0789531680440771	0.116088154269972	0.0632506887052342	0.197557392102847	0.104775022956841	0.0632139577594123	0.148172635445363	0.0566207529843894	0.137098255280073	0.0540863177226814	0.0696602387511479	0.0619283746556474	0.0958310376492195	0.0650137741046832	0.130964187327824	0.0953351698806244	0.224315886134068	0.268833792470156	0.277355371900826	0.0542699724517906	0.299540863177227	0.120165289256198	0.0418549127640037	0.0841689623507805	0.0705234159779615	0.0470707070707071	0.0586225895316804	0.0582920110192838	0.149825528007346	0.129256198347107	0.116088154269972	0.0608080808080808	0.0956657483930211	0.0710927456382002	0.0488154269972452	0.0920293847566575	0.203856749311295	0.206097337006428	0.271331496786042	0.111955922865014	0.0776124885215795	0.0535537190082645	0.071643709825528	0.0686685032139578	0.103783287419651	0.0979063360881543	0.0886501377410468	0.0567860422405877	0.0907438016528925	0.154123048668503	0.250064279155188	0.0753535353535354	0.131221303948577	0.112378328741965	0.0558310376492195	0.0862442607897153
GA65	0.401010101010101	0.417098255280073	0.0459320477502296	0.0606427915518825	0.315573921028466	0.0340863177226814	0.372451790633609	0.238585858585859	0.279651056014692	0.0284297520661157	0.0301010101010101	0.250247933884297	0.148760330578512	0.143048668503214	0.0325987144168962	0.177943067033976	0.26157943067034	0.329678604224059	0.410670339761249	0.348246097337006	0.363030303030303	0.123654729109275	0.263746556473829	0	0.031404958677686	0.419430670339761	0.289862258953168	0.294986225895317	0.321285583103765	0.0258769513314968	0.024811753902663	0.186887052341598	0.0244077134986226	0.23742883379247	0.0555555555555555	0.0321395775941231	0.0674196510560147	0.0316804407713499	0.0418549127640037	0.0245730027548209	0.257116620752984	0.023048668503214	0.0487970615243343	0.39584940312213	0.0223507805325987	0.119669421487603	0.234986225895317	0.464517906336088	0.427033976124885	0.0259320477502296	0.0548393021120294	0.518145087235996	0.0920844811753902	0.0250321395775941	0.0357392102846648	0.0579981634527089	0.0215977961432507	0.0301561065197429	0.172653810835629	0.0728191000918274	0.537759412304867	0.027346189164371	0.20514233241506	0.400036730945822	0.058989898989899	0.314471992653811	0.162736455463728	0.288870523415978	0.436510560146924	0.171460055096419	0.281928374655647	0.128209366391185	0.235849403122131	0.140550964187328	0.250082644628099	0.206685032139578	0.216179981634527	0.183507805325987	0.290964187327824	0.368980716253443	0.178255280073462	0.462644628099174	0.509476584022039	0.515977961432507	0.298273645546373	0.537979797979798	0.157153351698806	0.25763085399449	0.21307621671258	0.30396694214876	0.257043158861341	0.237979797979798	0.309421487603306	0.384077134986226	0.149035812672176	0.162534435261708	0.289788797061524	0.19050505050505	0.297943067033976	0.246097337006428	0.183250688705234	0.442460973370064	0.444205693296602	0.509752066115703	0.354435261707989	0.311313131313131	0.2689072543618	0.204536271808999	0.299944903581267	0.171753902662994	0.337961432506887	0.323691460055097	0.228466483011938	0.190247933884298	0.132561983471074	0.488374655647383	0.200881542699725	0.369164370982553	0.349090909090909	0.245968778696051	0.185638200183655
GA67	0.402809917355372	0.419155188246097	0.0360330578512397	0.0448852157943067	0.317502295684114	0.0314049586776859	0.375206611570248	0.240642791551882	0.281340679522498	0.0419651056014692	0.0314600550964187	0.250835629017447	0.149421487603306	0.139926538108356	0.0213039485766758	0.177043158861341	0.261836547291093	0.33147842056933	0.411496786042241	0.351000918273646	0.365785123966942	0.119559228650138	0.265693296602388	0.031404958677686	0	0.420275482093664	0.292249770431589	0.297777777777778	0.322589531680441	0.0310192837465565	0.0221120293847567	0.188686868686869	0.0246464646464646	0.23603305785124	0.0365289256198347	0.0214508723599633	0.0707254361799816	0.0261524334251607	0.0345638200183655	0.0238567493112948	0.258438934802571	0.0220752984389348	0.0394674012855831	0.396161616161616	0.0217263544536272	0.118585858585859	0.237612488521579	0.464738292011019	0.427695133149679	0.0226262626262626	0.0470156106519743	0.519540863177227	0.0930945821854913	0.0232139577594123	0.0327272727272727	0.0542332415059688	0.0258585858585859	0.0242056932966024	0.170468319559229	0.0674931129476583	0.540514233241506	0.0219283746556474	0.204609733700643	0.400899908172635	0.0570798898071625	0.316473829201102	0.158383838383838	0.290119375573921	0.437098255280073	0.169972451790634	0.282644628099174	0.125693296602388	0.235426997245179	0.134765840220386	0.249752066115702	0.206850321395776	0.215408631772268	0.18455463728191	0.292359963269054	0.369439853076216	0.178255280073462	0.462846648301194	0.510578512396694	0.516602387511478	0.300899908172635	0.53842056932966	0.157539026629936	0.259944903581267	0.212910927456382	0.304628099173554	0.258255280073462	0.240679522497704	0.312157943067034	0.384077134986226	0.1489072543618	0.161616161616162	0.291184573002755	0.189605142332415	0.298034894398531	0.246391184573003	0.181616161616162	0.442736455463728	0.444279155188246	0.510137741046832	0.356896235078053	0.311404958677686	0.269641873278237	0.20475665748393	0.300899908172635	0.167768595041322	0.339981634527089	0.324848484848485	0.228099173553719	0.190413223140496	0.119724517906336	0.488650137741047	0.199100091827365	0.369531680440771	0.349568411386593	0.2477318640955	0.186703397612488
GA7	0.0541597796143251	0.0403489439853076	0.419044995408632	0.419044995408632	0.114618916437098	0.419044995408632	0.0889807162534435	0.187089072543618	0.188282828282828	0.419044995408632	0.419173553719008	0.186776859504132	0.279338842975207	0.283250688705234	0.419559228650138	0.246795224977043	0.161303948576676	0.178916437098255	0.035188246097337	0.107144168962351	0.127309458218549	0.311056014692378	0.18020202020202	0.419430670339761	0.420275482093664	0	0.137851239669421	0.285766758494031	0.103011937557392	0.41605142332415	0.420955004591368	0.239908172635445	0.419265381083563	0.189733700642792	0.418934802571166	0.420165289256198	0.399265381083563	0.418089990817264	0.418714416896235	0.419302112029385	0.165068870523416	0.419320477502296	0.419632690541782	0.040514233241506	0.419853076216713	0.307566574839302	0.200734618916437	0.0544719926538108	0.0380899908172636	0.419228650137741	0.391717171717172	0.104517906336088	0.401303948576676	0.419632690541782	0.413810835629017	0.398549127640037	0.422460973370064	0.416271808999082	0.256712580348944	0.413296602387512	0.571643709825528	0.420661157024793	0.232837465564738	0.0393755739210285	0.39761248852158	0.111845730027548	0.266574839302112	0.149127640036731	0.0411019283746556	0.253314967860422	0.141652892561983	0.297998163452709	0.190174471992654	0.289954086317723	0.176069788797062	0.215114784205693	0.207786960514233	0.242258953168044	0.132323232323232	0.0589348025711662	0.244022038567493	0.053921028466483	0.0964187327823692	0.101542699724518	0.150339761248852	0.123471074380165	0.264499540863177	0.172157943067034	0.229439853076217	0.1178145087236	0.16732782369146	0.201799816345271	0.137520661157025	0.181010101010101	0.27404958677686	0.264242424242424	0.132892561983471	0.24356290174472	0.167438016528926	0.175959595959596	0.241101928374656	0.0431037649219468	0.0436914600550964	0.0981267217630853	0.0750964187327824	0.111111111111111	0.153957759412305	0.218438934802571	0.121616161616162	0.255610651974288	0.0867217630853994	0.100899908172635	0.194306703397612	0.23188246097337	0.307768595041322	0.0753535353535353	0.225509641873278	0.05722681359045	0.0777043158861341	0.180936639118457	0.238494031221304
GA71	0.119577594123049	0.134086317722681	0.284242424242424	0.284040404040404	0.0478053259871441	0.284646464646465	0.0880257116620753	0.0624058769513315	0.0711845730027548	0.285032139577594	0.288227731864096	0.0690174471992654	0.150119375573921	0.156877869605142	0.28971533516988	0.122846648301194	0.0525436179981635	0.0919191919191919	0.129458218549128	0.063801652892562	0.0839485766758494	0.178402203856749	0.0542516069788797	0.289862258953168	0.292249770431589	0.137851239669421	0	0.173608815426997	0.0485766758494031	0.284022038567493	0.294196510560147	0.118034894398531	0.287511478420569	0.0631221303948577	0.286795224977043	0.291111111111111	0.26574839302112	0.290431588613407	0.283820018365473	0.287474747474747	0.0579430670339761	0.288301193755739	0.291056014692378	0.11583103764922	0.2910927456382	0.176198347107438	0.0961432506887052	0.183122130394858	0.146115702479339	0.287988980716253	0.257649219467401	0.236088154269972	0.268099173553719	0.289843893480257	0.280679522497704	0.263324150596878	0.295812672176309	0.285932047750229	0.131129476584022	0.277943067033976	0.537539026629936	0.29267217630854	0.107272727272727	0.119706152433425	0.263085399449036	0.0456198347107438	0.14099173553719	0.0482644628099174	0.155133149678604	0.128393021120294	0.042791551882461	0.172617079889807	0.0707805325987144	0.162644628099173	0.0593939393939394	0.0910927456382002	0.083783287419651	0.11860422405877	0.0412304866850321	0.0899908172635446	0.119669421487603	0.181634527089073	0.227805325987144	0.234288337924701	0.0454361799816345	0.256528925619835	0.141910009182736	0.0487419651056015	0.106629935720845	0.0390266299357208	0.0505785123966942	0.0806795224977044	0.04633608815427	0.135224977043159	0.151643709825528	0.13979797979798	0.0374471992653811	0.118714416896235	0.065821854912764	0.0569329660238751	0.116069788797061	0.16137741046832	0.163471074380165	0.228282828282828	0.0721946740128558	0.0451606978879706	0.0441689623507805	0.0934802571166207	0.037979797979798	0.12910927456382	0.0590449954086318	0.0505417814508724	0.0737741046831956	0.111937557392103	0.180422405876951	0.207254361799816	0.100348943985308	0.089623507805326	0.072910927456382	0.064315886134068	0.110247933884298
GA72	0.266648301193756	0.281946740128558	0.283544536271809	0.283526170798898	0.193590449954086	0.285509641873278	0.232745638200184	0.16277318640955	0.169017447199265	0.285179063360882	0.292892561983471	0.171864095500459	0.163030303030303	0.172139577594123	0.294894398530762	0.167364554637282	0.179449035812672	0.200110192837466	0.27742883379247	0.20435261707989	0.220422405876951	0.18139577594123	0.155078053259872	0.294986225895317	0.297777777777778	0.285766758494031	0.173608815426997	0	0.195390266299357	0.286501377410468	0.299724517906336	0.166795224977043	0.291992653810836	0.16396694214876	0.289366391184573	0.29643709825528	0.266115702479339	0.29583103764922	0.281965105601469	0.291955922865014	0.179302112029385	0.292984389348026	0.295996326905418	0.265197428833792	0.296584022038568	0.18137741046832	0.182589531680441	0.331496786042241	0.294490358126722	0.292525252525253	0.259247015610652	0.384242424242424	0.270247933884298	0.295151515151515	0.284462809917355	0.261359044995409	0.30119375573921	0.290964187327824	0.167511478420569	0.276914600550964	0.530853994490358	0.298181818181818	0.166666666666667	0.268741965105601	0.260550964187328	0.191974288337925	0.168962350780533	0.180110192837466	0.303379247015611	0.167107438016529	0.182846648301194	0.182736455463728	0.17147842056933	0.173939393939394	0.173792470156107	0.167438016528926	0.169237832874197	0.165215794306703	0.181101928374656	0.239026629935721	0.166299357208448	0.329531680440771	0.374086317722681	0.38257116620753	0.172910927456382	0.404775022956841	0.169954086317723	0.161799816345271	0.170468319559229	0.184683195592286	0.170156106519743	0.161028466483012	0.175573921028467	0.252029384756657	0.171662075298439	0.169605142332415	0.17921028466483	0.169586776859504	0.18633608815427	0.170358126721763	0.168191000918274	0.309954086317723	0.311386593204775	0.376951331496786	0.218971533516988	0.1922681359045	0.17287419651056	0.16574839302112	0.185234159779614	0.167842056932966	0.207291092745638	0.200348943985308	0.170045913682277	0.170909090909091	0.187070707070707	0.355426997245179	0.168448117539027	0.239338842975207	0.224132231404959	0.170780532598714	0.161689623507805
GA76	0.0869421487603306	0.101910009182736	0.319706152433425	0.32	0.0383471074380165	0.320018365472911	0.0654178145087236	0.0898989898989899	0.0932231404958678	0.32020202020202	0.320826446280992	0.092157943067034	0.180679522497704	0.186299357208448	0.321561065197429	0.149917355371901	0.0696051423324151	0.10257116620753	0.0950780532598715	0.049605142332415	0.0768044077134986	0.212066115702479	0.0826446280991735	0.321285583103765	0.322589531680441	0.103011937557392	0.0485766758494031	0.195390266299357	0	0.317061524334252	0.323930211202938	0.144132231404959	0.320459136822773	0.0919926538108356	0.320220385674931	0.322038567493113	0.300532598714417	0.320514233241506	0.32	0.320477502295684	0.0744536271808999	0.320661157024793	0.321487603305785	0.0839853076216712	0.321946740128558	0.208815426997245	0.114876033057851	0.14771349862259	0.112433425160698	0.320752984389348	0.292745638200184	0.201818181818182	0.302809917355372	0.321395775941231	0.314949494949495	0.299540863177227	0.325381083562902	0.317796143250689	0.159908172635445	0.314876033057851	0.55129476584022	0.322993572084481	0.135757575757576	0.0884848484848485	0.298751147842057	0.0333333333333333	0.169623507805326	0.0592837465564738	0.120624426078972	0.156584022038567	0.0524517906336088	0.201542699724518	0.0952066115702479	0.192415059687787	0.0817079889807162	0.118438934802571	0.111129476584022	0.144903581267218	0.0442056932966024	0.0577961432506887	0.147272727272727	0.145913682277319	0.191955922865014	0.199228650137741	0.0635812672176308	0.221175390266299	0.168246097337006	0.0756473829201102	0.133296602387511	0.0345087235996327	0.0712029384756658	0.10595041322314	0.0525803489439853	0.135500459136823	0.177649219467401	0.16752984389348	0.0429384756657484	0.146997245179063	0.0803673094582185	0.0797245179063361	0.144407713498623	0.126703397612488	0.128741965105601	0.193241505968779	0.0451239669421488	0.0346189164370983	0.0600183654729109	0.121744719926538	0.0358494031221304	0.158677685950413	0.0348025711662075	0.0320661157024793	0.0986593204775023	0.136216712580349	0.210431588613407	0.171827364554637	0.128760330578512	0.0585858585858586	0.0492561983471074	0.0862993572084481	0.140606060606061
GA77	0.397171717171717	0.412984389348026	0.0370064279155188	0.0484113865932048	0.311313131313131	0.0276584022038568	0.364995408631772	0.233186409550046	0.274600550964187	0.0332966023875115	0.031147842056933	0.2477318640955	0.140863177226814	0.138604224058769	0.0281910009182736	0.174949494949495	0.259265381083563	0.324683195592287	0.408209366391185	0.340348943985308	0.355133149678604	0.114306703397612	0.253829201101928	0.0258769513314968	0.0310192837465565	0.41605142332415	0.284022038567493	0.286501377410468	0.317061524334252	0	0.0290725436179982	0.18236914600551	0.0259504132231405	0.232929292929293	0.0462809917355372	0.0291827364554637	0.0601836547291093	0.0311845730027548	0.0320110192837465	0.025068870523416	0.254049586776859	0.0232139577594123	0.0441138659320478	0.393572084481176	0.0260238751147842	0.113223140495868	0.22674012855831	0.462240587695133	0.42455463728191	0.0246097337006428	0.0424609733700643	0.51526170798898	0.0846280991735538	0.0275665748393021	0.0283379247015611	0.0473645546372819	0.0309458218549128	0.0261891643709825	0.16910927456382	0.0611019283746556	0.527640036730946	0.0288154269972452	0.202112029384757	0.397575757575758	0.048613406795225	0.309990817263545	0.159136822773186	0.283673094582185	0.433608815426997	0.166942148760331	0.279265381083563	0.124811753902663	0.232415059687787	0.135151515151515	0.247346189164371	0.203434343434343	0.213553719008264	0.179430670339761	0.287768595041322	0.366685032139577	0.175518824609734	0.46040404040404	0.50416896235078	0.51346189164371	0.288686868686869	0.535500459136823	0.154545454545455	0.250596877869605	0.210762167125803	0.301561065197429	0.253774104683196	0.229825528007346	0.300036730945822	0.381854912764004	0.146887052341598	0.15941230486685	0.286629935720845	0.188246097337006	0.295757575757576	0.243122130394858	0.179944903581267	0.439944903581267	0.44198347107438	0.507033976124886	0.348503213957759	0.309090909090909	0.26595041322314	0.201707988980716	0.297483930211203	0.168154269972452	0.333682277318641	0.321046831955923	0.225362718089991	0.18752984389348	0.125491276400367	0.486152433425161	0.197704315886134	0.366887052341598	0.346556473829201	0.242093663911846	0.18
GA79	0.404095500459137	0.420881542699724	0.0436547291092746	0.0542883379247016	0.319357208448118	0.0339761248852158	0.377190082644628	0.242460973370064	0.283911845730028	0.0378879706152433	0.0333884297520661	0.25129476584022	0.151974288337925	0.141028466483012	0.0289807162534435	0.177722681359045	0.262020202020202	0.333608815426997	0.412304866850321	0.352984389348026	0.367768595041322	0.122387511478421	0.267823691460055	0.024811753902663	0.0221120293847567	0.420955004591368	0.294196510560147	0.299724517906336	0.323930211202938	0.0290725436179982	0	0.190449954086318	0.0267768595041322	0.23900826446281	0.0479338842975207	0.025583103764922	0.0720477502295684	0.0259320477502296	0.0396877869605142	0.0249035812672176	0.260055096418733	0.0244811753902663	0.0452892561983471	0.395684113865932	0.0206060606060606	0.121487603305785	0.23959595959596	0.464370982552801	0.428025711662075	0.0236730945821855	0.0509274563820018	0.520459136822773	0.0960514233241506	0.0233241505968779	0.0332047750229569	0.0575757575757576	0.0225711662075298	0.0268686868686869	0.171147842056933	0.0719375573921028	0.54376492194674	0.0236730945821855	0.205013774104683	0.401561065197429	0.058989898989899	0.318181818181818	0.158126721763085	0.291515151515151	0.437245179063361	0.171404958677686	0.282956841138659	0.124683195592286	0.235426997245179	0.13722681359045	0.249348025711662	0.207584940312213	0.215078053259871	0.186207529843893	0.293627180899908	0.369219467401285	0.178861340679523	0.462203856749311	0.511276400367309	0.517153351698806	0.302662993572085	0.538163452708907	0.157851239669421	0.262038567493113	0.212139577594123	0.305179063360882	0.259742883379247	0.242662993572084	0.314141414141414	0.382736455463728	0.14870523415978	0.162020202020202	0.292176308539945	0.189237832874196	0.297539026629936	0.247144168962351	0.181542699724518	0.442479338842975	0.443269054178145	0.510321395775941	0.358585858585859	0.311129476584022	0.270321395775941	0.206207529843894	0.301524334251607	0.16712580348944	0.341744719926538	0.325730027548209	0.227603305785124	0.190835629017447	0.124609733700643	0.488411386593205	0.199265381083563	0.369421487603306	0.350156106519743	0.249182736455464	0.188558310376492
GA82	0.221524334251607	0.2366391184573	0.182938475665748	0.183985307621671	0.135739210284665	0.184499540863177	0.193498622589532	0.0674931129476584	0.10613406795225	0.183599632690542	0.183893480257117	0.0779247015610652	0.0504132231404959	0.055702479338843	0.186813590449954	0.0373186409550046	0.085564738292011	0.149954086317723	0.231074380165289	0.168650137741047	0.183636363636364	0.0781267217630854	0.0985123966942148	0.186887052341598	0.188686868686869	0.239908172635445	0.118034894398531	0.166795224977043	0.144132231404959	0.18236914600551	0.190449954086318	0	0.1855463728191	0.0839118457300275	0.183269054178145	0.187933884297521	0.165197428833792	0.186648301193756	0.184315886134068	0.185509641873278	0.0790266299357209	0.18595041322314	0.187897153351699	0.217392102846648	0.187823691460055	0.0741230486685032	0.0577777777777777	0.284646464646465	0.247474747474747	0.185913682277318	0.156877869605142	0.338292011019284	0.16712580348944	0.187015610651974	0.179467401285583	0.163820018365473	0.192047750229568	0.183305785123967	0.0409550045913682	0.17921028466483	0.542350780532599	0.189164370982553	0.0523232323232323	0.221101928374656	0.163122130394858	0.135555555555556	0.0467768595041322	0.111698806244261	0.256694214876033	0.0400183654729109	0.105840220385675	0.0695684113865932	0.0684297520661157	0.0617263544536272	0.079228650137741	0.046317722681359	0.0547474747474747	0.0327272727272727	0.112984389348026	0.190762167125803	0.0360146923783287	0.282809917355372	0.329550045913682	0.335886134067952	0.120514233241506	0.358108356290174	0.0411570247933885	0.0866483011937558	0.0527640036730946	0.12989898989899	0.0851239669421487	0.063030303030303	0.133204775022957	0.204444444444444	0.0483011937557392	0.0421120293847567	0.11425160697888	0.0443893480257117	0.128576675849403	0.0758494031221304	0.0380716253443526	0.262956841138659	0.26494031221304	0.329788797061524	0.174563820018365	0.139504132231405	0.0934618916437098	0.0439669421487603	0.128980716253444	0.0459871441689624	0.159908172635445	0.145123966942149	0.0622222222222222	0.0359963269054178	0.0790449954086318	0.308595041322314	0.0486501377410469	0.190743801652893	0.17564738292011	0.0718273645546373	0.0339026629935721
GA83	0.400165289256198	0.415904499540863	0.0351515151515151	0.0469421487603306	0.314398530762167	0.0271625344352617	0.369182736455464	0.2366391184573	0.27761248852158	0.0326354453627181	0.0274563820018366	0.250192837465565	0.145381083562902	0.140018365472911	0.02633608815427	0.177373737373737	0.261634527089073	0.327786960514233	0.41048668503214	0.344811753902663	0.35959595959596	0.117318640955005	0.259577594123049	0.0244077134986226	0.0246464646464646	0.419265381083563	0.287511478420569	0.291992653810836	0.320459136822773	0.0259504132231405	0.0267768595041322	0.1855463728191	0	0.234967860422406	0.0414508723599633	0.0252525252525252	0.0643709825528007	0.0276951331496786	0.0316253443526171	0.0222956841138659	0.256455463728191	0.020752984389348	0.041505968778696	0.395794306703397	0.0236730945821855	0.115371900826446	0.232359963269054	0.464481175390266	0.426887052341598	0.0220752984389348	0.044811753902663	0.517649219467401	0.0887786960514233	0.0224058769513315	0.0292011019283747	0.049880624426079	0.0266115702479339	0.0232506887052342	0.170853994490358	0.0644260789715335	0.534325068870523	0.0233608815426997	0.204848484848485	0.399853076216713	0.0538842975206612	0.31307621671258	0.159816345270891	0.28811753902663	0.43643709825528	0.169990817263545	0.281763085399449	0.12593204775023	0.235335169880625	0.134894398530762	0.249752066115702	0.205913682277319	0.215684113865932	0.182258953168044	0.290247933884297	0.368980716253443	0.177685950413223	0.462626262626263	0.508925619834711	0.515775941230487	0.294765840220386	0.537924701561065	0.157061524334252	0.254729109274564	0.213039485766758	0.30376492194674	0.256363636363636	0.234674012855831	0.306023875114784	0.384077134986226	0.148852157943067	0.161634527089073	0.289384756657484	0.189825528007346	0.297869605142332	0.24534435261708	0.181873278236915	0.44238751147842	0.444205693296602	0.509752066115703	0.35267217630854	0.311258034894399	0.268503213957759	0.203342516069789	0.299669421487603	0.168980716253443	0.336675849403122	0.323507805325987	0.228191000918274	0.190137741046832	0.125032139577594	0.488374655647383	0.198971533516988	0.369127640036731	0.348815426997245	0.245123966942149	0.183985307621671
GA85	0.171239669421488	0.187603305785124	0.233223140495868	0.232598714416896	0.0886317722681359	0.233719008264463	0.142718089990817	0.0403305785123967	0.0610651974288338	0.241891643709826	0.235794306703398	0.0498438934802571	0.106501377410468	0.111404958677686	0.234637281910009	0.0797796143250689	0.054931129476584	0.104811753902663	0.181248852157943	0.118512396694215	0.133370064279155	0.129421487603306	0.0458585858585859	0.23742883379247	0.23603305785124	0.189733700642792	0.0631221303948577	0.16396694214876	0.0919926538108356	0.232929292929293	0.23900826446281	0.0839118457300275	0.234967860422406	0	0.232727272727273	0.235390266299357	0.225895316804408	0.235169880624426	0.232984389348026	0.235463728191001	0.0558494031221304	0.23404958677686	0.236198347107438	0.166299357208448	0.236253443526171	0.128282828282828	0.0748025711662075	0.23485766758494	0.197355371900826	0.234325068870523	0.206703397612489	0.28852157943067	0.225381083562902	0.235867768595041	0.228852157943067	0.214086317722681	0.241799816345271	0.231202938475666	0.0851239669421488	0.231919191919192	0.537979797979798	0.236657483930211	0.0632506887052342	0.170431588613407	0.217373737373737	0.0866483011937557	0.0921395775941231	0.0665013774104683	0.20694214876033	0.084040404040404	0.0618916437098255	0.125785123966942	0.0445362718089991	0.113296602387511	0.0444260789715335	0.0520661157024793	0.0456749311294766	0.080238751147842	0.0673278236914601	0.139559228650138	0.0747658402203857	0.232984389348026	0.279908172635445	0.286189164370983	0.0723232323232323	0.308282828282828	0.10257116620753	0.0455096418732783	0.0676951331496786	0.0753902662993572	0.0434894398530762	0.0587144168962351	0.0807346189164371	0.156914600550964	0.108980716253444	0.0964738292011019	0.0655280073461892	0.073682277318641	0.0752249770431588	0.0417263544536272	0.0702112029384757	0.212782369146006	0.214563820018366	0.280091827364555	0.124903581267218	0.0826078971533518	0.0510560146923783	0.0523048668503214	0.0741046831955923	0.078494031221304	0.108246097337007	0.0952984389348026	0.0433057851239669	0.0746372819100092	0.125032139577594	0.258824609733701	0.0548025711662075	0.139449035812672	0.11979797979798	0.0471808999081726	0.0686317722681359
GA86	0.399669421487603	0.415426997245179	0.0374839302112029	0.0362350780532599	0.313406795224977	0.0379430670339761	0.368576675849403	0.235169880624426	0.275977961432507	0.0605509641873278	0.0427364554637282	0.24969696969697	0.143434343434343	0.139026629935721	0.0322497704315886	0.17603305785124	0.261487603305785	0.327346189164371	0.410431588613407	0.344205693296602	0.358640955004591	0.112708907254362	0.258787878787879	0.0555555555555555	0.0365289256198347	0.418934802571166	0.286795224977043	0.289366391184573	0.320220385674931	0.0462809917355372	0.0479338842975207	0.183269054178145	0.0414508723599633	0.232727272727273	0	0.0314233241505969	0.074949494949495	0.0413406795224977	0.0384573002754821	0.042534435261708	0.25623507805326	0.0401836547291093	0.0457300275482094	0.395794306703397	0.0438934802571166	0.113498622589532	0.231662075298439	0.464462809917355	0.426795224977043	0.0388613406795225	0.0456014692378329	0.517483930211203	0.0867217630853995	0.0423875114784206	0.0426078971533517	0.0535169880624426	0.0537373737373737	0.0361799816345271	0.169274563820018	0.063801652892562	0.533719008264463	0.0374471992653811	0.203581267217631	0.39979797979798	0.0585674931129477	0.312415059687787	0.157483930211203	0.287548209366391	0.436253443526171	0.168558310376492	0.281524334251607	0.125050505050505	0.234912764003673	0.131974288337925	0.248558310376492	0.205528007346189	0.215280073461892	0.181744719926538	0.289623507805326	0.368943985307621	0.176804407713499	0.462626262626263	0.508723599632691	0.515684113865932	0.293847566574839	0.5378145087236	0.156712580348944	0.253094582185491	0.212782369146005	0.30356290174472	0.256143250688705	0.233590449954086	0.303783287419651	0.384077134986226	0.148631772268136	0.160899908172635	0.289090909090909	0.189384756657484	0.297502295684114	0.245252525252525	0.180899908172635	0.442148760330578	0.444205693296602	0.509641873278237	0.35208448117539	0.311074380165289	0.267603305785124	0.202699724517906	0.299247015610652	0.166501377410468	0.336216712580349	0.323287419651056	0.227842056932966	0.18969696969697	0.11584940312213	0.488374655647383	0.198365472910927	0.369127640036731	0.348686868686869	0.244628099173554	0.182681359044995
GA87	0.402112029384757	0.41821854912764	0.0342699724517906	0.0400918273645546	0.316749311294766	0.0277869605142332	0.373902662993572	0.239540863177227	0.280973370064279	0.0435812672176309	0.0318089990817264	0.250633608815427	0.14852157943067	0.139742883379247	0.0195041322314049	0.176859504132231	0.26178145087236	0.330835629017447	0.411386593204775	0.34969696969697	0.364481175390266	0.118089990817264	0.264279155188246	0.0321395775941231	0.0214508723599633	0.420165289256198	0.291111111111111	0.29643709825528	0.322038567493113	0.0291827364554637	0.025583103764922	0.187933884297521	0.0252525252525252	0.235390266299357	0.0314233241505969	0	0.0693480257116621	0.0241873278236915	0.0312764003673095	0.0237649219467401	0.257924701561065	0.0222956841138659	0.0371900826446281	0.395959595959596	0.0232323232323232	0.117190082644628	0.236418732782369	0.464719926538108	0.427511478420569	0.0224793388429752	0.0447933884297521	0.518953168044077	0.092653810835629	0.0236179981634527	0.0296051423324151	0.0523415977961433	0.03089072543618	0.020514233241506	0.170266299357208	0.0654912764003673	0.53921028466483	0.0214325068870523	0.204224058769513	0.400514233241506	0.0563820018365473	0.315720844811754	0.158089990817264	0.289678604224059	0.436804407713498	0.169678604224059	0.282240587695133	0.125454545454545	0.235408631772268	0.134012855831038	0.249752066115702	0.206519742883379	0.215463728191001	0.184022038567493	0.291790633608815	0.369256198347107	0.177777777777778	0.46277318640955	0.510119375573921	0.516547291092746	0.29959595959596	0.538273645546373	0.157337006427915	0.25880624426079	0.21287419651056	0.304481175390266	0.257667584940312	0.239375573921029	0.310853994490358	0.384077134986226	0.148815426997245	0.161267217630854	0.290633608815427	0.189623507805326	0.297887970615243	0.246225895316804	0.18157943067034	0.442736455463728	0.444224058769513	0.510156106519743	0.355665748393021	0.311460055096419	0.269366391184573	0.204370982552801	0.300348943985307	0.166629935720845	0.339044995408632	0.324481175390266	0.228007346189164	0.190284664830119	0.117979797979798	0.488539944903581	0.198732782369146	0.369384756657484	0.349384756657484	0.246905417814509	0.186023875114784
GA92	0.374747474747475	0.3944536271809	0.0613957759412305	0.0704315886134068	0.292617079889807	0.0609550045913682	0.343140495867769	0.21603305785124	0.256290174471993	0.0598530762167126	0.0663728191000918	0.230817263544536	0.129623507805326	0.129568411386593	0.0686501377410468	0.161726354453627	0.242038567493113	0.306078971533517	0.39048668503214	0.315886134067952	0.330707070707071	0.110082644628099	0.235059687786961	0.0674196510560147	0.0707254361799816	0.399265381083563	0.26574839302112	0.266115702479339	0.300532598714417	0.0601836547291093	0.0720477502295684	0.165197428833792	0.0643709825528007	0.225895316804408	0.074949494949495	0.0693480257116621	0	0.0689439853076216	0.0565472910927456	0.0639669421487603	0.236345270890725	0.065050505050505	0.0563085399449036	0.376106519742883	0.0690909090909091	0.105730027548209	0.208209366391185	0.444683195592286	0.406942148760331	0.0651790633608815	0.049623507805326	0.497557392102846	0.0741230486685032	0.0677685950413223	0.0577410468319559	0.0451056014692378	0.0732598714416896	0.0638383838383839	0.157355371900826	0.0691276400367309	0.497171717171717	0.0705968778696051	0.190266299357209	0.380091827364555	0.0466850321395776	0.292102846648301	0.151606978879706	0.267676767676767	0.41662075298439	0.1566391184573	0.261946740128558	0.115335169880624	0.218071625344353	0.129605142332415	0.231753902662994	0.190009182736455	0.200422405876951	0.164132231404959	0.270192837465565	0.349219467401286	0.163948576675849	0.442846648301194	0.489017447199265	0.495886134067952	0.267860422405877	0.518071625344353	0.139100091827364	0.232011019283747	0.196106519742883	0.284499540863177	0.237557392102847	0.208356290174472	0.278200183654729	0.364297520661157	0.132819100091827	0.147291092745638	0.269421487603306	0.1766391184573	0.280293847566575	0.227217630853994	0.16811753902663	0.422607897153351	0.424426078971533	0.489862258953168	0.330284664830119	0.292966023875115	0.249403122130395	0.188044077134986	0.281175390266299	0.161818181818182	0.315592286501378	0.303581267217631	0.211000918273646	0.172011019283747	0.129531680440771	0.468595041322314	0.187933884297521	0.349329660238751	0.329403122130395	0.22495867768595	0.167438016528926
GA96	0.400257116620753	0.417190082644628	0.0393388429752066	0.0475482093663912	0.315702479338843	0.0335353535353536	0.373278236914601	0.238714416896235	0.279816345270891	0.0425895316804408	0.0324334251606979	0.245840220385675	0.147676767676768	0.138273645546373	0.0271992653810836	0.175353535353535	0.259577594123049	0.329862258953168	0.409458218549128	0.349072543617998	0.363856749311295	0.118732782369146	0.263709825528007	0.0316804407713499	0.0261524334251607	0.418089990817264	0.290431588613407	0.29583103764922	0.320514233241506	0.0311845730027548	0.0259320477502296	0.186648301193756	0.0276951331496786	0.235169880624426	0.0413406795224977	0.0241873278236915	0.0689439853076216	0	0.0366942148760331	0.0278971533516988	0.256455463728191	0.0269972451790634	0.039504132231405	0.393590449954086	0.0282093663911846	0.117373737373737	0.235739210284665	0.46078971533517	0.425528007346189	0.0249403122130395	0.0461340679522498	0.517263544536272	0.0892929292929293	0.0258585858585859	0.0298989898989899	0.052910927456382	0.0289439853076217	0.026317722681359	0.168943985307622	0.066850321395776	0.540771349862259	0.0238751147842057	0.202662993572084	0.398751147842057	0.0566207529843894	0.3144536271809	0.156216712580349	0.288007346189164	0.434637281910009	0.168393021120294	0.280459136822773	0.123507805325987	0.232855831037649	0.133094582185491	0.247438016528926	0.204921946740129	0.213425160697888	0.182607897153352	0.290486685032139	0.366887052341598	0.176363636363636	0.460293847566575	0.508172635445363	0.514435261707989	0.296969696969697	0.533149678604224	0.155224977043159	0.258053259871442	0.210560146923783	0.30236914600551	0.25623507805326	0.238787878787879	0.310229568411387	0.380422405876951	0.146593204775023	0.159485766758494	0.288778696051423	0.187584940312213	0.295757575757576	0.244389348025712	0.180036730945822	0.44038567493113	0.441763085399449	0.507970615243342	0.354637281910009	0.308815426997245	0.267309458218549	0.202791551882461	0.298512396694215	0.165417814508724	0.33801652892562	0.32257116620753	0.225693296602387	0.188135904499541	0.119100091827365	0.486189164370983	0.19623507805326	0.36712580348944	0.347382920110193	0.245454545454545	0.18495867768595
GB101	0.398861340679523	0.414178145087236	0.0225528007346189	0.0314600550964187	0.311808999081726	0.0255096418732782	0.36157943067034	0.233553719008264	0.275224977043159	0.0387144168962351	0.0342148760330578	0.250027548209366	0.142607897153352	0.139522497704316	0.0311845730027548	0.175996326905418	0.261487603305785	0.325693296602388	0.410266299357209	0.323820018365473	0.338200183654729	0.110394857667585	0.243838383838384	0.0418549127640037	0.0345638200183655	0.418714416896235	0.283820018365473	0.281965105601469	0.32	0.0320110192837465	0.0396877869605142	0.184315886134068	0.0316253443526171	0.232984389348026	0.0384573002754821	0.0312764003673095	0.0565472910927456	0.0366942148760331	0	0.0314600550964187	0.255996326905418	0.0310192837465565	0.0444995408631772	0.395794306703397	0.0356106519742883	0.111827364554637	0.227658402203857	0.464462809917355	0.4267217630854	0.0302479338842975	0.0360514233241506	0.517337006427916	0.0794306703397612	0.0334618916437098	0.0281175390266299	0.0259320477502296	0.0429384756657484	0.0313498622589532	0.169641873278237	0.0400918273645546	0.513333333333333	0.034949494949495	0.203636363636364	0.399779614325069	0.0341230486685032	0.311184573002755	0.158328741965106	0.28712580348944	0.436400367309458	0.168760330578512	0.281597796143251	0.125454545454545	0.23485766758494	0.133278236914601	0.248980716253443	0.205436179981635	0.215280073461892	0.181285583103765	0.289219467401285	0.368943985307621	0.176694214876033	0.462626262626263	0.508411386593205	0.515665748393021	0.281616161616162	0.537796143250689	0.156712580348944	0.247089072543618	0.212782369146005	0.303507805325987	0.255886134067952	0.22376492194674	0.288925619834711	0.384077134986226	0.148631772268136	0.160936639118457	0.288852157943067	0.189439853076217	0.297171717171717	0.245215794306703	0.180936639118457	0.44198347107438	0.444205693296602	0.509641873278237	0.349807162534435	0.311074380165289	0.268356290174472	0.202736455463728	0.299026629935721	0.167089072543618	0.335133149678604	0.323269054178145	0.227842056932966	0.18969696969697	0.122314049586777	0.488374655647383	0.19862258953168	0.36910927456382	0.348668503213958	0.244113865932048	0.181836547291093
GB102	0.399302112029385	0.415775941230487	0.0359963269054178	0.045564738292011	0.313939393939394	0.0274196510560147	0.369348025711662	0.236492194674013	0.277887970615244	0.0307438016528926	0.0276767676767677	0.250119375573921	0.146170798898072	0.139908172635445	0.0253994490358127	0.176877869605142	0.261561065197429	0.327658402203857	0.410394857667585	0.345068870523416	0.359853076216712	0.117337006427916	0.260055096418733	0.0245730027548209	0.0238567493112948	0.419302112029385	0.287474747474747	0.291955922865014	0.320477502295684	0.025068870523416	0.0249035812672176	0.185509641873278	0.0222956841138659	0.235463728191001	0.042534435261708	0.0237649219467401	0.0639669421487603	0.0278971533516988	0.0314600550964187	0	0.256290174471993	0.0218181818181818	0.0429568411386593	0.395794306703397	0.022020202020202	0.11504132231405	0.232249770431589	0.464462809917355	0.426758494031221	0.0212304866850321	0.046078971533517	0.51763085399449	0.0887235996326905	0.0234894398530762	0.029623507805326	0.0502662993572085	0.0249954086317723	0.0236179981634527	0.169972451790634	0.0646648301193756	0.534582185491276	0.0242240587695133	0.204793388429752	0.399871441689624	0.0518457300275482	0.312800734618916	0.159816345270891	0.288044077134986	0.436400367309458	0.169862258953168	0.281689623507805	0.126464646464647	0.235408631772268	0.135702479338843	0.249660238751148	0.205895316804408	0.215739210284665	0.181891643709826	0.290119375573921	0.368943985307621	0.177594123048669	0.462626262626263	0.508888888888889	0.515739210284665	0.295114784205693	0.536877869605142	0.156804407713499	0.254710743801653	0.213112947658402	0.303691460055096	0.25623507805326	0.235022956841139	0.306262626262626	0.384077134986226	0.148797061524334	0.162001836547291	0.289201101928375	0.190321395775941	0.2978145087236	0.245399449035813	0.182240587695133	0.442424242424242	0.444205693296602	0.509660238751148	0.352378328741965	0.311184573002755	0.268429752066116	0.203287419651056	0.29959595959596	0.168962350780533	0.336216712580349	0.323434343434343	0.227933884297521	0.189825528007346	0.125032139577594	0.488374655647383	0.199577594123049	0.36910927456382	0.348741965105602	0.245087235996327	0.18376492194674
GB116	0.148411386593205	0.162920110192838	0.255996326905418	0.255996326905418	0.0636363636363636	0.255996326905418	0.125215794306703	0.0392102846648301	0.0699173553719008	0.255996326905418	0.256620752984389	0.0440771349862259	0.117061524334252	0.122479338842975	0.257153351698806	0.0864646464646465	0.0307621671258035	0.09643709825528	0.156547291092746	0.101028466483012	0.115353535353535	0.148411386593205	0.0604040404040404	0.257116620752984	0.258438934802571	0.165068870523416	0.0579430670339761	0.179302112029385	0.0744536271808999	0.254049586776859	0.260055096418733	0.0790266299357209	0.256455463728191	0.0558494031221304	0.25623507805326	0.257924701561065	0.236345270890725	0.256455463728191	0.255996326905418	0.256290174471993	0	0.2566391184573	0.2578145087236	0.145197428833792	0.257961432506887	0.144646464646465	0.0502479338842975	0.209017447199265	0.173792470156106	0.256565656565656	0.22870523415978	0.26257116620753	0.238585858585859	0.257502295684114	0.250780532598715	0.235500459136823	0.261505968778696	0.253810835629017	0.095941230486685	0.250872359963269	0.554306703397612	0.258934802571166	0.0748943985307622	0.149843893480257	0.234912764003673	0.0652525252525253	0.105913682277319	0.045564738292011	0.181854912764004	0.0924885215794307	0.0406060606060606	0.137263544536272	0.0433241505968779	0.128301193755739	0.0378879706152433	0.0570431588613407	0.0539761248852158	0.0809366391184573	0.0465564738292011	0.119302112029385	0.0834527089072544	0.207033976124885	0.253957759412305	0.260165289256198	0.0584940312213039	0.28236914600551	0.103673094582186	0.043783287419651	0.0727089072543618	0.0631588613406795	0.0344536271808999	0.0519191919191919	0.0691460055096419	0.142387511478421	0.113149678604224	0.103213957759412	0.0489439853076217	0.0849035812672176	0.0757208448117539	0.0353902662993572	0.0809366391184573	0.187768595041322	0.190449954086318	0.254527089072544	0.103048668503214	0.0740679522497704	0.036198347107438	0.0608999081726354	0.0648301193755739	0.0957759412304867	0.0914049586776859	0.0752433425160698	0.04178145087236	0.0718824609733701	0.146427915518825	0.232929292929293	0.0673094582185492	0.120036730945822	0.110192837465565	0.0348760330578512	0.076951331496786
GB118	0.400569329660239	0.416455463728191	0.0337924701561065	0.0462258953168044	0.314637281910009	0.0260973370064279	0.37030303030303	0.237208448117539	0.278255280073462	0.0323048668503214	0.0287419651056015	0.250229568411387	0.14595041322314	0.140055096418733	0.0232139577594123	0.176712580348944	0.261597796143251	0.328466483011938	0.410541781450872	0.34593204775023	0.360716253443526	0.116951331496786	0.260532598714417	0.023048668503214	0.0220752984389348	0.419320477502296	0.288301193755739	0.292984389348026	0.320661157024793	0.0232139577594123	0.0244811753902663	0.18595041322314	0.020752984389348	0.23404958677686	0.0401836547291093	0.0222956841138659	0.065050505050505	0.0269972451790634	0.0310192837465565	0.0218181818181818	0.2566391184573	0	0.0408264462809917	0.395831037649219	0.0221303948576676	0.115371900826446	0.232984389348026	0.464517906336088	0.426942148760331	0.0203489439853076	0.0444811753902663	0.517943067033976	0.0890541781450873	0.022020202020202	0.0285950413223141	0.0502295684113866	0.0244444444444444	0.021010101010101	0.170192837465565	0.0639118457300275	0.53544536271809	0.0226262626262626	0.204095500459137	0.400091827364555	0.0535169880624426	0.313535353535354	0.159375573921029	0.288209366391184	0.436492194674013	0.169660238751148	0.281873278236915	0.126207529843894	0.235151515151515	0.135004591368228	0.249770431588613	0.205766758494031	0.215555555555556	0.182277318640955	0.290449954086318	0.368980716253443	0.177447199265381	0.462644628099174	0.509237832874197	0.51584940312213	0.295922865013774	0.537887970615243	0.156951331496786	0.25524334251607	0.212800734618916	0.303801652892562	0.256565656565657	0.235739210284665	0.307107438016529	0.384077134986226	0.148778696051423	0.16119375573921	0.289623507805326	0.189605142332415	0.297796143250689	0.245528007346189	0.181487603305785	0.442424242424242	0.444224058769513	0.509788797061524	0.35325987144169	0.311294765840221	0.268760330578512	0.203636363636364	0.299816345270891	0.168466483011938	0.336951331496786	0.323617998163453	0.227878787878788	0.189843893480257	0.123581267217631	0.488448117539027	0.199081726354454	0.369164370982553	0.348833792470156	0.24534435261708	0.183838383838384
GB119	0.396363636363636	0.41840220385675	0.0473829201101928	0.0538292011019284	0.316730945821855	0.04277318640955	0.373902662993572	0.239724517906336	0.280752984389348	0.0588246097337007	0.0453810835629017	0.248484848484849	0.148595041322314	0.14058769513315	0.0361616161616162	0.177575757575758	0.261763085399449	0.330725436179981	0.411258034894399	0.34969696969697	0.364481175390266	0.120293847566575	0.263636363636364	0.0487970615243343	0.0394674012855831	0.419632690541782	0.291056014692378	0.295996326905418	0.321487603305785	0.0441138659320478	0.0452892561983471	0.187897153351699	0.041505968778696	0.236198347107438	0.0457300275482094	0.0371900826446281	0.0563085399449036	0.039504132231405	0.0444995408631772	0.0429568411386593	0.2578145087236	0.0408264462809917	0	0.395922865013774	0.0413039485766759	0.118145087235996	0.235408631772268	0.463434343434343	0.427419651056015	0.0391735537190083	0.0532415059687787	0.518842975206612	0.0911111111111111	0.0389715335169881	0.0415977961432507	0.0577777777777778	0.0479522497704316	0.0374104683195592	0.168264462809917	0.0717171717171717	0.515500459136823	0.0395224977043159	0.204719926538108	0.400514233241506	0.0633241505968779	0.315353535353535	0.159926538108356	0.288595041322314	0.436382001836547	0.16951331496786	0.282258953168044	0.126391184573003	0.234876033057851	0.13584940312213	0.249752066115702	0.206464646464646	0.215812672176308	0.18396694214876	0.291606978879706	0.369164370982553	0.178585858585859	0.462699724517906	0.5089072543618	0.516161616161616	0.298438934802571	0.536106519742883	0.157171717171717	0.258787878787879	0.213168044077135	0.304370982552801	0.257832874196511	0.23900826446281	0.310009182736455	0.383195592286502	0.149035812672176	0.161414141414141	0.29050505050505	0.189935720844812	0.297924701561065	0.245895316804408	0.181799816345271	0.442552800734619	0.444224058769513	0.510119375573921	0.355684113865932	0.31127640036731	0.269127640036731	0.204591368227732	0.300661157024793	0.168503213957759	0.339173553719008	0.324224058769513	0.228154269972452	0.19048668503214	0.124389348025712	0.488539944903581	0.199375573921029	0.369421487603306	0.34931129476584	0.246648301193756	0.185876951331497
GB127	0.0462993572084481	0.0411386593204775	0.395794306703397	0.395794306703397	0.0979063360881543	0.395794306703397	0.071643709825528	0.164517906336088	0.165601469237833	0.396014692378328	0.39584940312213	0.163397612488522	0.256565656565657	0.258732782369146	0.395922865013774	0.222442607897153	0.139944903581267	0.162350780532599	0.0373921028466483	0.087346189164371	0.109641873278237	0.288044077134986	0.157924701561065	0.39584940312213	0.396161616161616	0.040514233241506	0.11583103764922	0.265197428833792	0.0839853076216712	0.393572084481176	0.395684113865932	0.217392102846648	0.395794306703397	0.166299357208448	0.395794306703397	0.395959595959596	0.376106519742883	0.393590449954086	0.395794306703397	0.395794306703397	0.145197428833792	0.395831037649219	0.395922865013774	0	0.395922865013774	0.28416896235078	0.185325987144169	0.0719559228650138	0.0428650137741047	0.395812672176308	0.368448117539027	0.125417814508724	0.378438934802571	0.395831037649219	0.390523415977961	0.375298438934803	0.397079889807162	0.39267217630854	0.232176308539945	0.390670339761249	0.563379247015611	0.396216712580349	0.208337924701561	0.0340495867768595	0.374674012855831	0.0933700642791552	0.241248852157943	0.129807162534435	0.0506152433425161	0.22951331496786	0.120422405876951	0.27267217630854	0.166078971533517	0.266115702479339	0.151955922865014	0.191404958677686	0.182901744719926	0.219834710743802	0.113241505968779	0.0422222222222222	0.22040404040404	0.0701744719926538	0.117263544536272	0.122424242424242	0.130229568411387	0.14415059687787	0.240146923783287	0.149825528007346	0.204628099173554	0.0957575757575757	0.145215794306703	0.181726354453627	0.118071625344353	0.165381083562902	0.249348025711662	0.239981634527089	0.110560146923783	0.218292011019284	0.143673094582185	0.152304866850321	0.216308539944904	0.0531864095500459	0.0552800734618916	0.116418732782369	0.0601469237832874	0.0872910927456382	0.13208448117539	0.194545454545455	0.0989164370982553	0.23030303030303	0.0688154269972451	0.0808999081726354	0.170247933884298	0.208852157943067	0.28317722681359	0.0946556473829201	0.200477502295684	0.0411937557392103	0.0575573921028466	0.159044995408632	0.215463728191001
GB128	0.402056932966024	0.418457300275482	0.0395041322314049	0.0501744719926538	0.316730945821855	0.0308539944903581	0.374049586776859	0.239742883379247	0.280918273645547	0.0353719008264463	0.029366391184573	0.250596877869605	0.148888888888889	0.140146923783287	0.0231221303948577	0.177318640955005	0.261689623507805	0.330798898071625	0.411258034894399	0.349843893480257	0.364628099173554	0.120238751147842	0.264628099173554	0.0223507805325987	0.0217263544536272	0.419853076216713	0.2910927456382	0.296584022038568	0.321946740128558	0.0260238751147842	0.0206060606060606	0.187823691460055	0.0236730945821855	0.236253443526171	0.0438934802571166	0.0232323232323232	0.0690909090909091	0.0282093663911846	0.0356106519742883	0.022020202020202	0.257961432506887	0.0221303948576676	0.0413039485766759	0.395922865013774	0	0.118640955004591	0.236510560146924	0.464609733700643	0.427382920110193	0.0210651974288338	0.0491827364554637	0.518989898989899	0.0930762167125803	0.0204591368227732	0.0311662075298439	0.0543434343434344	0.0238567493112948	0.0243158861340679	0.170780532598714	0.0685399449035813	0.539467401285583	0.0232323232323232	0.204315886134068	0.400642791551882	0.0559044995408632	0.315537190082645	0.159522497704316	0.289329660238751	0.436712580348944	0.170229568411387	0.282277318640955	0.125619834710744	0.235463728191001	0.135886134067952	0.249770431588613	0.206556473829201	0.215390266299357	0.183875114784206	0.291717171717172	0.369201101928374	0.178145087235996	0.462754820936639	0.510064279155188	0.516308539944903	0.299742883379247	0.538200183654729	0.157190082644628	0.258898071625344	0.213057851239669	0.304334251606979	0.257759412304867	0.239522497704316	0.311000918273646	0.384077134986226	0.148888888888889	0.161487603305785	0.290541781450872	0.189678604224059	0.298071625344353	0.246244260789715	0.181965105601469	0.44257116620753	0.444279155188246	0.510119375573921	0.35583103764922	0.311313131313131	0.269146005509642	0.204499540863177	0.300385674931129	0.167823691460055	0.339247015610652	0.324315886134068	0.228044077134986	0.190376492194674	0.123581267217631	0.488466483011937	0.199191919191919	0.36931129476584	0.349513314967861	0.246868686868687	0.186023875114784
GB130	0.288503213957759	0.303911845730028	0.112543617998163	0.111864095500459	0.20236914600551	0.11366391184573	0.257557392102847	0.12534435261708	0.16653810835629	0.122240587695133	0.11722681359045	0.138769513314968	0.0386960514233241	0.0378879706152433	0.116253443526171	0.067603305785124	0.149862258953168	0.216271808999082	0.298696051423324	0.23307621671258	0.247860422405877	0.0277502295684114	0.149146005509642	0.119669421487603	0.118585858585859	0.307566574839302	0.176198347107438	0.18137741046832	0.208815426997245	0.113223140495868	0.121487603305785	0.0741230486685032	0.115371900826446	0.128282828282828	0.113498622589532	0.117190082644628	0.105730027548209	0.117373737373737	0.111827364554637	0.11504132231405	0.144646464646465	0.115371900826446	0.118145087235996	0.28416896235078	0.118640955004591	0	0.120440771349862	0.352837465564738	0.315188246097337	0.114876033057851	0.0858585858585858	0.405913682277319	0.105068870523416	0.116932966023875	0.108411386593205	0.0923232323232323	0.123673094582185	0.112139577594123	0.0629384756657484	0.111184573002755	0.534600550964187	0.118934802571166	0.0949127640036731	0.288209366391185	0.0966758494031221	0.201414141414141	0.054692378328742	0.176455463728191	0.324793388429752	0.0608448117539026	0.170027548209366	0.0329843893480257	0.124775022956841	0.0358861340679523	0.13862258953168	0.0950964187327824	0.106115702479339	0.0715886134067952	0.178512396694215	0.257355371900826	0.0689623507805326	0.351000918273646	0.397392102846648	0.404113865932048	0.183232323232323	0.426225895316804	0.048852157943067	0.143397612488522	0.1021854912764	0.192194674012856	0.145105601469238	0.123232323232323	0.194343434343434	0.272451790633609	0.044058769513315	0.0525619834710744	0.177685950413223	0.0813957759412305	0.186795224977043	0.134618916437098	0.0730762167125804	0.330762167125803	0.332580348943985	0.398071625344353	0.240661157024793	0.199816345270891	0.157043158861341	0.0931864095500459	0.188393021120294	0.0637465564738292	0.224921946740128	0.211808999081726	0.11722681359045	0.0788062442607897	0.0353351698806244	0.376767676767677	0.090615243342516	0.257502295684114	0.237465564738292	0.133553719008264	0.0731313131313131
GB144	0.182993572084481	0.197685950413223	0.227823691460055	0.227805325987144	0.098989898989899	0.228595041322314	0.161046831955923	0.0546189164370983	0.0904866850321396	0.228044077134986	0.232984389348026	0.0628650137741047	0.0924885215794307	0.102056932966024	0.234894398530762	0.0689807162534435	0.0608631772268136	0.119081726354454	0.192066115702479	0.136877869605142	0.149054178145087	0.122020202020202	0.0793021120293848	0.234986225895317	0.237612488521579	0.200734618916437	0.0961432506887052	0.182589531680441	0.114876033057851	0.22674012855831	0.23959595959596	0.0577777777777777	0.232359963269054	0.0748025711662075	0.231662075298439	0.236418732782369	0.208209366391185	0.235739210284665	0.227658402203857	0.232249770431589	0.0502479338842975	0.232984389348026	0.235408631772268	0.185325987144169	0.236510560146924	0.120440771349862	0	0.242718089990817	0.211974288337925	0.232855831037649	0.201634527089073	0.294233241505969	0.211533516988062	0.23505968778696	0.22495867768595	0.207162534435262	0.241065197428834	0.231056014692378	0.0792837465564739	0.222534435261708	0.556473829201102	0.238053259871442	0.0715518824609733	0.190229568411387	0.206280991735537	0.102699724517906	0.0867768595041322	0.0816161616161616	0.217704315886134	0.0741230486685032	0.0793204775022957	0.116951331496786	0.0560146923783287	0.10712580348944	0.0627364554637282	0.0507621671258035	0.0575573921028466	0.0615610651974288	0.085068870523416	0.160055096418733	0.0675298438934802	0.240881542699725	0.284205693296602	0.292488521579431	0.0899724517906336	0.315078053259871	0.0824058769513315	0.066574839302112	0.0690541781450872	0.108044077134986	0.0655096418732782	0.0482460973370064	0.10099173553719	0.167052341597796	0.0923415977961432	0.0832506887052341	0.0913314967860422	0.0727272727272727	0.111992653810836	0.060257116620753	0.0670339761248852	0.222699724517906	0.227768595041322	0.288301193755739	0.136969696969697	0.12	0.0737924701561065	0.0566758494031221	0.108980716253444	0.0805509641873278	0.130817263544536	0.114802571166208	0.0505601469237833	0.0555922865013774	0.126005509641873	0.266593204775023	0.0623324150596878	0.161561065197429	0.154967860422406	0.0529476584022039	0.0595224977043159
GB147	0.08633608815427	0.063030303030303	0.464462809917355	0.464462809917355	0.156896235078053	0.464462809917355	0.131019283746556	0.232213039485767	0.233425160697888	0.464462809917355	0.464481175390266	0.228062442607897	0.325087235996327	0.327401285583104	0.46455463728191	0.29089072543618	0.204113865932048	0.222405876951332	0.0583287419651056	0.151937557392103	0.170615243342516	0.356675849403122	0.226152433425161	0.464517906336088	0.464738292011019	0.0544719926538108	0.183122130394858	0.331496786042241	0.14771349862259	0.462240587695133	0.464370982552801	0.284646464646465	0.464481175390266	0.23485766758494	0.464462809917355	0.464719926538108	0.444683195592286	0.46078971533517	0.464462809917355	0.464462809917355	0.209017447199265	0.464517906336088	0.463434343434343	0.0719559228650138	0.464609733700643	0.352837465564738	0.242718089990817	0	0.0463911845730027	0.464499540863177	0.437116620752984	0.0629384756657484	0.444646464646465	0.46317722681359	0.456786042240588	0.44396694214876	0.465821854912764	0.461340679522498	0.300734618916437	0.459338842975206	0.587493112947659	0.464811753902663	0.276932966023875	0.0668870523415978	0.443342516069789	0.155353535353535	0.309972451790634	0.194196510560147	0.0412488521579431	0.297998163452709	0.18495867768595	0.341083562901745	0.233719008264463	0.334729109274564	0.21900826446281	0.25941230486685	0.251276400367309	0.287199265381083	0.176308539944904	0.0970064279155188	0.288448117539027	0.034931129476584	0.064297520661157	0.0604407713498623	0.193976124885216	0.081763085399449	0.30811753902663	0.217447199265381	0.272966023875115	0.16178145087236	0.211937557392103	0.247401285583104	0.183526170798898	0.216694214876033	0.317612488521579	0.308007346189164	0.177061524334252	0.286905417814509	0.211129476584022	0.220073461891644	0.284811753902663	0.0395408631772268	0.0438567493112948	0.0595224977043159	0.117006427915519	0.154582185491276	0.198567493112948	0.262956841138659	0.165821854912764	0.298989898989899	0.131056014692378	0.143673094582185	0.237979797979798	0.275739210284665	0.351717171717172	0.0406427915518824	0.268943985307622	0.097208448117539	0.120440771349862	0.225528007346189	0.283728191000918
GB149	0.0590817263544536	0.0400734618916437	0.4267217630854	0.4267217630854	0.123985307621671	0.4267217630854	0.0962534435261708	0.194986225895317	0.196382001836547	0.4267217630854	0.426942148760331	0.194527089072544	0.287584940312213	0.290762167125803	0.427033976124885	0.254123048668503	0.169146005509642	0.188797061524334	0.0388246097337006	0.115298438934803	0.136326905417815	0.318989898989899	0.188558310376492	0.427033976124885	0.427695133149679	0.0380899908172636	0.146115702479339	0.294490358126722	0.112433425160698	0.42455463728191	0.428025711662075	0.247474747474747	0.426887052341598	0.197355371900826	0.426795224977043	0.427511478420569	0.406942148760331	0.425528007346189	0.4267217630854	0.426758494031221	0.173792470156106	0.426942148760331	0.427419651056015	0.0428650137741047	0.427382920110193	0.315188246097337	0.211974288337925	0.0463911845730027	0	0.426887052341598	0.399375573921028	0.0937373737373738	0.40931129476584	0.427162534435262	0.421450872359963	0.406225895316804	0.429494949494949	0.423820018365473	0.264022038567493	0.421597796143251	0.568374655647383	0.427860422405877	0.240238751147842	0.0382001836547291	0.405601469237833	0.120918273645546	0.273608815426997	0.159302112029385	0.0336088154269972	0.260808080808081	0.149733700642792	0.305013774104683	0.197722681359045	0.297465564738292	0.183048668503214	0.222607897153352	0.214931129476584	0.250174471992654	0.14099173553719	0.0655831037649219	0.251423324150597	0.0458953168044077	0.0864830119375574	0.0907438016528926	0.158934802571166	0.112800734618916	0.271735537190083	0.180055096418733	0.236528925619835	0.126299357208448	0.175188246097337	0.211276400367309	0.147089072543618	0.189770431588613	0.281175390266299	0.271588613406795	0.140771349862259	0.250762167125804	0.17524334251607	0.183489439853076	0.248393021120294	0.0385858585858586	0.0363452708907254	0.0859320477502296	0.0844260789715335	0.118512396694215	0.162387511478421	0.22595041322314	0.129348025711662	0.262718089990817	0.0959595959595959	0.108815426997245	0.201634527089073	0.239302112029385	0.314876033057851	0.0655280073461892	0.232745638200184	0.0627548209366391	0.0841322314049587	0.18870523415978	0.246207529843894
GB151	0.4	0.416179981634527	0.0325436179981635	0.0441138659320477	0.314600550964187	0.0251790633608816	0.369972451790634	0.236951331496786	0.278255280073462	0.0339577594123049	0.0278787878787879	0.250284664830119	0.145821854912764	0.140110192837466	0.0230670339761249	0.176730945821855	0.261487603305785	0.328062442607897	0.410541781450873	0.345656565656566	0.360440771349862	0.115831037649219	0.260477502295684	0.0259320477502296	0.0226262626262626	0.419228650137741	0.287988980716253	0.292525252525253	0.320752984389348	0.0246097337006428	0.0236730945821855	0.185913682277318	0.0220752984389348	0.234325068870523	0.0388613406795225	0.0224793388429752	0.0651790633608815	0.0249403122130395	0.0302479338842975	0.0212304866850321	0.256565656565656	0.0203489439853076	0.0391735537190083	0.395812672176308	0.0210651974288338	0.114876033057851	0.232855831037649	0.464499540863177	0.426887052341598	0	0.0436179981634527	0.517777777777778	0.0889072543617998	0.0201285583103765	0.0281359044995409	0.0493296602387512	0.0276767676767677	0.02277318640955	0.170229568411387	0.0632690541781451	0.535169880624426	0.022534435261708	0.20396694214876	0.399871441689624	0.0521763085399449	0.31325987144169	0.158714416896235	0.288062442607897	0.436473829201102	0.169348025711662	0.281744719926538	0.125840220385675	0.235114784205693	0.134141414141414	0.249623507805326	0.20574839302112	0.215390266299357	0.182130394857668	0.290266299357208	0.368962350780532	0.177337006427916	0.462626262626263	0.509090909090909	0.515812672176308	0.295592286501377	0.537887970615243	0.156896235078053	0.255188246097337	0.212782369146005	0.303617998163453	0.256308539944903	0.23544536271809	0.306887052341598	0.384077134986226	0.148778696051423	0.161157024793388	0.289348025711662	0.189605142332415	0.297869605142332	0.245325987144169	0.181689623507805	0.442442607897153	0.444205693296602	0.509715335169881	0.353131313131313	0.311074380165289	0.268484848484848	0.203250688705234	0.299651056014692	0.16811753902663	0.336694214876033	0.323471074380165	0.227952249770432	0.18989898989899	0.121965105601469	0.488393021120294	0.19862258953168	0.36910927456382	0.348962350780533	0.245197428833792	0.183599632690542
GB155	0.371864095500459	0.387254361799816	0.0410835629017447	0.0454178145087236	0.285472910927456	0.0413223140495868	0.33702479338843	0.207364554637282	0.248466483011938	0.0566023875114784	0.0473829201101928	0.22257116620753	0.116161616161616	0.112690541781451	0.0433425160697888	0.149439853076217	0.234141414141414	0.298732782369146	0.382956841138659	0.310743801652893	0.325528007346189	0.0855463728191001	0.225619834710744	0.0548393021120294	0.0470156106519743	0.391717171717172	0.257649219467401	0.259247015610652	0.292745638200184	0.0424609733700643	0.0509274563820018	0.156877869605142	0.044811753902663	0.206703397612489	0.0456014692378329	0.0447933884297521	0.049623507805326	0.0461340679522498	0.0360514233241506	0.046078971533517	0.22870523415978	0.0444811753902663	0.0532415059687787	0.368448117539027	0.0491827364554637	0.0858585858585858	0.201634527089073	0.437116620752984	0.399375573921028	0.0436179981634527	0	0.490045913682277	0.0673829201101928	0.0471992653810836	0.0367676767676768	0.0262626262626263	0.0565840220385675	0.0408999081726354	0.142736455463728	0.0552800734618916	0.526409550045914	0.0474380165289256	0.176584022038568	0.372451790633609	0.0337190082644628	0.284517906336088	0.131662075298439	0.260128558310376	0.409054178145087	0.14178145087236	0.254159779614325	0.0986776859504133	0.207988980716253	0.107401285583104	0.222277318640955	0.178292011019284	0.188227731864095	0.15406795224977	0.262314049586777	0.341524334251607	0.149752066115702	0.435298438934802	0.481267217630854	0.488337924701561	0.260477502295684	0.510394857667585	0.129366391184573	0.223434343434343	0.185528007346189	0.276161616161616	0.228558310376492	0.202240587695133	0.272506887052342	0.356730945821855	0.121340679522498	0.133957759412305	0.261414141414141	0.162865013774105	0.270449954086318	0.21801652892562	0.154306703397613	0.41504132231405	0.416859504132231	0.482038567493113	0.322920110192837	0.283893480257116	0.241010101010101	0.175775941230487	0.272121212121212	0.140863177226814	0.308044077134986	0.295959595959596	0.200348943985308	0.162442607897153	0.0956657483930211	0.461028466483012	0.171845730027548	0.341763085399449	0.321322314049587	0.216896235078053	0.154618916437098
GB157	0.138089990817264	0.111790633608815	0.517337006427916	0.517337006427916	0.209366391184573	0.517337006427916	0.183838383838384	0.285454545454545	0.28653810835629	0.517337006427916	0.517722681359045	0.285289256198347	0.378273645546373	0.382736455463728	0.518494031221304	0.346078971533517	0.259302112029385	0.275537190082645	0.110909090909091	0.204811753902663	0.223122130394858	0.409678604224059	0.279026629935721	0.518145087235996	0.519540863177227	0.104517906336088	0.236088154269972	0.384242424242424	0.201818181818182	0.51526170798898	0.520459136822773	0.338292011019284	0.517649219467401	0.28852157943067	0.517483930211203	0.518953168044077	0.497557392102846	0.517263544536272	0.517337006427916	0.51763085399449	0.26257116620753	0.517943067033976	0.518842975206612	0.125417814508724	0.518989898989899	0.405913682277319	0.294233241505969	0.0629384756657484	0.0937373737373738	0.517777777777778	0.490045913682277	0	0.499926538108356	0.518402203856749	0.512121212121212	0.496841138659321	0.521836547291093	0.514765840220386	0.356014692378329	0.512213039485767	0.593112947658402	0.519540863177227	0.332139577594123	0.120036730945822	0.496216712580349	0.208778696051423	0.366060606060606	0.24752984389348	0.0867033976124885	0.352525252525253	0.239687786960514	0.397447199265381	0.289531680440771	0.389072543617998	0.274729109274564	0.314233241505969	0.307254361799816	0.340973370064279	0.230045913682277	0.152176308539945	0.343269054178145	0.0621303948576676	0.0617263544536272	0.0309274563820018	0.24811753902663	0.0554820936639119	0.363415977961432	0.270321395775941	0.328943985307622	0.2166391184573	0.26595041322314	0.300312213039486	0.23584940312213	0.272543617998164	0.373425160697888	0.363654729109274	0.231276400367309	0.343067033976125	0.266978879706153	0.27504132231405	0.340679522497704	0.0822038567493113	0.0820569329660239	0.0329660238751148	0.169182736455464	0.21030303030303	0.253094582185492	0.317300275482094	0.220422405876951	0.355004591368228	0.184205693296602	0.1978145087236	0.293682277318641	0.330909090909091	0.406997245179063	0.0393939393939394	0.325032139577594	0.152066115702479	0.175335169880624	0.279283746556474	0.33722681359045
GB164	0.380863177226814	0.396932966023875	0.0834159779614325	0.0818181818181818	0.294325068870523	0.0842240587695133	0.347382920110193	0.216859504132231	0.257245179063361	0.0887419651056015	0.0868870523415979	0.222589531680441	0.130284664830119	0.128631772268136	0.0905785123966942	0.161836547291093	0.244077134986226	0.306629935720845	0.392855831037649	0.322497704315886	0.336455463728191	0.10931129476584	0.239302112029385	0.0920844811753902	0.0930945821854913	0.401303948576676	0.268099173553719	0.270247933884298	0.302809917355372	0.0846280991735538	0.0960514233241506	0.16712580348944	0.0887786960514233	0.225381083562902	0.0867217630853995	0.092653810835629	0.0741230486685032	0.0892929292929293	0.0794306703397612	0.0887235996326905	0.238585858585859	0.0890541781450873	0.0911111111111111	0.378438934802571	0.0930762167125803	0.105068870523416	0.211533516988062	0.444646464646465	0.40931129476584	0.0889072543617998	0.0673829201101928	0.499926538108356	0	0.0891460055096419	0.0696418732782369	0.0657851239669421	0.0977961432506887	0.0871625344352617	0.159963269054178	0.0805325987144169	0.529752066115703	0.0945087235996327	0.19030303030303	0.38236914600551	0.0669237832874197	0.293792470156107	0.151000918273646	0.269770431588613	0.418989898989899	0.156620752984389	0.264205693296602	0.115812672176309	0.218953168044077	0.127566574839302	0.232415059687787	0.190321395775941	0.20137741046832	0.165032139577594	0.271919191919192	0.351533516988063	0.163158861340679	0.445215794306703	0.490982552800734	0.498255280073462	0.269807162534435	0.491588613406795	0.140679522497704	0.232966023875115	0.196694214876033	0.286501377410468	0.23921028466483	0.211790633608816	0.281340679522498	0.365123966942148	0.133774104683196	0.146611570247934	0.271643709825528	0.176767676767677	0.280844811753903	0.228833792470156	0.167621671258035	0.424573002754821	0.426850321395776	0.492231404958678	0.333112947658402	0.294380165289256	0.251019283746556	0.188264462809917	0.282222222222222	0.160955004591368	0.317943067033976	0.305858585858586	0.212011019283747	0.173223140495868	0.127750229568411	0.470964187327824	0.187254361799816	0.351753902662993	0.331368227731864	0.227162534435262	0.167493112947659
GB165	0.400752984389348	0.417410468319559	0.0362350780532599	0.0480257116620753	0.315922865013774	0.0277685950413223	0.372598714416896	0.238971533516988	0.279816345270891	0.0372451790633609	0.0302479338842975	0.248062442607897	0.147823691460055	0.140018365472911	0.0235261707988981	0.177373737373737	0.261616161616162	0.32989898989899	0.411147842056933	0.348337924701561	0.363122130394858	0.118365472910927	0.262938475665748	0.0250321395775941	0.0232139577594123	0.419632690541782	0.289843893480257	0.295151515151515	0.321395775941231	0.0275665748393021	0.0233241505968779	0.187015610651974	0.0224058769513315	0.235867768595041	0.0423875114784206	0.0236179981634527	0.0677685950413223	0.0258585858585859	0.0334618916437098	0.0234894398530762	0.257502295684114	0.022020202020202	0.0389715335169881	0.395831037649219	0.0204591368227732	0.116932966023875	0.23505968778696	0.46317722681359	0.427162534435262	0.0201285583103765	0.0471992653810836	0.518402203856749	0.0891460055096419	0	0.0274196510560147	0.0525803489439853	0.027089072543618	0.0245179063360882	0.17050505050505	0.0664279155188246	0.537851239669421	0.0234527089072543	0.20455463728191	0.400312213039486	0.0561065197428834	0.314674012855831	0.159467401285583	0.288870523415978	0.436565656565656	0.169770431588613	0.281928374655647	0.125656565656566	0.235353535353536	0.135353535353535	0.24969696969697	0.205968778696051	0.215390266299357	0.183269054178145	0.291202938475666	0.369146005509642	0.177979797979798	0.462681359044996	0.509752066115702	0.516143250688705	0.296712580348944	0.535739210284665	0.156988062442608	0.25742883379247	0.212782369146005	0.304205693296602	0.257116620752984	0.238071625344353	0.30949494949495	0.383030303030303	0.148999081726354	0.161652892561983	0.290082644628099	0.189770431588613	0.29783287419651	0.245840220385675	0.181726354453627	0.442479338842975	0.444260789715335	0.509917355371901	0.354527089072543	0.311221303948577	0.269035812672176	0.204077134986226	0.300220385674931	0.168833792470156	0.338108356290174	0.323783287419651	0.228135904499541	0.190045913682277	0.122791551882461	0.488466483011938	0.198898071625344	0.369292929292929	0.34910927456382	0.246152433425161	0.185050505050505
GB169	0.393516988062443	0.409715335169881	0.0358494031221304	0.0447566574839302	0.30791551882461	0.0292194674012856	0.361818181818182	0.230358126721763	0.271423324150597	0.0410651974288338	0.032910927456382	0.236179981634527	0.139357208448117	0.134471992653811	0.0300826446280992	0.171533516988062	0.256216712580349	0.321414141414141	0.405087235996327	0.337447199265381	0.352231404958678	0.108760330578512	0.252268135904499	0.0357392102846648	0.0327272727272727	0.413810835629017	0.280679522497704	0.284462809917355	0.314949494949495	0.0283379247015611	0.0332047750229569	0.179467401285583	0.0292011019283747	0.228852157943067	0.0426078971533517	0.0296051423324151	0.0577410468319559	0.0298989898989899	0.0281175390266299	0.029623507805326	0.250780532598715	0.0285950413223141	0.0415977961432507	0.390523415977961	0.0311662075298439	0.108411386593205	0.22495867768595	0.456786042240588	0.421450872359963	0.0281359044995409	0.0367676767676768	0.512121212121212	0.0696418732782369	0.0274196510560147	0	0.041267217630854	0.0375206611570248	0.0267952249770432	0.165325987144169	0.0576124885215794	0.532249770431589	0.0312580348943985	0.198567493112948	0.394508723599633	0.045840220385675	0.306813590449954	0.15366391184573	0.282424242424242	0.431129476584022	0.16376492194674	0.276326905417815	0.120532598714417	0.230027548209366	0.129054178145087	0.244407713498623	0.200220385674931	0.210174471992654	0.176271808999082	0.284462809917355	0.363673094582186	0.172194674012856	0.457355371900826	0.503617998163453	0.510394857667585	0.284921946740129	0.521359044995409	0.151441689623508	0.247309458218549	0.207658402203857	0.298273645546373	0.250762167125804	0.227364554637282	0.29862258953168	0.377263544536272	0.143507805325987	0.155775941230487	0.283783287419651	0.184481175390266	0.29247015610652	0.239981634527089	0.176455463728191	0.437116620752985	0.438934802571166	0.504370982552801	0.345913682277319	0.305803489439853	0.263085399449036	0.197851239669421	0.294214876033058	0.163067033976125	0.33050505050505	0.318034894398531	0.22257116620753	0.184426078971533	0.11880624426079	0.483103764921947	0.193755739210285	0.363838383838384	0.343397612488522	0.23921028466483	0.177116620752984
GB175	0.378696051423324	0.393682277318641	0.0365472910927456	0.0428282828282828	0.291625344352617	0.0424058769513315	0.341083562901745	0.213645546372819	0.254710743801653	0.052653810835629	0.0519926538108356	0.229531680440771	0.122442607897153	0.11979797979798	0.051386593204775	0.156124885215794	0.24099173553719	0.305197428833792	0.389770431588613	0.298365472910927	0.314398530762167	0.0927456382001837	0.222901744719927	0.0579981634527089	0.0542332415059688	0.398549127640037	0.263324150596878	0.261359044995409	0.299540863177227	0.0473645546372819	0.0575757575757576	0.163820018365473	0.049880624426079	0.214086317722681	0.0535169880624426	0.0523415977961433	0.0451056014692378	0.052910927456382	0.0259320477502296	0.0502662993572085	0.235500459136823	0.0502295684113866	0.0577777777777778	0.375298438934803	0.0543434343434344	0.0923232323232323	0.207162534435262	0.44396694214876	0.406225895316804	0.0493296602387512	0.0262626262626263	0.496841138659321	0.0657851239669421	0.0525803489439853	0.041267217630854	0	0.0607897153351699	0.0472910927456382	0.15010101010101	0.0370247933884298	0.508025711662076	0.0550045913682278	0.183599632690542	0.379283746556474	0.0248668503213958	0.291111111111111	0.139871441689624	0.266960514233242	0.415904499540863	0.148797061524334	0.261101928374656	0.105674931129477	0.214692378328742	0.115408631772268	0.22910927456382	0.18494031221304	0.19485766758494	0.160918273645546	0.269164370982553	0.348448117539027	0.156877869605142	0.442130394857668	0.488301193755739	0.495169880624426	0.261524334251607	0.517355371900826	0.136216712580349	0.227750229568411	0.192304866850321	0.283011937557392	0.235390266299357	0.204242424242424	0.269935720844812	0.363581267217631	0.128246097337006	0.140752984389348	0.268356290174472	0.169237832874197	0.277245179063361	0.224885215794307	0.161340679522498	0.421891643709826	0.423709825528007	0.489146005509642	0.32931129476584	0.290578512396694	0.247860422405877	0.18257116620753	0.278953168044077	0.148099173553719	0.314637281910009	0.30277318640955	0.207401285583104	0.169201101928375	0.1077318640955	0.467878787878788	0.178696051423324	0.348613406795225	0.328172635445363	0.223617998163453	0.161597796143251
GB178	0.405417814508723	0.422350780532599	0.0462809917355372	0.0597796143250688	0.320826446280992	0.0364921946740129	0.378659320477502	0.243930211202938	0.285105601469238	0.0350413223140496	0.0348025711662075	0.252653810835629	0.153443526170799	0.142699724517906	0.0305785123966942	0.179155188246097	0.263324150596878	0.335078053259871	0.413719008264463	0.3544536271809	0.369237832874196	0.127401285583104	0.269201101928375	0.0215977961432507	0.0258585858585859	0.422460973370064	0.295812672176309	0.30119375573921	0.325381083562902	0.0309458218549128	0.0225711662075298	0.192047750229568	0.0266115702479339	0.241799816345271	0.0537373737373737	0.03089072543618	0.0732598714416896	0.0289439853076217	0.0429384756657484	0.0249954086317723	0.261505968778696	0.0244444444444444	0.0479522497704316	0.397079889807162	0.0238567493112948	0.123673094582185	0.241065197428834	0.465821854912764	0.429494949494949	0.0276767676767677	0.0565840220385675	0.521836547291093	0.0977961432506887	0.027089072543618	0.0375206611570248	0.0607897153351699	0	0.0299357208448118	0.172378328741965	0.0748760330578512	0.543673094582185	0.025564738292011	0.206409550045914	0.402956841138659	0.0628282828282828	0.319614325068871	0.161450872359963	0.29287419651056	0.438659320477502	0.173168044077135	0.284462809917355	0.126831955922865	0.236584022038567	0.140036730945822	0.25089072543618	0.209348025711662	0.216877869605142	0.187842056932966	0.295078053259871	0.370743801652893	0.180495867768595	0.463471074380165	0.512800734618917	0.518640955004591	0.304426078971533	0.539706152433425	0.159118457300275	0.263544536271809	0.213498622589532	0.306629935720845	0.261101928374656	0.244132231404959	0.315610651974288	0.384077134986226	0.150211202938476	0.163526170798898	0.29366391184573	0.190780532598714	0.299155188246097	0.248723599632691	0.183875114784206	0.443820018365473	0.444775022956841	0.511790633608815	0.360110192837466	0.312708907254362	0.271845730027548	0.207768595041322	0.302901744719926	0.170743801652893	0.343213957759412	0.327254361799816	0.229090909090909	0.192213039485767	0.129825528007346	0.489825528007346	0.200238751147842	0.370798898071625	0.351606978879706	0.250468319559229	0.190413223140496
GB189	0.397373737373737	0.413700642791552	0.0325252525252525	0.0426629935720845	0.312102846648301	0.0283746556473829	0.368393021120294	0.234839302112029	0.275904499540863	0.0417079889807162	0.03089072543618	0.247162534435262	0.143250688705234	0.136290174471993	0.0231037649219467	0.173425160697888	0.25842056932966	0.32593204775023	0.407603305785124	0.34416896235078	0.358953168044077	0.113700642791552	0.258787878787879	0.0301561065197429	0.0242056932966024	0.416271808999082	0.285932047750229	0.290964187327824	0.317796143250689	0.0261891643709825	0.0268686868686869	0.183305785123967	0.0232506887052342	0.231202938475666	0.0361799816345271	0.020514233241506	0.0638383838383839	0.026317722681359	0.0313498622589532	0.0236179981634527	0.253810835629017	0.021010101010101	0.0374104683195592	0.39267217630854	0.0243158861340679	0.112139577594123	0.231056014692378	0.461340679522498	0.423820018365473	0.02277318640955	0.0408999081726354	0.514765840220386	0.0871625344352617	0.0245179063360882	0.0267952249770432	0.0472910927456382	0.0299357208448118	0	0.166831955922865	0.0617447199265381	0.536804407713499	0.023030303030303	0.201028466483012	0.396914600550964	0.0519191919191919	0.310743801652893	0.155665748393021	0.285454545454545	0.433314967860422	0.166354453627181	0.27880624426079	0.1221854912764	0.231992653810836	0.130449954086318	0.24653810835629	0.202699724517906	0.212231404958678	0.179559228650138	0.28752984389348	0.365895316804408	0.17425160697888	0.459540863177227	0.506023875114784	0.512727272727273	0.29406795224977	0.534894398530762	0.153719008264463	0.253388429752066	0.209660238751148	0.300697887970615	0.253425160697888	0.233847566574839	0.305325987144169	0.380955004591368	0.145601469237833	0.157924701561065	0.286666666666667	0.186299357208448	0.294618916437098	0.242387511478421	0.178273645546373	0.439320477502296	0.441083562901745	0.506685032139577	0.350835629017447	0.307988980716253	0.2655463728191	0.200440771349862	0.296730945821855	0.163930211202938	0.334214876033058	0.320606060606061	0.224775022956841	0.186795224977043	0.116602387511478	0.485270890725436	0.195500459136823	0.366042240587695	0.345840220385675	0.242387511478421	0.181175390266299
GB98	0.236767676767677	0.256382001836547	0.169990817263544	0.167988980716253	0.154839302112029	0.169807162534435	0.212653810835629	0.0800918273645546	0.119724517906336	0.177079889807162	0.171974288337925	0.0889807162534436	0.0440220385674931	0.0432506887052342	0.169843893480257	0.0348025711662075	0.0993204775022957	0.169182736455464	0.248209366391185	0.188484848484849	0.203269054178145	0.0663911845730027	0.106850321395776	0.172653810835629	0.170468319559229	0.256712580348944	0.131129476584022	0.167511478420569	0.159908172635445	0.16910927456382	0.171147842056933	0.0409550045913682	0.170853994490358	0.0851239669421488	0.169274563820018	0.170266299357208	0.157355371900826	0.168943985307622	0.169641873278237	0.169972451790634	0.095941230486685	0.170192837465565	0.168264462809917	0.232176308539945	0.170780532598714	0.0629384756657484	0.0792837465564739	0.300734618916437	0.264022038567493	0.170229568411387	0.142736455463728	0.356014692378329	0.159963269054178	0.17050505050505	0.165325987144169	0.15010101010101	0.172378328741965	0.166831955922865	0	0.167419651056015	0.540624426078972	0.170137741046832	0.0503397612488522	0.237777777777778	0.1522681359045	0.153921028466483	0.0335904499540863	0.12752984389348	0.27325987144169	0.0354269972451791	0.119430670339761	0.0574839302112029	0.0747842056932966	0.0487786960514233	0.0877869605142332	0.0502846648301194	0.0576308539944904	0.0388613406795225	0.129641873278237	0.205821854912764	0.0342332415059688	0.298696051423324	0.347070707070707	0.353057851239669	0.138861340679522	0.373792470156106	0.0375022956841139	0.0996510560146924	0.0554086317722681	0.141965105601469	0.0969146005509642	0.0792837465564739	0.150211202938476	0.219706152433425	0.0428466483011938	0.0341414141414141	0.128870523415978	0.0408815426997245	0.136473829201102	0.0850321395775941	0.036951331496786	0.278714416896235	0.280018365472911	0.346574839302112	0.194233241505969	0.149090909090909	0.107438016528926	0.049605142332415	0.139155188246097	0.0325252525252525	0.177355371900826	0.16157943067034	0.0685950413223141	0.0410284664830119	0.0598898071625344	0.324628099173554	0.0443158861340679	0.205730027548209	0.187382920110193	0.0857116620752984	0.0365656565656566
GCDF194	0.393902662993572	0.409054178145087	0.0484848484848485	0.0520293847566575	0.30674012855831	0.056198347107438	0.356455463728191	0.228686868686869	0.270174471992654	0.0660238751147842	0.0658953168044077	0.245215794306703	0.138530762167126	0.136877869605142	0.0644628099173554	0.172102846648301	0.256363636363636	0.32058769513315	0.40514233241506	0.310064279155188	0.326942148760331	0.110541781450872	0.238898071625344	0.0728191000918274	0.0674931129476583	0.413296602387512	0.277943067033976	0.276914600550964	0.314876033057851	0.0611019283746556	0.0719375573921028	0.17921028466483	0.0644260789715335	0.231919191919192	0.063801652892562	0.0654912764003673	0.0691276400367309	0.066850321395776	0.0400918273645546	0.0646648301193756	0.250872359963269	0.0639118457300275	0.0717171717171717	0.390670339761249	0.0685399449035813	0.111184573002755	0.222534435261708	0.459338842975206	0.421597796143251	0.0632690541781451	0.0552800734618916	0.512213039485767	0.0805325987144169	0.0664279155188246	0.0576124885215794	0.0370247933884298	0.0748760330578512	0.0617447199265381	0.167419651056015	0	0.501065197428834	0.067860422405877	0.199963269054178	0.39465564738292	0.050137741046832	0.306244260789715	0.157208448117539	0.282112029384757	0.43127640036731	0.165123966942149	0.276492194674013	0.123305785123967	0.230321395775941	0.13287419651056	0.244260789715335	0.200679522497704	0.211276400367309	0.176198347107438	0.284297520661157	0.363820018365473	0.173370064279155	0.457502295684114	0.503434343434343	0.510541781450872	0.276510560146924	0.532690541781451	0.152121212121212	0.242754820936639	0.207988980716254	0.29862258953168	0.251000918273646	0.219081726354454	0.284168962350781	0.378953168044077	0.144481175390266	0.156896235078053	0.283728191000918	0.18574839302112	0.292690541781451	0.240293847566575	0.177300275482094	0.437061524334252	0.439081726354454	0.504517906336088	0.344683195592286	0.306262626262626	0.263305785123967	0.198438934802571	0.294031221303949	0.166317722681359	0.330009182736455	0.318145087235996	0.223397612488522	0.185068870523416	0.126483011937557	0.483250688705234	0.195463728191001	0.363985307621671	0.343581267217631	0.239044995408632	0.177594123048669
GCDF197	0.559669421487604	0.564536271808999	0.518383838383838	0.519191919191919	0.559467401285583	0.526593204775023	0.540055096418733	0.538089990817264	0.539283746556474	0.523011937557392	0.532855831037649	0.548172635445363	0.532488521579431	0.54236914600551	0.537134986225895	0.543103764921947	0.554600550964187	0.553902662993572	0.573039485766758	0.514233241505969	0.52137741046832	0.530339761248852	0.518034894398531	0.537759412304867	0.540514233241506	0.571643709825528	0.537539026629936	0.530853994490358	0.55129476584022	0.527640036730946	0.54376492194674	0.542350780532599	0.534325068870523	0.537979797979798	0.533719008264463	0.53921028466483	0.497171717171717	0.540771349862259	0.513333333333333	0.534582185491276	0.554306703397612	0.53544536271809	0.515500459136823	0.563379247015611	0.539467401285583	0.534600550964187	0.556473829201102	0.587493112947659	0.568374655647383	0.535169880624426	0.526409550045914	0.593112947658402	0.529752066115703	0.537851239669421	0.532249770431589	0.508025711662076	0.543673094582185	0.536804407713499	0.540624426078972	0.501065197428834	0	0.540955004591368	0.542130394857668	0.559320477502296	0.514288337924702	0.554710743801653	0.544315886134068	0.548870523415978	0.574012855831038	0.541157024793388	0.554159779614325	0.545215794306703	0.547033976124885	0.539504132231405	0.55030303030303	0.543985307621671	0.54514233241506	0.541248852157943	0.553112947658402	0.561248852157943	0.542644628099174	0.584205693296602	0.582258953168044	0.595133149678604	0.527052341597796	0.590560146923783	0.545032139577594	0.534123048668503	0.546446280991735	0.548943985307622	0.544591368227732	0.532121212121212	0.527199265381083	0.576198347107438	0.545123966942148	0.543856749311295	0.548154269972452	0.545307621671258	0.547860422405877	0.545821854912764	0.544499540863177	0.578898071625344	0.574325068870523	0.583103764921947	0.556786042240588	0.549256198347107	0.546244260789715	0.541414141414141	0.54653810835629	0.543801652892562	0.550945821854913	0.558438934802571	0.54692378328742	0.546978879706152	0.542056932966024	0.586299357208448	0.544481175390266	0.560312213039486	0.548852157943067	0.546776859504132	0.536547291092746
GCDF202	0.403213957759412	0.419706152433425	0.0363085399449036	0.0458769513314968	0.318034894398531	0.0300642791551882	0.37564738292011	0.241065197428834	0.282240587695133	0.0406611570247934	0.0302846648301194	0.2510927456382	0.149862258953168	0.140422405876951	0.023801652892562	0.177190082644628	0.262020202020202	0.332213039485767	0.411955922865014	0.351441689623508	0.366225895316804	0.12038567493113	0.266097337006428	0.027346189164371	0.0219283746556474	0.420661157024793	0.29267217630854	0.298181818181818	0.322993572084481	0.0288154269972452	0.0236730945821855	0.189164370982553	0.0233608815426997	0.236657483930211	0.0374471992653811	0.0214325068870523	0.0705968778696051	0.0238751147842057	0.034949494949495	0.0242240587695133	0.258934802571166	0.0226262626262626	0.0395224977043159	0.396216712580349	0.0232323232323232	0.118934802571166	0.238053259871442	0.464811753902663	0.427860422405877	0.022534435261708	0.0474380165289256	0.519540863177227	0.0945087235996327	0.0234527089072543	0.0312580348943985	0.0550045913682278	0.025564738292011	0.023030303030303	0.170137741046832	0.067860422405877	0.540955004591368	0	0.204664830119376	0.401046831955923	0.0568227731864096	0.316969696969697	0.158530762167126	0.290707070707071	0.437098255280073	0.170247933884297	0.282828282828283	0.125528007346189	0.235408631772268	0.135555555555556	0.249880624426079	0.207272727272727	0.215592286501377	0.18495867768595	0.292598714416896	0.369476584022038	0.178457300275482	0.462920110192838	0.510670339761249	0.516730945821855	0.30137741046832	0.538475665748393	0.157594123048668	0.260385674931129	0.212910927456382	0.304903581267218	0.258769513314968	0.241120293847567	0.312598714416896	0.384077134986226	0.149090909090909	0.161597796143251	0.29129476584022	0.189752066115702	0.298200183654729	0.246519742883379	0.18157943067034	0.442901744719926	0.444370982552801	0.510596877869605	0.357263544536272	0.311496786042241	0.269843893480257	0.205068870523416	0.300936639118457	0.168356290174472	0.340385674931129	0.32494031221304	0.228246097337006	0.190780532598714	0.119522497704316	0.488778696051423	0.198640955004591	0.36969696969697	0.349807162534435	0.24791551882461	0.187180899908173
GCDF209	0.215610651974288	0.232176308539945	0.20415059687787	0.203581267217631	0.130633608815427	0.204003673094582	0.188337924701561	0.0573921028466483	0.0960881542699725	0.208154269972452	0.204646464646465	0.0673829201101928	0.0719559228650138	0.07267217630854	0.203893480257117	0.0441322314049587	0.0775022956841139	0.144940312213039	0.224334251606979	0.164113865932048	0.178898071625344	0.0974288337924702	0.08277318640955	0.20514233241506	0.204609733700643	0.232837465564738	0.107272727272727	0.166666666666667	0.135757575757576	0.202112029384757	0.205013774104683	0.0523232323232323	0.204848484848485	0.0632506887052342	0.203581267217631	0.204224058769513	0.190266299357209	0.202662993572084	0.203636363636364	0.204793388429752	0.0748943985307622	0.204095500459137	0.204719926538108	0.208337924701561	0.204315886134068	0.0949127640036731	0.0715518824609733	0.276932966023875	0.240238751147842	0.20396694214876	0.176584022038568	0.332139577594123	0.19030303030303	0.20455463728191	0.198567493112948	0.183599632690542	0.206409550045914	0.201028466483012	0.0503397612488522	0.199963269054178	0.542130394857668	0.204664830119376	0	0.213425160697888	0.184921946740129	0.128778696051423	0.0543250688705234	0.103067033976125	0.248980716253444	0.0499540863177227	0.0961065197428833	0.0885032139577594	0.0549678604224059	0.0784940312213039	0.0662809917355372	0.040495867768595	0.0413957759412305	0.0508723599632691	0.105491276400367	0.181873278236915	0.0436547291092746	0.275078053259872	0.323158861340679	0.329219467401286	0.114435261707989	0.350762167125803	0.0632323232323232	0.0760697887970615	0.0309458218549128	0.118475665748393	0.0740128558310376	0.0613039485766759	0.126042240587695	0.186005509641873	0.0714784205693296	0.0551698806244261	0.104315886134068	0.0358494031221304	0.0963820018365472	0.0633425160697888	0.041267217630854	0.254949494949495	0.25643709825528	0.322809917355372	0.16989898989899	0.1255463728191	0.0839118457300276	0.0420569329660239	0.114380165289256	0.0459871441689623	0.153406795224977	0.137704315886134	0.0497704315886134	0.0436730945821855	0.0923599632690541	0.300973370064279	0.034674012855831	0.181965105601469	0.158696051423324	0.0639302112029385	0.0416528925619835
GCDF213	0.0474380165289257	0.0377777777777778	0.399779614325069	0.399779614325069	0.101946740128558	0.399779614325069	0.0737924701561065	0.168448117539027	0.170137741046832	0.399779614325069	0.399926538108356	0.168062442607897	0.260606060606061	0.264113865932048	0.400275482093664	0.227658402203857	0.144719926538108	0.16495867768595	0.0360514233241506	0.0908356290174472	0.112488521579431	0.292047750229568	0.161744719926538	0.400036730945822	0.400899908172635	0.0393755739210285	0.119706152433425	0.268741965105601	0.0884848484848485	0.397575757575758	0.401561065197429	0.221101928374656	0.399853076216713	0.170431588613407	0.39979797979798	0.400514233241506	0.380091827364555	0.398751147842057	0.399779614325069	0.399871441689624	0.149843893480257	0.400091827364555	0.400514233241506	0.0340495867768595	0.400642791551882	0.288209366391185	0.190229568411387	0.0668870523415978	0.0382001836547291	0.399871441689624	0.372451790633609	0.120036730945822	0.38236914600551	0.400312213039486	0.394508723599633	0.379283746556474	0.402956841138659	0.396914600550964	0.237777777777778	0.39465564738292	0.559320477502296	0.401046831955923	0.213425160697888	0	0.378714416896235	0.0977961432506887	0.247235996326905	0.134012855831038	0.0464830119375574	0.234343434343434	0.125454545454545	0.278604224058769	0.172176308539945	0.270762167125804	0.157539026629936	0.196657483930211	0.188466483011938	0.223581267217631	0.117557392102847	0.045325987144169	0.225325987144169	0.0661157024793388	0.111423324150597	0.117281910009183	0.134178145087236	0.139155188246097	0.245252525252525	0.154196510560147	0.210156106519743	0.100422405876951	0.149035812672176	0.185876951331497	0.122497704315886	0.171698806244261	0.254729109274564	0.245179063360882	0.115500459136823	0.224205693296602	0.148870523415978	0.157337006427916	0.22198347107438	0.051643709825528	0.0512396694214876	0.111258034894399	0.0628282828282828	0.0931496786042241	0.135610651974288	0.199173553719008	0.103122130394858	0.236179981634527	0.0711845730027548	0.0855096418732783	0.175775941230487	0.213259871441689	0.288172635445363	0.0894949494949495	0.20613406795225	0.0438567493112948	0.0615610651974288	0.163911845730028	0.21959595959596
GCDF215	0.377704315886134	0.392984389348026	0.0431588613406795	0.0513314967860422	0.290817263544536	0.0470156106519743	0.340697887970615	0.213223140495868	0.2544536271809	0.0525803489439853	0.0542516069788797	0.229072543617998	0.12475665748393	0.121707988980716	0.0530394857667585	0.157006427915519	0.240367309458218	0.304811753902663	0.389146005509642	0.304719926538108	0.319944903581267	0.095188246097337	0.225362718089991	0.058989898989899	0.0570798898071625	0.39761248852158	0.263085399449036	0.260550964187328	0.298751147842057	0.048613406795225	0.058989898989899	0.163122130394858	0.0538842975206612	0.217373737373737	0.0585674931129477	0.0563820018365473	0.0466850321395776	0.0566207529843894	0.0341230486685032	0.0518457300275482	0.234912764003673	0.0535169880624426	0.0633241505968779	0.374674012855831	0.0559044995408632	0.0966758494031221	0.206280991735537	0.443342516069789	0.405601469237833	0.0521763085399449	0.0337190082644628	0.496216712580349	0.0669237832874197	0.0561065197428834	0.045840220385675	0.0248668503213958	0.0628282828282828	0.0519191919191919	0.1522681359045	0.050137741046832	0.514288337924702	0.0568227731864096	0.184921946740129	0.378714416896235	0	0.290192837465565	0.142020202020202	0.265821854912764	0.415206611570248	0.150633608815427	0.260459136822773	0.10811753902663	0.214490358126722	0.118457300275482	0.22852157943067	0.185674931129477	0.196124885215794	0.160606060606061	0.268301193755739	0.347768595041322	0.15783287419651	0.441505968778696	0.487015610651974	0.494545454545455	0.260936639118457	0.516675849403122	0.136473829201102	0.22712580348944	0.192837465564738	0.282626262626263	0.235206611570248	0.203746556473829	0.269972451790633	0.362956841138659	0.128374655647383	0.142001836547291	0.267878787878788	0.171386593204775	0.277171717171717	0.224462809917355	0.1621854912764	0.421046831955923	0.423085399449036	0.488337924701561	0.328539944903581	0.290156106519743	0.247346189164371	0.183617998163453	0.278861340679522	0.151313131313131	0.314159779614325	0.302148760330578	0.207309458218549	0.169384756657484	0.113553719008264	0.467254361799816	0.181175390266299	0.348062442607897	0.327584940312213	0.223250688705234	0.161946740128558
GCDF217	0.0943250688705234	0.109384756657484	0.311056014692378	0.311606978879706	0.0350229568411387	0.31168044077135	0.0724517906336088	0.0817079889807163	0.0878053259871442	0.311955922865014	0.313002754820937	0.0850872359963269	0.173535353535354	0.18	0.314416896235078	0.143709825528007	0.0624977043158861	0.100257116620753	0.103305785123967	0.0533700642791552	0.0820569329660239	0.204389348025712	0.0789531680440771	0.314471992653811	0.316473829201102	0.111845730027548	0.0456198347107438	0.191974288337925	0.0333333333333333	0.309990817263545	0.318181818181818	0.135555555555556	0.31307621671258	0.0866483011937557	0.312415059687787	0.315720844811754	0.292102846648301	0.3144536271809	0.311184573002755	0.312800734618916	0.0652525252525253	0.313535353535354	0.315353535353535	0.0933700642791552	0.315537190082645	0.201414141414141	0.102699724517906	0.155353535353535	0.120918273645546	0.31325987144169	0.284517906336088	0.208778696051423	0.293792470156107	0.314674012855831	0.306813590449954	0.291111111111111	0.319614325068871	0.310743801652893	0.153921028466483	0.306244260789715	0.554710743801653	0.316969696969697	0.128778696051423	0.0977961432506887	0.290192837465565	0	0.163636363636364	0.0519375573921028	0.129605142332415	0.150137741046832	0.0458953168044077	0.195592286501377	0.0889256198347107	0.185693296602388	0.0748209366391184	0.111570247933884	0.104921946740129	0.137796143250689	0.038475665748393	0.0681726354453627	0.140569329660239	0.153994490358127	0.200036730945822	0.206483011937557	0.055684113865932	0.228668503213958	0.161175390266299	0.0674563820018366	0.126244260789715	0.0361432506887052	0.0651974288337925	0.0970431588613407	0.0497337006427916	0.134765840220386	0.171808999081726	0.160606060606061	0.0398347107438017	0.140165289256198	0.0773737373737374	0.0735353535353535	0.138236914600551	0.134508723599633	0.138089990817264	0.201303948576676	0.0505968778696051	0.0383838383838384	0.0540312213039486	0.114233241505969	0.0391919191919192	0.152837465564738	0.0415059687786961	0.0344536271808999	0.0920477502295684	0.129384756657484	0.204426078971534	0.179577594123049	0.122405876951331	0.0700091827364554	0.0583838383838384	0.0775206611570248	0.133131313131313
GCDF218	0.249917355371901	0.266446280991736	0.15900826446281	0.157998163452709	0.164995408631772	0.159504132231405	0.222809917355372	0.089366391184573	0.130211202938476	0.168668503213958	0.16038567493113	0.0973002754820938	0.0385858585858586	0.0391919191919192	0.157943067033976	0.0365289256198347	0.107897153351699	0.179283746556474	0.257851239669422	0.19860422405877	0.213443526170799	0.055684113865932	0.116088154269972	0.162736455463728	0.158383838383838	0.266574839302112	0.14099173553719	0.168962350780533	0.169623507805326	0.159136822773186	0.158126721763085	0.0467768595041322	0.159816345270891	0.0921395775941231	0.157483930211203	0.158089990817264	0.151606978879706	0.156216712580349	0.158328741965106	0.159816345270891	0.105913682277319	0.159375573921029	0.159926538108356	0.241248852157943	0.159522497704316	0.054692378328742	0.0867768595041322	0.309972451790634	0.273608815426997	0.158714416896235	0.131662075298439	0.366060606060606	0.151000918273646	0.159467401285583	0.15366391184573	0.139871441689624	0.161450872359963	0.155665748393021	0.0335904499540863	0.157208448117539	0.544315886134068	0.158530762167126	0.0543250688705234	0.247235996326905	0.142020202020202	0.163636363636364	0	0.137447199265381	0.282791551882461	0.0347107438016529	0.128852157943067	0.0472910927456382	0.0829201101928374	0.0421854912764004	0.0961616161616161	0.0566574839302112	0.0656382001836547	0.0429752066115702	0.13979797979798	0.215206611570248	0.0379247015610652	0.307786960514233	0.356932966023875	0.362662993572084	0.148962350780533	0.384040404040404	0.0362901744719927	0.109146005509642	0.0599265381083563	0.151349862258953	0.106078971533517	0.0887786960514233	0.160183654729109	0.22692378328742	0.0375206611570248	0.0316069788797062	0.138292011019284	0.0404224058769513	0.14257116620753	0.0931313131313132	0.0354820936639118	0.287988980716253	0.288999081726354	0.356106519742883	0.204260789715335	0.157906336088154	0.11682277318641	0.0565656565656566	0.148448117539027	0.0319559228650138	0.18752984389348	0.171570247933884	0.0753351698806244	0.0444995408631772	0.0502295684113866	0.334012855831038	0.0495133149678604	0.214986225895317	0.19504132231405	0.0954086317722681	0.0428282828282828
GCDF220	0.133149678604224	0.148337924701561	0.287456382001836	0.287456382001836	0.0531313131313131	0.287456382001836	0.108631772268136	0.0612304866850322	0.0734435261707989	0.287584940312213	0.287144168962351	0.0638200183654729	0.147511478420569	0.153737373737374	0.288778696051423	0.117300275482094	0.0443893480257117	0.0953719008264463	0.141763085399449	0.0845362718089991	0.101524334251607	0.179357208448118	0.0632506887052342	0.288870523415978	0.290119375573921	0.149127640036731	0.0482644628099174	0.180110192837466	0.0592837465564738	0.283673094582185	0.291515151515151	0.111698806244261	0.28811753902663	0.0665013774104683	0.287548209366391	0.289678604224059	0.267676767676767	0.288007346189164	0.28712580348944	0.288044077134986	0.045564738292011	0.288209366391184	0.288595041322314	0.129807162534435	0.289329660238751	0.176455463728191	0.0816161616161616	0.194196510560147	0.159302112029385	0.288062442607897	0.260128558310376	0.24752984389348	0.269770431588613	0.288870523415978	0.282424242424242	0.266960514233242	0.29287419651056	0.285454545454545	0.12752984389348	0.282112029384757	0.548870523415978	0.290707070707071	0.103067033976125	0.134012855831038	0.265821854912764	0.0519375573921028	0.137447199265381	0	0.16633608815427	0.123434343434343	0.0426813590449954	0.168631772268136	0.0652341597796143	0.159871441689624	0.0550229568411387	0.0859871441689623	0.0796510560146924	0.112984389348026	0.0431037649219467	0.102699724517906	0.114986225895317	0.191827364554637	0.23682277318641	0.245234159779614	0.0542516069788797	0.267052341597796	0.135831037649219	0.0520661157024793	0.101046831955923	0.0504315886134068	0.0462809917355372	0.0760697887970615	0.0555555555555555	0.137079889807162	0.144481175390266	0.134986225895317	0.0435261707988981	0.115133149678604	0.0700642791551883	0.0535353535353536	0.111864095500459	0.172249770431589	0.174600550964187	0.239173553719008	0.0871074380165289	0.0591368227731864	0.0421487603305785	0.0894031221303949	0.051129476584022	0.126152433425161	0.0737557392102847	0.0612488521579431	0.0674931129476584	0.103048668503214	0.178108356290174	0.217502295684114	0.0965472910927456	0.103746556473829	0.0932782369146005	0.0550964187327824	0.108246097337006
GCDF222	0.0664279155188246	0.0456014692378329	0.436400367309458	0.436400367309458	0.130798898071625	0.436271808999082	0.104095500459137	0.204297520661157	0.205362718089991	0.436400367309458	0.436473829201102	0.20277318640955	0.296675849403122	0.299742883379247	0.436584022038567	0.263452708907254	0.177465564738292	0.195867768595041	0.0406795224977043	0.124664830119376	0.144426078971534	0.328484848484848	0.197557392102847	0.436510560146924	0.437098255280073	0.0411019283746556	0.155133149678604	0.303379247015611	0.120624426078972	0.433608815426997	0.437245179063361	0.256694214876033	0.43643709825528	0.20694214876033	0.436253443526171	0.436804407713498	0.41662075298439	0.434637281910009	0.436400367309458	0.436400367309458	0.181854912764004	0.436492194674013	0.436382001836547	0.0506152433425161	0.436712580348944	0.324793388429752	0.217704315886134	0.0412488521579431	0.0336088154269972	0.436473829201102	0.409054178145087	0.0867033976124885	0.418989898989899	0.436565656565656	0.431129476584022	0.415904499540863	0.438659320477502	0.433314967860422	0.27325987144169	0.43127640036731	0.574012855831038	0.437098255280073	0.248980716253444	0.0464830119375574	0.415206611570248	0.129605142332415	0.282791551882461	0.16633608815427	0	0.270064279155188	0.158475665748393	0.314178145087236	0.206299357208448	0.306850321395776	0.192213039485767	0.231717171717172	0.224003673094582	0.259320477502296	0.148999081726355	0.0724885215794307	0.260936639118457	0.0419467401285583	0.080514233241506	0.0839302112029384	0.168062442607897	0.106483011937557	0.280844811753903	0.189439853076217	0.245417814508723	0.134710743801653	0.18455463728191	0.21979797979798	0.155261707988981	0.195720844811754	0.290247933884298	0.28020202020202	0.149678604224059	0.259393939393939	0.183654729109275	0.192580348943985	0.257447199265381	0.0378145087235996	0.0349862258953168	0.0808080808080808	0.0914784205693297	0.12752984389348	0.170670339761249	0.235371900826446	0.138273645546373	0.271955922865014	0.104389348025712	0.116969696969697	0.210835629017447	0.248356290174472	0.324224058769513	0.0602754820936639	0.241707988980716	0.0719375573921029	0.0936088154269972	0.19783287419651	0.255684113865932
GCDF224	0.235996326905418	0.252304866850322	0.169035812672176	0.168741965105601	0.150725436179982	0.1689072543618	0.208778696051423	0.076455463728191	0.117465564738292	0.174435261707989	0.169990817263545	0.0865013774104684	0.0418916437098255	0.0423507805325987	0.169292929292929	0.0314967860422406	0.0962167125803489	0.164995408631772	0.244995408631772	0.184389348025712	0.199191919191919	0.0657116620752984	0.104775022956841	0.171460055096419	0.169972451790634	0.253314967860422	0.128393021120294	0.167107438016529	0.156584022038567	0.166942148760331	0.171404958677686	0.0400183654729109	0.169990817263545	0.084040404040404	0.168558310376492	0.169678604224059	0.1566391184573	0.168393021120294	0.168760330578512	0.169862258953168	0.0924885215794307	0.169660238751148	0.16951331496786	0.22951331496786	0.170229568411387	0.0608448117539026	0.0741230486685032	0.297998163452709	0.260808080808081	0.169348025711662	0.14178145087236	0.352525252525253	0.156620752984389	0.169770431588613	0.16376492194674	0.148797061524334	0.173168044077135	0.166354453627181	0.0354269972451791	0.165123966942149	0.541157024793388	0.170247933884297	0.0499540863177227	0.234343434343434	0.150633608815427	0.150137741046832	0.0347107438016529	0.123434343434343	0.270064279155188	0	0.116326905417814	0.0575757575757576	0.0732598714416896	0.049127640036731	0.0863911845730028	0.0487235996326905	0.0582920110192837	0.0355555555555556	0.12633608815427	0.203269054178145	0.0352984389348026	0.296014692378329	0.343213957759412	0.349880624426079	0.134747474747475	0.371570247933884	0.0343985307621671	0.0966758494031222	0.0539026629935721	0.140110192837466	0.0943985307621672	0.0749127640036731	0.146060606060606	0.217410468319559	0.0396694214876033	0.0326354453627181	0.125307621671258	0.0384205693296602	0.134949494949495	0.0836730945821855	0.033425160697888	0.275959595959596	0.277704315886134	0.343507805325987	0.189843893480257	0.147474747474747	0.104573002754821	0.0484297520661157	0.137281910009183	0.0345087235996327	0.174325068870523	0.158402203856749	0.0670156106519743	0.0388613406795225	0.062534435261708	0.321928374655647	0.0463544536271809	0.203250688705234	0.18475665748393	0.0824242424242424	0.0359779614325069
GCDF225	0.125179063360882	0.140624426078972	0.281487603305785	0.281505968778696	0.0456749311294766	0.281432506887052	0.102130394857668	0.0552800734618916	0.073406795224977	0.28198347107438	0.281634527089073	0.05821854912764	0.142718089990817	0.146060606060606	0.282038567493113	0.10949494949495	0.0403856749311295	0.0972451790633609	0.132855831037649	0.0788062442607897	0.0973370064279155	0.174031221303949	0.0632139577594123	0.281928374655647	0.282644628099174	0.141652892561983	0.042791551882461	0.182846648301194	0.0524517906336088	0.279265381083563	0.282956841138659	0.105840220385675	0.281763085399449	0.0618916437098255	0.281524334251607	0.282240587695133	0.261946740128558	0.280459136822773	0.281597796143251	0.281689623507805	0.0406060606060606	0.281873278236915	0.282258953168044	0.120422405876951	0.282277318640955	0.170027548209366	0.0793204775022957	0.18495867768595	0.149733700642792	0.281744719926538	0.254159779614325	0.239687786960514	0.264205693296602	0.281928374655647	0.276326905417815	0.261101928374656	0.284462809917355	0.27880624426079	0.119430670339761	0.276492194674013	0.554159779614325	0.282828282828283	0.0961065197428833	0.125454545454545	0.260459136822773	0.0458953168044077	0.128852157943067	0.0426813590449954	0.158475665748393	0.116326905417814	0	0.160312213039486	0.0579430670339761	0.152543617998163	0.0476216712580349	0.0789348025711662	0.0721763085399449	0.106685032139578	0.0355739210284665	0.0941230486685032	0.107474747474748	0.18315886134068	0.231147842056933	0.236896235078053	0.0505417814508724	0.258732782369146	0.128080808080808	0.0499173553719008	0.0937006427915519	0.0436730945821855	0.0419651056014692	0.0712029384756658	0.053682277318641	0.136179981634527	0.13702479338843	0.126997245179063	0.0374288337924702	0.106519742883379	0.0689256198347108	0.0451239669421487	0.103856749311295	0.163875114784206	0.166648301193756	0.230982552800735	0.0800183654729109	0.0522130394857668	0.0353535353535354	0.0818916437098255	0.0439669421487603	0.117741046831956	0.0692561983471074	0.0541046831955923	0.0599265381083563	0.0966207529843894	0.169972451790634	0.209164370982553	0.0890174471992654	0.0958494031221304	0.0836914600550964	0.0508539944903581	0.101432506887052
GCDF226	0.28139577594123	0.297998163452709	0.126060606060606	0.12534435261708	0.196473829201102	0.125987144168962	0.254343434343434	0.121542699724518	0.162075298438935	0.13386593204775	0.126483011937557	0.12910927456382	0.0397245179063361	0.034949494949495	0.125583103764922	0.06	0.139467401285583	0.210835629017447	0.289237832874197	0.230211202938476	0.245013774104683	0.0399265381083563	0.148172635445363	0.128209366391185	0.125693296602388	0.297998163452709	0.172617079889807	0.182736455463728	0.201542699724518	0.124811753902663	0.124683195592286	0.0695684113865932	0.12593204775023	0.125785123966942	0.125050505050505	0.125454545454545	0.115335169880624	0.123507805325987	0.125454545454545	0.126464646464647	0.137263544536272	0.126207529843894	0.126391184573003	0.27267217630854	0.125619834710744	0.0329843893480257	0.116951331496786	0.341083562901745	0.305013774104683	0.125840220385675	0.0986776859504133	0.397447199265381	0.115812672176309	0.125656565656566	0.120532598714417	0.105674931129477	0.126831955922865	0.1221854912764	0.0574839302112029	0.123305785123967	0.545215794306703	0.125528007346189	0.0885032139577594	0.278604224058769	0.10811753902663	0.195592286501377	0.0472910927456382	0.168631772268136	0.314178145087236	0.0575757575757576	0.160312213039486	0	0.114637281910009	0.0360881542699725	0.128282828282828	0.088870523415978	0.0973186409550046	0.0658034894398531	0.171019283746557	0.246317722681359	0.0618732782369146	0.338769513314968	0.388356290174472	0.39404958677686	0.181028466483012	0.415261707988981	0.0412488521579431	0.14198347107438	0.0922865013774105	0.182901744719927	0.137612488521579	0.12099173553719	0.191662075298439	0.259026629935721	0.0364370982552801	0.0465197428833793	0.169641873278237	0.0723783287419651	0.176308539944904	0.126097337006428	0.0649586776859504	0.319155188246097	0.31979797979798	0.387309458218549	0.235812672176308	0.188888888888889	0.14811753902663	0.0873829201101928	0.180257116620753	0.0560514233241506	0.218953168044077	0.20277318640955	0.107970615243343	0.0699724517906336	0.0406978879706152	0.365105601469238	0.0829935720844812	0.246262626262626	0.227750229568411	0.12712580348944	0.0706152433425161
GCDF227	0.173774104683195	0.189972451790634	0.235224977043159	0.235078053259872	0.0893296602387512	0.235114784205693	0.147640036730946	0.0365656565656566	0.0681910009182736	0.236877869605142	0.235390266299357	0.0420569329660239	0.0976859504132232	0.100661157024793	0.235114784205693	0.0658034894398531	0.0435812672176308	0.10852157943067	0.18157943067034	0.123709825528007	0.13801652892562	0.128025711662075	0.0566207529843894	0.235849403122131	0.235426997245179	0.190174471992654	0.0707805325987144	0.17147842056933	0.0952066115702479	0.232415059687787	0.235426997245179	0.0684297520661157	0.235335169880625	0.0445362718089991	0.234912764003673	0.235408631772268	0.218071625344353	0.232855831037649	0.23485766758494	0.235408631772268	0.0433241505968779	0.235151515151515	0.234876033057851	0.166078971533517	0.235463728191001	0.124775022956841	0.0560146923783287	0.233719008264463	0.197722681359045	0.235114784205693	0.207988980716253	0.289531680440771	0.218953168044077	0.235353535353536	0.230027548209366	0.214692378328742	0.236584022038567	0.231992653810836	0.0747842056932966	0.230321395775941	0.547033976124885	0.235408631772268	0.0549678604224059	0.172176308539945	0.214490358126722	0.0889256198347107	0.0829201101928374	0.0652341597796143	0.206299357208448	0.0732598714416896	0.0579430670339761	0.114637281910009	0	0.106225895316804	0.0376675849403122	0.0421303948576676	0.0373002754820937	0.0672359963269054	0.0657116620752984	0.140238751147842	0.0638751147842057	0.231735537190083	0.279632690541781	0.286189164370982	0.0758494031221304	0.307786960514233	0.0863544536271809	0.0481726354453627	0.0542332415059688	0.0788797061524334	0.0413223140495868	0.04633608815427	0.0856565656565656	0.156657483930211	0.0950413223140496	0.0826262626262626	0.0658769513314968	0.062791551882461	0.0787878787878788	0.0342516069788797	0.0604591368227732	0.211919191919192	0.213370064279155	0.279981634527089	0.127933884297521	0.0872176308539945	0.0474747474747474	0.0445362718089991	0.0780348943985307	0.0713682277318641	0.11325987144169	0.0961432506887052	0.0317722681359045	0.0579614325068871	0.122534435261708	0.257869605142332	0.0461707988980716	0.140312213039486	0.124297520661157	0.0374104683195592	0.0604591368227732
GCDF228	0.272231404958678	0.288925619834711	0.133296602387512	0.132653810835629	0.187144168962351	0.134435261707989	0.244499540863177	0.110945821854913	0.15129476584022	0.145674931129477	0.13583103764922	0.12139577594123	0.0384022038567493	0.0330211202938476	0.133921028466483	0.0528007346189164	0.132433425160698	0.201340679522498	0.281561065197429	0.220330578512397	0.234986225895317	0.0402754820936639	0.137098255280073	0.140550964187328	0.134765840220386	0.289954086317723	0.162644628099173	0.173939393939394	0.192415059687787	0.135151515151515	0.13722681359045	0.0617263544536272	0.134894398530762	0.113296602387511	0.131974288337925	0.134012855831038	0.129605142332415	0.133094582185491	0.133278236914601	0.135702479338843	0.128301193755739	0.135004591368228	0.13584940312213	0.266115702479339	0.135886134067952	0.0358861340679523	0.10712580348944	0.334729109274564	0.297465564738292	0.134141414141414	0.107401285583104	0.389072543617998	0.127566574839302	0.135353535353535	0.129054178145087	0.115408631772268	0.140036730945822	0.130449954086318	0.0487786960514233	0.13287419651056	0.539504132231405	0.135555555555556	0.0784940312213039	0.270762167125804	0.118457300275482	0.185693296602388	0.0421854912764004	0.159871441689624	0.306850321395776	0.049127640036731	0.152543617998163	0.0360881542699725	0.106225895316804	0	0.120330578512397	0.0789715335169881	0.0881542699724518	0.0581634527089072	0.162167125803489	0.23939393939394	0.0546556473829201	0.332764003673095	0.379816345270891	0.38633608815427	0.170064279155188	0.408264462809917	0.0412855831037649	0.130431588613407	0.0852341597796143	0.175280073461892	0.128484848484848	0.109770431588613	0.180936639118457	0.254104683195592	0.0389164370982553	0.0410835629017447	0.161285583103765	0.064022038567493	0.168980716253444	0.117704315886134	0.0572819100091827	0.312635445362718	0.314343434343434	0.38020202020202	0.226317722681359	0.182075298438935	0.139320477502296	0.0772268135904499	0.170707070707071	0.0476767676767677	0.209641873278237	0.194674012855831	0.0994674012855831	0.063544536271809	0.0355004591368228	0.358585858585858	0.0736822773186409	0.239522497704316	0.22	0.117704315886134	0.0602020202020202
GCDF229	0.158971533516988	0.175794306703398	0.249348025711662	0.249568411386593	0.0762901744719926	0.249219467401286	0.134416896235078	0.0355371900826446	0.0643709825528007	0.251147842056933	0.249035812672176	0.0429568411386593	0.112561983471074	0.114123048668503	0.249476584022039	0.080257116620753	0.0364921946740129	0.102534435261708	0.167272727272727	0.109660238751148	0.124132231404959	0.1421854912764	0.0540863177226814	0.250082644628099	0.249752066115702	0.176069788797062	0.0593939393939394	0.173792470156107	0.0817079889807162	0.247346189164371	0.249348025711662	0.079228650137741	0.249752066115702	0.0444260789715335	0.248558310376492	0.249752066115702	0.231753902662994	0.247438016528926	0.248980716253443	0.249660238751148	0.0378879706152433	0.249770431588613	0.249752066115702	0.151955922865014	0.249770431588613	0.13862258953168	0.0627364554637282	0.21900826446281	0.183048668503214	0.249623507805326	0.222277318640955	0.274729109274564	0.232415059687787	0.24969696969697	0.244407713498623	0.22910927456382	0.25089072543618	0.24653810835629	0.0877869605142332	0.244260789715335	0.55030303030303	0.249880624426079	0.0662809917355372	0.157539026629936	0.22852157943067	0.0748209366391184	0.0961616161616161	0.0550229568411387	0.192213039485767	0.0863911845730028	0.0476216712580349	0.128282828282828	0.0376675849403122	0.120330578512397	0	0.0511662075298439	0.0426262626262626	0.0803673094582185	0.0555922865013774	0.12613406795225	0.0779247015610652	0.216932966023875	0.265858585858586	0.271643709825528	0.0639302112029385	0.293057851239669	0.0993755739210284	0.0422038567493113	0.0664095500459137	0.0661524334251607	0.0345087235996327	0.0548760330578512	0.0743985307621671	0.146666666666667	0.107015610651974	0.0970982552800734	0.0548393021120294	0.0750045913682277	0.070119375573921	0.0339393939393939	0.0725068870523416	0.196969696969697	0.199136822773186	0.265160697887971	0.11406795224977	0.0738292011019284	0.0369880624426079	0.0539393939393939	0.0662075298438934	0.0850872359963269	0.0989164370982552	0.0824793388429752	0.0348393021120294	0.0697153351698806	0.136730945821855	0.243067033976125	0.0579981634527089	0.125711662075299	0.11147842056933	0.0376124885215794	0.0733700642791552
GCDF230	0.197483930211203	0.21406795224977	0.2055463728191	0.205436179981635	0.112800734618916	0.205711662075298	0.170321395775941	0.0445362718089991	0.0811937557392103	0.207933884297521	0.206244260789715	0.0535537190082644	0.0706519742883379	0.0733884297520661	0.206244260789715	0.0421303948576676	0.0599081726354454	0.127180899908173	0.206354453627181	0.146317722681359	0.161101928374656	0.0986593204775023	0.0696602387511479	0.206685032139578	0.206850321395776	0.215114784205693	0.0910927456382002	0.167438016528926	0.118438934802571	0.203434343434343	0.207584940312213	0.046317722681359	0.205913682277319	0.0520661157024793	0.205528007346189	0.206519742883379	0.190009182736455	0.204921946740129	0.205436179981635	0.205895316804408	0.0570431588613407	0.205766758494031	0.206464646464646	0.191404958677686	0.206556473829201	0.0950964187327824	0.0507621671258035	0.25941230486685	0.222607897153352	0.20574839302112	0.178292011019284	0.314233241505969	0.190321395775941	0.205968778696051	0.200220385674931	0.18494031221304	0.209348025711662	0.202699724517906	0.0502846648301194	0.200679522497704	0.543985307621671	0.207272727272727	0.040495867768595	0.196657483930211	0.185674931129477	0.111570247933884	0.0566574839302112	0.0859871441689623	0.231717171717172	0.0487235996326905	0.0789348025711662	0.088870523415978	0.0421303948576676	0.0789715335169881	0.0511662075298439	0	0.0336271808999082	0.0430670339761249	0.0884481175390266	0.164444444444444	0.0412121212121212	0.257483930211203	0.305270890725436	0.311460055096419	0.0968595041322314	0.333021120293848	0.0608815426997245	0.0602387511478421	0.0421120293847566	0.102203856749311	0.0574288337924702	0.0497337006427916	0.108760330578512	0.178640955004591	0.0686685032139578	0.0574471992653811	0.087584940312213	0.0416896235078053	0.0976124885215795	0.047089072543618	0.0381267217630854	0.237281910009183	0.239063360881543	0.305068870523416	0.151441689623508	0.109421487603306	0.0685766758494031	0.0307805325987144	0.0985123966942149	0.0482093663911846	0.136014692378329	0.120661157024793	0.0359228650137741	0.0377777777777778	0.0944719926538109	0.283489439853076	0.0316620752984389	0.165032139577594	0.147162534435262	0.0488337924701561	0.0360146923783287
GCDF231	0.190964187327824	0.207603305785124	0.215408631772268	0.215280073461892	0.106189164370983	0.215555555555556	0.16415059687787	0.0384389348025712	0.0753168044077135	0.219761248852158	0.216124885215794	0.0470339761248852	0.0819651056014692	0.0829752066115702	0.215500459136823	0.0512580348943985	0.053425160697888	0.121744719926538	0.199063360881543	0.14	0.154710743801653	0.108668503213958	0.0619283746556474	0.216179981634527	0.215408631772268	0.207786960514233	0.083783287419651	0.169237832874197	0.111129476584022	0.213553719008264	0.215078053259871	0.0547474747474747	0.215684113865932	0.0456749311294766	0.215280073461892	0.215463728191001	0.200422405876951	0.213425160697888	0.215280073461892	0.215739210284665	0.0539761248852158	0.215555555555556	0.215812672176308	0.182901744719926	0.215390266299357	0.106115702479339	0.0575573921028466	0.251276400367309	0.214931129476584	0.215390266299357	0.188227731864095	0.307254361799816	0.20137741046832	0.215390266299357	0.210174471992654	0.19485766758494	0.216877869605142	0.212231404958678	0.0576308539944904	0.211276400367309	0.54514233241506	0.215592286501377	0.0413957759412305	0.188466483011938	0.196124885215794	0.104921946740129	0.0656382001836547	0.0796510560146924	0.224003673094582	0.0582920110192837	0.0721763085399449	0.0973186409550046	0.0373002754820937	0.0881542699724518	0.0426262626262626	0.0336271808999082	0	0.0529660238751148	0.0810468319559229	0.156455463728191	0.0489623507805326	0.249237832874197	0.298145087235996	0.303875114784206	0.0907254361799817	0.325325987144169	0.0703397612488522	0.0543801652892562	0.0436914600550964	0.0932231404958677	0.0512029384756658	0.0454178145087236	0.101634527089073	0.170909090909091	0.0775206611570248	0.0669237832874197	0.0801285583103765	0.0477685950413223	0.0887786960514233	0.0417447199265381	0.0424609733700643	0.22931129476584	0.230560146923783	0.297263544536272	0.145417814508724	0.100110192837466	0.0591184573002755	0.0323232323232323	0.0908539944903581	0.0536088154269973	0.129329660238751	0.112892561983471	0.0328558310376492	0.0451606978879706	0.102516069788797	0.27524334251607	0.0328007346189164	0.156694214876033	0.138934802571166	0.0452525252525253	0.0452157943067034
GCDF232	0.224591368227732	0.240073461891644	0.181414141414141	0.181322314049587	0.138659320477502	0.181359044995409	0.195996326905418	0.0671258034894399	0.106960514233241	0.183379247015611	0.182589531680441	0.0775206611570248	0.0486685032139578	0.0524150596877869	0.183232323232323	0.0322865013774105	0.0866850321395776	0.153112947658402	0.233627180899908	0.171790633608815	0.186629935720845	0.0752249770431589	0.0958310376492195	0.183507805325987	0.18455463728191	0.242258953168044	0.11860422405877	0.165215794306703	0.144903581267218	0.179430670339761	0.186207529843893	0.0327272727272727	0.182258953168044	0.080238751147842	0.181744719926538	0.184022038567493	0.164132231404959	0.182607897153352	0.181285583103765	0.181891643709826	0.0809366391184573	0.182277318640955	0.18396694214876	0.219834710743802	0.183875114784206	0.0715886134067952	0.0615610651974288	0.287199265381083	0.250174471992654	0.182130394857668	0.15406795224977	0.340973370064279	0.165032139577594	0.183269054178145	0.176271808999082	0.160918273645546	0.187842056932966	0.179559228650138	0.0388613406795225	0.176198347107438	0.541248852157943	0.18495867768595	0.0508723599632691	0.223581267217631	0.160606060606061	0.137796143250689	0.0429752066115702	0.112984389348026	0.259320477502296	0.0355555555555556	0.106685032139578	0.0658034894398531	0.0672359963269054	0.0581634527089072	0.0803673094582185	0.0430670339761249	0.0529660238751148	0	0.115004591368228	0.192892561983471	0.0312029384756657	0.285362718089991	0.332378328741965	0.338677685950413	0.123434343434343	0.360771349862259	0.037208448117539	0.0864646464646465	0.0517355371900826	0.129623507805326	0.0840771349862259	0.0644444444444444	0.134545454545455	0.207144168962351	0.0461157024793389	0.0359044995408632	0.115702479338843	0.0414692378328742	0.128007346189164	0.0750045913682277	0.0343067033976125	0.265362718089991	0.26712580348944	0.332543617998164	0.177998163452709	0.139540863177227	0.0950596877869605	0.0429017447199265	0.128007346189164	0.0396326905417814	0.162479338842975	0.147162534435262	0.0609550045913682	0.0345638200183655	0.0750229568411387	0.311239669421488	0.0439118457300276	0.193333333333333	0.175371900826446	0.0725619834710744	0.0322314049586777
GCDF235	0.115720844811754	0.130835629017447	0.289660238751148	0.289660238751148	0.0413223140495868	0.289752066115702	0.0919742883379247	0.061267217630854	0.0750229568411387	0.289935720844812	0.290266299357208	0.0639669421487604	0.151404958677686	0.15584940312213	0.290817263544536	0.119724517906336	0.0436547291092746	0.0961065197428834	0.124040404040404	0.0685583103764922	0.090376492194674	0.182001836547291	0.0650137741046832	0.290964187327824	0.292359963269054	0.132323232323232	0.0412304866850321	0.181101928374656	0.0442056932966024	0.287768595041322	0.293627180899908	0.112984389348026	0.290247933884297	0.0673278236914601	0.289623507805326	0.291790633608815	0.270192837465565	0.290486685032139	0.289219467401285	0.290119375573921	0.0465564738292011	0.290449954086318	0.291606978879706	0.113241505968779	0.291717171717172	0.178512396694215	0.085068870523416	0.176308539944904	0.14099173553719	0.290266299357208	0.262314049586777	0.230045913682277	0.271919191919192	0.291202938475666	0.284462809917355	0.269164370982553	0.295078053259871	0.28752984389348	0.129641873278237	0.284297520661157	0.553112947658402	0.292598714416896	0.105491276400367	0.117557392102847	0.268301193755739	0.038475665748393	0.13979797979798	0.0431037649219467	0.148999081726355	0.12633608815427	0.0355739210284665	0.171019283746557	0.0657116620752984	0.162167125803489	0.0555922865013774	0.0884481175390266	0.0810468319559229	0.115004591368228	0	0.0862075298438935	0.116822773186409	0.174380165289256	0.22137741046832	0.227584940312213	0.051386593204775	0.249660238751148	0.137869605142332	0.050872359963269	0.103617998163453	0.0371533516988063	0.0481542699724518	0.0775757575757576	0.0489439853076217	0.136216712580349	0.147162534435262	0.136932966023875	0.0334435261707989	0.116804407713499	0.0679522497704316	0.0535353535353535	0.114031221303949	0.155518824609734	0.157667584940312	0.222148760330578	0.0705601469237833	0.0445730027548209	0.0390449954086318	0.0914967860422406	0.0412304866850322	0.12831955922865	0.0581634527089072	0.0449035812672176	0.0691827364554637	0.107052341597796	0.180018365472911	0.200238751147842	0.0990449954086318	0.0869972451790633	0.0755004591368228	0.0579247015610652	0.110670339761249
GCDF236	0.0499173553719008	0.0575573921028467	0.368870523415978	0.368870523415978	0.0731313131313131	0.368943985307621	0.0602020202020202	0.138273645546373	0.139430670339761	0.369054178145087	0.3689072543618	0.137098255280074	0.229678604224059	0.23247015610652	0.369182736455464	0.196179981634527	0.114196510560147	0.137447199265381	0.0501010101010101	0.065307621671258	0.093149678604224	0.261157024793388	0.130964187327824	0.368980716253443	0.369439853076216	0.0589348025711662	0.0899908172635446	0.239026629935721	0.0577961432506887	0.366685032139577	0.369219467401285	0.190762167125803	0.368980716253443	0.139559228650138	0.368943985307621	0.369256198347107	0.349219467401286	0.366887052341598	0.368943985307621	0.368943985307621	0.119302112029385	0.368980716253443	0.369164370982553	0.0422222222222222	0.369201101928374	0.257355371900826	0.160055096418733	0.0970064279155188	0.0655831037649219	0.368962350780532	0.341524334251607	0.152176308539945	0.351533516988063	0.369146005509642	0.363673094582186	0.348448117539027	0.370743801652893	0.365895316804408	0.205821854912764	0.363820018365473	0.561248852157943	0.369476584022038	0.181873278236915	0.045325987144169	0.347768595041322	0.0681726354453627	0.215206611570248	0.102699724517906	0.0724885215794307	0.203269054178145	0.0941230486685032	0.246317722681359	0.140238751147842	0.23939393939394	0.12613406795225	0.164444444444444	0.156455463728191	0.192892561983471	0.0862075298438935	0	0.19346189164371	0.0955004591368228	0.143195592286501	0.148999081726354	0.104536271808999	0.170982552800735	0.213737373737374	0.123930211202938	0.178714416896235	0.0699357208448118	0.118787878787879	0.155078053259871	0.0928007346189164	0.147878787878788	0.22277318640955	0.213572084481175	0.0845730027548209	0.192102846648301	0.117557392102847	0.126611570247934	0.189733700642792	0.0775573921028467	0.0796326905417815	0.142956841138659	0.0413223140495868	0.0638751147842057	0.104848484848485	0.16791551882461	0.0738659320477502	0.204058769513315	0.0447382920110193	0.0574104683195592	0.143948576675849	0.182130394857668	0.256455463728191	0.120661157024793	0.174104683195592	0.0310009182736455	0.0395592286501377	0.132690541781451	0.188393021120294
GCDF237	0.227162534435262	0.243305785123967	0.177337006427916	0.176914600550964	0.141707988980716	0.177520661157025	0.19959595959596	0.0674012855831037	0.108154269972452	0.18198347107438	0.178145087235996	0.0768962350780532	0.0476400367309458	0.0501928374655647	0.177502295684114	0.0298255280073462	0.0865013774104683	0.156382001836547	0.23564738292011	0.175206611570248	0.189807162534435	0.0713682277318641	0.0953351698806244	0.178255280073462	0.178255280073462	0.244022038567493	0.119669421487603	0.166299357208448	0.147272727272727	0.175518824609734	0.178861340679523	0.0360146923783287	0.177685950413223	0.0747658402203857	0.176804407713499	0.177777777777778	0.163948576675849	0.176363636363636	0.176694214876033	0.177594123048669	0.0834527089072544	0.177447199265381	0.178585858585859	0.22040404040404	0.178145087235996	0.0689623507805326	0.0675298438934802	0.288448117539027	0.251423324150597	0.177337006427916	0.149752066115702	0.343269054178145	0.163158861340679	0.177979797979798	0.172194674012856	0.156877869605142	0.180495867768595	0.17425160697888	0.0342332415059688	0.173370064279155	0.542644628099174	0.178457300275482	0.0436547291092746	0.225325987144169	0.15783287419651	0.140569329660239	0.0379247015610652	0.114986225895317	0.260936639118457	0.0352984389348026	0.107474747474748	0.0618732782369146	0.0638751147842057	0.0546556473829201	0.0779247015610652	0.0412121212121212	0.0489623507805326	0.0312029384756657	0.116822773186409	0.19346189164371	0	0.286409550045914	0.334343434343434	0.340312213039486	0.126427915518825	0.362093663911846	0.0376492194674013	0.088099173553719	0.0485032139577594	0.130082644628099	0.0847199265381084	0.0663177226813591	0.136620752984389	0.207676767676768	0.0447382920110193	0.0358126721763085	0.116161616161616	0.036951331496786	0.124830119375574	0.0732047750229568	0.0305050505050505	0.26653810835629	0.267970615243343	0.334159779614325	0.180955004591368	0.137447199265381	0.0950596877869605	0.0401101928374656	0.126850321395776	0.0326905417814509	0.164646464646465	0.148999081726354	0.0591551882460973	0.035702479338843	0.0671808999081727	0.312433425160698	0.0397061524334252	0.193792470156107	0.176014692378329	0.0732231404958678	0.0295867768595041
GCDF238	0.0848852157943067	0.0620385674931129	0.462626262626263	0.462626262626263	0.155482093663912	0.462626262626263	0.129733700642792	0.230394857667585	0.231588613406795	0.462626262626263	0.462626262626263	0.22870523415978	0.323250688705234	0.325381083562902	0.462754820936639	0.289035812672176	0.201946740128558	0.220734618916437	0.059761248852158	0.150211202938476	0.168888888888889	0.354839302112029	0.224315886134068	0.462644628099174	0.462846648301194	0.053921028466483	0.181634527089073	0.329531680440771	0.145913682277319	0.46040404040404	0.462203856749311	0.282809917355372	0.462626262626263	0.232984389348026	0.462626262626263	0.46277318640955	0.442846648301194	0.460293847566575	0.462626262626263	0.462626262626263	0.207033976124885	0.462644628099174	0.462699724517906	0.0701744719926538	0.462754820936639	0.351000918273646	0.240881542699725	0.034931129476584	0.0458953168044077	0.462626262626263	0.435298438934802	0.0621303948576676	0.445215794306703	0.462681359044996	0.457355371900826	0.442130394857668	0.463471074380165	0.459540863177227	0.298696051423324	0.457502295684114	0.584205693296602	0.462920110192838	0.275078053259872	0.0661157024793388	0.441505968778696	0.153994490358127	0.307786960514233	0.191827364554637	0.0419467401285583	0.296014692378329	0.18315886134068	0.338769513314968	0.231735537190083	0.332764003673095	0.216932966023875	0.257483930211203	0.249237832874197	0.285362718089991	0.174380165289256	0.0955004591368228	0.286409550045914	0	0.0638934802571166	0.059485766758494	0.193498622589532	0.0823324150596877	0.306280991735537	0.215610651974288	0.270762167125803	0.159963269054178	0.209954086317723	0.245601469237833	0.18178145087236	0.21643709825528	0.315463728191001	0.306152433425161	0.175335169880624	0.284830119375574	0.209072543617998	0.218126721763085	0.28257116620753	0.0381450872359963	0.0399632690541782	0.0565105601469238	0.115702479338843	0.152488521579431	0.196602387511478	0.261083562901745	0.163875114784206	0.29684113865932	0.12910927456382	0.141634527089072	0.235831037649219	0.273792470156106	0.349660238751148	0.0392102846648301	0.266758494031221	0.0953719008264463	0.118530762167126	0.223948576675849	0.281873278236915
GCDF239	0.129954086317723	0.104279155188246	0.508631772268136	0.508576675849403	0.201359044995409	0.508797061524334	0.175335169880624	0.27682277318641	0.278126721763085	0.508668503213958	0.508760330578512	0.276308539944904	0.368466483011937	0.373590449954086	0.509494949494949	0.337098255280073	0.250229568411387	0.266685032139578	0.103103764921947	0.196271808999082	0.214545454545455	0.40040404040404	0.268833792470156	0.509476584022039	0.510578512396694	0.0964187327823692	0.227805325987144	0.374086317722681	0.191955922865014	0.50416896235078	0.511276400367309	0.329550045913682	0.508925619834711	0.279908172635445	0.508723599632691	0.510119375573921	0.489017447199265	0.508172635445363	0.508411386593205	0.508888888888889	0.253957759412305	0.509237832874197	0.5089072543618	0.117263544536272	0.510064279155188	0.397392102846648	0.284205693296602	0.064297520661157	0.0864830119375574	0.509090909090909	0.481267217630854	0.0617263544536272	0.490982552800734	0.509752066115702	0.503617998163453	0.488301193755739	0.512800734618917	0.506023875114784	0.347070707070707	0.503434343434343	0.582258953168044	0.510670339761249	0.323158861340679	0.111423324150597	0.487015610651974	0.200036730945822	0.356932966023875	0.23682277318641	0.080514233241506	0.343213957759412	0.231147842056933	0.388356290174472	0.279632690541781	0.379816345270891	0.265858585858586	0.305270890725436	0.298145087235996	0.332378328741965	0.22137741046832	0.143195592286501	0.334343434343434	0.0638934802571166	0	0.0621303948576676	0.239155188246097	0.0780716253443526	0.354545454545455	0.261634527089072	0.319761248852158	0.207970615243342	0.256988062442608	0.290743801652893	0.224995408631772	0.264683195592287	0.364315886134068	0.35465564738292	0.222295684113866	0.333957759412305	0.257851239669422	0.266005509641873	0.331386593204775	0.0773370064279155	0.075941230486685	0.0601836547291093	0.161028466483012	0.201248852157943	0.243746556473829	0.308595041322314	0.211606978879706	0.345987144168962	0.175684113865932	0.188999081726355	0.284573002754821	0.32198347107438	0.397924701561065	0.0555555555555556	0.315904499540863	0.1433608815427	0.16633608815427	0.270082644628099	0.328337924701561
GCDF240	0.135592286501377	0.110247933884298	0.515665748393021	0.515665748393021	0.207235996326905	0.515665748393021	0.182167125803489	0.283489439853076	0.28475665748393	0.515684113865932	0.515867768595041	0.282516069788797	0.376382001836547	0.379761248852158	0.51603305785124	0.342993572084481	0.255996326905418	0.273572084481175	0.107474747474747	0.203140495867769	0.221450872359963	0.407933884297521	0.277355371900826	0.515977961432507	0.516602387511478	0.101542699724518	0.234288337924701	0.38257116620753	0.199228650137741	0.51346189164371	0.517153351698806	0.335886134067952	0.515775941230487	0.286189164370983	0.515684113865932	0.516547291092746	0.495886134067952	0.514435261707989	0.515665748393021	0.515739210284665	0.260165289256198	0.51584940312213	0.516161616161616	0.122424242424242	0.516308539944903	0.404113865932048	0.292488521579431	0.0604407713498623	0.0907438016528926	0.515812672176308	0.488337924701561	0.0309274563820018	0.498255280073462	0.516143250688705	0.510394857667585	0.495169880624426	0.518640955004591	0.512727272727273	0.353057851239669	0.510541781450872	0.595133149678604	0.516730945821855	0.329219467401286	0.117281910009183	0.494545454545455	0.206483011937557	0.362662993572084	0.245234159779614	0.0839302112029384	0.349880624426079	0.236896235078053	0.39404958677686	0.286189164370982	0.38633608815427	0.271643709825528	0.311460055096419	0.303875114784206	0.338677685950413	0.227584940312213	0.148999081726354	0.340312213039486	0.059485766758494	0.0621303948576676	0	0.246409550045914	0.0552617079889807	0.360312213039486	0.268650137741047	0.325601469237833	0.213939393939394	0.263489439853076	0.298567493112948	0.234178145087236	0.268613406795225	0.370082644628099	0.360495867768595	0.228888888888889	0.339724517906336	0.263728191000918	0.2722681359045	0.337410468319559	0.0785674931129477	0.0792653810835629	0.0320661157024793	0.167456382001837	0.207089072543618	0.250339761248852	0.31465564738292	0.217777777777778	0.351772268135904	0.181965105601469	0.194820936639118	0.290523415977961	0.327970615243343	0.403893480257116	0.0374104683195592	0.321763085399449	0.148815426997245	0.172304866850321	0.277116620752984	0.335114784205693
GCDF241	0.130982552800735	0.145803489439853	0.283948576675849	0.283636363636364	0.0570247933884298	0.288172635445363	0.0986960514233242	0.0661340679522498	0.0733700642791552	0.286115702479339	0.293296602387511	0.0712029384756657	0.155555555555556	0.165105601469238	0.297245179063361	0.129605142332415	0.0579247015610652	0.0945087235996327	0.141854912764004	0.0695684113865932	0.0842056932966024	0.184260789715335	0.0542699724517906	0.298273645546373	0.300899908172635	0.150339761248852	0.0454361799816345	0.172910927456382	0.0635812672176308	0.288686868686869	0.302662993572085	0.120514233241506	0.294765840220386	0.0723232323232323	0.293847566574839	0.29959595959596	0.267860422405877	0.296969696969697	0.281616161616162	0.295114784205693	0.0584940312213039	0.295922865013774	0.298438934802571	0.130229568411387	0.299742883379247	0.183232323232323	0.0899724517906336	0.193976124885216	0.158934802571166	0.295592286501377	0.260477502295684	0.24811753902663	0.269807162534435	0.296712580348944	0.284921946740129	0.261524334251607	0.304426078971533	0.29406795224977	0.138861340679522	0.276510560146924	0.527052341597796	0.30137741046832	0.114435261707989	0.134178145087236	0.260936639118457	0.055684113865932	0.148962350780533	0.0542516069788797	0.168062442607897	0.134747474747475	0.0505417814508724	0.181028466483012	0.0758494031221304	0.170064279155188	0.0639302112029385	0.0968595041322314	0.0907254361799817	0.123434343434343	0.051386593204775	0.104536271808999	0.126427915518825	0.193498622589532	0.239155188246097	0.246409550045914	0	0.265968778696051	0.147842056932966	0.0535537190082645	0.112745638200184	0.0556290174471993	0.0552617079889807	0.0764187327823692	0.0471258034894399	0.136069788797061	0.156584022038568	0.146868686868687	0.0497704315886134	0.126464646464646	0.0737557392102846	0.0626446280991736	0.124058769513315	0.173370064279155	0.176088154269972	0.239981634527089	0.083544536271809	0.0612121212121212	0.0510009182736455	0.0998530762167126	0.0555188246097337	0.137667584940312	0.0741597796143251	0.0648668503213958	0.0788797061524334	0.116859504132231	0.18910927456382	0.21921028466483	0.108301193755739	0.105417814508724	0.0932415059687787	0.0661340679522497	0.115922865013774
GCDF243	0.156106519742883	0.132764003673095	0.537796143250689	0.535812672176309	0.229678604224059	0.536969696969697	0.204407713498623	0.305656565656566	0.306887052341598	0.537777777777778	0.537704315886134	0.293829201101928	0.398494031221304	0.400955004591368	0.538108356290174	0.364481175390266	0.277759412304867	0.29564738292011	0.130192837465565	0.225325987144169	0.243856749311295	0.43010101010101	0.299540863177227	0.537979797979798	0.53842056932966	0.123471074380165	0.256528925619835	0.404775022956841	0.221175390266299	0.535500459136823	0.538163452708907	0.358108356290174	0.537924701561065	0.308282828282828	0.5378145087236	0.538273645546373	0.518071625344353	0.533149678604224	0.537796143250689	0.536877869605142	0.28236914600551	0.537887970615243	0.536106519742883	0.14415059687787	0.538200183654729	0.426225895316804	0.315078053259871	0.081763085399449	0.112800734618916	0.537887970615243	0.510394857667585	0.0554820936639119	0.491588613406795	0.535739210284665	0.521359044995409	0.517355371900826	0.539706152433425	0.534894398530762	0.373792470156106	0.532690541781451	0.590560146923783	0.538475665748393	0.350762167125803	0.139155188246097	0.516675849403122	0.228668503213958	0.384040404040404	0.267052341597796	0.106483011937557	0.371570247933884	0.258732782369146	0.415261707988981	0.307786960514233	0.408264462809917	0.293057851239669	0.333021120293848	0.325325987144169	0.360771349862259	0.249660238751148	0.170982552800735	0.362093663911846	0.0823324150596877	0.0780716253443526	0.0552617079889807	0.265968778696051	0	0.382093663911846	0.290798898071625	0.347015610651974	0.235592286501378	0.285252525252525	0.320734618916437	0.256382001836547	0.289439853076217	0.391515151515151	0.382093663911846	0.250596877869605	0.361046831955923	0.285289256198347	0.293810835629017	0.358732782369146	0.10137741046832	0.10058769513315	0.055941230486685	0.189770431588613	0.228595041322314	0.272047750229568	0.336547291092746	0.239375573921028	0.373186409550046	0.204205693296602	0.216767676767677	0.311772268135904	0.349623507805326	0.425491276400367	0.0618549127640037	0.343048668503214	0.170449954086318	0.194159779614325	0.299173553719008	0.357079889807163
GCDF244	0.247584940312213	0.263617998163453	0.156749311294766	0.156712580348944	0.16236914600551	0.156804407713499	0.220624426078972	0.0900642791551882	0.130560146923783	0.158714416896235	0.157318640955005	0.0976124885215795	0.0359228650137741	0.0342332415059688	0.157190082644628	0.0370982552800735	0.106574839302112	0.176730945821855	0.255573921028466	0.196143250688705	0.211221303948577	0.0561248852157943	0.120165289256198	0.157153351698806	0.157539026629936	0.264499540863177	0.141910009182736	0.169954086317723	0.168246097337006	0.154545454545455	0.157851239669421	0.0411570247933885	0.157061524334252	0.10257116620753	0.156712580348944	0.157337006427915	0.139100091827364	0.155224977043159	0.156712580348944	0.156804407713499	0.103673094582186	0.156951331496786	0.157171717171717	0.240146923783287	0.157190082644628	0.048852157943067	0.0824058769513315	0.30811753902663	0.271735537190083	0.156896235078053	0.129366391184573	0.363415977961432	0.140679522497704	0.156988062442608	0.151441689623508	0.136216712580349	0.159118457300275	0.153719008264463	0.0375022956841139	0.152121212121212	0.545032139577594	0.157594123048668	0.0632323232323232	0.245252525252525	0.136473829201102	0.161175390266299	0.0362901744719927	0.135831037649219	0.280844811753903	0.0343985307621671	0.128080808080808	0.0412488521579431	0.0863544536271809	0.0412855831037649	0.0993755739210284	0.0608815426997245	0.0703397612488522	0.037208448117539	0.137869605142332	0.213737373737374	0.0376492194674013	0.306280991735537	0.354545454545455	0.360312213039486	0.147842056932966	0.382093663911846	0	0.110835629017447	0.0660055096418733	0.151368227731864	0.107107438016529	0.0873094582185491	0.158934802571166	0.227438016528926	0.0271992653810836	0.0284113865932048	0.137281910009183	0.0491643709825528	0.147750229568411	0.0962718089990817	0.0423691460055097	0.286391184573003	0.287695133149678	0.353994490358127	0.201469237832874	0.159779614325069	0.117116620752984	0.0600918273645546	0.149715335169881	0.0403305785123967	0.186152433425161	0.169935720844812	0.0803673094582186	0.0421854912764004	0.0547291092745638	0.332304866850321	0.0602020202020202	0.214380165289256	0.197355371900826	0.0937557392102847	0.0434527089072543
GCDF245	0.152433425160698	0.167695133149679	0.24870523415978	0.248870523415978	0.0694765840220386	0.25010101010101	0.119320477502296	0.0380899908172635	0.058732782369146	0.251276400367309	0.254710743801653	0.049127640036731	0.11722681359045	0.12534435261708	0.256896235078053	0.0906887052341598	0.0446464646464647	0.0941046831955923	0.163526170798898	0.0933700642791552	0.108448117539027	0.144885215794307	0.0418549127640037	0.25763085399449	0.259944903581267	0.172157943067034	0.0487419651056015	0.161799816345271	0.0756473829201102	0.250596877869605	0.262038567493113	0.0866483011937558	0.254729109274564	0.0455096418732783	0.253094582185491	0.25880624426079	0.232011019283747	0.258053259871442	0.247089072543618	0.254710743801653	0.043783287419651	0.25524334251607	0.258787878787879	0.149825528007346	0.258898071625344	0.143397612488522	0.066574839302112	0.217447199265381	0.180055096418733	0.255188246097337	0.223434343434343	0.270321395775941	0.232966023875115	0.25742883379247	0.247309458218549	0.227750229568411	0.263544536271809	0.253388429752066	0.0996510560146924	0.242754820936639	0.534123048668503	0.260385674931129	0.0760697887970615	0.154196510560147	0.22712580348944	0.0674563820018366	0.109146005509642	0.0520661157024793	0.189439853076217	0.0966758494031222	0.0499173553719008	0.14198347107438	0.0481726354453627	0.130431588613407	0.0422038567493113	0.0602387511478421	0.0543801652892562	0.0864646464646465	0.050872359963269	0.123930211202938	0.088099173553719	0.215610651974288	0.261634527089072	0.268650137741047	0.0535537190082645	0.290798898071625	0.110835629017447	0	0.0775390266299357	0.063801652892562	0.0375573921028466	0.0503213957759412	0.0598530762167125	0.146446280991735	0.120055096418733	0.108503213957759	0.0504683195592287	0.0867401285583104	0.0666299357208448	0.0396326905417815	0.083801652892562	0.195408631772268	0.197539026629936	0.262626262626263	0.104297520661157	0.0711111111111111	0.0419100091827364	0.062516069788797	0.0610835629017447	0.0978145087235997	0.0911845730027548	0.0787511478420569	0.0479522497704316	0.0809366391184573	0.148227731864095	0.241359044995409	0.0694214876033058	0.123875114784206	0.106483011937557	0.0436547291092746	0.078475665748393
GCDF246	0.213039485766759	0.229403122130395	0.21287419651056	0.212782369146005	0.127933884297521	0.213057851239669	0.18633608815427	0.0586960514233242	0.0953719008264463	0.215702479338843	0.21307621671258	0.0652157943067034	0.0773370064279155	0.0785307621671258	0.212910927456382	0.0496786042240588	0.0744719926538108	0.142901744719927	0.220752984389348	0.161891643709826	0.17682277318641	0.105656565656566	0.0841689623507805	0.21307621671258	0.212910927456382	0.229439853076217	0.106629935720845	0.170468319559229	0.133296602387511	0.210762167125803	0.212139577594123	0.0527640036730946	0.213039485766758	0.0676951331496786	0.212782369146005	0.21287419651056	0.196106519742883	0.210560146923783	0.212782369146005	0.213112947658402	0.0727089072543618	0.212800734618916	0.213168044077135	0.204628099173554	0.213057851239669	0.1021854912764	0.0690541781450872	0.272966023875115	0.236528925619835	0.212782369146005	0.185528007346189	0.328943985307622	0.196694214876033	0.212782369146005	0.207658402203857	0.192304866850321	0.213498622589532	0.209660238751148	0.0554086317722681	0.207988980716254	0.546446280991735	0.212910927456382	0.0309458218549128	0.210156106519743	0.192837465564738	0.126244260789715	0.0599265381083563	0.101046831955923	0.245417814508723	0.0539026629935721	0.0937006427915519	0.0922865013774105	0.0542332415059688	0.0852341597796143	0.0664095500459137	0.0421120293847566	0.0436914600550964	0.0517355371900826	0.103617998163453	0.178714416896235	0.0485032139577594	0.270762167125803	0.319761248852158	0.325601469237833	0.112745638200184	0.347015610651974	0.0660055096418733	0.0775390266299357	0	0.116602387511478	0.0722314049586777	0.0615426997245179	0.12455463728191	0.180697887970615	0.0735720844811754	0.0572451790633609	0.102020202020202	0.0374288337924702	0.0919191919191919	0.0618916437098255	0.0441873278236915	0.250927456382002	0.252341597796143	0.318916437098255	0.167199265381084	0.124077134986226	0.0821303948576676	0.0424242424242424	0.114049586776859	0.0520293847566575	0.151056014692378	0.135224977043159	0.0489256198347108	0.0461340679522498	0.099742883379247	0.296951331496786	0.038236914600551	0.178383838383838	0.1566391184573	0.0632690541781451	0.0446648301193756
GCDF247	0.101083562901745	0.11684113865932	0.303507805325987	0.303507805325987	0.040752984389348	0.303507805325987	0.0764370982552801	0.0753719008264463	0.080257116620753	0.303856749311295	0.303856749311295	0.0768778696051423	0.165160697887971	0.168209366391185	0.304132231404959	0.133278236914601	0.0563085399449036	0.0992653810835629	0.109678604224059	0.056969696969697	0.0822589531680441	0.195867768595041	0.0705234159779615	0.30396694214876	0.304628099173554	0.1178145087236	0.0390266299357208	0.184683195592286	0.0345087235996327	0.301561065197429	0.305179063360882	0.12989898989899	0.30376492194674	0.0753902662993572	0.30356290174472	0.304481175390266	0.284499540863177	0.30236914600551	0.303507805325987	0.303691460055096	0.0631588613406795	0.303801652892562	0.304370982552801	0.0957575757575757	0.304334251606979	0.192194674012856	0.108044077134986	0.16178145087236	0.126299357208448	0.303617998163453	0.276161616161616	0.2166391184573	0.286501377410468	0.304205693296602	0.298273645546373	0.283011937557392	0.306629935720845	0.300697887970615	0.141965105601469	0.29862258953168	0.548943985307622	0.304903581267218	0.118475665748393	0.100422405876951	0.282626262626263	0.0361432506887052	0.151349862258953	0.0504315886134068	0.134710743801653	0.140110192837466	0.0436730945821855	0.182901744719927	0.0788797061524334	0.175280073461892	0.0661524334251607	0.102203856749311	0.0932231404958677	0.129623507805326	0.0371533516988063	0.0699357208448118	0.130082644628099	0.159963269054178	0.207970615243342	0.213939393939394	0.0556290174471993	0.235592286501378	0.151368227731864	0.063801652892562	0.116602387511478	0	0.0581267217630854	0.0953902662993571	0.0496602387511478	0.134637281910009	0.16078971533517	0.150174471992654	0.0373921028466483	0.129807162534435	0.0674012855831038	0.0654178145087236	0.126464646464647	0.140312213039486	0.141763085399449	0.207988980716253	0.0581818181818182	0.03267217630854	0.0458769513314968	0.104481175390266	0.0326354453627181	0.140422405876951	0.0441322314049587	0.0370615243342516	0.0826078971533516	0.120808080808081	0.191974288337925	0.18593204775023	0.110358126721763	0.0702295684113866	0.0576859504132232	0.0722681359044995	0.12455463728191
GCDF248	0.149090909090909	0.165325987144169	0.255886134067952	0.255886134067952	0.0668135904499541	0.255959595959596	0.12257116620753	0.0366207529843893	0.0629384756657484	0.257153351698806	0.2566391184573	0.0448668503213958	0.117924701561065	0.123085399449036	0.257245179063361	0.0878236914600551	0.035941230486685	0.0955739210284665	0.158457300275482	0.0990449954086318	0.113627180899908	0.148448117539027	0.0470707070707071	0.257043158861341	0.258255280073462	0.16732782369146	0.0505785123966942	0.170156106519743	0.0712029384756658	0.253774104683196	0.259742883379247	0.0851239669421487	0.256363636363636	0.0434894398530762	0.256143250688705	0.257667584940312	0.237557392102847	0.25623507805326	0.255886134067952	0.25623507805326	0.0344536271808999	0.256565656565657	0.257832874196511	0.145215794306703	0.257759412304867	0.145105601469238	0.0655096418732782	0.211937557392103	0.175188246097337	0.256308539944903	0.228558310376492	0.26595041322314	0.23921028466483	0.257116620752984	0.250762167125804	0.235390266299357	0.261101928374656	0.253425160697888	0.0969146005509642	0.251000918273646	0.544591368227732	0.258769513314968	0.0740128558310376	0.149035812672176	0.235206611570248	0.0651974288337925	0.106078971533517	0.0462809917355372	0.18455463728191	0.0943985307621672	0.0419651056014692	0.137612488521579	0.0413223140495868	0.128484848484848	0.0345087235996327	0.0574288337924702	0.0512029384756658	0.0840771349862259	0.0481542699724518	0.118787878787879	0.0847199265381084	0.209954086317723	0.256988062442608	0.263489439853076	0.0552617079889807	0.285252525252525	0.107107438016529	0.0375573921028466	0.0722314049586777	0.0581267217630854	0	0.0540863177226814	0.0643342516069789	0.141928374655647	0.115482093663912	0.104903581267218	0.0462075298438935	0.084811753902663	0.0646648301193756	0.0334986225895317	0.081763085399449	0.189880624426079	0.192121212121212	0.257245179063361	0.103287419651056	0.0671258034894398	0.0337373737373737	0.0606611570247934	0.0563820018365473	0.0953351698806244	0.0892011019283747	0.0743067033976125	0.0425528007346189	0.0759963269054178	0.146078971533517	0.235904499540863	0.0656932966023875	0.118126721763085	0.102516069788797	0.0393572084481175	0.0777961432506887
GCDF249	0.183489439853076	0.1978145087236	0.226207529843894	0.226354453627181	0.0966391184573003	0.228778696051423	0.148852157943067	0.0399449035812672	0.0745087235996327	0.227878787878788	0.235206611570248	0.0515151515151515	0.0951331496786042	0.105032139577594	0.237557392102847	0.0691643709825528	0.0553351698806244	0.112341597796143	0.193572084481175	0.121744719926538	0.135867768595041	0.123801652892562	0.0586225895316804	0.237979797979798	0.240679522497704	0.201799816345271	0.0806795224977044	0.161028466483012	0.10595041322314	0.229825528007346	0.242662993572084	0.063030303030303	0.234674012855831	0.0587144168962351	0.233590449954086	0.239375573921029	0.208356290174472	0.238787878787879	0.22376492194674	0.235022956841139	0.0519191919191919	0.235739210284665	0.23900826446281	0.181726354453627	0.239522497704316	0.123232323232323	0.0482460973370064	0.247401285583104	0.211276400367309	0.23544536271809	0.202240587695133	0.300312213039486	0.211790633608816	0.238071625344353	0.227364554637282	0.204242424242424	0.244132231404959	0.233847566574839	0.0792837465564739	0.219081726354454	0.532121212121212	0.241120293847567	0.0613039485766759	0.185876951331497	0.203746556473829	0.0970431588613407	0.0887786960514233	0.0760697887970615	0.21979797979798	0.0749127640036731	0.0712029384756658	0.12099173553719	0.04633608815427	0.109770431588613	0.0548760330578512	0.0497337006427916	0.0454178145087236	0.0644444444444444	0.0775757575757576	0.155078053259871	0.0663177226813591	0.245601469237833	0.290743801652893	0.298567493112948	0.0764187327823692	0.320734618916437	0.0873094582185491	0.0503213957759412	0.0615426997245179	0.0953902662993571	0.0540863177226814	0	0.0862993572084481	0.168393021120294	0.0971533516988063	0.0870339761248852	0.079742883379247	0.0696969696969697	0.095684113865932	0.0475114784205693	0.0646831955922865	0.225509641873278	0.227988980716253	0.292653810835629	0.134949494949495	0.106152433425161	0.0624609733700643	0.0500459136822773	0.0937557392102847	0.0789715335169881	0.122644628099174	0.108888888888889	0.0451239669421488	0.0593755739210285	0.128888888888889	0.271423324150597	0.0544903581267218	0.155867768595041	0.141524334251607	0.0459871441689624	0.0578696051423324
GCDF251	0.11900826446281	0.133939393939394	0.293829201101928	0.294674012855831	0.0530394857667585	0.298530762167126	0.0854361799816346	0.0765840220385675	0.0835996326905418	0.296088154269972	0.305528007346189	0.0842791551882461	0.165362718089991	0.176584022038567	0.308797061524334	0.140036730945822	0.066078971533517	0.0969146005509642	0.130137741046832	0.0545087235996327	0.0722681359044996	0.194545454545455	0.0582920110192838	0.309421487603306	0.312157943067034	0.137520661157025	0.04633608815427	0.175573921028467	0.0525803489439853	0.300036730945822	0.314141414141414	0.133204775022957	0.306023875114784	0.0807346189164371	0.303783287419651	0.310853994490358	0.278200183654729	0.310229568411387	0.288925619834711	0.306262626262626	0.0691460055096419	0.307107438016529	0.310009182736455	0.118071625344353	0.311000918273646	0.194343434343434	0.10099173553719	0.183526170798898	0.147089072543618	0.306887052341598	0.272506887052342	0.23584940312213	0.281340679522498	0.30949494949495	0.29862258953168	0.269935720844812	0.315610651974288	0.305325987144169	0.150211202938476	0.284168962350781	0.527199265381083	0.312598714416896	0.126042240587695	0.122497704315886	0.269972451790633	0.0497337006427916	0.160183654729109	0.0555555555555555	0.155261707988981	0.146060606060606	0.053682277318641	0.191662075298439	0.0856565656565656	0.180936639118457	0.0743985307621671	0.108760330578512	0.101634527089073	0.134545454545455	0.0489439853076217	0.0928007346189164	0.136620752984389	0.18178145087236	0.224995408631772	0.234178145087236	0.0471258034894399	0.256382001836547	0.158934802571166	0.0598530762167125	0.12455463728191	0.0496602387511478	0.0643342516069789	0.0862993572084481	0	0.136253443526171	0.168815426997245	0.157520661157025	0.0481359044995409	0.137777777777778	0.0738475665748394	0.0716988062442608	0.134178145087236	0.16139577594123	0.164866850321396	0.228539944903581	0.0733884297520661	0.0524517906336089	0.055959595959596	0.111221303948577	0.0487052341597796	0.148833792470156	0.0621303948576676	0.0574839302112029	0.0900826446280992	0.127566574839302	0.200367309458219	0.207419651056015	0.119265381083563	0.0928007346189165	0.0798163452708907	0.0767309458218549	0.127786960514233
GCDF252	0.16752984389348	0.182681359044995	0.384077134986226	0.384077134986226	0.137557392102847	0.384077134986226	0.153829201101928	0.154214876033058	0.155775941230487	0.384077134986226	0.384077134986226	0.152213039485767	0.244701561065197	0.245950413223141	0.384077134986226	0.210119375573921	0.14099173553719	0.151147842056933	0.173627180899908	0.140036730945822	0.148246097337006	0.276290174471993	0.149825528007346	0.384077134986226	0.384077134986226	0.181010101010101	0.135224977043159	0.252029384756657	0.135500459136823	0.381854912764004	0.382736455463728	0.204444444444444	0.384077134986226	0.156914600550964	0.384077134986226	0.384077134986226	0.364297520661157	0.380422405876951	0.384077134986226	0.384077134986226	0.142387511478421	0.384077134986226	0.383195592286502	0.165381083562902	0.384077134986226	0.272451790633609	0.167052341597796	0.216694214876033	0.189770431588613	0.384077134986226	0.356730945821855	0.272543617998164	0.365123966942148	0.383030303030303	0.377263544536272	0.363581267217631	0.384077134986226	0.380955004591368	0.219706152433425	0.378953168044077	0.576198347107438	0.384077134986226	0.186005509641873	0.171698806244261	0.362956841138659	0.134765840220386	0.22692378328742	0.137079889807162	0.195720844811754	0.217410468319559	0.136179981634527	0.259026629935721	0.156657483930211	0.254104683195592	0.146666666666667	0.178640955004591	0.170909090909091	0.207144168962351	0.136216712580349	0.147878787878788	0.207676767676768	0.21643709825528	0.264683195592287	0.268613406795225	0.136069788797061	0.289439853076217	0.227438016528926	0.146446280991735	0.180697887970615	0.134637281910009	0.141928374655647	0.168393021120294	0.136253443526171	0	0.236363636363636	0.223269054178145	0.135316804407713	0.197098255280074	0.132121212121212	0.146354453627181	0.203434343434343	0.199393939393939	0.204095500459137	0.265270890725436	0.141597796143251	0.135114784205693	0.137612488521579	0.182791551882461	0.134325068870523	0.217575757575758	0.137575757575758	0.136106519742883	0.15941230486685	0.195004591368228	0.270743801652893	0.242112029384757	0.185711662075298	0.148888888888889	0.140367309458218	0.15089072543618	0.203305785123967
GCDF254	0.257134986225895	0.273737373737374	0.1489072543618	0.148686868686869	0.172451790633609	0.148797061524334	0.230413223140496	0.0998714416896235	0.139026629935721	0.152157943067034	0.149439853076217	0.107474747474747	0.0344903581267218	0.0340679522497704	0.14872359963269	0.0440955004591368	0.116455463728191	0.186721763085399	0.265123966942149	0.206189164370983	0.221303948576676	0.0498989898989899	0.129256198347107	0.149035812672176	0.1489072543618	0.27404958677686	0.151643709825528	0.171662075298439	0.177649219467401	0.146887052341598	0.14870523415978	0.0483011937557392	0.148852157943067	0.108980716253444	0.148631772268136	0.148815426997245	0.132819100091827	0.146593204775023	0.148631772268136	0.148797061524334	0.113149678604224	0.148778696051423	0.149035812672176	0.249348025711662	0.148888888888889	0.044058769513315	0.0923415977961432	0.317612488521579	0.281175390266299	0.148778696051423	0.121340679522498	0.373425160697888	0.133774104683196	0.148999081726354	0.143507805325987	0.128246097337006	0.150211202938476	0.145601469237833	0.0428466483011938	0.144481175390266	0.545123966942148	0.149090909090909	0.0714784205693296	0.254729109274564	0.128374655647383	0.171808999081726	0.0375206611570248	0.144481175390266	0.290247933884298	0.0396694214876033	0.13702479338843	0.0364370982552801	0.0950413223140496	0.0389164370982553	0.107015610651974	0.0686685032139578	0.0775206611570248	0.0461157024793389	0.147162534435262	0.22277318640955	0.0447382920110193	0.315463728191001	0.364315886134068	0.370082644628099	0.156584022038568	0.391515151515151	0.0271992653810836	0.120055096418733	0.0735720844811754	0.16078971533517	0.115482093663912	0.0971533516988063	0.168815426997245	0.236363636363636	0	0.0322314049586777	0.147107438016529	0.0567309458218549	0.155022956841139	0.10514233241506	0.048099173553719	0.295629017447199	0.296749311294766	0.363489439853076	0.211404958677686	0.167511478420569	0.12475665748393	0.0677869605142332	0.158659320477502	0.0443526170798898	0.195665748393021	0.178842975206612	0.087584940312213	0.0507254361799816	0.0511845730027548	0.341487603305785	0.0667584940312213	0.223030303030303	0.20633608815427	0.103728191000918	0.0515702479338843
GCDF255	0.247438016528926	0.26396694214876	0.161285583103765	0.160844811753903	0.162552800734619	0.161046831955923	0.220348943985308	0.0882460973370064	0.128227731864096	0.16455463728191	0.161450872359963	0.0960146923783287	0.0358310376492195	0.0365472910927456	0.161065197428834	0.0340495867768595	0.106446280991736	0.176822773186409	0.255573921028466	0.196143250688705	0.211147842056933	0.0577043158861341	0.116088154269972	0.162534435261708	0.161616161616162	0.264242424242424	0.13979797979798	0.169605142332415	0.16752984389348	0.15941230486685	0.162020202020202	0.0421120293847567	0.161634527089073	0.0964738292011019	0.160899908172635	0.161267217630854	0.147291092745638	0.159485766758494	0.160936639118457	0.162001836547291	0.103213957759412	0.16119375573921	0.161414141414141	0.239981634527089	0.161487603305785	0.0525619834710744	0.0832506887052341	0.308007346189164	0.271588613406795	0.161157024793388	0.133957759412305	0.363654729109274	0.146611570247934	0.161652892561983	0.155775941230487	0.140752984389348	0.163526170798898	0.157924701561065	0.0341414141414141	0.156896235078053	0.543856749311295	0.161597796143251	0.0551698806244261	0.245179063360882	0.142001836547291	0.160606060606061	0.0316069788797062	0.134986225895317	0.28020202020202	0.0326354453627181	0.126997245179063	0.0465197428833793	0.0826262626262626	0.0410835629017447	0.0970982552800734	0.0574471992653811	0.0669237832874197	0.0359044995408632	0.136932966023875	0.213572084481175	0.0358126721763085	0.306152433425161	0.35465564738292	0.360495867768595	0.146868686868687	0.382093663911846	0.0284113865932048	0.108503213957759	0.0572451790633609	0.150174471992654	0.104903581267218	0.0870339761248852	0.157520661157025	0.223269054178145	0.0322314049586777	0	0.136418732782369	0.0416345270890726	0.141083562901745	0.0929843893480257	0.03722681359045	0.286225895316804	0.287695133149678	0.354104683195592	0.201799816345271	0.156988062442608	0.11485766758494	0.0574288337924702	0.147438016528926	0.0352249770431589	0.185307621671258	0.169201101928375	0.0764738292011019	0.0421303948576676	0.0547291092745638	0.3322681359045	0.0525068870523416	0.213370064279155	0.191937557392103	0.0930945821854913	0.0409917355371901
GCDF256	0.115867768595041	0.130762167125804	0.28870523415978	0.28870523415978	0.0420752984389348	0.28872359963269	0.0903397612488522	0.0611202938475666	0.0721212121212121	0.289054178145087	0.289329660238751	0.0647382920110193	0.150266299357208	0.154876033057851	0.289990817263544	0.119063360881543	0.0460055096418733	0.0941414141414142	0.124407713498623	0.0666666666666667	0.0876767676767677	0.181267217630854	0.0608080808080808	0.289788797061524	0.291184573002755	0.132892561983471	0.0374471992653811	0.17921028466483	0.0429384756657484	0.286629935720845	0.292176308539945	0.11425160697888	0.289384756657484	0.0655280073461892	0.289090909090909	0.290633608815427	0.269421487603306	0.288778696051423	0.288852157943067	0.289201101928375	0.0489439853076217	0.289623507805326	0.29050505050505	0.110560146923783	0.290541781450872	0.177685950413223	0.0913314967860422	0.177061524334252	0.140771349862259	0.289348025711662	0.261414141414141	0.231276400367309	0.271643709825528	0.290082644628099	0.283783287419651	0.268356290174472	0.29366391184573	0.286666666666667	0.128870523415978	0.283728191000918	0.548154269972452	0.29129476584022	0.104315886134068	0.115500459136823	0.267878787878788	0.0398347107438017	0.138292011019284	0.0435261707988981	0.149678604224059	0.125307621671258	0.0374288337924702	0.169641873278237	0.0658769513314968	0.161285583103765	0.0548393021120294	0.087584940312213	0.0801285583103765	0.115702479338843	0.0334435261707989	0.0845730027548209	0.116161616161616	0.175335169880624	0.222295684113866	0.228888888888889	0.0497704315886134	0.250596877869605	0.137281910009183	0.0504683195592287	0.102020202020202	0.0373921028466483	0.0462075298438935	0.079742883379247	0.0481359044995409	0.135316804407713	0.147107438016529	0.136418732782369	0	0.116308539944904	0.0631772268135904	0.0528191000918274	0.112745638200184	0.155555555555556	0.157741046831956	0.222607897153352	0.0702112029384757	0.04178145087236	0.038989898989899	0.0899540863177227	0.0370247933884297	0.127162534435262	0.0566942148760331	0.046574839302112	0.0682460973370064	0.106005509641873	0.178769513314968	0.201028466483012	0.0977043158861341	0.0846831955922865	0.0710009182736455	0.0597796143250689	0.10969696969697
GCDF257	0.227052341597796	0.24356290174472	0.189531680440771	0.189366391184573	0.14198347107438	0.18951331496786	0.200110192837466	0.0685583103764923	0.107621671258035	0.195224977043159	0.190174471992654	0.0763636363636364	0.0584205693296602	0.0591919191919192	0.189531680440771	0.0386225895316804	0.0861157024793389	0.156253443526171	0.234912764003673	0.175720844811754	0.190541781450872	0.0837649219467401	0.0956657483930211	0.19050505050505	0.189605142332415	0.24356290174472	0.118714416896235	0.169586776859504	0.146997245179063	0.188246097337006	0.189237832874196	0.0443893480257117	0.189825528007346	0.073682277318641	0.189384756657484	0.189623507805326	0.1766391184573	0.187584940312213	0.189439853076217	0.190321395775941	0.0849035812672176	0.189605142332415	0.189935720844812	0.218292011019284	0.189678604224059	0.0813957759412305	0.0727272727272727	0.286905417814509	0.250762167125804	0.189605142332415	0.162865013774105	0.343067033976125	0.176767676767677	0.189770431588613	0.184481175390266	0.169237832874197	0.190780532598714	0.186299357208448	0.0408815426997245	0.18574839302112	0.545307621671258	0.189752066115702	0.0358494031221304	0.224205693296602	0.171386593204775	0.140165289256198	0.0404224058769513	0.115133149678604	0.259393939393939	0.0384205693296602	0.106519742883379	0.0723783287419651	0.062791551882461	0.064022038567493	0.0750045913682277	0.0416896235078053	0.0477685950413223	0.0414692378328742	0.116804407713499	0.192102846648301	0.036951331496786	0.284830119375574	0.333957759412305	0.339724517906336	0.126464646464646	0.361046831955923	0.0491643709825528	0.0867401285583104	0.0374288337924702	0.129807162534435	0.084811753902663	0.0696969696969697	0.137777777777778	0.197098255280074	0.0567309458218549	0.0416345270890726	0.116308539944904	0	0.113204775022957	0.0725619834710744	0.0334435261707989	0.264977043158861	0.266262626262626	0.333131313131313	0.181248852157943	0.135941230486685	0.094692378328742	0.0419283746556474	0.126189164370983	0.0370247933884297	0.164995408631772	0.148852157943067	0.0557208448117539	0.0408080808080808	0.0776308539944904	0.311037649219467	0.0375941230486685	0.192304866850322	0.17010101010101	0.0738292011019284	0.0366023875114784
GCDF259	0.151386593204775	0.167548209366391	0.29783287419651	0.297741046831956	0.0839302112029385	0.297741046831956	0.124370982552801	0.075941230486685	0.0841689623507806	0.299357208448117	0.297722681359045	0.078475665748393	0.160899908172635	0.162020202020202	0.297685950413223	0.127970615243342	0.0689807162534436	0.106813590449954	0.158989898989899	0.100330578512397	0.115867768595041	0.190247933884298	0.0710927456382002	0.297943067033976	0.298034894398531	0.167438016528926	0.065821854912764	0.18633608815427	0.0803673094582185	0.295757575757576	0.297539026629936	0.128576675849403	0.297869605142332	0.0752249770431588	0.297502295684114	0.297887970615243	0.280293847566575	0.295757575757576	0.297171717171717	0.2978145087236	0.0757208448117539	0.297796143250689	0.297924701561065	0.143673094582185	0.298071625344353	0.186795224977043	0.111992653810836	0.211129476584022	0.17524334251607	0.297869605142332	0.270449954086318	0.266978879706153	0.280844811753903	0.29783287419651	0.29247015610652	0.277245179063361	0.299155188246097	0.294618916437098	0.136473829201102	0.292690541781451	0.547860422405877	0.298200183654729	0.0963820018365472	0.148870523415978	0.277171717171717	0.0773737373737374	0.14257116620753	0.0700642791551883	0.183654729109275	0.134949494949495	0.0689256198347108	0.176308539944904	0.0787878787878788	0.168980716253444	0.070119375573921	0.0976124885215795	0.0887786960514233	0.128007346189164	0.0679522497704316	0.117557392102847	0.124830119375574	0.209072543617998	0.257851239669422	0.263728191000918	0.0737557392102846	0.285289256198347	0.147750229568411	0.0666299357208448	0.0919191919191919	0.0674012855831038	0.0646648301193756	0.095684113865932	0.0738475665748394	0.132121212121212	0.155022956841139	0.141083562901745	0.0631772268135904	0.113204775022957	0	0.0670156106519742	0.12	0.189201101928375	0.190780532598714	0.257392102846648	0.108393021120294	0.0703213957759412	0.0644995408631772	0.100330578512397	0.0664462809917355	0.133278236914601	0.0933516988062442	0.0809182736455464	0.0799449035812672	0.117098255280073	0.184921946740129	0.235206611570248	0.102607897153352	0.11722681359045	0.0975573921028467	0.0770431588613407	0.120826446280992
GCDF260	0.158953168044077	0.175188246097337	0.245215794306703	0.245215794306703	0.0745454545454545	0.245215794306703	0.131717171717172	0.0318273645546373	0.0615794306703398	0.246997245179063	0.245583103764922	0.0399449035812672	0.107970615243343	0.111735537190083	0.245785123966942	0.0763820018365473	0.0352433425160698	0.0998163452708908	0.167309458218549	0.107401285583104	0.122662993572085	0.137722681359045	0.0488154269972452	0.246097337006428	0.246391184573003	0.175959595959596	0.0569329660238751	0.170358126721763	0.0797245179063361	0.243122130394858	0.247144168962351	0.0758494031221304	0.24534435261708	0.0417263544536272	0.245252525252525	0.246225895316804	0.227217630853994	0.244389348025712	0.245215794306703	0.245399449035813	0.0353902662993572	0.245528007346189	0.245895316804408	0.152304866850321	0.246244260789715	0.134618916437098	0.060257116620753	0.220073461891644	0.183489439853076	0.245325987144169	0.21801652892562	0.27504132231405	0.228833792470156	0.245840220385675	0.239981634527089	0.224885215794307	0.248723599632691	0.242387511478421	0.0850321395775941	0.240293847566575	0.545821854912764	0.246519742883379	0.0633425160697888	0.157337006427916	0.224462809917355	0.0735353535353535	0.0931313131313132	0.0535353535353536	0.192580348943985	0.0836730945821855	0.0451239669421487	0.126097337006428	0.0342516069788797	0.117704315886134	0.0339393939393939	0.047089072543618	0.0417447199265381	0.0750045913682277	0.0535353535353535	0.126611570247934	0.0732047750229568	0.218126721763085	0.266005509641873	0.2722681359045	0.0626446280991736	0.293810835629017	0.0962718089990817	0.0396326905417815	0.0618916437098255	0.0654178145087236	0.0334986225895317	0.0475114784205693	0.0716988062442608	0.146354453627181	0.10514233241506	0.0929843893480257	0.0528191000918274	0.0725619834710744	0.0670156106519742	0	0.0697337006427916	0.19842056932966	0.200183654729109	0.265987144168962	0.112929292929293	0.0737373737373737	0.0381083562901745	0.0504315886134068	0.0635996326905418	0.0828282828282828	0.0975390266299357	0.0819467401285583	0.0342883379247016	0.06633608815427	0.133553719008265	0.244279155188246	0.0541046831955923	0.126556473829201	0.110927456382002	0.033682277318641	0.0682460973370064
GCDF261	0.224370982552801	0.241010101010101	0.181707988980716	0.181414141414141	0.139504132231405	0.181836547291093	0.197318640955005	0.0652892561983471	0.104646464646465	0.186170798898072	0.181799816345271	0.0739393939393939	0.0509641873278237	0.052157943067034	0.181505968778696	0.0308723599632691	0.083783287419651	0.153810835629017	0.232543617998164	0.173131313131313	0.187786960514233	0.0744536271808999	0.0920293847566575	0.183250688705234	0.181616161616162	0.241101928374656	0.116069788797061	0.168191000918274	0.144407713498623	0.179944903581267	0.181542699724518	0.0380716253443526	0.181873278236915	0.0702112029384757	0.180899908172635	0.18157943067034	0.16811753902663	0.180036730945822	0.180936639118457	0.182240587695133	0.0809366391184573	0.181487603305785	0.181799816345271	0.216308539944904	0.181965105601469	0.0730762167125804	0.0670339761248852	0.284811753902663	0.248393021120294	0.181689623507805	0.154306703397613	0.340679522497704	0.167621671258035	0.181726354453627	0.176455463728191	0.161340679522498	0.183875114784206	0.178273645546373	0.036951331496786	0.177300275482094	0.544499540863177	0.18157943067034	0.041267217630854	0.22198347107438	0.1621854912764	0.138236914600551	0.0354820936639118	0.111864095500459	0.257447199265381	0.033425160697888	0.103856749311295	0.0649586776859504	0.0604591368227732	0.0572819100091827	0.0725068870523416	0.0381267217630854	0.0424609733700643	0.0343067033976125	0.114031221303949	0.189733700642792	0.0305050505050505	0.28257116620753	0.331386593204775	0.337410468319559	0.124058769513315	0.358732782369146	0.0423691460055097	0.083801652892562	0.0441873278236915	0.126464646464647	0.081763085399449	0.0646831955922865	0.134178145087236	0.203434343434343	0.048099173553719	0.03722681359045	0.112745638200184	0.0334435261707989	0.12	0.0697337006427916	0	0.262809917355372	0.263985307621671	0.33089072543618	0.178769513314968	0.13287419651056	0.0913498622589532	0.0376308539944904	0.123085399449036	0.0315151515151515	0.162075298438935	0.146115702479339	0.052653810835629	0.0346189164370983	0.0703397612488522	0.308741965105601	0.0330027548209366	0.189880624426079	0.171331496786042	0.0708356290174472	0.0315886134067952
GCDF262	0.0689990817263545	0.0477869605142332	0.44238751147842	0.44238751147842	0.137061524334252	0.44238751147842	0.110247933884298	0.210156106519743	0.211404958677686	0.44238751147842	0.442277318640955	0.20910927456382	0.302865013774105	0.305564738292011	0.442442607897153	0.269035812672176	0.183011937557392	0.202350780532599	0.0451423324150597	0.130725436179982	0.149366391184573	0.334508723599633	0.203856749311295	0.442460973370064	0.442736455463728	0.0431037649219468	0.16137741046832	0.309954086317723	0.126703397612488	0.439944903581267	0.442479338842975	0.262956841138659	0.44238751147842	0.212782369146006	0.442148760330578	0.442736455463728	0.422607897153351	0.44038567493113	0.44198347107438	0.442424242424242	0.187768595041322	0.442424242424242	0.442552800734619	0.0531864095500459	0.44257116620753	0.330762167125803	0.222699724517906	0.0395408631772268	0.0385858585858586	0.442442607897153	0.41504132231405	0.0822038567493113	0.424573002754821	0.442479338842975	0.437116620752985	0.421891643709826	0.443820018365473	0.439320477502296	0.278714416896235	0.437061524334252	0.578898071625344	0.442901744719926	0.254949494949495	0.051643709825528	0.421046831955923	0.134508723599633	0.287988980716253	0.172249770431589	0.0378145087235996	0.275959595959596	0.163875114784206	0.319155188246097	0.211919191919192	0.312635445362718	0.196969696969697	0.237281910009183	0.22931129476584	0.265362718089991	0.155518824609734	0.0775573921028467	0.26653810835629	0.0381450872359963	0.0773370064279155	0.0785674931129477	0.173370064279155	0.10137741046832	0.286391184573003	0.195408631772268	0.250927456382002	0.140312213039486	0.189880624426079	0.225509641873278	0.16139577594123	0.199393939393939	0.295629017447199	0.286225895316804	0.155555555555556	0.264977043158861	0.189201101928375	0.19842056932966	0.262809917355372	0	0.0381634527089073	0.0754637281910009	0.0967860422405877	0.133057851239669	0.176363636363636	0.240752984389348	0.144591368227732	0.277116620752984	0.109623507805326	0.122754820936639	0.216308539944903	0.253921028466483	0.329770431588613	0.0542883379247016	0.24712580348944	0.0776308539944904	0.0991735537190082	0.203893480257117	0.261671258034894
GCDF263	0.07267217630854	0.0502479338842975	0.444205693296602	0.444205693296602	0.140734618916437	0.444205693296602	0.112488521579431	0.212194674012856	0.213535353535354	0.444224058769513	0.444077134986226	0.210615243342516	0.304830119375574	0.306831955922865	0.444205693296602	0.270413223140496	0.184977043158861	0.205766758494031	0.0476216712580349	0.132708907254362	0.152580348943985	0.336418732782369	0.206097337006428	0.444205693296602	0.444279155188246	0.0436914600550964	0.163471074380165	0.311386593204775	0.128741965105601	0.44198347107438	0.443269054178145	0.26494031221304	0.444205693296602	0.214563820018366	0.444205693296602	0.444224058769513	0.424426078971533	0.441763085399449	0.444205693296602	0.444205693296602	0.190449954086318	0.444224058769513	0.444224058769513	0.0552800734618916	0.444279155188246	0.332580348943985	0.227768595041322	0.0438567493112948	0.0363452708907254	0.444205693296602	0.416859504132231	0.0820569329660239	0.426850321395776	0.444260789715335	0.438934802571166	0.423709825528007	0.444775022956841	0.441083562901745	0.280018365472911	0.439081726354454	0.574325068870523	0.444370982552801	0.25643709825528	0.0512396694214876	0.423085399449036	0.138089990817264	0.288999081726354	0.174600550964187	0.0349862258953168	0.277704315886134	0.166648301193756	0.31979797979798	0.213370064279155	0.314343434343434	0.199136822773186	0.239063360881543	0.230560146923783	0.26712580348944	0.157667584940312	0.0796326905417815	0.267970615243343	0.0399632690541782	0.075941230486685	0.0792653810835629	0.176088154269972	0.10058769513315	0.287695133149678	0.197539026629936	0.252341597796143	0.141763085399449	0.192121212121212	0.227988980716253	0.164866850321396	0.204095500459137	0.296749311294766	0.287695133149678	0.157741046831956	0.266262626262626	0.190780532598714	0.200183654729109	0.263985307621671	0.0381634527089073	0	0.0750229568411387	0.101065197428834	0.134141414141414	0.178365472910927	0.242460973370064	0.145509641873278	0.278034894398531	0.112892561983471	0.124793388429752	0.21763085399449	0.255831037649219	0.331074380165289	0.0543801652892562	0.248062442607897	0.07821854912764	0.10119375573921	0.205454545454546	0.263489439853076
GCDF265	0.131460055096419	0.10595041322314	0.509403122130395	0.509366391184573	0.202222222222222	0.509641873278237	0.17623507805326	0.277483930211203	0.278677685950413	0.50951331496786	0.509421487603306	0.276161616161616	0.370211202938476	0.37325987144169	0.509862258953168	0.336657483930211	0.249788797061524	0.268135904499541	0.104462809917355	0.197337006427915	0.21564738292011	0.401891643709826	0.271331496786042	0.509752066115703	0.510137741046832	0.0981267217630853	0.228282828282828	0.376951331496786	0.193241505968779	0.507033976124886	0.510321395775941	0.329788797061524	0.509752066115703	0.280091827364555	0.509641873278237	0.510156106519743	0.489862258953168	0.507970615243342	0.509641873278237	0.509660238751148	0.254527089072544	0.509788797061524	0.510119375573921	0.116418732782369	0.510119375573921	0.398071625344353	0.288301193755739	0.0595224977043159	0.0859320477502296	0.509715335169881	0.482038567493113	0.0329660238751148	0.492231404958678	0.509917355371901	0.504370982552801	0.489146005509642	0.511790633608815	0.506685032139577	0.346574839302112	0.504517906336088	0.583103764921947	0.510596877869605	0.322809917355372	0.111258034894399	0.488337924701561	0.201303948576676	0.356106519742883	0.239173553719008	0.0808080808080808	0.343507805325987	0.230982552800735	0.387309458218549	0.279981634527089	0.38020202020202	0.265160697887971	0.305068870523416	0.297263544536272	0.332543617998164	0.222148760330578	0.142956841138659	0.334159779614325	0.0565105601469238	0.0601836547291093	0.0320661157024793	0.239981634527089	0.055941230486685	0.353994490358127	0.262626262626263	0.318916437098255	0.207988980716253	0.257245179063361	0.292653810835629	0.228539944903581	0.265270890725436	0.363489439853076	0.354104683195592	0.222607897153352	0.333131313131313	0.257392102846648	0.265987144168962	0.33089072543618	0.0754637281910009	0.0750229568411387	0	0.162387511478421	0.200514233241506	0.243838383838384	0.30850321395776	0.21168044077135	0.345068870523416	0.176363636363636	0.18951331496786	0.283930211202938	0.321634527089073	0.397649219467401	0.0366942148760331	0.315206611570248	0.143085399449036	0.166299357208448	0.270817263544536	0.328760330578513
GCDF266	0.0599449035812672	0.071129476584022	0.349715335169881	0.349660238751148	0.054435261707989	0.350468319559229	0.0551147842056933	0.120734618916437	0.122901744719927	0.34989898989899	0.352561983471074	0.124132231404959	0.212708907254362	0.22058769513315	0.354288337924701	0.183875114784206	0.0995224977043159	0.119173553719008	0.0659136822773186	0.05188246097337	0.0823691460055096	0.243617998163453	0.111955922865014	0.354435261707989	0.356896235078053	0.0750964187327824	0.0721946740128558	0.218971533516988	0.0451239669421488	0.348503213957759	0.358585858585859	0.174563820018365	0.35267217630854	0.124903581267218	0.35208448117539	0.355665748393021	0.330284664830119	0.354637281910009	0.349807162534435	0.352378328741965	0.103048668503214	0.35325987144169	0.355684113865932	0.0601469237832874	0.35583103764922	0.240661157024793	0.136969696969697	0.117006427915519	0.0844260789715335	0.353131313131313	0.322920110192837	0.169182736455464	0.333112947658402	0.354527089072543	0.345913682277319	0.32931129476584	0.360110192837466	0.350835629017447	0.194233241505969	0.344683195592286	0.556786042240588	0.357263544536272	0.16989898989899	0.0628282828282828	0.328539944903581	0.0505968778696051	0.204260789715335	0.0871074380165289	0.0914784205693297	0.189843893480257	0.0800183654729109	0.235812672176308	0.127933884297521	0.226317722681359	0.11406795224977	0.151441689623508	0.145417814508724	0.177998163452709	0.0705601469237833	0.0413223140495868	0.180955004591368	0.115702479338843	0.161028466483012	0.167456382001837	0.083544536271809	0.189770431588613	0.201469237832874	0.104297520661157	0.167199265381084	0.0581818181818182	0.103287419651056	0.134949494949495	0.0733884297520661	0.141597796143251	0.211404958677686	0.201799816345271	0.0702112029384757	0.181248852157943	0.108393021120294	0.112929292929293	0.178769513314968	0.0967860422405877	0.101065197428834	0.162387511478421	0	0.0536455463728191	0.0913682277318641	0.154692378328742	0.0619834710743802	0.19325987144169	0.0347474747474747	0.0438383838383838	0.131753902662994	0.168888888888889	0.244995408631772	0.140734618916437	0.163250688705234	0.039485766758494	0.0445179063360882	0.116473829201102	0.17228650137741
GCDF267	0.0949862258953168	0.110945821854913	0.311074380165289	0.311074380165289	0.0452892561983471	0.311074380165289	0.0707805325987144	0.085564738292011	0.0896969696969697	0.311625344352617	0.31127640036731	0.0857300275482093	0.173241505968779	0.175114784205693	0.311147842056933	0.140752984389348	0.0660422405876951	0.103397612488522	0.102387511478421	0.0525436179981635	0.0805876951331497	0.203471074380165	0.0776124885215795	0.311313131313131	0.311404958677686	0.111111111111111	0.0451606978879706	0.1922681359045	0.0346189164370983	0.309090909090909	0.311129476584022	0.139504132231405	0.311258034894399	0.0826078971533518	0.311074380165289	0.311460055096419	0.292966023875115	0.308815426997245	0.311074380165289	0.311184573002755	0.0740679522497704	0.311294765840221	0.31127640036731	0.0872910927456382	0.311313131313131	0.199816345270891	0.12	0.154582185491276	0.118512396694215	0.311074380165289	0.283893480257116	0.21030303030303	0.294380165289256	0.311221303948577	0.305803489439853	0.290578512396694	0.312708907254362	0.307988980716253	0.149090909090909	0.306262626262626	0.549256198347107	0.311496786042241	0.1255463728191	0.0931496786042241	0.290156106519743	0.0383838383838384	0.157906336088154	0.0591368227731864	0.12752984389348	0.147474747474747	0.0522130394857668	0.188888888888889	0.0872176308539945	0.182075298438935	0.0738292011019284	0.109421487603306	0.100110192837466	0.139540863177227	0.0445730027548209	0.0638751147842057	0.137447199265381	0.152488521579431	0.201248852157943	0.207089072543618	0.0612121212121212	0.228595041322314	0.159779614325069	0.0711111111111111	0.124077134986226	0.03267217630854	0.0671258034894398	0.106152433425161	0.0524517906336089	0.135114784205693	0.167511478420569	0.156988062442608	0.04178145087236	0.135941230486685	0.0703213957759412	0.0737373737373737	0.13287419651056	0.133057851239669	0.134141414141414	0.200514233241506	0.0536455463728191	0	0.054931129476584	0.113370064279155	0.0351515151515152	0.146317722681359	0.0414692378328742	0.0346372819100092	0.090119375573921	0.129770431588613	0.198383838383838	0.178494031221304	0.117116620752984	0.0620569329660239	0.0500642791551882	0.083801652892562	0.132837465564738
GCDF269	0.137337006427916	0.153278236914601	0.267676767676768	0.268356290174472	0.0548209366391185	0.268356290174472	0.111000918273646	0.0438383838383838	0.0643893480257117	0.268062442607897	0.26791551882461	0.0478053259871442	0.129127640036731	0.133829201101928	0.268962350780532	0.098236914600551	0.0334986225895317	0.094435261707989	0.145821854912764	0.0870523415977962	0.10356290174472	0.160569329660239	0.0535537190082645	0.2689072543618	0.269641873278237	0.153957759412305	0.0441689623507805	0.17287419651056	0.0600183654729109	0.26595041322314	0.270321395775941	0.0934618916437098	0.268503213957759	0.0510560146923783	0.267603305785124	0.269366391184573	0.249403122130395	0.267309458218549	0.268356290174472	0.268429752066116	0.036198347107438	0.268760330578512	0.269127640036731	0.13208448117539	0.269146005509642	0.157043158861341	0.0737924701561065	0.198567493112948	0.162387511478421	0.268484848484848	0.241010101010101	0.253094582185492	0.251019283746556	0.269035812672176	0.263085399449036	0.247860422405877	0.271845730027548	0.2655463728191	0.107438016528926	0.263305785123967	0.546244260789715	0.269843893480257	0.0839118457300276	0.135610651974288	0.247346189164371	0.0540312213039486	0.11682277318641	0.0421487603305785	0.170670339761249	0.104573002754821	0.0353535353535354	0.14811753902663	0.0474747474747474	0.139320477502296	0.0369880624426079	0.0685766758494031	0.0591184573002755	0.0950596877869605	0.0390449954086318	0.104848484848485	0.0950596877869605	0.196602387511478	0.243746556473829	0.250339761248852	0.0510009182736455	0.272047750229568	0.117116620752984	0.0419100091827364	0.0821303948576676	0.0458769513314968	0.0337373737373737	0.0624609733700643	0.055959595959596	0.137612488521579	0.12475665748393	0.11485766758494	0.038989898989899	0.094692378328742	0.0644995408631772	0.0381083562901745	0.0913498622589532	0.176363636363636	0.178365472910927	0.243838383838384	0.0913682277318641	0.054931129476584	0	0.0701744719926538	0.0455096418732783	0.105252525252525	0.0761065197428834	0.0615426997245179	0.0488154269972452	0.0859136822773187	0.157190082644628	0.222314049586777	0.0761065197428833	0.105087235996327	0.0925068870523416	0.0425160697887971	0.0899908172635445
GCDF271	0.200936639118457	0.216932966023875	0.20297520661157	0.20297520661157	0.115482093663912	0.20315886134068	0.173186409550046	0.0454361799816345	0.0829752066115702	0.206629935720845	0.203728191000918	0.0568411386593205	0.0689072543617998	0.0731313131313131	0.203654729109275	0.0429568411386593	0.0626997245179063	0.130174471992654	0.209678604224059	0.148943985307622	0.164297520661157	0.0966574839302112	0.071643709825528	0.204536271808999	0.20475665748393	0.218438934802571	0.0934802571166207	0.16574839302112	0.121744719926538	0.201707988980716	0.206207529843894	0.0439669421487603	0.203342516069789	0.0523048668503214	0.202699724517906	0.204370982552801	0.188044077134986	0.202791551882461	0.202736455463728	0.203287419651056	0.0608999081726354	0.203636363636364	0.204591368227732	0.194545454545455	0.204499540863177	0.0931864095500459	0.0566758494031221	0.262956841138659	0.22595041322314	0.203250688705234	0.175775941230487	0.317300275482094	0.188264462809917	0.204077134986226	0.197851239669421	0.18257116620753	0.207768595041322	0.200440771349862	0.049605142332415	0.198438934802571	0.541414141414141	0.205068870523416	0.0420569329660239	0.199173553719008	0.183617998163453	0.114233241505969	0.0565656565656566	0.0894031221303949	0.235371900826446	0.0484297520661157	0.0818916437098255	0.0873829201101928	0.0445362718089991	0.0772268135904499	0.0539393939393939	0.0307805325987144	0.0323232323232323	0.0429017447199265	0.0914967860422406	0.16791551882461	0.0401101928374656	0.261083562901745	0.308595041322314	0.31465564738292	0.0998530762167126	0.336547291092746	0.0600918273645546	0.062516069788797	0.0424242424242424	0.104481175390266	0.0606611570247934	0.0500459136822773	0.111221303948577	0.182791551882461	0.0677869605142332	0.0574288337924702	0.0899540863177227	0.0419283746556474	0.100330578512397	0.0504315886134068	0.0376308539944904	0.240752984389348	0.242460973370064	0.30850321395776	0.154692378328742	0.113370064279155	0.0701744719926538	0	0.102112029384757	0.048099173553719	0.13860422405877	0.123085399449036	0.0405509641873278	0.0372451790633609	0.0927640036730946	0.28692378328742	0.0343434343434343	0.168264462809917	0.150358126721763	0.0514967860422406	0.0357759412304867
GCDF272	0.104793388429752	0.120422405876951	0.299485766758494	0.299449035812672	0.0410284664830119	0.299540863177227	0.0791000918273646	0.0737006427915519	0.0822405876951332	0.300165289256198	0.299559228650138	0.0759044995408632	0.161046831955923	0.165601469237833	0.299706152433425	0.129329660238751	0.0583287419651056	0.0986042240587695	0.112782369146005	0.0580532598714417	0.082038567493113	0.192213039485767	0.0686685032139578	0.299944903581267	0.300899908172635	0.121616161616162	0.037979797979798	0.185234159779614	0.0358494031221304	0.297483930211203	0.301524334251607	0.128980716253444	0.299669421487603	0.0741046831955923	0.299247015610652	0.300348943985307	0.281175390266299	0.298512396694215	0.299026629935721	0.29959595959596	0.0648301193755739	0.299816345270891	0.300661157024793	0.0989164370982553	0.300385674931129	0.188393021120294	0.108980716253444	0.165821854912764	0.129348025711662	0.299651056014692	0.272121212121212	0.220422405876951	0.282222222222222	0.300220385674931	0.294214876033058	0.278953168044077	0.302901744719926	0.296730945821855	0.139155188246097	0.294031221303949	0.54653810835629	0.300936639118457	0.114380165289256	0.103122130394858	0.278861340679522	0.0391919191919192	0.148448117539027	0.051129476584022	0.138273645546373	0.137281910009183	0.0439669421487603	0.180257116620753	0.0780348943985307	0.170707070707071	0.0662075298438934	0.0985123966942149	0.0908539944903581	0.128007346189164	0.0412304866850322	0.0738659320477502	0.126850321395776	0.163875114784206	0.211606978879706	0.217777777777778	0.0555188246097337	0.239375573921028	0.149715335169881	0.0610835629017447	0.114049586776859	0.0326354453627181	0.0563820018365473	0.0937557392102847	0.0487052341597796	0.134325068870523	0.158659320477502	0.147438016528926	0.0370247933884297	0.126189164370983	0.0664462809917355	0.0635996326905418	0.123085399449036	0.144591368227732	0.145509641873278	0.21168044077135	0.0619834710743802	0.0351515151515152	0.0455096418732783	0.102112029384757	0	0.136988062442608	0.0476584022038567	0.0389348025711662	0.0815426997245179	0.11842056932966	0.188209366391185	0.189807162534435	0.107162534435262	0.0720293847566575	0.0585674931129477	0.0730762167125803	0.122314049586777
GCDF273	0.238879706152433	0.255500459136823	0.168209366391185	0.166868686868687	0.153976124885216	0.16852157943067	0.211808999081726	0.0776859504132231	0.118604224058769	0.17862258953168	0.168797061524334	0.0863177226813591	0.0454545454545455	0.0446648301193756	0.167419651056015	0.0340679522497704	0.0968411386593205	0.168227731864095	0.24692378328742	0.187603305785124	0.202387511478421	0.0649403122130395	0.103783287419651	0.171753902662994	0.167768595041322	0.255610651974288	0.12910927456382	0.167842056932966	0.158677685950413	0.168154269972452	0.16712580348944	0.0459871441689624	0.168980716253443	0.078494031221304	0.166501377410468	0.166629935720845	0.161818181818182	0.165417814508724	0.167089072543618	0.168962350780533	0.0957759412304867	0.168466483011938	0.168503213957759	0.23030303030303	0.167823691460055	0.0637465564738292	0.0805509641873278	0.298989898989899	0.262718089990817	0.16811753902663	0.140863177226814	0.355004591368228	0.160955004591368	0.168833792470156	0.163067033976125	0.148099173553719	0.170743801652893	0.163930211202938	0.0325252525252525	0.166317722681359	0.543801652892562	0.168356290174472	0.0459871441689623	0.236179981634527	0.151313131313131	0.152837465564738	0.0319559228650138	0.126152433425161	0.271955922865014	0.0345087235996327	0.117741046831956	0.0560514233241506	0.0713682277318641	0.0476767676767677	0.0850872359963269	0.0482093663911846	0.0536088154269973	0.0396326905417814	0.12831955922865	0.204058769513315	0.0326905417814509	0.29684113865932	0.345987144168962	0.351772268135904	0.137667584940312	0.373186409550046	0.0403305785123967	0.0978145087235997	0.0520293847566575	0.140422405876951	0.0953351698806244	0.0789715335169881	0.148833792470156	0.217575757575758	0.0443526170798898	0.0352249770431589	0.127162534435262	0.0370247933884297	0.133278236914601	0.0828282828282828	0.0315151515151515	0.277116620752984	0.278034894398531	0.345068870523416	0.19325987144169	0.146317722681359	0.105252525252525	0.048099173553719	0.136988062442608	0	0.17643709825528	0.16038567493113	0.0641505968778696	0.0410835629017447	0.0566207529843893	0.323103764921947	0.0414508723599633	0.204113865932048	0.185362718089991	0.0847382920110193	0.0353168044077135
GCDF274	0.0707988980716253	0.0835629017447199	0.335169880624426	0.335206611570248	0.0470707070707071	0.335280073461892	0.0539944903581267	0.106721763085399	0.10910927456382	0.335463728191001	0.336584022038568	0.110284664830119	0.197502295684114	0.203930211202939	0.338034894398531	0.167309458218549	0.0871074380165289	0.110358126721763	0.0791184573002755	0.0456198347107438	0.0773553719008264	0.227933884297521	0.0979063360881543	0.337961432506887	0.339981634527089	0.0867217630853994	0.0590449954086318	0.207291092745638	0.0348025711662075	0.333682277318641	0.341744719926538	0.159908172635445	0.336675849403122	0.108246097337007	0.336216712580349	0.339044995408632	0.315592286501378	0.33801652892562	0.335133149678604	0.336216712580349	0.0914049586776859	0.336951331496786	0.339173553719008	0.0688154269972451	0.339247015610652	0.224921946740128	0.130817263544536	0.131056014692378	0.0959595959595959	0.336694214876033	0.308044077134986	0.184205693296602	0.317943067033976	0.338108356290174	0.33050505050505	0.314637281910009	0.343213957759412	0.334214876033058	0.177355371900826	0.330009182736455	0.550945821854913	0.340385674931129	0.153406795224977	0.0711845730027548	0.314159779614325	0.0415059687786961	0.18752984389348	0.0737557392102847	0.104389348025712	0.174325068870523	0.0692561983471074	0.218953168044077	0.11325987144169	0.209641873278237	0.0989164370982552	0.136014692378329	0.129329660238751	0.162479338842975	0.0581634527089072	0.0447382920110193	0.164646464646465	0.12910927456382	0.175684113865932	0.181965105601469	0.0741597796143251	0.204205693296602	0.186152433425161	0.0911845730027548	0.151056014692378	0.0441322314049587	0.0892011019283747	0.122644628099174	0.0621303948576676	0.137575757575758	0.195665748393021	0.185307621671258	0.0566942148760331	0.164995408631772	0.0933516988062442	0.0975390266299357	0.162075298438935	0.109623507805326	0.112892561983471	0.176363636363636	0.0347474747474747	0.0414692378328742	0.0761065197428834	0.13860422405877	0.0476584022038567	0.17643709825528	0	0.0365656565656566	0.116051423324151	0.153957759412305	0.228025711662075	0.154563820018365	0.146464646464646	0.0441873278236915	0.0388246097337007	0.103232323232323	0.156675849403122
GCDF275	0.0846648301193756	0.0995224977043159	0.323269054178145	0.323269054178145	0.0383838383838384	0.323269054178145	0.0666850321395776	0.0919559228650138	0.0969329660238751	0.323636363636364	0.323599632690542	0.0923048668503214	0.184205693296602	0.188227731864095	0.324022038567493	0.151662075298439	0.0702479338842975	0.105417814508724	0.0925436179981634	0.0528191000918274	0.0818365472910927	0.215518824609734	0.0886501377410468	0.323691460055097	0.324848484848485	0.100899908172635	0.0505417814508724	0.200348943985308	0.0320661157024793	0.321046831955923	0.325730027548209	0.145123966942149	0.323507805325987	0.0952984389348026	0.323287419651056	0.324481175390266	0.303581267217631	0.32257116620753	0.323269054178145	0.323434343434343	0.0752433425160698	0.323617998163453	0.324224058769513	0.0808999081726354	0.324315886134068	0.211808999081726	0.114802571166208	0.143673094582185	0.108815426997245	0.323471074380165	0.295959595959596	0.1978145087236	0.305858585858586	0.323783287419651	0.318034894398531	0.30277318640955	0.327254361799816	0.320606060606061	0.16157943067034	0.318145087235996	0.558438934802571	0.32494031221304	0.137704315886134	0.0855096418732783	0.302148760330578	0.0344536271808999	0.171570247933884	0.0612488521579431	0.116969696969697	0.158402203856749	0.0541046831955923	0.20277318640955	0.0961432506887052	0.194674012855831	0.0824793388429752	0.120661157024793	0.112892561983471	0.147162534435262	0.0449035812672176	0.0574104683195592	0.148999081726354	0.141634527089072	0.188999081726355	0.194820936639118	0.0648668503213958	0.216767676767677	0.169935720844812	0.0787511478420569	0.135224977043159	0.0370615243342516	0.0743067033976125	0.108888888888889	0.0574839302112029	0.136106519742883	0.178842975206612	0.169201101928375	0.046574839302112	0.148852157943067	0.0809182736455464	0.0819467401285583	0.146115702479339	0.122754820936639	0.124793388429752	0.18951331496786	0.0438383838383838	0.0346372819100092	0.0615426997245179	0.123085399449036	0.0389348025711662	0.16038567493113	0.0365656565656566	0	0.100550964187328	0.138089990817264	0.212378328741965	0.167456382001837	0.130780532598714	0.0552249770431588	0.0484848484848485	0.0881542699724518	0.142883379247016
GCDF277	0.177979797979798	0.194196510560147	0.22791551882461	0.227658402203857	0.0930394857667585	0.227952249770432	0.151735537190083	0.0341230486685032	0.0690174471992654	0.22931129476584	0.227621671258035	0.0408080808080808	0.0910927456382002	0.0932598714416896	0.22771349862259	0.0596326905417814	0.0436547291092746	0.111992653810836	0.185730027548209	0.126831955922865	0.142203856749311	0.120661157024793	0.0567860422405877	0.228466483011938	0.228099173553719	0.194306703397612	0.0737741046831956	0.170045913682277	0.0986593204775023	0.225362718089991	0.227603305785124	0.0622222222222222	0.228191000918274	0.0433057851239669	0.227842056932966	0.228007346189164	0.211000918273646	0.225693296602387	0.227842056932966	0.227933884297521	0.04178145087236	0.227878787878788	0.228154269972452	0.170247933884298	0.228044077134986	0.11722681359045	0.0505601469237833	0.237979797979798	0.201634527089073	0.227952249770432	0.200348943985308	0.293682277318641	0.212011019283747	0.228135904499541	0.22257116620753	0.207401285583104	0.229090909090909	0.224775022956841	0.0685950413223141	0.223397612488522	0.54692378328742	0.228246097337006	0.0497704315886134	0.175775941230487	0.207309458218549	0.0920477502295684	0.0753351698806244	0.0674931129476584	0.210835629017447	0.0670156106519743	0.0599265381083563	0.107970615243343	0.0317722681359045	0.0994674012855831	0.0348393021120294	0.0359228650137741	0.0328558310376492	0.0609550045913682	0.0691827364554637	0.143948576675849	0.0591551882460973	0.235831037649219	0.284573002754821	0.290523415977961	0.0788797061524334	0.311772268135904	0.0803673094582186	0.0479522497704316	0.0489256198347108	0.0826078971533516	0.0425528007346189	0.0451239669421488	0.0900826446280992	0.15941230486685	0.087584940312213	0.0764738292011019	0.0682460973370064	0.0557208448117539	0.0799449035812672	0.0342883379247016	0.052653810835629	0.216308539944903	0.21763085399449	0.283930211202938	0.131753902662994	0.090119375573921	0.0488154269972452	0.0405509641873278	0.0815426997245179	0.0641505968778696	0.116051423324151	0.100550964187328	0	0.0514416896235078	0.115261707988981	0.261928374655648	0.0406611570247934	0.14376492194674	0.127603305785124	0.0383471074380165	0.0525436179981634
GCDF278	0.214765840220386	0.231147842056933	0.189770431588613	0.18969696969697	0.129862258953168	0.189715335169881	0.18811753902663	0.06178145087236	0.100642791551882	0.191790633608815	0.189825528007346	0.0692929292929293	0.0545454545454545	0.057465564738292	0.190119375573921	0.0357208448117539	0.0759779614325069	0.144885215794307	0.223287419651056	0.164334251606979	0.178934802571166	0.0831588613406795	0.0907438016528925	0.190247933884298	0.190413223140496	0.23188246097337	0.111937557392103	0.170909090909091	0.136216712580349	0.18752984389348	0.190835629017447	0.0359963269054178	0.190137741046832	0.0746372819100092	0.18969696969697	0.190284664830119	0.172011019283747	0.188135904499541	0.18969696969697	0.189825528007346	0.0718824609733701	0.189843893480257	0.19048668503214	0.208852157943067	0.190376492194674	0.0788062442607897	0.0555922865013774	0.275739210284665	0.239302112029385	0.18989898989899	0.162442607897153	0.330909090909091	0.173223140495868	0.190045913682277	0.184426078971533	0.169201101928375	0.192213039485767	0.186795224977043	0.0410284664830119	0.185068870523416	0.546978879706152	0.190780532598714	0.0436730945821855	0.213259871441689	0.169384756657484	0.129384756657484	0.0444995408631772	0.103048668503214	0.248356290174472	0.0388613406795225	0.0966207529843894	0.0699724517906336	0.0579614325068871	0.063544536271809	0.0697153351698806	0.0377777777777778	0.0451606978879706	0.0345638200183655	0.107052341597796	0.182130394857668	0.035702479338843	0.273792470156106	0.32198347107438	0.327970615243343	0.116859504132231	0.349623507805326	0.0421854912764004	0.0809366391184573	0.0461340679522498	0.120808080808081	0.0759963269054178	0.0593755739210285	0.127566574839302	0.195004591368228	0.0507254361799816	0.0421303948576676	0.106005509641873	0.0408080808080808	0.117098255280073	0.06633608815427	0.0346189164370983	0.253921028466483	0.255831037649219	0.321634527089073	0.168888888888889	0.129770431588613	0.0859136822773187	0.0372451790633609	0.11842056932966	0.0410835629017447	0.153957759412305	0.138089990817264	0.0514416896235078	0	0.0804591368227732	0.299706152433425	0.0391000918273645	0.18198347107438	0.166776859504132	0.064040404040404	0.0340863177226814
GCDF279	0.290560146923783	0.307180899908173	0.120771349862259	0.11684113865932	0.205766758494031	0.122754820936639	0.263415977961432	0.128741965105601	0.169843893480257	0.143617998163453	0.12732782369146	0.138181818181818	0.0462075298438935	0.0408264462809917	0.118365472910927	0.067584940312213	0.149017447199265	0.219889807162534	0.298971533516988	0.23921028466483	0.253994490358127	0.0323783287419651	0.154123048668503	0.132561983471074	0.119724517906336	0.307768595041322	0.180422405876951	0.187070707070707	0.210431588613407	0.125491276400367	0.124609733700643	0.0790449954086318	0.125032139577594	0.125032139577594	0.11584940312213	0.117979797979798	0.129531680440771	0.119100091827365	0.122314049586777	0.125032139577594	0.146427915518825	0.123581267217631	0.124389348025712	0.28317722681359	0.123581267217631	0.0353351698806244	0.126005509641873	0.351717171717172	0.314876033057851	0.121965105601469	0.0956657483930211	0.406997245179063	0.127750229568411	0.122791551882461	0.11880624426079	0.1077318640955	0.129825528007346	0.116602387511478	0.0598898071625344	0.126483011937557	0.542056932966024	0.119522497704316	0.0923599632690541	0.288172635445363	0.113553719008264	0.204426078971534	0.0502295684113866	0.178108356290174	0.324224058769513	0.062534435261708	0.169972451790634	0.0406978879706152	0.122534435261708	0.0355004591368228	0.136730945821855	0.0944719926538109	0.102516069788797	0.0750229568411387	0.180018365472911	0.256455463728191	0.0671808999081727	0.349660238751148	0.397924701561065	0.403893480257116	0.18910927456382	0.425491276400367	0.0547291092745638	0.148227731864095	0.099742883379247	0.191974288337925	0.146078971533517	0.128888888888889	0.200367309458219	0.270743801652893	0.0511845730027548	0.0547291092745638	0.178769513314968	0.0776308539944904	0.184921946740129	0.133553719008265	0.0703397612488522	0.329770431588613	0.331074380165289	0.397649219467401	0.244995408631772	0.198383838383838	0.157190082644628	0.0927640036730946	0.188209366391185	0.0566207529843893	0.228025711662075	0.212378328741965	0.115261707988981	0.0804591368227732	0	0.375757575757576	0.0865013774104683	0.256510560146924	0.237043158861341	0.135371900826446	0.0753902662993572
GCDF280	0.110247933884298	0.0837465564738292	0.488374655647383	0.488374655647383	0.180752984389348	0.488374655647383	0.155096418732782	0.256161616161616	0.257373737373737	0.488374655647383	0.488374655647383	0.254361799816345	0.348999081726354	0.351404958677686	0.488448117539027	0.31485766758494	0.227878787878788	0.246593204775023	0.0820936639118457	0.17584940312213	0.194306703397612	0.38058769513315	0.250064279155188	0.488374655647383	0.488650137741047	0.0753535353535353	0.207254361799816	0.355426997245179	0.171827364554637	0.486152433425161	0.488411386593205	0.308595041322314	0.488374655647383	0.258824609733701	0.488374655647383	0.488539944903581	0.468595041322314	0.486189164370983	0.488374655647383	0.488374655647383	0.232929292929293	0.488448117539027	0.488539944903581	0.0946556473829201	0.488466483011937	0.376767676767677	0.266593204775023	0.0406427915518824	0.0655280073461892	0.488393021120294	0.461028466483012	0.0393939393939394	0.470964187327824	0.488466483011938	0.483103764921947	0.467878787878788	0.489825528007346	0.485270890725436	0.324628099173554	0.483250688705234	0.586299357208448	0.488778696051423	0.300973370064279	0.0894949494949495	0.467254361799816	0.179577594123049	0.334012855831038	0.217502295684114	0.0602754820936639	0.321928374655647	0.209164370982553	0.365105601469238	0.257869605142332	0.358585858585858	0.243067033976125	0.283489439853076	0.27524334251607	0.311239669421488	0.200238751147842	0.120661157024793	0.312433425160698	0.0392102846648301	0.0555555555555556	0.0374104683195592	0.21921028466483	0.0618549127640037	0.332304866850321	0.241359044995409	0.296951331496786	0.18593204775023	0.235904499540863	0.271423324150597	0.207419651056015	0.242112029384757	0.341487603305785	0.3322681359045	0.201028466483012	0.311037649219467	0.235206611570248	0.244279155188246	0.308741965105601	0.0542883379247016	0.0543801652892562	0.0366942148760331	0.140734618916437	0.178494031221304	0.222314049586777	0.28692378328742	0.189807162534435	0.323103764921947	0.154563820018365	0.167456382001837	0.261928374655648	0.299706152433425	0.375757575757576	0	0.292966023875115	0.12078971533517	0.144315886134068	0.249641873278237	0.307621671258035
GCDF281	0.208852157943067	0.225491276400367	0.199228650137741	0.19842056932966	0.123985307621671	0.199228650137741	0.18178145087236	0.050394857667585	0.0891460055096419	0.205325987144169	0.199706152433425	0.0588613406795225	0.0680073461891644	0.0691827364554637	0.198751147842057	0.0395959595959596	0.0687603305785124	0.138365472910927	0.216804407713499	0.157575757575758	0.172396694214876	0.0937557392102847	0.0753535353535354	0.200881542699725	0.199100091827365	0.225509641873278	0.100348943985308	0.168448117539027	0.128760330578512	0.197704315886134	0.199265381083563	0.0486501377410469	0.198971533516988	0.0548025711662075	0.198365472910927	0.198732782369146	0.187933884297521	0.19623507805326	0.19862258953168	0.199577594123049	0.0673094582185492	0.199081726354454	0.199375573921029	0.200477502295684	0.199191919191919	0.090615243342516	0.0623324150596878	0.268943985307622	0.232745638200184	0.19862258953168	0.171845730027548	0.325032139577594	0.187254361799816	0.198898071625344	0.193755739210285	0.178696051423324	0.200238751147842	0.195500459136823	0.0443158861340679	0.195463728191001	0.544481175390266	0.198640955004591	0.034674012855831	0.20613406795225	0.181175390266299	0.122405876951331	0.0495133149678604	0.0965472910927456	0.241707988980716	0.0463544536271809	0.0890174471992654	0.0829935720844812	0.0461707988980716	0.0736822773186409	0.0579981634527089	0.0316620752984389	0.0328007346189164	0.0439118457300276	0.0990449954086318	0.174104683195592	0.0397061524334252	0.266758494031221	0.315904499540863	0.321763085399449	0.108301193755739	0.343048668503214	0.0602020202020202	0.0694214876033058	0.038236914600551	0.110358126721763	0.0656932966023875	0.0544903581267218	0.119265381083563	0.185711662075298	0.0667584940312213	0.0525068870523416	0.0977043158861341	0.0375941230486685	0.102607897153352	0.0541046831955923	0.0330027548209366	0.24712580348944	0.248062442607897	0.315206611570248	0.163250688705234	0.117116620752984	0.0761065197428833	0.0343434343434343	0.107162534435262	0.0414508723599633	0.146464646464646	0.130780532598714	0.0406611570247934	0.0391000918273645	0.0865013774104683	0.292966023875115	0	0.173994490358127	0.154508723599633	0.0569146005509642	0.0366391184573003
GCDF282	0.0506703397612488	0.0562901744719927	0.36910927456382	0.36910927456382	0.0733700642791552	0.368980716253444	0.0575573921028466	0.138328741965106	0.139687786960514	0.369182736455464	0.369256198347107	0.13783287419651	0.229715335169881	0.232525252525252	0.369329660238751	0.195977961432507	0.113406795224977	0.137594123048668	0.0482277318640955	0.0638200183654729	0.0926354453627181	0.261322314049587	0.131221303948577	0.369164370982553	0.369531680440771	0.05722681359045	0.089623507805326	0.239338842975207	0.0585858585858586	0.366887052341598	0.369421487603306	0.190743801652893	0.369127640036731	0.139449035812672	0.369127640036731	0.369384756657484	0.349329660238751	0.36712580348944	0.36910927456382	0.36910927456382	0.120036730945822	0.369164370982553	0.369421487603306	0.0411937557392103	0.36931129476584	0.257502295684114	0.161561065197429	0.097208448117539	0.0627548209366391	0.36910927456382	0.341763085399449	0.152066115702479	0.351753902662993	0.369292929292929	0.363838383838384	0.348613406795225	0.370798898071625	0.366042240587695	0.205730027548209	0.363985307621671	0.560312213039486	0.36969696969697	0.181965105601469	0.0438567493112948	0.348062442607897	0.0700091827364554	0.214986225895317	0.103746556473829	0.0719375573921029	0.203250688705234	0.0958494031221304	0.246262626262626	0.140312213039486	0.239522497704316	0.125711662075299	0.165032139577594	0.156694214876033	0.193333333333333	0.0869972451790633	0.0310009182736455	0.193792470156107	0.0953719008264463	0.1433608815427	0.148815426997245	0.105417814508724	0.170449954086318	0.214380165289256	0.123875114784206	0.178383838383838	0.0702295684113866	0.118126721763085	0.155867768595041	0.0928007346189165	0.148888888888889	0.223030303030303	0.213370064279155	0.0846831955922865	0.192304866850322	0.11722681359045	0.126556473829201	0.189880624426079	0.0776308539944904	0.07821854912764	0.143085399449036	0.039485766758494	0.0620569329660239	0.105087235996327	0.168264462809917	0.0720293847566575	0.204113865932048	0.0441873278236915	0.0552249770431588	0.14376492194674	0.18198347107438	0.256510560146924	0.12078971533517	0.173994490358127	0	0.0404591368227732	0.13307621671258	0.188760330578512
GCDF284	0.063544536271809	0.0761248852157943	0.348668503213958	0.348668503213958	0.0668503213957759	0.348686868686869	0.0525068870523416	0.121230486685032	0.123287419651056	0.349292929292929	0.348833792470156	0.122277318640955	0.210798898071625	0.21287419651056	0.349017447199265	0.177759412304867	0.103287419651056	0.129568411386593	0.0704315886134068	0.0547107438016529	0.0845913682277319	0.241212121212121	0.112378328741965	0.349090909090909	0.349568411386593	0.0777043158861341	0.072910927456382	0.224132231404959	0.0492561983471074	0.346556473829201	0.350156106519743	0.17564738292011	0.348815426997245	0.11979797979798	0.348686868686869	0.349384756657484	0.329403122130395	0.347382920110193	0.348668503213958	0.348741965105602	0.110192837465565	0.348833792470156	0.34931129476584	0.0575573921028466	0.349513314967861	0.237465564738292	0.154967860422406	0.120440771349862	0.0841322314049587	0.348962350780533	0.321322314049587	0.175335169880624	0.331368227731864	0.34910927456382	0.343397612488522	0.328172635445363	0.351606978879706	0.345840220385675	0.187382920110193	0.343581267217631	0.548852157943067	0.349807162534435	0.158696051423324	0.0615610651974288	0.327584940312213	0.0583838383838384	0.19504132231405	0.0932782369146005	0.0936088154269972	0.18475665748393	0.0836914600550964	0.227750229568411	0.124297520661157	0.22	0.11147842056933	0.147162534435262	0.138934802571166	0.175371900826446	0.0755004591368228	0.0395592286501377	0.176014692378329	0.118530762167126	0.16633608815427	0.172304866850321	0.0932415059687787	0.194159779614325	0.197355371900826	0.106483011937557	0.1566391184573	0.0576859504132232	0.102516069788797	0.141524334251607	0.0798163452708907	0.140367309458218	0.20633608815427	0.191937557392103	0.0710009182736455	0.17010101010101	0.0975573921028467	0.110927456382002	0.171331496786042	0.0991735537190082	0.10119375573921	0.166299357208448	0.0445179063360882	0.0500642791551882	0.0925068870523416	0.150358126721763	0.0585674931129477	0.185362718089991	0.0388246097337007	0.0484848484848485	0.127603305785124	0.166776859504132	0.237043158861341	0.144315886134068	0.154508723599633	0.0404591368227732	0	0.119816345270891	0.169807162534435
GCDF285	0.163415977961433	0.179063360881543	0.244132231404959	0.244132231404959	0.0774288337924702	0.243709825528007	0.136657483930211	0.0353535353535354	0.0653810835629018	0.244738292011019	0.245491276400367	0.0423140495867769	0.105913682277319	0.111717171717172	0.246225895316804	0.075941230486685	0.0373186409550046	0.100348943985308	0.172837465564738	0.112047750229568	0.127199265381084	0.136657483930211	0.0558310376492195	0.245968778696051	0.2477318640955	0.180936639118457	0.064315886134068	0.170780532598714	0.0862993572084481	0.242093663911846	0.249182736455464	0.0718273645546373	0.245123966942149	0.0471808999081726	0.244628099173554	0.246905417814509	0.22495867768595	0.245454545454545	0.244113865932048	0.245087235996327	0.0348760330578512	0.24534435261708	0.246648301193756	0.159044995408632	0.246868686868687	0.133553719008264	0.0529476584022039	0.225528007346189	0.18870523415978	0.245197428833792	0.216896235078053	0.279283746556474	0.227162534435262	0.246152433425161	0.23921028466483	0.223617998163453	0.250468319559229	0.242387511478421	0.0857116620752984	0.239044995408632	0.546776859504132	0.24791551882461	0.0639302112029385	0.163911845730028	0.223250688705234	0.0775206611570248	0.0954086317722681	0.0550964187327824	0.19783287419651	0.0824242424242424	0.0508539944903581	0.12712580348944	0.0374104683195592	0.117704315886134	0.0376124885215794	0.0488337924701561	0.0452525252525253	0.0725619834710744	0.0579247015610652	0.132690541781451	0.0732231404958678	0.223948576675849	0.270082644628099	0.277116620752984	0.0661340679522497	0.299173553719008	0.0937557392102847	0.0436547291092746	0.0632690541781451	0.0722681359044995	0.0393572084481175	0.0459871441689624	0.0767309458218549	0.15089072543618	0.103728191000918	0.0930945821854913	0.0597796143250689	0.0738292011019284	0.0770431588613407	0.033682277318641	0.0708356290174472	0.203893480257117	0.205454545454546	0.270817263544536	0.116473829201102	0.083801652892562	0.0425160697887971	0.0514967860422406	0.0730762167125803	0.0847382920110193	0.103232323232323	0.0881542699724518	0.0383471074380165	0.064040404040404	0.135371900826446	0.249641873278237	0.0569146005509642	0.13307621671258	0.119816345270891	0	0.0671258034894398
GCDF286	0.22020202020202	0.235629017447199	0.181542699724518	0.181414141414141	0.134288337924702	0.182130394857668	0.190082644628099	0.0603673094582186	0.0994123048668503	0.185803489439853	0.183985307621671	0.0727272727272727	0.0505601469237833	0.0556106519742883	0.184921946740129	0.0325987144168962	0.0818549127640037	0.148154269972452	0.229825528007346	0.165876951331497	0.180771349862259	0.0756106519742883	0.0862442607897153	0.185638200183655	0.186703397612488	0.238494031221304	0.110247933884298	0.161689623507805	0.140606060606061	0.18	0.188558310376492	0.0339026629935721	0.183985307621671	0.0686317722681359	0.182681359044995	0.186023875114784	0.167438016528926	0.18495867768595	0.181836547291093	0.18376492194674	0.076951331496786	0.183838383838384	0.185876951331497	0.215463728191001	0.186023875114784	0.0731313131313131	0.0595224977043159	0.283728191000918	0.246207529843894	0.183599632690542	0.154618916437098	0.33722681359045	0.167493112947659	0.185050505050505	0.177116620752984	0.161597796143251	0.190413223140496	0.181175390266299	0.0365656565656566	0.177594123048669	0.536547291092746	0.187180899908173	0.0416528925619835	0.21959595959596	0.161946740128558	0.133131313131313	0.0428282828282828	0.108246097337006	0.255684113865932	0.0359779614325069	0.101432506887052	0.0706152433425161	0.0604591368227732	0.0602020202020202	0.0733700642791552	0.0360146923783287	0.0452157943067034	0.0322314049586777	0.110670339761249	0.188393021120294	0.0295867768595041	0.281873278236915	0.328337924701561	0.335114784205693	0.115922865013774	0.357079889807163	0.0434527089072543	0.078475665748393	0.0446648301193756	0.12455463728191	0.0777961432506887	0.0578696051423324	0.127786960514233	0.203305785123967	0.0515702479338843	0.0409917355371901	0.10969696969697	0.0366023875114784	0.120826446280992	0.0682460973370064	0.0315886134067952	0.261671258034894	0.263489439853076	0.328760330578513	0.17228650137741	0.132837465564738	0.0899908172635445	0.0357759412304867	0.122314049586777	0.0353168044077135	0.156675849403122	0.142883379247016	0.0525436179981634	0.0340863177226814	0.0753902662993572	0.307621671258035	0.0366391184573003	0.188760330578512	0.169807162534435	0.0671258034894398	0
