Eigvals	121
0.7281439577005914	0.3494075925164971	0.23055753405137075	0.19375221196898573	0.15277011386952488	0.14350364065853677	0.13275362585476697	0.1112212296978191	0.08814659146785016	0.07946386479736721	0.07062225412289196	0.05644945119565438	0.04259356068721176	0.0418533163195674	0.030214148451283673	0.029527119847339703	0.026121481697011284	0.025653688196042593	0.02354017261611048	0.02284765002949389	0.021402513684783853	0.01937781479841083	0.018244498241428972	0.016657191714562425	0.015522798326325207	0.014131050292942884	0.013692571898795428	0.012660289871224792	0.011677091804602233	0.011038025208463143	0.010527714594681978	0.009626490462610854	0.009028610638533358	0.008460557909087521	0.008133146521226153	0.007821905071146051	0.007742293220673934	0.006983687604290967	0.006348541324395926	0.00561904114544827	0.005384483591860362	0.005033996064838513	0.005009457362793627	0.004615209568333682	0.004538958901172347	0.004481476742285414	0.004125966127338371	0.0037813578192173254	0.003747054194248173	0.0037275115849884073	0.0035474158686119445	0.0033576151611805632	0.003096344651033575	0.00302261319275393	0.002931950969259009	0.0027467795986402116	0.002567809121093542	0.002424262869267002	0.002325637001757433	0.002167411270308242	0.0019088481955028226	0.0018761633549117575	0.0017831153711484822	0.0017109685358807274	0.0016964595829013311	0.0015179609265171534	0.0013769458217071347	0.0013576636675014136	0.001323075459435988	0.0012149505007609403	0.0011378063290394904	0.0011002708038982051	0.0010206602148621208	0.0008451343827492536	0.0008184126708584743	0.0008134864734698439	0.0007155909538507643	0.0006317337714925232	0.0005897783673134431	0.0005241629447597764	0.000501741185042528	0.00043520793407151275	0.0003477999155532563	0.00030615269260779877	0.00028058047103318023	0.0001926037282314521	0.00014749931026988454	9.102504340640944e-05	5.59084445604847e-05	8.155130439439297e-06	0.0	0.0	0.0	0.0	0.0	0.0	0.0	0.0	0.0	0.0	0.0	0.0	0.0	0.0	0.0	0.0	0.0	0.0	0.0	0.0	0.0	0.0	0.0	0.0	0.0	0.0	0.0	0.0	0.0	0.0	0.0

Proportion explained	121
0.24998056998850937	0.1199558249599629	0.07915317179766526	0.06651746247746444	0.05244781576285035	0.04926652416444012	0.045575914911130506	0.03818358457918598	0.030261784012136375	0.02728089961532557	0.02424546843080883	0.01937977488680981	0.014622881184173169	0.014368746398053566	0.01037288021371601	0.010137015038710404	0.008967818539872219	0.008807219410026582	0.008081624115629764	0.007843872790357465	0.00734774011859495	0.0066526366623100765	0.0062635554704721375	0.0057186140668716405	0.005329163185924633	0.004851359362949893	0.004700824461523575	0.004346429637653993	0.004008885927366182	0.0037894866859470066	0.0036142909203911843	0.0033048898468260356	0.003099630519152017	0.002904611191464635	0.0027922069278671223	0.0026853539982063823	0.002658022293330733	0.0023975838698921136	0.002179530520145674	0.0019290843431068196	0.0018485579165383992	0.0017282313370863569	0.001719806905819592	0.0015844569007367581	0.0015582791304793657	0.0015385448146332207	0.0014164937487395027	0.0012981855757802521	0.0012864087291391834	0.0012796995165581353	0.0012178704931127616	0.0011527096296239667	0.0010630123240884192	0.0010376994285106898	0.0010065739977960602	0.0009430024412607049	0.0008815597258263641	0.0008322785727359366	0.0007984191273406743	0.0007440983325085326	0.0006553305220580362	0.0006441094235451268	0.0006121649326632983	0.0005873960572062331	0.0005824149593101804	0.0005211342257502821	0.0004727220458446529	0.00046610225061326194	0.0004542277031757185	0.0004171071056431539	0.00039062258453400646	0.0003777361877296333	0.00035040491592013137	0.0002901447886537532	0.00028097090387605036	0.0002792796811198051	0.0002456709729311401	0.00021688179460747234	0.00020247800022056987	0.0001799514372290973	0.000172253777700392	0.00014941211318470304	0.00011940389014078586	0.00010510589807446299	9.63266471344666e-05	6.612317421029565e-05	5.063828555360927e-05	3.124999114985385e-05	1.9194040808270777e-05	2.7997542711464055e-06	0.0	0.0	0.0	0.0	0.0	0.0	0.0	0.0	0.0	0.0	0.0	0.0	0.0	0.0	0.0	0.0	0.0	0.0	0.0	0.0	0.0	0.0	0.0	0.0	0.0	0.0	0.0	0.0	0.0	0.0	0.0

Species	0	0

Site	121	121
GA11	0.01614501001190536	0.014297820104218501	0.0221250122684288	-0.0015231829707006744	-0.03050725178919852	-0.002325170218233481	0.014683093746853452	0.0027775304118531096	-0.006447561865852414	-0.006036299597661407	-0.001866163615178148	0.03470907933829207	-0.005641709888086844	0.025580755152279026	0.02395999315964252	0.010626926643938918	-0.01613418359068889	0.02158558123522317	0.004700505750461	-0.00811027016693255	0.017845103141918037	-0.00033423731432242554	-0.023222531440912235	-0.015503030026636676	0.011038099294950613	-0.003563769484336278	-0.007767531702396764	0.010403867283491046	0.03587376376552212	0.045410006138871126	0.06039527551559722	-0.002440370829886919	-0.0011964630903595179	-0.0004487443302717259	-0.00772409628518668	-0.016008934538323635	0.010733519361242607	0.0038156817544241794	0.009087258701309513	-0.0016457125819940685	-0.006490290660294828	0.0028142965935184514	0.0007027693921693708	0.001071654344100426	0.0021515768621983805	0.00020808708692736242	0.0017838928140001356	0.001565330623191683	0.002420598774163774	-0.0020467366036241255	0.002901838499222326	-0.0031585534197903498	0.0015662136678612926	0.00014540581122270648	-0.0014975148752735586	-0.003098282771570915	0.0037354298626242795	-0.0026003497340279886	-0.0005478943973108117	0.0037860062367087496	-0.0028673237420855143	0.001165443938668853	-0.00064502146166919	0.0013836121302864067	-5.496485637443066e-05	0.0009223498512325241	-0.0017124390163807555	-0.001589442069980844	-0.00010993123723712476	0.0016359936002757539	-0.0014341765940590855	0.0012147612515228043	0.0014007084065201455	-0.0012692843122386606	0.0001981863242266978	0.000573647263472175	0.0006696293342075478	-0.00025573606548573636	0.0002801366695739489	-0.0008338153209992808	0.0007943320394238445	0.000556128279072201	0.0008074931299598098	-0.000569894124163589	0.00032810778096839467	0.0001274586111606112	0.0003222910406466207	-0.00022019697868384263	7.247714968858582e-05	-3.73164008413808e-05	0.0	0.0	0.0	0.0	0.0	0.0	0.0	0.0	0.0	0.0	0.0	0.0	0.0	0.0	0.0	0.0	0.0	0.0	0.0	0.0	0.0	0.0	0.0	0.0	0.0	0.0	0.0	0.0	0.0	0.0	0.0
GA13	-0.01575222854897116	0.01953259223217456	0.0005868051187950886	-0.01697021502100595	0.00404839918850235	-0.0027114738007393414	-0.006058027535316182	-0.001245401392823079	0.017012210986362155	-0.004762978892460505	0.011796957396196987	-0.0045869825559667135	-0.0051512145954388765	0.02102540971069879	-0.004499522646876376	0.010774259508583716	0.004874298012472243	-0.005695472766668287	-0.0022127238001819404	0.011026730987066129	0.007501745725418818	-0.008979855302671032	-0.0033359653184577014	-0.009720479059947253	0.0037843631805890964	-0.0023282580287251236	-0.0016593242111823774	0.007036829220219531	-0.007427945755224102	-0.004297397939259103	0.0028823887944511716	-0.00625612736907345	-0.001052757447274401	-0.004500864226625142	-0.0127636102518978	0.0015885209595034417	-0.007889513429922869	0.007415905926018549	0.004343656700631436	0.006452644149769287	0.01864572074073009	0.00784129076349398	-0.005950091748849535	0.0118154998946367	-0.013883105825331483	-0.004424190611829577	-0.02528399486698165	-0.009721847746732707	0.0003033821647191887	-0.0007651393704627482	0.011405542067181912	-0.014252786605784357	-0.005135576038336159	-0.015842008399100885	-0.005326771021086778	-0.007172546233253378	-0.018398772877867817	-0.0051883707910344145	0.003186308617859869	0.0019279221644212638	0.006812903862105288	0.0021565858753959683	0.008198799035631	-0.004607490523126737	-0.0011138340199665132	0.002737259948421564	0.000406119435713939	0.0010468714782189276	9.059129545623665e-05	0.002805722140382147	0.0010605593590121546	0.00039607200982437815	0.0006882174205495288	0.00028305008144192256	0.00256751002421291	-7.097425654249747e-05	0.00190174077169172	6.23388208904931e-05	0.000997412051920768	-0.00025389835138125137	-0.00043798112023028465	0.0016904541824525976	0.0006161580517880659	-0.0018128164912000722	-0.0006771089760150428	0.0006815753763298387	0.00028934848196708195	-0.0005008014250288477	-0.00011364212275661659	-5.635588204544282e-05	-0.0	0.0	0.0	0.0	0.0	0.0	0.0	0.0	0.0	0.0	0.0	0.0	0.0	0.0	0.0	0.0	0.0	0.0	0.0	0.0	0.0	0.0	0.0	0.0	0.0	0.0	0.0	0.0	0.0	0.0	0.0
GA17	-0.050204157177429515	-0.16408928813877066	-0.026612867179355876	0.002366497694446833	-0.029774650238268256	0.046033997388756354	0.008721326221422843	0.029906469148557536	-0.012139092116769975	-0.07424032588962928	0.01131196901102446	0.021287333249117094	-0.059446815340731506	-0.003820026856131838	0.05297544392451024	0.047967715518178064	0.035681858134871895	-0.0003079745778248338	0.007927441216292052	-0.02858910494781576	-0.03134064190710375	0.022783056937181148	0.023843959515348814	-0.004760561711820589	-0.019846353809278888	-0.005950440516135736	0.0022428361052448773	0.00043101972103373477	0.006343155938108653	-0.006210245924629667	-0.002793904548510008	0.0007689298291485379	-0.005650414057005593	-0.00038946094459757225	0.0036315666728638186	0.002566168173296038	0.006255409866602665	-0.004339205218461761	0.0010369667703137493	-0.006904793808457389	-0.00413753885403745	-0.005286529737464214	-0.008540206839106716	-0.0022199424971554417	-0.0034996210205713667	-0.006193681923940857	-0.0035948598319208063	-0.001966411109609587	-0.005402344421711117	0.0006134153129765076	0.001267392555940788	-0.004316088964139399	0.00017046018258209773	-7.180847980257454e-05	0.0017850096640627579	-0.0037262925373953595	0.00302280645197409	0.001021990683462673	-0.000294891253614336	0.001511602265056343	0.0011320598694787804	-0.0030354255303404773	-0.0010483152310342126	0.00014716558942751737	-0.0011965673612699286	0.00014261476398290472	0.001883902454916076	-0.0005891908314192036	0.00022812448200863303	-0.0007313876708663762	0.000848316631427826	0.0011851186054228986	0.002876132424644803	0.0003676753939934134	-0.00011189469043631298	4.8013539758394836e-05	-0.0007967481892983899	0.0012592599104467204	-7.695437306292954e-05	-0.0007911568806962571	-0.0010830151705626043	-2.4719701307755028e-05	-0.0008206478529275603	-0.00019932305096529557	0.00038000665588876784	-0.00020052310072313714	-4.421888514900862e-05	0.0001657436621993314	-0.00012181030254988302	8.251936197857546e-05	-0.0	0.0	0.0	0.0	0.0	0.0	0.0	0.0	0.0	0.0	0.0	0.0	0.0	0.0	0.0	0.0	0.0	0.0	0.0	0.0	0.0	0.0	0.0	0.0	0.0	0.0	0.0	0.0	0.0	0.0	0.0
GA18	-0.003158049049070317	-0.01961314970178293	0.009688458521716441	-0.05330204675022715	-0.07563713686051463	0.03566441757094397	0.018091610763885137	0.008802894658410217	-0.0035871917816858072	-0.0806420162381337	-0.02538754099434329	0.007188503969966945	0.008463459645273905	-0.00391981436678213	0.0018511672232575534	-0.01416252070620832	-0.0008669508149445909	0.016407595819211182	-0.0174005454056771	-0.006497966961431321	0.025992903914997777	-0.022465912272069958	0.006198712143251043	-0.0021644489645433166	0.008653098336561596	-0.01066142400703793	0.014187058102384425	-0.007863586569422282	0.0034356305230918097	-0.005808426618214205	0.0025192442456909788	-0.022015458867682795	-0.0002648564988719956	-0.005846271567638144	0.02340320048107574	0.022650552159099103	-0.0069026709511489205	-0.009855023781551132	0.006698166499181415	-0.0010017532227069264	-0.005926846722851528	0.021652770420571035	0.0062895517798334626	-0.005251703814701576	-0.006264982167066974	-0.0037301527132960976	0.0014740343561625438	0.006911578898674937	-0.004402700245864197	-0.004242992688961379	-0.0047074311739177125	0.004857486324715626	0.00026411668753644954	0.00038066863901628565	-0.003554512750355721	-0.004906613427600516	-0.0054443414691251356	0.002197417870763716	-0.002716798391519082	3.761030331761572e-05	-0.00022157360032906223	0.0018724568131956946	0.0010877604450783213	-0.00217054031314759	-0.0009503167950613886	-0.0027686462228242023	0.00351077136182627	0.0030445696499252907	-0.00034225974634388825	-0.001465096422672896	0.0006366309316579317	-0.00027494728349954496	0.0015778792294342747	-0.001069908826882753	0.001567206151345633	-0.0006794495289371776	0.0009565445123999283	-1.9852964572562074e-05	-0.0005216395633641877	0.0018739920578901702	-0.0005286257669728526	0.0008824647565665072	-0.0010011059731691503	2.1405204298484355e-05	0.0001640562309259276	-0.0007866259613964027	0.0012797082208448824	0.0003985574222774975	-3.2122949494459275e-05	-7.429520986176916e-05	-0.0	0.0	0.0	0.0	0.0	0.0	0.0	0.0	0.0	0.0	0.0	0.0	0.0	0.0	0.0	0.0	0.0	0.0	0.0	0.0	0.0	0.0	0.0	0.0	0.0	0.0	0.0	0.0	0.0	0.0	0.0
GA19	0.02542380794373209	0.008090793534122903	0.017635251917307294	-0.0625318498817515	-0.004717494701423829	0.01995773212550731	-0.024480873046779716	0.003580230161157592	0.07674304129592528	-0.035544448000567254	-0.041751493258670135	-0.03139730329373702	0.027999927903509855	0.06343576616396719	-0.019492412963705567	0.07790619364505481	0.016722897834560525	-0.02796366642349998	-0.02414811004438953	0.02975760877475397	0.004171111171978509	0.017252479807680514	-0.028289431502098138	-0.03722490203071395	-0.019282033405172858	0.018420962941888806	-0.025941141939031697	-0.014438556527754023	-0.018220017198339815	0.0073644208244462075	-0.005530280020881797	-0.009166383429175667	-0.0027966926189458056	-0.0031366180675420153	-0.003974408180558474	0.003018288235265721	-0.004507068113384637	0.008148373252575464	0.004235839965395707	0.0028505130384770044	-0.005401234239175302	0.00021730145722581812	0.002623162277232583	-0.002919076538330106	0.005126095590496181	-0.0010211362485302276	0.0049198320805830045	0.000993191471385062	-0.0007618813354656843	-0.000939696901295209	-0.0032817984880013163	0.0007638335292010129	-0.0009953995443821237	0.0021394839147465734	-0.0004331993839366544	0.0009082150853180947	0.0029831207747088306	0.0005536104814406703	-0.00017720286144770847	-0.0018639546081581065	-0.0008237091455863496	-0.0008341026015171447	-0.0014048233583995296	0.0011129951499481833	0.00029867570068676163	-0.0007771633574231214	0.0006382617421212279	-0.00034892987942150127	0.0007417032196117127	-0.0015103709508698026	-0.0002675468485479581	0.000800629902975039	-0.0003514792089545801	0.00014658122311378885	6.20191011391088e-05	-6.576857579224195e-05	-0.0004020046614342605	0.0004396766646171619	-0.001129808011747494	0.00011621739289565782	0.0004821050702155407	-0.000321987985326227	-0.0002114949725561209	0.0007629611020416823	0.0002844938195808573	-0.0003255259433732397	1.0243962102444307e-05	2.2083567880115814e-05	6.899027145626238e-05	5.649302619863366e-06	-0.0	0.0	0.0	0.0	0.0	0.0	0.0	0.0	0.0	0.0	0.0	0.0	0.0	0.0	0.0	0.0	0.0	0.0	0.0	0.0	0.0	0.0	0.0	0.0	0.0	0.0	0.0	0.0	0.0	0.0	0.0
GA20	-0.023602518479602607	-0.0630822559809535	-0.0114534822060628	-0.0380203665346582	-0.03705206179733124	0.05119624914642103	0.024898198136250358	-0.002604882050816123	0.0033625384858022083	-0.02796314448634576	-0.020759762938449156	0.017900826332365807	-0.01701779183568583	0.006359159701547094	-0.01109457332013435	-0.00019704863775361076	-0.02742156257441093	-0.000852832556593254	-0.02962559179610669	-0.017765746794342594	0.038147437799223166	-0.00973743848500853	0.008346229046065955	-0.005224717291750182	0.01769861947563694	-0.015432444775327703	-0.021055567457703667	0.012706382466187613	0.025389332120721694	-0.001896423012879703	-0.00934869674338826	0.01717257208049205	-0.0034939088063964774	0.011222728625444526	0.011900693397674873	0.014190852516619463	-0.00998696901047506	0.012128659741830953	-0.01882208281523268	0.004631295960001136	0.0002890350668507421	-0.023150386638659655	0.011539810512663404	0.004972670413775729	0.008449946871851645	0.0063666567857599485	-0.0019469807011583365	-0.008287900075673687	-0.004839056114918787	0.002800682355794107	-0.006936531364648785	0.0006654155204773607	-0.010490476434133865	-0.0030584774496955104	-0.0025637352764995855	0.0016614466210926222	-0.005399084560149511	0.0030188533900087633	0.009154103870865501	-0.0024004319515923715	0.0028855574917106457	-0.0005723723872757803	-0.0005892119114654059	0.003828604705223308	-0.0012984160571536444	6.989237117037985e-05	-0.0016295377150832536	-0.0031658024803781376	-0.0028354150605155847	-0.0007243016129956289	-0.0008196202973502168	0.0012499751338842324	-0.003996608081565648	0.000476060677551948	-0.0014181583328502316	0.001640076237966743	-0.0018105470669858704	0.00041855739727788107	8.714392896790948e-05	-0.0013976296536402414	0.0004927356710052428	-0.001171162803083579	0.0010133921449957271	4.1921640964417305e-05	-0.00022402313438413824	0.0003837261960857162	-0.0007141974744167602	-0.00019391388305637836	0.00020040499886892	1.1518011383980525e-05	-0.0	0.0	0.0	0.0	0.0	0.0	0.0	0.0	0.0	0.0	0.0	0.0	0.0	0.0	0.0	0.0	0.0	0.0	0.0	0.0	0.0	0.0	0.0	0.0	0.0	0.0	0.0	0.0	0.0	0.0	0.0
GA24	-0.01741254387165362	0.00681464210355426	0.004299010806245286	-0.007962930880450294	-2.10610701174436e-05	0.0025556716314816277	-0.005389467704529564	0.005528585616222005	-0.0017638903701134702	0.0021958011293600316	0.004975621594731676	0.0015897775690925683	-0.0014513702411323272	0.006795490966874896	0.0004665795445421867	0.001970397411822158	-0.0015711521435605724	-0.0030911894356285803	0.0013507457319422152	-0.0034721029622475905	0.0018114751167198338	-0.0007581263636515656	-0.0004587809005962083	-0.0012703334160006608	0.0007597100196826867	-8.81819250909407e-05	0.0002095984904343344	-0.001354087535427256	-0.001155086749787213	-0.0011144036369353711	-0.0002233784422713138	-0.0006429823769119864	-0.0014632529016962042	0.0015936179542513239	-0.00039306348861820924	-0.00033661750957382855	-0.001852244868910792	-0.0023032816835267876	0.0004676577921726183	0.0009345630264126979	-0.002387806932777835	-0.0007713133104902836	-0.0004553201336597664	-0.0012736941781922738	0.00043399128045764143	-0.0008695840057323424	0.0002729878941176098	-0.0007455228915391349	-0.00010155649221605667	6.853874266705604e-06	-0.0002810653930077075	0.0003167443986351099	-0.0005865493971036451	0.00260731835831236	0.0003916035837155456	-0.0005030186654214824	0.00018536100439812595	5.200030730864233e-05	-0.0005789369707242187	0.0005475339668511497	-4.513194677613603e-05	0.0009093142560394798	-0.00023532121277000575	0.0029261465100107026	-0.0003627548201788742	0.000242736564524993	-0.0008466517941962569	-0.0007433298572015219	-0.0016450582353525962	9.07583317656589e-05	-0.0002999150959951094	-0.00021862000641730532	-0.0009656737076942003	-0.00026128599716175566	0.0012568197595047236	-0.0018285451842775479	0.00026049902503235447	-0.0002752061866534331	-0.0018603190991189923	0.00027024218643376943	-9.417236695379468e-05	0.0006459090660560119	0.0009653734503162024	-1.2137960591026389e-05	0.00041469402388768427	-0.0009969241007314696	-0.0013338162827847028	-0.00031568413978895086	-0.00028250205148098144	0.00038983219558806365	-0.0	0.0	0.0	0.0	0.0	0.0	0.0	0.0	0.0	0.0	0.0	0.0	0.0	0.0	0.0	0.0	0.0	0.0	0.0	0.0	0.0	0.0	0.0	0.0	0.0	0.0	0.0	0.0	0.0	0.0	0.0
GA27	-0.0011584645158136163	0.009595249533142346	0.020620599678943124	-0.0027211815488873796	-0.001371666203162517	-0.001478550200072208	-0.013633036640152434	-0.005072801212738441	-0.0016303962488705215	0.021398346335687855	-0.0006837939315300669	0.006259239053668138	-0.006751109606940697	0.009010757645468378	0.0017578628125202013	0.003116664849711538	-0.0115077166052513	0.001483933663734298	0.0037009380504396503	-0.0007969339960564254	-0.0012946501974839464	0.0006160293325815146	0.0003356900762292042	-0.003919784743661279	-0.002185794796413676	0.001578109602951654	-0.0013656315167510432	-0.012966209125502873	0.0012181709809718471	-0.0022117671988860247	0.007915670946243633	0.0009892563649040846	0.002671762395933487	0.0017430907753117667	-0.0027713493498955563	-0.001454924935846349	0.012024539882280529	-0.003616547631725177	-0.0032192063555992524	0.004820892222564198	0.002998645302997511	0.014482029028091484	-0.010670469490663718	0.009867123292803065	-0.0013344326278510528	0.004709414606303276	0.014281179648579828	0.00967614168698156	-0.005277176232687401	0.025652463851287492	0.008842125597353572	0.0026935143548320124	0.0016638229648724392	-0.01127406376068254	0.006480615434025499	0.010120705015252467	-0.00428204458676243	0.021014552738607875	0.00801615969289752	-0.0037432563344837735	0.009156442032894197	-0.0008165827545222686	0.00537273818515321	0.00017737434675110466	-0.0037712217519471915	-0.003968313325683692	0.003692406896716075	-0.006996746956161255	-0.0037171480698489144	-0.0020391807138953276	0.0021751578518032534	-0.0018028634666179303	0.0007912681758938091	-0.002443181456613943	-7.252602098966009e-05	0.0021393398069100076	-0.0012894442983929135	9.230666584550483e-06	0.0005524132732655603	0.0005088794732099946	0.00011443927941748899	-0.000524847497896265	2.2876362322434732e-05	0.0016647901794223316	0.00018935977968733778	8.49523756651651e-05	0.00030997874881062156	0.0005411894323351832	0.00012355359775113943	8.807558499221838e-05	-0.0	0.0	0.0	0.0	0.0	0.0	0.0	0.0	0.0	0.0	0.0	0.0	0.0	0.0	0.0	0.0	0.0	0.0	0.0	0.0	0.0	0.0	0.0	0.0	0.0	0.0	0.0	0.0	0.0	0.0	0.0
GA28	0.22229963112665127	-0.01935756389351537	0.040197051788629146	-0.06565094468716676	-0.15309457799521128	0.19614720074884812	0.10961460193232549	-0.037648484373736704	-0.01198872881151215	0.09358462950775656	0.10743065827826193	-0.04026517915495417	0.023402662097883165	-0.0009182784953428036	-0.0022317487984045018	0.0054742720360531835	0.004865634450614757	-0.007391211687136043	0.004880071720411771	-0.0006696144613723992	-0.009342393295444675	-0.0006486732191704851	0.0005397173404384625	0.004259178897478377	-0.006045178561544218	0.0013218617266390622	-0.0006946914229140421	0.01073386971525977	-0.007863847446432239	0.00364672313528015	0.0010771632898252334	0.001438033811118936	0.0002325291164206827	-0.0032825465782668874	-0.0020111138519259687	0.0026870260475277173	-0.0010297682584753133	-0.0016587033861156877	0.001907631594674669	-0.001744145288074646	-0.0002051266959098655	0.0008820139550004935	-0.001114452791080481	-0.000171993052440854	0.0011266914487720332	0.0016700801316692014	0.001585024982323753	0.0014329148950712129	0.0008863305415935844	-0.001039945949621672	-0.0007283609112713256	-0.00010569651830890292	0.0017548547602586639	0.0008233261099577166	0.0008817011668024019	-0.0008785381217282722	-0.0005457971317742646	-6.768456281803083e-05	0.00012911183795550122	-0.0002563614850284461	0.0011772766525799906	0.0007908539708985566	-0.0005441893710630487	-0.0001428822300559823	-0.0015569554264436673	0.0002489846854775124	0.0005476623777124383	0.00035629138126105615	0.0001905829206329908	-0.00043768804312038453	-8.356439786922394e-05	0.00022178844301095677	-9.785546464659978e-05	0.0004003784949814239	0.000420045954002131	0.00022484915449598626	0.00019656545716906972	-0.0005083802287000876	-0.00017099909565509278	-5.1105833323136786e-05	-0.0001187387243510626	0.00010510213499278961	0.0002991282133118728	-0.00026201130380849695	-9.441953331560914e-05	3.252397742096076e-05	0.00010143673243009345	-0.00014856753774175344	-7.729556077384858e-05	-1.6820466151950273e-05	-0.0	0.0	0.0	0.0	0.0	0.0	0.0	0.0	0.0	0.0	0.0	0.0	0.0	0.0	0.0	0.0	0.0	0.0	0.0	0.0	0.0	0.0	0.0	0.0	0.0	0.0	0.0	0.0	0.0	0.0	0.0
GA29	-0.0387251447303965	-0.11802163982783788	-0.020716589519931983	0.05772959865301921	0.007079236491793559	-0.020066376030693386	-0.007430607270336212	0.016000143524580027	0.001671595008314478	0.002218710914733075	0.051151856351096044	0.009419906822501836	-0.0005259957183129595	0.002156722731023146	0.00864112769542925	0.00736162659891218	-0.022303665966560592	-0.0006780401554362196	0.0023397594171837037	0.00030071380845582397	-0.00701447140878085	-0.0008319620754535793	-0.0031527986992637637	0.008614569217496289	-0.009804696336396808	0.0013498197335138603	-0.014781657283366736	-0.03593900305810833	-0.004894858307852067	-0.0017181747323020116	0.013738794570418931	0.001517280403302622	0.010740219402729045	0.002732553854416245	0.00794229238170782	0.006682686198133204	0.002174809833477087	0.0013781962923650338	0.0020036889701574505	0.008292245215623236	-0.011419026149478094	0.005286032455440593	0.00045115587502357103	-0.0024008790161770344	-0.005460497357122975	0.002249073085463444	-0.009975016997212108	0.0023305607578655765	0.0007397896953290514	-0.002918871239143126	-0.0018195369697376318	0.0017759696611521943	0.0003962724237398059	0.0035088303688776607	0.005524037647039714	0.0034660971086344842	-0.0009653828785810011	0.0021267847357423343	0.006203626777594845	-0.0006868494140815305	-0.0017258780088610767	-0.0016974283717021096	-0.0009074966038330997	0.0014176423023456188	-0.002065891439121611	0.002408805158994256	-0.0008171018669763134	0.001804651948625104	0.0009833552886241582	0.001012075840923133	0.0035739611509071514	-0.0018777457192940957	-0.0017110610356193294	-0.0005489987527855945	1.402491871940277e-05	-0.002218987553115777	0.0016612258084058118	-0.0007188199404966066	0.0005648152471269437	-0.0009826634413750332	-0.0024043228025497796	0.0014034429184373793	-0.0007725858181271069	-0.0026983797545073597	-0.0015947197740976255	0.00012983321608265027	-0.0003570402092394307	-0.000819117379285844	4.76161209556463e-06	-0.00017959208235919809	0.0	-0.0	-0.0	0.0	0.0	0.0	0.0	0.0	0.0	0.0	0.0	0.0	0.0	0.0	0.0	0.0	0.0	0.0	0.0	0.0	0.0	0.0	0.0	0.0	0.0	0.0	0.0	0.0	0.0	0.0	0.0
GA33	0.08815449129415243	-0.23304900191094288	0.06395226869058489	0.08142401646775395	-0.0732942767490446	-0.002460326602731371	-0.017018663420008354	0.0868586563775021	0.007161335078455491	-0.017299553839943606	-0.06233458753610207	0.0005429656926223387	0.10679123000488572	-0.02344804903538227	-0.027192839534751826	-0.01555556243090414	0.005422538939004873	-0.00025159603582348777	0.004337070274196942	0.04087992118798713	-0.008369311338531794	0.027750638105635002	0.01893647194599422	0.011750236053047052	0.0008383493036909132	-0.0016637150468378	0.0006692535480132156	0.005967579173878564	0.012990766449546496	0.005172125953463055	-0.00014249530625311293	0.0037529103456233424	-0.0014494605055734142	-0.0023809562208207138	-0.0025953018111505048	-0.007429388995388969	0.0023556890939035353	0.0021999751243627894	-0.000258655805175088	-0.0017818715279715755	0.0022050935166087753	-7.926663878200216e-05	-0.0018461305924092801	0.0024838993655484907	0.0027626492484127524	0.0035370164573587702	0.002538764141063045	0.0009093588553110127	0.0009709781644345187	-0.00040273971460722896	-0.0010827259658680644	0.00036593020235638104	0.0006200871426013505	-0.001498045432701765	-0.0025293389441450277	-0.0019216750793981528	-0.0026169828993267787	0.00040849832682587244	-0.00034720760437092997	0.0009286030166839615	0.0032633297399762905	0.00021031054844799612	8.996747831211053e-05	0.0002622156652647499	-0.0011501719544203598	0.0004389634698429647	-0.00037801391780176147	0.0008002244401839426	0.000438947773097149	0.0001707397376855371	0.0001262609692307255	-7.96217288641158e-05	-0.00011231349389029588	0.00024601217469379306	-0.0005552728744248759	-0.0004000536832313923	0.0002498126714487814	0.00011379347230364884	0.0005806341118377899	-0.000149393659688267	0.0004552593952067952	-0.00033289183627276873	0.00024358046962422828	3.77311613829419e-05	-5.200186590451736e-05	0.0002789843976772692	0.00011152861837205036	-6.94377550217872e-05	0.00019166044950846763	-9.08016767791975e-06	-0.0	0.0	0.0	0.0	0.0	0.0	0.0	0.0	0.0	0.0	0.0	0.0	0.0	0.0	0.0	0.0	0.0	0.0	0.0	0.0	0.0	0.0	0.0	0.0	0.0	0.0	0.0	0.0	0.0	0.0	0.0
GA35	-0.017361955154899498	0.028229450577150466	-0.009506984291713622	-0.004146294030895723	-0.018949000596935918	0.006479926481630425	0.009224796989752	-0.00044652161773542744	-0.0008089701026113102	-0.014984967204747282	-0.005785909473553083	0.002127024846701056	-9.60349449891843e-05	0.009501897075106154	-0.0010276114112531133	-0.009962032186300934	0.010367430673015307	0.028347967284161835	-0.010552229716062244	-0.0017870170725990799	-0.007651611534258507	0.012816739354328397	-0.020942690246556064	0.012886531547699575	0.006989611928288749	0.010004758268566716	-0.02175426492983156	0.0038814179559514372	0.005949752617060037	-0.003921445344492358	-0.01921764050916772	0.034283004918315395	0.007698399077994286	-0.037741411828444836	-0.008649257174720228	-0.000626463145776197	0.005681029763978141	-0.008220683417794342	-0.020532795183033747	0.008290771778566635	-0.013553188119129525	0.014909757321387038	0.003224975593244805	0.011100896797391796	-0.004227809198434588	-0.010988871197901125	-0.0031407443478130397	-0.010162165766661372	0.005890013368946494	-0.0018925280582458063	0.010689271400325434	0.004030011343502351	-0.005239724156960382	-0.003206731174667686	0.0018852388947444463	-0.0034061309307746395	0.004161320142372969	0.004247344299145401	-0.005013699100800448	0.004183869063395504	-0.006233145909125773	0.004617062064809781	-0.002896197691893308	0.0036508948392212737	0.00024193588835788756	-0.0016449281742542878	0.0003740686786003016	-0.0004052915411939943	-0.002911031165783236	-0.0004938756679986057	-0.000449814538828736	-0.0013143694747258742	0.0012476089214069198	-0.0019883138470934572	-0.0012489021342047574	-0.0022961452987239066	-0.0008331977270546342	0.00021408048889488257	0.0011429131230358755	0.00021961626221372296	0.0019362924963024224	0.00037670627532264005	-0.0003574355960062264	-0.0013663175987289507	0.0011368668797099846	-0.0003543070713005657	0.0006569237093213079	0.0007690147778383782	0.0003081711954325939	3.6036550078843375e-05	0.0	-0.0	-0.0	0.0	0.0	0.0	0.0	0.0	0.0	0.0	0.0	0.0	0.0	0.0	0.0	0.0	0.0	0.0	0.0	0.0	0.0	0.0	0.0	0.0	0.0	0.0	0.0	0.0	0.0	0.0	0.0
GA37	-0.007305416193181254	0.0052321148973836235	0.010677339781762956	-0.015331542636590383	-0.006371264906289053	-0.005148797159261988	-0.007202062307687238	0.015042535053447235	-0.003928785428000505	-0.014595829617068267	0.007730616426227759	0.0017247767945397354	-0.00879657210998576	-0.012997295926131866	-0.007928359091196014	0.008433039824252345	-0.0014891119713058298	-0.004153204513049041	0.002572586037280176	0.0009996420664480326	-0.008009144081690341	0.0012520534023930632	0.005957493031161178	0.003394769240152733	-0.008895262712306215	0.005544265200115141	-0.004268752234120677	-0.004383233748138773	-0.0038602226119594948	0.005298002591658934	2.4307473060176985e-05	0.000993708584231653	0.002408245767809472	-0.0027556332950780613	0.005933896111770139	-0.0005431000199934299	0.0019266796021404375	-0.004313942914519602	-0.004216971698280507	-0.00036625747182693054	-0.006847914898798339	0.0011440120236092559	-0.005835233088197216	-0.004071720991076651	-0.0027820701551173705	0.0005735180634264375	-0.002819136056650351	8.331477701313615e-05	-0.0015777454966687142	-0.00018280988992603228	-0.0011639239800955905	-0.0011612970222437287	-0.0020160775452654034	0.0017947696194386843	0.0008957217924708405	-0.004303131166366045	-0.002485356131492098	-0.0015805579046174712	-0.0031146716337776196	0.007645021408452558	-0.002634654202037698	0.00017622314043729537	-0.00023064168659712	-0.0008172958760881825	-0.006429597922780944	-0.00021272194633524424	0.003859160663550996	-0.003487406469222217	-0.00633384512035775	0.014003198990387052	0.0018232901343112227	0.001324662533231486	0.0016155522033462243	0.01193130160620605	-0.00513125228020102	0.00861130026231527	7.498031328179961e-06	-0.005548968394706573	0.0028966304126440507	-0.0034998142600336495	-0.001945743053303839	-0.0028129565948984015	0.0011360572987484724	0.001775999427103111	0.0016741716080326987	0.0010747650986099853	-0.0014335854704573576	0.00038094525546487326	0.00023208514082062479	7.974230760317134e-06	-0.0	0.0	0.0	0.0	0.0	0.0	0.0	0.0	0.0	0.0	0.0	0.0	0.0	0.0	0.0	0.0	0.0	0.0	0.0	0.0	0.0	0.0	0.0	0.0	0.0	0.0	0.0	0.0	0.0	0.0	0.0
GA39	-0.022779779566706133	0.02168489422735707	-0.000259717928217577	-0.0035552802778990315	0.0038876729205500325	0.0026286021288830152	0.0016581060421396428	-0.005232847005859243	0.002133296241328645	0.004547836507380571	-0.0038229326803537007	-0.0017332753158005503	-0.003966983927512829	0.002760836165341798	-0.0005406990454990326	-0.0020654706113973436	0.0018219946814827942	-0.003101455716833554	-0.0005006465024894446	0.0009946320509059462	-0.0008945072965329574	-0.0062967548613225375	-0.0006913580076228679	-0.0024276773364522437	0.007998079515605987	-0.0004884595583224508	-0.004868122382291739	0.0018419400350747394	-0.0003648322669928864	-0.004727614948026178	0.0022073251435208445	-0.0002946309728385527	0.0025919198410841197	-0.004133129723152129	0.0027725002168149998	-0.002227486279137217	0.002677510808774034	0.00018478998350895655	0.00211560811935713	-0.0007468155750929425	-0.0030264782218176233	0.000844095650895802	0.00859811146897174	0.000536417574834856	0.013041119806784148	-0.0012708323049596623	-0.002434825393316883	0.002766915537783759	-0.0003746646891826776	-0.0016252263178421513	0.005683077274956723	0.0006196687435128214	0.004167017388196527	0.003824416910373721	-0.0010739486755198628	-0.0026920522693463073	0.0017548615664268465	-0.003990492131203529	0.0025651087379655138	-0.0014482393990908108	0.010001015472770864	-0.017901189321690728	-0.0029655438127323486	-0.009740101319502028	0.006079860839713047	-0.009917361720453485	-0.002358280814570287	0.006141471305294304	-0.01504555503615285	0.0054952783461104035	-0.0015293140383138444	-0.00398066666739247	-0.0012019263562130288	0.0022283385520148165	0.0013327934916687058	-0.004991364571941585	0.0036828927103003447	-0.0006153887017224193	0.00011559549414595631	-0.001116622605369868	0.0031549561223243043	0.0012985047905960747	-0.0020270615631861966	0.0004010985084170759	0.002269501345287057	0.002340868970059693	0.0008809765855915671	-9.17478026806862e-05	-5.8558183363551425e-05	0.0001148160028691519	-0.0	0.0	0.0	0.0	0.0	0.0	0.0	0.0	0.0	0.0	0.0	0.0	0.0	0.0	0.0	0.0	0.0	0.0	0.0	0.0	0.0	0.0	0.0	0.0	0.0	0.0	0.0	0.0	0.0	0.0	0.0
GA40	-0.05723996850919435	-0.11391199886959243	-0.0026478867368462176	0.024165172695525546	0.016176404058685916	-0.007365671085721317	-0.01049183413746111	-0.01982001924293131	-0.0026824265741176747	0.01529266751606025	0.0027302256080777194	-0.015797680629280376	-0.010063293356960157	-0.0027680486935996083	0.013906423825799475	-0.01629807390548958	0.006118051376854228	-0.007125953265171939	0.010094533856292701	-0.005987593749019204	0.00995692806022943	0.007391355679302942	-0.0008283828718657314	-0.00535088050442403	0.005715615433286315	0.007077774180512437	-0.0014740960391129165	0.009139025441545311	-0.013461887724046075	0.0008486059159247029	0.0011394511916570924	-0.00658397852611333	-0.0023811536850361077	0.0013694973499100032	-0.004692496091435148	-0.003934001961312378	-0.01224990518728866	0.005344113745638938	-4.449574879023609e-05	0.015066202986845655	0.0009234218309646664	0.0009806855162315911	-0.002673892955765056	0.004945152879873465	-0.0013105670559645723	0.0011349683877340225	0.008923601904534112	-0.0006392510027973358	0.00037872206135551595	0.015333909033678657	0.00018731537611601113	-0.0011669096519115049	-0.004249690318534945	0.006477936878930298	0.005307684439449199	-0.0004629396089211221	-0.004497680037543711	-0.0037267416640172093	0.002344936246838837	0.007015058634169678	-0.0025940652651413264	-0.0008426741846006527	-0.0019492859253378513	-0.000741601473012319	0.004981934499838248	0.0006353672086245441	0.0005826786765168479	0.0011540972790102081	0.0007718111405356703	0.001282904018187457	-0.00032397924131531377	-0.003876338425674196	-0.00265334968214968	0.0029091691942107626	-0.0008925936552127256	-0.00041674320016321333	-0.005430098137927114	-8.019264334578482e-05	-2.6719868136718687e-05	-0.003862147449562896	0.004658626629583046	-0.0013621218828360447	0.00040797150372175786	-0.0014650555071987297	0.0007669341749562603	-0.0032696589328222985	-0.0009433536054698531	-0.0013537569437241466	-0.0018224705424185802	-0.00037248311190385766	0.0	-0.0	-0.0	0.0	0.0	0.0	0.0	0.0	0.0	0.0	0.0	0.0	0.0	0.0	0.0	0.0	0.0	0.0	0.0	0.0	0.0	0.0	0.0	0.0	0.0	0.0	0.0	0.0	0.0	0.0	0.0
GA41	-0.0034538237339762465	0.023299238215877174	-0.01871123812269162	-0.034592529554948376	0.014254404410758847	-0.007346916856170314	-0.007920103871681789	-0.021924191866276102	0.005295633905592815	0.014961533734925644	-0.022450193126299076	-0.0007136583694711993	-0.0062647573116158236	0.013522606752792052	0.006761374460013637	-0.018611251877777235	-0.003660611725910487	0.006319860498067326	0.013015291562779833	0.019835695392907016	0.01318918836898884	0.002499030395291382	0.008362085499408752	-0.003889098519880132	-0.013593940420667116	-0.06552443077121846	0.013642381946389897	-0.01006907414270169	-0.028819183394853905	0.04718620744382847	-0.024701645624942342	0.029748262354270097	-0.006196879870079179	-0.005293579419896695	0.011602273508044825	-0.002145063283547895	-0.004622269729653206	0.0046099293044774454	0.009979136495825507	0.0002546155394852153	-0.0034353736385993867	0.0020197610461391855	-0.0071412288532180365	-0.005038865900033817	0.0059899719868734954	-0.0015292793157738226	-0.0012937747737682232	0.0034346591084945598	-0.002063532330030699	0.0037167079321491787	0.001799298335573121	-0.0007519164323057722	0.0015253219883651634	0.00024697070252043175	0.00173996451520914	-0.0021575947207598547	1.2580556240658922e-05	-0.0015037551817423357	-0.00039580875176721417	0.0015163328630902531	0.0024426369309859404	0.0002075371688679024	-0.0014666307607242475	-0.00022516435903557712	-0.002461739442848965	0.0011773525122671306	0.0010942870419735288	-0.0016179917481590827	0.001310287019570592	0.0013309082417039696	-0.0012145372519010498	0.0009703908294868941	-9.453703053280367e-05	0.0005891051611188958	0.0010249231355809803	-0.0005763739953219276	0.0005925633470353129	0.0008974843694460217	-0.0007389392850204432	-0.0011654707559467258	0.0004809335966873762	0.000586049703476187	-0.00041575688503252983	-0.00019687048588042552	-8.304244079239108e-05	-0.00015886244050003056	0.0006912615069990264	0.00011581272534782809	-5.6275385466535683e-05	-1.9137787382720337e-05	-0.0	0.0	0.0	0.0	0.0	0.0	0.0	0.0	0.0	0.0	0.0	0.0	0.0	0.0	0.0	0.0	0.0	0.0	0.0	0.0	0.0	0.0	0.0	0.0	0.0	0.0	0.0	0.0	0.0	0.0	0.0
GA44	-0.028778326932572353	0.022793293145275284	-0.006841481469157738	-0.0018871149958518804	0.0020965477041128707	0.0017028744611203579	0.0024166937323756078	-0.002405385667200479	0.0011879418055406419	0.0026015015555678894	-0.001347838670648081	0.0009609086559703682	0.0025591795702336394	-0.0005309984038357924	0.00024354440675848206	0.0022697379546803265	-0.004030472180235805	-0.002656287392623304	-0.0003490112353436079	-0.002177715109594643	0.004545123892363542	0.003977836512144993	0.0015512387814686157	-0.002035583850522777	-0.002477602800395032	0.0012333343835338947	0.004168937665851333	-0.0017765902340046498	-0.004268622800565306	0.0003703324462054033	0.00010078641858504836	0.002106462641005045	-0.0052740052185710805	-0.002029424154350199	0.004988801353164178	-0.0036959867877147906	-0.0034999802974809936	0.0023086056056132107	0.004361029819779506	-0.003554887687883311	-0.005198644070643102	0.00014634401444152417	-0.0014969202243739952	-0.00045227163656102505	-0.006560113073898783	0.0006088823818755594	0.0005521091054180578	0.004385439633757858	0.006802404911752701	-0.00407312420499922	0.00056300457240174	-0.0019050594952690716	-0.004883657751996088	-0.0024993857653873037	0.0029402569111650944	0.00299331669110208	0.0012327349942641962	-3.086114934759456e-06	0.00448470132685061	-0.006793438857459678	-0.0011703213629075697	0.004444221457381029	0.0033884303372960496	0.001772830664576216	0.0059648343479226755	-0.0023956821401076704	-0.00232918544320589	-0.005116135424032958	0.0039058806357156186	0.001890730064126461	-1.4990558642212463e-05	-0.0038252294006922726	-0.003063800500826351	0.00501744995602551	-0.003427940957973753	0.001131629099206478	-0.003391028812926093	0.002049704766336784	-0.000826261170237471	0.0006288014999457546	-2.824030924714809e-06	0.0037822165637561383	0.0017578678038765463	-0.0028474164899834125	0.0003602460671284593	0.0027703576072774187	0.00015943771139397672	-0.0006561023020820717	0.0025557813682336	0.0002671347498812823	-0.0	0.0	0.0	0.0	0.0	0.0	0.0	0.0	0.0	0.0	0.0	0.0	0.0	0.0	0.0	0.0	0.0	0.0	0.0	0.0	0.0	0.0	0.0	0.0	0.0	0.0	0.0	0.0	0.0	0.0	0.0
GA45	0.008287008124959578	0.01311457124930996	0.011973079537865689	-0.07986928875871244	-0.03780441841991673	0.012856149155591395	0.029753015850688905	0.08021819686631831	-0.011200803850830636	-0.04822571152324745	-0.02238633044520781	0.034765386146655246	-0.035423290660798044	-0.04411255560032008	-0.011089020833557504	0.030553334319547324	-0.015001290799908504	-0.016357914804523848	0.013336955015533716	0.0041803382176132465	0.029466747543812247	-0.0215534738207097	-0.0002922690374829295	0.048139273076610097	0.004320854393760061	0.020841092398056395	0.008216960560675871	-0.009012475426060389	-0.026761339191675757	-0.0015663674984613722	0.002434702365889147	0.017970282131953	-0.0043651667340467055	0.009611708256540577	-0.025959187181700604	-0.019505731737052234	0.0024340671834352594	-0.0038560237018753964	0.016352279170885053	0.008649314528447359	0.007199681983241689	-0.0017925698655684508	0.0030962338394027755	0.004212503161054466	0.005107153629583156	0.001734954731173597	0.00561392750515521	-0.0016342404646684028	0.0018036736270033238	-0.005415912549925084	-0.0016602854476155944	0.0038930666858552586	-0.0004673610879007063	-0.00033038552218029004	-0.004647943053873814	-0.0009118532273368399	-0.0028570601451247055	0.002872116497170836	-0.00266699394731024	0.0005473390851600807	0.0030779512860101793	0.0001165042277875622	-0.00211974563802735	0.0009479535937221607	-0.0013725567699716095	-0.002088784974718258	0.0009119518927877707	-0.0002993631432909587	0.002019645064111014	-0.0006416723239092663	-0.0012606749265855275	0.0008480218354133092	0.00021618074670076172	0.0008281015152321827	0.0011175207938078388	-0.0014018912560270643	-0.0007036836962539967	-0.00029091471039163194	-0.00027304899830340437	-0.0002596248722372772	0.00023577714423416503	0.0001857069946308386	-0.00014027518877579391	0.00064542436618229	5.681245801488144e-05	-3.0831862500992946e-05	0.00013444720014874802	-0.00030077095003574615	4.6890244804506866e-05	-1.1219863523608712e-06	-0.0	0.0	0.0	0.0	0.0	0.0	0.0	0.0	0.0	0.0	0.0	0.0	0.0	0.0	0.0	0.0	0.0	0.0	0.0	0.0	0.0	0.0	0.0	0.0	0.0	0.0	0.0	0.0	0.0	0.0	0.0
GA5	-0.021067287506411927	0.016228596374062803	-0.0028061840082282477	-0.004281454851472553	0.0017203829013123287	0.005016866042792601	-0.003484212720053163	0.0015716780899335224	-0.00383019916013856	0.002824814306427687	0.004680786540603826	0.00042913132089164694	-0.00027730631703283326	0.0034550443588645357	0.00091458159773323	0.0023491448763376553	-0.000902775327293286	-0.0035954268014728253	-0.0004496845021333726	-0.0018360002729939041	0.003930082426621613	0.0007459594829708167	-0.0012992127285323674	-0.0012427586694844569	0.0011107573198136898	0.0003801215607082504	0.002896156954847344	-0.0012497394514473508	-0.0017975060077751656	-0.0015777129093465707	0.0006146021090731803	-0.0018453063512563117	-0.0020957001585224376	0.001800740012341006	-0.0015609193633664001	-0.0017648198838341733	-0.002980754468608802	-0.0035137230502799138	0.0006145761047761146	-0.001812486969791734	-0.006558850981405044	-0.000634912294676927	0.00239889246467877	-0.002646096417056126	-0.004407615191822444	-0.00010298654930474213	0.0015934811619041256	-0.003298531073859905	-0.0011298493789801169	0.0029124427390315195	-0.001562634563132652	-0.0008149373899194784	-0.004606841007555799	0.0009519770155631588	0.0007240524034886963	0.003197295282032871	-0.0006694712075660439	-0.0018866005595272644	-0.0012134071044788098	-0.005312833488031925	0.000634911222745318	0.005739333945034921	-0.0001757080201431506	-0.0012725690151928436	0.0006998409203089035	0.005673562286627216	-0.003714562233882995	-0.0018478725004797043	0.0011185811341173535	0.0009751268681060505	0.0007986706133154913	-0.0018363274753998111	-0.0018831103776222463	0.0011084353094475135	-0.004407088278236256	-0.0008465669798792879	0.00017889797134925645	4.985535980163714e-05	0.00482208206827495	0.0021375378648563217	0.003419714642518826	0.007424253193350472	-0.007126204534783993	0.005595674102855057	-0.0017088006762744118	0.0023604700467887	0.00036594420196444006	-0.0008123453860842158	-0.0004768677740413388	0.00018963943625865658	0.0	-0.0	-0.0	0.0	0.0	0.0	0.0	0.0	0.0	0.0	0.0	0.0	0.0	0.0	0.0	0.0	0.0	0.0	0.0	0.0	0.0	0.0	0.0	0.0	0.0	0.0	0.0	0.0	0.0	0.0	0.0
GA58	-0.017412543419936217	0.006814642931919742	0.004299011010481376	-0.007962929866633542	-2.1062292005383282e-05	0.0025556715189403237	-0.005389467570106304	0.005528586163578905	-0.0017638899209541235	0.0021958013999777916	0.004975621769291793	0.0015897755132246443	-0.0014513718736572777	0.00679549115158261	0.0004665787121899259	0.0019703970026305083	-0.0015711519202830223	-0.0030911895731898995	0.0013507451135872392	-0.0034721030000629143	0.0018114757279336718	-0.0007581262062519337	-0.0004587798777270347	-0.0012703325668541282	0.0007597107504222171	-8.818252832593614e-05	0.00020959871457627502	-0.0013540879054364113	-0.0011550870982179754	-0.0011144052095657462	-0.00022338054343090785	-0.0006429809439754511	-0.0014632517549236818	0.0015936180804945808	-0.0003930636295369944	-0.00033661770920977434	-0.0018522462923461832	-0.002303281187186951	0.00046765718226669134	0.0009345632695441054	-0.0023878065463159674	-0.000771315670396052	-0.0004553192502091009	-0.0012736939665839505	0.00043399183237487166	-0.0008695835368973806	0.00027298702750105626	-0.0007455252621659034	-0.00010155618586133678	6.85447759388758e-06	-0.0002810667805591687	0.000316744394244279	-0.0005865507219974648	0.0026073163329142796	0.0003916032111052666	-0.0005030177454669577	0.0001853589778941953	5.2001087391680934e-05	-0.0005789364131643469	0.0005475327437434816	-4.513040479952862e-05	0.0009093132507393487	-0.00023532086345397904	0.002926145655283998	-0.0003627552941902916	0.00024273645403959391	-0.0008466526925115493	-0.0007433301373418844	-0.001645058587014811	9.075817641990687e-05	-0.00029991408151075705	-0.00021862023521253954	-0.0009656739478967344	-0.0002612853339276721	0.001256818557593797	-0.0018285449798063804	0.0002604971811523409	-0.0002752054554333941	-0.0018603179357213053	0.0002702391017249844	-9.417367895575319e-05	0.0006459076815022914	0.0009653735735528458	-1.2137199086368858e-05	0.00041469480005330546	-0.0009969229800569812	-0.001333821078606007	-0.0003156848461458591	-0.0002825004545676374	0.00038983719997915024	-0.0	0.0	-0.0	0.0	0.0	0.0	0.0	0.0	0.0	0.0	0.0	0.0	0.0	0.0	0.0	0.0	0.0	0.0	0.0	0.0	0.0	0.0	0.0	0.0	0.0	0.0	0.0	0.0	0.0	0.0	0.0
GA59	0.09497724436425602	0.0582535386540361	0.008614007454611269	-0.017029903188157614	0.09392397854850269	0.16787066116899507	-0.273659553143493	0.056929854963982035	-0.004475931125605415	-0.007425680369548032	0.04099842047669979	0.01681218495563106	0.029978795220538892	-0.022101988458919003	0.012812541678456107	-0.00393136717537128	-0.0053306875078022176	0.010983546098025628	-0.008783116623000482	-0.010646200451590327	-0.002232581880350658	-0.0118845124518176	0.0003051824046664074	-0.0004966507391319589	-0.0005175167352540528	-0.002353110450737465	-7.015753454344691e-05	0.005731392250566728	-0.00036043278737250714	0.00022409326674389766	0.0008755403801573216	0.0009220791972808713	-0.0004443889684761166	0.0009732654506546902	-0.0017958770515033844	0.00023166483032738112	0.00028365899863920616	5.670131992144855e-05	-0.001535861956550392	0.0002854036913358472	0.00039420839738894017	0.00032187299908252267	9.297684681083784e-05	0.00028893531529747355	0.0010748395020336483	0.001428580440449858	0.0014831226050043968	-0.00020876101293288042	0.0007564722502507803	-0.001187959218150136	0.0006149857789388248	0.0007218892893095331	-0.0003889384095553428	0.0008605283684840106	0.0009630631721563167	-0.0009273346092105324	0.00013042150786457546	-0.000870685453049873	-0.00021438860292380562	0.0006227313550822099	0.00010914187775875784	3.447692682436236e-05	0.0007737370506947496	-7.692143631992254e-06	0.0002844738875731276	-0.00016447703976401798	-9.755469823683221e-05	-0.0004454802520840339	-0.0003279821326214898	-0.00025065667846521536	-0.00027107143223194924	8.517431068611442e-05	-8.648294613538653e-05	0.00015701708377092503	5.450538600684298e-05	5.413635646233771e-05	-6.266608968011746e-05	-0.00020708138249588722	-7.436413725937948e-05	0.0001374715777443022	7.257352523589235e-05	0.00018012211294318959	0.00019543734366600109	-4.419328207665095e-05	2.116976021669571e-05	-0.0001013205469577851	4.1168030700168395e-06	-0.0001309192193462303	-4.599733784855316e-05	6.648846080462484e-06	-0.0	0.0	0.0	0.0	0.0	0.0	0.0	0.0	0.0	0.0	0.0	0.0	0.0	0.0	0.0	0.0	0.0	0.0	0.0	0.0	0.0	0.0	0.0	0.0	0.0	0.0	0.0	0.0	0.0	0.0	0.0
GA60	-0.013406439923156165	0.007552188305548008	0.007289525783333152	-0.009450643274159601	0.0027086469070723724	-0.002980425902690019	-0.005266201441437065	0.010561104094547526	-0.0023569725204587244	-0.0005363359517768069	0.007267586479327392	0.00407566923741108	-0.0057747074966122336	-0.0026058878599752554	-0.005611634729167628	0.004835762909815356	-0.0016992514742313486	-0.006330151632019141	0.0026369044201913984	-0.000909388517548177	0.0005549069511709541	-0.0023013131502019175	-0.0009270174609065378	0.0007939656242832977	-0.0011454596713464966	0.0012988779564983024	-0.0007256190192801698	0.001697038309474848	-0.002616556395525549	0.00046423299545346556	0.0004182513327214523	0.0006618776537334525	-7.991348034675081e-05	0.0007461367027067615	5.8771489527169496e-05	-0.0008675440509133213	-0.002411984950235634	-0.0014624285128096858	-0.0016698136160061374	0.0009537861348183712	-0.002325129351389129	0.00042830635042981525	0.0002334756450107677	-0.0016503755419912509	0.0014153073187821463	0.0004849054199968229	0.00034412940276062513	0.00048540681653532456	0.0012001354369437617	0.0011587584202803728	-0.0012780036025174272	-0.0012800092268342232	-0.0016900294723867356	0.003500050891098182	-0.0005253944242969123	-0.0014766204018941353	4.693041257042596e-05	0.0008182756738081548	-0.00066385721515446	0.00023142223295184735	-0.0015941498752732436	0.002738995859568878	8.784357163912973e-05	0.002075819905735656	-0.0007478562790028436	-1.4837621967402012e-05	-0.0021718330712803963	-0.0013430834518325457	-0.0011118764883348638	-0.001754145920423555	-0.0012533687662310286	-0.0004346896888005977	-0.002727124366042248	-0.004118981905480713	0.002826422096924293	-0.0027620609425072604	0.00026295297650220315	0.0007889476699628888	-0.0035063765705350106	0.0002458460615913868	0.0029135395856006124	0.002652878543827883	0.0013022647286785353	-0.0020242867330429004	-0.00021755389972916638	-0.0010470555454045228	0.0030376011929316373	-0.0015564739399921098	0.00019616114571997345	-0.00010580511181919927	-0.0	0.0	0.0	0.0	0.0	0.0	0.0	0.0	0.0	0.0	0.0	0.0	0.0	0.0	0.0	0.0	0.0	0.0	0.0	0.0	0.0	0.0	0.0	0.0	0.0	0.0	0.0	0.0	0.0	0.0	0.0
GA63	-0.016895600849171803	0.03558091687219762	-0.0014233660495104401	-0.024211051361167586	0.005979870422021776	-0.014919850516500292	-0.014647022271184197	0.00820627838198707	-0.011243193236761964	-0.0230276432145197	0.029315211149385637	0.019565449604232756	-0.026150882549651613	-0.0015241487139181838	-0.04226946486687372	-0.02214833734044118	-0.02869092347260959	-0.05127487123277637	0.04275510995002653	0.024746483348737785	-0.029447824145520708	0.020703848244561212	-0.035530257787628076	-0.0019330786511776402	0.004017680363631723	0.012424767226648774	0.004535402534465461	0.023565021488512385	0.024447627607178495	0.0024971336834091204	-0.009610943351112051	0.007426208601193244	-0.027373417037482972	0.010722934127533765	0.012222955674337515	0.031086931385981197	0.006020152090366002	-0.003197069335259409	0.015948895482052024	0.009322003622202925	-0.0043184798618158245	0.005140956587789092	-0.0013530887768317312	0.004162840359130466	-0.0014619436732616078	-0.0012597686447799949	0.0008053044961288009	0.0016149626127506397	-0.0023135973999206024	0.0016799390324115139	0.0012941819607777312	0.0001843991535812434	0.0017225418483474639	0.0008517681039706849	-0.0009520680417833233	-0.001837048603787505	0.0003106271103803289	0.0002188408903826765	-0.0011945856412972275	0.0006934226705053602	-0.0007898747893429368	-0.0005470069287194177	0.00044966705040871133	0.002032398539719937	0.0018448187309863028	0.0002329837858564366	3.605904247272572e-05	0.00020957339563264877	-5.419398332657438e-06	0.0001612288436904064	0.00018445900012577888	-9.935305734574353e-05	9.108991268674859e-05	0.0007688918872584423	-0.0002090251742473325	-0.0005390167652309043	1.8837491073486328e-05	-0.00017169758825812196	0.00027269673054038226	0.0005735422435440235	0.00012690144761579757	-0.0006183178349939988	-0.00029290250917697326	-0.0003271677166973514	0.00033669762374155174	0.00026681287644712853	0.0002512176746303641	0.00015689866126043276	4.380889076143222e-05	5.557476773107125e-05	-0.0	0.0	0.0	0.0	0.0	0.0	0.0	0.0	0.0	0.0	0.0	0.0	0.0	0.0	0.0	0.0	0.0	0.0	0.0	0.0	0.0	0.0	0.0	0.0	0.0	0.0	0.0	0.0	0.0	0.0	0.0
GA65	-0.07301587555770687	-0.0907338348896773	-0.023633649843376122	0.019951275239709423	0.01639917096367671	-0.0008240716116005645	0.0005085301692860064	0.003252314741695002	-0.0008865614056257928	0.005283187997632012	0.013945572146429702	0.002156248188445266	0.0008479122049019417	0.007380524473663552	-0.004887002695779882	0.0026294782744207	-0.0013178447580447137	-0.004541247232338422	0.0015306826740018827	0.004839485898212762	-0.0012933401097820173	0.0025659002861661267	0.004328840305328813	0.000918043915075802	0.0017670974422812256	0.0001029910248825792	0.0014639919692413057	-0.0008100322690061597	0.00284543351476459	0.000275819403842577	-0.0001125028631184943	0.0015192746192580753	0.00012933458225450618	-0.0001229522599216236	-0.0010733342507426408	-0.0001343346414764225	0.004095740422799196	0.0012595604891327708	-0.000642580407210935	-0.002170305282360291	-0.0004694344541214833	-0.00318334093504372	0.0025288716783318523	0.0005859670440501651	0.0033330748963399533	0.002414388098119588	0.0014110027771728167	0.000936265550662001	0.002428573725877779	-0.0012763350510542756	0.0014473246045142024	0.0006946819796792344	0.000629432204424044	-0.0033993683319056356	-0.001126593571688265	-0.002859603462732974	-0.0034353698836075254	0.00018751664793107285	0.00048426851550725607	0.0021715392893296094	0.002466807639687328	-0.003991138026150353	-0.0016853271796426204	-0.0031748443765296022	-0.00052391562480376	0.0021589684376424802	0.0003114020746834635	0.0017301272005975467	0.0039918179328016805	0.003363923143582185	-0.0015025176058582903	0.0018835460706621153	0.0024729865824014564	-0.002724180122266156	0.0008199112900896809	0.0022306546113701345	-0.00014362678108703183	-0.001062147192359467	0.002055995325514422	-0.0020117180274036744	0.0008815299174065306	-0.0006265058844467072	-0.001534467163996737	0.0021473024932766606	-0.0003564367399061517	-0.001656415865595406	0.0019493100769786484	-9.764882543530953e-06	0.0016837295543497418	1.9872002993379896e-05	0.0	-0.0	-0.0	0.0	0.0	0.0	0.0	0.0	0.0	0.0	0.0	0.0	0.0	0.0	0.0	0.0	0.0	0.0	0.0	0.0	0.0	0.0	0.0	0.0	0.0	0.0	0.0	0.0	0.0	0.0	0.0
GA67	-0.07297045095706073	-0.11332952552717773	-0.02845222191729014	0.008225905926209457	-0.006768434080942976	0.032535405632540766	0.019602541995742444	0.00900054137997851	0.0002755864941230594	-0.017188448903865932	-0.00789459256115978	0.010352140021831352	0.004987400936409136	-0.0023726038481117384	0.0022186264844797623	0.0005771719675471949	-0.00452140940683285	-0.007967179427257018	-0.0002898745171661639	-0.007686798015416913	0.01249550677044777	-0.009252614665064078	-0.011156853746644909	-0.0032063529942196597	0.011243451183345311	-0.009725843187007435	0.009665487358702839	-0.00280031060764545	-0.006593284227354401	-0.002197317118529146	-0.0013973061630191208	-0.0007839897719419222	0.00036253671967358944	-0.00104613582570229	-0.001112375811441874	0.0016488413037143682	-0.006177952279220209	-0.009399922128781294	-0.0005248935098561857	-0.004287429761080251	-0.010873094678680414	0.007491660570953597	-0.0005964089530532438	0.0030857265579756175	-0.018144842007295204	0.00024788806956917023	0.01102646187503434	0.0036108644507843704	0.005367589434366302	-0.005035385882699507	0.0024600706501013967	-0.010315113380380946	-0.0027110912092808827	0.00441859551269144	0.00137043050816803	0.006127408632372764	-0.0022707624151760723	-0.008090955490117558	-0.0007256903597595307	-0.006548620441207451	-0.0038154682171752017	-0.00318018219554377	0.006750284380413664	-0.0033095747735928985	0.005916303942432114	0.001819058687085659	-0.0009027428144592216	-0.003032684890555481	-0.0004870759682441086	0.0014166752910089798	0.0025070854187982934	-0.0035786604622706614	-0.0038566890471856204	0.00030644260273620435	-0.0031840161014771618	-0.0008450933102653063	-0.0011589430661480735	0.00047202969519553054	-0.0027185750045643975	0.0020195043460587278	7.988489116799238e-05	-0.001062915437375421	-0.000907647684484569	0.00041538881423921174	-0.0011098012417891565	-0.00042196711885396636	-0.0005134545839514754	9.173810480574379e-06	-0.000262757570588391	5.495460729234013e-05	-0.0	0.0	0.0	0.0	0.0	0.0	0.0	0.0	0.0	0.0	0.0	0.0	0.0	0.0	0.0	0.0	0.0	0.0	0.0	0.0	0.0	0.0	0.0	0.0	0.0	0.0	0.0	0.0	0.0	0.0	0.0
GA7	-0.011740561799233223	0.017460266890361995	0.013256264973855764	-0.01226127524260229	-0.00426222187116075	-0.017343753039304702	-0.0128345683468419	-0.0023616574302455264	-0.010693471535079999	0.008223453416093375	0.002301046111874815	0.012692134160084693	-0.012917912359725796	-0.0035874239633741697	-0.01595199735606958	-0.004887824517399203	0.024180752168208176	-0.013126348522599434	-0.010478159245601604	-0.007206286443739794	-0.0034485810363121825	-0.001072563160197575	-0.006929971794469499	0.01317658286715832	0.004177419481199872	0.011210327520861893	0.002995251328599304	0.00012532451292297908	-0.008903593377522277	0.015468970142078728	-0.001457290142875257	-0.005007249713913785	0.00963419762088244	0.002748473085434767	0.007826813352019638	0.004869286070644289	0.004944127857550714	0.016509019369823495	-0.005524631964615268	-0.031776331692865464	-0.008255727618320712	0.00679507221106506	-0.01598112880291354	0.022830582054070497	0.010690928548239453	0.017157629652020005	-0.013610802402010638	0.00457756932851979	-0.004363372358428025	-0.01601887847427376	0.0005073715674899619	0.0031934867842035317	-0.006335256676758826	0.005202417811852223	-0.0045818099055295524	0.008288381958732724	-6.4663712479064015e-06	0.0030049928022771485	-0.0011729512799155207	0.0016822667889347044	0.004298695787614619	-0.0008240435553980987	0.0025497170461249367	0.003911731957719457	0.002743385214148311	0.005413895268364131	-0.0007598994056139005	0.00027660319277734833	-0.0009955400096042122	-0.0013544550161295444	0.0023827356548477663	-0.004380258532295654	-0.00019292156789516035	1.635668429658083e-05	0.0012018966475581619	-0.002125008660305058	-0.0035740250038402877	0.00035808949210668816	0.0024190215741772014	-0.00042413162259874736	0.0010178272037764393	-0.0018285577918063858	0.00021888547007425192	8.000211006328306e-05	-0.0001877436809226113	-0.0004607182717527135	-0.0003735981549379301	0.00032757458854951725	-0.00033788948959368706	-6.2369851034283e-05	-0.0	0.0	0.0	0.0	0.0	0.0	0.0	0.0	0.0	0.0	0.0	0.0	0.0	0.0	0.0	0.0	0.0	0.0	0.0	0.0	0.0	0.0	0.0	0.0	0.0	0.0	0.0	0.0	0.0	0.0	0.0
GA71	-0.007599753119634217	0.02033707005939295	-0.013450239774919683	-0.030949976925146463	0.002168256516541233	-0.02629124822614704	-0.004222615300380541	-0.004218747690678479	-0.014378506416722699	-0.015989073616148455	0.018717446236592834	-0.011600704051322542	0.005665996927242966	0.02136266684718048	0.012137996640827979	-0.0050549772694264816	0.006460827759510399	0.01832187734425602	-0.01548061113892688	0.020076433708559115	-0.0032895714817514615	0.016601392227591147	0.007460529974262271	-0.028972665492119635	0.029557789994756004	0.036474945516277786	0.028120522960292875	0.006050679233722983	0.000715371973720235	0.0021210553780102253	-0.0013631936835266417	0.03360023773925861	0.049860104621583225	0.01533114215493634	0.008919756739552783	0.006098711002116169	-0.013967918823538886	-0.018603524196635114	0.012269859525325515	-0.005274591124767472	0.005216248158751026	-0.007359500715492233	-0.0034770503713754193	-0.0027096951929303495	-0.0018076891856641224	0.0031238709977543253	0.004430532891712255	0.003930795869411655	0.0037885624497477994	0.002428292163568598	0.0007213252659179557	-0.004718914771266328	0.0015855119673828277	0.0016308054146858327	-0.002628451048693591	-0.002219393888416154	-0.0018995888477626379	0.0007818251526519684	-0.00036626999129016585	-0.0001400681367007571	0.0020438688123188093	-0.0004937561536869616	-0.0004960454643181044	0.0005162417525567034	-0.001691305208883594	0.0002673128219521569	-0.0008153128520812366	-0.0003369841743394195	-5.187035695924479e-05	-0.00020463671802890108	-0.0005149464011026229	0.0004470204384174525	-0.0005814274381831665	0.0008046617769940196	0.0011331730340954891	0.0003643507056140314	-0.00023283164756771063	-9.50452255441397e-05	0.00015719381084803682	-0.000829962754958056	-0.0007862262272593897	0.00024073534026574546	-0.00017549641922175903	-0.00016404800299225377	8.72071170879095e-05	0.00016671102439510998	-4.154961654560706e-05	-9.378096290872693e-05	-7.945499467401972e-05	-9.971240738074056e-06	-0.0	0.0	0.0	0.0	0.0	0.0	0.0	0.0	0.0	0.0	0.0	0.0	0.0	0.0	0.0	0.0	0.0	0.0	0.0	0.0	0.0	0.0	0.0	0.0	0.0	0.0	0.0	0.0	0.0	0.0	0.0
GA72	0.5386720905985003	-0.08643842316962015	-0.31739603802634075	-0.07666228556582375	-0.006163323497319345	-0.05999764716849444	-0.030445064505364074	-0.046476133815829976	-0.004025395066475873	0.004416289662755224	-0.026581404080081524	0.022103592225710424	-0.004345344482187696	-0.008697017899097024	0.003626586330500233	0.0010036218936686542	0.0034347723088497093	-0.0008321507803087704	0.0036526149838961054	0.003784282097018671	-0.00462401398575575	-0.004569754664583033	-0.004408115835440877	-0.00047804342349235706	0.002449131489734053	0.00370642821833298	-0.0014197258159098034	-0.0021751407566622826	0.003936060009875002	-2.8532809659897393e-05	0.0009683219951027504	-6.194418611208172e-05	-0.0003385277985979062	0.001309923465792716	-0.0011067156706690501	-0.0008275060182143347	-0.00038218330474528995	0.0017265715206365945	-0.0005286332346869451	0.0010471556801797757	0.0010295520261310472	0.001094320616308391	8.254116993164889e-06	0.0007580782756656337	-0.0013076512106035899	-0.0010384565903343208	-0.0001764164426852308	-4.293312411578152e-05	-0.0010897911468791587	-0.0007721252582936312	-0.00021004663092569526	0.0006462801512664942	-0.0006739270775037332	-0.000968561489424639	0.0004191947244749414	0.00043932092045169413	-2.629663567015605e-05	-0.00010849128861299729	0.00014925081067846118	-0.0003068488779861241	-0.0006970835522230576	-0.000791757986738896	0.00029257497828578813	-0.0004497812884804708	0.000653149865653385	-0.00014354551164469883	0.000186712566984897	0.00019230509589874466	-9.474261946209221e-05	-9.751653334286315e-05	0.0001974936514749872	-1.4242212437796558e-05	0.00025056253960077147	-0.00010220645736675898	9.16211981763095e-06	-0.00012569007416219757	-9.687724715410186e-06	8.827544534230197e-06	2.2710814312626167e-05	0.00028592669912138257	7.887340413187072e-05	5.1453608952134354e-05	-2.3899320690029453e-05	0.00016491722879283355	-0.00011088440216871424	-7.374505472091596e-05	-0.0001282772928079484	8.801957795590933e-06	6.475444278229074e-06	-5.227335545010324e-06	-0.0	0.0	0.0	0.0	0.0	0.0	0.0	0.0	0.0	0.0	0.0	0.0	0.0	0.0	0.0	0.0	0.0	0.0	0.0	0.0	0.0	0.0	0.0	0.0	0.0	0.0	0.0	0.0	0.0	0.0	0.0
GA76	-0.017889506287636123	0.015169756583332392	0.0030276299767232743	-0.012128325249797338	0.0004294227961626047	-0.0059632522838926295	-0.00431964508509291	0.010287711600803662	-0.005680945287162576	-0.010585558863601343	0.009466107022857738	0.010846164940287594	-0.022374725440999606	0.0009297079048327107	0.004623141777382446	0.012236213971169555	0.009878685297499657	0.005942892538436936	0.0056519752706366035	-0.0015665297148471577	-0.017913877405152722	0.015069235334283277	-0.0014229617412777325	0.010539280145697787	-0.008987840340428991	-0.0038092792587370184	-0.003935980057106682	0.010348753169155001	0.0037624790021663626	-0.004003599932887643	-0.005215511889127075	0.002742758405208912	-0.0025361848142235765	-0.004971708814604206	-0.009301038771307587	0.0020695652954507934	-0.002971589955363687	-0.004057342265775617	-0.006556571755969317	-0.008451227767803687	0.00038379568965399844	-0.0030001171439692294	-0.00866823211356245	-0.004610154635354315	-0.003136299340078418	-0.002708666339782232	0.000439539622330067	0.010785732423356963	-0.0039088421897239935	0.0032972586116678465	-0.005700543449642658	-0.0061942320877116635	-0.002558489316992911	-0.0005916697768324072	-0.004702427401761569	-0.0011396281624158672	0.003970073471693486	-0.005250573769725816	0.0029808600261587493	-0.004767925427531115	0.010665279596010923	-0.0036523378099465086	-0.004947411317833346	-0.006969065096614276	-0.0002547242153546708	0.001221658563113569	-0.002613457095224305	-0.00043502446575002503	-0.0009681575222223056	-0.009912638312691813	-0.006487003252668881	0.004126204493367158	-0.0026398002797536034	-0.004372205381889174	-0.003803402771391958	0.00434463378734501	0.0009472761977289122	0.0030329355651029957	0.002702920564417533	-0.0005232939002222897	0.0034375322798322816	0.0003332008152667179	0.002381567223402213	-0.0013683939608633811	0.0007203752638698014	-4.710296156512377e-06	0.00010010670397515323	-0.0010817683976828679	0.0006826473210879535	-0.000201286978768164	-0.0	0.0	0.0	0.0	0.0	0.0	0.0	0.0	0.0	0.0	0.0	0.0	0.0	0.0	0.0	0.0	0.0	0.0	0.0	0.0	0.0	0.0	0.0	0.0	0.0	0.0	0.0	0.0	0.0	0.0	0.0
GA77	-0.001469011568662681	-0.0259100029935155	0.013856054316151707	-0.004766466116077073	-0.002035255751570157	-0.03574166544324742	-0.01482554950361913	-0.004275936824212507	-0.003986259529546667	-0.03505182081097262	0.034751072609422964	-0.025143771505624333	-0.01636801561296196	-0.03921471884017888	-0.011129196386126543	-0.011455552356093966	0.001633138928723532	-0.011984470579507127	0.0027669920905887373	-0.006414040451236399	-0.00874505452016803	0.007788358887149072	0.01880024928555193	0.014398119656983397	-0.0014155355377596978	0.013875149664326344	-0.014629025073579929	0.011527893237027369	-0.021034453000571447	0.01607900716435356	0.01612962801150194	0.005173201769734831	0.009777687672016385	-0.009744871569773361	0.003139146663015308	0.007855957497321209	-0.003772872093044567	0.011839106506669788	-0.00837638046373466	0.004141058069882734	-0.004521310937476552	0.008562747763271737	-0.004404822126893409	6.874798370958497e-06	0.008724421137189343	0.0019316649703306741	0.0063216244386341105	0.0038401137504309943	-0.0023672578295113995	0.010877206990945826	-0.014627959295398578	-0.010208887045308307	-0.008409790204206662	-0.005184110598115589	-8.376735104784227e-05	-0.00535509843743172	0.0008162613642429295	-0.005275942342032958	0.0022405870047877453	-0.0011451590157730337	-0.008232116553534157	0.0013342585797987238	0.0013958411517848797	-0.002327242040064161	0.0009045326396488973	-0.0025532196083283636	-0.007520412155260379	0.0021494698509656857	0.0006937668595300313	0.004748374379292766	-8.479686820520863e-05	0.0014115820784992177	-0.0003223144764248107	-0.005047420046292432	0.003744390062238984	-0.0001639959446993018	0.0011580176486775807	0.002410446147006864	-0.002717137037603196	0.001627624592534859	-0.0007513057055488609	0.0013986668491114864	-0.0009886564271572472	0.0020617221711086067	-0.0008965638263913792	0.0005801335907508893	-7.051867776114697e-05	0.0010673788749435203	0.00031469949963716556	0.00014122485229224396	-0.0	0.0	0.0	0.0	0.0	0.0	0.0	0.0	0.0	0.0	0.0	0.0	0.0	0.0	0.0	0.0	0.0	0.0	0.0	0.0	0.0	0.0	0.0	0.0	0.0	0.0	0.0	0.0	0.0	0.0	0.0
GA79	-0.06914394231142065	-0.008011906310012501	-0.04016684896437524	0.02924749335304608	0.021487346424417464	0.00026556563627265397	0.023155900709311877	-0.02387106014334635	0.011452757800885515	0.009460047549058622	-0.008999062490514362	-0.018651944387872207	0.023875603163878097	-0.04215670986223274	0.012947430914076612	0.003492150214548329	0.0099515891123965	0.0013706551354347254	0.002387749377491314	-0.003495104446658975	0.0004415196230770428	-0.011287882717649302	-0.0113266854824528	-0.004886158120851527	-0.023915186469341716	0.002968666559889201	0.020486729478848817	-0.011905148323792221	0.01622377071918476	0.01930777076696607	-0.0076633064922182635	-0.013721569474958098	-0.004657877510412317	0.022857842225703338	-0.03298449269871763	0.021286358473866226	-0.012950671465595646	-0.02714116589204362	-0.01943277685578682	-0.0018563788789649621	-0.0021750669467141184	0.00536629607709667	-0.004214912889259534	-0.0022843525900758718	0.011717014895808767	-0.0019467734391297588	0.00036005243670919374	-0.0033471519913906857	0.005814471719714075	-0.003946610073906412	0.0021126466513974617	0.0017815675429631844	-0.005767114015295398	-0.002689486409829617	0.0022500585905919613	-0.0013042075801383583	-0.003841980594247448	0.0013368627979494258	0.002966678203599618	-0.00036254778490508473	-0.0026997057106241153	-0.001543184860749026	-0.0004650309382386589	0.0031285921363697184	0.0019391781075089602	-0.0029038646899463504	-0.0010185348466857994	0.00027375594244503844	0.00013231144265601663	0.001080208793628072	-0.0005883518233981461	0.0003761578640296403	0.00012104962232432105	0.001331441701327143	0.0021856699140611192	0.0008779411393472534	0.0011957439375999692	0.0008261898363730059	-0.0008713306013482312	-0.002606402322105958	0.0013506758135455378	0.00033781885826187003	0.0017925556071531395	-0.0002524237668056676	0.00039530073925714477	0.0003962811255323826	0.0010614545392869624	0.000278939110571296	0.00012391820797847024	-2.0094014569648413e-05	0.0	-0.0	-0.0	0.0	0.0	0.0	0.0	0.0	0.0	0.0	0.0	0.0	0.0	0.0	0.0	0.0	0.0	0.0	0.0	0.0	0.0	0.0	0.0	0.0	0.0	0.0	0.0	0.0	0.0	0.0	0.0
GA82	0.034134735825426345	0.012989421925307066	0.013239349774605445	0.036081883330016766	-0.030135372823634883	-0.030586947163894363	-0.0049891764590032075	0.008358055131713811	0.0010903515792540417	-0.001195653806356125	0.04190466224389107	0.02339435917266442	0.017044222449658544	0.010004757425865327	0.0009825189041979584	0.003937578030303379	-0.012994276204257211	0.007158833788299193	-0.009555684032111288	0.009024089983133064	-0.009814258247337114	0.0012203574309291878	0.016412997924089866	0.01214630598532319	-0.02469016173514879	0.002154562785152299	-0.012133588549659858	-0.030997343089646846	0.003599742443819445	0.006402433609247239	0.008333733275812603	0.011322699711092132	-0.005744064671178474	0.0005599608629091123	0.01883342936240712	0.001444288162485413	0.01578531924955926	-0.027023760185474095	0.010211299842596878	-0.0028066171862758133	0.02109545048897246	0.001137962842262107	0.01457652266973073	-0.0009013149804463158	0.004827923938448849	-0.0018442224061403433	-0.011353916707701198	-0.005965774134494819	0.00016120583301352216	0.0045023110798402795	0.005367924357983382	-0.002460030398546945	-0.009224754317494453	0.00020467706532403707	-0.00042887693963700803	0.008686631762301174	-0.0008895445650687646	-0.0075165480303705165	0.00015296484218343834	-0.0022406628228055342	-0.0019228507208282942	-0.0020348301009074352	0.0014937744867348293	-0.000240756494854215	0.004885740334045975	0.0016167632151832697	-0.001988151885686732	-0.0006957207701445429	-0.0008664669268100656	-0.0014228053041361016	-0.0035039865551911406	-0.0017045787317586127	-0.003601660906249012	0.0004246959984965454	-0.001966460083326339	-0.00010872375030063065	-0.002349670862241741	0.002508948064562319	-2.34886421116282e-05	0.0016677316726720706	0.0036718236284364876	-0.0026832533033989588	0.0003232660856229302	0.00018161244505260097	0.0005508634447471673	-0.0010814187629538373	-0.0008019271054959969	0.0005790245944376816	-0.00037436303632959456	1.4937423364706242e-05	-0.0	0.0	0.0	0.0	0.0	0.0	0.0	0.0	0.0	0.0	0.0	0.0	0.0	0.0	0.0	0.0	0.0	0.0	0.0	0.0	0.0	0.0	0.0	0.0	0.0	0.0	0.0	0.0	0.0	0.0	0.0
GA83	-0.05750619525582355	-0.10858633526654035	-0.024525639457123244	0.04228788729826602	0.0032535776225080934	-0.022262485319837808	-0.002384865149908211	-8.191910197007725e-05	-0.008270252270320841	-0.00575874536884269	0.032832184086276014	-0.007813551550845874	0.005511382604964195	0.01093228957996567	0.01097547289154625	-0.01184587792417841	0.003634642480545425	-0.0016600481501083035	0.007686038784813168	-0.0006469391275915549	0.009266484566824334	-0.014754894905938407	0.0007143764826002273	-0.003445691378450262	0.009384703793880482	0.008784742480898897	-0.00029326881664367544	0.009071877487393546	-0.010658667309331456	0.005265371951223308	-0.00827138126385295	-0.0071462756836220415	-0.006873918734988908	0.0008020574917561907	0.0027929427245773765	-0.004985530119894131	-0.0011579742601901095	-0.0008483206106276246	-0.0009124709033590561	-0.008615171065999745	-0.0005368630762912037	-0.0065576939320013405	0.0033289231499789356	-0.002152725279503731	0.008748574323428699	-0.005190281163944055	0.0003383551311369231	-0.0048925141598500956	-0.0004053797687037171	-0.0059276102382213	0.0035251257169977334	-0.010005055602385324	0.006688405549167346	-0.011046362122649131	-0.0035139901546151374	0.006441238607565292	0.001124207870910682	-0.0015127579702868274	-0.009223433707635908	0.0011062332889984886	-0.0004889820489565038	0.0064296858215039665	-0.0008215018085150894	0.008608259873632023	0.0077460938709444215	-0.0015121664022917079	0.00837498640439216	-0.009659245809113601	-0.006844793645315099	-0.0030645637316257203	-0.0033215860269613946	0.0020267822778844177	-1.0232494667639481e-05	-0.001542132453070092	0.0016508969988198907	0.0021217622442174875	0.0024366812468568783	-0.003752250624627587	-0.0018876444944704999	0.0023947237077199266	0.0016823947186532517	0.0014531882818870773	-0.00017997896564317793	0.001901724165293035	0.0012595530762435614	-0.00016369793868435906	0.0013072083965964497	0.000943315686119491	-0.00021690340321199597	0.00029067726186636776	-0.0	0.0	0.0	0.0	0.0	0.0	0.0	0.0	0.0	0.0	0.0	0.0	0.0	0.0	0.0	0.0	0.0	0.0	0.0	0.0	0.0	0.0	0.0	0.0	0.0	0.0	0.0	0.0	0.0	0.0	0.0
GA85	-0.006319043533530688	0.0011041510742857293	0.0067239249928183744	-0.03127654443075587	-0.047881653719391154	0.004910311596252869	-0.0009198770767688946	0.002323197685643712	-0.013482195459909283	-0.04639154257066652	-0.005890550026788624	-0.012863377106501747	0.011185449754585798	0.0016862944927723915	0.004617272167559066	-0.0036410611227689154	0.00973091588563856	0.007630377062827689	-0.010683293108978071	-0.0010299815237902233	0.004795064664056312	-0.0004279331917462519	0.018325376236325346	0.006402970840717588	0.002324492231573321	0.012687598446089528	0.006911566307152188	-0.006954441368059065	0.001978304304431388	0.0026795286068378938	-0.014786321420586413	0.002681640107936247	-0.010060109222250948	0.01671582201100095	-0.0021812663697870632	0.009475172374859566	0.012250972974242432	0.01828703316694881	0.00020569947761552205	0.0031636511990688156	0.00112482921064049	-0.0052850874520395386	-0.0008399173172429686	0.00037319566993169984	0.0022781875619322257	0.0015542783968688397	-0.004878744178141489	-0.006861060347397911	0.0016930396402256593	0.008934406510181845	0.017642268053155687	-0.007472152683733044	0.017742992073120255	0.008001048205238276	0.009717512291173498	0.012432741330415066	0.0067820780325208415	-0.0011764072017086237	0.002827635305246262	-0.0024384243577512685	-0.007607853946695353	0.002589570009012113	-0.0005530950938789553	-0.0019930324443195044	0.00456766452171457	0.0036847752393951096	-0.005271883103453893	0.0019474797383616312	-0.0011724331664138398	0.0021047648081098823	-0.00014799933475283586	-0.0014278002679151485	0.004365463647057001	-0.0027201574432027292	0.0036404790592730854	0.0012704016243369769	0.0036240449858713944	-0.0014726375895259478	0.002324288412305818	-0.0012403962692921005	-0.0013118359325229765	0.003586911109491464	0.0016355981121808439	-0.001667561550423173	-0.0006281592865715353	0.0006216696337827089	-0.0006155611606656287	-0.0005493443602475836	-0.00031707612803553124	-0.00012896989293848394	0.0	-0.0	-0.0	0.0	0.0	0.0	0.0	0.0	0.0	0.0	0.0	0.0	0.0	0.0	0.0	0.0	0.0	0.0	0.0	0.0	0.0	0.0	0.0	0.0	0.0	0.0	0.0	0.0	0.0	0.0	0.0
GA86	0.026962436856609043	-0.19448363889975645	0.023587831881214102	-0.016490822802875674	0.12569926926127162	0.040837028606359675	0.021791570470273122	-0.018505885917139097	0.009237512487023567	0.05553857786248914	-0.017812121290078937	-0.03269707689904154	-0.05287551770308975	0.028840004374780237	-0.04355863423190159	-0.01489586636751695	-0.03118975197704247	0.0036876959657315	-0.03839068128351767	-0.01948615857526486	-0.0072990498865676936	-0.013447744526462229	0.012728301626988358	-0.0029291820970306862	-0.01134574440944081	0.0130489639160054	-0.0036814337018695378	-0.021096922471959708	0.000841630186744178	0.006204241454503317	0.0010583777018381294	0.007485754994740843	-0.003624050425140912	0.0004633961395310725	-0.004082249961248778	0.007598065327487409	0.01139645212397985	-0.001231542543246244	-0.0026353798463185233	-0.0014539861768132268	0.006408023247947473	0.002094091332937824	0.005497298500224958	-0.001828776993390426	0.00018499172024719006	0.00432642454017488	0.005257189054460729	0.0021222856916795624	0.0043839109247332956	-0.004218409592781844	7.921144560500359e-05	0.003902292599573114	0.006454861157957109	-0.0018977368176513348	-0.003748183388448149	-0.003241423796098087	0.0006008713858257657	-0.0011376478192594126	-0.0044406428988236	0.0027019486404317693	0.00044685945139506333	0.001423463382081934	0.0007651254417642763	-0.0024027320255523166	-0.0010049799786177916	-0.00046548692759223223	-0.000725744667830068	0.0023928085193127865	0.0014007924201297239	0.0010667488094594176	-0.0006625564785491538	0.0009680486846105787	0.0014499069918566308	-0.0005596283012416971	0.0011333899566119598	0.00038387592706027316	0.0008630459850668958	-0.0006725499323113065	0.0009744412158719583	0.001510833632605291	-0.0004137474646322349	0.0005955951548640962	0.00028569641700414036	0.001027011982530041	0.00012187518462994333	0.00039095087163619203	0.00032422981767557844	-9.288510228024977e-05	0.0003293232274561659	-2.7333797732567277e-05	-0.0	0.0	0.0	0.0	0.0	0.0	0.0	0.0	0.0	0.0	0.0	0.0	0.0	0.0	0.0	0.0	0.0	0.0	0.0	0.0	0.0	0.0	0.0	0.0	0.0	0.0	0.0	0.0	0.0	0.0	0.0
GA87	-0.0763775670840114	-0.08967867764009449	-0.027839735250744443	0.02325975918677821	0.018324174951180144	-0.0003534889023010824	0.0031364145565401192	0.0011242078292934188	6.216373086958449e-05	0.006229114214032434	0.012708871616246025	0.0009288692798555896	0.0020364214391786245	0.003966966552161918	-0.0025770688448722226	0.0020434522200897852	-0.0008876399790271103	-0.005573329886642578	0.00034753268010864866	0.005662523266645355	-0.00045830199831635297	0.002059708699406695	0.004613103411156694	0.0006664287526801845	0.0007946856156654538	-0.001289152428987945	2.533153159490382e-05	0.0005897108579053646	0.001760327227323054	0.002953718018228826	7.090989132464871e-05	0.0032503291524659697	-0.0011144887591048784	0.0018243163995111003	-0.002169739512641854	-0.001004445247350527	0.0035657385778000952	-0.0005576291996840681	-0.0037551218852923743	-0.002240767601987387	0.0010316519768158012	-8.663813736126122e-05	-0.0019971299007795693	0.006005985146395189	-0.004722434850120919	-0.00019073997440095846	-0.0007908826562788374	-0.0033966452114431982	0.0055395227885279945	0.0021480194332217	-0.004332794053113771	0.003583167548262873	0.001871829649343773	0.00028751723732534557	-0.0041301978344170515	-0.0005424613596638147	-0.00010294641653938357	0.002647623683484622	-0.004773033661324847	0.0004933142903192652	-0.0003390556449500217	-0.0009368033596892556	-0.00030620146793587395	-0.00044655334218981715	-0.002608998084341537	-0.004217121385832541	-0.001816326370974823	0.00015921489326704236	-0.002351925968727418	0.0013718969254336239	-0.0025431166946714625	0.006206047352712719	0.0028982626561629915	-0.0003079967256747499	-0.0009293080171775114	-0.00369241554934875	-0.003092294249355624	0.0014526447966156334	-0.0013472610822955586	0.0018581961446503955	-0.003927136425516825	0.0022054626134220628	-0.0015913503058377733	-0.0033367941567785564	8.544543886877941e-07	0.0003387974066173453	-0.001120296251418331	-0.001188095743291986	0.0002110595383132718	-0.0001219918484862844	-0.0	0.0	0.0	0.0	0.0	0.0	0.0	0.0	0.0	0.0	0.0	0.0	0.0	0.0	0.0	0.0	0.0	0.0	0.0	0.0	0.0	0.0	0.0	0.0	0.0	0.0	0.0	0.0	0.0	0.0	0.0
GA92	0.02696606625573817	0.012421794344513359	0.04941251813446348	-0.017532244415213664	0.009892419386855901	0.024125474280943464	-0.01638623976545878	-0.043532352360805195	-0.002805460836154485	0.03916708966566714	0.02143572284099921	-0.014130885119944649	-0.04030689709826189	-0.04361568365387611	0.0008747637332768803	0.007017689599802888	0.030336961455522227	0.010759928530801184	0.01660742840946738	0.05299640109661589	0.012249128111554963	0.02198407018262451	-0.021771090065915086	0.004946791676126469	0.021410975088045917	-0.005585947482891053	0.007205265891898187	-0.04497317511667401	0.025378053463765878	-0.00963257940952806	-0.006984904467422557	-0.007261973712335527	-0.0020976161679214225	0.00516512783724995	0.008678645274173061	-0.021929817640302572	-0.0048852435471580516	0.004868182260992183	-0.0051632820117257045	0.0025163231206297093	-0.006040677005364528	-0.00954351678090381	0.0019137848143278699	-0.0006067050601084722	-0.0019232791370630252	0.0009757461877758102	-0.001142260626938031	-0.007586618040051354	-0.0029433891808380084	6.313217518271313e-05	-0.005297850868085535	-0.0006635434877204215	-0.003011541726513872	-0.0033861569815887196	-0.0007549208036848895	-0.001144508993198286	-0.0014613118692080296	-0.0003926563054842044	-0.0009658928520360425	0.0008198802165014529	-0.0015882863933477274	-0.0016508903230578998	0.001332737928582227	0.00045902417149752597	0.0038751364524008554	-0.001334963915710268	-0.0015149903190619614	-0.001850881676368718	-0.00042148015091261423	0.0011076466162923161	0.00028623760600806833	-0.0008075297497579059	0.001978325223668164	-0.0015858015213358956	-0.000560303019395299	-0.0014702964827187056	3.862206886075373e-05	0.0016388548157332196	0.0001905689688031268	0.0002724596599380759	-0.0006655717411770327	0.0002246904567612201	-0.000936927029148509	0.0009251807985145843	6.942701745196809e-05	-0.00027579476314678914	-0.0004977185202780357	0.0004117780556633419	6.789625150107122e-05	6.468013594484777e-05	-0.0	0.0	0.0	0.0	0.0	0.0	0.0	0.0	0.0	0.0	0.0	0.0	0.0	0.0	0.0	0.0	0.0	0.0	0.0	0.0	0.0	0.0	0.0	0.0	0.0	0.0	0.0	0.0	0.0	0.0	0.0
GA96	-0.0043613408987172985	-0.0045457431223233395	-0.025407539568736502	-0.023276544181618838	0.019935175395261327	-0.011191169236771603	0.009997246857072529	-0.0005464590729738964	0.022664164720741623	-0.017210951869073017	-0.003928692677514741	-0.030967527435080036	0.010613022290338293	0.0388620726991414	-0.022317326276062695	-0.011021055658785306	0.027070940182517707	0.04876759619953793	0.004658591469403659	-0.002233785885634857	-0.019462925959776726	0.002888199348316417	-0.0352783784433307	0.037509268093804185	-0.009865059997947156	-0.026637736390497817	-0.01687675967214179	0.023259833645722826	-0.021138332417462234	-0.021789499287633695	0.01415764034262142	-0.007647675654097979	0.004583940939805478	0.04102893519285058	0.014298812280044045	-0.006582325038082623	0.009225450664794077	-0.006880056420513616	-0.0047024404395206686	-0.0012230933189358432	-0.004764539575291511	3.155090294022967e-05	0.005509521759828841	0.002042085287425618	-0.0006710436525581296	0.005909657492330195	0.003173757549837316	-0.0015443407877351544	0.005529438095720429	0.0033364015433066077	0.004167986319815653	-0.0015996714334270477	-0.000314584813208355	0.0014428826941405841	-0.003214873571856204	-0.004078015857352188	-0.0028670881162539672	-0.00018329216546108656	-0.0017927290902323236	0.0002864437632614396	-0.0007798695769101729	0.000592866439169349	-0.0008832446451499164	0.00019342829812085154	-0.001653406625103757	-0.0014541879144418556	0.0002880327851183813	-0.0032817280888496397	0.00030143083887218064	0.0019806216707567116	-0.00246113670718728	0.0006942167740934963	1.1599079387123759e-05	-0.00036767416534135006	0.0003551153494912693	0.0005233101933191385	-0.0007578561992644096	0.0015469601660590437	0.0007320684889718564	-0.0004906124953965748	-0.0013646069106944508	0.00047075705897518057	5.7537654702683995e-05	-0.0003273546987654352	5.6435143476316756e-05	-1.2000300303319643e-05	0.00028600225758141626	-4.323888990958838e-05	-5.033550456701397e-05	2.4215002704114176e-05	-0.0	0.0	0.0	0.0	0.0	0.0	0.0	0.0	0.0	0.0	0.0	0.0	0.0	0.0	0.0	0.0	0.0	0.0	0.0	0.0	0.0	0.0	0.0	0.0	0.0	0.0	0.0	0.0	0.0	0.0	0.0
GB101	-0.04432591112231331	-0.1297579102064266	0.03509491560313312	0.02267284309730432	0.02235794804264518	0.009131198967126594	-0.028764226441058704	-0.0272709795309562	-0.010659948654300623	0.07231776890491752	-0.04749100352399987	-0.0036015119757208903	-0.02326130059656744	-0.0078037613954637	0.013268807286983658	-0.012341252295067997	0.007113226188705853	-0.002856986423803242	0.014961440065693006	0.0027796157985083437	-0.001968093177533659	0.001199782938931593	-0.014443636638920617	-0.010829378291072818	0.011594354353711577	0.00011114555347807558	0.004921516309375733	0.0022895744010336125	-0.005882639321405722	-0.0010705493278026505	0.0008466267943890769	-0.0051978274347694	0.0013671851920520949	0.0005364076908785971	-0.0026552384372772113	-0.0009117539655134322	0.000960863160670635	0.002313077478212805	0.005300542777032002	-0.002816736750814619	0.001623916489218607	0.00208144819912612	-0.0009420478355667909	0.0009591112180999095	-0.00032924262632497093	-0.0017159959439695606	-0.0004523699821374772	-0.0003937346990142368	0.00023060354302969913	-0.0024510760040098566	0.002373923284268506	-0.0024075554183514555	0.0008831553064721008	-0.0014422902648753102	0.0019238049285711942	0.0012508706443678285	0.0006172000064566191	-0.0001047537247465473	-8.962005069132257e-05	-0.0032321453344097257	-0.00012698202924572608	-0.0023544264303528325	-0.0014698638424158544	0.002105737187165088	-0.0011367923574651204	-0.0007235756746145633	-0.0004083221988469241	-0.0003736617130289718	-0.0004369811575314838	-0.0012291389128804768	0.0005914316274854618	0.0007211006025033084	0.00023672957134887262	-0.0010650025045721373	-7.872830239593415e-05	-0.0007560819592667106	2.899803867778481e-05	0.0010933700506161302	-0.00021601427646325693	0.00011110475991883635	-0.0008872968924119294	-0.00040573193406825227	-0.0006328914990139908	-0.00036950786895224895	1.8024461487429135e-05	0.0007393444113159656	0.00016618434468396997	0.0003277052450434619	0.00037950159313331056	0.00012324264905175637	-0.0	0.0	0.0	0.0	0.0	0.0	0.0	0.0	0.0	0.0	0.0	0.0	0.0	0.0	0.0	0.0	0.0	0.0	0.0	0.0	0.0	0.0	0.0	0.0	0.0	0.0	0.0	0.0	0.0	0.0	0.0
GB102	-0.04248661221220961	-0.03324743445745139	-0.007277934117118144	0.0033687244068141943	0.005070854347207835	-0.0004971605486994599	-0.003343453905543284	0.0036320135359765473	0.0019641874022951907	0.0004671599860770832	0.010180566086975828	0.0024107045711380224	-0.0034739314894172684	0.006703072189313536	-0.003012934885878024	0.0011293154219964466	-0.0016786234029963123	0.0009114071422822693	-0.0008252286855942058	0.0014687081003518956	0.003752034681973351	-0.0011880442515215547	0.0008888763812625477	-0.0023425242184067726	0.0055220415072916905	-0.005444822515567656	0.002366571186139926	-0.0020238249735045036	0.0023429020336901106	-0.0008106558662257559	0.0017634683467566289	-0.002521261849154906	-0.0008812029396711154	-0.0003341280292915794	0.0030650720716588827	0.002585012740788244	0.0007185304502093918	-0.0017008062406152844	0.003424242460272066	-0.001586536147713154	-0.002420973326654275	0.007310390661951606	0.0028907605469162207	-0.004909698161514291	-0.0005876134745297117	-0.001641572756704242	-0.0015558582657150355	0.0040845114895283014	-5.1093427133304786e-05	-0.0029023865769079475	0.00013358169820443111	0.002339451821160488	0.005808576014282802	-0.001047431249166909	0.00047184229225077966	-0.00027637396913954515	-0.005997434139275122	-0.0011958399730481607	-0.004252170217691688	0.002653468489494816	0.004320257794693782	0.006067580490540602	-0.0062235375217292764	0.0027166022942505374	-0.00028832776288112823	-0.005195119199966412	0.008937770141531309	0.005486057890436541	-0.0023343866563645156	-0.0056571669047893874	0.0025086961277153447	-0.000985261942382174	0.0019166908043387974	-0.0004629528288607455	-0.0006153708112617359	-0.004348687802822201	-0.0057467192916418955	0.0006369337009754748	0.0025845831653327897	-0.00463519519057528	0.004959179542264659	0.001726952003902261	0.001324609045842127	0.0008466757227383665	-0.0013501952444064168	-0.0001849504928750518	-0.0036223075662072733	-0.0011408652204154596	-8.506666205262918e-05	-2.700148342139227e-05	-0.0	0.0	0.0	0.0	0.0	0.0	0.0	0.0	0.0	0.0	0.0	0.0	0.0	0.0	0.0	0.0	0.0	0.0	0.0	0.0	0.0	0.0	0.0	0.0	0.0	0.0	0.0	0.0	0.0	0.0	0.0
GB116	-0.01821598606271454	0.008031132873847815	0.003589974203620468	-0.007526834963142107	-3.2907167006331604e-05	0.0025464629251736193	-0.004973657869101665	0.005109702395983662	-0.0017156982798351224	0.002260135790161343	0.004664391119606966	0.001535083344275015	-0.0011639393621568099	0.0066104298612472264	6.236290985657132e-05	0.0019166293205918517	-0.0016031270108412975	-0.002867780282728245	0.0016906065195339945	-0.0036020663714931814	0.0017312599986345479	-0.0002936777506884347	-3.051388517190179e-05	-0.0011218132769456744	0.0014426640731217111	0.00024444410940374406	0.00010535057742191679	-0.001406892211557195	-0.0013226404081646804	-0.0012988194002677917	0.00016826712452614915	-0.0004996828759946303	-0.0017084208246375785	0.000988002552753279	0.00043834540197156745	-0.0007602048036014712	-0.001333037896288941	-0.0013676443144110162	0.0006382360206008779	0.0008396386823228794	-0.0009416081185570471	-0.0014639903689244102	5.0063189877047596e-05	-0.0014801660288356927	0.00013734290128462594	-0.0006701082116431565	0.00040234606894073733	0.00035769388905839685	-0.0005477380622451158	2.6927731118185763e-05	-0.0009017162442043618	0.0006637187755944937	-0.0005841978065190873	0.002542527913739913	0.001039949438559195	-0.000850005246410411	-0.0003805938438141826	-0.00018984961920387634	-0.0012034445112430808	0.0009459106907148459	4.635982170018815e-05	0.0008598707429005924	0.0002723303982040019	0.0029402803246628313	0.0009732870102219264	0.001117578476060147	0.0005741874256392223	-0.0010932938858138938	-0.0015028642367401273	-0.0004184652014356464	0.0007843252873417202	-0.0004020319052693474	-0.0010892416251065298	-0.0006076635244616796	0.0010375010368204663	-8.323889125264791e-05	-0.0008474786853810165	-0.00015930770021127156	-0.0018666024518131175	0.0008028802539579922	-0.00043282462240033765	0.001916748730360469	-0.000956417136858999	-0.0006683867521026482	-0.00031965286268965227	0.001649010203804569	-0.001007167205578015	0.002488147187892619	0.0007194446255830001	-0.0022181678572453607	0.0	-0.0	-0.0	0.0	0.0	0.0	0.0	0.0	0.0	0.0	0.0	0.0	0.0	0.0	0.0	0.0	0.0	0.0	0.0	0.0	0.0	0.0	0.0	0.0	0.0	0.0	0.0	0.0	0.0	0.0	0.0
GB118	-0.07060966177447411	-0.11079514451047522	-0.028361031317912944	0.013141134733410161	0.009167641889680592	0.01617206213613865	0.010597650763293586	0.006753723629630362	-0.0013897952682521938	-0.005862109818180224	0.010144287736665222	0.009887215979253145	0.0023831354786018645	0.010848970669463548	-0.0002803306524935982	0.003478437530748428	0.0001643221056389965	-0.0038936083630610073	0.01010515764288886	0.004468075608494314	0.007435731970980003	-0.008407684212642487	-0.01551423957382848	-0.0027246424865073884	0.01856301665788575	-0.0032439036690181024	0.010082300651802038	0.012186679362098178	-0.011916809205481538	-0.004272603836791389	0.003865057198497722	-0.013277788939754249	0.010947029564028635	0.0008069285523407464	0.003492824683818488	-0.0069706296537975065	-0.008701656430418838	-0.0018743150069023779	-0.00020249065238886005	0.009838029150473679	0.010787403070160344	0.0067661531327707445	-0.00970263233963271	-0.005212222624133917	0.015716900059520332	-0.014711254324150245	-0.02377078671723416	0.0018215625925763993	-0.0022166542549265076	0.005573777545891456	-0.0009664306615744468	0.02303823994955646	-0.0016398684564251063	0.0013657867512982685	0.01020334807950931	0.000754078155386636	0.008871091598503847	-0.0007090631020837008	0.004547243068385436	-0.003679763367842804	-0.0014097477427427987	0.007051938841351611	-0.0011226636976153315	0.0002240865699041756	-0.0007009922658976902	-0.0011085463540832423	-0.006087367223302524	0.0005725228219404473	-0.001718128142550391	-0.0010214154275148314	-0.0025524264131993766	0.0007149274195475194	-0.0029266494282380296	-0.0006511869351682073	-0.0004871349709488519	0.0011272210841936168	-8.922131113199485e-05	-0.0003288667145388738	0.0023441244781744115	0.0022413265972663467	-0.0011344778914165778	-0.00276000133907392	0.0009859221514697135	0.0018041429390886258	-0.00035755919560340947	0.0015233523635743917	-0.000579427452108104	0.0005659381679800157	0.0006165409997577483	7.216707498315118e-06	-0.0	0.0	0.0	0.0	0.0	0.0	0.0	0.0	0.0	0.0	0.0	0.0	0.0	0.0	0.0	0.0	0.0	0.0	0.0	0.0	0.0	0.0	0.0	0.0	0.0	0.0	0.0	0.0	0.0	0.0	0.0
GB119	-0.005794413647837855	-0.0027511841867474737	0.004947302165503713	-0.00044730797172019333	-0.009959262501055539	-0.025835724695351364	-0.01771831391514559	0.008034558442913207	0.008797929022777613	-0.02971284610987125	0.025640928281430105	-0.01802992859240707	-0.030893631388835274	-0.03149396047801016	-0.01831989297228965	-0.006736147545148945	0.006310608920277921	0.022980260949491186	-0.009409837023720063	0.015106427402250563	-0.0007487871702513367	0.004063339896822106	-0.012107208098441444	0.00665694881714925	0.002394847250241592	-0.0030595597453735596	-0.008650375192082106	-0.01792220698335419	0.016831653718549142	-0.003134483551107849	-0.0014473009153584695	-0.002197632841074702	-0.002629638385914309	-0.009293231231482244	0.006928305317405563	-0.002970891673681373	-0.010554974743693563	-0.0013229185064226553	0.0024909873752488316	-0.009418878845702208	0.0022723543841700585	0.0022916933763192024	-0.002238434191717067	0.0011021613211258437	-0.000726622449577167	0.002208081116768788	0.0032495662174605055	0.00726169775682744	0.004431108719018304	-0.0013345980432111844	-0.0022337129133836553	0.005476028980051249	0.005340249078287764	0.006162600612569362	-0.0002550171668037965	-0.0002977435138121979	-0.0015268319910526557	0.0032146062051628737	0.0036376749769838125	-0.0004794321226865896	0.002024607907783543	0.008648656984463089	-0.0006667533332626062	-0.001587963192142796	-0.004933439695015758	0.00470986677663809	0.0038348490263885823	0.003963166157877263	0.0003743239516299578	-0.002919208504823033	-0.0046459591356406	0.003325679654283457	-0.001934140014130134	0.0031278893620720954	0.0033680986693893134	0.002374991338676235	0.004929221559338088	-0.0018599518453520005	-0.0001728820878547854	0.0010519989010176773	0.00041817504808408545	0.0017091090891089918	0.001860685639035267	-0.0005590088889856774	-0.0006003203960309844	0.00046102969252954777	0.0010820449663218532	-0.0011368603370817462	-0.00033097512105046735	-0.0001684339716302655	-0.0	0.0	0.0	0.0	0.0	0.0	0.0	0.0	0.0	0.0	0.0	0.0	0.0	0.0	0.0	0.0	0.0	0.0	0.0	0.0	0.0	0.0	0.0	0.0	0.0	0.0	0.0	0.0	0.0	0.0	0.0
GB127	-0.03575097541456699	0.034264826769086223	-0.013881761892259026	0.003138850813951426	0.0047457901943035955	0.0007386320648371381	0.008607058554289976	-0.006384051643969253	0.0017879867062631785	0.0022977524034323363	-0.004598943045935401	-0.0012989167263994508	0.006468036842402569	-0.0057008409180124954	-1.1424555631118744e-05	0.0029534423278401783	0.00024381434021707797	0.001554801221301477	0.002321788410226991	-0.001763868412823227	0.000373753205282285	-0.0041695815570327735	-0.00189717886494237	-0.0023192504415555197	-0.0044012557036231794	0.0014091996499750938	0.002393212383120145	-0.0027519196215106123	0.00023616518823120397	-0.0012578060106707856	0.00098351656109048	0.0013157814690407585	0.0009596438143294533	0.00232179802703664	-0.0009150854439736944	0.001577116835618904	0.0020363211088495164	0.0002792804846530581	-0.0029095626415319084	-0.0008573163506771366	-0.0008035942702170911	-0.005513645698555376	-0.0004138853307548434	-0.0015239393940807925	0.002644056956042002	-0.0015442678798145372	0.0008692852896556833	0.002993524137087278	-0.004628485134340896	0.00335195602542956	-0.00031562297430655237	0.004623760843675168	0.0009106796097267702	-0.0030698965830980927	-0.008670981629192796	0.0008027211868802844	0.0012417043130851654	-0.006153419154291746	0.0034726458236784986	-0.005294017458784632	-0.003320140561532413	0.004731643843749395	0.0010263191260299561	0.000546582880872578	-0.013511712265287596	0.0005075937752785468	-0.00644139564524386	-0.0002893207127861879	-0.003199390663772844	0.002017479589915237	0.006416204236770139	0.00015528408427353853	0.009614355647191415	0.0034489718534589865	0.00038907768083018914	-0.004251181989755081	-0.0012935202585952815	0.0027590002806001735	0.005751884678572054	0.003924763097421879	0.005028133152943965	0.0010628690208817479	-0.000797437238223281	-0.0006372884255395747	0.0016840567381600736	-0.001694736921390416	0.0018428505994877785	-0.000440695387976234	-0.0019231755003956447	-9.20813470965072e-05	-0.0	0.0	0.0	0.0	0.0	0.0	0.0	0.0	0.0	0.0	0.0	0.0	0.0	0.0	0.0	0.0	0.0	0.0	0.0	0.0	0.0	0.0	0.0	0.0	0.0	0.0	0.0	0.0	0.0	0.0	0.0
GB128	-0.07534956998638007	-0.08994153459834761	-0.026484908745301843	0.022171252321304135	0.017873309323175494	-0.0006027502078961798	0.002187049407752836	0.0016098108851550815	-0.00013250231691187402	0.005783954738536845	0.012972922879665096	0.0015313114863273634	0.0014026644056000825	0.0050291877369177005	-0.004227652757977792	0.0030677421693594115	-0.0017047008565053122	-0.003988641182614064	0.0023414478306042702	0.004090583536792109	0.00011408485982357066	0.0033993743972516276	0.004723459402365515	0.00012165118924644007	0.001063472228212801	0.00013410742266632241	0.0006433844607261369	-6.056791031196749e-06	0.002047669782261493	0.0009621394271546606	0.00021822963604763124	0.003186124294284095	0.00021702239802504493	-0.0014130870017767278	0.0003276664540493828	-0.0012605963340626444	0.004150569332609484	0.003006632418988073	-0.0018097336338047754	0.0006355290794187883	0.0033706960136567535	-0.001578160272401183	0.0003334326397332664	0.002909185286982529	-0.0013064772534006738	0.000877936600516247	0.0029093285825271503	-0.00015925169909100244	-0.003701727849423415	-0.0030139500714704234	-0.0023435539219507978	0.0007873907076368192	0.0030041956001908058	0.001122212420665448	-0.0003802722291549993	-0.0024426956775744986	0.000749706850823723	-0.0039120667084802194	-0.0019155144454125457	-0.0015442507186477618	0.002742977677014216	-0.00048739430117360265	0.0033034448802140488	0.0007598792456033697	-0.0025902806751174805	-0.002649228444948323	0.003186738753604671	-0.0037534407876281023	0.001924299764256739	-0.0003465169030020414	0.0015984353767828769	-0.004892796788383447	-0.000921536958292787	-0.0002650192624838399	-0.00021606153955456043	-2.9729841033289306e-05	0.0026710400813752025	0.005515212363720431	0.002410903311189814	-0.0015474523855753047	-0.004025541176026447	0.0015269625976623304	0.0025912721718798076	0.00023951827578567187	0.0007769010494868011	0.002611235847585771	0.0010009044368856858	0.0006774869614888561	-0.000971228988465394	0.0002789247950979687	-0.0	0.0	0.0	0.0	0.0	0.0	0.0	0.0	0.0	0.0	0.0	0.0	0.0	0.0	0.0	0.0	0.0	0.0	0.0	0.0	0.0	0.0	0.0	0.0	0.0	0.0	0.0	0.0	0.0	0.0	0.0
GB130	-0.017412543419936217	0.006814642931919751	0.0042990110104813755	-0.007962929866633543	-2.106229200539142e-05	0.002555671518940335	-0.005389467570106312	0.005528586163578924	-0.0017638899209541266	0.002195801399977778	0.0049756217692917834	0.001589775513224649	-0.001451371873657277	0.006795491151582615	0.0004665787121899657	0.001970397002630471	-0.0015711519202829692	-0.0030911895731898626	0.0013507451135872579	-0.0034721030000629564	0.0018114757279337206	-0.000758126206251954	-0.0004587798777269569	-0.0012703325668541245	0.0007597107504223135	-8.818252832592563e-05	0.0002095987145762793	-0.0013540879054364245	-0.0011550870982178498	-0.0011144052095657725	-0.00022338054343094168	-0.0006429809439755553	-0.0014632517549236037	0.0015936180804946025	-0.0003930636295368911	-0.00033661770920963627	-0.001852246292346237	-0.0023032811871870305	0.0004676571822668351	0.0009345632695440357	-0.0023878065463160693	-0.0007713156703958703	-0.00045531925020904785	-0.0012736939665840016	0.0004339918323747673	-0.0008695835368974249	0.00027298702750097934	-0.00074552526216584	-0.0001015561858613388	6.85447759375551e-06	-0.00028106678055915297	0.0003167443942442121	-0.0005865507219973854	0.0026073163329142896	0.00039160321110518013	-0.0005030177454670087	0.00018535897789413746	5.2001087391601245e-05	-0.0005789364131644262	0.0005475327437433682	-4.513040479952358e-05	0.0009093132507393204	-0.00023532086345398688	0.0029261456552837407	-0.0003627552941903055	0.00024273645403953334	-0.000846652692511523	-0.0007433301373416564	-0.0016450585870148018	9.075817641981822e-05	-0.00029991408151064635	-0.0002186202352125688	-0.0009656739478966646	-0.0002612853339277754	0.0012568185575938403	-0.001828544979806612	0.0002604971811525541	-0.00027520545543323235	-0.0018603179357213062	0.0002702391017253548	-9.417367895582759e-05	0.000645907681502833	0.0009653735735521594	-1.213719908636212e-05	0.0004146948000530737	-0.0009969229800567208	-0.001333821078605063	-0.0003156848461459197	-0.00028250045456773896	0.0003898371999782206	-0.0	-0.0	-0.0	0.0	0.0	0.0	0.0	0.0	0.0	0.0	0.0	0.0	0.0	0.0	0.0	0.0	0.0	0.0	0.0	0.0	0.0	0.0	0.0	0.0	0.0	0.0	0.0	0.0	0.0	0.0	0.0
GB144	0.009182615537518894	0.021058726111789782	0.01561116909149264	-0.001163824151032453	0.007021943659047307	-0.02962643687135631	0.00402268515237194	0.01119261067837185	-0.013088592172948915	-0.010129392284682456	0.025121220475494203	0.030191427211800275	-0.007026228612807236	-0.01019685335404999	-0.010837261077412244	0.01848262569726212	-0.012595372849708259	-0.006852903538202323	0.015801940270425884	0.015352099341747603	0.0021776315574434657	-0.00981977078399182	-0.008192210497175745	0.009060155753933213	-0.005067489971887798	0.007300130230540019	-0.014250856139781764	0.019566367113952106	-0.006457938792071432	0.017406605220636865	0.00379414131471438	0.0012898313812125357	7.957860657366475e-05	-0.005169459960880282	0.007570203541160897	-0.0031412683176890175	-0.02366099891975917	0.005916643900896448	-0.024436026833033888	-0.027143275054710616	0.010141271965199586	-0.0014847621448150284	0.0087651677152898	-0.017624812660711746	-0.011772327826544401	-0.0076648072833859805	0.009794772829953452	-0.0081413809489836	0.005419963924810985	0.0008647563700207909	0.01106452112176668	0.0075559470803085215	0.013864677458691336	-0.0010261078270431747	0.010587887806119228	0.0046718413773694685	-0.007376592020613114	0.0005529144824347898	0.0018555424854342735	-0.0015104744164586726	0.0023865500658724697	-0.00494664733044034	0.00030898193417586443	3.529298813405793e-05	-0.0020189814504212923	-0.0012627346539160617	-0.000814198118446874	0.0030573614073708135	0.002893647022656632	0.00012332255987350374	0.0025274509741884713	-0.0012969068410942975	0.0010326711283449184	0.0007153420150529615	-0.0008471612252242222	-0.0018992719814469774	-0.0010216660961726918	0.0018648171906993107	0.0010543653675731848	0.0008409491037810892	-0.0014003977668417226	-0.0013459431550754504	-0.0006970392831784185	8.224619000172338e-06	-0.0003123370222442877	-0.00015844929512012963	-0.0003432600367174803	0.0001870053658102925	6.508576497213746e-05	-2.0901236610600032e-05	-0.0	0.0	0.0	0.0	0.0	0.0	0.0	0.0	0.0	0.0	0.0	0.0	0.0	0.0	0.0	0.0	0.0	0.0	0.0	0.0	0.0	0.0	0.0	0.0	0.0	0.0	0.0	0.0	0.0	0.0	0.0
GB147	-0.03255748207159817	0.03194813148493826	-0.01110560086019809	0.0010411576124864435	0.002338172924372358	0.0020175866701657758	0.006189632499300168	-0.0045747947384108785	0.0010788169115252637	0.000511488311629417	-0.006357376090614475	-0.0005641140303747135	0.0015272778816347297	0.002529902291057647	-0.0022655092529326216	-0.0016090259122457681	0.00046347104945313535	0.017173240937556532	0.003014378680839937	-0.006886672828399015	-0.004140990738605151	0.00920657548329613	-0.012523117620683194	0.006511626037517444	0.001958484113749171	-0.0004150471809346944	-0.006579223559647703	-0.0032953076744237837	-0.004048269052083812	5.8144195465612464e-05	-0.0006173633972986505	0.0017849496523329794	-0.005228785459080679	-0.0034858953323053153	-0.0060656054523637115	0.0022769725366518787	-0.0030988609832514414	-0.001444273345226872	-0.0009457756147618399	-0.002068156406603302	0.0041550705291688705	-0.008500387508434104	-0.005335635233007826	-0.003954518972264621	0.004139024994392853	-0.005338126528587238	-3.350501962922304e-06	0.013246415319698092	0.0018253933669849854	-0.0005805216705288307	-0.0015014197178813407	-0.0029035086667824157	0.002320210044155074	0.0032770348756101294	-0.006029623799620158	0.0022247130212511884	-0.009063292713769535	0.0008856409988707278	0.004736372512667871	0.0008743185818924276	-0.009179058197605358	-0.003201793719030498	0.004537433171483099	-0.0024664485004747237	-0.002508797765690014	0.0034527916434570604	0.0005449723519036943	-0.0012849613352731843	0.000602804740584434	-0.0024840258321352175	0.004526688799439411	-0.005671061985809987	-0.004178652902837682	0.0009817755491975015	-0.00021230744124662752	-0.001504274513886392	0.004320271374359457	-0.002564529215549502	-0.0026047229218292074	0.0012295701219167125	0.0034501555360361776	-0.002465494557855619	0.0036523841425516734	0.001540911782886132	0.0017771088707729094	0.0011057076015210682	-0.0002649296963823206	-0.00012596958364259256	-0.00023589683525682118	-7.891423266779834e-05	0.0	-0.0	-0.0	0.0	0.0	0.0	0.0	0.0	0.0	0.0	0.0	0.0	0.0	0.0	0.0	0.0	0.0	0.0	0.0	0.0	0.0	0.0	0.0	0.0	0.0	0.0	0.0	0.0	0.0	0.0	0.0
GB149	-0.023433781972757646	0.01535685243969112	-0.00143677262004709	-0.0045824477065999885	0.0017373274390019972	0.001898612086138684	-0.0010599201488163301	0.0015405397626722208	-0.00036226127100205116	0.0023439875096972888	0.0022745576811254056	0.0007438453695000566	0.0005236085142327726	0.0023465881815171574	-0.001128683014455877	0.0029881408631990598	-0.0013741535914808965	-0.0010882536711062458	0.0025520106875839077	-0.005576440274947479	0.0030746975076544657	0.001294414990967163	-7.055490542560441e-05	-0.0027586997738183274	-0.0015335811739492786	0.0007486350147228498	0.001951141199346964	-0.0010791725929450696	-0.0015678562313577926	-0.0004723032564788381	0.0006048163584893532	-0.0014834296278477773	-0.0011825064925039448	0.003205683644014333	0.00011201094853093241	-4.606446416037531e-05	-0.0013595081717793038	-0.0007106506614512543	0.0024693728981977432	0.0011326433778033817	-0.003344776460295057	-0.0008076385350527458	0.0017682765882402628	-0.00321846499284246	-0.002565713640405604	0.0015138410586316654	0.000230673965413233	-0.0029598410583887977	0.0020575156688624084	-0.0014238630007669232	0.0004574532767167628	0.0007106563870564039	-0.0024196687359506184	0.0012402394293974698	-0.0013534791956173492	0.0022532671014752633	0.0008806043885280142	0.003712948440216122	0.000526631614556679	-0.0004373278764674595	0.002067204294764828	0.002124879889887019	0.0005839849626929999	-0.00028127011272372794	0.0018602781264463798	-0.0011771567203615568	-0.004695205807107666	0.0024808066544271382	-0.003513043516794302	-0.0020040403056017088	-0.002090925326267285	0.0016010390336249985	0.0020743322548614483	0.003469578299787079	0.0016912644684010812	0.0051386504405750025	0.0029964823585721533	0.001649196482082575	0.00307973337725094	-0.0019591588485410355	0.002504194231895064	-0.002798799976175225	-0.001968988073527069	-0.0015297646630995233	-0.007343345284122855	-0.00339125900953776	0.0019338659289449194	0.0029756881402810548	-0.00029836909267291447	0.0004182802992448734	-0.0	0.0	0.0	0.0	0.0	0.0	0.0	0.0	0.0	0.0	0.0	0.0	0.0	0.0	0.0	0.0	0.0	0.0	0.0	0.0	0.0	0.0	0.0	0.0	0.0	0.0	0.0	0.0	0.0	0.0	0.0
GB151	-0.020214410573893907	-0.04051386785459696	-0.002666030659383842	0.03445160267569603	-0.004102659675986802	-0.016117024794715197	0.006681137242517597	0.007084514704766998	-0.0028769547563018594	0.0073410642113414925	0.026154561161785574	0.016518820960700033	0.008298669827192177	0.017027245269613033	0.010405262285802689	0.0036678012655598463	-0.015463241226920305	0.003120971455524028	-0.000548240590659789	0.009150325649904643	0.008456253407506357	-0.014004812890216121	-0.004352485650265359	-0.0090722713980263	0.0037912355761356054	-0.007133743097932961	-0.00286984603275786	0.008209057317271732	-0.0026335750297684793	-0.0007021000737745067	-0.013509589504204314	-0.009338496529986888	-0.012385814129856393	-0.00420075768732126	0.0031274561924442934	-0.007209819025813051	-0.013595810932308274	-0.0112484144755472	0.002652267024647063	-0.004310876530690006	0.01780767652822064	-0.0056131291635478035	-0.0005313699745168908	0.019131740328119828	-0.0040652849527758154	-0.0011208215862790083	0.014871286310694337	0.005416442849588228	-0.007056680315639933	-0.008533393460169271	0.009262043914745279	0.000710186457293386	-0.016493738985481808	0.01082857859142392	-0.0002603468747470465	-0.006620700350170902	0.013254555578903617	0.009756236642075746	-0.00302195191751048	-0.0012951462067943252	-0.00393511743845458	-0.005423417155763463	0.0016041130471266267	-0.006743614791526845	-0.0018583719746568478	0.001216279621899095	-0.0018390741809403872	-0.0006136249608272525	0.00047200927959526747	0.003630595354926595	-0.0002430710838814367	0.0014516702116981412	0.005063653397202518	-0.002406989009300249	0.0033562532930164375	0.0010929351764396471	0.00161007000893086	-0.0010012196727504795	0.0025668888958084524	0.0007241888568886429	-0.0010044856495632839	0.0021701066975865655	-7.394305669881462e-05	-0.000970772866438256	0.0001298808572035425	-0.000272826871263591	-0.0015009036028268466	0.0003225447085604293	-0.0002222568235895516	-4.4733386516860124e-05	0.0	-0.0	-0.0	0.0	0.0	0.0	0.0	0.0	0.0	0.0	0.0	0.0	0.0	0.0	0.0	0.0	0.0	0.0	0.0	0.0	0.0	0.0	0.0	0.0	0.0	0.0	0.0	0.0	0.0	0.0	0.0
GB155	-0.015839392394598133	0.012048885327044831	0.0013049877416066455	-0.011080942649217137	-0.013259975934225612	-0.01667624750813209	-0.01242507803054365	-0.005368712866069462	-0.006103961305918249	-0.01735351398032341	0.016370878328863737	-0.013734151022209509	0.00185651286540763	0.006743177012322522	0.0033036055016833253	-0.011717346260265597	0.00417965884171943	0.0036213348148923692	-4.332122954410277e-05	0.0007310939447115078	0.003129387355035997	-0.001592157739203188	0.008011164697796848	0.0025213144337393927	6.947721959211641e-05	0.0005875418387427426	0.0018378867382213707	-0.003793420940510131	-0.001295525976872154	-0.0010145261079802224	0.0027169536938779163	-0.0044069110889528645	0.0010589993745323116	0.0002101942951141051	-0.0005323307796879825	0.0035689095555470843	-0.0009669823701924008	0.007249184456859314	0.004847455519137232	0.0009537350691235749	-0.0009647657058233233	0.0037913894837614116	0.002854634868662521	-0.00039288337340975257	0.004761922376036507	-0.0033792516040764262	0.00027124742910158224	-0.004120016283040096	-0.0022264261413272625	-0.007927642218483303	-0.009256964115098163	0.0029263319474586626	0.013325794171129451	-0.021324684230647387	0.0025431946329827902	-0.008944441338617095	0.003811290639873404	0.013747433476956799	-0.015111672967453482	-0.016947181230623876	-0.006528232713632612	-0.009088828648948418	0.0012658230886067217	-0.004708620010555307	-0.0022149679870924607	0.007887491917539853	-0.0052625482911858	-0.003615833280272988	-0.0008591477478572165	0.0007657089845225221	-0.0017524514527429765	-0.003134198487887498	-0.0036334766785290143	0.0017404346996061767	-0.0033657662467632523	0.0015801324797219748	-0.0024186826082207933	-3.7323466760798e-05	8.374124470172967e-05	-0.0027214418764850016	0.0028827741519745157	-0.0010994584797916552	0.0014654599107072216	-0.0017982309858446041	-6.932397383953656e-05	-0.0005677486909314418	-0.0005987621057217401	-0.00045208044524481193	-0.0004980241061031818	-7.811515752011758e-05	-0.0	0.0	0.0	0.0	0.0	0.0	0.0	0.0	0.0	0.0	0.0	0.0	0.0	0.0	0.0	0.0	0.0	0.0	0.0	0.0	0.0	0.0	0.0	0.0	0.0	0.0	0.0	0.0	0.0	0.0	0.0
GB157	0.031966519090390944	0.03153253874988784	0.00561002149460224	0.044077549941704444	-0.028081634940597264	-0.04340138601650544	0.009646107480755025	-0.001868882082561972	0.0031559291215162667	0.01629912317609464	0.03311221345615876	0.05060150807164064	0.03557766432224321	0.036663279631946426	0.023471615530012403	0.01385272546114622	-0.04690810371270225	0.0034075879071191863	0.012278569271585611	-0.0006853703112454837	0.0024204175887465526	-0.018017602399867178	-0.0005651313029488485	0.005561333137047909	-0.006729824591778635	-0.013175985988667975	-0.00025104351502383765	-0.026258518733956248	0.010634018366858431	-0.03843722890632126	-0.002600415304670443	0.010271445182289334	0.004508498978866077	0.008409519586165846	-0.008741540467090431	0.005953178575993677	-0.017596068317054046	0.025093259446187056	-0.005390316406742608	-0.0038279381279827116	-0.004606421897325188	0.007508148881058179	-0.013655663245916466	0.00103905544299458	0.006623484878255744	0.0022813165303019836	0.0034537533519966696	0.006811164268621527	0.0030514367229725605	0.003389320015199019	0.0010943736369309414	-0.01015737997470297	0.003909521910558796	0.0007348681409918533	-0.0025292309156475182	-0.006447191116996251	0.003332865246167947	-0.004141004845902838	-0.006350818851381972	0.0026230504723271154	0.00020651724527330275	0.001231683973518092	-0.003070413823534613	0.0034979325572124954	0.0005474995740965886	-0.0013562531164658979	-0.0017032225984710708	0.0035473286922423517	0.001275401115667937	0.0010577700585812845	0.0001554271720873519	0.002524705368862456	-0.00051421273563729	0.00036028982158975	-0.000724702598128265	-0.000899936941343356	-0.0005745110964828757	-0.00024568134404505247	-0.00023168115314382528	0.00011420537738466244	0.0005669557603209427	-0.0015489694510909798	1.8325868448940424e-05	0.0011428576351979979	0.0007206195553175122	0.0005599395685767983	0.0007149847654458878	0.0008698352234107725	0.00020393837659483767	0.00011660013390567031	-0.0	0.0	0.0	0.0	0.0	0.0	0.0	0.0	0.0	0.0	0.0	0.0	0.0	0.0	0.0	0.0	0.0	0.0	0.0	0.0	0.0	0.0	0.0	0.0	0.0	0.0	0.0	0.0	0.0	0.0	0.0
GB164	0.027675962210502367	-0.027332856361198435	0.07507845880803797	-0.06682102844641999	-0.06788016694490415	0.07243263264781867	0.0007447747032444518	-0.006617807765516429	-0.012266235114039785	-0.0006074811377736419	-0.1134655597436356	0.020708639904488124	-0.023034506840757685	-0.004841801234747365	0.005802341328805012	-0.014607383242004442	0.007857746130494139	0.022390975820481343	-0.008200782677858473	-0.009911386856665441	-0.0028436032831688574	0.002306441564639679	-0.016994490034032823	-0.001272510747848603	0.008562650766836235	-0.0022021700540704333	0.0030482185901601995	-0.0038621385618086298	0.004682734054323163	-0.0071195649042725215	-0.0016287219782804524	0.002316137002822731	-0.0032886792211052666	0.0009954419779356315	-0.004776265914339215	0.003686450804673875	0.0032782930102791532	0.0001137457105521921	0.002799459752251314	-0.0024705862772345646	0.004300326941739915	0.0031505706925780063	-0.008378870265979518	0.00011087723340479339	-0.002567321969998993	-0.0019674456421025686	0.00020551536696352576	0.0015815217343069972	0.0019453663109783256	0.004491788514305255	0.003644864753063147	-0.002619321239223414	0.0037963481488003845	-0.00034384528083442913	0.003797790053656203	0.0017947408676535696	0.0024314436280258003	-0.0043919851792476325	0.00027763075763868287	-4.8966660375963424e-05	-0.0010822074127802524	-0.0027097468411754165	0.0010813381151340276	-0.00033837587722571495	0.0011308215455120554	0.001247540193696357	-0.002746969625076213	0.0014086748720049985	0.00113740513644947	0.0015361769596810553	0.0010459434453592006	-0.00041762094571103255	-0.0016310029416635133	0.0011218789188686986	-0.0007000980602654193	8.10728230635855e-05	-0.0004509413725149945	0.0005494413174802666	0.00013470401273838373	0.0008215893901921424	-0.0001671639102032275	-0.0015635293971945343	-0.0006062672786798973	0.0003118584469309628	-2.775493203755958e-05	0.00012353493106969662	-0.0004379441363258138	0.0005958592904663936	-3.902629568020301e-05	5.9148648072663456e-05	-0.0	0.0	0.0	0.0	0.0	0.0	0.0	0.0	0.0	0.0	0.0	0.0	0.0	0.0	0.0	0.0	0.0	0.0	0.0	0.0	0.0	0.0	0.0	0.0	0.0	0.0	0.0	0.0	0.0	0.0	0.0
GB165	-0.07364752427687356	-0.09152857022747478	-0.025302989599773618	0.023048125809246346	0.015377371079821874	0.0008447182055252854	0.0015260637960826074	0.0039054434652737863	-0.0021163853106122006	0.0030309052050628456	0.010938027220538228	0.002099817089790282	-0.005260643196272364	0.01399032831349952	-0.001478788150044675	-0.005558370753932083	0.002118891516532785	0.012067072874924234	0.0004990057783195042	0.0032747497763198044	-0.0041706625902008234	0.008701666436558222	-0.01629111295791798	0.011239846153135176	0.003835984088587208	0.0015103738877748605	-0.00787442002091101	0.002770452403885197	0.0024885120025715133	-0.00033422598963285554	-0.002193906133776358	0.005933415156962489	-0.001366459662935574	-0.007938043971806938	-0.011971471435014638	0.001613398052110148	-0.0005042755533614965	-0.00013307974096455572	-0.0014058935926248943	-0.0026549094585805594	0.0024676412544972996	-0.0038050805143888867	-0.0024158427091520236	-0.0026670593117056928	-0.0009318550333696056	0.0015982793131841134	-0.000928217560179267	0.007580734222379497	0.0027276528302733532	-0.000446017829598647	-0.003077188575518636	-0.0006452726409929319	0.0002367780444305379	-0.0015984998131105394	0.000566731784428157	0.0025141662216449003	2.1808850357929984e-05	-0.0016106887154030847	0.0011611772693729556	-0.0005804551172698824	0.003643071522785036	0.00023555092722863085	-0.00039679752944446435	-0.0030530713602263193	-0.0004577242251144188	0.00228888319462526	0.0007576567785243649	0.0027253481383502434	0.0023936362972089976	0.0012927235656266757	-0.0011595342213374935	-0.0011768181349441208	-0.002202277425379209	0.0015698647992210073	0.0012433644268828369	0.0013455162702405345	0.00306924012981929	-0.003997763552379085	-0.0020542562821977725	0.0005860158005356073	0.001465788741826113	0.000659279391100545	-6.64325882191797e-05	0.0004070269698904131	-0.0007899618020087079	-0.0006049034647522124	-0.0001409878892026637	0.0005080063747473541	-0.0003384596585425093	1.81806591865752e-05	-0.0	0.0	0.0	0.0	0.0	0.0	0.0	0.0	0.0	0.0	0.0	0.0	0.0	0.0	0.0	0.0	0.0	0.0	0.0	0.0	0.0	0.0	0.0	0.0	0.0	0.0	0.0	0.0	0.0	0.0	0.0
GB169	-0.018764498904789546	0.01097576348277674	0.0025834497959282563	-0.006491340675934226	-0.0017410612679708316	0.0033289393337093158	-0.004292578886599074	0.005269473612691307	-0.002919794588001403	-0.00042212580432530723	0.0012789038459977361	0.0021747463454450233	-0.006877588914972859	0.01394999265999962	0.002202312263979136	-0.0058167645509517064	0.0006049747283549164	0.010690589718857295	-0.00017301305503965775	-0.0027944564484662384	-0.0010448817898247279	0.005490788129840677	-0.014880089202388478	0.0076632020217391105	0.0017080255892008634	0.0012829154297738113	-0.005879162475170332	7.520546926962275e-05	-0.0010685281829848278	-0.0012512199320155086	-0.0012944598067976005	0.0017142748529737	-0.0019455954044796239	-0.002157572899131774	-0.007653591651838719	0.0009918924908132402	-0.0034064516901722926	-0.0011645448791474146	0.0009065153100002631	-2.2628838782875954e-05	4.866349615050993e-06	-0.0023595596663078732	-0.003500274594079809	-0.0012295483999226796	-0.00318195199757741	-0.000514438253149562	-0.0004911767277115486	0.002452126903616767	0.003224943808156973	0.0009645682247447793	-0.003061010467537663	0.0011560912230347985	0.0008163120126026929	0.00015626990692919435	0.0023572022082102573	0.0025986061358516067	0.0015159504056592278	-0.002477615948440686	0.0013535475252331607	-0.00032986714382832953	0.0030056912040441895	0.0011494340153448488	-0.00041172351946146073	0.0001780301031960059	-0.0007073807921648377	0.001922166730333298	-0.0014132730650883545	0.002581440910269282	0.0010981810188263226	0.0020427531521978294	-0.002228284733900969	-0.00104284032689881	-0.0028513558497879547	0.004013060856884347	0.0021663544043567322	0.0007260865915546245	0.003745714621860382	-0.0019882046936836343	-0.003039693739805557	0.0023274189059303	-0.00031863461413474787	0.0010424310061582715	-0.0013486455626656596	0.002230155417683136	-0.0008887295072465389	-0.0006437520434942568	-0.0012409212394046314	0.0016404748494646176	-0.00039314678964783213	0.00024154760605087574	-0.0	0.0	0.0	0.0	0.0	0.0	0.0	0.0	0.0	0.0	0.0	0.0	0.0	0.0	0.0	0.0	0.0	0.0	0.0	0.0	0.0	0.0	0.0	0.0	0.0	0.0	0.0	0.0	0.0	0.0	0.0
GB175	-0.017412543419936217	0.0068146429319197585	0.004299011010481379	-0.007962929866633545	-2.106229200539413e-05	0.0025556715189403337	-0.005389467570106307	0.0055285861635789215	-0.0017638899209541337	0.002195801399977776	0.004975621769291782	0.0015897755132246408	-0.0014513718736572734	0.006795491151582601	0.00046657871218996324	0.001970397002630453	-0.001571151920282971	-0.003091189573189862	0.001350745113587262	-0.0034721030000629495	0.0018114757279337073	-0.0007581262062519723	-0.00045877987772695924	-0.0012703325668541156	0.0007597107504223139	-8.818252832593964e-05	0.000209598714576287	-0.0013540879054364195	-0.0011550870982178613	-0.0011144052095657761	-0.00022338054343093065	-0.0006429809439755712	-0.001463251754923604	0.001593618080494576	-0.00039306362953687296	-0.0003366177092096403	-0.0018522462923462285	-0.002303281187187037	0.0004676571822668334	0.0009345632695440442	-0.002387806546316073	-0.0007713156703958435	-0.0004553192502090319	-0.0012736939665839951	0.0004339918323747811	-0.0008695835368974332	0.00027298702750096286	-0.000745525262165815	-0.00010155618586133864	6.8544775936955645e-06	-0.0002810667805591612	0.00031674439424424103	-0.0005865507219973831	0.0026073163329142957	0.00039160321110518056	-0.0005030177454670273	0.00018535897789415204	5.2001087391581214e-05	-0.0005789364131644433	0.0005475327437434015	-4.513040479951041e-05	0.0009093132507393333	-0.00023532086345396964	0.002926145655283746	-0.00036275529419026506	0.00024273645403953187	-0.0008466526925115282	-0.0007433301373416393	-0.0016450585870147934	9.07581764198204e-05	-0.0002999140815106826	-0.0002186202352125715	-0.0009656739478966669	-0.00026128533392781567	0.0012568185575939233	-0.001828544979806635	0.0002604971811526013	-0.0002752054554332442	-0.0018603179357213554	0.00027023910172536335	-9.417367895591418e-05	0.0006459076815028307	0.0009653735735522264	-1.2137199086372622e-05	0.00041469480005304726	-0.0009969229800568082	-0.0013338210786050229	-0.0003156848461459813	-0.00028250045456763997	0.0003898371999781103	0.0	-0.0	-0.0	0.0	0.0	0.0	0.0	0.0	0.0	0.0	0.0	0.0	0.0	0.0	0.0	0.0	0.0	0.0	0.0	0.0	0.0	0.0	0.0	0.0	0.0	0.0	0.0	0.0	0.0	0.0	0.0
GB178	-0.09757387091003315	-0.05135551422739975	-0.07615792078888646	0.05857550941750112	0.043175478189305734	0.011224620429930816	0.02968183732079759	-0.023919905680512655	0.008005247357968794	0.018742508700136464	-0.00523970344381663	-0.01625295927510871	0.032966925354774405	-0.05544830399582077	0.013366535921918188	0.01474124632804163	0.016403768161800263	-0.007115926762282953	0.003067848521351725	-0.01667136516231824	0.014676797403596042	-0.028599189278446308	-0.02688952041401087	-0.006405436672987771	-0.019393997438608018	0.008731552586823253	0.005081706280464146	0.018265418808278575	0.007517684257871167	-0.01519520369201238	0.0001929718582746229	0.01154523412719318	0.003411564591530531	-0.022738748854025097	0.014632773178330312	-0.004300396552548295	0.004814604398753372	0.013322638854673136	0.018623505292172205	0.0027031429048586532	-0.005989345404602606	-0.0027807185010845113	0.007620835441283937	-0.0011548365552295691	0.001043982740025308	0.004679639036876099	-0.0021635433352183964	0.00044440321940057367	0.0013537752497713136	0.0075521228210788365	0.0010856998740153916	0.0010084919140855584	0.0046934328642195	0.004283095552083933	-0.005177945552828127	0.004144596212109513	-0.0008218626510596458	-1.4126300828705613e-05	0.0003210749919000405	-0.0007996060158389598	0.0037839085172552025	0.0004922732750960629	0.001005208412341319	-0.0037884273558140857	-0.0016092468479392138	0.0014170311129767237	0.000991432982470441	-0.0002564403089652974	0.00220387127100944	-0.0004974544265421659	-0.0018582243673824217	-6.140763281851847e-05	-0.0008464868840750188	0.0007081241789041487	-0.0008726748396792447	0.001374344106360602	-0.00017530572275379345	-0.0013572255809447442	7.292184200515602e-05	-0.001078281172974675	0.00023717803871819453	0.0001537497643395038	0.00012551070150709065	-0.000578729916784589	0.00036036528377259545	-0.00048747475633379806	0.0002993941504678295	5.5026582748471614e-05	-0.00018995378016650188	3.2046547002182256e-05	-0.0	0.0	0.0	0.0	0.0	0.0	0.0	0.0	0.0	0.0	0.0	0.0	0.0	0.0	0.0	0.0	0.0	0.0	0.0	0.0	0.0	0.0	0.0	0.0	0.0	0.0	0.0	0.0	0.0	0.0	0.0
GB189	-0.026773736410218907	-0.007150205162724254	2.116105445330785e-05	-0.004014882793667119	0.0020630952746202268	0.0016554886558136864	-0.00497829556680922	0.004705465095928897	-0.002079943292827397	0.0025977957053165994	0.005804267971898005	0.002726039198567111	-0.0007264182313725145	0.007789870805175645	-0.0001269930871454671	0.0018684044782949572	-0.0024767223113092394	-0.004216199450802824	0.0020431287849686382	-0.0016068627317015899	0.0019495431263355815	0.00045035846691586897	0.001102978954259803	-0.0015400998415795288	0.0025377663253286042	-5.8464242553365496e-05	0.0004928327819025235	-0.002032454242156828	0.00014553068359509177	-0.0015420676208304865	-0.0008647639660279211	0.0010366104457929031	-0.0009366119344312398	-0.00015362471323952107	-0.0006526149667591149	-0.0028785367680141706	-0.0001663864811611205	-0.00010459298254270883	0.0005376061466855632	0.0007359655509698523	-0.0010636241831658785	-0.004295204312607387	-0.00016157753596605717	-0.0006986440091390653	-0.0008884335881625653	-0.001117072961134641	-0.001644390479995597	-0.00201401561912814	-0.0008522048725046951	-0.0010121383224470353	0.00022313739525873182	0.0016320630953519475	0.0002616503181830193	0.0013646707614270162	0.001393412036117015	0.0015082979615605595	0.0006096236325790936	1.2488261843144397e-05	0.0003059305867808828	0.00010706840892417664	0.0025836733103526584	-0.0019982524758013977	0.0013821672848157215	0.002385730711217277	0.0005117801431407096	0.0034239264694816735	-0.0009917434705954556	-0.0036528284703624446	-0.0009905577382129864	0.00011412470402835049	-2.804647187745703e-05	-0.0014287513860077126	-0.0025181915902541666	0.001522504275857062	-0.00358603543978695	-0.0001464299101636098	0.000968580814255841	-0.0028397310460511714	-0.0012834471337111817	0.005336750872378573	-0.004951818408461844	-0.005251489157787538	-0.0029266691084629867	-0.0021707160201352082	0.0024535704550953177	-0.0026256097516770788	0.005398825288287745	-0.0019127832098927364	-0.0005241639555323615	-0.0004182465544278521	0.0	-0.0	-0.0	0.0	0.0	0.0	0.0	0.0	0.0	0.0	0.0	0.0	0.0	0.0	0.0	0.0	0.0	0.0	0.0	0.0	0.0	0.0	0.0	0.0	0.0	0.0	0.0	0.0	0.0	0.0	0.0
GB98	-0.027195263896454377	0.02394161312581226	-0.012802160333973963	-0.006490584252663781	0.0016874529190091137	-0.0018534059958400686	0.0011573744089224075	-0.004462787170906822	0.00038381685658055175	0.001170114043366764	1.7004794587754557e-05	0.004058277630731976	0.002387312494777048	-0.0009687665717809525	0.002034075741550103	0.002555491911870411	-0.003810111256877546	0.001220076602686584	-0.002132282628765113	0.0006080548006311335	0.007535726701620628	0.0017960230872659728	-0.0036823466612836476	-0.0022373484794746966	-0.0023597804915634953	-0.0023415256700233473	0.004686922434456757	-0.0009991927846454175	0.0001374204296246621	0.0014324147790637448	-0.0007996077312782781	-0.00355727066553968	-0.0005734655055988979	-0.001782590829601518	0.002553158149671093	0.0020871848554271356	0.0005180748689128817	-0.0004927518442093822	0.0015356686810390435	-0.001498940643279409	-0.002033999507171031	0.005111368769833684	0.005500113102844077	-0.0015410883645114737	0.0003984105721791219	0.001888461281546603	0.0031866472195503258	-0.002194249005644955	0.0005317713948938268	-0.0002090133729037676	-0.0034810086578418793	-0.0025040194879776137	-0.00831225754233987	-0.004749537247146493	0.0013481074092383427	0.008788670034810668	-0.0063938087292836135	0.0019920923171148825	-0.01178403843947895	0.006067229378189387	0.006275481523515618	0.007641878858395115	-0.016529651286040604	-0.009455578866346652	0.004895658570191216	-0.004014460977957163	-0.01134517879482509	-0.0008278188951520441	0.0034364241643199925	-0.0027265732620614515	0.0043820010188781395	-0.00812229136297772	0.0011213185313362264	-0.0027026270393853556	-0.00027223132605646	0.005281832354167535	0.004527505505271477	0.001106124370692247	0.0015368944690854862	0.0006488568915341704	-0.005713511636433444	-0.0013862939067638494	0.0020795003267496002	0.00027864168302710313	0.003837646574595801	-0.00042288125030226584	-0.001365110147911537	-0.00047250713469346997	-0.000710886256769457	-2.802182820459717e-05	-0.0	0.0	0.0	0.0	0.0	0.0	0.0	0.0	0.0	0.0	0.0	0.0	0.0	0.0	0.0	0.0	0.0	0.0	0.0	0.0	0.0	0.0	0.0	0.0	0.0	0.0	0.0	0.0	0.0	0.0	0.0
GCDF194	0.11961175655447258	0.005508664457610808	0.06852436345651722	0.05750422832598217	-0.06180936927951908	-0.09369184509565356	-0.07499650227900985	-0.019486644155801494	-0.1912524306533494	0.008899906302779445	-0.02497153662920035	-0.09609701229345864	-0.006280680293663984	0.005625442598632555	-0.01992270033642398	0.04628063603359652	-0.004987360588433367	-0.02065586042438371	-0.013203965918402772	-0.015110732673818425	0.005504612033079206	-0.009220876561293048	-0.005036476190127236	0.0014376609467124022	-0.000907806858780779	-0.01916980135224681	0.001289497637299843	0.004241367624663581	0.004094046139148349	-0.007266934580835723	0.004894137775904494	0.002281911511113698	-0.0002941748986883382	-0.003384012193205376	-0.0009239387424510203	-0.00012950576991825009	-0.002944201985462857	-0.0074972374210184045	-0.0006143589417110832	0.00034578138791982216	-0.00011554352622975594	-0.0006931421033268088	-0.00018593573481581274	0.00039704838910485613	-0.00014215820344747176	-0.00020734813206787077	-0.0012133048619244026	0.0001655572624871174	0.0003728642273056218	-0.00021203817535028334	0.000690071050317792	8.812293725853627e-05	-0.0004005389968190787	0.0003902334148452042	0.00015282814975021492	0.00044120275777149445	0.00022960046780010413	-0.00023967767186064315	0.00035408784577670047	0.0007580505926858409	-0.0005669242924311187	0.0009544489049839487	-0.00018404024517734374	-0.0004117252504784588	0.00018669002509340713	-0.00025855943587747284	0.0002833097514037028	9.927702412078109e-06	-0.00040656361591935374	-0.00016177321298606247	1.5279245647260136e-05	0.00011115112837303808	-0.0004600357731338432	0.00044729889181905583	-0.00025593182618748067	1.0240240156412033e-05	5.93341718361827e-05	-0.0003667705830264761	-0.0003352650089345126	-7.614782110754821e-05	2.792095980519789e-05	0.00039583476600141065	0.00015160321235825809	-0.00017565299211176475	6.783974663769947e-05	-0.0002019313482094076	4.87650518905923e-05	0.0001281360424347981	-0.00011944720664819045	-1.2248698877017156e-05	-0.0	0.0	0.0	0.0	0.0	0.0	0.0	0.0	0.0	0.0	0.0	0.0	0.0	0.0	0.0	0.0	0.0	0.0	0.0	0.0	0.0	0.0	0.0	0.0	0.0	0.0	0.0	0.0	0.0	0.0	0.0
GCDF197	0.2425001112552397	-0.03166367978750247	0.12494309312680482	0.08789387229888043	-0.04890128952802134	-0.08523791605701685	-0.031331768530812105	-0.003352138863763804	0.15478374164797523	-0.029165229493898263	0.04680038230483702	-0.03904031031294952	-0.04931785862045181	-0.04998254802442773	-0.012910271122493065	0.0027373887318183463	0.0034638263567135633	0.014154154208775086	-0.018998366529864336	-0.0023365918041710733	0.012324606995385954	-0.01717535259040788	-0.001984654744754321	-0.018468835745055655	0.005118835048203404	-0.013828836565824487	0.006181436680670057	0.014107926583475174	-0.00016468019665607386	-0.007235239677476058	3.530954181558004e-05	0.0016040585697465394	-0.002527186861855572	-0.0004907085766008736	-0.003269076830719004	0.0014490768701781005	0.0012064355728544866	-0.0003482641196380333	0.003937632586002769	-0.00132049591825292	0.0026364310153505943	0.0015068200171561086	-0.001966055897863872	0.0014478577984069082	0.0021416231570951664	-0.0010650405884707404	0.0017274584866862918	0.0007402492458606537	0.002155401248672823	0.001834020143832383	0.005565082241434005	-0.0023615488459822875	0.0013978841727601847	0.00127106449886581	0.001510336862379643	0.0010774488021971361	0.0027544290740088608	-0.0015019131622771033	-0.0005708487610842717	7.57227633892749e-05	-0.0008387495758281206	-0.00043679810635238004	-0.0005036504873915723	0.0014329082030954312	6.127669574732691e-05	-0.000444430177990675	-0.0012603922281542842	-0.0006053033539294522	0.00032781558640043306	0.0002096885587699139	0.00067094378320462	-0.00018503246852305145	-0.0006807863116581749	0.00011942267561405474	-0.0013732597482758618	-0.0001859603925289551	-0.0017205509248642474	-4.719256007133398e-05	4.550052691343837e-05	-0.0006147244613194928	0.000245472144691829	-0.0014695165736955502	-0.00010448304324303792	-0.00014025190196313326	0.00043162920092041285	0.0001303507636664407	8.810405797204364e-05	0.0002767674898698828	4.954868762244204e-05	4.865667918408841e-05	-0.0	0.0	0.0	0.0	0.0	0.0	0.0	0.0	0.0	0.0	0.0	0.0	0.0	0.0	0.0	0.0	0.0	0.0	0.0	0.0	0.0	0.0	0.0	0.0	0.0	0.0	0.0	0.0	0.0	0.0	0.0
GCDF202	-0.07565223707104564	-0.08470258817037976	-0.03640887836155501	0.030684778259098953	0.023923419110613516	0.006987702794773392	0.0021363006470755505	-0.00022231268939236867	-0.0019080072773875827	0.008207145480423731	0.01333304789137014	-0.0008572018665424916	0.002515062122347154	0.0011544836775032538	-0.0051084124138399785	0.0021043191689072037	0.001412323515820152	-0.0018920994964706163	0.0048077002851464445	0.00046803886406824403	0.00266297903292113	0.004287002781657534	-0.00048499622143266714	0.002451042768158337	0.0075396168355280025	-0.004429366604783682	-0.001119705230678673	0.004191000449076399	-0.006596536048268257	0.0009890460690112812	-0.0004734951089317581	-0.0023464723816723396	0.002356371980346797	0.00720497874465573	-0.001678054863525861	-0.006231641465795862	-0.000823746250048014	0.002609190696680597	0.005284038887428267	-1.1388575555520981e-05	-0.0017376013970681276	0.001885614788626055	0.005163609275587889	-0.011493838175108339	-0.005760695353553582	0.004878844701046034	0.0013552410470322645	-0.009088625878156467	-0.01119138718380686	-0.002317852726458993	0.0022400810859265164	-0.008005613267061167	-0.00378022959607138	9.592603873461473e-05	-0.005022513109841865	-0.003144405154353813	0.0006864862915565556	0.009468583652250161	0.004900239641212575	0.00172630327415007	-0.005407731746796712	0.0012599071292211507	-0.0006950600247556271	0.0038109497174011906	-0.0029761537488458677	0.00262528826407071	-0.004992727646598263	0.0048336681212915525	-0.0012456783686319427	-0.005537405448569061	0.005433761609355922	-0.00014403393176107073	0.003934370535288325	0.0029182234881511243	-0.00016302556539548213	-0.0004827354125447365	0.000657446435524571	0.001039021906103791	-0.0025173514345022525	0.0010017034681744953	0.003509645625246614	-0.0023593738197358162	0.0007136991360039092	0.00019357933887188215	0.0009119471742079106	0.0007381048165065184	-0.00041634997300298975	0.0005092214976659118	0.0004462064528344692	-0.00011620307418268195	-0.0	0.0	0.0	0.0	0.0	0.0	0.0	0.0	0.0	0.0	0.0	0.0	0.0	0.0	0.0	0.0	0.0	0.0	0.0	0.0	0.0	0.0	0.0	0.0	0.0	0.0	0.0	0.0	0.0	0.0	0.0
GCDF209	-0.024078964918863858	0.030326531009326356	-0.005171664891313106	0.005689195119972203	0.004681285281189356	0.006921940373670733	0.00584144700912319	-0.002856923199738415	0.0007205602362783789	0.005003291576462019	-0.0057065725017837144	-0.0038530977634267656	-0.009144204986238955	0.0062128690298525035	0.006545899588015276	-0.007022886165377074	0.009595541526926918	-0.012506119567944318	-0.0009486492527274175	0.017185796799342075	-0.0065046186954127345	-0.011479776513396406	0.010715244727562804	0.005744304984400432	0.01820418223257788	-0.00664940622725701	-0.01324294607803522	0.00037920229337240355	-3.0235238586085947e-06	-0.004727120590387294	0.005199141205339618	0.0011680062765062626	0.003919850627219564	0.004039169093436068	-0.00039007292460348973	-0.000562352621035863	-0.006398411829658472	-0.002394820213685702	-0.0019194598912240166	0.006755498867646791	-0.00025470649613298463	0.00876883311680836	-0.004804560150886511	-0.008208670319982892	0.003436875151662983	0.011293417153660229	-0.003169433281580584	-0.012448380999677277	-0.004407398012621949	-0.0015770925857159941	-0.00042424235347513054	-0.001278262697948034	0.005421225684772976	0.008065185488998199	-0.00015950028790272984	0.0013682967868613252	0.00610228410980098	0.0025489851801818557	-0.0003563595680201034	0.004481939593857513	0.0005216209038238578	-0.0031125265561737702	0.005038238611840766	-0.006609388876590002	-0.0008581267438336508	-0.003560791551869622	0.0011303710899702795	-0.00043986816989000825	-0.0019870532058037962	-0.0019122546944680512	-0.00012610184320775255	-0.00232979162242912	0.003866072207318895	0.0024566415445867688	-0.00026587390505546674	0.0028383014813717893	-0.0012697067651324743	-0.0011583876003967558	-0.004203112252345333	0.003766196511189558	0.002521533122502475	0.003208194674152951	0.0027190740843406405	-0.0005993323579715252	0.0025547393986937975	-0.001704793392715235	0.00012165742923320892	-0.0006643523759715927	0.0019883019615189994	-3.046018810790694e-05	0.0	-0.0	-0.0	0.0	0.0	0.0	0.0	0.0	0.0	0.0	0.0	0.0	0.0	0.0	0.0	0.0	0.0	0.0	0.0	0.0	0.0	0.0	0.0	0.0	0.0	0.0	0.0	0.0	0.0	0.0	0.0
GCDF213	-0.016850547462441925	0.016486601478316397	9.37631088531558e-05	-0.0002759891697802774	-0.0016238209570792095	-0.0016728956932150728	0.0007257940409222407	0.0012459392232202794	-0.0024164635443692487	0.0033802835004208167	0.006526291281621738	0.002205735831711076	0.0037633279934359953	0.004253562977830652	-0.00033547348945872125	0.005192898197744902	-0.003397404680673853	-0.004642809826633786	-0.0011634044845530746	-0.005723766973800797	0.0011306425983831463	0.0019781167159999198	-0.0021062421311412046	0.001229366884147829	0.003760229664828218	-0.002965228605781821	0.0007582863867476886	-0.002282476179353229	-0.001827739474192617	-0.005608014847164169	0.0011057839870155085	0.002339928301081575	-0.0019214865630403262	-0.0036346717058935206	2.45481949075087e-07	0.0024258316755953256	-0.0025031642968328703	-0.001065404887189622	0.003791428273391067	-0.0016454735957914838	0.004676298950639252	-0.002298467349320378	-0.0013757866200563695	0.0025285141602640663	-0.006107412182444055	-0.0012982834947504905	0.001171903807436615	-0.002892091960117704	-0.0019029601211610079	0.001946185186393356	0.0010031788471034967	0.0010229681705215027	-0.0008168392318689714	0.0052463255299927975	-0.00024839621588072867	-0.0052301535675207695	0.005108056968923056	-0.0022890354317738866	-0.0016160873610078148	-0.00032048644013218003	-0.007635838697585104	0.0004649488607829104	-0.00478431001674764	0.0022987651319996416	-0.002460977783970972	-0.004473861987117897	0.0025135566040982277	-0.008303862738438555	-0.0021154077811174218	-3.123086381315963e-05	-0.0013018800036047851	-0.005763432268142823	-0.00355125515903576	0.0014245494394074612	0.0031234711339077166	-0.0029759507255884077	-2.2132247496949226e-05	0.0014998058532392263	0.005455912889049832	-0.00284435759638684	-0.0025465779853720977	-0.0013499666340412646	0.002554914802397503	0.0036544134011143366	-0.00430101271761878	0.000374032914941773	0.0013727060064503967	-0.0026632603337705687	0.0010966581775559386	-4.4509451948328923e-05	-0.0	0.0	0.0	0.0	0.0	0.0	0.0	0.0	0.0	0.0	0.0	0.0	0.0	0.0	0.0	0.0	0.0	0.0	0.0	0.0	0.0	0.0	0.0	0.0	0.0	0.0	0.0	0.0	0.0	0.0	0.0
GCDF215	0.10170130477732528	-0.004476166421553808	0.09126602999000767	-0.012486353542196191	-0.0034955323290747093	-0.027465864654158786	-0.050575642367420195	-0.05747908292681855	0.10923612218788913	0.031935363797817834	-0.05844300910743074	-0.03986007838470711	0.012029373958874282	0.04494422448427675	0.04462251451175782	0.007452023999351279	-0.010537470343989472	-0.04275319049506382	0.04293633536688474	-0.02849000877808218	0.005081567131973739	0.0009070217508316013	0.010346974364861252	0.04969360147725248	0.006791712480320651	0.008353722105703303	0.013424616048475268	0.002013962655267055	0.011429871703725497	0.0017830403008573168	0.003885807843094308	0.00812243235695378	0.006895439536756459	-0.004851993579849651	0.009566325567880432	0.0027264573487616158	-0.001879746685506777	-0.010319481095536424	-0.008014005179697987	-0.0022798275181101224	-0.0022837262222843626	-0.0029246088973062987	0.004310825867026856	-0.0022689198145411575	-0.003687655561717527	-0.0036828510845876698	-0.003554224290601237	-0.0004107438652228954	-0.0029644017450397675	-0.003090658423749802	-0.004338036853745483	0.002008666693234649	-0.0012598571059496985	0.0020669695889489214	-0.0015628848751588393	0.000999016596297659	-0.0014101247223709144	0.002745976277371603	0.0010889360408102794	-0.0006021099681093535	0.0009383765412683473	0.0008925426199776173	0.0012914003623781217	-0.001106734357581459	-0.00021005803725658814	0.0013073394908637878	0.0010767484955403568	0.0002703699309727028	-0.0003907686571780642	-0.0004712927697831192	0.0002754455512945085	-0.0005579225903698992	0.0010744169597713836	1.2971440907617482e-05	0.0012850557679571768	0.0010390879555474588	0.0020627684177278254	-0.0015707612648461209	0.0007591177618448012	0.00028052127189017974	-0.0006159292284597026	0.00179047948449822	0.0003660392527559385	-0.0006329250068593759	-0.0006593086296626883	7.395079709977531e-05	-0.00014487832308064132	-0.0002643464056428232	-0.00023095375470182862	-4.489866183287846e-05	-0.0	0.0	0.0	0.0	0.0	0.0	0.0	0.0	0.0	0.0	0.0	0.0	0.0	0.0	0.0	0.0	0.0	0.0	0.0	0.0	0.0	0.0	0.0	0.0	0.0	0.0	0.0	0.0	0.0	0.0	0.0
GCDF217	-0.009728082187541941	0.01874502396265595	0.0111279812974311	-0.0025257968003313037	-0.007091114325300955	-0.0073349808101221175	-0.005753498029659344	-0.004122454013058944	-0.003680410230711422	0.005855793224041615	-0.0020175540573286617	0.027072756550493838	-0.032623440168871254	0.01854013670941625	0.031913175086986115	0.015074874155376483	0.02809315704335877	-0.0050330786445006905	0.005902695818303322	0.01051122686242429	-0.037411557197650935	0.01708226977314091	0.032342048880752455	-0.013011248800516498	-0.01119899729618739	-0.022120196894881858	0.006414699063675032	0.018918434837065935	0.013208315863221092	-0.010392107145690983	-0.0032422912124936746	-4.792276339260852e-05	0.0013661844896225943	-0.0017697992871967944	-0.008023308722042143	-0.005587995902121547	-0.008422967034224155	0.007706012246662157	0.0038506797770528215	0.006404842318490467	0.009514362971505121	0.011153610136395962	0.024421730354753042	0.007008232850770217	0.009607445499111696	0.012374792637824083	0.009158553123931412	0.0034947352536316774	0.00966086052769191	-0.005597253447613947	0.00016751261723764224	0.010990044397698358	0.00204541513357466	-0.0013437982252369788	-0.00619615932934086	0.005089078532962609	-0.007025419698003164	0.0012703177808724203	0.0004443673224164941	-0.0006372671677262103	-0.002489963017996781	0.006540589451262662	0.0019868880864020964	0.0038750977756202556	0.0009433149666766211	-0.0003233024462015863	-0.0031463495760286238	0.0008743925248337583	0.00019639338972030947	0.004667783350125631	0.0017949063707822514	-0.0023989698184840903	-0.0037842886909469882	0.0007366753208538733	0.0018307047129621165	-0.0027823310048995277	0.0003761070704223247	-0.0031792422995737006	-0.0003446391875108252	0.0020990348193146704	8.537745572904491e-05	-0.000440373476541845	0.0009069177271963784	0.0009448252276012296	-0.0011900263250875164	0.0006326608644561743	0.00017868658762741513	0.0004029349251910819	7.570356959774953e-05	-5.0803924172923954e-05	-0.0	0.0	0.0	0.0	0.0	0.0	0.0	0.0	0.0	0.0	0.0	0.0	0.0	0.0	0.0	0.0	0.0	0.0	0.0	0.0	0.0	0.0	0.0	0.0	0.0	0.0	0.0	0.0	0.0	0.0	0.0
GCDF218	-0.03829029602271144	0.05848549875345951	-0.027915141780245883	0.012681101719695765	0.01448522009962947	0.00676823877279696	0.01714971525219471	-0.012326227195738898	0.02178279162223802	-0.001383684839489741	-0.016546666290051068	-0.01675861655487402	0.016693358553715728	-0.01904285430395489	0.006436336387321065	0.002197111730624764	0.010232719868609116	-0.01150757783538093	-0.008718357617434124	0.009000819360719088	-0.0048708836833543	-0.015672250239654975	0.010283742574208464	-0.005452710695351964	-0.00648320413343061	-0.0076113219967535945	-0.0036625036681729784	0.00431429275556982	0.005948625847496857	0.006118425045348815	0.007694707695270766	0.006645905084361349	-0.008140306832552712	0.002927424306142237	-0.011172298579618406	0.005812466134302011	-0.0024716842122755995	-0.0013230596342548937	0.0004964256655958731	-0.0030586402065420895	0.013321437194222182	-0.003190083173253921	-0.00875302239336936	0.0028778708345658854	-0.026693788248394957	0.018359839913401	-0.012773377562876047	-0.0011922952045230967	-0.0024278724175700564	0.006451622611370986	-0.006285028978858798	0.0033240923783339643	0.008938361406839984	0.00455515266546682	-0.004753594969841261	-0.004534255698002259	0.002598600561785349	0.004524038564056916	-0.0027509902794433717	0.0034823056204455493	-0.0041935212406903405	0.0003972727909069427	-0.01052274132108735	0.004006294086630747	-0.00249987090257188	0.0004367660619855845	-0.0006913314081044366	-0.0017534648369131943	-0.006711101780657386	-0.001158706217849558	-0.003566370744885445	-0.004963889124493747	-0.0014876855564073756	-0.0037581217650392447	-0.002569255329850838	-9.795760970731447e-05	0.0016747151252235067	-0.00016924672877243185	-0.0012126873382581592	0.0013636691609983699	0.0008825315164689127	-0.0005763434561054333	-0.0019686683991431545	0.003128783380650896	0.00016392551446530495	-0.0006156092505753185	-0.00016164527882190448	0.0008745544457251853	0.0004721596687099226	1.8498432096351265e-05	-0.0	0.0	0.0	0.0	0.0	0.0	0.0	0.0	0.0	0.0	0.0	0.0	0.0	0.0	0.0	0.0	0.0	0.0	0.0	0.0	0.0	0.0	0.0	0.0	0.0	0.0	0.0	0.0	0.0	0.0	0.0
GCDF220	0.10939294755616412	0.024295736354677695	0.019997144028603555	-0.13798139776009807	0.07765159596922903	-0.07528020323989913	0.06826584139911074	0.23918154163679012	-0.0015108542421295766	0.07263799710226242	0.004832819277772234	-0.047705493049371744	0.001619567802683642	-0.007166903242643665	0.03457384772480178	-0.015615664421980684	0.009176989762449019	-0.00015870044431144255	0.004931811025366037	-0.008196551518471143	0.009139098139739713	0.00040050399787646936	-0.002959529267263406	-0.014556315450830444	-0.0036191936406807282	-0.004760461195239719	-0.0032449135799867378	-0.00027836144835195395	0.005617236896724294	-0.005636001031287258	0.00056658881581788	-0.002659433207530728	-0.001618232367018469	-0.0030742525102358167	0.004522481612943562	0.006946550118437194	0.00022820275517243814	0.0009083368055695187	-0.0038322286881295785	-0.0008722450292693914	-0.001587654440780343	0.00020906561320876925	0.000979749078655138	-0.000223278098072063	-0.00010560850092632953	-0.0009244646084720756	-0.001685214787768577	0.00015518585960768707	-0.0013895692165231115	0.0005030611032414298	0.0004240672208837574	-0.0008988748850249058	-0.0011133318139786345	0.0011307661272470964	0.0017406289942814303	0.0012022642722794117	0.001326340462098043	-0.00035292576078280505	0.0003812800369082678	-0.00035095356141960177	-0.0008841164721445949	-8.07201929621755e-06	0.0009597183044454448	0.0010987042411288645	0.0008843598881525871	0.0007718888782139832	-0.0005521898648470097	-8.687467278689277e-05	-0.0006853352248114603	-0.0002844782984490204	0.0009604639141448378	-0.0006059907340703806	-0.00032730803703058363	-0.00034521957503692743	-0.0007737529293888491	2.6482300594430472e-05	0.00018390392288561406	9.048993622562454e-05	0.0001413440284462864	6.547102715327618e-05	0.000340878023533844	-0.00037838094659396477	-2.566405636747082e-05	-0.00042338868494364956	3.067906887219873e-05	7.274228021813613e-05	-0.00017213875908419232	0.0001257298758874051	4.3699663122651994e-05	4.901822400547289e-06	-0.0	0.0	0.0	0.0	0.0	0.0	0.0	0.0	0.0	0.0	0.0	0.0	0.0	0.0	0.0	0.0	0.0	0.0	0.0	0.0	0.0	0.0	0.0	0.0	0.0	0.0	0.0	0.0	0.0	0.0	0.0
GCDF222	0.0020200956499963145	0.026056438210412324	-0.005865727145009908	-0.030346013381439673	0.03246856630273028	0.0016652047141603582	0.014080235652711286	0.0014911294820804946	0.006423952498100973	-0.004470054526204334	0.005733381371292202	-0.0077519692117877315	-0.0015977376149732259	0.01106377890995541	-0.028714485138953152	0.0032404776537024948	-0.0058579592746793845	-0.0031200452396446423	0.004596729014010823	-0.010603006321194205	-0.00199869306483808	-0.017003455119175906	0.02531137228080599	0.024012682974420826	0.0006336485046580593	-0.008540178550188486	-0.033183954139206225	0.010059590252135143	0.03788573305582971	0.01568800988431525	-0.03815208750140376	-0.03293596119664688	0.03434888137901145	-0.0037628206332946967	-0.0065313524704135595	-0.012094868426198514	0.003949509895895281	-0.0006547831780098256	0.022497884266867836	0.0036559610324464094	-0.0009392435122300065	-0.0013889266170451272	-0.011082811306412463	-0.00454859274165091	-0.003491744621535415	-0.004840511367763007	0.0021103865582450705	0.004125396983061305	0.007218553576037176	0.002031164542747967	0.003312266554622726	-0.0033363821945498998	-0.001190936375791921	-0.0005172801958287134	0.0010841196297353493	0.000824191690037826	-0.000651604143785887	-0.001780020898015883	0.00022803825791598654	-0.001695194628117004	-0.0012531153956873542	-0.0011696016481414237	-0.0010523903993577756	0.0033659222910394264	0.0006924312244289241	-0.0011850611095802312	-0.00246415058690189	-0.001435845674960999	0.000990838509481053	-7.226013899546167e-05	-6.837386999866231e-05	-0.0017537159498940017	0.0011107649557798823	0.000614853615175189	-0.0007933770504162113	-0.00118840847410371	-0.0006923339149061592	0.0013707522316098006	-0.0005188349639736259	-0.0006173707236429372	-1.4896619729142694e-05	-0.0005977912154094533	-0.0007158311068972682	0.00024011868212996752	-6.1669185020383e-05	-0.00010555471869244886	-0.00014799405661964073	0.00010794996256459221	-0.00012886768631509163	1.5467367855715255e-05	-0.0	0.0	0.0	0.0	0.0	0.0	0.0	0.0	0.0	0.0	0.0	0.0	0.0	0.0	0.0	0.0	0.0	0.0	0.0	0.0	0.0	0.0	0.0	0.0	0.0	0.0	0.0	0.0	0.0	0.0	0.0
GCDF224	-0.0025076891580508532	0.017046648805819232	0.009160789841130895	0.006519589037454893	-0.0031465687920945434	-0.0178683477949888	0.0008847550684939807	0.005433594537065101	0.0017557537475783186	0.002732701837389061	0.008618692191123581	0.0179388268711221	0.0037944777371453835	-0.008570332583841997	-0.014334955428687861	0.005503421898067284	0.0002204928288045549	-0.003323612950765053	-0.0037839467968481576	0.0022985392799380246	0.0003806651341374354	0.0008870151674918838	0.002613423014271675	-0.00451347608532545	0.002200369127598123	-0.011635221394263732	0.00718497394748477	0.009043008774103094	-0.002125107182334434	0.0013238804718247847	-0.00017269376556059384	0.0037697856985454857	0.0012202786226255305	0.00247534046202356	-0.007550416970263384	0.0005584270127917787	-0.0015950500516156497	-0.004384895246026072	-0.006726641205985762	0.018698885794144544	-0.009041203204815865	-0.003858713732508319	0.01568323007853207	-6.526070127505484e-05	-0.0027318867023076307	0.006421910052618278	-0.016189575855848796	0.011283026103919005	0.022528312055698666	-0.01135111581341989	-0.009564757277500214	-0.011522112655120218	0.0034785147277005533	0.0012817440620520178	0.015157885857340651	-0.0019551083978818474	0.007833329947443396	0.004784656883011052	0.0044777514976563695	0.0015487819998622368	0.004874526653465657	-0.006510627213358467	0.003010380695128182	-0.00023404037180873994	-0.006375812235149273	0.001919740928680723	0.003189933474662413	-0.004220389768419924	0.0024402199484348146	-0.004359703913156141	0.003947535697852781	-0.0013753121661770425	0.0032927623034702527	-0.0026217985517717757	0.001739015524223062	0.0006526193893915163	0.0007543869490220658	0.0006632460523324325	0.0034546716819799875	0.0016164759789389074	-0.00030194745395826096	-0.00040465963508257976	-0.0012294474252918853	0.0006768308569038009	0.001053734482819482	-0.0004372143868567142	-0.001345082076967509	0.00037811910887163664	-0.0006674017845482811	0.000104567981687288	-0.0	0.0	0.0	0.0	0.0	0.0	0.0	0.0	0.0	0.0	0.0	0.0	0.0	0.0	0.0	0.0	0.0	0.0	0.0	0.0	0.0	0.0	0.0	0.0	0.0	0.0	0.0	0.0	0.0	0.0	0.0
GCDF225	-0.017436194368652402	0.014260759375547044	-0.0020022805433156762	-0.00920702382098879	-0.005334456263527868	8.476716682470058e-06	0.0007753428784177346	-0.0010452214608606505	-0.0016780608371395763	-0.005788343118928741	0.001115503943050616	0.001250281467296326	-0.005145818243319397	0.00029075896620530967	0.0018751894166721553	0.00014527373592365352	-0.0038311023455176395	0.0028615086337364657	-0.0038169068745647944	-0.003356418718594491	-0.003469739074224859	0.0014799437300907713	-0.004115343126962602	0.002245669398752883	-0.003719890560170113	-0.0019715836891520777	-0.003036928777596868	0.0016772743345029482	0.006834807921529058	0.01068648930520399	-0.0013035128179862013	0.00010297460223312588	0.00211228077434186	0.0036303740793013823	-0.005592240536315697	0.002115322595101109	-0.00011328493968979797	-0.0028499801073843586	-0.005420014108050231	-0.00777960566740308	0.005946009101605942	-0.005611353950140776	0.0026142673825921498	0.0034416996735152057	0.009688792656960248	0.00037651989617191203	-0.010014116562909129	-0.007872220781761502	0.003059098316824755	0.01783192045296064	-0.002348953958242624	9.981293372699993e-05	0.002431307657948326	0.008759601999102062	-0.00765252635526906	-0.011860939616432148	0.010292380978270026	0.005193628618721504	-0.00977288153432464	-0.004147463660733884	0.0025025654735239405	0.006957501392851971	0.012176070326012547	-0.00823420784761091	0.006069576019717652	-0.004508956571445498	0.005788293434242143	0.003790733468960414	0.011681971562708659	-0.003801994903475676	0.007287806316332257	-0.003950452890939802	-0.0014272014368618936	0.0018587781029676931	-0.003629882756212326	-0.001974945527881071	0.0001982315723036061	-0.002798162360339413	-0.001480850420651161	-0.0016176146887146793	-0.000763011443759359	-0.0006614539444321872	-0.0024152547336014243	0.00043536899847894145	6.8029511194464534e-06	-0.00047981332524305633	-0.00013092808363842156	-7.154978578319324e-05	-0.00022728344866725772	0.00015001065839412962	-0.0	0.0	0.0	0.0	0.0	0.0	0.0	0.0	0.0	0.0	0.0	0.0	0.0	0.0	0.0	0.0	0.0	0.0	0.0	0.0	0.0	0.0	0.0	0.0	0.0	0.0	0.0	0.0	0.0	0.0	0.0
GCDF226	-0.058172119322147796	0.07356083707597226	-0.04079137318926415	0.018968325273946512	0.01388868997024613	0.0012556980400694445	0.0294316958104637	-0.023921196549688047	0.010145443570017816	0.004535018156979366	-0.02306711842565373	-0.010791093170881816	0.0240453736615564	-0.03439107093644002	-0.0007432076253682579	0.00575657762052584	0.0013113936503094347	0.008127112613769387	-0.0043761866423606315	-0.00928626541201432	-0.0017474522288481167	-0.0005037241115056113	-0.005318399584311569	0.00044117754116698547	-0.019204988009242974	0.0016186237054774556	0.006783070582106999	0.0004970405206144049	0.003971962716546442	8.329119055640482e-05	-0.0013562223728677397	0.004067380574716609	0.0005122501693892217	0.0001734300022163352	0.006730493637245879	-0.002985302144483178	0.006222502393274777	0.0033432128943381273	-0.0008110881023138763	-0.000350869176082808	0.001612187355095184	-0.0006523392833185545	0.0024138587045462213	-0.00021779681454436826	0.0016212912561422066	-0.002654829235882342	0.003933789579922851	0.0021580721118820505	-0.00014245527008465312	-0.001832427641044917	0.001797754659702691	-0.004175785027860927	-0.002114857849790285	-0.0010855998636865297	-0.0020679931392269964	-0.0023638138238143884	0.001400324129288141	0.002433400875850767	0.0006965467729355758	0.0020161413423487574	-0.0006960880220729766	-0.0004290601329105387	0.0021480849796141816	-0.0004680005834514486	0.001358341210808931	-4.7270076259273405e-05	-0.002368354902372191	0.0020969323290859496	9.028150256928222e-05	-0.0010923438922014336	0.002768082568734482	-0.00012332378163216798	0.0010501039493877107	0.0011026940619972446	-0.00027808639414244745	-4.5377954241734474e-05	-0.00146998789594868	0.0007505970642331499	0.0007070382883293644	0.0013584967881467682	0.00053389705715004	-0.001199160315325637	-0.0007167514093936845	-7.583123723069592e-05	0.0001502907081464863	0.0019339786294371693	-0.0001996084930651748	4.510832043118431e-05	0.00025292674268858766	-7.206284372391712e-05	-0.0	0.0	0.0	0.0	0.0	0.0	0.0	0.0	0.0	0.0	0.0	0.0	0.0	0.0	0.0	0.0	0.0	0.0	0.0	0.0	0.0	0.0	0.0	0.0	0.0	0.0	0.0	0.0	0.0	0.0	0.0
GCDF227	0.022791880703570553	0.048888520514794885	-0.012044308683370798	0.019866175580760797	0.01234504870231797	-0.0023901956142237295	0.004573304249854834	-0.0016076086392133751	0.009604788653459295	0.01321081708749487	-0.008727836186662315	0.00633671192938939	0.01583894258992474	-0.0004192551159715638	-0.0675032820159885	0.029321445680295703	0.017474037882831334	0.05475058639014516	0.084302451514186	-0.04585303289482566	0.016368145088712496	0.012246542009177573	0.03496455867424955	-0.0290018960445342	0.017780026155003025	0.006022331377439144	-0.00640163394748962	-0.010965984868564307	-0.006098564723427852	-0.0014565135941694873	0.0028573052388646313	0.001785379631123402	-0.008457186480973855	-0.0040678026511143705	-0.0025239301401747466	0.008302335687504372	-0.0030493825733163595	-0.003422406778679925	-0.0008622964294003311	-0.0001425367440696111	0.0019281583788508317	9.288493123349502e-05	-0.00018429408066468044	0.00249207434043803	-0.0005471528820989612	0.007193207629293888	-3.89449549315266e-05	-0.0027447522225156483	-0.0014809376938920385	-0.001298149252584594	-0.0013595379987590844	0.0027659174794704895	-0.00022011865939004815	0.00025521745033769115	0.0003288360752191442	0.0010700261487753971	0.0030798150035952084	-0.002205802920247674	-0.0009603622049345243	-0.00158518507421651	0.0020044086301479326	0.0017733576254715365	0.00016501288574968613	-0.0006824330350264032	0.001481878226087362	-8.834011723381937e-05	0.0008471633087972853	0.000977969168157361	-0.0009661145528911014	-0.00023319367873701288	8.343355639758236e-05	0.0010725395786856295	-0.0008231122541528009	0.00044902886767354784	0.0001114110055947125	0.00012679627476041444	-0.0003992544942533451	-0.0011371698906184904	-0.000143314967771533	0.0004476684060545493	-0.0006021439988788776	0.00034682391489741565	-0.000658490910401586	-0.0006360476605335785	0.00039718288838286867	4.542641339625676e-05	-0.0002995461366892779	-0.00024225516944895216	8.048093377257975e-05	8.656673129376749e-07	-0.0	0.0	0.0	0.0	0.0	0.0	0.0	0.0	0.0	0.0	0.0	0.0	0.0	0.0	0.0	0.0	0.0	0.0	0.0	0.0	0.0	0.0	0.0	0.0	0.0	0.0	0.0	0.0	0.0	0.0	0.0
GCDF228	0.01270563285011855	0.011987526013292785	0.02849036380507232	0.014937233046556623	-0.011403678538717581	-0.02016260224197588	-0.0031140658974093817	-0.004243210026892997	0.0013773846116362934	0.023203129164817756	-0.0018725373193867849	0.017570945886613662	-0.0002064083984846852	0.00011638982987475029	-0.010448392776059946	0.0016150580421090157	-0.013260420241226261	0.007074138499534274	-0.0013346340532648044	0.013396309433276512	-0.008268471126182862	-0.004898853432896018	0.0029028756759656676	-0.012337488262175287	-0.00031363343372921716	-0.015754002063427565	0.010607433622275148	0.008001227597085103	-0.00153360707839134	-0.01630462157564399	0.0012492337443934607	0.011778535762684159	0.013116417120719474	0.005361931589433945	-0.02591057695524741	0.014932367070865607	0.029554773491789005	0.017982187345753197	0.01153071794325219	-0.0192973562273878	-0.0022672424268237465	0.003849358755170505	-0.0004325194901360607	-0.013528946205775822	-0.004012844602540223	-0.01412659199580426	0.0049137928597823895	-0.015369842446146994	0.002013582698159094	-0.0029488397273103335	-0.010891645476760485	0.012018211970302584	-0.012648383627165123	0.005174756121481951	0.00400926505737251	-0.0020038519919951484	-0.0034269568636004916	-0.0005738416916867545	0.005500747459773779	-0.00017044577359214818	-0.002572957042997981	-0.0013168703911547192	0.003423717813641084	-0.003477814454694482	0.002954251773000182	0.001446223093702473	0.0037981416557025622	-0.0045911970694709255	-0.0018117700451054108	-0.0005804244880516765	-0.002377549295811546	-0.002091342746476038	0.002487019236769312	-0.0009657685050263342	0.0019521701006515928	0.0019427767020769012	0.0010361090313379248	-9.530123028533686e-05	-6.682541961602019e-05	0.000225862554923069	0.0005984196774358348	0.0008670268433784573	-0.0005276372317034348	-0.0007759873749609562	0.0004570821709670926	-0.000691125843888008	-0.0008381698584040393	-0.0001818896614700489	-0.00046141541742960066	-4.006758756156593e-05	-0.0	0.0	0.0	0.0	0.0	0.0	0.0	0.0	0.0	0.0	0.0	0.0	0.0	0.0	0.0	0.0	0.0	0.0	0.0	0.0	0.0	0.0	0.0	0.0	0.0	0.0	0.0	0.0	0.0	0.0	0.0
GCDF229	-0.003649453328319541	0.027142702399460497	-0.011047935829333045	-0.02069821551112734	0.010569484519171533	0.006537973808689433	-0.012402262932589067	-0.04519819693891407	-0.004188619246654713	0.03032508474739458	-0.021199816223662085	-0.0024391150348360233	-0.020589391190735086	-0.014710677068972309	-0.0007170873298172162	-0.027318034528629798	-0.029339706058953266	0.004598351506238354	-0.014922385214695242	0.019343628117090277	0.05480971969189348	0.05319195047331358	0.039113735727846106	-0.004950014649958149	-0.04193011018836955	0.014789588885266058	-0.017310356144994064	0.02531169927965779	0.00039661723899245824	-0.021991739587568778	0.010855447382626855	-4.477971287416907e-05	-0.008609201638029486	0.010350106209344626	-0.0018744455434786303	-0.01257676549752291	-0.011831139612336289	-0.006577169472435818	0.003746738359268411	-0.0044560724937890974	-0.008995239944457731	0.00828444818887168	-0.006911057638702693	-0.002492265641525182	-0.0007885857474975586	-0.006530352945154832	-0.008531204790855005	0.004553606601364567	-0.0026933462447828183	-0.004003870390910725	0.004064305336112428	0.0017444101234740743	-9.27107690971609e-05	0.004042151742212128	0.000937584317120791	0.0014720585585331176	0.002099803023528037	9.765825992191547e-05	-0.002978923358253727	-0.00048629486779054284	8.131577251808575e-05	0.0004962839455716728	0.0008899476527302799	0.0002608827473544826	0.0005105740718074529	0.001166236088841819	0.0017245946304962365	-0.0013545713373741706	-0.0006958825081515568	-0.0006305276041566262	0.00011071158576810499	-0.001216358140516776	0.0014470823428035732	-0.00018374788482692725	-6.963469971999675e-05	-0.0008974367482183755	0.0012597562611559444	-0.00038634615417271017	-0.0003110078471235486	-0.00017216387862908114	2.284244280094037e-05	-8.912487353304577e-06	-0.0004910573190855458	-0.00033184746028317835	0.000145253342227771	-6.701665774918896e-05	0.00028751838069027196	0.00021247087348954592	-0.00010334632277506756	2.7434826289942452e-05	-0.0	0.0	0.0	0.0	0.0	0.0	0.0	0.0	0.0	0.0	0.0	0.0	0.0	0.0	0.0	0.0	0.0	0.0	0.0	0.0	0.0	0.0	0.0	0.0	0.0	0.0	0.0	0.0	0.0	0.0	0.0
GCDF230	-0.022955440073423997	0.014951688643216969	-0.0008322059762991381	-0.005207971843254403	0.001615447562792413	0.002266867865681393	-0.0014144830388241538	0.002107683680371884	-0.0007315242244321641	0.002159704056479134	0.0019384674130751764	0.00018557932268599306	0.0003623530986754645	0.003578876310498691	0.00126221408199299	0.0022888146599711937	-0.0009795193352742052	-0.0028626825589165832	-0.00018174779500109358	-0.0021384427178861767	0.0024067957899170313	-0.0014683927129909835	-0.0011840365024073439	-0.0004132823470586463	-0.0034497388539700313	0.001602754268791	0.00029750021045409417	0.0006906898277588929	0.0002178519431152686	-0.0015359940945180689	-0.0006358531724288083	-0.0007193352779667451	-0.000687230715086099	-0.0015010769770392733	0.0029812500290779176	-0.002697581797982364	-0.0001410886960813623	-0.0012298368209065207	0.0028165452884212896	0.0016839763284578469	-0.002975754549218591	-0.0006370446275059946	-0.0008116484702738277	-0.003783854203997418	0.0011762678745540092	0.001871258626573198	0.0017265913083592762	-0.0024468134149020506	0.0007366590164332456	0.00244571137447448	0.0004425096896886683	0.001572708355422923	-0.003874735109046934	-0.0001171128611314856	0.003123383195727745	-0.0008940960608836942	-0.0004033850093117252	0.0007109701924209657	-0.0003060002694286702	-0.0007170196345732476	0.0014639050600007127	0.0018906521160665807	-0.0012061461827832308	0.0014727480271072475	0.0025039713602532355	0.005361786159046389	0.0006826477804345003	-0.001515119132515334	0.002347660136094839	-0.001254035782659929	0.0019010402478274251	0.0061801382817685225	-0.0018321169359830456	0.000503611482737839	0.003606841848390395	-0.0029195828811559113	0.001204662619429667	-0.0029284576580393324	0.003595854097562071	-0.006692948977080368	-0.0006427009710032584	0.0022371538776543715	0.0028779977399701695	-0.0007302882092188086	0.003530223496533412	0.0019151028309410314	0.002842570766980983	0.0003893216878637365	-0.0008800987126489039	2.0286886473952883e-05	-0.0	0.0	0.0	0.0	0.0	0.0	0.0	0.0	0.0	0.0	0.0	0.0	0.0	0.0	0.0	0.0	0.0	0.0	0.0	0.0	0.0	0.0	0.0	0.0	0.0	0.0	0.0	0.0	0.0	0.0	0.0
GCDF231	-0.03392081188695854	0.0365635841149144	-0.013239746776576862	0.001804115445595162	0.007237895135998653	-0.0013560056963370052	0.008474236281452156	-0.00294506004419831	0.001443237875946156	-0.00025472695136044316	-0.0040429017538887654	-0.00019165791199194515	0.002168986230776043	-0.014421281827503645	-0.0048148083378318305	0.006591814670037784	-0.0029325284459562452	-0.0030976036607474294	-0.00302698486491869	0.0018028476616164368	0.00020987525745158836	0.0016277853164618711	-0.002967647115777003	0.007886849630906604	-0.014956197816144403	0.002986162373694462	0.005828222349439169	-0.004550032428837013	-0.0015601673312043186	0.004281485098381308	0.0008328617311458566	0.003585633620733982	0.0035688954462570932	0.0013269336306703538	0.007967681694092078	-0.007133407247052229	0.003508511352311578	0.0031630909719996864	-0.0021651705388234664	0.004775142550531447	0.0030658373916897185	-0.0022963387513088474	-0.001393741247502197	0.0005576884686719077	-0.005269654812382176	0.0017993735793417813	0.008390576573561525	0.0008774555920054618	0.0022713400121090652	-0.003076057484597351	0.005217683913340699	0.006340063112952272	0.0003355613580272831	-0.005975963535016716	-0.005130339418258192	-0.015638194945699114	0.007515622819267756	-0.010321704226767855	0.011462008008627542	-0.011613162946192907	0.0016241475455253955	0.004208199406337686	0.00017377001156955758	0.0017433030975309305	0.004954013090934105	0.003023454843035181	0.005494420134094297	0.002742426622565765	-0.011776690156747448	-0.0033261695144179053	0.006735271434044522	-0.005032804102516385	-0.0004679652346212524	-0.005564029401423395	-0.00023129803715726227	0.002086411524834455	0.00024525188400416787	-0.00211690127460982	-0.003075403015428203	-0.0015398916421175608	-0.004677534071658977	-0.000943595440104701	0.001828744258258315	-0.0009818882281286215	-0.0009546581878523576	-8.231099341636423e-05	-0.0008099237032522187	0.0011069855972075317	-0.0007840946013652694	6.333465354526092e-05	0.0	-0.0	-0.0	0.0	0.0	0.0	0.0	0.0	0.0	0.0	0.0	0.0	0.0	0.0	0.0	0.0	0.0	0.0	0.0	0.0	0.0	0.0	0.0	0.0	0.0	0.0	0.0	0.0	0.0	0.0	0.0
GCDF232	-0.015262302183094538	0.02585123978202168	-0.034598685036861976	-0.029367832152053294	0.00015800142091181106	-0.015518697071958631	-0.008802835731174435	-0.019869364766778367	-0.007702045822728998	-0.0021195785151119344	0.006060451675604838	0.02420928022962276	-0.009705448433002278	0.013916895799148427	0.00663643177825093	-0.00491843483639311	-0.009415547268811733	0.0013598824388543786	0.0040775490370625325	0.03799992590292872	0.030733163510242106	0.016080869407289495	0.006793927701754309	0.013993500630758606	0.0016372601298378176	-0.008678145158656572	0.016311768328589053	0.0016980437891567755	-0.01883676203155857	-0.01026862161274086	0.009273473636416417	-0.035804407771684886	0.010073799081619981	-0.03696021062060793	-0.006664958897962891	0.023379946211892006	0.023915083492387332	-0.010817813878615704	-0.007457630693297945	-0.0031029914160366164	0.0024368568425623565	-0.01572673989995225	0.0023492973441960542	0.0023455826924543154	0.0052212508038597455	0.01096151420002048	0.00592172044966404	-0.0047026583357746374	0.006338571481636109	0.00461985502759667	0.0011173802754821257	-0.006626610772839952	0.00561093673125456	0.00488152956827221	-0.0013576722499045151	-0.00232063931443931	0.0017252011040037637	0.0005010136377542841	0.0035860289771579845	0.00231108207884346	0.0005194870862789433	0.0015957461345588596	-0.0002081544046894049	0.004327274613632293	-0.0023067584570589886	0.000850295904424874	-0.002225306974872792	0.0003388047311613132	-0.0007904833599431851	0.0007543788866603193	-0.00105385168372427	0.0008192544907397749	-0.0017271749338858577	0.00045525163203328676	-0.0007396631864809279	0.0008869910507938117	-0.0016596713189176893	-0.00038075353686785747	0.00025488480898563736	-0.0006566703608014145	8.248717389918613e-06	-0.0005705350618343971	0.0003122029059013473	-0.000710762960829073	-0.00010544029337643445	0.0005829312535813252	1.44962486604352e-05	-0.00013720155359191294	0.0001626673451660714	3.8582600365170715e-05	-0.0	0.0	0.0	0.0	0.0	0.0	0.0	0.0	0.0	0.0	0.0	0.0	0.0	0.0	0.0	0.0	0.0	0.0	0.0	0.0	0.0	0.0	0.0	0.0	0.0	0.0	0.0	0.0	0.0	0.0	0.0
GCDF235	-0.008336562055515978	0.008258417137920863	0.02023541771210702	-0.015198269109745375	0.008954363905254288	-0.00043488292467472827	-0.0059787994553148465	-0.016257789056578535	-0.000391005042677019	0.006705046333639335	-0.0011547033634631493	0.0019574493541375843	-0.003966990339296011	-0.0012760157204746124	0.006724705345741175	-0.006062565524619999	-0.004357416190867173	-0.005974966513001066	-0.0011176287624353625	-0.0018740908338375072	0.00036670747103402274	0.0018461290554369586	-0.00339176302096365	-0.002994412638299579	0.008969992538188445	-0.005579909235632548	0.0006455648045626314	0.007928347627790577	-0.005929806098132398	-0.00030496380706265607	0.005183581601585344	0.001332057167578545	0.0038734793104188625	-0.00046217557538612844	-0.005620709386011823	0.0009114905082596962	0.0025149136820567233	0.002823977183979016	-0.0015678688061772227	0.005513106492348673	0.010220777695452293	0.0036163736938571744	0.000865052703556853	0.00847267848796001	0.008426323957503059	0.005458385721146644	0.0019796833727782842	0.0027862776882016734	0.005049211690516903	0.0020892547536123236	0.0004226277966408686	-0.004608053560902258	-0.00685131940235212	-0.0034113322048909362	0.0005497943750808638	0.010683050655231712	-0.0003242884797967319	-0.004801802027901255	-0.0019353990272207625	-0.012053601190856711	-0.010598496803364547	-0.0027945503487633717	-0.009870340426915595	0.0014284639564192108	-0.0006630961154168043	0.0037367603573353484	0.01118271378767547	0.009804622906231979	-0.0006580873831550987	-0.007183066657398237	-0.0015171407426560716	0.0021370833374743073	0.006592014556142904	0.008404661705836864	-0.007497339692990729	-0.0009825994608890437	0.004622478715547836	0.004092929288421776	-1.1262672694070925e-05	0.00025265953712438747	-0.0035819702359106112	0.0002847860403183721	-0.0005281086644958923	-0.0005247956013188887	0.0004291156754267538	-0.0001907704613431738	0.0003073757273068906	-0.0001325804809256707	0.0008704997089392384	-1.3661687324092732e-05	0.0	-0.0	-0.0	0.0	0.0	0.0	0.0	0.0	0.0	0.0	0.0	0.0	0.0	0.0	0.0	0.0	0.0	0.0	0.0	0.0	0.0	0.0	0.0	0.0	0.0	0.0	0.0	0.0	0.0	0.0	0.0
GCDF236	-0.02565251588335548	0.0234332268617717	-0.0033057516070867867	-0.003659280213785904	0.0008957342979718044	-0.0019565233686460754	-0.0012409559250522461	-0.004998558712225562	0.001427637980834366	-0.0010060635488396187	0.0018881960062597587	-0.00241288355688185	0.0016509707126397956	-0.0012056233565184826	0.0011542086939377715	-0.002209112664132977	-0.0016652710109938977	-0.003950632265298304	0.005375799246337237	-0.002003737367323286	0.0018720543904904036	0.0018901435154866824	-0.006180235292490126	-0.0003565313432834904	-0.004269410075942384	0.003384553833395895	0.007701233032238877	0.0013559896138155925	0.007384800982540249	-0.0049568065913834485	-0.0018009723732421517	-0.000908986507339694	-0.001105244550015582	0.002585615277219656	0.0054091222207395965	0.003440148797614117	0.001525563134179016	0.0006124208012549101	0.0006720639631133468	0.0033512210327397685	0.00284937457167012	0.0018516708134963089	-0.007165326354513679	-0.004021125923970811	0.016338480858839967	-0.003075286353933239	0.0057168569035286184	-0.009653619652491782	0.006630251520675776	-0.013341026452857426	0.012360982058599325	-0.003752112530644821	-0.000728780421574503	-0.004862699298650434	-0.005179153841191065	0.006973931362647761	0.006112757938057033	-0.004024285251283448	0.0029037230877954428	0.0029462829618007156	0.0034769268946606303	0.005966592641264993	-0.0013557362520239822	-0.008772925625085318	-0.01485766614725559	0.0018986043965252305	0.00010529550057273096	-0.004308412460221453	-0.0007788588224795502	0.0005800395721856328	0.0034903676555287162	0.0011711358876950338	-0.0024742681920461836	-0.004593642828671408	-0.005134973349487408	0.0016551838761612058	-0.0009766342047584917	-1.342273832782986e-05	-0.0053875892785404085	-0.003634396629946701	-0.00041468964007269985	0.0011409160963699472	-0.0034793349541367303	0.00262829172297931	-0.0013929830567180957	-0.0017011799740008578	-0.0012388681491958416	-0.0003695941677070308	0.00029616521852537237	-0.0003486974439482454	-0.0	0.0	0.0	0.0	0.0	0.0	0.0	0.0	0.0	0.0	0.0	0.0	0.0	0.0	0.0	0.0	0.0	0.0	0.0	0.0	0.0	0.0	0.0	0.0	0.0	0.0	0.0	0.0	0.0	0.0	0.0
GCDF237	-0.018950637712678724	0.01535435958641455	0.006350912157059542	-0.00749186317081115	0.002196340084790631	0.005078472876271121	-0.006002098102826723	-0.007657759903247785	-0.005576419871734499	0.012715413135690601	-0.005361377404579765	-0.0018382252628051975	-0.0019870341682767224	0.00039209809074471254	-0.00013304577891589834	-0.0015082156426039885	-0.0014599715089559288	0.002358606622846207	0.002740493362767564	0.0004087511797274168	-0.0016483281147634402	0.004012422452127159	-0.0012211970350531102	6.288528655222464e-05	0.002705853349885831	-0.0025251156576275528	0.0017751608478317707	0.00021785866894641012	-0.004403355920564875	-0.0007067263685251211	-0.0030806672328074825	0.0023167149923091174	-0.0016413219839573545	-0.0006096212184361012	-0.0005495238029226927	-0.005622428794351233	0.0010216361788056045	0.003127725692514321	0.0062458952092571424	-0.0024819225887353553	0.0016811504273176712	0.001868674479177078	0.00464841173489549	0.0007293057562416934	-0.0009916874308909603	-0.0035135291566220942	-0.003355864824277287	0.0009107032523305721	0.0011057992906264116	-0.002081963953512629	0.004188803780223267	0.0002748457420538447	0.0003957937763068821	0.0023459827625111384	-0.0036182479084232847	-0.0014462242118106598	-0.0024802224820674834	0.0017469568475579889	-0.0035319091622336204	0.0013181039196383953	-0.007946598910242308	-0.007498301106270692	0.005618425670980893	0.013349398804059144	-0.0008626807092090505	-0.008448756519817413	-0.0028933531201190245	0.011838089065392556	-0.0006447610813143497	-0.0038517097001198562	0.005662818306173989	0.0027535252473440785	-0.0072919910037863005	-0.004801355591774819	3.9061198505303874e-05	0.01541763432870439	-0.0011320528066406084	0.0008463865309062369	0.003006265542404924	-0.0012041246840156605	-8.379507135761771e-05	0.0022653529291602674	-0.0021942407244828353	0.0010678166922345777	0.0014160374741652836	6.849493106163466e-05	0.0005533861000184397	-0.0015663382263243464	-0.0005337435266649553	-0.00011006449656502817	-0.0	0.0	0.0	0.0	0.0	0.0	0.0	0.0	0.0	0.0	0.0	0.0	0.0	0.0	0.0	0.0	0.0	0.0	0.0	0.0	0.0	0.0	0.0	0.0	0.0	0.0	0.0	0.0	0.0	0.0	0.0
GCDF238	-0.03976710259258586	0.041229274816049176	-0.018636485815545004	0.005271911928881916	0.006340029198566463	0.0005658031033373023	0.011094505552932553	-0.010166287828170853	0.003712487734651449	0.002827419488854245	-0.007383900921597037	-0.001936580541397516	0.010461133905590954	-0.011712248488997334	-0.0025278281022231915	0.00527412598852494	-0.001829544873100037	0.005035162437807316	0.003475306755673678	-0.01004629927579869	0.001920710312150413	0.003705187176713183	-0.0031797892327601303	-0.0024847721687384972	-0.0032699294623416207	0.005324169568375881	0.002712463156517665	-0.0015652110993136742	0.0010319622075757146	-0.0027836797249397387	-0.0026230649910056114	0.00029542538761611746	0.0008699000753502727	-0.005901965485277266	0.002544639161101226	-0.00136860253955566	0.0019432947871059593	0.0047579215184972105	0.0038071462195805776	-0.005512326703495476	0.0016548521447145054	-0.0014933902575761141	0.00677272001478464	0.005623146370587887	0.004876016165126308	-0.0015296638178769121	-0.004868154888302105	0.0024805195913665174	-0.0011689247683859723	0.004633860667056557	-0.0020915390547325335	0.003953778287743198	0.0013062676811241472	0.005012527900092002	0.0005586678479142073	0.0024654751539890996	-0.008746115586696189	0.0030006279235907916	-0.0070769618104526465	0.007594513294347839	-0.006240663880728032	-0.006362064318992758	0.006563611560320716	-0.001230856416277594	-0.007210955517343843	-0.003983014480808576	-0.0030654385636512244	-0.0061455285352	-0.002483243462850307	-0.0035484176029180058	0.0007726069472430176	0.0025723161256049967	-0.0012298073060818214	0.0017049749846769653	-0.0016784494852062405	-0.0032312140860038677	0.007086928682952611	0.005777286490505812	-0.004253134911002204	-0.0037026450015035656	-0.0028139136905475847	0.0023040668813993307	0.0019852839878476674	-0.0010728742683370018	-0.0030968142259461258	-0.0008804227277245033	-0.0005060252945550378	0.0009119941942763676	1.5017167853131351e-05	-4.803801980422804e-07	0.0	-0.0	-0.0	0.0	0.0	0.0	0.0	0.0	0.0	0.0	0.0	0.0	0.0	0.0	0.0	0.0	0.0	0.0	0.0	0.0	0.0	0.0	0.0	0.0	0.0	0.0	0.0	0.0	0.0	0.0	0.0
GCDF239	0.3165116230781377	-0.028605393066529806	0.19493574789418255	-0.008507399064868058	0.21361211280130873	0.015638120804097894	0.10530519873074551	-0.07646112749373006	-0.060282525338763215	-0.07650255232978563	0.01155205130328387	0.03974493323660194	0.034348802923741935	-0.011427773102019388	0.022302199516413698	0.008060301426389959	0.012721032755714196	0.002234049496177363	0.006096012727965323	0.007082273611158767	0.009802953165649383	0.002710251867952276	-0.0035027843579780635	0.000591974713964165	0.0002649713255590924	-0.0004368087462984062	-0.0047697154699721635	0.0033768471352815157	-0.003922660481038627	-0.0014311366675053016	-0.0026744850755486384	0.0012648900556012537	-0.0007143613839338174	0.0017157352555395228	0.0011132245773662456	0.0054392302434922235	0.001832672341009183	0.0003240627402971303	0.0010267436897935	0.0023685120836969423	-0.001167039407685704	0.0012207751914098655	-0.00040709747927268684	0.0013259299913897689	-4.647621759802207e-05	0.00018177713825261893	-0.0019671820032317803	0.0005685525971408223	-0.001963457202052312	-0.00047079824778555203	0.00025709948522571166	0.0003386763553410693	-0.0009318643739295094	0.00038573571680348664	-0.0006447592546522828	-3.6950840086718665e-05	-0.00019909118709468063	0.0008759818755000183	0.00032635462566938306	-0.00036123571464643204	0.0004767908780298204	0.0005378778807231108	0.00020054460498094783	6.824847461637263e-05	4.5206930977758284e-05	0.0003071075032497794	0.0005196389480132734	-0.0007507015164835104	-0.00014788125784000688	-0.0002116430419263858	-0.00011625717151771665	4.3483933012753845e-05	-0.0008445435547975969	-6.595593813396927e-05	0.00021444612985561446	0.00018778226209768774	-3.159798867964984e-05	-0.000607729740627285	-0.0002510149316998921	-5.451626155958235e-06	0.00031271457675438477	-2.9914268467844542e-05	0.00012302931839754014	-0.00019038486858298265	-0.00013365988564025422	3.9476541064733435e-05	-4.5511136710104275e-06	-0.00010483921388172329	-5.136663345673877e-05	-9.74861584248893e-08	-0.0	0.0	0.0	0.0	0.0	0.0	0.0	0.0	0.0	0.0	0.0	0.0	0.0	0.0	0.0	0.0	0.0	0.0	0.0	0.0	0.0	0.0	0.0	0.0	0.0	0.0	0.0	0.0	0.0	0.0	0.0
GCDF240	-0.010149461452862435	0.02243705048050951	-0.008534571333622922	-0.005119101295790076	-0.02167705683585735	-0.014476720749437842	-0.009812470238674284	-0.01310904501479433	-0.01869102445302185	-0.022204156266372062	0.023322759214146182	-0.03275909173491749	0.0012707502247750102	0.005481719672928577	0.009231560816466585	-0.016346230651482406	0.015650801935111987	0.0018072432578470216	0.002663363428096386	0.003789743316878346	0.008879824807965371	0.006074603377121019	0.015482380425758963	0.00486824517830656	0.010354466811356466	0.019091067261070887	0.01666567718904741	-0.009062221901867328	-4.98912874877738e-05	0.016636942595425187	-0.004291849220420704	-0.011151817257359756	-0.0032376414933765717	0.012541923546213179	-0.0036315025898188236	0.0016519966345211314	0.015397183350059015	0.032021306638744584	-0.017979634327806134	0.009712677630946897	0.006700575244278087	0.004411407717096418	0.013527135684469296	-0.011058471780892191	-0.013235960844651307	-0.010576069964525264	-0.001658746105153361	0.017093585493152912	0.004357256193695996	0.0015725128924319145	0.010062201425180429	0.0030605024316916443	-0.014228127227687388	0.00686634934214324	-0.008545111984098634	-0.0007749002442907068	0.004315814490051483	0.00034206304519767544	-0.006518988410301101	0.0013303888190053382	0.00463195155669323	-0.0011065236099347673	-0.0007815475602099709	-0.0008621762602204938	-0.0037735977866150553	-0.0015327276140644764	0.0031241091251773983	-0.0028082205732239043	-0.000263700892193895	-0.0009490910756006106	-0.0017894915002305215	0.0008919082290095594	-0.003270501798945658	0.0016379633802619798	-0.0017394705925381261	-0.0011739698305465495	-0.0008784733256751795	-0.0005875393733277294	-0.00028537073630818116	0.0006746548845266453	0.0010116823672027995	-0.0014093018806503332	-0.00023086425625694695	-6.277365658682705e-05	0.00045050526750169476	-0.00022762476041538187	0.0005272657111224855	0.00018414348004816181	0.0005082136315492522	5.2099074060544444e-05	-0.0	0.0	0.0	0.0	0.0	0.0	0.0	0.0	0.0	0.0	0.0	0.0	0.0	0.0	0.0	0.0	0.0	0.0	0.0	0.0	0.0	0.0	0.0	0.0	0.0	0.0	0.0	0.0	0.0	0.0	0.0
GCDF241	0.04893640757678455	0.009477236567529159	0.04332222225547093	0.03554237525381352	-0.05259140438439348	-0.059725437686402566	-0.021368913268070368	-0.01983844997168127	-0.020361941201645032	-0.0034943725404977606	0.005664546661365663	-0.01087122423995372	0.006757663585981766	0.019750583940698355	0.04468890261440335	-0.046575366687564075	-0.0024619869621403958	0.0475121426662851	-0.0010152790627892118	-0.01008519829258371	-0.013383775741500832	-0.00046526644780604196	-0.009610054650267208	0.006343108003113793	-0.015423921029489246	0.02556014104088947	-0.017502251671574525	-0.006061922644814191	-0.011621954755425159	0.01284443854701727	-0.00774151075747616	-0.009189354276566543	-0.01197890491964369	-0.0046716190561673825	-0.007435316768333983	0.012084723991338319	-0.014571827574546595	0.009770707684175865	0.018305333994673788	0.01026912692116849	-0.0018883920317836003	-0.013596541818607814	0.00048337287854220153	0.0063402982762933565	-0.006046701458976617	0.001945910683033991	0.0032332672686435004	-0.009352872763834605	-0.00042003294472099325	-0.00734824895224423	-0.006297768883561301	0.011844200770013245	0.00022218729155385126	-0.001228159401460414	0.00044709710354482287	0.000488588116809882	-0.00211869053022198	0.00035871624753959773	0.005693181519610487	0.0005633887536761887	0.006179358791584165	-0.0021988543747110804	0.0005154790152355538	3.579347772170722e-06	-0.0008252484507041948	-0.0001493525670533968	8.229883931044603e-05	0.0007556852310237488	0.0003134707365891423	-0.0023944751820529383	0.0004389614101408444	-0.00010993715649192071	0.0015460874937203407	0.001260954408129052	-0.00011841425562487647	0.00019712575622271559	-0.0009473445175331008	0.0016041270592348966	-0.0005959158380211054	-0.0003008732074372029	-0.0011336800898757934	-7.929347788120405e-05	-0.0009747311828353587	0.002007427854882733	0.0006204271364064894	0.0005144579931977554	-0.0004209753006692401	-0.0005689969002668373	0.0004352355352577067	4.541628510458325e-05	-0.0	0.0	0.0	0.0	0.0	0.0	0.0	0.0	0.0	0.0	0.0	0.0	0.0	0.0	0.0	0.0	0.0	0.0	0.0	0.0	0.0	0.0	0.0	0.0	0.0	0.0	0.0	0.0	0.0	0.0	0.0
GCDF243	-0.02009492655447983	0.0260338695818931	-0.001655818968860931	0.0037573099133124564	-0.006076442573368101	-0.0068254206698460124	0.0006156659203752055	-0.006102625468225491	-0.0003923932360655489	-0.0028101622275835316	-0.003081290394696001	0.0004126674632927667	0.0011767190874001224	0.004951655192368929	-0.001525791078941797	-0.008534622011593215	0.0050177901824495705	0.024667921751676685	-0.008848550527100246	0.002719985641553952	-0.0028651172328301626	0.0015590068581162982	-0.02548586211486342	0.010617834294129498	-0.0056882144219434164	0.0016479959667769196	-0.004374575131677716	0.008268243161135582	0.00807636969013925	-0.0030885383951326693	-0.004985162384997957	0.006913145087268737	-0.003890636966471166	-0.011842646715629714	-0.01470522034090047	0.0024797734105982006	-0.0016568854379178618	-0.0014464058474834174	0.0010447740857835452	0.001416374304714177	0.018711456174400697	0.00027861235238095696	0.00222336848231843	-0.024960287493008743	0.00510910442202096	0.010919725195233203	-0.00575486966630433	0.012710649164578529	-0.01848551249078674	-0.003168308004659965	-0.010788725609837842	-0.009972261711530714	-0.00398674771863352	-0.0005892697248632061	0.003671604891592871	0.00989333302016949	0.002131805777563556	0.0008798291437464792	-0.005616869343257414	-0.00453885112498721	0.0014525100790055807	0.0010308003484074254	0.00237090243825582	0.0036821512168998503	0.003988926419461666	-0.005027109013202979	0.001937697291808854	-0.002128362737150965	-0.003443363178038039	0.00617250446827534	0.005056801824245865	0.0009293341074732005	0.004058752767653704	-0.001686772998396065	0.0017781173617082236	-0.0016228638232265045	-0.005448368862535248	-0.002300663578683151	0.0004900116382650606	-0.0014610871403477994	-0.0038708937432446943	0.0006755320716686325	-0.0013152822622524568	-0.0021095153297768965	-0.002510282440608217	-0.0003612686937422693	0.0002545041711878575	-0.0005586637488280418	-0.0002470338306718306	-9.96048416589268e-05	0.0	-0.0	-0.0	0.0	0.0	0.0	0.0	0.0	0.0	0.0	0.0	0.0	0.0	0.0	0.0	0.0	0.0	0.0	0.0	0.0	0.0	0.0	0.0	0.0	0.0	0.0	0.0	0.0	0.0	0.0	0.0
GCDF244	-0.02461268746731649	0.017513687267016177	-0.002341473008216936	-0.003909503766121118	0.0014036818065463396	0.0017439866452859326	-0.0005530695491391146	0.0006999067928616168	-0.0004954205585468378	0.0020587228644725853	0.0017972226601084083	0.0010750239283705038	0.0008814531497084115	0.0015026668754028122	0.0012527071823086751	0.002081976156836185	-0.003435881411139441	-0.0033107819134929697	-0.00018554914921641423	-0.0033107027390770994	0.0006550418413568646	0.000382389263555025	-0.00045069961049005737	-0.0014426415532173618	0.0008126192476038243	0.001998225908015353	0.0010620363274693027	-0.0015304512535703383	-0.0012804330780220937	-0.0038425591070161457	0.0020667127006979685	-0.0005358581557984735	0.00010881880902216918	-0.0021948375860560776	0.005232656755874214	-0.0028825146078831037	0.0010544758356560932	0.0055029310925093725	0.0025801681599920833	0.0034040938057757816	0.003337238984143107	-0.005108853488221069	-0.0004175895867252439	-0.0025002694040672825	-7.567451413940859e-05	-0.0011970251292867096	0.00271304172056176	0.00297521337721322	-0.0045886209734202444	-0.0023171350566802175	0.0001010055164659993	0.0018680940363713953	0.003577023931301418	0.0006063524015557042	-0.002138276491022881	-0.0008233192744215536	-0.0003872834561821641	-0.0019689857899090777	0.0011537445365763163	-7.267922222398714e-05	0.002623067962875667	0.003066490990882962	0.0023102235742491384	0.003428949014734836	0.0002664850880874244	-0.0006899233309605246	0.0009087338399095333	-0.0011588503415956735	0.004145567582810416	-0.0004935759647296134	-0.0006119549864597449	-0.0012558011511826985	0.00035117094243598867	0.0036758609369750574	0.0031642906054352537	0.00498773912828321	-0.0008164615225182664	0.0020918401131046083	0.00194746073989051	0.0025147078645390455	0.0016537579220891972	0.0026133989832847686	0.0009053879952082825	-0.004001474191941255	0.0023732550709883718	-0.0027887290554759066	-0.0015679165747607448	0.0029484138381998897	0.0011001988245052322	0.000365868697102525	0.0	-0.0	-0.0	0.0	0.0	0.0	0.0	0.0	0.0	0.0	0.0	0.0	0.0	0.0	0.0	0.0	0.0	0.0	0.0	0.0	0.0	0.0	0.0	0.0	0.0	0.0	0.0	0.0	0.0	0.0	0.0
GCDF245	-0.008730487004126913	0.003090076314989052	0.028732367995593793	-0.012670242603865395	0.0036924134916962717	0.00427013155227227	-0.019465206749745577	-0.010284094659934904	-0.0044571502217511435	0.02579075788427336	-0.02030076928047998	-0.003780208155860203	-0.006347138598235078	0.0015818582125172568	0.00330859889607575	-0.005890043184339824	-0.0013810151576916562	0.0007869229488355374	0.0028256193219240665	-6.138759389424386e-06	0.00027756933285265226	-0.0007285164503713011	-0.0026769465140232757	-0.0027386394556051493	0.0034832582453325532	0.005777189869176579	0.0020428039483277264	-0.0012586933066021844	-0.00041297191028411175	-0.001026732402565238	-0.0031310446938343115	-0.001377240046529315	-0.0031549053520708234	0.00046014613542246836	-0.003159332886919626	0.0037583142367352235	-0.0012736815774807109	-0.0027279693597578093	0.003027767050042397	0.0018996905565106712	0.0018858817608536753	-0.003737361588181115	0.0014249823562147205	0.0005413569896426811	-0.003330608654488082	0.0003681482923990367	0.0017146193365202163	-0.001199542334125489	0.0033283977271529905	-0.0004392311923163828	-7.614373753833538e-05	-0.0006581466681721494	0.006970397792192437	-0.00010166573619542232	-0.0003588237656121386	-0.003425125160296606	0.002135366280451337	-0.010842387540941741	-0.006107634382835808	0.004503875010126228	0.0006035124625283542	0.0008647967775309645	-0.0011054933830447504	-0.006645594326348505	-0.0016125720313326546	0.0008342724721933157	-0.003629860833203685	0.0005538882817354418	0.00033348430103826	0.001068758940905943	0.002224079960779972	0.0035961999901926085	-0.002000858608365902	-0.0020156968429828866	-0.002788768792103143	-0.0016971081530790866	-0.007933702946339664	0.002575818276682358	0.0033906454011817058	0.003304003757842122	-0.0006557400937552188	-0.0011219705329549722	0.006245916064972724	9.079396355299248e-05	-0.002180132783918836	-0.00013661071155901536	0.0015057772253353663	0.0019777149983539947	8.479190408015637e-05	-2.4316513865900907e-05	0.0	-0.0	-0.0	0.0	0.0	0.0	0.0	0.0	0.0	0.0	0.0	0.0	0.0	0.0	0.0	0.0	0.0	0.0	0.0	0.0	0.0	0.0	0.0	0.0	0.0	0.0	0.0	0.0	0.0	0.0	0.0
GCDF246	-0.04424898318853072	0.05937553311127602	-0.03039786592450033	0.019287746744160967	0.010899296782463727	0.0068548145091724124	0.021452676783363777	-0.010560811867510886	0.004841691132326963	0.0006500640759378538	-0.019969965183455562	-0.008350089305786111	0.004522160410776937	-0.010574385616799907	0.007133580921164955	-0.004310668612435016	0.011337060112725872	-0.010864041302206934	-0.006900885876148491	0.01665159842270059	-0.007860009007087044	-0.0148375764659643	0.01305217993808102	0.0018243128179613272	0.0020979890017655636	-0.0007928417425979243	-0.008332924335270537	0.00021900749901390814	-0.0012047134272064953	-7.872144842305154e-07	0.008940872018174721	0.0047319010625377095	-0.0026343179199792162	0.00035221210384137085	0.00538165450024525	0.0016266301098057272	0.0007044881328761211	0.0006923593556366065	-0.00013509905863004487	0.00123943800498271	-0.005413918637441113	0.0032507041406582525	-0.0018045929197383092	-0.002768722790390832	-0.008826766462351435	0.013714376284199527	0.004958777142876637	-0.005604793615492538	0.006609054727564527	-0.0027553150665794324	0.0026780000843138587	0.0032030112070391835	-0.009054330190817238	-0.007051970395367542	0.005831665474604084	0.00030542158630173703	0.008559684282413884	-0.0018150485776132006	0.0011530343644079297	-0.004386195990292532	0.004465580796598248	0.00488178696259953	0.0027567862086184405	-0.0018411462961656934	0.004069851341939369	-0.004301604263747047	-0.0046983636058040654	0.0016741176786024396	0.001654093771288239	-0.003403363632240779	2.8295771164860498e-05	0.002646716241883953	0.0026971509606782923	0.005801811886925793	0.0021263111596100926	0.001672026970664545	0.00014111384967322878	-0.003209083900650271	0.00018380620019923673	-0.0019131429910084522	0.001557423522673642	-0.0004257283858696236	0.0021444025144174775	5.877237048089706e-05	-0.0015195735118578872	0.0009684950836148964	0.00079173340182806	-0.0010538998530792794	3.276036065218952e-05	-0.00020960121622333182	0.0	-0.0	-0.0	0.0	0.0	0.0	0.0	0.0	0.0	0.0	0.0	0.0	0.0	0.0	0.0	0.0	0.0	0.0	0.0	0.0	0.0	0.0	0.0	0.0	0.0	0.0	0.0	0.0	0.0	0.0	0.0
GCDF247	-0.018530003068698415	0.01819121748313533	-0.003210826604385812	-0.01326185405236932	0.004003571946103212	0.0065408032275990425	0.002498106824332884	-0.00181664427712142	0.0038431355879934197	-0.0012131198070534073	0.003755703629300008	-0.0007089461166318974	0.006314029751322684	0.008464632934290185	-0.0005023751558669149	0.0016292689462653843	-0.0013663820588719643	-0.003754992271722308	0.0022537675943533533	-0.00182232532197597	0.0018548340024470296	-0.00036025318330178715	0.00015873049302419075	0.0030052376529862575	-0.0017941831197495633	-0.000518978210679446	0.0034999147091608587	0.00020607164752541016	-0.002531219687126857	-0.0027932060426930742	-0.000485898130882456	0.002743201938551859	-0.0005291967588986129	0.0010392354968485737	0.003693436006044328	-0.0026737769240555405	0.0025239444999274534	0.003107826914229177	-0.00027759559544253924	-0.0018569037889470488	0.010725296319183881	-0.005991556167265101	-0.0014639309884986042	0.002753707943251996	-0.005865613764800595	-0.005246670196854486	-0.0004069714349805847	0.01168363943642159	0.006531126755760261	-0.010559861067281504	-0.008080905979735133	0.00036816273206841143	0.00893186279231817	-0.0020516806876966064	0.00033324963006840227	0.000827887028682936	-0.0005284471155073469	0.011625955679111122	0.011521334526913035	0.008742258669128035	-0.009843296511941702	0.011539342760662163	0.0030648391724364447	-0.010217225238103325	0.015488736730680401	-0.0012811764797845747	-0.00030266587556053475	-0.0005491696753373884	-0.004605505505200502	0.0021757672595864256	0.00011438151112220202	0.008366399879444639	0.0006350503023809041	-8.76654886044741e-05	-0.004025664113269936	-0.0016238099938370638	-0.0007937338062154302	0.005156024613871558	0.000992534534533362	-0.0032726668804859186	0.001077520085547782	-0.0013004357537554192	-0.0019911170958565377	0.0012667716797984394	0.003192720788138752	-0.00050870533520112	0.000517012600882242	4.2397295600175055e-05	-0.00010189393558019731	-6.267606527211304e-05	-0.0	0.0	0.0	0.0	0.0	0.0	0.0	0.0	0.0	0.0	0.0	0.0	0.0	0.0	0.0	0.0	0.0	0.0	0.0	0.0	0.0	0.0	0.0	0.0	0.0	0.0	0.0	0.0	0.0	0.0	0.0
GCDF248	0.021213722408912394	0.023775831328676084	0.0015894154970621422	0.023263521867046926	-0.026432875251564663	-0.04106568995932645	-0.0005000053706084842	-0.004810406810394083	-0.004158984164971598	-0.007644520529603339	0.029454937539296438	0.006000682360918973	0.008083720092211208	0.02756306445045808	0.02825805961966872	0.007368757701262066	-0.01715848148990327	0.009349925796369677	-0.004136242241896792	8.740708054711843e-05	0.015301430817268943	-0.014535532680885631	0.0008152499573723528	-0.021981014012936152	0.015980994627240917	0.018971252300174154	0.003243753309630437	0.01637981067840602	-0.0013957795848627405	0.00014318929635060215	-0.03340197334253988	0.0007317157141729713	-0.023837216615513766	0.0063613313213344075	0.004878563647480734	-0.028404901709905932	0.0348899140764957	-0.014857766080468852	-0.014592788905935348	-4.432157002235425e-05	-0.006639627463757519	0.009228972108848283	-0.010476464685930718	-0.005415455456784554	0.001012256166324052	0.013574796364552602	-0.00024862316099190016	0.001982234098916032	-2.2122541617771746e-05	-0.0004704229402457443	-0.011373648017540927	0.004884862586149261	0.004679468846259291	-0.001664415809484773	-0.0010343387384069373	-0.004130869291355126	-0.006944750005930225	-0.004668436641699746	0.004022246850128551	0.0001065380641542369	-0.0007409148618009232	-0.0013160873502980344	0.0013762411709592904	-0.0011932750050008517	-0.0016174184426671376	0.000906911996788245	-0.002446175891410921	0.004292458006650327	0.0034153991539864147	0.0005783508747340789	0.0001745969657920182	-0.0017487099797332383	-0.00148142123533137	0.0007903998029869229	3.8317851572609214e-05	-0.0004819157900507387	0.0008312849807588135	0.0008829155753402727	-0.0006007242004107164	-0.00016000652048657444	-0.0005936913999602375	-0.00024121421658069103	0.0001718973119395331	0.00010317539755756864	-0.0011846231470833914	0.00011398750600645647	-1.0773719961870076e-05	-0.0002903800366219917	0.00014975294653751063	-5.520721150063412e-05	-0.0	0.0	0.0	0.0	0.0	0.0	0.0	0.0	0.0	0.0	0.0	0.0	0.0	0.0	0.0	0.0	0.0	0.0	0.0	0.0	0.0	0.0	0.0	0.0	0.0	0.0	0.0	0.0	0.0	0.0	0.0
GCDF249	0.0733476218066467	0.02806529958298316	0.05040068373120107	0.049149324566161515	-0.03309097973928257	-0.0607492598506249	-0.01535859609461425	0.008900781448818078	-0.0035790493157233424	0.07376728127728942	0.012473108273165884	0.11904814955856294	0.005785576329572902	0.01800602732540517	-0.035141698350518336	-0.01988182438666253	0.07359587303298917	-0.03587113113558127	-0.04106710075222141	-0.037352947440257744	0.0169790800052464	0.0046925966898436885	-0.00439070436248344	0.00627269694607873	-0.005672492184052691	0.004717536120048148	0.0054028924725858735	-0.004437560199232535	-0.0006747104271722477	0.0017927275092409082	-0.0022140461248719065	-0.0013168867283215545	-0.0018785139411456283	0.0019326472261617736	0.002762353912099461	-0.0005999874574874948	-0.003795120567885507	-0.004019931635743901	0.0005818688664604591	0.005860590652677698	-0.0009790610549711746	-0.0001236493529961851	-0.0004159970462871374	-0.006314795451025084	-0.0028647832752806556	-0.0033627098064481953	0.0032735385212031946	-0.00038167207764009216	-0.000823522028793519	0.00473438592050811	-0.00028209579854966726	-0.0002530669032344762	0.0021165691563792975	-1.0306932963328156e-05	-0.00041114216331618054	-0.0034803528596198383	0.00026742203276025324	-6.292658641970434e-05	-0.00012098036600646533	5.334302922089866e-05	-0.0019454046098370788	0.0005474179515691298	-0.0005179465565127616	-0.0017196270096410408	-0.0014782657372139775	4.799168299000866e-06	0.00012865459239646927	-1.5560238339874048e-05	-0.0002894768135394324	-0.0002028650296813501	-0.0011947147782510198	0.0012527608367053204	-8.296424623072185e-05	0.0011798027566846882	0.0013953445470173073	0.001263145932845095	0.0006122759814366868	0.00039597510890118084	-0.0012082025224248482	-0.0007415001749584302	-0.0008788467265470626	0.001087058129034643	-0.00010301643509677052	0.00030685061294861835	0.00040878338237153685	-8.824717475252458e-05	0.0003803666558047859	-0.00023389828692438187	0.00012265077034985202	-1.2902992941038308e-05	-0.0	0.0	0.0	0.0	0.0	0.0	0.0	0.0	0.0	0.0	0.0	0.0	0.0	0.0	0.0	0.0	0.0	0.0	0.0	0.0	0.0	0.0	0.0	0.0	0.0	0.0	0.0	0.0	0.0	0.0	0.0
GCDF251	0.0705364619254063	-0.007956091132646888	0.0832489668671802	-0.0011608833424195618	-0.05440145487622581	-0.005523412231429458	-0.003215354606015269	0.012299557817278133	-0.012822730568256547	0.0375719524559332	-0.06340322101818097	0.05796197131047065	-0.024232339121088027	-0.029996527483751548	-0.0008804219320468526	0.0034683833973166893	-0.04338031713020292	0.01704582897656027	0.014604591035988742	0.013498131800611584	-0.04631003036699775	-0.026193116159002106	-0.0011127152320059067	-0.022507213653969807	-0.019441631987801456	0.018185967155025042	-0.0009364017138667546	0.004769730851828166	-0.016501190832625443	0.006336164043900749	-0.010712627516801026	-0.019685856928447328	0.015389862346957807	0.0023811698075825827	0.014706369952249526	-0.0076036659929603735	-0.005773139787860566	0.001473689117422845	-0.00968875638944344	0.003917728467794334	-0.0072959284644738805	-0.003359720516756737	0.006388845502186865	-0.0027623745350799766	-0.0007372234772378876	0.005061913560829948	-0.009168896445533443	-0.0009148983216854645	-0.00016518875955753593	0.003986207754869178	-0.0016657831893025193	-0.005526457476789731	-0.0036217189594625224	0.0008894734321676655	-0.0045970515808402375	-0.0004160854498278804	8.218876437937365e-05	0.001969632892355989	-0.0014017212920677097	-0.0005246509511547341	-0.003380903934322564	0.003961005734235803	-0.0008879355393388938	-0.0023470093065058933	-0.00035296211938950605	-0.0008352339597289181	0.0033133935698400085	-0.0031318554143627254	-0.0029329892894115928	-0.000533452475600683	-0.002351570790939942	5.3361879718397744e-05	0.0005060991287823474	-0.0019247871431915939	-0.0005517257965106676	0.0008718427981579646	0.001044051362824466	2.0629767118512977e-05	-0.000577188309021466	-0.0006896983755831819	0.0010907832988871747	0.001616628698173521	0.0005053718497423862	-0.0007765416112010651	-5.6745483517307e-05	-0.00036158663818044984	0.0006895625901618412	-0.0004876032027438342	-7.318662104740162e-05	-3.639636855567599e-05	-0.0	0.0	0.0	0.0	0.0	0.0	0.0	0.0	0.0	0.0	0.0	0.0	0.0	0.0	0.0	0.0	0.0	0.0	0.0	0.0	0.0	0.0	0.0	0.0	0.0	0.0	0.0	0.0	0.0	0.0	0.0
GCDF252	0.2163094868671062	0.14621580688251587	-0.0659660256016817	0.28952509346365707	0.02209138126812283	0.11592795609771836	0.06295518742916369	0.09197996932572047	-0.004473624735322946	-0.028964137138920265	-0.03978453101894889	-0.021260676811859988	-0.04403269653934148	0.03535361842222564	-0.001227374984369771	-0.015430252848635737	-0.009307469819928988	-0.011263172029561173	8.006031548219034e-05	-0.0004760048996815774	0.00669198464457754	0.01759950522189727	-0.006814505876412644	0.004065500450144323	0.00218749548949246	0.0035918618495825788	0.011179076463396226	-0.003867004584588021	-0.005349499793378226	0.0035367615966717812	-0.0035369417348654346	-0.005455989821015055	0.004924239467348798	-8.904918557404819e-05	0.0021097574030091923	-0.0010841804755249466	-0.0030680280527738035	0.0026173066788578395	0.00013475262691749188	-0.0022125929381026296	0.00029767396564665957	-0.0004024852607967295	0.0008630146330474194	-0.00044437876036543917	0.0013556895767172954	-0.0006485753197190854	-0.0005663765264719142	-0.0010013913503526155	0.0010105552798093571	0.001807848588293452	-0.001780689048129621	-0.0012977916008622917	0.0006900078084057235	-0.001379746952410761	-0.00012932418186142983	0.00015922340371062735	-0.0011078632350444318	0.0003744563111649296	0.0005382943660272139	-0.0003087856521728199	-0.0003732160284720126	-0.00045829981978752043	-0.0007305014990636008	0.0005615728010920195	-0.00022356605156711301	-0.00022408632341020708	-0.0004208530349109719	-0.0002511249375762524	-3.5458255614868456e-05	0.0003043717861512947	0.0001763738176459642	0.00017948320518123951	0.0005107875652171194	-0.00012103887169183008	-5.7956595542612226e-05	-9.338492558632242e-05	0.0001513041546673114	0.0006182292426347079	0.00012422174327494242	-0.00033325665368670354	-0.00027898699873352064	0.00021807937698904524	-5.5697693471617314e-05	-0.00014748623350298727	-1.5464009363213289e-06	2.87682363112635e-05	2.7521437048619764e-05	-1.5063929654579526e-05	-4.139923081682524e-05	3.594005056680896e-06	-0.0	0.0	0.0	0.0	0.0	0.0	0.0	0.0	0.0	0.0	0.0	0.0	0.0	0.0	0.0	0.0	0.0	0.0	0.0	0.0	0.0	0.0	0.0	0.0	0.0	0.0	0.0	0.0	0.0	0.0	0.0
GCDF254	-0.033973189122130834	0.03144474200952688	-0.012659512560107175	-0.0009338555754555319	0.004737881388951189	0.00016348379626271803	0.006108134377175797	-0.00615691131736464	0.002016798019392031	0.0022865844669884656	-0.002320983800798894	-0.001501608597674002	0.004561097368839087	-0.004384280877902401	0.0022394063179962446	0.0021919767844732208	-0.002562521483628657	-0.00228389127114752	-0.004850090965425279	-0.0014502384331335455	0.002604575208768163	0.0018147874025984448	-0.0034061502942903544	0.002071875105159559	-0.007437125633015726	-0.002956812613565662	0.0048147072772481096	0.0019385654636912336	0.0007652572690325485	0.0065118952469368	-0.004005505734893154	-0.004645162981894642	0.0024738933654871297	0.00529075039338126	-0.0003229310899226716	-0.0049488047919754	0.0011985814107871224	-0.002052630760563992	0.0032532468917675357	0.00012729661412843452	-0.0035675903442568984	0.0040246151291433675	0.0011140238102598263	2.341201686210814e-05	-0.009745606536662706	0.002025502129434393	0.0026833535011227877	-0.011262088830176105	0.0009893063249334256	0.007542482949506408	-0.00724546914698551	-0.001029524296839485	-0.005303651000789991	0.004208444134246319	0.0023323349766787268	0.01068835930442664	-0.0013656924257993792	0.001486822571715569	-0.008518937894137695	-0.00226522612733882	0.0006937276039420257	-0.002427563954282117	0.004212522135785503	-0.002846755454240178	-0.003885030702359505	0.008433539907584596	-0.0002196267013051966	0.005641500660088224	-0.0065284256560026455	-0.0009835017759239955	0.0024738685617969737	0.014119834754058695	-0.006578765768743497	-0.004240645239875295	0.000728534603464904	-0.004774194842962338	-0.00029599991098898615	-0.0054410842270573015	0.002091042596450441	0.0002630605232776955	-0.0006615019073029263	-0.0022774553867144303	0.0007328614620644984	-2.2077404656649235e-05	0.001325671314796573	0.001552726913951955	-0.0012977100654482303	0.000608264977602695	0.0009481276560266943	0.00031308128245306	-0.0	0.0	0.0	0.0	0.0	0.0	0.0	0.0	0.0	0.0	0.0	0.0	0.0	0.0	0.0	0.0	0.0	0.0	0.0	0.0	0.0	0.0	0.0	0.0	0.0	0.0	0.0	0.0	0.0	0.0	0.0
GCDF255	-0.02935441537513975	0.03402966489369849	-0.012772274046692556	0.007695196746934704	0.004160015355737493	0.0064321305895151965	0.007697469641209067	0.0003296213293936659	-4.668708818648869e-06	0.00017107610993320684	-0.006370738387231595	-0.001975234943406961	-0.005757137369681817	0.009050583395328419	8.31870010666456e-05	-0.0033687653046144375	0.00557797378934613	-0.004055212920533668	0.0029982900967225144	0.011146600989858502	-0.006012410976634214	-0.007866818097106959	0.013181113435401513	0.0025303369979302096	0.01286396429603795	1.146593174976032e-06	-0.01245074931378101	-0.0017851744278469814	-0.0028079532098614847	-0.0034020404332200235	0.005364259163292324	0.0024128824165866023	0.002338898778913816	-0.002679089348360476	0.002094117241937249	-0.0009310931022425814	-0.0014183411432463551	0.00040166322279356573	-0.0018828327729963627	0.005244540929017597	-0.004786264448394687	0.0008802682505951828	0.000524821186198298	0.0013660467510098456	0.003214828619735004	0.003528125935239848	0.002825537308110908	0.002878604917612778	-0.0044114692575149125	-0.004211182385079918	0.003637888167350426	0.0019245919484632665	-0.00023370594754348336	0.00018009754681926537	0.009696268323592622	-0.0006818608738809336	-0.004605775278881403	-0.00646807814987139	-0.0036870804106995604	0.0036349561677467596	-0.0033514612608646814	-0.003710446591599267	0.0022980566380281786	-0.005652342845634845	0.006252126401044927	0.0017038696096488095	0.0026348688525031456	-0.0023691789468945753	0.0016755891900640367	-0.005517396103912613	0.0027520503632889057	0.002967444029486709	0.0036143672903788723	-0.0030221095992458433	0.0022906271056660848	0.0012788291496579236	0.0027463570628520674	-0.002188914830406266	0.0007643255559483858	-0.002857724490304254	0.0010452391285143206	-0.005394513135118601	-0.0009992899116674204	0.001385723397773502	-0.003914812951441999	-0.0017978450189466647	0.00034386873998372934	-0.0007352387591180391	0.0005431145926366302	-5.8782035496539783e-05	-0.0	0.0	0.0	0.0	0.0	0.0	0.0	0.0	0.0	0.0	0.0	0.0	0.0	0.0	0.0	0.0	0.0	0.0	0.0	0.0	0.0	0.0	0.0	0.0	0.0	0.0	0.0	0.0	0.0	0.0	0.0
GCDF256	-0.017018045898756266	0.013582682711446208	0.003427479266321093	-0.017433373935586572	-0.008828458768839623	0.0033442458909946023	0.0013260495550689423	-0.0003710651946691783	-0.0005474103096686582	-0.008526589481949745	0.004429920984055431	-7.769902932291794e-05	0.003404209847924099	-0.0030792156534547714	-0.007031870896593475	-0.005396092590605033	-0.004794356179885695	-0.001337746498586766	-0.002623373334326623	0.0019877110547500236	-8.108616597990617e-05	-0.004620772725133222	-0.0010421835983599813	-0.00024553419401332824	0.005090810520650795	-0.005150197939274068	0.0007367208536934903	0.0005289809952108771	-0.005180015661356603	-0.005470091973155757	-0.003048096819092197	-0.00445834451677633	0.006282825530169618	-0.0007735301226876385	-0.004921561744728962	0.0009278513324757467	-0.00805035532590872	-0.006343812281626959	-0.0032461925603333385	-0.002677045724359621	0.000572522223825892	0.013398728197322525	0.01176593586313975	-0.0009901224367856168	-0.004184102151346835	-0.00017443169062129362	-0.0007235347095505322	0.0021477545134538584	-0.00648635615905069	0.00903039661445337	-0.0028350499327121238	0.010002359307893805	0.0050842257830733505	-0.013310749622446237	-0.01825996946395926	0.0068721014379222465	0.016683041727727038	-0.008020872177906707	0.007899995955017433	0.014411247064545335	0.0018981563544338623	-0.011203496387174107	0.0004051463929236625	0.006557530230433532	0.006764136990130484	0.00988629623066228	-0.0015993135017364438	-0.005068991816092075	0.0063971193315937045	0.0002962267248697824	0.002789094978116155	0.002133307991953483	0.0025887865639635326	0.0005413853772834439	-0.001606336011539049	-0.0003462169958753723	0.0026639776168261562	0.00021717221692795283	0.0003577351763649699	-0.00346264617873792	-0.0012595299441716503	0.0016841114004042283	-0.0001904815318898081	-0.00022998110012979517	7.697389635758186e-05	-9.513739122949561e-05	-0.0010376128673665011	-0.0005572177839688402	0.00019826267932256033	1.7490799767184157e-05	-0.0	0.0	0.0	0.0	0.0	0.0	0.0	0.0	0.0	0.0	0.0	0.0	0.0	0.0	0.0	0.0	0.0	0.0	0.0	0.0	0.0	0.0	0.0	0.0	0.0	0.0	0.0	0.0	0.0	0.0	0.0
GCDF257	-0.046270786245118496	0.06449564331161609	-0.03339581580509387	0.020083400902831394	0.011474423572938156	0.006518553164724263	0.02377250995812885	-0.012389523181595393	0.005576406466098422	0.0014498967344619663	-0.020306328754804023	-0.008820619063670784	0.006314908095860532	-0.012809752218963537	0.005350780097622567	-0.002734870810770837	0.012184936044469158	-0.005961280185180857	-0.003999515655697961	0.014790793284238329	-0.0115668198775692	-0.016414592840315375	0.013995241321702519	0.00010247540353764034	0.002948105210496753	0.0012636188732389464	-0.013087179521889225	-0.002223183924405838	0.006213336102275503	0.0007216684995145149	0.007464134362879718	0.0036058819471076497	0.0018258280542483114	-0.0009549508595124964	-0.0003162788391793135	0.00230790992628633	-0.0020698608833670798	0.0002820668079093117	-0.007552587794139655	0.01084430763883151	0.00475004322506563	0.008081960956716011	-0.008739094683731493	-0.0006647911883066695	0.00518703939468995	-0.0010432684065472464	0.006889618300621225	-0.0008000506903212742	-0.010827953563006327	-0.012913381867026142	-1.4113850366794494e-05	8.200504650777785e-05	0.004567029891108454	0.005282027275445897	-0.0016992893561700282	0.008286280361053621	-0.00020271050437732093	-0.0053225580701315835	0.004379109301718391	0.00034482226802568834	-0.004174757923162162	-0.00012889669492446954	0.006553439991553826	-0.0035511731003802535	-0.004889816054500571	-0.0009372224043562851	0.005776367452055364	-0.0014533346608259223	0.004313211294432061	0.0018705701908537675	-0.004852602200283523	0.0001754883368119573	-0.006687404563759991	-0.003173345643709069	-0.00048558870118298663	0.002335999023073777	-0.0013944847391617477	0.002481084078837452	0.0037022076067367484	0.001055277111068901	-0.0011966289232267417	-0.00016938987207729692	-0.000574083993015503	-0.0010900275787370528	0.0009819167538579544	0.00014361593725447438	-0.0005676352901920136	-0.0007146410699847848	-0.00042072610946662333	0.00035967164392486795	-0.0	0.0	0.0	0.0	0.0	0.0	0.0	0.0	0.0	0.0	0.0	0.0	0.0	0.0	0.0	0.0	0.0	0.0	0.0	0.0	0.0	0.0	0.0	0.0	0.0	0.0	0.0	0.0	0.0	0.0	0.0
GCDF259	-0.012681310767836549	0.05320617141597816	-0.008960322001740151	0.030820432547518185	0.006324359485394597	0.010517436918778465	0.0019137159828825218	-0.01514940659592467	-0.00247628224950198	0.023065132172471383	-0.028360051876579993	0.0010977358495394864	0.003002935547876075	-0.008911245763667803	0.012034259326646179	-0.01147794499419553	0.025725865800521285	-0.010493557505434337	-0.0025709826908492167	0.029017072315594413	-0.018535815613578123	-0.04001495179319091	0.027619552497756814	-0.008401237158619507	0.029558559544724583	0.003221110101380577	-0.034375304966827815	-0.0012070029273716818	-0.010959221578456805	-0.0090386359954469	0.012244536911299193	0.004932934783957859	-0.020540978088520945	0.0038902862531996424	-0.0005769716325848852	0.006420442085357493	0.006763050131534499	-0.010966221928336144	0.00677106443606896	-0.010271227489309216	-0.009302834697522988	-0.013669221321866251	0.0002341232509834931	-0.0007575016049812039	0.003834081900263671	-0.02268655375745049	0.0002915271492197312	0.011242439078664306	0.0038285331700342894	0.004378936346728554	-0.001099239854750928	-0.005705252005800537	-0.003224988160187892	-0.00391064731018199	-0.0026712018728755347	0.00044269272657742714	0.0016465059775653233	0.004571646869351519	-0.0010978544127007062	0.0017004056692295991	0.0035125871322970537	0.003772213979108598	-0.0008554392747552259	0.004589542661231914	-0.0031190393925850275	0.0015642887956969142	-0.001583476056158238	0.0030236208144709133	0.0008035676090408531	0.000587910088248409	0.0036108960777450566	-0.0007110292197446558	-0.0009380937272636025	0.00027571839369742345	-0.0003402780398790599	-0.0023373288295601164	0.0005414016605405492	-0.0002696518296088193	-0.00016921757688576945	-0.0013051183913121453	-0.0020588155467174555	-0.000714059550745383	-4.142520788237448e-05	-0.0009171290585107879	-0.001294652315053798	0.0010442540381621578	-0.00037279029177464054	0.00034113661358815486	3.289472521901444e-05	-7.421226619525456e-05	0.0	-0.0	-0.0	0.0	0.0	0.0	0.0	0.0	0.0	0.0	0.0	0.0	0.0	0.0	0.0	0.0	0.0	0.0	0.0	0.0	0.0	0.0	0.0	0.0	0.0	0.0	0.0	0.0	0.0	0.0	0.0
GCDF260	-0.019773125820592367	0.01402492862898175	-0.0012160871343557603	-0.004837008188992764	-0.005546243305133129	-0.005415165847221229	-0.005071982922675513	-0.0017869602355169766	-0.004001507522542991	-0.0050711447482355764	0.0059144798093096074	-0.008408465617153953	0.0015476591085392595	0.0027898371944613163	0.0014069645570929515	0.0007291955675492969	0.0020423126745115	0.00216835815655491	0.0019756927399747957	-0.006957436019569059	0.0009953112649574432	-0.0011005195118638125	0.0017323943117191333	-0.000420234211757799	0.00047112217492751424	0.00190506506066016	0.0018677648548738191	-0.001362084435880323	0.000542807492375564	-0.0028630545978359204	-0.000178827478265081	0.004257802446871029	-0.0017270657660250295	-0.006297598940499766	0.0035801084470130935	0.00039043971456384215	-0.0003057269163776672	-0.0002169367440761726	0.0024575696341293074	0.0028892558751188557	-0.0011642571265968063	0.0013385599147581436	0.0009141796806898899	-0.0031420464748277057	0.0044944985071027205	-0.0018774744962849973	-0.002788865942823246	-0.00024379358412986713	0.0018526117949681801	0.00047261688283616645	0.0047564678909457515	0.0017851846612284786	-0.00042659719227859015	0.007784912606825648	-0.0026876901983057286	-0.0018839909713457177	-0.00486260618837963	0.0020855007973426105	-0.0005436181552472099	0.0013551050583305046	0.000286339188600984	-0.0031341920214436395	0.0012028983242645772	0.0009420277965626283	0.0019322896485660173	0.005826016707815963	0.00026883690040695304	-0.002634480014936964	0.0009995158472235538	-0.002442595766137314	0.0024088393793570534	0.0033921422419962988	0.01173875634796974	-0.001973585535012284	0.0008875266822605313	0.0041535806791899894	-0.0047187118843427705	0.0022863486668718595	-0.005576200766590838	0.004805504354476677	0.0003103401558307342	-0.0038483373497090693	0.002859998493452042	0.0037098083861575254	-0.0007570262104905255	0.004569187062735912	0.00023988616000162545	-0.001213566395772868	-0.000667665592061828	0.00031659671543182217	-0.0	0.0	0.0	0.0	0.0	0.0	0.0	0.0	0.0	0.0	0.0	0.0	0.0	0.0	0.0	0.0	0.0	0.0	0.0	0.0	0.0	0.0	0.0	0.0	0.0	0.0	0.0	0.0	0.0	0.0	0.0
GCDF261	-0.026601318275924064	0.027930296267175598	0.005233169889178987	-0.00016542942920513693	0.0066200277613523715	0.0030651157710797376	-0.0012627016329958467	-0.01772591740760341	-0.0011198141796363757	0.021561882313160443	-0.025843204593094443	-0.006724092829422818	0.00035137877649911046	-0.012634778221860998	-0.004738617578146795	-0.0016078365962710216	-0.002580050310600377	0.006863775754553097	0.0021008008935158875	-0.0066036023874066	-0.006622817452126838	-0.0014580202553527656	-0.0020489060705881556	-0.001417855901750089	-0.003310043650793858	0.007579095796954383	0.007457413631298956	0.0019976877501817233	-0.001230074756943896	-0.0032944720824959893	-0.0030401399230278133	0.0015882307122520917	0.004697585691395282	-0.001261384535219618	0.0035894830117094707	-0.00044919358685354316	0.011060073321406906	0.002957801473265453	0.00183896188403855	-0.005314359633678437	0.0034840201393115133	0.00795457802154979	0.011769932687134882	-0.0021126870968419683	-0.000738650168024852	-0.0005984119538735537	-0.001911691797881661	0.0007270306921320317	-0.016829837315620055	-0.009513935546258432	0.01074512108321331	-0.012416518325572425	-0.0001288206420536282	-0.0005149516547133167	0.00957596814903662	-0.012349890273931314	0.003075986278708051	0.006894618282580625	0.009619335955565368	-0.0033415688571410375	0.0030801683391113986	0.0016772747955363912	-0.004330474307269613	0.007111785064119057	-0.0004230860963388381	0.00041136522141404136	-0.004628770405990019	0.0031433565503900616	0.008131777290869772	0.0032792303336957526	-0.005209191799217835	0.003907160296310208	-0.0033881582805907664	0.0012415597772110938	-0.002664115961896979	-0.005502708915693481	0.0027497152676102627	-0.0014837933006896582	-0.001714770471427939	0.000289191961098945	-0.0007968024583254695	-0.0012604835196842884	0.0019824071153281262	0.0033389806335818286	0.0007909765300428832	-0.002499095549419258	-0.0011968457597345686	-0.0008201683692759761	5.962493210068755e-06	-1.9553922302972595e-05	-0.0	0.0	0.0	0.0	0.0	0.0	0.0	0.0	0.0	0.0	0.0	0.0	0.0	0.0	0.0	0.0	0.0	0.0	0.0	0.0	0.0	0.0	0.0	0.0	0.0	0.0	0.0	0.0	0.0	0.0	0.0
GCDF262	-0.023739097401572627	0.024341398539143806	0.002414462442072527	-0.010040279035466842	-0.005137978232718382	0.010661940519162336	0.0077498424577460805	-0.004703221825578615	-0.0005452281337007748	0.004840437639879345	-0.020822212716288188	0.002236322576735632	0.0003416215817219272	-0.01726861802887397	-0.0007440422469566768	0.004790190836755179	-0.0005521359828809809	0.0006814869607861587	-0.0033580357904048497	-0.008514860495637376	-0.007091622767117829	0.005705195375317681	-0.0026373588326008496	-0.007639592466379132	-0.006143833857383675	-0.002796956154373342	-0.0008638772779205999	0.0015363173918906275	-0.0006533257013801974	-0.0044305538126155515	0.011950797756971013	-0.0010546771610868797	0.0013243418202380662	-0.003247764094253384	0.02823522008469424	0.0018581274163909755	0.008434930058845672	0.004633994904053122	-0.013221123589644926	0.01761753829250237	0.02642051672570376	-0.001042163931378903	-0.026826577484216563	-0.006974782101774403	0.0004965661034147019	-0.007582900928075641	0.008923871376036159	-0.007731206605053231	0.013833571482240164	-0.008252277156961595	-0.007912288888784695	-0.0007769567649250797	-0.0015893321479957048	0.0008408369624299512	-0.0018934015146559635	-0.00016531815014612808	-0.002253698003713478	0.0032570894061504517	-0.007217476327486155	0.0035935801007257067	0.004473350411720517	-0.006749790243593293	4.718157367526458e-05	0.008827084207247886	0.0046185918079567284	0.002494883511319086	-0.002722049939037406	0.0003349650928256914	0.003219378813542106	-0.0018648081301314333	-0.0012145412225198153	-0.0021766102818167937	0.002443740002775824	0.001078695085629422	0.0020071124800210903	-0.0037149076480964224	0.0021883458243268637	-0.0022462359243137983	0.0006616306100187255	-0.0008351557444568642	0.0013015089785833177	0.0012841358448964677	-0.001144340657883373	0.00037989742577455583	-0.00022048237828151365	0.000243163939614444	1.015768004390798e-05	-0.0002285394141238153	-0.0004029499734875679	-3.1722882581307066e-06	-0.0	0.0	0.0	0.0	0.0	0.0	0.0	0.0	0.0	0.0	0.0	0.0	0.0	0.0	0.0	0.0	0.0	0.0	0.0	0.0	0.0	0.0	0.0	0.0	0.0	0.0	0.0	0.0	0.0	0.0	0.0
GCDF263	-0.004243002262257081	0.060052038289839245	-0.02535174222247064	-0.003564454424672761	0.015748251542350822	-0.02741730683531376	0.03078965595979827	-0.019422655861938313	0.02336626565511634	0.012540488856676898	-4.591431305448282e-05	0.003758135989687289	0.032449378677256446	-0.055074074738727184	0.014113205267379468	0.02044830320201009	-0.04717996916917061	-0.010171167725529316	-0.044684922249076026	-0.041453041230849315	-0.03667554221338664	0.05656376180985369	-0.001283109051924987	0.004839070430582247	0.05168030990834738	-0.014272417789743419	-0.007952108433286564	-0.005776662619697872	-0.01754525182596556	0.003853839764268321	-0.003077304783826817	-0.013479880300145762	-0.007878431391116545	0.002202355827685806	-0.0036180911235263328	-0.002325436365825551	-0.0025357633719694695	-0.0017352255259310348	0.006897578063157273	-0.001668017344671788	-0.00035835849448172735	-1.1669530751009046e-06	0.0015552259116790282	-0.0029356403715094155	-0.0002851830986370693	0.00020661085775985116	0.00023970646888826715	-0.002484075389216377	-6.602037806333237e-05	-0.0021349534874835086	0.004148480847939346	0.002248601506133207	0.0029969718849236814	-0.0008945424221973535	-0.00019181193863972295	0.0004231231161844816	-7.00654080562668e-05	5.240870243046406e-05	-0.002038643364924547	0.0002040047045374622	0.003976597267891919	0.0028989179579708545	0.0010079481954798591	-0.0002388539593001421	-0.00023627237060373996	-0.0006538840785200673	0.0014359787153437205	-0.0012791413024976076	-0.0009553018767911958	0.0017560751217187373	-0.0010121880207181629	0.0005087182475211645	0.00021643511971454192	-0.0008845327869430936	0.00011067232872182312	-0.0001476470700903726	-0.00046437524647803823	-0.00020936111799892723	0.00048444741014604846	1.4312249590139671e-05	0.0002097380740179239	-0.00032871922234304414	-6.774170837496856e-05	-0.0006505474776018712	0.00036255094413105855	-0.00022384899354865705	0.00046457761920090955	9.09385051375634e-05	-0.00023320881019319868	-1.8227332308878606e-05	-0.0	0.0	0.0	0.0	0.0	0.0	0.0	0.0	0.0	0.0	0.0	0.0	0.0	0.0	0.0	0.0	0.0	0.0	0.0	0.0	0.0	0.0	0.0	0.0	0.0	0.0	0.0	0.0	0.0	0.0	0.0
GCDF265	-0.025336222630392365	0.0200534697321997	-0.00503065637115482	-9.852084899041183e-05	-0.003499848050865144	-0.005288778924399771	-0.000631941491415758	-0.0043449936821185605	-0.00038695626382009645	-0.007357192198460123	0.0029219363267737127	-0.009332378552415971	0.004449414101327335	-0.0035380791905790425	0.0062511319710765265	-0.0017980631567036478	0.0008578454560557151	-0.0013791031009173713	-0.0020188551179816045	-0.004603634824905104	0.00344722751117187	-0.0009416331083510832	0.0001747697981500192	0.0007979848550137673	-0.011460885601035583	0.0017714513623274016	0.0072419142040037405	0.00025781295762236704	0.0010938272535688245	0.0017565520972159087	-0.0006326449759110454	-0.00016032651810953802	-0.0006834868231658302	-0.0013446173403769634	0.00047709569298059855	0.0009014977707676446	-0.0017123930411721494	0.0005993047188587986	0.002674506014554504	-0.0008114950386737439	-0.009893928338220762	-0.002368471716344443	-0.0003616787565610854	0.004262195369335331	0.0003675442302341279	1.1929425501901675e-05	0.0039788801199264565	-0.0027020037123318187	0.00011364554681416011	0.003487836628764243	-0.002363432028583196	-0.003562771456830909	0.0029161158714365687	-0.006325070947659988	-0.0008248436087973765	0.00042975850011143986	0.0013469857185597364	-0.00852066188000989	-0.001833423272636252	-0.003571922465274617	0.0006174972727583826	0.0006002460468101162	0.012951859543346577	0.004508405536479915	-0.00013061010424095343	-0.01012893110015852	0.0002555515762351167	-0.0023401044690857637	0.0004972984849534749	-0.004238576508013718	-0.007576233913618645	0.0015825921852994247	0.0026589785367719084	0.0015487772204017766	0.004258681071813615	-0.003725252273746551	0.0028984509456890903	0.0008056245951144546	0.005723076050478297	0.002437030103488392	-0.0020516739505473075	-0.004160821324596536	-0.00042328196114434945	0.0034703621306828316	0.0031545649636761934	-0.0012871642361610917	-0.0024178527376920466	-0.00014879310385789308	0.00038257868095818845	-0.0005988429082698409	0.0	-0.0	-0.0	0.0	0.0	0.0	0.0	0.0	0.0	0.0	0.0	0.0	0.0	0.0	0.0	0.0	0.0	0.0	0.0	0.0	0.0	0.0	0.0	0.0	0.0	0.0	0.0	0.0	0.0	0.0	0.0
GCDF266	-0.016241920349975188	0.011528760902230527	0.0027136908051071185	-0.009152496295899058	-0.010755685241335529	-0.014653851919238152	-0.01079076066450024	-0.0021841426244573713	-0.005222314369550895	-0.00873720147283424	0.014599410503170616	-0.0027324271856625977	0.0016574539892442004	0.0073764399577544515	-0.002298443458351044	-0.012299365613233906	0.016561570820307663	-0.00405423641380956	-0.007754458537898497	-0.006247021618902455	0.005478969279822137	0.0012555405065421518	0.0037795663049429063	0.0002176770781849549	-0.002342863800729536	0.0031504500526124456	0.0024506966096845273	-0.0031978855681116616	-0.005072451355536928	0.0031022600655481315	0.00022651393420217766	-0.0026377692301078025	0.0004954982005750361	0.003250862847378967	0.0016389299991175959	0.0009711388504657494	-0.0028476503622077024	0.0017194984967472972	0.006820161856573996	6.397077599471616e-05	-0.0011646041978764284	-0.0013881909757487974	-0.005039718335791312	0.001849507686119131	0.002876648772623585	0.002671004283538017	0.0030426247887108664	-0.0066025587145010604	-0.002261684707149583	-0.0017251922702842205	-0.0032018668724770813	0.0022688667981454473	0.0003129976179894413	0.0013975401010682406	0.0017437441026544973	-0.0036074999084479468	-0.004487610382584214	-0.00011976611059175054	0.0061430265609688575	0.000555659558124629	0.000657767529319271	-0.001971996996468732	-0.004293797874352628	0.0035683293555598995	0.0017838557321807268	-0.012239362583349806	0.0031420702926181843	-0.003308459187938604	0.005959696530308828	0.0039927049341153195	0.004532880870613389	0.00442122993831151	0.00237545170604997	-0.0069923451718086295	-0.013709757597750673	-0.0017754635414587551	0.007574954968198285	-0.0050372155203712065	0.0032384026440007685	0.004117533680326966	0.0037865289089814187	-0.0005390030950771642	0.0014979183993352977	-0.0036588825189953714	-0.0023404430938630824	0.0013510795903956929	-0.000239647883701397	0.0004608762286103538	-0.0002967798648069206	4.3486319287329936e-05	-0.0	0.0	0.0	0.0	0.0	0.0	0.0	0.0	0.0	0.0	0.0	0.0	0.0	0.0	0.0	0.0	0.0	0.0	0.0	0.0	0.0	0.0	0.0	0.0	0.0	0.0	0.0	0.0	0.0	0.0	0.0
GCDF267	-0.03135776624149995	0.03004223585888382	-0.00975878997793839	-0.0017457721401394905	0.004449404174904812	-0.0003348450901312291	0.006241271892628413	0.00038737343131685576	0.0014919076550801102	0.002952481141376496	-0.0017965417499153254	-0.0005344432617424314	0.0056640451785865634	-0.006420755197768532	-0.001477009289299879	0.0033332266942181017	-0.0021943442663661006	0.0011255468444060686	0.0011736239109798874	-0.0032640592312037425	0.0005150904582149003	0.00514140308283922	-0.0008234588570645979	-0.0005498403647651828	-0.0035749889373945425	-5.736283763906106e-05	0.00057536626953617	-0.0045733624409583055	-0.0006846894376261548	0.003481830868799085	-0.002628738393339984	-0.0021180746420816614	-0.0002779272897598584	0.004150125180201959	0.001136871449038773	-0.001765842126508189	-0.0018064084226189882	0.0016764818602600735	0.0009694444260412871	-0.003786054597469607	9.047482726922016e-05	-0.0004851686738631831	0.005065825652500896	0.0022868099062153206	0.006220016797885052	-0.004858303714565147	0.0012563932640723156	0.004062673174799273	-0.003072797727271396	0.0011045195914860713	-0.00046273350091074854	-0.0040957533395107205	-0.0003585356314999983	-0.004465545992593637	0.000619922156843484	-0.0034122015711608293	-0.006628691557960323	0.0004832199735474188	0.007295609974624037	0.009272744474183773	-0.009747404489948135	-0.005075848084827707	-0.0012042699700302033	-0.0052587856027729845	-0.0020831824589906235	1.778191382949859e-05	-0.002296210300614411	0.0009490827706318232	0.0014262482902576154	-0.011074978481762619	-0.010522299728681619	-0.006027775257980335	0.0031960736544485663	-3.7445376814244166e-05	-0.002526144186523914	-0.0011173852834515485	-0.008283853316705744	-0.011800452893471555	0.002813101979954882	0.0009521344893994362	-0.0041825989662940795	0.0032296158744711456	-0.0011291965605126156	-0.0006709047576320741	-0.0011395754480557222	0.001206421595760221	0.00047576458050012767	0.0013984261256273927	-0.000263596386801688	0.00018878116988902871	-0.0	0.0	0.0	0.0	0.0	0.0	0.0	0.0	0.0	0.0	0.0	0.0	0.0	0.0	0.0	0.0	0.0	0.0	0.0	0.0	0.0	0.0	0.0	0.0	0.0	0.0	0.0	0.0	0.0	0.0	0.0
GCDF269	0.00702570471311048	0.02189745818217418	0.009292005057306861	0.023889391768097824	-0.011061112172830054	-0.01629618671850041	0.0026554638499677236	0.011409262151632496	0.01135725094053951	0.0020039328734317834	0.0204325649708732	0.014054320973520551	0.00017085197696659193	-0.010365071386509552	-0.014162308892523772	0.009904646627503752	-0.009182741955504146	0.0043367808676408985	-0.005236621815612894	0.007711294310004624	-0.005479018129295004	-0.0014649547168426801	0.0012368581031109353	-0.006933663357408277	-0.013594299840669219	-0.01877646366318964	0.0085662789894429	0.00985808692311914	-0.003668520819334058	0.004501391328239975	0.007941822607512474	0.0021656873930012374	0.020379130130635557	0.00406007837976617	-0.009048323896117183	0.004501651671710884	0.011963368456552643	-0.0054940772251700475	-0.011807327757519456	0.021817035785489332	-0.015532499074979254	-0.021425878869281996	-0.006581116882530108	0.008166337651036377	-0.008529562642787774	-0.009206758111986556	0.00023332999057532633	0.00526451519437275	-0.02146110437288986	-0.009247046708805967	0.008928562531761457	0.008855735505059241	0.006978468804492079	-0.0016749906893233685	-0.0056477480413329026	0.008043536482978998	-0.0038087756101816608	0.0017504857530799293	-0.007121190177008531	-0.00025428161832326154	0.002079738555145702	-7.501177493260903e-05	-0.00042157215908968885	-0.002272196568098567	0.006221658719180602	-0.0013972887536181419	-0.0015496464789261815	0.005273473254009027	0.0027507775519797525	-0.0009772558850863961	0.0015891142533409972	0.0008018043749098934	-0.0017407248237341808	0.0024289290115709606	-5.3393300188005565e-05	-0.001256008851166033	-0.0004879573546532833	-0.0010564821890874454	-0.001974821911158103	0.0019480472284758436	-0.0008391608141016182	0.0013423379904685903	0.0006659507511461389	0.0011441100854728435	-0.0016044783312391304	6.928644810960346e-05	8.91902306888848e-05	-6.463144783654385e-05	9.784716915326855e-05	-5.501583513259517e-05	-0.0	0.0	0.0	0.0	0.0	0.0	0.0	0.0	0.0	0.0	0.0	0.0	0.0	0.0	0.0	0.0	0.0	0.0	0.0	0.0	0.0	0.0	0.0	0.0	0.0	0.0	0.0	0.0	0.0	0.0	0.0
GCDF271	-0.018913109438009095	0.014204165961208584	0.006234877139425304	-0.011292991489420366	0.0028616831236190727	0.001402012718437045	-0.009845483960454537	0.005959764726642908	-0.0018343581541970574	0.012041076801259128	-0.001332119167456548	-0.00015125359494987448	0.0036958837253552456	-0.0013960509284198978	0.002468722228250332	-0.0035004562800160237	-0.004836607457673711	-0.00026102106711127233	-0.0002688869666260618	0.001640562334511079	0.0007848843997320265	0.007769254612881159	0.0020441856378267784	-0.000372471829923071	0.003558307805336287	0.0004930060165218546	0.0005449072698251363	-0.0007156904448147595	0.0032428738678407626	-0.0033934287398843708	0.0011960155669729097	-0.001995021711026516	-0.0017575210115949472	-0.003319628319764732	0.006315715304729634	-0.0010828078249766509	0.004934236925513855	0.0013616791081722498	-0.001038926625056693	-0.005394069579133596	0.0006250283754304304	-0.0006079794252760666	-0.0032161595120360226	0.004286608024717287	-0.0071344614972326005	-4.484667332803074e-05	-0.008500371906981939	-0.0037457052856240333	0.0019859390040446673	-0.0005243489349451316	0.0007094918309049699	0.0005751359566791452	0.0022689583590570443	-0.004600238979628696	-0.007782828414364479	0.004738307089680372	0.0017998875493117532	-0.0008836178077333556	0.007117400257398253	-0.008713662398031894	-0.00861946079962924	-0.006085134664287157	-0.01516419288570897	-0.006924534209080284	-0.002438003371948826	-0.011559170732053424	0.00424176653488822	-0.006341979782116627	0.009841014879043873	-4.4259543728041504e-05	0.005199184721686155	0.006334562922735102	-0.003914402277709047	0.0026103027302455365	0.011118286224838621	0.00033221794884266047	-0.0028931466915499957	-0.002237671614371264	-0.0030189071823978515	0.0002988610016893932	0.0017587870757517342	-0.001966779724660367	-0.002297456694837691	-0.0003981659563569207	0.00043278557907970106	0.001090677554135473	-6.0314855262856136e-06	0.0007303310792541404	-0.0006235411816056748	-3.1870236510536643e-06	0.0	-0.0	-0.0	0.0	0.0	0.0	0.0	0.0	0.0	0.0	0.0	0.0	0.0	0.0	0.0	0.0	0.0	0.0	0.0	0.0	0.0	0.0	0.0	0.0	0.0	0.0	0.0	0.0	0.0	0.0	0.0
GCDF272	-0.01751652443753531	0.010985484129171014	0.012028827961197993	-0.0071160137938196585	0.0016368241649243342	0.0025838332677161737	-0.010549557981328618	-0.004745286925005955	-0.0049964953817073785	0.014088941735388166	-0.009598609429670472	-0.001683805413774945	-0.0011041774149680222	0.002020124724071099	0.0004317028313149591	0.0015052379644107333	0.00014502886864645555	-0.004790307616483878	-0.003614193443799485	-0.0036084753131450775	-0.0037731012141296234	-0.002640409729665866	-0.004401635592896364	0.0008909461353807452	-0.0011279388007687317	0.0012855206532795867	0.00648555050328947	-0.003451695372299259	0.00035746406353470716	-0.0006321952060811877	-0.001181767636487251	-0.0014374363277263119	-0.0007084135313368412	0.0003966701620028817	-0.002983822882588607	0.0005959246353221635	-0.003630059345491636	-0.0024838202717136658	-0.0041261567929632495	0.0020709850488682662	-0.0004468474044216166	-0.002585201901713204	0.00406167414142218	0.0008309689216339941	0.0017521660274760504	0.003980225996394711	0.003714693348700344	0.005583957544669425	-0.006730211715251499	0.002254381478040691	0.004294293186503753	0.0028915077705282876	0.005060106347610763	0.0005454123513571538	-0.0002560352331266626	-0.006473229090712797	-0.004964970485922017	-0.00572728545926094	-0.004206595425127223	-6.011859873951759e-05	-0.0009297530193994701	0.008040900744991341	-5.978545050510168e-05	0.0009259403614406251	-0.0026275936850858155	0.003522751595844798	-0.003582108679602031	-0.002375404109245097	-1.684654769276731e-05	-0.0003499312314164061	-0.005982696395826724	-0.0018216511417885467	0.0027550425339981487	-0.0017833360252004526	0.0028124786055904656	0.0012297790966797621	0.0025795354741120526	0.0004059357657800539	-0.0014807261877377135	-0.0020488962767429447	0.0020366927119185086	-0.0062498246776245235	-0.007011328982930258	-0.006527273248081428	0.0004840232067107533	0.0038191407805116726	-0.0023134307090136473	-0.0013849930783307017	0.0008717767761205579	0.0002569260046600554	-0.0	0.0	0.0	0.0	0.0	0.0	0.0	0.0	0.0	0.0	0.0	0.0	0.0	0.0	0.0	0.0	0.0	0.0	0.0	0.0	0.0	0.0	0.0	0.0	0.0	0.0	0.0	0.0	0.0	0.0	0.0
GCDF273	-0.03902707908085684	0.0402645337327031	-0.01760222436014997	0.004699849721585858	0.0060085244779203	0.0005417433180994298	0.011926890166372836	-0.008802418473529276	0.003864120994901469	0.002809156040532828	-0.007632881148152273	-0.0031816481548206078	0.00916622823399326	-0.011435281048701392	0.0010874954667962461	0.0029954744308773487	-0.0019147387738097563	9.303221732177184e-05	-0.002413787346515878	-0.004085856533132406	0.0014338759461300229	-0.0005682084022102321	-0.0028543846006838266	-0.002834199579162169	-0.008528520504656556	0.0005231452705030215	0.0052781556818479085	-0.003330607382860077	0.0005087083542336601	0.0013754100577768825	-0.0009571505641403579	0.0021773979846494078	-0.003919946605429945	-0.0009845826449354981	0.002628396188068366	-0.0004229278243103209	-0.0023589564555750986	-0.0005123032836321113	8.814323790985459e-05	-0.005499962789486515	-0.005140493736742962	-0.0029521824394935984	-0.0024316374094150816	0.007621034925817427	0.00314707784165063	-0.008086657346829567	-0.006126702072420107	0.007758161399260732	0.017450858395830274	0.005617136607761685	-0.001014215887630021	0.004656226783815151	0.0012744285400393674	0.00038586461306776146	-0.0070239062410195575	0.0011218569276486823	-0.004470030148328519	0.001802068035331057	0.0007959394624424932	-0.007287156266355854	0.0025533860545562683	-0.0031762946381209464	-0.0026637820299630446	0.0035027200297061667	0.004539503047012452	-0.0008374396521087184	-0.00273508484332304	0.0006404975310196237	-0.000299949754780671	0.00849946732140996	-0.0035371900151243306	0.0035733096357309178	0.0049153256818534425	-0.0021853283579706295	-0.0004355167948002456	0.002311084958621239	-0.0035340304277042644	-0.002192943809388905	-0.0020601901453382444	0.0022895750463972023	-0.0018324860818616786	0.0010065893887461084	0.0011958492689864693	-0.000276936945483135	-0.0019880084662219433	-0.0035889564522776085	-0.0015622247166139907	-0.0020004672863994225	0.000636358703072475	-2.0890644781980176e-05	0.0	-0.0	-0.0	0.0	0.0	0.0	0.0	0.0	0.0	0.0	0.0	0.0	0.0	0.0	0.0	0.0	0.0	0.0	0.0	0.0	0.0	0.0	0.0	0.0	0.0	0.0	0.0	0.0	0.0	0.0	0.0
GCDF274	-0.020521393826413693	0.012900967107179778	0.002034961040540116	-0.01703782358861218	0.0012633374368592105	-0.008452130328354821	-0.0009659539417303502	0.025570411474830308	-0.0026221105234580638	0.010869544281980554	0.00536099666535133	0.0031858404301770143	0.01502037540696647	0.005734123341356833	0.004658743137417036	-0.007641231747309928	0.005413778586319849	-0.006075290206510767	-0.0024236974142581966	0.002944664257137755	0.003329554844498681	0.01879122197566072	0.0028517413768313423	-0.0035483269378886037	0.009295739153047863	-0.00642258645494833	-0.0014372829076482298	-0.0008903838663174809	0.008556836279048135	-0.0007464912258154843	0.00013334520098354897	-0.0060929347373101395	-0.0037343511742319612	-0.0024186383084215343	0.002153211895920257	-0.0007882497762235103	0.0005270522028601592	0.0026491966945107193	-0.006731462792022433	-0.0025582782395489017	-0.001955758712356638	-0.001619314415573585	0.0022213923842855695	-0.0022503062155794307	0.0011706716671284567	-0.0012559406927252145	-0.001810578685758199	-0.001814004007565319	-0.006950903117975467	0.003866284859246718	-0.0016936052840054133	-0.0009472480015795219	-0.0010858834712794024	-0.006029630126949712	-0.0008661625614176551	-0.0037997171758782713	-0.003735029783304067	-0.0005083213649157073	0.002226847967540761	-0.001824517256521222	-0.0008184651857084476	0.0018018878698643531	0.0029755875091618572	-0.005038296673077362	0.00033787514969484323	0.00015145637282356955	0.002752077970469171	0.005591027545246191	-0.0013095710226331404	0.0016167280818258052	-0.003229312546100952	0.0019856064368928895	0.002950584188487651	0.00027700829241294095	0.0008570468083587	0.0011477366492844698	0.0003493021218449941	0.0017213663727616824	-0.0017792843850361454	0.00039836944577676325	-0.003480398598840601	0.0019315052204538427	0.000837750349876739	0.0027381855789347606	-0.000894895920848548	-0.0011473062663586696	-0.00010462208698179604	-0.0009761943193897815	-0.00048222131814396914	1.554531402394417e-05	-0.0	0.0	0.0	0.0	0.0	0.0	0.0	0.0	0.0	0.0	0.0	0.0	0.0	0.0	0.0	0.0	0.0	0.0	0.0	0.0	0.0	0.0	0.0	0.0	0.0	0.0	0.0	0.0	0.0	0.0	0.0
GCDF275	0.015214507544666554	0.017261465327622464	-0.0030896434080542705	-0.05394413492168564	0.054121998517608266	-0.004945097524798393	0.02548220315994293	-0.0012226569651705447	0.012877218601968417	-0.015720986756480117	0.007095255556242158	-0.011403307833469436	0.008709268957538326	0.042088906674475304	-0.04219330837760361	0.001696941120694514	-0.008542689546715995	0.025302762397053678	-0.029205843549800548	0.008892443033655977	-0.042660829539926004	-0.01690152450149213	0.02339909163390696	0.015744858078005044	0.0003559708851191273	0.007246200901435436	0.05500277258449655	0.007131975712704475	0.010631635048318376	-0.003604734225757215	0.014885935259329039	-0.0044381896452482346	-0.024621739362176296	-0.017488039090055054	0.00012731877100615222	-0.019028297298519466	-0.0168505364390456	0.003943119005176922	-0.0002431690449120739	0.0013195753778826361	-0.00989411633324884	-0.0042047515437634376	-0.006350094406432629	0.0015792574610119141	0.002084294016114794	-0.0066576153400396245	-0.001075199253204531	-0.006374091038358756	-0.0034609842778676107	0.004684629590770458	-0.0030979493062709288	-0.00338372665421485	-0.003960406550548704	0.002101443684143676	0.0030187419895601705	0.003863328188720398	0.00037041125487434533	0.0005978051608801615	0.00343703936766818	5.5966454628023784e-05	-0.0002999262806975907	-0.0024007270567605633	-0.0013930446087396914	0.001579036263042704	8.28920117291991e-06	0.0002644071537507601	0.00023552449808881033	5.2573662029751304e-05	-0.0007724613043305641	-0.0013950472320313886	0.001270638683283669	-0.0015870147390579265	-0.0006337794727420673	0.0011873509772256444	-0.000991910741419966	-0.0006860880239418502	-0.0006815933615251072	0.0006322126990646767	-0.0010835918776441553	-0.00106942889284848	0.0001383297281787249	-0.0003629637263980966	-0.00023745593997706542	-0.00046412116170318297	-6.119684809633674e-05	-0.0005387711423322152	-9.81019532430295e-05	0.00024290261220221175	-0.00021797453172873877	2.68167303628484e-05	-0.0	0.0	0.0	0.0	0.0	0.0	0.0	0.0	0.0	0.0	0.0	0.0	0.0	0.0	0.0	0.0	0.0	0.0	0.0	0.0	0.0	0.0	0.0	0.0	0.0	0.0	0.0	0.0	0.0	0.0	0.0
GCDF277	-0.02948820852428208	0.027917064573237844	-0.010567386865408023	0.0022761216621120495	-0.002031005590972516	-0.005181392582281418	0.0028813984001916657	-0.007489657012794238	0.00042108088013053464	-0.006113326247765972	0.0010101385106616805	-0.012691975545848323	0.004809027867634717	-0.0072784830413998485	0.00483622364903561	-0.004691790524589883	0.003536262856027244	0.0003949031370166106	-0.0002913041169648469	-0.006197353795823815	0.003652835229497881	-0.0021977425157666077	0.0008682045057240303	-0.001716216197750121	-0.010406090017382689	0.003982036077628686	-0.0005783573340580696	0.0013725186066541333	0.003819237139154883	0.005677764761066784	-0.0024227018057037713	-0.002998411712717329	0.0022594538502479964	0.004074544850328445	-0.003111746498768072	-0.0029438482941418088	-0.0012650543977667595	0.0009096746966229031	0.003020938300958879	0.0008673665011430649	-0.003810112320917933	0.0042877099005397224	-0.0010891565390465812	-0.002995749236005981	0.012255867678198643	-0.0025237182738566087	0.005219499932281928	-0.009680213923027382	0.0007052320321443416	0.0028712544002165237	-0.0010248648973173208	-0.008382631765092645	0.0017983053854516414	-0.0027434482392438746	-0.0016020175865671992	-0.006293881492845839	0.0031836013107504326	0.00966264659661005	0.003923937097102777	0.011157619790861687	0.0031986829049313434	-0.0010243814816504671	-0.007070715756611828	-0.002308539562406399	0.004507090163011183	0.005573804222399651	0.008023512131899542	0.002768422577431834	-0.003307510477914535	0.0006722661256362129	0.003183951916373771	-0.0003745133262618656	-0.008208751798032274	0.004165086720056495	0.004515664432047485	-0.0006661052592270962	-0.0009737864374295506	0.0054317526026483815	0.004214441220497033	0.008053797708822301	-0.0026912862171738793	-0.0012063377727682609	-0.0016255539819477042	-0.0024476452602414673	-0.0031868434114533813	0.00047893181224981926	-0.0006988304095978037	-0.0008625182844664594	0.00010212537389060084	1.0307070115292405e-05	-0.0	0.0	0.0	0.0	0.0	0.0	0.0	0.0	0.0	0.0	0.0	0.0	0.0	0.0	0.0	0.0	0.0	0.0	0.0	0.0	0.0	0.0	0.0	0.0	0.0	0.0	0.0	0.0	0.0	0.0	0.0
GCDF278	-0.02025759602332738	0.022572462841469763	-0.008564689632262297	-0.0002706014797440051	0.004496078800764417	0.009933745545360655	-0.006886867937660203	0.0020795984302565337	-0.006173152097921747	0.003065562361987445	0.0051167031717720525	0.0007457861552858302	-7.386943281895221e-05	0.004074386326739493	-0.004084853487784946	0.0026912590711925966	0.002620404270838606	0.001696521538583715	0.006793066993605838	-0.006671041875241755	0.007523439526290853	0.0010744269834757287	-0.0016250996617814823	-0.0028921846423835347	0.0026087654691694865	-0.0004614639556657491	0.0024537556922589136	0.000367795390354479	-0.002822412380179704	-0.0015141195881998837	-0.0005996073985943444	-0.001691379031618199	0.0019531116652423063	0.0009369540994211141	0.0016740781330568746	-0.002424649275454027	-0.0034802348712073988	-0.0022005745603521916	0.0019790377455670663	0.0036019139444626804	-0.006052369853081261	-0.004054331027108913	0.003169626434609029	-0.0037483542640471164	-0.002763566623122542	-0.006016402123228533	-0.00040515730029131483	-0.00618269386658761	0.0005832258716594054	0.0020406873478906423	-0.004679068543040492	-0.002918753029601434	-0.001776788322673936	0.0015290429482893836	-0.009405295685975354	0.008578107216490985	-0.00031246516003592467	0.005909604956624714	0.001299141453710511	-0.005174473229603468	-0.0020740399226203995	-9.75702096354315e-05	-0.0012433618983143393	-0.0008608605554938848	-0.001492358296277014	0.005043310243486259	0.008890743372128054	0.008391999669845617	0.00536909881879172	0.01115953180475441	-0.004862920582538366	-0.009438154328829372	0.003799733597701515	-0.008804475778883063	0.0021814314291840886	-0.0005973919731059361	0.0009218505970822062	0.0009670453763350727	0.0031388110822957197	-0.002496485998270704	0.00169207778851119	-0.0032672514971225477	0.002014671591615237	0.0007238183700258337	0.001098918407255852	6.187809075823793e-05	0.0009478089625859981	0.0009530084052598509	0.00119937790539359	-0.00012993891919164488	-0.0	0.0	0.0	0.0	0.0	0.0	0.0	0.0	0.0	0.0	0.0	0.0	0.0	0.0	0.0	0.0	0.0	0.0	0.0	0.0	0.0	0.0	0.0	0.0	0.0	0.0	0.0	0.0	0.0	0.0	0.0
GCDF279	-0.025042057882389952	0.017578814465840056	-0.002987995740415165	-0.003609424936143632	0.0019154593099712652	0.0018040963462142587	0.0001942311958142115	0.00073040939167623	0.0003641505018704964	0.0019170203476609935	0.0017382036308258208	0.0004519227320225166	0.001597592056574573	0.001135965713422986	-0.0006823361372490438	0.0021851387644659685	-0.0020128471052440013	-0.0017033874268061267	0.00023874607107462876	-0.005302779142017919	0.001450682775611456	0.0006810972327593481	-0.0023273764054149767	-0.001439297101842065	-0.0010282948642881297	0.0025057403307368643	0.0035673427512533094	-0.0002746408466110551	0.0008231202607124088	-0.0025341206240260413	-0.0005016385784948288	-0.0003485916398084867	7.517026453532785e-05	-0.002081535513701476	-9.505523247340702e-05	-0.001636170057876856	-0.0014908240349866461	0.0014201356859268432	0.0010805261068022069	0.001977108971426448	-0.002964504391201529	0.002110099191724453	0.004019431346232517	-0.002381854629887373	-0.002125953066298158	0.004878327118063064	-0.002239156055385643	-0.003168759948372699	0.00047055658050902275	-0.0017978791531570555	0.0026746308815160554	-0.0012518407499670584	-0.0007269072074374582	0.0026257389695055785	0.0017061020587437296	0.0025601904309786546	0.0038514895488005463	0.0046062150742416956	-0.0019558644614906693	0.001589113283288272	0.00534407647106959	-0.0023470824182360425	0.0018702621667973218	0.002250750610884348	0.0019465725617401712	-0.002321281538842896	0.0016426702715902134	0.001172170828618668	0.0046522865388456	0.0031696041024072094	-0.011084913506653079	0.00019730372896704714	0.0004682770619002574	0.0006857767923117906	-0.0024310213761546944	0.002104060609728835	-0.0019504584445655926	0.005106690606836714	-0.0038962013299990664	-0.0016377839101226264	0.0010511922979380365	-0.0006845787833572692	1.9186910871273954e-05	0.0007214494698824463	-0.0028118505998003204	0.0037395102318589384	0.0010759173816048075	0.0010681931611527299	-0.0016945429793296342	-0.0002575812912129506	0.0	-0.0	-0.0	0.0	0.0	0.0	0.0	0.0	0.0	0.0	0.0	0.0	0.0	0.0	0.0	0.0	0.0	0.0	0.0	0.0	0.0	0.0	0.0	0.0	0.0	0.0	0.0	0.0	0.0	0.0	0.0
GCDF280	-0.03538478452462649	0.036989286910662326	-0.01552025025745861	-0.0033028619155439955	0.006354048173504227	-0.0017505532632954197	0.0074810958659756455	-0.00956701228196203	-0.0013443226417034601	0.0002739782497250876	-0.001062408050727298	0.0003381521818114655	0.007764837905800408	-0.004848060306307478	-0.00030105266176160336	0.0025513862042782563	-0.0013161114200732397	0.0008799286952201141	-0.0015646503309879728	0.00020371554158377962	0.003111083000616584	0.002589134944988921	-0.003038689095063524	-0.0006876603855504485	-0.0076737123907434195	-0.000812497093256557	0.0019373424252462522	-0.0006088334624312117	0.003531539182860135	0.0030945519690890725	-0.0060797786025973055	-0.004285448067628568	0.009566177649136809	0.011550221275966019	0.003673719165207516	-0.005616958365050081	0.007009001534571081	0.002411523445384065	-0.004803830720155322	-0.004720720079375831	0.012287027094632657	0.00658747216337429	0.012559268573546235	0.02862110128153657	-0.005694668916159118	-0.02057561466901333	0.004947867451614869	-0.0031054491137289197	-0.008815973368950656	0.0004772485241555383	-0.02277350417961447	-0.007283915498024681	0.008192800163763168	0.0019989891480877383	0.014335743605301002	0.004601475017363866	0.006193011806680445	-0.008305320592308485	7.156813731218788e-05	0.003088744668940233	0.00614831127845048	0.003950168680720551	-0.0018478991339843424	0.0022615028625197035	-0.004893597500225659	-0.0012269543829781322	0.001487723333510992	0.0021949346540622635	-0.0009006818362899734	0.0016196962103336063	0.002533359382320709	-0.0019298159012969608	0.0024396241047579433	0.001621367990978265	0.0011333667070325473	0.0034701732781215735	-0.000988276890182375	-0.0016895572320822327	-0.004374922819151602	-0.0005065834343972816	0.003220948579236187	-0.00034012761835096447	0.0004619536964840071	-0.00021023894636186077	-0.0007854843411363271	0.0007625158506918954	0.0015314631169299707	-0.0005740701299704426	0.0003262000323850928	-3.9796347313932554e-05	0.0	-0.0	-0.0	0.0	0.0	0.0	0.0	0.0	0.0	0.0	0.0	0.0	0.0	0.0	0.0	0.0	0.0	0.0	0.0	0.0	0.0	0.0	0.0	0.0	0.0	0.0	0.0	0.0	0.0	0.0	0.0
GCDF281	-0.04164412077068888	0.051295601420818765	-0.024680768566044495	0.01359836363533073	0.008371123246405546	0.00413383517941006	0.017197403665214363	-0.008865667407548282	0.004252665793834674	0.001606906774743334	-0.01312732980847788	-0.006497171370993279	0.004979171429110417	-0.010303765448001313	0.0022957449898392307	0.00015634404397441224	0.005102469101256023	-0.0019692960749332013	-0.00494507424916537	0.004855546639858814	-0.008149180021111346	-0.009289656014125233	0.0059896632493145205	0.0028308987166512367	0.004284012927142739	0.005941817384352131	-0.005741473265429749	-0.0019534391321372516	0.0056643995285264315	-0.0017391679660302432	0.004381508614364948	-0.002172614687381274	0.0013070623667406683	-0.0024222223204726804	-0.0016168042574144057	0.0007347047975626619	0.0018789637969149316	-0.000994762970922353	-0.003158776839696934	0.0014804232281885666	0.0010890356284908166	0.0004113011759002467	0.004964915387750824	0.004522407914947461	0.008304621771091102	0.0033444942306218185	-0.00033235733365212647	0.003237226085280371	-0.006721941917342935	0.005552370148328551	0.003776304058900642	0.00626715176387777	0.0013116402069248405	0.0095261576655257	0.010909618065028782	-0.012552615434615933	-0.013047998177298686	-0.005572673459809181	-0.0042377129382420425	-0.007108443343003573	0.002016830277648717	-0.0035766360756846736	-0.006815540508477372	0.0014661876557329281	0.005845964656454667	0.010272035137683594	0.003860782196320674	-0.007754931767637349	0.003400002486264213	0.001841196891079488	0.003516305013114921	0.0039084912556471224	0.00010120084805706035	-0.0007927775168951526	0.00026571806555859915	0.002267613871649207	-0.0010978004767960513	0.00223408239453427	0.0009861167180113294	0.0008172901567771648	0.0006591377377871492	0.003709249365602324	-0.0017734641076861855	0.0015428810646701146	0.002015584954417259	-0.0011399233163971927	-3.473418063427162e-05	0.0012453524502694326	0.00042405127179491806	-0.00016393876516141803	-0.0	0.0	0.0	0.0	0.0	0.0	0.0	0.0	0.0	0.0	0.0	0.0	0.0	0.0	0.0	0.0	0.0	0.0	0.0	0.0	0.0	0.0	0.0	0.0	0.0	0.0	0.0	0.0	0.0	0.0	0.0
GCDF282	-0.025617179814066113	0.02537296850359481	-0.00648897635531404	-0.007836959624081874	-0.004179547811411654	0.0059732019220333265	0.00982833158474961	-0.0026278627381900767	0.009422455611189255	-0.007862694530887629	-0.009652572872034504	-6.224899596110427e-05	0.0058977676786653565	-0.002837965718961485	0.0017345492022604794	0.010422714245808061	-1.4734802981213873e-05	-0.0036370345427430505	-0.0024388972176174668	-0.0031809877543794345	0.003666836311511021	-0.00020735509173203494	-0.000557161968047885	0.004919471598172554	-0.006814839914749775	0.00342585428752605	0.009646711286801064	0.002969897851483621	0.003682470550357402	-0.007524364630152783	-0.00013055876336392946	-0.0020274305967635862	0.0013186884509957912	0.003030683256329865	0.007893762440911396	0.0030025977541329307	0.002631985079385195	0.002585974875741624	0.006631919819481851	-0.00827742798157746	0.0005622402365195125	-0.018021373502410117	-0.003501731896328964	-0.0020018448889240884	-0.0025112873160016017	0.01239702733168536	-0.0011316795257999585	0.008331772859640818	0.001383848954412601	0.0038832792739549996	0.006301425246939976	0.01222745496240318	-0.011845619477969247	-0.02165230353420102	0.01883816513867674	-0.0005894337058500735	0.006183676738098181	-0.004405272942905306	-0.0068184069974710805	0.012540945144346888	-0.005798888854691612	-0.0017798634001515972	0.001875985986419041	-0.0008366038035005772	-0.003377199336405393	-0.0002005375531091942	0.007138503155899018	0.006229563029174849	0.002125057866565158	0.004156140771252704	-3.66911467980231e-05	-0.0019432665152904233	-0.001660565480263414	-0.0029996232180739333	0.0008315344512482661	-0.0012385402265084877	0.00028330244071508637	0.0014379930844113313	-0.0030883507982629476	0.0032153920785264255	0.002966857847385421	0.0013302349336279035	9.707485758194609e-05	-0.0006761304554176873	0.0010049080346000592	7.131390189818249e-05	0.0004919497853391251	-0.0006244579709345887	1.936478169028177e-06	0.00012860174240094286	-0.0	0.0	0.0	0.0	0.0	0.0	0.0	0.0	0.0	0.0	0.0	0.0	0.0	0.0	0.0	0.0	0.0	0.0	0.0	0.0	0.0	0.0	0.0	0.0	0.0	0.0	0.0	0.0	0.0	0.0	0.0
GCDF284	-0.025109855692678897	0.026424034698043122	-0.008498789625291141	0.005577863294251236	0.0035020724557271394	0.006390809013645744	0.004286929892924832	0.002780000582127654	-0.0007998635267060409	-1.062179168221535e-05	-0.0040611170344268185	-0.0015880445560021977	-0.0075911284563217486	0.010117141162291121	0.003212580621077479	-0.0049322788580112385	0.006377190594845598	-0.010390818963977609	0.00020945893495703452	0.014046665205510551	-0.003984899601294504	-0.01139318212019644	0.012170028281653679	0.0013472638666846078	0.010876815402915687	-0.0012285422070766655	-0.010409988785604759	-0.002527987287547564	-0.0012205696823190005	0.0019911625237717004	0.004678939656717784	0.0008584943806605334	0.0003245359289290153	0.0035139538322484357	-0.004721367735281359	0.0029110972249266117	-0.004425821461860592	-0.0016346265016296503	-0.002389123754634278	0.0006379481630144823	-0.0036664227643051456	0.005467157437483053	-0.0022524281301979174	0.001592054965259559	-0.0034427855061061295	0.005030919742145143	-0.0010117515734545386	-0.003025919964666661	0.0002779799511620768	-0.0002465781365333474	-0.0017398970214064	0.003529639825902494	0.0005304663832508417	0.0022739913080381123	0.00013552272979017838	0.0015237744699082422	0.00205165584146085	-0.00025494119485033623	7.246372131362333e-05	-0.0019903677165532215	0.0005067063719015809	0.0015005581989591557	-0.0014291365153325328	0.0011188219727575298	-0.001355955619879731	-0.0011087718687921803	0.0021684815402157483	0.002555691597858639	0.0009437844037938713	0.0013891261281352148	-0.00637493514393383	0.002396366365263225	-0.00040546838780956227	-0.0010020631263558603	-0.0025950303423369807	-0.00027856717545609195	-0.002349764691588118	0.0011028289483658391	-0.0028944288995302733	-0.0012074181393884145	-0.003213899176151608	-0.0004565413790729008	-0.0002554309689399172	-0.0011599464346144512	0.002273577896413383	-7.167238322603392e-05	-0.00017841341099340436	0.000915987132121779	-0.00319238998780902	6.090726370568942e-05	-0.0	0.0	0.0	0.0	0.0	0.0	0.0	0.0	0.0	0.0	0.0	0.0	0.0	0.0	0.0	0.0	0.0	0.0	0.0	0.0	0.0	0.0	0.0	0.0	0.0	0.0	0.0	0.0	0.0	0.0	0.0
GCDF285	0.022148156803874195	0.0071033282780255695	0.010785569032295115	-0.06207355023267479	-0.028971839869239867	0.007991839546819868	0.008589688789909816	-0.019761467913033844	-0.000571408573522181	-0.094608561551755	0.004602476662420874	-0.01875299758446331	0.01213334645272645	0.0049895902261889976	-0.015915985967754127	-0.08162375050949333	-0.0039449315452211595	-0.052267210852352794	0.02266768929052344	-0.029907706065303248	-0.018273073943652435	-0.0008000923368356584	-0.010517436969735627	-0.038273296699967756	-0.013942827854418558	-0.012543335831719944	-0.0057702195446231695	-0.021699966964214334	-0.003210695262875864	-0.01504417916535272	0.008808555690881759	5.577309283384302e-05	0.009809346474658408	-0.007456357872558047	-0.013421811876262934	-0.027561652986613488	0.0029401062255778334	-0.004844470960285852	-0.006893304764445776	-0.007841073384882644	0.003215253891314686	-0.00982359239274337	0.002342675038401831	-0.002359057735648301	0.0003500535690643971	0.002769436721521291	-0.00034465106827105105	-0.0011041105294912425	0.000826074329373978	-0.002073106049355034	0.002062263753985949	0.00016766040888748139	-0.001201551584005977	0.0016710099753752636	0.0014723125920483244	0.0008944966461171669	-0.0008731128812445867	0.0006869931145807489	-0.00010896425528417692	-0.0002592273923142399	0.0018660244605892397	0.0008455751275617538	-0.0005090275585802068	7.682007070905929e-07	-0.001670526543967976	-0.00015334943434433792	-0.0008754837250918429	0.00034122984200067103	0.00034794459425803654	-0.0006695348621097851	-9.191139615800772e-05	-8.417442656358423e-05	2.092139806475537e-05	-0.0005981524711171934	0.001216654239807788	0.0001278727578632356	-0.0008182535982928019	-0.00013053634387413633	0.0004884986316631381	-0.00047246930760262273	-0.0002113663336359835	0.0002135358587992454	0.000739243299665177	-0.00019207113855812646	-3.7331068377165704e-05	0.00015082778259752522	-0.0002774628043644896	-3.987847758991508e-05	-3.910188937566098e-06	-1.0652933776815286e-05	-0.0	0.0	0.0	0.0	0.0	0.0	0.0	0.0	0.0	0.0	0.0	0.0	0.0	0.0	0.0	0.0	0.0	0.0	0.0	0.0	0.0	0.0	0.0	0.0	0.0	0.0	0.0	0.0	0.0	0.0	0.0
GCDF286	-0.01265975093523369	0.005127809803680706	0.004356749470873259	-0.006991926995738517	-0.01119009370339434	-0.010490684042797582	-0.011052342553467069	0.0004543325648860094	-0.0039395826882145865	-0.011638536829812812	0.011060036424613945	-0.013400155062598585	0.001637320154402173	0.002017821090041503	0.0034740899038023104	-0.005360071405403853	0.004723335673735103	0.0008662574942379519	-0.0012520992768083477	-0.004570372636647361	0.00013739216616021773	-0.0005061725122851176	0.005386572873917024	-0.0008597476919421038	-0.0032446351497280547	-0.0005805658947292519	1.4563060116816276e-05	-0.001601556912667349	-0.0003461089534554184	-0.0008635452978143703	0.002814340763636444	-0.002049480389030661	-0.0024795640441823415	0.001705361017126217	-6.724280559507219e-06	0.0026759232715719197	-0.00038075480241958	-0.0035008290637305456	0.005984513336144469	0.0004899764972100572	-0.0006905827981858027	-0.0011292648762931342	-0.0014734447979546557	0.0007223966586374667	0.0006263965988044175	0.0009776820697025186	-0.00042116386739843845	-0.002599321827062316	0.00030613578696093085	-0.0027884678565458358	0.0006936920338806819	0.0022946126070321755	-9.21544455644683e-05	0.00318398762145185	0.003789809967634474	-0.0005341074121762413	-0.003539956600610001	-0.001317873107268434	0.004280578800879461	0.0006231249201688121	0.002959597130773176	-0.00018841880216413932	-0.00019992261582910004	0.0031582414798412327	-0.003081208743722641	-0.0026436462150586527	-0.0030728882755274934	0.0030994217781021138	0.0011644080888251862	-0.001720234841002559	0.0030405089254093532	-0.0015902458272830096	0.001140466227065892	-0.0011392484444088203	-0.00048701105659311277	-0.003632846575249078	-0.00447011171159841	0.0019501598900426554	-0.0024131037981968612	-0.005266145730957043	-0.0036076648057856643	-0.0005659405864363505	-0.00300500995995671	0.00033247578306900985	0.0029441020421320375	-0.0008998188431146548	0.002658196082972592	0.0013422878568855993	0.0019822329265534824	0.00043414620455060454	-0.0	0.0	0.0	0.0	0.0	0.0	0.0	0.0	0.0	0.0	0.0	0.0	0.0	0.0	0.0	0.0	0.0	0.0	0.0	0.0	0.0	0.0	0.0	0.0	0.0	0.0	0.0	0.0	0.0	0.0	0.0

Biplot	0	0

Site constraints	0	0
