Eigvals	121
2.829927160236426	0.3158808262996018	0.09953225297098461	0.03254976031270432	0.027803207753104756	0.020494743966265286	0.012998733918502134	0.011778222480621658	0.009505218657126238	0.007381108302685083	0.005512519050871426	0.004794445107673559	0.0038083515872098517	0.0036421521567998744	0.003385636063539324	0.0030768983278883083	0.0025128969924320954	0.0021640568450028153	0.0017868396194971325	0.0017018293908386828	0.0015643581558022412	0.0015053446572048138	0.0013056791757109054	0.0012955852257692147	0.0011771058362703376	0.001146732140406641	0.0010942686463146186	0.001020645127677285	0.0009569724665996406	0.0009339732196706368	0.0009171780147038228	0.0009134131112728463	0.0008844723381764459	0.0008312760289068655	0.0008090375834688269	0.0008033251093116673	0.00077007262426544	0.0007444794744689272	0.0007374738207376692	0.0007227818402123322	0.000716725388968056	0.0006942165991962216	0.0006790433812978124	0.0006758365020771919	0.0006438749630702737	0.0006213633664586438	0.0006186993400001952	0.0005908574542538055	0.0005865317972367614	0.0005487534442430995	0.000534786072205087	0.0005249042002875804	0.0005168623752346942	0.0004926863167748517	0.00048565703846165423	0.00047009040846626314	0.000458241102690873	0.000432499937330017	0.00042590691745250707	0.0004204820923072992	0.00040376038135815737	0.00039773219127932466	0.00038479631491103287	0.0003608492528291489	0.00034772514032106684	0.0003295523050905073	0.00032335067422476697	0.0003177757833554604	0.0003081426734824667	0.00029598648265648654	0.0002641224386075279	0.0002525423199642178	0.0002445178536628162	0.0002364712622346971	0.00022898541794144872	0.00019443991768500419	0.00017786783950745667	0.0001707656896057974	0.00015639480541330313	0.00014174366753898866	0.0001304339096022839	0.00012525246875314845	0.00011344358173946971	9.891892098203188e-05	7.611629814172798e-05	6.787494521776083e-05	4.3872098270830414e-05	3.2359917681586245e-05	1.289875687297457e-05	0.0	0.0	0.0	0.0	0.0	0.0	0.0	0.0	0.0	0.0	0.0	0.0	0.0	0.0	0.0	0.0	0.0	0.0	0.0	0.0	0.0	0.0	0.0	0.0	0.0	0.0	0.0	0.0	0.0	0.0	0.0	0.0

Proportion explained	121
0.823192208619533	0.0918859816308516	0.028952750552497516	0.00946833878212361	0.008087623002661986	0.005961677667093126	0.003781177351128515	0.0034261450660889622	0.00276495524327122	0.0021470767626540896	0.0016035263367573693	0.0013946471530246669	0.001107804256704992	0.0010594588158353874	0.000984841330154249	0.0008950331887766736	0.0007309718971921306	0.0006294984404005849	0.0005197704285434129	0.0004950419624302589	0.0004550532124788824	0.0004378868864577125	0.0003798065687005864	0.0003768703585171762	0.0003424061109252607	0.00033357076345296555	0.00031830975596827053	0.000296893548595518	0.00027837192753131713	0.00027168171969059983	0.0002667961939904633	0.0002657010282865072	0.0002572825010328262	0.00024180832631435917	0.0002353394265936771	0.00023367773569074891	0.00022400498262773195	0.00021656023924261888	0.0002145223777566801	0.00021024865507307685	0.00020848690531985854	0.0002019393656425189	0.00019752565672125698	0.00019659281363416562	0.00018729558144540983	0.00018074722529170183	0.0001799722916273428	0.00017187341765569314	0.00017061513539188614	0.00015962586108269768	0.00015556291840412297	0.00015268839919975311	0.00015034912777975507	0.00014331659943806797	0.0001412718658417591	0.000136743718012824	0.00013329689566032334	0.00012580909630506597	0.00012389126510760627	0.0001223132478867371	0.00011744910072368028	0.00011569557180791904	0.000111932678971782	0.00010496676295736124	0.0001011491144632577	9.58628524772519e-05	9.405887169599909e-05	9.243720213785615e-05	8.963504485845753e-05	8.609895328866494e-05	7.683008122553348e-05	7.346156221345183e-05	7.112734024814444e-05	6.878668234618665e-05	6.660913912750316e-05	5.656026329297694e-05	5.1739642526451214e-05	4.967371145032929e-05	4.549339187728185e-05	4.1231549835899194e-05	3.794167554313102e-05	3.6434455924066706e-05	3.299939090941927e-05	2.877433955955845e-05	2.214132733154769e-05	1.9744015623027678e-05	1.276187245374925e-05	9.413115814905198e-06	3.7520952157027343e-06	0.0	0.0	0.0	0.0	0.0	0.0	0.0	0.0	0.0	0.0	0.0	0.0	0.0	0.0	0.0	0.0	0.0	0.0	0.0	0.0	0.0	0.0	0.0	0.0	0.0	0.0	0.0	0.0	0.0	0.0	0.0	0.0

Species	0	0

Site	121	121
GA11	-0.18710032580331235	-0.008596431240938797	0.0034383525742457738	0.00891709009756005	0.0031485109827093447	0.003648244974403496	-0.009927089206182835	-0.012074617206082505	0.01987067676351582	0.01408291392529784	0.02561328161409703	0.020926003264664386	0.017982943351234973	0.0012190212062726654	0.000391670079617487	0.006124614018343383	0.0053901579499540395	-0.00286227271475027	0.004367025111648086	0.0077690810825752805	0.004241534131389192	0.003838242812600794	0.0006069117605695287	0.0016848500006308093	0.0038735897248696523	0.0003460371809593807	0.0017643555725835756	-0.0002441956266763598	-0.0004883041150660634	-3.624763218376063e-05	2.0872926039533764e-05	0.00010361072133868967	0.0008712246946274843	0.0019558366564287714	-0.00023390302267612995	-0.0009250304546787209	-0.0002108785875759632	0.001930570885022235	0.0001699525626399607	0.0005458584806076309	-0.0002989769158781603	-0.0005760991273076642	0.00020242387853315285	-0.0002840262607806344	-3.941954616837037e-05	0.0002207023239846468	-0.00020069344334623434	0.0006728835173197619	0.0014961704875215804	-0.00012587729625588803	-0.0006184680683846885	-0.0013525630378245833	-0.00035225741844624654	0.0005861881792013829	0.0017289019610294346	-0.0012799705654414457	0.00020854479617199537	0.0004918887640160876	-0.0007852475585337442	0.0006729340510642866	-0.0002639467912991035	-0.00026655894471971643	0.00040280941909821453	6.726618950423978e-06	0.0002498527468845817	-0.0006436226016283717	-0.00014603487996829866	0.0013477956158883444	0.0002784340149291917	0.0004459276679043983	-0.0003115269537085788	-0.00033211822368713035	2.3639143501535712e-05	0.00034818070749157316	0.000569416761704731	-0.00027572815602101483	-0.0002629440410023205	0.000996971362687559	7.923254569057642e-06	-0.0001534443599256983	-0.00045148920652865	0.00011069692579577445	-0.0003097024963890636	9.244586897703441e-05	0.00025267361719228656	-0.0001894018103432913	7.139210925710309e-05	6.949711716232559e-05	-1.293904201214973e-05	-0.0	0.0	0.0	0.0	0.0	0.0	0.0	0.0	0.0	0.0	0.0	0.0	0.0	0.0	0.0	0.0	0.0	0.0	0.0	0.0	0.0	0.0	0.0	0.0	0.0	0.0	0.0	0.0	0.0	0.0	0.0	0.0
GA13	-0.20478516398414157	-0.012266738146359245	0.012755664445268865	0.019106889086639756	0.00040590173138016624	0.0038244324851568925	-0.00951715416544577	-0.0060401769529842145	0.006692026442750105	0.011375715744685343	-0.0010937401720941596	0.0023499769191591604	-0.010917115191138622	-0.0012269452634777595	0.003689430701584906	-0.0014485744103865657	0.002062527322342	0.001747009638083352	-0.004140679961925492	-0.00403187000311533	0.0005226651730837469	0.004551354297419824	0.0010385409561215317	0.011448584466437591	-0.0002966498682821597	0.0012850435352499154	-0.0007018338580150088	0.0021526856412357577	-0.0006735971165722585	-0.011337788712902565	-0.003988193731241836	0.00040655568424555996	-0.0017575503815864992	-0.002130275079313565	0.005754962519137738	0.002083066652535876	-0.0023722758292495953	0.00047707091873561743	0.0024624581264562936	-0.00323649643329855	-0.0008370764006095761	0.001417801517683142	0.003423524936944157	0.0033116538743227413	0.0016818612957231463	-0.0002678436301761136	-0.004872578547971616	-0.0035183951173264386	-0.002104917976370207	0.0019737573580109833	0.001379393898200537	-0.0009398445736696748	-0.001188820770309878	-0.0005791300981701854	0.0009456544040163592	0.00168431746803303	0.0026258506776977862	-0.0014255529013537526	-0.0010931156755472965	-0.0010652818965528556	3.9153274745212356e-05	-0.0011274903693066466	0.0006328133309016181	-0.0011527929252313626	0.00025092298579854473	-0.0018279329818774483	-0.0002519060360987181	0.0026333784664941814	0.0005446909102807439	0.0014951241237546856	-0.0003940717377945788	0.0004843938809209308	0.0020948318582414286	0.0018859976524542676	-0.0008286171471570517	-0.001202461898811333	-9.739813463669369e-05	-0.0008913587110659885	-0.001450416131752418	-0.0011520814436884132	-0.0004673678467393423	0.0006226376148310173	-0.00012727139271234028	0.00036637023835115053	-8.45784562036804e-05	5.903695460876771e-05	0.0002456940703823272	0.0002495557459298627	0.0003274217269131554	-0.0	0.0	0.0	0.0	0.0	0.0	0.0	0.0	0.0	0.0	0.0	0.0	0.0	0.0	0.0	0.0	0.0	0.0	0.0	0.0	0.0	0.0	0.0	0.0	0.0	0.0	0.0	0.0	0.0	0.0	0.0	0.0
GA17	0.2089902632100377	-0.021106054857818187	-0.003972355789990763	0.023419329192780617	0.007212000470433385	0.008252078172079338	0.004216951953560891	0.0018823342711444583	-0.008212485267003805	0.00715227319470047	-0.0019962702923643754	-0.0018351737431766674	-0.001687951017981683	0.0029291986144043118	-0.007293784336652788	-0.0004944364440717148	-0.00045054473116333933	0.006073836741841105	0.0006263692185424447	0.003560538351916451	-0.002950843928858981	-0.002826621781787249	0.0008833876027149096	0.0011571555298419511	-0.003297674550849504	-0.002620531667949413	0.004005967157726013	-0.002704896755135785	-0.004000539122611332	0.003677416625976592	0.002930445408996909	-0.0017253661099478881	-0.0007532573571790578	-0.004521681755414535	-0.0019441881256814608	0.0010531449375910432	-0.00016308932753506742	-0.0009244743096912031	0.0024941893816471496	-0.0026397107044855133	0.0025732156582600678	0.005074188428766035	-0.0019614938205160834	0.003898698499433111	0.002197326817801238	0.000767533384237356	-0.0015653322277991246	-0.0024536306181150063	0.002828487267834117	0.0011780351166429106	0.0005597550118771649	-0.0006068382003962362	-0.001722408770278324	0.0012923653769586936	0.00042605894055496615	-0.0015414753388827945	-0.0014000483698621358	-0.003696800447283708	0.000975293668824276	-0.0020571378653074473	-2.329680877608255e-06	0.0004718143167119577	-0.0027162408736174947	-0.0006601606102296648	0.000433308221674115	0.0004236911970014529	0.0009408135098333832	0.003473754885049361	-0.0006821052511699524	0.0016659756651426821	0.0008187101865511553	-0.0022575165761491577	0.00048410856190111615	-0.0031344408510979786	0.0016908341257931246	-0.0007178399643185782	0.00011045074300398332	-0.0011751892080703568	-0.000906114502792652	0.00037111579185962636	-0.00044867768471375534	-0.0007941352715335992	0.002209500135477068	-0.001833968995410251	-4.683692326479386e-06	0.0017778586252349903	-0.0012164142206640485	-0.00011480823766523701	8.690129378001023e-05	-0.0	0.0	0.0	0.0	0.0	0.0	0.0	0.0	0.0	0.0	0.0	0.0	0.0	0.0	0.0	0.0	0.0	0.0	0.0	0.0	0.0	0.0	0.0	0.0	0.0	0.0	0.0	0.0	0.0	0.0	0.0	0.0
GA18	0.20807248693105979	-0.01999250670489322	-0.004936581832851152	0.021521229986821364	0.003938573030642694	0.0008646498126072884	0.005947064044801318	0.0011138562284838162	-0.018762853180671783	0.015195595549056405	0.008831198285001854	0.007022746961485016	0.00023677573715874826	0.004455664184765259	-0.010098691072481515	-0.0025608981051146434	-0.004498152738519114	0.004716981018546015	0.0031157129389236685	0.009384847414505645	0.008746796961986795	-0.0014638815795478975	0.00945437945380747	-0.001697603445702459	0.0007403292325131995	0.0021107500252101645	-0.0007875725494890832	-0.00040986662182751797	0.0014006354757177392	-0.0010361703500293147	-0.002831821348917794	-0.0002383399418989513	0.0002486333940998109	-0.00018907015443340696	0.002063638975544711	-0.005392826418738906	0.00017588791521397392	0.0008646069644077112	0.0017703748412747932	0.003203671442626547	-0.0028416962062762672	-0.0011330523668108756	0.0005761108288138227	-0.0001386124956078013	-0.0005077588888968532	-0.0009360061017934014	0.0013330694870626887	-0.0011979304063503633	0.0005941901644654901	-0.0014213433497572234	-0.002974746930948745	0.0010059368372110713	0.000279065943163227	0.0006421983727473664	-0.0017681903631931173	0.0005503283906801061	0.00029903018420041793	0.0018355443693688549	-0.001491400352165549	0.0016584271565792067	-0.0003173293903177059	0.0035646544233593125	0.0006557161084372401	0.0013050597308070359	-0.00020431827073462845	0.0008744800546587935	0.0005529820096716123	-0.0017384150914756512	-0.0022588794237587543	-0.0015723800469927835	-0.00037782413980051716	0.0011739525549204735	0.0004601850902656427	0.0004428023036490953	0.001966363232857793	-0.00014743801576065706	0.0012360186250734955	0.0008959673564645841	0.0005691998862095282	-0.0016977331654629186	-0.0003165965412893064	0.0019758362098011247	-0.0009010757304448356	0.0005252149274084249	-0.0006927130001495094	0.00019068335374349083	0.0006671108917664875	0.00024828457660820496	0.00031594946574427593	-0.0	0.0	0.0	0.0	0.0	0.0	0.0	0.0	0.0	0.0	0.0	0.0	0.0	0.0	0.0	0.0	0.0	0.0	0.0	0.0	0.0	0.0	0.0	0.0	0.0	0.0	0.0	0.0	0.0	0.0	0.0	0.0
GA19	-0.1026791135298622	0.0196234540109748	-0.005408478956448982	0.01766397870017318	0.001290087369279557	-0.004053557598749347	-0.010778218567445768	-0.0012887615296346634	0.001158848437692168	0.0026211804099503036	-0.0037666769615611268	-0.005001180096022508	0.006820211014923206	0.0027467652166072785	0.004447109130946414	0.009021131252356247	-0.0031414680633642935	-0.0013206644419801535	0.004239045003699773	0.0006210282260112435	-0.0002037741678743432	0.0010211743252796115	-0.003104245028807151	-0.003843586024902754	0.0028865773138421077	0.006956686227311256	0.002168329755133401	-0.0024000497755583806	0.0007611952187201752	-0.0003365469057533872	-0.001026847894390527	-0.008691991441803293	-0.0029951682986648596	0.0012844522965275596	0.0028921159674458567	-0.00784894410588687	-0.002253542620564941	-0.0030022439459547355	-0.004118962312090963	0.0018784035731221576	-0.001383789932388386	0.0020430917061665436	0.010010214061657736	0.004948921726889922	0.0034333082350963074	0.0024843500239920924	0.0001362202769065505	0.001327361379457313	-0.0006317500820066858	-0.003174504124302975	0.0028207452273395005	0.0017201798721970289	0.0021612432423786057	0.0011047452997504526	-0.003643668988799043	0.0012164238841982586	-0.001688341640957113	-0.0010175385421449098	3.931742955946662e-06	-0.002207509466056285	0.0014548823920199118	-0.0007063403504407725	-0.0007622640902424519	0.0014820067148318763	0.0001739369707496038	0.00123338217316202	0.0010978362256817361	-0.0007668442036458843	0.0018310109668931234	0.0007128962845248968	-0.0009613795072035742	0.00019861479116738687	2.614142089711812e-05	-0.0010946457926755888	-0.00016702830128261894	0.0006982452247643982	-0.0004126682023699544	-0.00047747758664155426	-0.00031561453863021024	0.0007136525211039178	0.0009201772215034	-0.0009298623357197718	-0.00023517766074274683	-0.0004641882847443528	-0.00043688596963115106	0.0005765684344704292	0.00043280310948942664	2.930819885347999e-05	4.610259953246758e-05	-0.0	0.0	0.0	0.0	0.0	0.0	0.0	0.0	0.0	0.0	0.0	0.0	0.0	0.0	0.0	0.0	0.0	0.0	0.0	0.0	0.0	0.0	0.0	0.0	0.0	0.0	0.0	0.0	0.0	0.0	0.0	0.0
GA20	0.20953986955219445	-0.013791011575439641	0.0057340964693092245	0.015512470538320253	0.0037508324433036333	0.0053995878250125365	-0.0049791799173486825	-0.005924650948184046	-0.0006701531803136404	0.008533337707638108	-0.002422803856157467	0.001618787350222721	-0.001353770536157365	0.0010380897367542094	-0.008187798023534362	0.0017795802372767712	0.002326682198968353	-0.0003715218293600001	0.007301686559695872	0.0019598968087537853	0.004114643291448473	0.00034814836532897237	-0.00201315267647134	0.00041965667717984076	-0.0003686872810037301	0.002720433580157272	-0.003424560012301898	0.0017790978744424595	-0.004440856568566498	-0.0016448836525787113	0.00042858314553438214	0.00237875111122893	-0.003796512539642489	0.002477290700114934	0.001644358559212488	0.00231844308003277	-1.9046918538962123e-05	-0.00018351356823975807	0.00039555302496902423	-0.0016939672418615163	-0.004854560142739971	-0.0030450740423378824	0.001876497247153642	-0.001662636714050914	-0.0012134007326235852	-0.00040019169283007515	0.00256960210494879	-0.0002862136399462262	-0.0014324379016795075	-7.612495284908363e-05	0.002326956738836953	0.0024567913501474313	-0.003780333974724301	-0.0011459036099441735	0.0016452731763176066	0.0024529253068242655	-0.0006933525758282979	0.0017713630178708664	2.804077904092889e-05	-0.001165178803142073	-0.001006239303813437	-0.005628510960128844	-0.0010026931000468565	0.0001424781670774608	1.970700901053772e-05	-0.0005540236175252497	-0.0005031715558563426	0.0012058917061064296	0.0004900261097388352	-0.00040745902342302734	-0.0008953573196397136	-0.00046294384760256545	-0.0017307492719243352	0.00038210679340701647	-0.00144971322091021	-0.0007919495395644838	-0.003909310274106635	-0.0007953196663364876	-0.0003402126009644081	0.0027886917014115515	-0.0006608815762309278	9.868601116412999e-05	-0.00017508455512764312	0.000826357651083245	0.0013923163002839474	-0.0016324994120081762	-2.115186502432116e-06	0.0006611778052676177	-0.0003590510001397345	-0.0	0.0	0.0	0.0	0.0	0.0	0.0	0.0	0.0	0.0	0.0	0.0	0.0	0.0	0.0	0.0	0.0	0.0	0.0	0.0	0.0	0.0	0.0	0.0	0.0	0.0	0.0	0.0	0.0	0.0	0.0	0.0
GA24	-0.1524796988396569	-0.014973423782297688	-0.029483935392497933	0.031878039019346084	0.010021140258881059	0.010197255303991438	0.0020473811481929102	-0.022492053824897457	0.021393582554669034	0.014777648366294862	0.003910956680486124	0.017422426558147814	-0.01134546909946825	0.0012538068825973703	-0.0160933534989031	-0.01019063903145559	-0.0007075311334348355	0.009627839102215497	0.005107621144612121	-0.004802834350098456	0.000988321162597352	-0.010206181164313067	-0.00306470716422383	-0.006488580826691757	-0.0005729589811999918	-0.003337167889744484	0.0009949378249528619	-6.655947829137783e-05	-0.0006156107101654217	0.0032632687642276956	0.002909417231387058	-0.0008221709095885429	-0.0016309609853976477	-0.0014306925477711554	-0.001020206568812511	0.0008212036680631749	-0.0014752100624570677	-0.0008865905703625093	-0.0007693834369393912	-0.00041053842868448093	0.0014147924298392876	-0.002127620174025831	0.0008766284378593001	-0.003486135366394163	0.0018578548517502597	2.0789544867595236e-05	0.001202235176930206	0.0006326050349534796	0.0005075658719616527	0.0010684729320580401	0.002509395757217737	0.0009452651922114317	0.0025924535559370405	-0.0002463526992297493	-0.001460114726501096	0.000987963067359643	-0.0015218918715467608	0.0006376956299693752	0.0007229967799403898	3.088187752239925e-05	0.0004209700500342725	-0.00019411381292297415	-0.0006723837895601276	0.0008332406822485198	-0.00016129639423772017	0.0006606176774806592	0.0005731244829143666	5.585323343915341e-05	0.00037875059254689877	-0.0006334739227826219	-0.0003521095379533328	0.0010627643309881697	0.0006394679211244838	0.00023466775551009403	-9.491311589731505e-05	-0.0001971734082988233	0.000669535904010568	-0.0007558852995077994	0.00032756729008857167	0.0007809322647203723	0.0005819259993380008	-0.00048491890208153353	-0.00020310609846578892	2.0294358426886765e-05	4.5769639709028366e-05	4.0665292704121674e-05	0.00019540576143342364	-0.00033649218327498815	-2.252749661606223e-05	-0.0	0.0	0.0	0.0	0.0	0.0	0.0	0.0	0.0	0.0	0.0	0.0	0.0	0.0	0.0	0.0	0.0	0.0	0.0	0.0	0.0	0.0	0.0	0.0	0.0	0.0	0.0	0.0	0.0	0.0	0.0	0.0
GA27	-0.025383855338389574	0.015391631714031009	-0.014214160005739872	0.0028096139581728946	0.007879938854524864	-0.003914858019585045	-0.0074275520486885415	-0.004306854700695604	-0.00029660139907344206	0.0034038202361180055	-0.004330957758891633	0.001257562656745789	-0.004952158508571833	0.0024473110298789793	0.0011525564166940709	-0.0013097721052443723	-0.0025842624811215384	-0.00030865966744095464	-7.739651723320967e-05	0.00038645837414025936	-0.002920103188221721	0.002416378966166312	-0.0037520350901897688	0.0005472388915377216	-9.537206020031875e-05	0.003936307409063381	0.0007887769878346764	-0.00020760498161938106	0.0031248717779904242	0.00406735864896568	-0.0010742557326954194	-0.0028331263542644104	0.004183888969241715	-0.004100715734140079	0.002490879946051699	-0.0025160473377731523	-0.003090419342720692	0.0060950677162964345	-0.002659553881491805	0.0030497518783895103	0.0017219799138305373	-0.0010491311047278967	-0.0031228754580665216	-0.003088580115163814	0.0027580758497408064	0.0003896649299732338	0.001263304088592844	0.00021160874616198567	0.00025090832477078155	0.0044266212857037475	0.002245943372020482	-0.000497398387145074	-0.000660324244713514	0.0001971986675862063	0.000362927248711378	0.00308041220295025	0.0017931227404244102	-0.0005337324385543056	-0.0004732191596609637	0.0018862354224370654	0.0010204090970432815	0.002981249704964038	-0.002846550146027773	0.00024052297526900028	2.5552527788615057e-05	-0.0006520088554182185	0.0011669285325601293	0.0014972281750727497	0.0020556714176144515	0.0037636934495090366	0.002421930394272859	-0.002830189884631376	0.002353807220420827	0.001547854696892627	-0.0009129050626355122	0.0030614398678501862	0.00045893569741006296	-3.35041090878521e-05	-0.0008625324100681118	0.0011482224946483483	-0.0006447355562478818	0.0010942343445385755	-0.0011860335300749676	0.002882626110850319	0.0006981468874517747	0.00016944830756300663	-0.0010365536889255593	0.0008658644164245448	0.00015014075334100185	-0.0	0.0	0.0	0.0	0.0	0.0	0.0	0.0	0.0	0.0	0.0	0.0	0.0	0.0	0.0	0.0	0.0	0.0	0.0	0.0	0.0	0.0	0.0	0.0	0.0	0.0	0.0	0.0	0.0	0.0	0.0	0.0
GA28	-0.04986260273790526	0.017558712772566067	-0.0538564324843303	-0.01272331146873225	0.0051655436412100875	-0.005667481397098922	-0.016645438035186404	-0.016097695029940854	-0.015671566895306115	-0.006244711028093721	-0.01973631819662714	0.0075693795429984745	0.012873214183161334	0.03548207174369782	0.009024567903480848	-0.023318353361542057	0.009528350390493885	-0.004591979774166016	-0.003069362739050253	0.0025694302892934786	0.0001261323881469221	-0.0021748839842541776	0.0022747558775571366	0.001591595749777516	-0.003140882323402543	-0.0026645525861311984	-0.0013372089105536035	0.0012628056647876976	0.0010206698368105391	-0.0014879795482584338	0.00024866486629036594	-0.0005970583350007302	-0.001088936352992249	0.002147420621848003	-0.00044484259660444644	-0.0001240297664696534	0.0009366932682904556	-0.00027075603772699366	-0.0012739759342032747	-0.0001294393722054416	-0.0012044129138274946	-0.001635089237698595	-0.0001402782836868067	-0.00026868360873086853	-0.0003927435787092783	-3.086267651675844e-05	-0.0004817190645880855	-0.0013198336054607441	-0.0012949831416336518	-0.00020677147722697288	0.0002357413738589921	-0.0007462745077831688	-4.33460533365751e-05	-5.4358403647967316e-05	-0.00030656868944980997	0.00015389129898780272	3.7292365001449605e-05	-0.0002419722000509813	-0.0009145159100795954	0.0001226643021766146	-0.000409606797918128	-0.0004280844438978878	3.398366456637736e-05	-0.0005539808128512539	8.946369147857607e-05	-2.4186427573427075e-05	0.00013941718392814726	-0.0006637028763036023	-0.0005280745032278274	-0.0005245733018691999	0.0006221924301236634	-0.00015928971681134686	0.0005066419357273405	-0.00023553723354225982	-0.0003176885486295431	0.0002067792668645804	0.00028014497697423493	2.5744403017918367e-05	0.00039430097147685126	0.00025784667455386263	0.00030801409170466004	-0.0003124501386026649	1.5375207363185895e-05	-0.0004762851741938143	-0.00012871701084006662	0.0004918537337458952	0.000115105515602114	-0.00019182790343621212	9.683282233983288e-05	-0.0	0.0	0.0	0.0	0.0	0.0	0.0	0.0	0.0	0.0	0.0	0.0	0.0	0.0	0.0	0.0	0.0	0.0	0.0	0.0	0.0	0.0	0.0	0.0	0.0	0.0	0.0	0.0	0.0	0.0	0.0	0.0
GA29	0.20833018439645604	-0.018834402252948256	0.002277794554193179	0.024007736036705318	0.01290220527804365	0.007145763771728208	-0.014254586642450455	-0.005699932127292461	0.02604083975988503	-0.014862703092136767	-0.016454188673747226	-0.010650588754589414	-0.004491522347849246	0.0021942346225123843	-0.005547901432205122	-9.651052963368685e-05	0.0022348692257432284	0.008708800948804812	0.007238044138793999	0.011391573066446602	-0.0012632812838798942	0.0013150622750088684	0.0016025913782950622	0.0005275304709415631	-0.0043556789572300305	0.0016484836512695078	-0.0020349009640100823	-0.0010924610078449596	0.0023857610867663694	-0.0026720265331269975	-0.0013399077744567379	-0.00014197698252647626	0.0009493136303661662	-0.0012002704734602834	0.0010369560787996553	-0.0005692075938636967	-0.00016059619090719654	-0.0003106500610794813	-0.0021677361295137513	-0.0015937662048499893	0.0004863286686706863	-0.00044272560988656225	-0.0004668832763417746	-0.00017692992473757085	0.0001613349306074557	0.0026424199857979867	-0.0018157702419061101	-0.0003499437560155964	0.0014645892889648291	0.0005258664022012612	0.00031994822841856213	-0.0009828604923798297	0.0006909360143773075	-3.9876461861951884e-05	-4.21798979272411e-06	-0.0016824993214999	0.0009732980635435247	-0.00028470527284218456	0.001673160422762227	0.0006911551664410698	0.00019805472398024088	0.0009585612316410669	0.0009285925948498482	0.0006803970193459602	-0.0001833610134270231	0.0010412741920076555	-0.0014623332067201097	-0.0009885413552712676	0.0007483492348901294	0.00018078054550383298	-0.0002031641504561698	0.0007386321359092641	-0.0008495649388786152	-0.0005236630831526154	-0.0015595823973703655	0.0008052226231044947	-0.0003565298656747498	-0.00028913394343548567	-0.00044383825040657715	-0.000700335967470438	0.0006565317214377399	-6.345760156237237e-05	-0.0003287793689031395	-0.00030798511246279503	-0.00031215838913572954	-0.00019673023027174625	0.00034010971538930065	-0.00032248625084593585	-7.221439857676157e-07	-0.0	0.0	0.0	0.0	0.0	0.0	0.0	0.0	0.0	0.0	0.0	0.0	0.0	0.0	0.0	0.0	0.0	0.0	0.0	0.0	0.0	0.0	0.0	0.0	0.0	0.0	0.0	0.0	0.0	0.0	0.0	0.0
GA33	0.2100354757239045	-0.008021034592149286	0.018655021290620282	8.490575191912337e-05	0.004304642785803951	0.0039651785619088395	-0.010830835433700049	-0.00756261771847414	0.002388512406916363	-0.0019080391060321122	-0.006710625201494907	-0.002313745103347442	0.0009275392204790695	0.0020413025224895716	0.003052011552341836	-0.001492830698530399	-0.006832883686429722	0.0034103617536251373	-0.00573595245055019	0.007906251226355855	0.0005497981470937217	0.008344123353165821	-0.006974497598745428	-0.0029734980808174857	0.00764845564504272	-0.0031339466059236726	0.00733570328723022	-0.002253048831161068	0.0014665981150027807	0.00020959475445554381	-0.0016768115464785515	-0.0009811987386347922	-0.0025512212924114984	0.00261650586817387	-0.0031063109830246254	-0.001490138021473728	0.0017626140042717763	-0.00036127919141376596	0.0012126878012695048	0.004895592665746559	-0.002351944616233836	-0.0018250605467122086	-0.0023115327242155268	-0.0025323665270867647	0.0002752717978652598	-0.0012468996278880466	0.0013131502991810165	0.0003296472367763514	0.0003873690447700497	0.0019299341488882296	-0.002531294333454794	0.001955196072948212	0.0009198720571500987	-0.00013572113921407923	0.0008073060309598724	0.0008853077653204666	-0.001994328379457082	0.0015605072701482458	-0.0007174234749157987	-0.0019950531725215787	0.0014381046833842107	-0.0011011205457674231	-0.0022164109855472972	0.00019382607538089754	0.0010651790463393166	-0.001792962045634806	0.0003150212889595801	0.0015990077856844287	-0.0010700929848429103	-0.0005576493186498649	-0.001584872714048457	-4.473227029529771e-05	0.0012921685449155751	0.0005451873281061943	-0.0014601106258376039	-0.0005595527561313362	-0.0007074925000416849	0.0002649368578952878	-0.00039467380874397414	0.0014866542763329294	-0.0006310011242684874	-0.001407019529690241	0.00040242984584037847	-0.0006552939486546383	0.00025282729449863653	-0.00010411214608321585	-3.112254380590093e-05	0.0007564099595328284	0.0004583819596317233	-0.0	0.0	0.0	0.0	0.0	0.0	0.0	0.0	0.0	0.0	0.0	0.0	0.0	0.0	0.0	0.0	0.0	0.0	0.0	0.0	0.0	0.0	0.0	0.0	0.0	0.0	0.0	0.0	0.0	0.0	0.0	0.0
GA35	-0.033037094370828	0.025340908961194644	-0.012940889406692595	-0.012335122392095077	0.005917872695079706	-0.030218229764809226	0.005768173775309502	-0.006909692495804569	-0.0019336863364191918	-0.002231000836665586	0.0013131596444900867	-0.007719905733592344	0.008634077221287841	0.0023825029816948594	0.0005486310275824574	0.004508802589194481	0.013538500783273351	0.011049256589994887	-0.00018522833290462925	-0.004630237513117675	-0.006932798127192407	-0.002049559315641099	-0.006149653328290842	-0.0002682041821459222	-0.0025289822853752464	0.0015334965185746377	0.0019634848302460804	-0.0032063585293576158	-0.0011006200741266175	-0.0006935213855212962	0.0007348883070622146	-0.00028497739881306727	0.0016800301554452481	0.0006209160233170723	0.0007820893023380288	-0.0021593967859307446	-0.0022182352936260166	0.0018690348656144591	0.0021122484532207415	0.0003278744502406657	0.002761827507307984	-0.00010889823462325451	-0.00233181001519879	0.0011193785227936208	0.00010623550027663509	-0.001238197760787812	-3.406217287858806e-05	0.0003070053362124062	0.0025709986774692366	-0.000563609679490803	-0.0005749399728012232	-0.002968137572060041	0.00042023051932489744	-0.00044905323389717646	-0.0022090231141205286	0.0008229930445805094	-0.0017845403054907616	0.0013881342994349654	-0.0016394671942845844	-0.0004858468971234896	-0.0011968543071176761	-0.0008977328792266155	0.0005144111682466663	0.001216426576257527	-0.00021140599780969992	-0.001356790218215496	0.0012546245072009067	0.00031749785446993266	-0.0002535252068609453	-0.0006665787680489635	-9.325883994332734e-05	4.435626869915458e-05	0.00018507306964328006	-0.00029968725243778837	0.00014973314543318062	-0.00017043661433152792	-0.0006197058281256516	0.0013409907345447683	-0.00015058190184675326	-0.0008242116774234398	1.8284512794374597e-05	0.0003224461572921417	-0.0003336498915066353	6.176111101102237e-06	1.954946550035423e-05	-0.0007045859887175228	-0.0005138632763168385	0.0003369423500636604	-0.00043277724324999444	-0.0	0.0	0.0	0.0	0.0	0.0	0.0	0.0	0.0	0.0	0.0	0.0	0.0	0.0	0.0	0.0	0.0	0.0	0.0	0.0	0.0	0.0	0.0	0.0	0.0	0.0	0.0	0.0	0.0	0.0	0.0	0.0
GA37	0.06856571439923739	0.014404335690833967	-0.009228814946867383	0.00658645997076488	-0.017304624965926208	-0.004303353424775351	-0.00802280299020325	0.006336752714812211	0.002484649698795652	0.0038525163423267323	-0.002474925877745763	0.0011214386458204258	-0.0020452790380124713	-0.004838510738228646	0.003144399438382735	-0.005235087262266828	0.0005086882289870857	0.0014716902157460982	0.002890494151866201	0.0027707851042636637	0.0035354078973243025	0.00019847378761434024	-0.0020778903426893263	-0.005337719048499268	-0.007016096866695694	0.0030362833669384435	0.004424155015999395	0.0006892377607400705	-0.002748182306452251	0.0005801822283915595	-0.002092867961531237	-0.0016790058828057167	-0.0013132793484036697	0.002557735225230471	-0.0030558409968692675	0.003933798688046523	0.0010233707819323635	0.0006659191887233272	0.0007194329953323456	0.0007925687825062798	0.004082713129266309	0.0008304579208797528	-0.0010444288224257636	0.0016682040429796203	0.0006284497266132522	-0.0007006407976717533	0.0018331064277282802	-0.001093415494842543	0.002428429656910584	-0.0022790718386515294	0.002409111874499662	0.0017687685022965396	0.0016017726957931549	-0.002674575092146623	0.0005429753753931147	-0.002272689608995678	0.005174424471812752	0.0019362358233105963	-0.001878079927750922	0.0002858196353104336	-0.00047563341061149407	-0.0016051860369440461	0.0035947578279555458	-0.0007745135122686081	0.0025849467834312637	0.00021612859660898086	0.0006653918822533599	0.001533820884323253	-0.0007882682541064112	0.0022694582223426137	0.00042216808549706743	0.0011332752921247647	-0.002576669536847725	0.00029231322705592717	-0.0008429377815529697	-0.0004876517237723938	-0.0005611528704257989	0.001053717920904777	0.00031363985737774676	-0.00020203899253410154	-0.0028043583031048466	0.0002822512585181189	-0.0007747773569024881	0.001430524389558844	0.00011322956356236656	0.0014316614628279922	-0.00039479451007996683	0.0002456008722589064	0.00036584937302230636	-0.0	0.0	0.0	0.0	0.0	0.0	0.0	0.0	0.0	0.0	0.0	0.0	0.0	0.0	0.0	0.0	0.0	0.0	0.0	0.0	0.0	0.0	0.0	0.0	0.0	0.0	0.0	0.0	0.0	0.0	0.0	0.0
GA39	0.0731207711732852	0.023112238012356078	0.0034808536516727755	-0.005624124825850522	-0.01704526238936942	-0.002303350454492241	0.004405383513618891	0.006431815338150054	0.0032329320509307934	-0.0022023714438681582	0.0020113255215867625	-0.0001466444273930238	-0.0006410378547174886	-0.00012421392665836836	0.0006034440863724	-0.000768629343860653	-2.20182097115175e-05	-0.001361885298234357	-0.0003062467193343603	0.0036156675503479325	0.0023003949078442207	0.0043105252615160084	0.0012732771711925783	-0.003842526022767575	-0.001054550132377508	0.0019558000611625765	-0.00401246539218755	-0.0027307986175097803	0.004454059110900631	0.00013299992386695984	0.005154320663253159	0.001410279603940734	0.005169393596576679	-0.008632042910770424	-0.0014472106557528173	-0.00205732387029748	3.9421066477022476e-05	-0.00016641432314167166	-0.0006314752675320668	-0.0011035367357934036	-0.003203114713219587	0.0019024949190924035	-0.0005743643905965956	0.0009211088280783197	0.0019556350963617773	-0.0017527326644674248	-0.0019278480365671274	-0.0016384672164178613	0.0010555014748802596	0.00018063212094573077	-0.0013932673649559013	0.00695715042407389	0.002804748912995583	0.00011652625622119436	0.0009454156755359319	-0.0038365059557438044	0.0006026593964867931	0.003319493230873749	-0.00012061561318134614	-0.0009514460436537702	-0.0019608422251691767	-0.001638948527714126	0.0008939184625214726	-0.0012735311951001976	-0.0025724148664778503	-0.005187686046021266	0.001745942567076099	0.0006435413111040013	0.0016240506055188056	0.00240105872953292	0.00028211225029788073	-0.0030566171897350248	0.000938525572964134	9.166290600795446e-05	-0.0005953121661496804	-0.0016155094702997102	-0.00032147415568917155	0.001057724910681653	0.0004774997992514274	-0.0012758503894398138	0.002855342136945062	-0.0012984955063276519	-0.00022547210742479164	0.0002049127175981875	-0.0002469832182222103	-0.0007289167549619271	0.000932048535748865	0.00013888957436346418	-5.2934460598349966e-05	-0.0	0.0	0.0	0.0	0.0	0.0	0.0	0.0	0.0	0.0	0.0	0.0	0.0	0.0	0.0	0.0	0.0	0.0	0.0	0.0	0.0	0.0	0.0	0.0	0.0	0.0	0.0	0.0	0.0	0.0	0.0	0.0
GA40	0.21101523125488544	-0.0040662524105423235	0.024602138042030545	-0.006208812082361434	0.0007885158775258193	0.007573977598805466	-0.0018727349800353153	-0.0041955738501705826	-0.004866053614218445	0.004730479976683595	0.0019865811208820004	-4.836780632915759e-06	-0.001269109203073309	-0.0011504653635225663	0.003259394544047765	0.00017573894398498338	-0.005991156433114603	0.0010441778755195651	-0.002283871330245865	-0.0013609110710126313	-0.0027590478010584424	8.48742701027444e-05	0.001391240583613619	-0.0010379722890497493	0.001296964708047991	-0.000543444827600108	-0.004189680456887487	0.001899893272142953	0.003399599541214641	-0.0014947004204894161	0.0014899070336492088	-4.051248586717631e-05	4.031635785773863e-05	0.0008018693734278766	5.75406697645738e-05	0.0013858560219749316	0.0008750029521059096	-0.001364715211713502	-0.0012968681145083785	0.0021072760223091957	0.003539098436531833	-0.000576756220501205	-0.0018321133079774123	0.002107324058278678	-0.0001821393162933858	0.0007622105489655012	0.0023812309240198288	-0.0015698964149051286	0.0013045706216397955	-0.0012480895036439267	0.0015126169991261985	-0.00276656907050815	0.0010787268339579406	-0.0003627199196132181	5.4924055962935876e-05	0.0025720818143171982	0.003205141896945919	-0.0011863915133446406	-0.003908479488895717	-0.0016614950985133889	-0.0029773621591301863	-0.0005462137378365457	0.00016549390874056282	-0.0021224523926615065	-0.004575780141560136	0.0022408910922299013	0.00030735227506717617	0.0027227231183297495	0.0005903891745942537	-0.0014103628761194512	0.0006424006440381015	-0.0019224263264345947	-0.002390018656796712	-0.002187771436462083	0.0007032537592665778	0.0012522786110674396	-0.0014922446258307726	-0.0018576767790929784	-0.0006057537758014844	0.0019660990449302104	0.0022189369135811885	7.249049378429665e-05	-0.0015711515939685484	-0.0009855568651679317	-0.0025568032211865147	-0.000264656505802885	-0.00012392324050122382	0.00012192549338609592	5.345075321330916e-05	-0.0	0.0	0.0	0.0	0.0	0.0	0.0	0.0	0.0	0.0	0.0	0.0	0.0	0.0	0.0	0.0	0.0	0.0	0.0	0.0	0.0	0.0	0.0	0.0	0.0	0.0	0.0	0.0	0.0	0.0	0.0	0.0
GA41	0.035824650864218516	0.02456696447225184	0.0006004185654380621	-0.00541061976845703	-0.005076637608679855	-0.003586498473973734	0.0005866847047605411	0.006488932549623147	0.0003400299989546096	-0.004166683846833425	0.0006060450939977341	0.002280259878622163	-0.0019827698963108325	0.0014119168157558522	0.00015358765711568986	-0.003208852304997602	0.0007153580653052676	-0.0005350013633558088	0.00495069996493244	0.0005632499454027471	-0.003001457047824592	0.0018595268060865378	0.0013310484820904266	-0.0042952568076181545	0.0006458712663701975	0.004027102929598785	-0.0017151750503964275	0.005068595617069444	0.004755594715262421	-0.005127171022468263	9.04378063564082e-05	-0.00044522723332839775	0.002111745485628565	0.002045187597342936	-0.0011108608537375754	0.0016444614781697155	-0.002826223587398263	0.00041928446791368254	0.0007416783157128789	-0.0004163704921739571	0.003023694831184101	-0.00200310984606736	0.0014844407011912629	-0.0016077212048641527	-0.004454738611491502	-0.001025268099781886	-0.0038644416838939004	-0.00034284493704177455	0.007535143504164897	-0.0011587447163330937	-0.0003562049580151351	0.0058131684001523284	-0.002166524537512518	0.0019219256838605297	0.002133335028962972	0.0027803960622485332	-0.003923098624815746	-0.0013457486316059645	0.000878874590503169	0.004758141595347181	-0.0010803087952461735	-5.590229261862801e-05	0.0012329021907197444	0.00200586680860971	0.0016233900986038165	0.00014521569532964943	-0.002821125554858544	0.001912173016429541	-0.0011867924397337736	-0.001560318395158601	0.0004078851771477732	-0.002700198996110082	-0.0008956492864008471	0.0035164778659639373	0.0026475735023384736	0.001871114458087853	0.0005030874748315865	-0.0013634873287057074	0.0005053839949326837	0.0007739933011636831	0.0008743153708104765	-0.0007485540016584794	0.0006417551429163036	-0.0011288757267751636	-0.00020354403657544504	0.0006222586418327081	-0.0011625860913983801	0.000779602637070519	-3.9798244646763745e-05	-0.0	0.0	0.0	0.0	0.0	0.0	0.0	0.0	0.0	0.0	0.0	0.0	0.0	0.0	0.0	0.0	0.0	0.0	0.0	0.0	0.0	0.0	0.0	0.0	0.0	0.0	0.0	0.0	0.0	0.0	0.0	0.0
GA44	-0.05058937408649506	0.026973080884728138	0.0021913084531171166	-0.0019828921254727073	0.007695626058401278	-0.002799870998310817	-0.0004934111962511751	0.009039180376859732	0.0021980303733764067	-0.00538393117978586	0.002068054532651831	-0.0030804338369446642	0.003808553293022354	0.0013776739956665065	-0.0015445110562241687	0.0017007552618733665	-0.004222195750457267	0.0033314980423750228	0.002431651986169753	-0.002376509432792375	0.003107804155607186	-0.00330178110088078	0.0008922199212088286	-0.0001626820095237657	-0.0018266485509804147	0.0011132464382073916	-0.001710799666080352	-0.0037845000039495014	0.0008121018519836597	0.004087043039005889	0.0012100645729510645	0.0010040531460777855	0.002814508655691625	0.0014185883273896804	-0.0008580453130643532	-0.0021833037914047297	0.0019265791891005868	-0.0037278021704731795	-0.0021844763316014237	0.006120049566694443	-0.00694136457884539	-0.00295695387060196	-0.0014152993225643262	0.0045186777622546435	-0.004419127244162582	0.0017715749376304775	-0.007143038693146241	0.0010407140284378492	-0.0017455697312746736	0.0026296261105451936	0.001998436387813841	-0.001119548382218266	-0.0008025108852578456	0.0006683100809563344	-0.0012153685686978801	-0.0016441484090532574	0.0010465676944362578	-0.0018619998159181	0.0021021123111227354	0.0018737850552252465	0.0015542620984831184	0.0006192475129874309	0.0016104025456691684	0.0005404739823905	0.00019546847700455648	4.582161542945713e-05	-0.001958038891085154	0.004082521500628083	0.00020218921387044978	-0.0016211438934776955	0.0020199653947140643	-0.0019755262000705305	0.0006632325972399273	0.0002531778539018348	-0.0019375452435005907	-0.0017731174781353996	-6.990143948579913e-05	0.0009204361845204068	0.00039755561169839464	0.0011825830051885543	-0.0021128910894049786	9.946261258244436e-05	-0.00027861809396270264	0.0009866927515339704	-0.0003254809082530536	0.000800804132413048	-0.00011584757513033465	-0.0005813980114244189	-0.0002956346515781679	-0.0	0.0	0.0	0.0	0.0	0.0	0.0	0.0	0.0	0.0	0.0	0.0	0.0	0.0	0.0	0.0	0.0	0.0	0.0	0.0	0.0	0.0	0.0	0.0	0.0	0.0	0.0	0.0	0.0	0.0	0.0	0.0
GA45	-0.08969795622956353	0.025560338396765116	-0.08295832629617189	-0.01900027835224748	0.023122294447442543	-0.011021016225089475	-0.048683718580517316	-0.021857274396867667	-0.03377156464881988	-0.0381481638789918	0.026451544919884686	0.0016761817562987403	-0.01487252222043424	-0.011579362693702095	-0.00865339554231674	0.003691086035293755	0.000300044769450331	-0.0007338148500289531	-0.0018964529317761858	0.0018784935585865776	-0.001774418958447067	0.001248381331264791	-0.000795057117894035	-0.0010372476958773204	-2.7268510408835033e-05	-0.0006792543745990216	-0.0004010148525527433	-0.00011740477726968103	-0.0007439730614999093	-0.0001392464550846111	-0.0003451867067649314	0.0005334919778076885	-0.0004159118802447962	-0.0005514315826634759	0.00017709568529779987	-2.0603021498101045e-05	0.00010954154926334797	0.0003048393363829846	-0.0004137571189826641	0.00036776102352055473	0.00018669817596781894	-0.0002755908341150923	0.0001619642501681714	0.00019319289894072363	0.00013669753474931522	-0.0001038115352763472	1.7635482787126747e-05	-0.000701877786567015	-0.00018344480795160422	0.00011892088918167722	0.0001995759065110888	-0.00011417048768417664	0.0001468022723167742	-0.00028750277870012074	-0.0005153343760643094	-7.646356440224212e-05	-3.3920226169928096e-05	-0.00040145338876992263	0.0002526682086601343	6.552325231193786e-06	0.0004979125884733541	0.00014363779665573406	0.00023250912058050337	0.0001601669656509462	-0.00022510163009609565	0.0001706384783946808	9.943642830705092e-06	7.997366518885035e-05	-0.0002552018792058353	-9.156086915427031e-05	-4.211067406993201e-05	-0.000468749342725184	6.05710986062812e-06	0.00036806719263510944	-8.74228147802367e-05	-0.0001373912635311618	2.645392590155071e-05	2.4748649432236355e-05	0.00013395736512235236	-4.466111257775212e-05	-0.0002732721396279584	-1.8040143678555822e-05	1.8936965895971522e-05	-6.404729961346698e-05	0.00011435089543708992	1.989724717458604e-05	0.00010634344486051238	-7.85952908148373e-05	-4.807971911514288e-06	-0.0	0.0	0.0	0.0	0.0	0.0	0.0	0.0	0.0	0.0	0.0	0.0	0.0	0.0	0.0	0.0	0.0	0.0	0.0	0.0	0.0	0.0	0.0	0.0	0.0	0.0	0.0	0.0	0.0	0.0	0.0	0.0
GA5	-0.19986481203133585	-0.0004006697562513082	0.019123525957352	0.005543192880743588	-0.0016012394049561521	0.00486000848101288	-0.00144809571350243	-0.00022092613814229562	0.0042331686631845965	0.0015693702317266319	0.003795390001146737	-0.002928110450946295	-0.0033543120663756055	-0.0023183492943320816	0.001869363012599951	0.0013923989603963891	0.001315605353726653	-0.00228574877787739	-0.0012072108149148771	0.0022505458224683535	-0.0024615470967258263	-0.0021674339747760137	0.003908136637574335	0.0018673968449328456	-0.00187174517448779	-0.004616050483729201	-0.00037614131631822804	0.003175627102111922	0.0070875329926072435	0.001956503670850137	-0.0001017876023943104	-0.003828931976106536	-0.004055565582426349	-0.0014482966541280267	0.002531717578520967	-0.0010116269232301983	0.005335922282853425	-0.0009003209108416935	0.0006071953606651273	0.0006087249172058898	0.0026235718497356476	-0.001958384754408675	-0.008415054218936213	0.001591464704959047	-0.0011872693851634523	0.004778007409867054	0.002803239103485243	0.0024158147054371753	-0.001731218710642502	-0.00033466744994203705	0.0016475874048241953	0.0055097828704325814	-0.0005092810484812075	-0.001846335979754703	0.0015351270180450063	0.0007463553766833154	-0.0035440953888025797	0.0011686309424241176	0.0003722456897806234	-0.001452249355696645	-0.005237898146631494	0.00019590521301636886	-0.003914986867698761	0.0022730443853793744	0.0015211705590733216	0.00040282357183399906	0.0018725636093819198	-7.624674458497579e-05	-0.0007929255703869355	-0.0009059709692354463	0.0013282517787672895	0.0014304951796833647	-0.0005787034272165371	-0.0016318904148497268	-0.0004511878194507722	-0.0011979758826414155	-0.0009149858750532065	0.000908459947949331	-0.001313268151530901	-0.00034630744439896626	0.0008539997715017773	0.0008801878863596594	-0.0012233757316040038	0.0005223591699111735	0.0012498920133827748	0.0006574232186841411	3.584990045510097e-05	-0.0003787256144848447	-0.0002476624607028789	-0.0	0.0	0.0	0.0	0.0	0.0	0.0	0.0	0.0	0.0	0.0	0.0	0.0	0.0	0.0	0.0	0.0	0.0	0.0	0.0	0.0	0.0	0.0	0.0	0.0	0.0	0.0	0.0	0.0	0.0	0.0	0.0
GA58	-0.1256768461630805	-0.030576580438391364	-0.049180455248024536	0.04217504005649205	0.017216643497212553	0.012581081189309177	0.02360764157320423	0.009774665772324394	-0.0004334256217988222	-0.008359591496453479	0.005404101030115219	-0.0011207696207902577	-0.007223131740478801	0.0007689052276770394	0.006252212361051547	0.0026025101994445366	0.008707693802245889	-0.0080117206215219	-0.004437786274138392	0.010155621655615699	-0.00016885318007772045	-0.012384321231560661	-0.0017321627026597565	0.0008986320781998662	0.008647035045222835	0.0026296573203358556	0.0006129699377949529	0.0004774537392671435	0.00010657096688660167	-0.002287032285643165	0.0020762721029185436	-0.001402132869202298	0.00056472293547568	-0.0009094987019613855	0.0005844850803992771	-9.396595693801278e-05	-0.001211758227557132	-0.0004988493227549845	-0.0007137430720022012	0.00012117278836971704	0.0015565277226961176	0.0005087835727357631	-0.00024572429252053943	0.00016195944613364472	0.0008049620399716624	-0.0002603570092057366	-0.0011204121100664571	0.00024354525556060744	-0.000585005179388325	-0.0008093119487814275	0.00046994383501895606	-4.8600424087728695e-05	0.00014717689203158654	-4.388325963536938e-05	0.00039157372581833565	-0.0013803878914771652	0.0004288714439874027	0.0004964284050703682	-0.0005808710074233647	-0.0008181141806645305	0.00021200306689772493	4.183080588597053e-06	0.0006678507809660058	-0.00017465514204000128	0.00019693409821002655	0.0012867244447278428	-0.0010667747475687603	-0.0006144491651753352	0.0010093052150964906	6.016131083265171e-05	-0.00011617997407990455	-0.0001774332351223041	-0.0008398857487789336	0.0008456175122878986	0.00022846744310424228	0.00016813427224797914	-0.00024910526011316365	0.0013667445890583778	-7.989185417034991e-05	0.0005968940350000776	-4.31694459389371e-05	-0.0006154199484906215	-0.0002350118921936848	0.0001308785709378752	-0.0002187147527077754	0.00014780873465854345	-0.0001520227063663435	-1.633743989770575e-05	0.00015962590230791381	-0.0	0.0	0.0	0.0	0.0	0.0	0.0	0.0	0.0	0.0	0.0	0.0	0.0	0.0	0.0	0.0	0.0	0.0	0.0	0.0	0.0	0.0	0.0	0.0	0.0	0.0	0.0	0.0	0.0	0.0	0.0	0.0
GA59	-0.13198761680756627	-0.024622008509920888	-0.07249180391228269	0.044052848208706905	0.034126372966055966	0.01550183255303702	0.028211361423262003	0.006076149212832594	-0.0011511119278295196	-0.012378905997029727	0.010593081837323586	-0.0012504096137624318	0.005735023524804153	0.001334266941437807	0.013926468909543018	-0.0020312666044992635	-0.003578991306848706	0.01125121524371939	0.004935707680302541	-0.01146100676229823	0.004137832107751524	0.013280640954312537	0.0007221234756502611	0.0012177926654300165	-0.008075868580234524	-0.00444611348680233	-0.0017531907082082045	-0.0015990207660952608	0.0014370444553073714	0.0017250740851960907	-0.001458427716357038	-0.0011572472785050607	-0.0012568259888591216	0.0002756819873631667	-0.001926810124113032	0.00017389214242575048	0.0017192778603722675	-4.405242916268383e-05	-0.00018275616647887573	0.0005532297608062728	-0.00020249224653677507	-0.0009509833238961585	0.0006961356072255907	0.00045447755093257875	-0.0016013894016691978	1.2291950726938128e-05	0.0013816780969903237	-0.0005584397077620783	0.00039173143270305804	-0.0002741770762327739	-0.0010057635848084957	0.00016632283120311667	-0.0011032117231577093	0.00037237058273530284	-8.894654885707962e-05	0.0004681997478240154	-0.000375475146138492	-0.00037607312177843514	0.0010665852040390692	0.0010891199040255057	-0.0005678592417350626	-1.4293712925146552e-05	-0.00122319762368106	-0.00026098041998493757	-0.0006282047352734626	-0.0007591822549906335	0.0005832885505462199	5.7734611759150424e-05	-0.0008940378981549822	0.00026947551896555703	-6.203219864906519e-05	9.490839953584547e-05	0.0003267374303891737	1.1515420541150134e-05	-0.0002628709868592638	0.00040974736373926345	-9.880609577303123e-05	-0.001154771820691428	-3.744567761717084e-05	-0.00038141481514044956	-0.000245311822124592	0.000644376112109032	0.00018545947621381736	0.00018588456186669478	-0.0001143039466765973	8.388715239945856e-06	0.00013892253376437407	0.0001567273154921917	-5.584111389160467e-05	-0.0	0.0	0.0	0.0	0.0	0.0	0.0	0.0	0.0	0.0	0.0	0.0	0.0	0.0	0.0	0.0	0.0	0.0	0.0	0.0	0.0	0.0	0.0	0.0	0.0	0.0	0.0	0.0	0.0	0.0	0.0	0.0
GA60	0.10000294345262085	0.010720025406334826	-0.009335212708668264	0.009389482361480786	-0.018845084381446196	-8.2371749482163e-05	-0.0018320942745656524	0.0037661809468896084	-0.008938438891780424	0.013634893971850076	8.585458617641387e-05	0.002102287979907556	-0.004143947471965192	-0.003922452364911326	-0.0017386713881915622	-0.0003575973736342945	0.0005116362709059183	0.001486064528683372	0.000805896220638017	-0.0024919311823138114	0.002536525981039114	-0.001997700453735067	-0.002398431400421826	0.001690587846577472	-0.001592940046203483	-0.0030649736228199644	-0.003120800194677092	-0.0006909254577861244	-0.001952860951299674	-0.0015610713043541446	0.0005158065585571108	0.0036718604388625547	0.0009690609588152857	0.004997596504880181	0.0016476687349761088	-0.003378811711762114	0.0010250560234499476	0.00012008878748702312	-0.003920054236739043	-0.0012845458960734607	0.0005736753212502024	-0.0021609178447509468	0.0026654665782931608	-0.0015773090453506825	0.0020747638929339593	0.002800388781886055	0.0034399985547242835	-0.0012025611439507246	0.0006335701658882221	0.000730301154441372	0.000227089201170452	-0.0003828795284761844	3.783632403274332e-05	0.0011329870094545231	0.0020479589245342832	-0.0019170370237073576	0.0017416767994628828	-0.0008234033287776705	-0.0006321954453914735	0.0011581241330678848	-0.0015710884126490428	0.002152193379469618	-0.0032037914027227554	0.0014961941301672487	-0.0009006310900835545	0.00043444972163910427	0.0004153227186712352	0.00038604560595249603	0.0002688362899677844	-0.0005567719891315918	0.0013125048008987912	-0.003428367854576166	0.0012901754386271046	0.0012104853640653277	-0.0007668114147294631	0.002680121348654049	0.000272438184560599	0.001086140852545547	-0.0008891080812807429	0.0005526701104124265	0.0004624431475016101	0.0008640331867388978	0.0018435615684604934	-0.0025344277601098493	-5.913550606400822e-05	-0.0009475282174683775	0.0007412322120229765	-0.000706709792674681	0.00010965076283489723	-0.0	0.0	0.0	0.0	0.0	0.0	0.0	0.0	0.0	0.0	0.0	0.0	0.0	0.0	0.0	0.0	0.0	0.0	0.0	0.0	0.0	0.0	0.0	0.0	0.0	0.0	0.0	0.0	0.0	0.0	0.0	0.0
GA63	-0.041029778111507195	-0.00570622829390867	-0.043957150562164184	0.014949079874893544	0.010404635445816672	0.005021671892712749	0.007422080973791829	-0.005314748089847107	-0.013098290464094333	0.0038401510326895615	-0.00715822127401268	-0.001890288126699385	0.0038552862178503388	-0.00410215534624928	-0.009960147340068991	0.00034188275552274707	0.00910707244505575	-0.010633388130405326	-0.0013797365125200565	-0.0023152315095119787	-0.0005838599530265464	-0.0017104166862299936	0.006095340825017873	-0.001052406518712124	-0.0034601222388755547	0.00230270003402162	0.008025493539120845	-0.006335363510049855	-0.0017825713208160072	-0.00034874606476442357	0.0015607427040538878	0.0006849660066540973	0.0023993226440941276	-0.002029160630801237	0.0014923190420472608	-0.0010698008456876342	-0.0009052207770882925	0.0011485003577372517	0.00033257653921999137	-0.0004475742755388331	0.00019458380935861826	0.0010310552079852682	0.0006400484458419602	0.0004140443535356001	0.003270110474844702	-0.0007995164215732021	-0.00030361976171744366	-0.0002729635478451571	0.0033868846771240102	0.0019260217496358928	-0.0005008654990095914	-0.0003769497464150131	0.00018641547481418935	0.0008863589302360249	-3.3001346448039146e-05	0.002294983694044973	0.0008765186829828782	-7.12320852475478e-05	0.000356414274761208	0.0007273993294674569	-0.00039203155218073255	-0.0006074669512599287	-0.0019214213407623105	0.0019337158804500745	-0.001271104945580475	-0.00018367997635951593	0.0005376894182476388	0.0010159416569566512	-0.0012601010790385015	-0.00019903643527083924	-0.0009707399926019812	0.002445514605193401	0.00028516128993644576	-0.0013009428360009278	-8.329880340209409e-05	-0.0003376581085673554	-0.0010511211775662164	-0.0007281308797828441	0.0010001720774917508	0.0007934608709326528	-0.000111497479602631	0.000912018602675299	0.0007873901368654367	1.8256228799791094e-05	-0.00016564115209148782	-0.0005819223603273561	0.000602389959108605	0.0002219321563400223	-0.0004672196919855784	-0.0	0.0	0.0	0.0	0.0	0.0	0.0	0.0	0.0	0.0	0.0	0.0	0.0	0.0	0.0	0.0	0.0	0.0	0.0	0.0	0.0	0.0	0.0	0.0	0.0	0.0	0.0	0.0	0.0	0.0	0.0	0.0
GA65	0.21032766969562433	-0.004019293954957127	0.025669905271731828	-0.006216129880186754	0.003990626719604614	0.006760242082137449	-0.009115599274836555	-0.007980979021300781	0.014181024288100993	-0.011276065713668203	-0.009040024058731312	-0.0047086351214320876	-0.003510378213570266	-0.0013238364368208587	0.007370936775051939	0.0031319841190478176	0.005343611515168606	-0.001991128336054648	0.004910484445396061	-0.001477680856757536	0.0007106398387490118	0.001643374775140248	0.0038618430033989953	0.0037757844871244583	0.0025343144757978943	-0.0006541712846761605	0.00039976534360546337	0.00011833085001595301	-0.0040052700622037075	0.0018669948000750774	-0.0011248701779204935	-0.0016003005443716244	-0.0007716295241699441	0.004110297146840198	0.0016852115897241123	0.0014128781083135428	0.0024059881130977885	0.002093720768465273	0.0017010724804344156	0.003907797242933909	0.0005281933037065544	-0.00047334431554576703	0.0009525388212194521	-0.00022915330147937608	0.00047090738060292245	-0.0014640244640245648	0.0020158154809469158	-0.0016589184891786274	-0.0003022929309501699	-0.00011920634395979662	0.0019117994374793386	0.0013759228002918488	-0.0005012573918263915	-2.547132468645682e-05	-0.0007684274473741212	-0.0006750797331698559	-0.0009756359559718927	0.0007150974443797485	-0.00023751004654857288	-0.00031873746973209717	-0.0005946274887225479	0.0009300760082141552	0.001087841946361583	0.0009681856595506379	0.0010020097644619463	-0.0001701759950274066	0.002550390337535193	0.0012730846620928626	0.0007191784346192942	-0.0004758145800221086	0.0006434162869614428	-0.0005216661505515068	0.0007223404618726444	0.0011295079669293867	0.0027859400884673678	-0.0013993301650266916	-0.00234017538533369	0.00032076775444789165	-0.00035734121332863016	0.0011938749213895115	0.0005165489602936856	0.0012053299360012843	0.0006421061627214452	-0.00026967242936964297	0.00021452062117496864	2.324857285005279e-05	-0.00033274175704826837	-0.00032418381924955873	-0.0004957983330692064	-0.0	0.0	0.0	0.0	0.0	0.0	0.0	0.0	0.0	0.0	0.0	0.0	0.0	0.0	0.0	0.0	0.0	0.0	0.0	0.0	0.0	0.0	0.0	0.0	0.0	0.0	0.0	0.0	0.0	0.0	0.0	0.0
GA67	0.2117823404053974	-0.0012068895926713695	0.030276451174079087	-0.013823753014555537	0.0006488077285486165	0.008080407135624272	0.003438368212346162	-0.0022182180879682096	-0.003277170893668084	-0.002369811375547212	0.003082581207112327	-0.0010335747968641664	-0.0009999280035772845	0.0019907270559947087	0.0016046333629103939	-0.0018959670489586244	-0.004022292163342191	5.4345145338716135e-05	0.0006564512422365393	-0.0005184250839802227	-0.002162188257024701	-0.0021536330624118394	0.0032038808876794266	-0.0011402971279069168	-0.0003875981176961155	-0.003812300590574157	-0.0017755611953985816	-0.00013794056161193079	0.0005459884798997224	-0.001584521465243887	0.0020841976432579476	-0.002335990592476138	0.0007123541022624295	-0.0005907257093906688	0.001922211406047476	-0.001027256444629662	-0.0012130741231585333	-0.0022915172614631036	-0.0030390029165457254	-0.0016611835976134616	-0.0007703274502399391	0.0003621016333909449	-0.0008331909321746268	0.004437901177153385	0.0007757878334971832	0.0016424470811460064	-0.0018724346067329092	-0.0003005835686159739	0.00140860945731515	-0.00023833152572585894	0.0013579583474727561	0.00026007374707286764	0.002850542479179248	0.000830848295558316	0.001050867387796298	0.0021254169913483456	-0.002469055524137235	0.0007643973206681472	-0.0018684002671193064	-0.0007383732500734078	-0.0032022856547735895	0.0008211818646851669	3.967929956321408e-05	0.0010232488568374092	0.002457007979998319	-0.0033447791208193393	-0.00028103450653945897	-0.001321395581421634	0.0003210640922505819	0.0013975692885629706	-0.0018986804828669476	0.0006665939655885794	-0.002862762442300245	0.0018659093156757891	-0.0013469954833897357	6.189767990832369e-05	0.002729714952842739	0.0016824137592242369	-0.0003321943635070651	-0.0003905091153979873	-0.00450152940825034	-0.0010297859601809038	-0.0006290578153257156	-0.001713058008005981	0.00015892601671988426	-0.001267742774013215	-0.0006919771600258341	0.0006114725640193772	-0.0007898821907180607	-0.0	0.0	0.0	0.0	0.0	0.0	0.0	0.0	0.0	0.0	0.0	0.0	0.0	0.0	0.0	0.0	0.0	0.0	0.0	0.0	0.0	0.0	0.0	0.0	0.0	0.0	0.0	0.0	0.0	0.0	0.0	0.0
GA7	-0.2081956414822769	-0.005336580072430952	0.01978458862911058	0.00443335899757816	-0.0017691987240125227	0.004793058589311252	-0.0015402703782637446	0.0003241095923981434	0.0031148398293383553	0.0017146266845389799	0.0023620950225714385	-0.002852763820668791	-0.0002686136386548201	-0.005740763177817562	0.005368966955125117	-0.00273248907450078	-0.000394169235187003	-0.0008877343583107752	0.0033225325462949537	0.0006524459446841277	-0.001078610255626233	-0.001009299070498764	-0.0005809585411871589	-0.007606446191603079	0.0018237403316627983	-0.007174811905545294	-0.0023296638867813385	0.0037943835908361987	0.0031273632597805376	0.0020874178744768965	-0.004639427840110794	0.0035216013475403356	0.009412269715706108	0.002461888721141658	-0.004952593430162834	0.005553963514483409	0.0016711267668210082	0.00203755589917205	-0.0024538736682125618	-0.0005998100092824315	-0.006971353411634339	0.005314990581885327	0.0009763597700121655	0.0022921605549696576	0.0067066548811128245	-0.0025260599614307187	0.00022525343420352195	-0.004057915039151509	-0.00015201618979297345	-0.0012620720060059537	0.0012662665795272166	-0.0022524954649869784	0.000614547861172577	-0.0012422111482691407	-0.003127201341753717	0.0017930318386616079	-0.0017785312544453555	0.0001747478074478338	0.0008467379938107475	0.0009714699390437479	-0.0003883663898624732	-0.0016253335437973126	0.0006467197728940419	0.0009834234065079878	0.0007726973156956315	4.480735923248033e-05	0.0018017226658165488	-0.002559706722782466	-3.497695398031285e-05	-0.0009006016754935056	-0.00010098337287339174	0.0007051892815387568	0.00116903680955015	-0.000292355614898066	0.0009007521382491339	0.001181744940652035	-5.2631133316186607e-05	-0.0010273195417377086	0.0007522439245732714	0.0018859503204692765	-0.0004295080109387812	-0.000457311357922988	0.0004807016248057425	7.393531790096535e-05	-0.0008073591317042773	0.0004442774567232526	-3.763813714790723e-05	0.00022576096451835568	5.152716638190192e-05	-0.0	0.0	0.0	0.0	0.0	0.0	0.0	0.0	0.0	0.0	0.0	0.0	0.0	0.0	0.0	0.0	0.0	0.0	0.0	0.0	0.0	0.0	0.0	0.0	0.0	0.0	0.0	0.0	0.0	0.0	0.0	0.0
GA71	-0.07636027073589181	0.004618633452222683	-0.016420993500390647	0.010578349405325791	0.0018021143843235687	0.004105399361671918	-5.925048158265618e-05	-0.01637840483755491	0.0032499439494258044	0.00644249751956787	-0.002362995115080252	-0.0016303687680155297	-0.006137491334555575	0.0003736075996727036	0.0016249088572366196	0.003293541981972745	0.00023473436895242518	-0.004698079553977092	-0.004319026513238321	-0.004038957942195197	0.0068253820910875555	0.004925761701004966	-0.005060501349029527	-0.0040091348065509945	-0.004343998647138081	0.007274832196204678	-0.006805758410903037	-0.0025536904683145715	0.0001058680192252911	0.00388146523416534	-0.0036522493363848408	0.0013574106191119471	0.0052301382539888	0.0011140352285486503	0.004519248699691964	-0.003620409940269803	0.0021087690391850145	-0.006461338357362576	0.0001567229343973149	-0.006167323659961743	-0.0011151645424974173	-0.0005378597237756857	-0.004258703074522995	0.0009279523768773423	-0.0014831856853899125	0.0015856887143486783	-0.0005262823959985422	0.0006620425675026927	-0.0021299703107502607	0.0014994334471982106	-6.17803503271732e-05	-0.0021802625620106993	-0.0018333223317990063	-0.0009395508086900744	-0.00040273037728554624	-0.000985255163773522	0.001519540965416362	0.00262083228627783	0.0014439907746283032	-0.0003958963468812152	-0.00264031007449566	0.0017122555384817917	0.0013536981927444718	0.0014690798088792972	0.0013652339117728575	0.0003836378602615599	0.0002373456915467251	-0.00153329100552662	-0.0021878559655544756	-0.00203183068676422	-0.0002685922906659236	-0.0009634929716976867	0.0003406175597966751	-0.0007715772483045771	0.0019147801482577015	-0.00029515446284663103	-0.002218208594440151	0.00038791899774252327	0.0008518387866506948	0.0009959718051805492	-0.0007439806105630541	-0.0015882925454273667	7.52347907661979e-05	-0.0014282070468739686	0.00028570254535125616	-1.6185387380225826e-05	-9.164538722936903e-05	0.00020450371372457418	0.000316222322281319	-0.0	0.0	0.0	0.0	0.0	0.0	0.0	0.0	0.0	0.0	0.0	0.0	0.0	0.0	0.0	0.0	0.0	0.0	0.0	0.0	0.0	0.0	0.0	0.0	0.0	0.0	0.0	0.0	0.0	0.0	0.0	0.0
GA72	-0.0003054703221451613	0.007464596027895345	-0.14944848425837817	-0.007324713421251048	-0.12242123510953397	0.00564034440912255	-0.0024839111000539886	0.0033096277329477423	0.010531058845822979	-0.00013925242249662398	-0.0010036627137826435	-0.010245568741907352	0.001132785766406572	-0.00010850783786533145	-0.0007656337541514797	0.0037069461201933098	0.0008906043525995768	2.635683194643271e-05	0.0018066999825221775	-0.00041490528166188736	3.730921861297572e-05	0.0011379107838309637	-0.00044507677551831925	0.0006707471091579382	0.0002545521353812712	-0.00011639250361157103	-0.0005459102018800845	0.0006010834199652715	0.0004332661094597919	-6.48315429884831e-05	9.015047919534028e-05	-0.0006330461022399842	-0.0003988264443939173	-0.0004026387947719931	-0.00010897012185012437	-0.00014564202038500185	-0.00015104397291816946	-0.00021132490178571114	-0.0003814611685153926	0.0003415571714853794	-0.00019644397977220974	-8.493515653796552e-05	0.00027365769511313785	-8.612344240565825e-05	-8.193005411133982e-05	0.00017895326628033755	0.00022700151876545386	-1.575448667763425e-05	-5.631293750695311e-05	0.0002293588829345011	-1.14815085892265e-05	0.00013603297323019914	-7.463439343263242e-05	-0.0001129487397353109	-0.00016672294383566198	-8.337088990253672e-05	-9.916173560813328e-05	1.2287038983007382e-05	0.000314482733972259	7.396839080368389e-06	0.000134335447866554	-0.00014463605384990055	0.00016700617465103163	-5.8869452994958305e-05	-7.185589335834492e-05	-6.784233855592649e-05	0.0001245712221888424	0.00012691289929521457	0.00017594549992654756	0.00014513645479962317	-5.566499428916183e-05	3.4080921022015916e-05	5.43693499060046e-05	0.00012216689959298774	7.563156941281751e-05	0.00017044404919981223	7.380398020497377e-05	-1.695594859043515e-05	0.00013767071223644975	0.00012366278267918066	-0.00011145365373691979	7.566761402657442e-05	6.246277967525116e-05	2.509426497911083e-05	8.93310957693534e-05	1.5143558687322402e-05	3.204555245141072e-05	-6.478199915053954e-05	1.1540881722534155e-05	-0.0	0.0	0.0	0.0	0.0	0.0	0.0	0.0	0.0	0.0	0.0	0.0	0.0	0.0	0.0	0.0	0.0	0.0	0.0	0.0	0.0	0.0	0.0	0.0	0.0	0.0	0.0	0.0	0.0	0.0	0.0	0.0
GA76	-0.11006339108817868	0.010359114585516319	-0.004186096111697601	0.004777395536384508	-0.004372541580995748	0.0048250378068803385	-0.002995055044278576	-0.009654316708644712	0.004793933836220248	-0.000256236451890171	0.0008573750882207928	-0.003018194967906344	0.0027147431181293973	-0.0026523378670951564	0.005085624446204107	-0.00214988141578368	0.0017834924274635817	0.000578828382870741	0.003929701151141866	-0.002261943002625281	-0.000772069502436089	-0.0037781869483659567	0.0029760594724024102	-0.0020371862463842215	-0.003365444865895253	-0.00605949806290772	0.00041719220371016596	0.0014766334905326197	-0.0005064409285333801	0.00161973174423357	0.000717170529616176	-0.0036829011845379476	0.000764141359982532	1.0528410431199848e-05	-0.0027217655285876967	-0.0017737785134859223	-0.0002958184132701306	0.006373954931145358	0.00023551243955376213	-0.0033715601170464134	-0.0005101553090358935	0.0038860911987773313	0.001299443981743246	0.005145821968515393	0.000793784735133134	-0.003855361964603019	-0.00014634586964445279	0.005645802228612774	-0.003212031467943305	0.0018424308817844405	-0.002803988622883569	0.002685855594589123	-0.0025461379798172876	0.0019525970801960908	0.0034106464609263473	0.0009950682253520554	0.0039506626718470534	-0.0014541070436186656	0.002109429229952984	-0.0020225617730110124	0.002350288660686929	0.0005138402219470227	0.00019766551441300405	0.004314292511155373	-0.001118979567770703	0.0013774480903703751	-0.004019293033301388	0.002638023979854743	-0.0020509792075164256	-0.0008028638641712727	-1.1238807873604246e-05	0.0006998304042832592	-0.0012062438015564868	0.0016924988771142807	-0.0016385039995441464	0.0007963253552963627	-0.00032617846430221505	0.002670525357304084	2.0936150457386564e-05	0.00014721262605435397	0.001307311959677787	-0.000966001267051545	-0.0011756814508802553	-0.0006567115863909769	0.0008112898556131001	-0.0007816116588023191	-0.0005103172003242908	-0.000746194795066309	0.00030406285640607167	-0.0	0.0	0.0	0.0	0.0	0.0	0.0	0.0	0.0	0.0	0.0	0.0	0.0	0.0	0.0	0.0	0.0	0.0	0.0	0.0	0.0	0.0	0.0	0.0	0.0	0.0	0.0	0.0	0.0	0.0	0.0	0.0
GA77	0.20744707768481765	-0.01222174596462219	0.01275165977246081	0.0061913175650181165	0.0025690692620969503	0.004803073406200772	-0.015414621111564311	-0.004331293157426448	0.004773378727324694	0.003197016389210551	-0.011092796142788224	-0.005316483012597258	0.004372327785289111	-0.014516576249356839	-0.0008839834290134522	-0.00829050957901635	0.004139839385849791	-0.0019297239154507156	-0.0024749110840021717	-0.001822103090926746	0.006066320249983382	-0.001300587961503147	0.0014235241967731104	-0.0058050667927647326	-0.00029450508587397186	-0.0009143426854499582	-0.002038159143381843	-0.0007529857649631692	-0.0018526071100220928	0.0023043269577860733	8.690431527880842e-05	-0.001343181543697776	0.004177476412263905	0.001154597574198122	0.00046269843677429126	0.0018451921931192262	0.00018528990856564413	0.0023643891687376135	0.0023085087578583016	0.0005357801501261668	0.0014406242442472153	0.0010823510278742657	0.0007826105260613971	0.0008837447893814118	-0.0009221621445753275	-0.0026849015182132487	0.0011296332281726218	0.00041586145605721316	6.566908778289749e-05	-3.848645372814309e-06	-0.0008225844167397009	-0.0011650795805733445	-0.001240236026694638	-0.0006292455557620927	0.0011706668230345907	0.0018449098658367081	-0.00015802477669160978	-0.001030818248603131	-0.000848877871905639	0.00016365135055393994	0.001807158633261363	-0.0004174007964103738	0.000524959893569688	-0.0008266688819637062	0.0004179942290546626	-0.0007281177434017237	-0.0010499793349970168	-0.00027134208610268444	0.0006625966430622859	0.00013932886122854587	0.0004735779609975108	0.0013479529371589855	0.0008733445816593068	0.0003701939966168306	0.0009836136399649106	0.0005247837387322646	0.0007982304930965165	0.0005715495880124357	0.00012528374850962596	-0.0004152125074141718	0.0003515012144473332	0.00016294327620465163	-0.0007515465477423468	0.0008275327635621236	-0.00017126012055360208	-0.000873889753730881	0.00044485927197204225	-0.00015035184558033325	-0.00033922096142252275	-0.0	0.0	0.0	0.0	0.0	0.0	0.0	0.0	0.0	0.0	0.0	0.0	0.0	0.0	0.0	0.0	0.0	0.0	0.0	0.0	0.0	0.0	0.0	0.0	0.0	0.0	0.0	0.0	0.0	0.0	0.0	0.0
GA79	0.21200627944430694	0.0014765213961004807	0.034620395877702326	-0.02082937717393086	0.0018550453545668464	0.008067542686661797	0.011615708014695374	0.0021260549836943	0.00500759428820426	-0.010904964628603993	-0.0011024401766639086	-0.004333168245719222	0.0004158152131585288	-0.0008433305823517466	-0.010226305838256223	-0.001607165961909135	-0.0010280086715670064	-0.0016789996100702099	8.751639411735387e-05	-0.0014671533832422577	0.0035056195169050905	-0.0004319912307538258	-0.004404387113718423	0.0026672272971506083	0.0013478717107007806	-0.002517500450600144	-0.0023995577963743893	-2.2299000872068268e-05	-9.259199563535203e-05	-0.00028702884808426285	-0.0009933033992328452	-0.00182317853060399	0.0004005374386062231	0.003628171653994605	-0.0008818948914808882	-0.0033869235467615805	0.0009365225494887061	0.0014839431006501034	-0.0017224566499919635	-0.0033688023212665604	-0.000728889258291094	-0.00205046651870619	0.00010777777313030619	-0.0009238570918120218	0.002401473596609472	0.0012740433840328655	0.0003151902124702707	-5.543055692606487e-05	0.0013397569143034512	0.0010800274117029774	-0.0010332487052142803	-0.00021850520116287544	0.00041139342473190245	-0.00032146706057896223	0.0015466591193844166	-0.0013808631039617587	0.0003359518545228172	-0.0020652938469804837	0.0014741717473594155	0.0019236539234889535	0.0019524959281551066	0.00019474564118285775	7.068238193852915e-06	-0.0021342954437325637	0.0021732631964273643	-0.0007180561663028815	-0.0006645218808070838	-0.0022110075099288007	0.00040626176104204383	0.001092845423800759	-0.00016309719437476296	0.00046128637089849365	-0.00031920915260472116	0.001912655391836241	0.0006207072253239618	0.0009225210323116679	-0.0006503306374038744	-9.446202273587055e-05	-0.0013055695855838363	-0.00041641646665564687	0.0019281617176382247	0.0008786777512322955	-0.0009199617320131705	-0.0001497724260623783	-2.3326434145738833e-05	0.002038486195176718	0.0007720411176399236	-0.00021479759401409653	-0.0013702808301563425	-0.0	0.0	0.0	0.0	0.0	0.0	0.0	0.0	0.0	0.0	0.0	0.0	0.0	0.0	0.0	0.0	0.0	0.0	0.0	0.0	0.0	0.0	0.0	0.0	0.0	0.0	0.0	0.0	0.0	0.0	0.0	0.0
GA82	0.0281238614482332	0.022913423392449863	-0.003347991325700183	0.0058273874486869884	-0.0026271036618355855	-0.009160369963264945	-0.01339527154786098	0.014515308581848515	0.006647272785845816	-0.0007616341385341162	0.0030293996910687013	0.005235134946245769	-0.01041682916261464	0.00433677206809591	0.004920071231100547	-0.003012122028670842	-0.0029215851581906056	0.010642119675989355	-0.004910009420067862	0.007517362681904058	-0.001318923762130982	0.002779285624966972	-0.0032163039482464417	0.00714530595142166	0.003286817130062934	-0.002114955850567035	0.002968619041652306	-0.008016505543015254	0.0005364884503124877	-0.000584689208267075	0.0006553881683242954	-0.001137550065429441	0.00299243336237205	0.0015571387680482574	-0.002111960701101829	0.0022141838427017207	0.0006666190749136585	-0.004501507034232795	0.0023830261847965226	-0.0006268566294640809	0.0038458864472336127	0.003082624409038218	0.00052376217638515	0.0023558930718139324	0.0005473876819270772	-0.002537806147930618	-0.0009968294070435047	-0.0017350974059382987	-0.0010662183884879595	0.002161182607674068	-0.0026533218680629034	0.0019672344212530285	0.000710063983980854	-0.0007376235354253286	0.0023894150270685455	-0.0006731479698114647	-0.0003668701575627667	0.0015579870095068264	-5.946688269361562e-05	0.0019132691873789502	0.0014976171865177213	-0.0011714268104275585	-0.0021132938248634462	0.002011580503096653	0.0010986850959637043	0.0010240392038251545	-0.001441758659795615	-0.0015846708035993778	0.0014018171479456031	-0.0018722074130240937	-0.0009602971017962969	0.0004841109308133121	0.0013042436360152904	-0.0010642326359233997	0.001200921212683917	0.0006130970887764949	-0.0011759508929445532	-0.00014324890524375003	0.0010876166666796009	0.0010774429884523528	0.00012993539517839093	-0.0005752861532717046	-0.0009493603626781621	-0.0005090660160045475	-6.607839169173413e-05	-0.0004703270685585891	0.00039572322666232997	-0.0010749688281233513	-0.0005087995748805754	-0.0	0.0	0.0	0.0	0.0	0.0	0.0	0.0	0.0	0.0	0.0	0.0	0.0	0.0	0.0	0.0	0.0	0.0	0.0	0.0	0.0	0.0	0.0	0.0	0.0	0.0	0.0	0.0	0.0	0.0	0.0	0.0
GA83	0.2103592914399981	-0.006791485803579675	0.019158568393397534	0.0014477143572403043	0.0029905031663255794	0.00725196605382103	-0.008828427255083721	-0.007640020645351752	0.002997539128416466	0.0011873669190449214	-0.0035387581589183584	-0.0013376685974354082	-0.004302053380253699	0.0003252263260791013	0.002296703402934009	-2.180770319851229e-06	0.002688218495394296	-0.0018491421045374213	0.0013049412417219949	-0.001548266903429063	0.00117749852413573	0.0004179383681058506	-0.0021139692960604685	0.0016424030902277165	-0.0022593654032872796	-6.986983179191125e-06	0.0029471008469068704	0.0018519755078749537	0.00017854399122395833	0.00430152204861963	-0.0012306315304693356	0.0015904735939432852	-0.00358637698893414	-0.003008694480898971	-5.084863518813773e-05	0.00018370207409163324	-0.0008579152550896664	-0.0022719477014814544	0.0013028195564715416	-0.0010560123377719765	-0.0020210437281898944	0.0031952391967439583	-0.000776423627839816	-0.0015216122265075218	0.001042420943929661	0.0011362552990937926	-0.0005265062908804538	0.0009244161844495409	-0.0025798153109772254	0.0022666179647632826	-0.0016923322451765977	0.0008892594725743846	0.002214633990992124	0.00021333637783945203	-0.0014778034512539756	0.00038175322956089257	0.003596091885405354	0.005237319428245812	0.000371638791665853	0.001926317072326494	-0.0006093172015383884	0.0005052103917646454	0.0010799476874958675	0.00293571244303798	-0.0020680885192499053	-0.0010383926559476794	-0.0004810219411060693	-0.00047685131736217374	0.00021190724753887986	0.0016304719792829435	-0.0010404832165860512	0.00028151579543584163	-0.0018535919712028058	0.002699341483131397	0.0008825543411617176	-0.002199593140639622	0.0027436008254272397	0.001574057488036671	-0.002027227515858218	0.0008783964801537932	0.0012019501738367486	0.003125842309818939	0.0013098251053322372	-0.0011549909530782017	-0.0028198090055872012	0.0009650154983544602	-0.0007886696210903453	0.00043286605599374925	-1.1144472925920055e-05	-0.0	0.0	0.0	0.0	0.0	0.0	0.0	0.0	0.0	0.0	0.0	0.0	0.0	0.0	0.0	0.0	0.0	0.0	0.0	0.0	0.0	0.0	0.0	0.0	0.0	0.0	0.0	0.0	0.0	0.0	0.0	0.0
GA85	-0.023735165726876496	0.014681442520295745	-0.010870732020788223	-0.00767086905834387	0.007236983750051476	0.01432931462700593	0.0017347567959053053	-0.028406583349900743	-0.019521130779941935	0.01695077946019194	0.0031360458995409813	-0.013264893626581155	0.0028688409043359556	0.00029164676227827143	0.003977619308395871	0.004859256062115112	0.0010138650798588616	-0.0036349149408807777	0.001662616356035219	-0.0016530519105715956	-0.0009445050986320816	-0.002321835321649828	0.0009191160487878743	0.002570840848839725	0.003790416960701203	-0.003924329664666132	-0.001665201953479113	-0.0020290821562031647	-0.003306144350389895	0.000216469278664958	-0.003713295529748492	-0.005348483489894526	-0.0025750363657074957	0.0007382550871365802	-0.0007838744088330234	0.0032878011980179075	-0.0013367158976543407	-0.0007528550801470923	-0.0016801976059989008	0.0007041587636068911	-0.001325057595771704	-0.00037409085289420984	0.00028198241900533543	0.00019047717777479994	-0.001231388434215177	-0.0004117072918666638	0.0003655472445640648	-0.0004389328327791828	0.0006026981197547458	0.0001812416294441847	-0.0006742088078470304	0.0012141705012847037	0.0009574481661823608	0.00013615583565146662	0.00035827059392961653	-0.00010631074864265273	-0.0011642934680507156	6.8441815249264465e-06	0.0008821517593213379	-0.0005966250162631509	6.186212481684933e-05	0.0015971208491378183	0.0012411358389052998	-0.00046928132295644023	-0.0003984400258473465	-0.00040185232383727667	-0.0009897183100089771	-0.0010462755402270523	0.0021312508351660825	-0.0015656867728573033	0.0016409346309982306	-0.001965060678939108	-0.00021999053334918463	0.0019047530047737382	0.001177055744128128	-0.0008093495033519084	-0.00026287977788724533	0.0001795743133385961	-0.00039411757171244896	-0.0010904444546614928	-0.00035921999913746106	-0.0008531044497363917	-0.0004263783464510257	-0.0002654680958046828	-6.634626831269043e-05	-0.0004116749561510303	-0.00022891120752104128	5.096780104938224e-05	0.000412602197382241	-0.0	0.0	0.0	0.0	0.0	0.0	0.0	0.0	0.0	0.0	0.0	0.0	0.0	0.0	0.0	0.0	0.0	0.0	0.0	0.0	0.0	0.0	0.0	0.0	0.0	0.0	0.0	0.0	0.0	0.0	0.0	0.0
GA86	0.20927790259023843	-0.006384822771749731	0.013747364496807747	0.00283004600797214	-0.002959253902016654	0.0039213836543733225	-0.00510979833184594	-0.0035148818177195154	-0.015090671055828007	0.017167922208054714	0.005410518611131841	0.006746850730120389	-0.002718905884948232	0.005060503848463849	0.006142965103492127	-0.007605139791516353	-0.016089870004941664	0.0018296616576087186	-0.002835842707419697	0.003955052654708883	-0.006768739187996939	-0.00142511649497461	-0.008622703899518955	0.0014170890506562486	-0.00488464422790463	0.0033922096900014897	-0.0014947104373206127	-0.0008398197732449301	-0.00015481992790524832	-0.0013648398694431358	-0.003155774447380138	-0.001173962242596859	0.0029342938609635315	-0.0011544907662495388	0.0011866873584583271	-0.0002764133424836811	-0.0007834759703206932	0.0036174597102445684	0.00024075473085177407	-0.0005673671908291422	0.0024864290982172196	0.0008444257534633096	1.261348848659196e-05	0.002690951521607614	-0.0006669023329801331	-0.0015403701095157902	-0.0008085587953974244	0.0001884071912835907	-0.0033232894429240426	-0.0003304442288807914	0.0015057010638721679	-0.00016539667724008628	0.0012274109937013022	0.0012681693811983975	-0.0011796026282547014	-3.0346015320842106e-05	-0.00076560180880909	0.0003943569923584409	0.002348801093927151	0.0007074888757893732	0.0003202612337675111	-0.0007704087133107087	0.0006528655702659051	0.00039709325863811543	-0.0014066676146493417	0.0016429931929310537	0.0007291149300451558	-0.0022107875525198624	-0.0007528036860495564	-0.0004352397122947464	0.00012189964337954058	-0.00022818193975570253	-0.0016184030082579163	0.001657629671548519	-0.0011776840952725759	-0.0009745507608340134	-0.0006126882011310214	-0.0009397094876111346	0.0010627681889436129	-0.0006729375295466664	-0.00012153580390894505	0.0003382794910647476	-0.0007251591835962964	0.0015267794377476335	-0.0005189262446455622	-0.0009885384512737733	2.3400453123587744e-05	-0.0006887894131316791	-0.0006640944349302829	-0.0	0.0	0.0	0.0	0.0	0.0	0.0	0.0	0.0	0.0	0.0	0.0	0.0	0.0	0.0	0.0	0.0	0.0	0.0	0.0	0.0	0.0	0.0	0.0	0.0	0.0	0.0	0.0	0.0	0.0	0.0	0.0
GA87	0.21151943127068915	-0.0023074295667016246	0.02790980121193749	-0.010312964377534959	0.00032752074937844063	0.008263904588365154	0.001738050215248342	-0.002983305695684622	-0.004773454115609593	0.002853288137755008	0.004346809449779447	0.0001857391216919991	-0.0016674301362099165	0.0002519351377345783	0.0023539145602847838	-0.00042366371232958986	-0.004269987256896123	0.0015086413943866286	-0.0006536129849671022	-0.0023225176414955646	-0.0015662758342718365	-0.0025873881989739336	0.0019982005469042466	0.0005741621916066941	-0.0007903894970017447	0.00253372717195533	-0.00041472774127597223	-0.00013331361327382306	0.0010181788677205877	-0.0036363341972001414	-0.0008856102742010151	-0.0036546651165174277	0.00025056701595113564	-0.0008451720962941398	0.0010553523094369798	-0.00196224152277052	-0.0011470476598483095	0.002533387869504158	0.0003510357225648508	-0.0012170814869040816	-0.0010235964549059234	-0.0013303502201555447	-0.0010908102058902404	-0.0010834390765049183	-0.0006481871697881272	-0.00183336532187993	-0.0025472865470440404	-0.00023526291067006732	0.0003397373392772507	-0.000228988507683394	-0.0017377612724518837	-0.0004786624175983359	-0.0021638617818577764	-0.0022637441719374376	-0.002628104445825071	-0.0016882753503877006	0.0012934216234591317	-0.001775395558989211	-0.0014502532242730388	0.0020665007218850498	1.0619241082738341e-05	-0.0011478570274324142	-0.000700791153573958	0.0007821618036192868	-0.0015983228149646462	-0.0018030696402754865	-0.0011543652272481475	-0.00048085672990135945	0.0017473403659074849	-0.0018141058390515846	-0.0006590258553284239	0.0019578330043893916	-0.000625361050048186	-0.0030141417266370545	-0.00038160478433083543	0.0007162647975659174	-0.001744338391605297	0.003241143175541574	0.002321761078577518	0.0013494225061363508	0.0024544009478564056	0.00031499817020801243	0.0031249481489060934	0.0017797042918888803	0.0011295314543754997	0.0016815605785078624	-0.00015412587924702853	0.00046920805106817615	0.0003361961274053641	-0.0	0.0	0.0	0.0	0.0	0.0	0.0	0.0	0.0	0.0	0.0	0.0	0.0	0.0	0.0	0.0	0.0	0.0	0.0	0.0	0.0	0.0	0.0	0.0	0.0	0.0	0.0	0.0	0.0	0.0	0.0	0.0
GA92	0.18653477945168503	-0.035074902309866915	-0.01001339637169355	0.011526308928083236	0.005006555287344283	-0.008410297207762013	-0.02202284374255579	0.007982700176596599	0.031428125633726954	-0.010439112663360646	0.006518994421341408	0.01981187871153093	0.011642622681340715	0.007195098951269963	-0.00440649129580849	0.005239603151372864	-0.0029501595371847628	-0.0055355401751312205	-0.006503520312776119	-0.009804556190092975	-0.0041319655344560936	-0.0018786433796165753	-0.0023044157401654396	-0.001144908073480793	-0.002605938869325112	0.0024260889517710785	0.0003334205662707331	0.001129162367831519	0.0009898414696237585	-0.0003844193427011584	-0.00011325225798989708	-0.0018638564393681958	0.00021937265186609776	-0.00029646223127867584	-0.0002850865482997278	-0.00021049840894353901	-0.00014043544706671138	-0.001369425938131742	3.688219205630415e-05	-0.00031931673246786104	-5.22071090089909e-05	0.001439682736063106	-0.0002332019253222217	0.0020669614290908436	-0.0016187700293790795	-0.00036930902620086283	0.00015971650501945539	-0.0008232236694957279	0.0019718161260313693	-0.0007224519268889883	-0.0005276441989267964	0.0001217433415558137	-0.0012405064541618862	-0.0021567427314134018	-0.0022266225752591443	-0.0003368019480286043	-0.000174403333226	-0.0004554080197021624	-0.0016455732477740491	0.0004349088984951672	9.676006936616078e-05	-0.0002492844018760596	-0.000342632659846282	-0.0006606720606550488	0.0008662810597344019	-0.0006983268774564894	0.000498382392468585	-0.0009824905284750373	-0.0011888801426954733	0.0007700998533105715	0.0007132116569880427	0.0005024951983090741	-0.0004473235987772687	-0.0007961230067898773	0.00036448485092273954	0.0008389817003932842	0.0004903306679084787	0.0010464037705255635	0.0003810315345391794	-0.0004643281060947772	-0.00015151158824940557	-0.00016983793812814084	2.8476469154593706e-06	0.00013743308485357467	0.00020416355533044246	0.00019641497747340672	0.00032094363789727354	0.00026837210102982005	-4.6560194786277516e-05	-0.0	0.0	0.0	0.0	0.0	0.0	0.0	0.0	0.0	0.0	0.0	0.0	0.0	0.0	0.0	0.0	0.0	0.0	0.0	0.0	0.0	0.0	0.0	0.0	0.0	0.0	0.0	0.0	0.0	0.0	0.0	0.0
GA96	0.2090775122301524	-0.0006558989220644935	0.030900280903740276	-0.015478621561682322	0.0014048940333213147	-0.0012244934365287388	0.009025688880099712	-0.002674442715966053	0.0012967818329269356	-0.001915249582800094	0.0039704825374879274	-0.006873615241803696	0.004308971041613924	0.0009396177233889722	-0.0028226725416957144	0.001309687395827534	0.002622778358529669	0.00734017089452933	-0.008776818199618749	0.002538650637811376	-0.0028625730277567585	-0.0023186895629592657	0.00132140915098459	-0.0033783957444269742	-0.0019338087635372445	0.0017637681145267054	0.0029171143880716145	0.003237128866819415	0.001992523019415348	-0.0020535665805937243	-0.0020300130342262995	0.0017444400571634566	-0.00024311968314840753	-0.0015110266935822805	-0.0011439590638049797	0.0015854511073451713	0.000384966290812916	0.001066707737672024	0.0009774720970232335	0.002885285318120619	-0.00114002034354443	-0.0003951007329048265	0.0029821063661953696	-7.234597237831074e-05	0.00013623186979505624	-0.0011706461122389087	-0.00044589062105900143	0.0030203332554584314	-0.0034368017216903014	-0.002602652384656969	0.0033369474513211365	0.0003686841242094866	-0.0033318723176502655	-0.0021416308555490316	0.0007222083607904015	-0.0018578223468303722	0.0008578699902310219	0.0017498642554727275	0.0021965147876464646	0.0026079731178848074	0.0011730053539786467	0.0018458484628063325	0.00033325347906112436	0.0009602575168886068	0.001038887110530994	-0.001741684284918805	0.0009096955744931194	0.0001616855936102409	-0.0005844334589975614	0.0035237625753134355	0.002302428844210652	0.0013263721253749992	-0.0002457030295542162	-0.0009238189666507254	0.0017198429815940303	0.0008347290757107701	-0.002278668434179008	-0.0012209469350344389	0.0007680993774760573	-0.0011552450223689327	-5.419337169055459e-06	0.0015697724116872278	0.0010804076244922674	-0.0014001278194638775	0.00036193023482449676	-0.002607087900197614	-0.0005385822253859779	-0.0007038263790081832	-6.444949909477395e-05	-0.0	0.0	0.0	0.0	0.0	0.0	0.0	0.0	0.0	0.0	0.0	0.0	0.0	0.0	0.0	0.0	0.0	0.0	0.0	0.0	0.0	0.0	0.0	0.0	0.0	0.0	0.0	0.0	0.0	0.0	0.0	0.0
GB101	0.20902968257197518	-0.02586219596110418	-0.00958391310201249	0.029589138334797083	0.011268769009079827	0.009929136372774058	0.013421546299019517	0.005076273470575758	-0.008507190415427314	0.0011825602424145247	-0.0018645119348815317	-0.004541693181149628	0.005652696129399539	-0.0036533521361320946	-0.004769339028707923	0.002864573483219348	-0.0002566090602200349	-0.0004459630482520049	0.006591136363994513	-0.0002832630078671655	-0.006919365366576329	0.004829640360915402	-0.0006085243393543278	0.004037832956294771	0.00048712124480026505	-0.0012337047460496942	0.001586614913109538	0.0019515721770362033	-0.0009782887138890942	-0.0017064026366650819	-6.443094473028587e-05	0.0019140330432191718	-0.0006881006747536784	0.0015861754040689636	-0.00015712756413488392	0.0014599659888223557	0.0005175721668297462	2.2217445725262554e-05	-3.1977847902086795e-05	0.0023213604965330718	-0.0020958314618033038	-0.0013139293242375263	-0.002415552954114876	-0.00042951191339228855	-0.0010058707543724788	-0.0009447394029282939	-0.0007316072462735089	0.0007240676996979536	-0.0002584776262446511	0.0014873617652811605	-0.000928863586527956	2.098259725582536e-06	0.0021436373939237576	-0.0018342257410682665	-0.0008590324629447331	0.0012100749345940374	0.0004466096990314025	-6.372701152277379e-05	-9.920548302827692e-05	0.00016641254574117955	0.0013071433675730622	0.0009538431643453903	0.001307784109411077	-0.00044294537361015554	6.497421199790269e-05	-0.00166405430600912	0.0010058888717229722	-0.0016144425439619096	0.0005999521433243004	-0.00012066758364529109	0.0002034678617206638	0.00123491694848434	0.000648607235918496	-0.0001814763023923379	0.0007621990828971852	0.0006003667243129307	0.0017922220919380177	-2.8187164720502407e-06	0.0012481845418952488	-2.3349358851294964e-06	0.000973819284797398	-0.0011425481132748868	-0.0005123542268782597	-0.0007549076572821364	0.0004027852041723167	0.00012837766304136755	0.0004636930980059714	-0.00023250620278277405	-6.474074581780696e-05	-0.0	0.0	0.0	0.0	0.0	0.0	0.0	0.0	0.0	0.0	0.0	0.0	0.0	0.0	0.0	0.0	0.0	0.0	0.0	0.0	0.0	0.0	0.0	0.0	0.0	0.0	0.0	0.0	0.0	0.0	0.0	0.0
GB102	0.21024664209960647	-0.006629675366954562	0.01987401162275022	0.0015672577552773021	0.002634021127688173	0.005030066923162976	-0.00924025841413381	-0.008811620108785048	0.004802254022910538	0.001192398445404997	-0.001526617478021274	-0.0007677963797163128	-0.0037987388995641687	-0.0003710600429299393	0.0030823568790420987	0.0025483476398227554	0.001969144339821143	-0.002715830248760757	0.004354456941406843	0.0009760223232624524	0.004759402067103731	0.00227799548923557	0.0015034749912271991	0.004857418577995389	0.0018327959545669566	0.001360361610104794	0.0008118601002974013	0.00025209424356116886	0.0031587104997675202	-0.00024624610272248973	0.0022817388602142195	0.0007203901344715239	0.0018104083139964908	-0.0025189063546329827	-0.0008226536596803463	-0.006380438782071648	-0.0019197623960439728	-0.0006052489632145385	-0.0014952273875007882	0.00034763576572051163	0.0016579024291302196	-0.000741690801175145	-0.0010717409046860948	0.00021644058735649675	0.0009971898652798383	-0.001044798481544585	0.0004576132270144314	0.003938313734049414	-0.0008671376590906646	-0.004299846342185099	0.0004355955317117103	-0.0006914986470579257	-0.001263986374294457	0.0008462733722899151	0.0003475674660648805	0.0006713886943835619	0.001265148104049363	-0.0015885906418272406	-0.0004909184827480348	0.0031249600631469074	-0.0006735693109268501	0.00021776161123969709	-0.0010250048237159365	-0.002914918865104762	-0.0011117769581415447	-0.0030580544446755144	0.0007432745857323608	-0.0028136646159703806	-0.002764998917771515	-0.0002652889771237463	0.0015271956710230462	0.0023849049143328696	0.0007126025554454412	0.0006958433971679292	-0.0010823830808677297	0.0006827101700845841	0.0020546591489677825	-0.0032817597320541486	-0.00037424161461320786	0.0012363717398215298	-0.0012350225086079551	-0.0016713131409907735	0.002143965200578939	-0.000372753903910887	0.0015992543385944943	-0.00043412071639272143	-0.0008202105670893359	-0.0013311799800559277	0.00038595359422188407	-0.0	0.0	0.0	0.0	0.0	0.0	0.0	0.0	0.0	0.0	0.0	0.0	0.0	0.0	0.0	0.0	0.0	0.0	0.0	0.0	0.0	0.0	0.0	0.0	0.0	0.0	0.0	0.0	0.0	0.0	0.0	0.0
GB116	-0.04602890385135501	0.026952425966866894	0.0011614230072236498	0.00427530704756991	0.011032573816186298	-0.006352543811225302	-0.010288998645840283	0.011427212819448689	0.0017379491354364684	0.0003463904976483187	0.0033997239212655976	-0.002738341834046962	-0.0011421262371525012	-0.00041357955474018957	0.004946785209425291	0.003604146962386506	-0.003086498671578405	0.0040295187286240215	0.00014872434735264096	-0.0017513514709462503	0.001596585844666643	0.0014668270920300884	0.0039399025932834375	0.002470847670741443	-0.0007113296376127726	-0.0005195005000195523	0.00024468167100684645	-0.0012666213778624814	0.0021431816122310975	-0.00404278634267521	-0.0005241018080050172	0.0019036426358345156	-0.0022275694128268872	-0.0010386924498665077	0.00020338005616417446	0.0010937663322278504	-0.0007804895538114172	0.00128993469096842	-0.0004972322018190659	-0.0011918991799861288	0.0012598173307627738	0.0015794322826029868	-0.0005376314088720542	-0.0022990061295716517	0.005107688816769894	0.00429425495537012	0.0007653114583571846	-0.0013773815813876472	-0.0016875178872197533	0.0010168048875040883	0.002259879254313296	-0.0022565416840618123	0.0012812885999757195	-0.0028026088508127382	-0.0012966750262628285	0.001263134153848865	-0.0012245773167909825	0.00434137318324524	-0.00276875749545503	-0.003168429240357192	0.0004977939868269181	0.0010103692370703793	0.004098545125588173	-0.000403819512352879	0.0014056972153920165	-0.0006797798377348295	-0.0022488602955636635	0.0014352365918311372	-0.0029677937586382237	-7.865727791386114e-05	0.00247841422874813	0.0007493038728310615	-0.0031903396083340354	0.0010410625575344322	0.002477815311228421	0.0023828997890852585	0.0009644011680896993	0.0014823151015275998	0.0016736396939427524	0.0018939765830850242	0.0008887732237432978	-0.0011923563321288098	0.0011620163262354656	-0.0002442664272534681	0.0012380241915567944	0.0007678709466654383	0.00025685600726449816	-0.0007158469066175042	0.00022303949208465578	-0.0	0.0	0.0	0.0	0.0	0.0	0.0	0.0	0.0	0.0	0.0	0.0	0.0	0.0	0.0	0.0	0.0	0.0	0.0	0.0	0.0	0.0	0.0	0.0	0.0	0.0	0.0	0.0	0.0	0.0	0.0	0.0
GB118	0.2106479813450141	-0.005678595598161705	0.02119166436986031	-0.0011832723023677502	0.00255654529937659	0.00721106767106912	-0.006887906453302125	-0.00702483509790758	0.0013093074265592033	0.0015846371852411968	-0.0032459058776304795	-0.001463917451172351	-0.003953989404753611	-0.0003150754862630322	0.003570288706592125	0.0011884954994176332	0.002389861302146563	-0.002955215510209831	0.003488584638563322	-0.0019984104783524813	0.0012854533648987382	-0.0008994370978349901	0.0003228615464841513	0.00037039582614983353	-0.0005941110432837238	-0.0024237739056386033	-0.0009786880544002037	-0.0002737472785042515	0.0005932939579656727	-0.0001875163224324703	-0.0007112909743721449	-0.0007396321402612236	-0.0018833456815460978	-0.0004673251793207647	-0.0011902811464329986	0.001490644389752815	-4.3300153150462326e-05	-0.000543884496216675	-0.0007588042720507747	-0.0011219613731055466	0.0009155005968844578	0.0002033272777823249	0.0012660479986778338	0.0010607852696059418	-0.0012313211554962232	0.00024256939855892148	-0.00024773490586066886	0.0006000939268720609	0.0009723140923109986	0.00028618751378890376	3.1541083270309458e-06	0.0004546405247606311	0.0014085182742843234	-0.0007496134491295745	0.001360209418277475	0.0005374453901274065	-0.0016176533297081136	-0.00033117622285283225	0.001808614798854663	-0.004045346396188942	0.002292378965170784	0.005122593372913279	-0.00022813678874718775	0.0033859915545551324	-0.0003583730754147614	-0.0012875778763587913	-0.00036185629815764617	-0.0012968363088646138	0.0030992309046040745	-0.0006004429296891371	0.002250215713383628	-0.0031844686121147024	-0.0017928445804637804	-0.001808282241887209	0.0005300877138623061	0.0003004579162840276	-0.00125553744941127	-0.0019938336148462407	0.004696328526356398	-0.002929470253742504	-0.0007757547543865834	0.001083265637774335	0.0010125940017932968	0.001238362047216112	0.0008403673623976853	0.0007519492961562519	0.0010449963360297438	0.0009252256042831181	-2.0280375849081993e-05	-0.0	0.0	0.0	0.0	0.0	0.0	0.0	0.0	0.0	0.0	0.0	0.0	0.0	0.0	0.0	0.0	0.0	0.0	0.0	0.0	0.0	0.0	0.0	0.0	0.0	0.0	0.0	0.0	0.0	0.0	0.0	0.0
GB119	0.2101052157317386	-0.02296189881353177	0.020683121980601044	-0.02406025291357264	-0.00039963314621048885	-0.0035715615600729967	-0.007216497182499935	0.0017798544973992056	0.002988063393780388	0.006621457052309496	0.02002815975083472	0.012642838721352507	0.021965066302694073	-0.0018295354620377123	0.005672272795237434	0.003992336642518823	0.002990573161140762	-0.0015698135808799398	0.0010466997485608445	0.0037256558116338296	-0.002858793708000626	0.0011718116462453617	-0.0006961681900885693	-8.549664663887905e-05	-0.0004296214964744953	-0.0011741838290756242	-0.0003477250962778146	-0.0020146135777020244	-0.0015746516584133716	0.0004431521422392892	-0.0011795636900275824	0.0003525280824696186	-0.000590056028674224	0.0009679269413187907	6.160832553527091e-05	0.0017209648942879362	0.0005208929695766721	0.0006669171073412059	0.0001504717613758201	-0.0007620478205701627	-0.0007696168043291587	0.00022014975076043645	-0.0014829652024318843	-0.0011723833565358763	0.0014508938667233595	0.00283022445484992	-0.0014086002505522349	-8.530192555691101e-05	-0.00040853528349282185	0.00166911072597962	0.0007678459571992269	-4.318882669407889e-05	0.0003093192642248238	0.0025359791567570685	0.0021688648267936855	6.547420946164425e-05	0.0011008337573098687	-0.00020292925221846692	0.0014409054948153778	-0.0008925028934795232	-0.00015905562318288454	0.0007447890712938262	0.0002344605156592046	0.00047486473617780375	-0.0012398092193403151	0.0005242636771401808	-0.000734682846961675	0.002043160182771958	0.0009431739806706257	-7.140067189327881e-05	-0.0006975967631782102	-0.0005435754811430236	0.00012673841171883583	-0.0005093208418673774	0.0005348461143196502	-0.001010126365401964	3.514397052516242e-05	-0.0009209585713794541	-0.0001583310831381276	0.00042856462303194774	0.0010799624813781514	-0.00040902775965871447	0.0008479904147926662	-0.0005637387886145663	-0.00048222525041122336	-0.00019548835616871253	-0.00032632362170322525	-0.00010943008257412607	-3.836930370873742e-05	-0.0	0.0	0.0	0.0	0.0	0.0	0.0	0.0	0.0	0.0	0.0	0.0	0.0	0.0	0.0	0.0	0.0	0.0	0.0	0.0	0.0	0.0	0.0	0.0	0.0	0.0	0.0	0.0	0.0	0.0	0.0	0.0
GB127	-0.18480514021288086	-0.003367718228701404	0.018044385550200603	-0.0053740240862746435	-0.0046485792763688695	0.008013973766567125	0.010672672670675834	-0.001350200169651552	0.003580370998973353	-0.0038520282485461237	0.0027030180569898154	0.0019928188999748233	-0.0012103357567372491	0.002582292228542361	-0.004659136610487742	-0.006240646163184618	0.0016933064773134495	0.0002616797566733868	-0.0007929136752838537	-0.002027954521125968	0.001983191278140547	0.005034662309401509	-0.0026763602421554992	0.000939553587422098	-0.00162043231636071	0.0018717584208266462	-0.004501648573853177	0.003804795559766129	-0.005288892798677648	-0.0006040693853198525	8.673180940059209e-05	0.0011804629633446364	0.0008329526447639807	-0.0029078552999045226	-0.004845013094946308	-8.241482010820742e-05	-0.0032595633264391258	0.0002498070978526475	0.002253103537526902	0.00291316335913998	0.004721832151912378	-0.0002999337549890001	0.0012323779515902554	-0.0028836933863925513	0.008036271494549753	0.00095037517627693	-0.0044863686920833075	-0.00046443859591992675	-0.00248183046783694	-0.0008727951367465158	-0.003216533952632698	0.0018545715605752004	-0.0007908937808522036	-0.0037453535453403322	0.0016151366382432953	0.0007542557988047379	-0.0028080353593379977	-1.7642955218555304e-05	-0.0031574009450698773	0.0020278093617652655	0.0015197406471924408	0.00442524824974269	0.000135838535012193	0.0006448041948161703	-0.00043996180600602115	0.0014899482534214768	0.0015649750019927115	0.0009687218814365171	-0.0006149452216575554	-0.0043781528583817855	5.2555613515881735e-05	-0.0004764431274274669	0.00033346744522803136	-0.000492447947213417	-0.001204690812044735	-0.001726231155049996	-0.0019256976461751445	0.0014903650628073537	-0.0017691328386413626	-0.0011195553752022765	-0.0007774777283292031	-0.0011852193361975105	0.00026422132336195183	-0.00047072124035166946	5.3070138048718404e-05	-0.0003037714399983847	0.0004790165381565774	0.0006342961496459529	-4.8811834955491375e-05	-0.0	0.0	0.0	0.0	0.0	0.0	0.0	0.0	0.0	0.0	0.0	0.0	0.0	0.0	0.0	0.0	0.0	0.0	0.0	0.0	0.0	0.0	0.0	0.0	0.0	0.0	0.0	0.0	0.0	0.0	0.0	0.0
GB128	0.21133613943793286	-0.0021788708082803284	0.028571148377415263	-0.010765993584347823	0.0015111035370440214	0.008052340303550277	-0.000840419110213532	-0.004056834092054812	0.0026243778597678726	-0.004828077062807703	-0.0008867908326940998	-0.0036491488724326045	-0.0008303969717015818	-0.0007264879223547116	0.003213226717793702	0.0005259513335959077	0.00033559752493502576	-0.0009867097857736236	0.0031071268386588077	-0.0016040063339489321	-0.0006109019144268178	-0.00013658325931752786	0.0015910121997015853	-0.0010475393311402672	0.002878687808919336	-0.002096922561223098	-0.0015505980389875196	-0.0022287857109959557	-0.000377085342797405	0.00023438627042812879	0.002493947332394289	-0.0010880547311861754	0.0018578857540732703	0.00024056084467476572	0.001382973307423421	-0.0010231602468644791	0.0017251824094332274	-0.0002948016808973453	-7.934389159579295e-05	-0.0015618019673173742	-0.00044522121848744584	-0.0038384888490423192	-0.00033879409684231803	0.001287832745297752	0.003698908239038641	0.00030694639398109856	-7.380535512218807e-05	-0.0028296425826510904	-0.0005217150496975676	0.001113032269567441	-0.002076218864905359	0.001352269187681683	0.00023156023674288881	-0.0014908326990450687	-0.0009067568955623046	-0.0001082120438980494	0.001753443177128792	0.0032097786893102837	0.0006744269928139928	0.001569570398274005	-0.00036601093054091337	-0.0030684203429836086	0.0002457854343488788	-0.0015332667917263222	0.0004983248993179747	0.0058261991018698405	0.00047023121701865163	0.0016365382915609864	-0.0006494746512634889	-0.002637878825674766	-0.0012740711009270192	0.00020497275988361807	0.0009251589567566658	-0.001061446293056901	5.14656192567325e-06	0.0005795832490834078	0.0035643982513375843	-0.0008588620781944225	0.000519009741534047	-0.0030255018001045632	0.001507100321309692	-0.0007697531631867113	-0.0010518879830006215	0.0012860195121684602	0.0018953496260452239	-0.0008601834562770192	-0.001345953168873138	0.00026978786250053574	0.0005447746526129378	-0.0	0.0	0.0	0.0	0.0	0.0	0.0	0.0	0.0	0.0	0.0	0.0	0.0	0.0	0.0	0.0	0.0	0.0	0.0	0.0	0.0	0.0	0.0	0.0	0.0	0.0	0.0	0.0	0.0	0.0	0.0	0.0
GB130	0.09760013685019282	0.01440225393469991	-0.002872560882148474	0.0072244084788816955	-0.018192322170601693	-0.0019642419618642257	-0.0033367567335252845	0.001172254563410624	0.0006909313453260095	0.006306510387994194	0.00038052188658195237	0.0013743789782300398	-0.004717123583535185	-0.0007504014397307063	0.004843916683422833	0.0034012911888046627	0.000414318098079725	-0.0040608610571583135	-0.001574182656619919	-0.0011026016284531193	0.0026808730430638527	0.002484017571914319	0.0017750491773115855	0.0017167155811850699	-0.002525751339637039	0.0030840197679980904	0.0008823767734167026	0.00012189954535864794	-0.0006223641465651222	8.978191931587427e-05	-2.834519268593885e-06	-0.0011912700393438838	-0.001485788092130149	-0.002319867299565083	0.0006105072962789997	0.0018287202581344464	-0.0002961691097010053	0.0014047226192207519	0.0003400725749479038	0.0014780966954476744	-0.001281019945339687	0.001910559614425717	-0.0009873759873458784	-0.0012021436273341622	-0.0013258959243618769	0.001896372249165046	-0.0014159225445523798	-0.00010272790035089395	-0.001176807005657584	0.0005236036376011813	-0.00040644331733224727	-0.0008934821267027794	0.0015986720868481842	0.00235283333471284	1.7971876273786203e-05	0.003249196092207892	-0.0008945553517468559	-0.00404631649682665	0.0020712273308340357	-0.0013961380349404823	0.0010749155618219007	0.0031505662047506522	0.0015705173013992133	0.0011970987550791567	0.0005898060453540161	-0.0011738134039687245	0.0014466270938536764	-0.00016371687066301413	-0.001486366511233494	-0.002020615815972358	-0.002022623155258742	0.003646542173370887	0.0025082002934831804	-0.0007634672737239258	0.00400923786512551	-0.0018666173764839136	0.0007488460853005112	-0.001213190022391512	-0.0005083554668543703	0.00035708214921768947	0.0012028155041117962	-0.0021176714634065915	-0.001072968062097586	0.0011932807832842382	-0.00015838115115400758	-0.00029572651066557044	-0.0012632689145220034	0.00031030713757447445	-0.0007954464994331708	-0.0	0.0	0.0	0.0	0.0	0.0	0.0	0.0	0.0	0.0	0.0	0.0	0.0	0.0	0.0	0.0	0.0	0.0	0.0	0.0	0.0	0.0	0.0	0.0	0.0	0.0	0.0	0.0	0.0	0.0	0.0	0.0
GB144	-0.015801930987599085	0.0312761795905537	-0.0015530523402025953	0.018370006329333614	0.015040603914827479	-0.02265728725870029	-0.028088328121652975	0.04246694536223349	-0.006970576965873839	0.012499389023256209	-0.0008059495583831792	-0.0024448874118355324	0.001599425838084078	-0.00454474179268152	-0.004452619271240233	0.0023315877287540566	0.005826117883903589	-0.004876581641039707	0.0011780920997676808	0.001247462261515119	0.00455004421730015	-0.0001065896175102567	-0.0010976833692630658	0.0025009121677672663	-0.007601641788302282	-0.004508257379675223	-1.1212046160485462e-06	-8.310845109734297e-05	0.0025713712022374003	0.0012950194434853937	0.0004949112600412943	-0.0007543883852509899	-0.001762088987785871	0.0007410570368635191	-5.56820571181865e-05	0.000600066054821577	0.00019075876267396366	0.0004593306423015097	-0.001314806508558584	-0.0008211635518225472	0.0003792775834391904	-0.0021103360981197215	0.0013935667168036355	-0.0024194276911254846	0.0007986967639256996	-0.0009077905539556356	-0.00046459469670360554	-0.0009735919313129841	0.0019234463631626056	0.00015936630996957944	0.0003414922523948503	0.0007086540540996419	-0.0002855478663475438	-0.00023292821655809365	0.0003539157303166392	0.0013509608810259462	-0.0016100572604840207	-0.00023001860313741763	0.001422755321407619	0.0012059423765253877	-0.0011552295299712583	-0.00033567133907083294	-0.0008878741629371528	0.00015587692822702408	0.0002306759641225201	-0.00041347676804010024	0.0007517984484234176	-0.0002041369196522667	0.0003507895051465672	-0.0005008969710496265	-0.0012044037116183035	-0.0004727965825159505	0.0009112397782173581	0.0006500804111405521	-0.0011768867215420668	-0.00026451434625903255	0.0005041050133632037	-0.00047816241745395234	4.048098524830368e-05	0.00010165748182690657	0.00027799023543935355	0.0001594478695717737	-0.00038209291766805905	0.0002414372950457126	-0.0004040660607824234	-0.0002330710742036846	0.00010080806890945385	-1.4570087796153214e-05	0.00021634374602424837	-0.0	0.0	0.0	0.0	0.0	0.0	0.0	0.0	0.0	0.0	0.0	0.0	0.0	0.0	0.0	0.0	0.0	0.0	0.0	0.0	0.0	0.0	0.0	0.0	0.0	0.0	0.0	0.0	0.0	0.0	0.0	0.0
GB147	-0.252638101728879	-0.010617394713431953	0.03628421792229199	-0.0009481158942542144	-0.0010874806651970516	-0.0015540062971729444	0.005000726557756819	0.004018251986582703	0.002929504064412761	0.0004461598307014785	0.00592629913664927	-0.0045762601805651535	0.004995660947414256	8.5676673245722e-05	-0.003353838350159881	0.005992292385085933	0.010910700543263542	0.006275575419783679	-0.00955031897478085	0.00300920220260152	-0.007275317648458564	-0.0013533038718136115	-0.003241425200032388	-0.0021166337778532763	-0.006102846980367821	0.0011162622250155104	-0.0001985321630378703	0.003983543194757427	-0.0015280793435137204	-0.0015911672271902925	-7.379972091286897e-05	0.002797154076769576	0.002316083247283227	0.001138536721099541	-0.0006013563601218301	-0.000916781859812604	0.002241638877888057	0.00024655768686810775	-0.0003690563677734175	-0.00041306457850960897	-0.0016626514994835756	-0.001000248294080143	0.0016097300316145198	-0.00010901775120100242	-0.0021673290623267978	0.001359529103465683	0.00035657914606683266	-0.0007272322279069399	-0.0030267624804494048	-0.0011728204304872047	0.0036197431296728214	0.005302441372821291	0.0026348206473064484	0.0012832672442561637	0.0013257300564284823	0.0012065627691901512	0.0004365066046023567	-0.0006661829638176274	0.0017481965839300606	0.00023551480101413277	0.00039870299182643616	0.0033493336855889458	-0.0005186364724998287	-0.0005051244779984604	-0.0006957332577926043	0.0012512904990976074	-0.00040158742614413345	-0.0014208952035961657	-0.0003041190130103299	-0.00023816474072439474	-0.0012114602079649644	-9.62765985093409e-05	0.0004224824571291192	0.00048081764606296276	-0.00013762638453601277	0.00022852437544942326	0.0010114666524676766	-0.0019083765352523416	-0.0005577414487280521	0.0003022273549237895	-0.0003206483224167614	-0.00016729835371504442	0.000634595475070964	0.0009252703880006824	-0.0001764035351591674	0.0008312249361257102	0.0006287681541915374	-0.00029430606561954564	0.0007135644802013547	-0.0	0.0	0.0	0.0	0.0	0.0	0.0	0.0	0.0	0.0	0.0	0.0	0.0	0.0	0.0	0.0	0.0	0.0	0.0	0.0	0.0	0.0	0.0	0.0	0.0	0.0	0.0	0.0	0.0	0.0	0.0	0.0
GB149	-0.21581582763432638	-0.012144100841576603	0.024822450436576812	-0.0010226106931556492	-0.004643567930903648	0.00553229732946025	0.002342061509298771	0.00041248764026677646	0.0006432280210506154	-0.000830771322487463	0.00022994392662731937	0.0009806895177474867	-0.004713163737724331	0.0013317743270829757	0.0010737838758431279	-0.003140764273936903	-9.171075592789958e-05	0.0024586660495269043	-0.0012545765456007465	-0.0015323144163181407	-0.003000498965695877	0.002830460795546052	0.00584765467150155	0.002036973557106541	0.005081785908114424	0.006315350157032577	-0.0030959629800399076	-0.0015224913548669734	-0.00271687258082292	0.003202714819597949	0.006990907588729926	0.0010409061162729427	-0.0017607682039923452	0.0037656641295680934	-0.006895448773063546	-0.0020539852117191382	-0.006429080210226195	-0.00023386605245460617	-0.002218660828410706	-0.0015776264239581908	0.0006619178609297727	-0.0006695046596437626	-0.000236035268761067	0.0015046468848622092	-0.004302602616087853	0.0026378298308935805	0.003386054874759213	-0.0005713787260476585	0.0018463465568291585	0.0018802462665940534	0.00121619440424937	-0.002300609235594157	0.0033273873490686015	-0.0015672045914435528	-0.0009677347281710537	-0.0003181009604783195	0.003144258422186076	0.002814524114917769	0.0027156669216380513	0.00017093975282322506	0.004509297027543129	0.002375852854553389	-0.001093169556344141	-0.0009119840997958172	0.00195697053090461	-0.0007411142587210454	-0.000757220830540321	0.001703885126196742	-0.0038568265717829177	-0.0004856946997262623	-0.0012666535662469568	-0.0006227874686125921	-0.0018904517725326425	-0.001093194354783972	-0.000621253530201746	0.0003746338467551059	0.0001230900116223083	-0.000531567193396735	-0.0004883527848279516	0.00021742628388789112	0.0009958732272445604	0.00018524435645328984	0.0005390999212065516	0.0009144198543494036	-0.00043531532690236057	-0.0013932648630626833	-5.8239155327933356e-06	0.0005078488829392017	-0.00030239756436512395	-0.0	0.0	0.0	0.0	0.0	0.0	0.0	0.0	0.0	0.0	0.0	0.0	0.0	0.0	0.0	0.0	0.0	0.0	0.0	0.0	0.0	0.0	0.0	0.0	0.0	0.0	0.0	0.0	0.0	0.0	0.0	0.0
GB151	0.2105838152881889	-0.005879527788367549	0.020643260662215987	-0.0005433778936142027	0.0019524881924565692	0.007406538860308638	-0.007201152692801139	-0.007017536042710066	0.00023518075465573746	0.0031061003145813866	-0.0004984214568829689	-0.0005443377551260395	-0.0036038612008349193	-0.0004534242805854456	0.003050390594499838	0.001640916957971572	0.0011760214145466977	-0.0009080910031021304	0.002279670742327973	-0.0020355494448261032	0.0018119978631162283	-0.0003104552446415806	-0.00019418203716875702	0.0011818556772171084	0.001378802462546548	-0.0012416456593237202	0.0005986061429755772	0.001369632430342085	0.0005529081979541345	0.000305214911950456	-0.00029837141033516864	0.002954296840826411	-0.0004947304508286259	-2.661954351347577e-05	-0.00015461956763057003	0.00016593130108605905	-0.0012805360284992677	-0.0014831185632943216	-0.0016859073915579533	-0.00023629877604602477	-0.0006213874126160606	-0.000831403261049313	0.0010830661520652935	-0.002491238946830662	0.00042518084449293076	0.002664011005810949	0.0004476582183937436	0.00011109369345596313	-0.0008578063396026727	0.0006549052904871626	0.0019634551266586643	-0.002134044942706853	-0.0015084443933780565	0.002712851232764858	0.002453929913816724	-0.0017981706217822919	-0.001564825308020621	-0.002066152327884536	0.002088325188322462	0.003387593620273963	-0.0012953948599221646	0.00037265297419276824	-0.0010054078794844684	-0.0025173384245229333	0.003367881793816298	0.0037323663434380345	0.0014929550928936947	0.002060174247421594	-0.0007130728317047767	0.00450767866206249	-0.0005665453110471536	0.0013193660204242133	0.001279764732065341	-0.0012601951420280846	0.0013775667671023768	0.0013574640092993942	-0.0020759139300838233	0.003933371764474545	0.001349921216551511	-0.0034176619300150986	-0.0006762509205364014	-0.0027787779883916798	-0.0010301539526139786	0.00019177032042059247	-0.002295954662576264	0.00023890668823237055	5.3395914390420606e-05	-0.00016886037329932893	0.00034579240242307244	-0.0	0.0	0.0	0.0	0.0	0.0	0.0	0.0	0.0	0.0	0.0	0.0	0.0	0.0	0.0	0.0	0.0	0.0	0.0	0.0	0.0	0.0	0.0	0.0	0.0	0.0	0.0	0.0	0.0	0.0	0.0	0.0
GB155	0.18184157896168604	-0.006699393726314521	0.0016605483047446449	0.015394930711927712	-0.002168694288472242	0.0006189253690568094	-0.0025523489872111334	-0.0015925964277201906	-0.0027480167338519526	0.008558532405309979	-0.000907281139474676	0.005265072883061949	-0.0015140024480216493	0.0008530230663396771	-0.008038140870130535	0.0007427087685865302	-0.0035622127841185096	-0.005027127115970771	-0.011428087258058396	-0.011478685633958558	0.0002106517157621407	-0.0012398499197100506	0.0004981644068335642	-0.0032995165063061235	0.0019782148016795763	0.00020733692476473063	0.0005515506182099684	0.00025274592288801316	0.002747947324569093	0.0015121259532808705	-0.00046914671701244934	-0.002480491048700937	0.00012349548382046467	-4.464298371074297e-05	-0.0014754345310583874	0.004619177749569364	0.002034615833827934	3.110692703658368e-05	-0.0011190945542386957	0.0013688042145444074	0.0009061447186928498	0.0011896552018811953	0.0010876086794638022	-0.0019130846464720855	-0.0010410796357704104	0.000971312449081165	-0.00147776427532046	0.0018899200979754815	7.33106060049878e-05	0.0019111205594641832	0.001926851710355611	-0.0015364470833062174	0.002763062466235148	-0.0016308154108361384	0.0013450770495572228	0.0016670744236768138	-4.20175148473007e-05	0.0013178678105802647	0.0016949318199520713	0.0001685806163559133	7.406519588173888e-05	0.00035607405326172457	0.0017390831875835331	-0.002748423985888753	0.001377668145566309	-0.000617455317814448	-0.001995770689113049	-0.0007227169707933489	0.003751554910450174	-0.00045374454800497995	-0.0011860486755326234	-0.0006561359066598108	0.000636600721020696	7.682601293064568e-05	-0.0032072350261684035	-0.0010726120641390694	0.00040181374879066575	5.490476433065324e-06	-0.0005389631953113328	-0.00106961895569255	0.0011404973352710968	-0.0008680548841874773	0.0007824503362604833	-0.001859561876722539	0.0017296840359213837	-5.894873275816766e-05	-0.0004589921459319	-0.0001255041455631764	0.00017673998176681016	-0.0	0.0	0.0	0.0	0.0	0.0	0.0	0.0	0.0	0.0	0.0	0.0	0.0	0.0	0.0	0.0	0.0	0.0	0.0	0.0	0.0	0.0	0.0	0.0	0.0	0.0	0.0	0.0	0.0	0.0	0.0	0.0
GB157	-0.30561689809877773	-0.03672372482729515	0.04885808114080597	0.009403133415615841	-0.005038898062067935	0.0037046615504453396	-0.014144658074321866	0.009283645172575492	-0.010165163344617931	0.004681219471199435	-0.009501471392708068	-0.00016653660934579177	-0.0046384290774549135	0.009929151893702285	0.0048592570168632465	0.012081051153848674	-0.0007502971338717195	-0.00491426854299588	0.0010364348563109821	-0.0020547756808666708	-0.0020226855545806316	0.001080182003595585	-0.0010837322440996906	-0.00263442878749912	-0.0022511633171271505	0.004503146936259662	0.0016117520363282123	-0.0004988062010454145	-0.0009919624871021415	0.0003055760654202448	-0.0007628742444361421	0.004546388545462669	-0.0010616017839295453	-0.0002638162635403805	-0.0016002937160372016	0.0014374264446605062	0.0008346945606179574	0.00417556802484379	0.0007433949755791869	0.0005722630078611377	-0.00045606632349351684	0.0015011069169676306	-0.0026321100021190745	-0.005903920345851483	0.0026519986121334637	-0.0021346058607458803	0.0017532869181459648	0.0013403692286901284	-0.00074682378099037	-0.00033531832942022507	-9.488797529895342e-05	0.001104551608548548	0.0008937871805208037	-0.0003413093357245408	-0.004319736771448436	-0.00646031476279556	-0.0010412288905793429	-0.0028088294714433966	0.0007072015597146226	-0.0012926496172308037	-0.0021347364674316922	0.0020834358129437174	-0.0024032841528712537	0.0009764476427269804	0.0008616245151667416	0.0015344673097446822	-0.0033554148299351945	-0.00038296308684894297	-0.002114434435386908	0.0006039785192854885	-0.0010850633804411235	-0.0012218285507953086	-0.0006032105240840955	0.000658751985486043	-0.0001785410629428637	-0.0005915888463300224	0.0007511028149664266	-0.00029990391492683505	0.0012416915256967692	0.00047286784743164913	0.00027027607703308457	-0.0005616699404962489	-0.0010694542848441	-0.00037616995781591413	0.00015005115091817778	-0.0008472512417369737	-0.00033085151610032026	0.00032365009054697663	-0.00036640235750601757	-0.0	0.0	0.0	0.0	0.0	0.0	0.0	0.0	0.0	0.0	0.0	0.0	0.0	0.0	0.0	0.0	0.0	0.0	0.0	0.0	0.0	0.0	0.0	0.0	0.0	0.0	0.0	0.0	0.0	0.0	0.0	0.0
GB164	0.1834855839707258	-0.007428522201353707	-0.0018864319684659655	0.01786386896616086	-0.003457843055965749	-0.09059787274373882	0.01823068550929494	-0.01324574769579851	0.004795621682821914	-0.00265214490880812	-0.0015527092338068894	0.0045231746469283655	-0.004474492172128086	-0.003155119729936978	0.0028463288271180086	-0.007156448703250504	-0.008957978414523638	-0.007188574650256479	0.0015627600680532794	-8.122781853604621e-05	0.0005770237725582327	0.0011795987163389495	0.0029906674661746616	-0.00022425679089059403	0.0009011967241112287	-0.00033360572835540756	7.031974262477758e-05	-5.0857925533606276e-05	-0.0004941857485728701	0.0012056393897661984	-0.00010872484677278278	-0.0004927137783120016	-0.00054814102851252	-0.000631018031262707	-0.00014032738663413453	0.0010090935904932081	0.000982983956262271	-0.00037601688784252537	-0.00011427451458464151	0.00015580818450530102	-0.0006459759650276572	0.000576032152877676	0.0006993922951973379	-0.000500927308986273	0.0003832830272252907	0.0008138152034298895	-0.000376894059860666	-3.581888642686214e-05	-0.0007399180311077357	0.0006216963743227907	0.0004900315803670111	0.0011878368985450902	-9.740937827708582e-05	0.0006367072469288332	0.0011084592618329937	-0.00045724039549109146	0.0006353101340253225	-0.00019953583112898712	0.0011993558685137067	-1.7103357388306952e-05	0.000260511713046502	0.0008721173920443121	-0.0001134881991292074	-0.000640933873939559	5.984326441366316e-05	0.0006737281391885825	7.858845255812944e-05	0.00044574674726502813	0.0005311187048024608	0.0006239074979488428	-0.00014288419457192007	0.00020296771474119139	-0.00016398165715908114	-0.0002986132071473236	0.0003172202657669414	8.718614824444294e-05	-0.0003469451388081255	-0.0004670128555630089	-6.577011065146957e-05	0.0005321302534169754	-6.106734942219915e-05	3.8626138449295396e-05	0.0001663645459406882	-0.00028833262287058506	0.00017839991254862413	0.0002821577612372093	3.242336329184471e-05	4.340207348799473e-05	0.00012223057151687224	-0.0	0.0	0.0	0.0	0.0	0.0	0.0	0.0	0.0	0.0	0.0	0.0	0.0	0.0	0.0	0.0	0.0	0.0	0.0	0.0	0.0	0.0	0.0	0.0	0.0	0.0	0.0	0.0	0.0	0.0	0.0	0.0
GB165	0.21077200283488753	-0.0037278704381467687	0.025904736368490625	-0.00782049161380308	0.002607034011167424	0.0006060619382318295	-0.0003532637533663127	-0.00690945254159606	0.0030377121746026636	0.001469179605951138	0.0007801828834079833	-0.005603481325250849	0.0009877704443185353	0.0007102440349769332	0.0024007879674853576	0.005266272162453075	0.006190558919701487	0.004543604597606799	-0.0029662426080513827	0.0014245227959034984	-0.0001613571613232544	3.6000806207952015e-05	0.0017717898359417479	-0.0005516331571103244	-0.0014413795173237245	0.0002548615130613596	-0.0010055081532530776	0.0019033938202230153	-0.004039929974204727	-0.00027942873057710475	0.0017968354820209335	0.005185495705215098	0.0015286186935059161	0.0020108009500877004	0.001830053792974617	3.410252686553195e-05	-0.0006928855303400108	-0.001035006191195462	0.0019158145531190441	-0.001494563677380429	-0.0017069569174157013	0.00233182104538716	0.0019393341134352155	0.0010203308413381722	-0.000376990398353817	-0.0005469121621868635	-0.00018137875525210906	-0.002337401431373449	-0.00043187630902953084	0.002615131291333053	-0.002651945967087631	0.0031301040746474834	0.0036344004742223197	0.0028499170120481476	0.0004396926683062687	-0.00031257798916031006	0.0005015305039886818	-0.0026752304007920933	0.0012845896425789849	-0.00021720259126029653	-0.000501428269276186	0.0011180005340488178	-0.0011114153856282064	-0.005038292198770394	-0.0034540956190857834	0.0027250433015465706	0.0011024980956971043	-0.0011059232965758747	-0.0008212467102144849	9.154157190832427e-05	-0.0004209868985276779	0.0005685074587280733	-0.0018675720228146047	0.0005358846296141476	-0.001928883363686523	0.0006925138121542269	0.00017137421109331063	0.0010039603995706699	-0.00023931852351263326	0.002097597819803657	-0.0012679191144691674	0.00019699410400217596	-0.0010983110791815854	0.0003324551319825718	0.002278783409824156	0.002032399996822854	0.00029352614388229704	0.0006843790750140956	-0.0002020401762233958	-0.0	0.0	0.0	0.0	0.0	0.0	0.0	0.0	0.0	0.0	0.0	0.0	0.0	0.0	0.0	0.0	0.0	0.0	0.0	0.0	0.0	0.0	0.0	0.0	0.0	0.0	0.0	0.0	0.0	0.0	0.0	0.0
GB169	0.20383340515892936	-0.007785284237494872	0.0156983515560256	0.005678408852838168	0.00212641494165077	-0.026237187401303413	0.003926972791193007	-0.015649359713550897	0.0015690003647135643	0.009300513571804404	0.0005283171598636212	-0.00949188093492254	0.00024033842703605053	-0.00032338243911154746	-0.0015534143930818237	0.00943266380934176	0.013960394295814455	0.0077311677494276	-0.002170809353312834	-0.002737191117199879	-0.0001662307150505502	-0.0019254560098306026	-0.006996334061684398	0.0016432571465142458	-0.0012358902263026454	-0.0005961359590823072	-0.0007927339846417356	-0.00010797747722773613	0.0010562013295882882	-0.0016345514630550944	0.0007307072800566505	-0.0006708223931879397	0.0005359768052405049	0.0011614121355957316	-0.0007181998044936883	-0.0011887700331111258	-0.0012805545050492376	-1.4296372249106404e-05	-0.0012499989149928712	-0.0012967092057530529	0.00175645745489083	-0.0017170363038617833	-0.001757279671473826	0.0007289779315415613	-0.0010943929217489049	-0.000833797444458753	0.0005897726989620022	-0.00010985634323010084	0.0018809212007480404	-0.0009971405797208042	-0.0010956446635417446	-0.0028929747264275422	0.00041445273454723217	-0.0015897988843410705	-0.001904904792583657	0.0009646352745724989	-0.0016042781203813188	5.807716955432243e-05	-0.0030635116243089306	-0.0004299485020254167	-0.0002846003375320454	-0.0025112060262661995	0.0003945233062930679	0.0021151817044393014	0.0007853086314039395	-0.0011138990585781287	-0.0010838481161778279	-0.0007861188120283607	-0.0007786577620066951	-0.0017134314089355927	-0.00017211381384119243	-0.0011257027939072484	0.0008537640640528361	0.000627306839701089	-0.0010488695051525455	-0.00023136837220994675	0.0015867462168037867	0.0010588583437166296	-0.0001344487070285749	-0.0010729639268056352	0.00045634886096200495	-0.0007442906035188564	-0.0004599292144972345	0.000987602757577567	-0.0011075685284123427	-8.000434451072856e-06	0.00033278916100258155	-0.00014124896533944286	-3.9990222236825495e-05	-0.0	0.0	0.0	0.0	0.0	0.0	0.0	0.0	0.0	0.0	0.0	0.0	0.0	0.0	0.0	0.0	0.0	0.0	0.0	0.0	0.0	0.0	0.0	0.0	0.0	0.0	0.0	0.0	0.0	0.0	0.0	0.0
GB175	0.18751569696365433	-0.025081111297919574	-0.016746669280882077	0.031107437481654017	0.00843659860483574	0.004684380589723823	0.01859845377739796	0.012126277607253287	-0.005252483331628402	-0.006757892961446559	0.003395010556104108	-3.257829907662144e-05	0.00047128981366848893	0.0007121768969359439	0.0035861233818722652	0.0029395664796261697	0.005362401715193018	-0.006233561750590193	-0.0032848245427931325	-0.006259661861745426	-0.00020688634688420296	0.0005113629213264855	0.002323868365537179	0.0018075757969934429	0.0013512999419166532	-0.00041764423169747306	0.003910786430028723	-0.0050416858079658415	-1.845921151194854e-05	-0.001078153266899055	0.000342045951485626	-0.00484071446678364	-0.003085143350033023	-0.0015212678856565995	-0.0021179223270088366	0.004425738164972043	0.0015472870451309253	-0.0008209709646531661	-0.0008697346537262207	0.001189713391662061	0.0006553556260341854	-0.0006344759934637231	-0.0002533024611991705	-0.0006647548184917593	0.00010293559883271031	0.00036106166926713697	-0.0024732078479428555	-0.0021087343275166554	-0.0007784514870956714	-0.00030538464053219495	0.00047279956818531665	0.0030875059903446612	0.0002328821772074675	0.0002683381240114833	0.000689655691218324	-8.704045688912939e-05	0.0005661459784087998	0.0011432260766558017	0.0017401475124005294	0.002443435149421579	-0.0005619974163479141	0.0008144168496956939	0.00023255183095960538	-0.0011499398007936228	0.00034770881580848886	0.0015020740603247378	-0.0008577303084492606	-0.0029025439025421687	-0.0007177709995762403	0.0002666842011348107	-0.00021815947056349214	0.00013163983217060092	-0.002124056122344955	0.0016138939690023622	-0.0016500661201768305	0.001823556534276309	-0.0011002570418722766	0.00024504021132948394	-0.00022446561942614186	0.0017342184624710578	5.04849685599238e-05	-0.0007324568512925131	-0.0005458183020700309	0.0013290481888866541	-0.001399509591967126	-0.0011453926858958825	0.0009334804432769087	-5.1286074989618874e-05	0.00026857832108914063	-0.0	0.0	0.0	0.0	0.0	0.0	0.0	0.0	0.0	0.0	0.0	0.0	0.0	0.0	0.0	0.0	0.0	0.0	0.0	0.0	0.0	0.0	0.0	0.0	0.0	0.0	0.0	0.0	0.0	0.0	0.0	0.0
GB178	0.2132150388152819	0.0009401706279537227	0.034799190070125725	-0.021733125768235183	0.003143610693412634	0.008129800874259012	0.009606496967106576	0.0021920347160768305	0.010054820940102556	-0.0158739303008666	-0.004145135547697324	-0.004334367621906095	0.0005294877918316803	5.456886219884237e-05	-0.008878952872133404	-0.0020939254628042307	0.0026242016812486925	-0.0031514360759348167	0.005874026445168855	0.0016713403465912454	0.003990755820499751	0.0024270227679046284	-0.001706963487533263	0.0007718242100066539	-0.001231362490103091	0.0021094356452125668	0.002118127719360726	0.0005445012349076266	0.0004171422943862401	0.0008798821582809238	0.0010207767329253315	0.0003593539238861134	-0.0007496039364046592	-0.0042951779159077766	-0.0011746894736383397	0.0021845206761833555	-0.0007383854723569272	0.0003383354166586424	0.001528848105255366	0.0006837299511781303	0.0015885643683139338	0.0012687784886340986	-9.8384638125363e-06	0.0006274545849953816	-0.0030629125769623755	-0.0011350938415450264	-0.0002561966469475052	-0.0003731344454496617	-0.0016252487612909814	-0.0004974299971848295	0.002193153684453604	-0.0016987531726898731	0.001371401962432027	0.00011377417622860392	-0.00028155336293338764	0.0029100950986479307	-0.0004998508298938429	-0.0009535359995052968	-0.001360489635417756	-0.0017555747562650998	-0.0012160261608951076	-0.0001454073136691765	-0.0009016157505072756	0.0011701715855303703	-0.0029269167231225006	0.00015273072968063022	-0.0002521859009504304	0.0008929066907510994	-0.00018776792888827167	-0.0011307841964515208	-0.0011993724579293364	-0.0017834836729169181	0.0007015180984765485	-0.001668913289897097	-0.00046324292079386725	-0.000532774393904395	0.0010054956618115438	-0.0005252262600833216	0.0018135463927960423	0.0007396784193889442	-0.001820501544084909	-0.0006803933626796795	-0.0010773266042153143	8.94489887102e-05	-0.0009885419275836227	-0.0012488661370874913	0.00039398978114901117	-0.0001671995106650338	0.0009371916256264035	-0.0	0.0	0.0	0.0	0.0	0.0	0.0	0.0	0.0	0.0	0.0	0.0	0.0	0.0	0.0	0.0	0.0	0.0	0.0	0.0	0.0	0.0	0.0	0.0	0.0	0.0	0.0	0.0	0.0	0.0	0.0	0.0
GB189	0.2076650191730124	-0.003528913154278705	0.023058942520392634	-0.0037345117759338825	0.00033472352886392465	0.0068400832077456794	-0.004087087561238275	-0.005172672917276792	-0.002201490814002287	0.003913772678184733	0.002294402068263019	0.0013014258684680765	-0.0015625111960817254	-0.00041140769245794767	0.005760408669321747	0.0005547075370718099	-0.0005459325024952357	-0.003283085477907855	-0.0011292883396859263	-0.003964788354670883	-0.00045143413341421003	-0.001968145730578558	0.0011333766472869818	0.00021631798441439326	0.0006782949807899881	0.0011237030522049094	0.0014002212668216742	-0.00017546733140659718	0.0004101797061554463	0.002312073137272761	-0.0008122384558634818	0.00029527529962161957	-0.00022931106335317912	-0.0024612576227660433	-0.003758254310469908	0.0005747797044748171	-0.0008096103384010767	0.0005880996248926407	0.001018996472531354	-0.003136852787216033	-0.0002648387999549951	-0.0003524779359979271	0.0010906847598840526	-0.0009307096820895512	-0.0016779046365296986	0.001818488740026049	-0.0022593869755481127	0.000686573558036476	0.001445624826834522	-0.0019853526653581307	-0.0014655053107438293	0.0021692840700771286	-0.0022168340898898187	-0.0013899417845344582	-0.0019094092214972296	-0.004224575053706582	0.0006584477082778766	-0.0020275514023386735	-0.003012916747896517	-0.0020985810470775025	0.0021318513446119793	-0.0006174828561699731	0.00257720124181745	0.0015012754817477888	0.0027093998442812833	-0.0012891771192003478	-0.0012806162777292988	0.0004059444197509322	-0.0001383745836510999	-0.0008531588482895059	0.0007429531163571314	-0.0013113613855688922	0.003317306795061207	-0.0024354114968739063	0.001628404012355435	0.0020884049474457793	0.0013857331371456972	-0.001517978255442851	-0.0032122524121573678	0.0013896205093417852	-0.0011593162786439684	0.0025681304195405152	-0.0040896716389353495	-0.0009219050954680074	0.0008330041989001802	5.9041442094658515e-05	0.0015540841816753166	-0.00046102359543376357	0.0003029448571044617	-0.0	0.0	0.0	0.0	0.0	0.0	0.0	0.0	0.0	0.0	0.0	0.0	0.0	0.0	0.0	0.0	0.0	0.0	0.0	0.0	0.0	0.0	0.0	0.0	0.0	0.0	0.0	0.0	0.0	0.0	0.0	0.0
GB98	0.04444494528749184	0.022887075604063858	-0.0013734298280066214	-0.010737561460231427	-0.009978209463779626	-0.0017208467124323276	0.0016808279103647146	0.00655641119169366	-0.004728316027166495	0.0016490205906746825	0.007489419910140187	0.00724553998776343	0.007039027393414086	0.0038259611126714114	-0.0029912311045609125	0.001245348771018182	0.0062614191488584384	-0.0009271918374104068	0.008714904781344216	0.0021564131219601775	0.005853022668685928	0.005407426076594364	0.004464243538348686	0.0034105515061376296	0.003533382245458442	0.002806350729167583	0.0005747884559277864	-0.002450720763835318	0.001225342367733073	0.0010819793280119438	0.0018342668897015036	0.004468055628478102	0.004673825578373608	-0.0005463449508543361	0.00032691531929455574	0.002632644448843845	0.002843715420948673	-0.0019715989974647724	0.00012540264506732108	-0.0011152629459029307	0.007128715795658337	0.0033770864162299278	-0.0025026992292406748	0.001569656925775656	0.0004990281053589466	-0.0024078995921958017	0.002044755629376584	0.0017652126689372007	-0.003943534667870829	-0.001677689805704312	0.0017467102464454748	-0.0022191442705630205	0.0014482292082027596	-0.002305048714264412	-0.0016356782192211055	0.0019786985254998885	0.0007428368784657314	-0.0008249041085984355	0.0014368807938626579	-0.0021945772499935502	0.00042401496323736976	0.0010360669936841408	-4.272616550444543e-05	-0.0006518906592799114	0.002067295732310823	0.001856473029108495	-0.0016722130053111262	-0.0030506318413754895	0.003697482443764754	-0.0007770475112724647	0.0014190325782424823	-0.0007182168435325812	6.391753864152307e-05	0.0010049649650901563	-0.002651419269478608	0.0008521996969449206	-0.0007973388851054407	-0.0006095526638360307	-0.0011896571756347327	-0.0009603438417030068	1.4948411960869331e-05	0.0011624393893001292	0.0002637291646565033	7.16568560707675e-05	-7.856363498529049e-05	0.0006321119576291934	-0.0009521860126583422	3.925017781863435e-05	-0.00018711023153222014	-0.0	0.0	0.0	0.0	0.0	0.0	0.0	0.0	0.0	0.0	0.0	0.0	0.0	0.0	0.0	0.0	0.0	0.0	0.0	0.0	0.0	0.0	0.0	0.0	0.0	0.0	0.0	0.0	0.0	0.0	0.0	0.0
GCDF194	0.20073841194291492	-0.03483671077932036	-0.022706621651649373	0.03379095898569198	0.013352602192149366	0.004501422969071684	0.023979496307112744	0.022180377445304197	-0.011082847459754235	-0.01091906060955418	0.006754487489972476	0.0013935283729757891	-0.005321090781099189	-0.0005271218390472955	0.019265379876241696	-0.0025238260988582704	0.005291803501309405	-0.0013423522357885523	-0.002406669894170254	0.006926785143312545	0.0066454442854584055	-0.005249059814143296	-0.0072954226096723146	-0.004461607226895313	0.00048154247176385677	0.003219416843827216	-0.002565500337933263	0.00487371249827105	-0.0002144591971488826	0.0026543131407674235	-0.0014276959828430542	0.0015976089579811238	0.002341380746461293	0.0013828129252500304	0.0016195494093358771	-0.0013324501232666792	-0.001790688007415325	0.0013657458418550848	0.0007888517738625255	-0.0014360502690974983	0.0002977407989921552	-0.00012938189221459024	0.0013415852392497268	-0.001110261089306569	-0.0007750156760561389	0.0010203208204955544	0.0025164349285808716	0.002012901437643275	0.0005391007139666761	0.0006034375760874404	0.0006419655915946007	-0.0020730443170011064	0.0004188517833478849	-0.0004864848349494841	0.0006821762401772927	0.0007972029124768232	-0.0004284912906115536	-0.0005827546915471059	-0.0016867698095545383	-0.0012504729399113429	0.0011554922669341277	-0.0009353273207074527	0.0005406814651152186	-0.0003201783867418087	0.0005325204816190453	-0.001613874239337298	-0.0004612899194108917	0.0024200789580672124	0.0015295716626157984	0.00033194470403370897	-0.00035866536862853935	-0.00022301629068137007	0.0008782948369881839	-0.0011022936596795608	-0.0004972611700951355	-0.0015059900700808947	0.0004740162253659244	-2.6969056660385756e-05	-0.00036534803967110563	-0.0009544207742323855	0.0004072613382306426	0.00032981972148411553	0.0003719495112234199	-0.0006418564665052371	0.0010008044268840415	7.111176617321595e-05	-0.0006450828495047622	3.586764888137019e-05	-0.00021909217708326499	-0.0	0.0	0.0	0.0	0.0	0.0	0.0	0.0	0.0	0.0	0.0	0.0	0.0	0.0	0.0	0.0	0.0	0.0	0.0	0.0	0.0	0.0	0.0	0.0	0.0	0.0	0.0	0.0	0.0	0.0	0.0	0.0
GCDF197	0.04574657612836852	-0.5182477441331644	-0.041810578358628336	-0.03449012291451396	-0.0018607846726126605	-0.00300573885347024	-0.005103305487383865	0.0034204943379062855	-0.0015807170328408643	-0.00012815497820048227	0.000204965426725721	-0.001266792247630423	-0.00151472588986857	0.00016475961235648559	0.00013036308277559084	-1.6810803585255108e-05	-0.0005698219144718675	0.0007403482810942061	0.0005742313019942219	-0.00010913710584150302	0.00023346494957588563	-0.0001412229582249892	-0.00018387065046741798	0.00023860405994006396	-0.0003604160285593978	-0.0004864548396488026	-0.0002606653459973959	0.0002316963513843274	0.00023594686308950225	-9.43510898915663e-06	-2.9231067120075945e-05	-0.00011414770088921669	-0.0002769176630084486	-0.00015029498450313817	-1.8151823421179185e-05	-9.760283024932471e-05	-9.88119251003752e-06	-0.00012255104695246336	-0.00014333128683772568	7.610601304907851e-05	-3.810590090044222e-05	-0.0002249285424358544	0.00023995664418431106	-5.893115719121606e-05	1.919099364385573e-05	-7.511361039602741e-05	9.343181270630928e-05	-0.00013058679624415912	-0.00016790816079522003	1.0223974600346307e-05	4.379630683227364e-05	0.00015892252070851006	6.775044813461377e-05	-7.143267994500727e-05	-0.00016156217839776788	4.8054637424571904e-05	-0.00012437944779227202	-3.153720912057112e-07	0.0001677873061229841	1.0022830487134732e-05	5.155828714941995e-05	-7.475024684791876e-05	-0.0001085093905391763	-1.8926529123237956e-05	-9.886419926013851e-05	2.4124293125480833e-05	6.591717984858595e-05	-9.424624293254526e-05	-7.57661612991923e-05	-2.897265318833121e-05	3.922986581103206e-05	4.479931731361222e-05	7.514379421185749e-05	9.765924211001286e-05	-3.625420713395555e-05	2.237240465860362e-05	9.803382922758251e-06	-0.00012330386490910813	1.439219368954459e-05	5.4087421585543804e-05	-3.826398777895037e-05	-2.5717473032156757e-05	-5.195635737439875e-05	-1.3554891904755854e-05	2.266552750846189e-06	3.891832507531238e-05	2.8962592147319708e-05	-3.431065716110691e-05	9.007654615802637e-06	-0.0	0.0	0.0	0.0	0.0	0.0	0.0	0.0	0.0	0.0	0.0	0.0	0.0	0.0	0.0	0.0	0.0	0.0	0.0	0.0	0.0	0.0	0.0	0.0	0.0	0.0	0.0	0.0	0.0	0.0	0.0	0.0
GCDF202	0.2120063523377724	-0.0009231130081606422	0.031207897747775003	-0.014759922831780957	0.0005861611373402788	0.008533835116651197	0.004891255265104713	-0.001221671685773587	-0.0019766654878383963	-0.002659701183381673	0.0023030451538290997	-0.0016137206891891761	-0.0005467458032431425	0.0005537528911506397	1.0089989394586868e-05	-0.00136345814193794	-0.0020183983364986204	0.0004073780951120059	0.0012521494737529116	-0.0003580276332125967	-0.0038031289630518243	-0.0016249924513746872	0.0029286289682948735	-0.0009247822664179728	-0.002236538560848394	0.0026038473171114706	-0.0017854984335910573	-0.0011780826671993234	0.0004923631318664548	0.0010397834358887	0.0008301997045039478	6.447898182408348e-05	-0.0001987556516024263	2.0056175238942903e-05	0.0017079524921715778	0.0013895837500906675	1.5844989603837325e-05	-0.0033210219174577794	-0.0016815514182007244	0.0034224738238374996	0.0017885101085685828	0.004636000404460553	0.0008292243940449062	-0.0028719722514616445	-0.001905665503409589	-0.001837166726271051	0.0029141049457881655	0.0015569388832548869	0.002354752549464149	-0.0005974031130976309	-0.0021366149617679433	-0.0011259160586116089	-0.0032251442019791622	0.00017494527481668514	-0.002169724796447824	-0.0016280860072958165	-0.002568431266715457	0.0016163512124383	0.0018362641109347746	-0.0026238171016301657	0.002205569423668796	-0.0015636141617624809	-7.266227344146106e-05	0.0016732617033856589	0.002098386457498194	0.0009019327110378509	-0.0006800673707235644	-0.000667550083078257	-0.0013287242539193626	-0.0002231049308130043	0.0018396172179775995	0.0006017037764627031	0.0030162824056656217	0.004443287856443056	-0.0020823248192345404	-0.0025077717523672802	-0.00101208618790201	3.8014990228430556e-05	-0.002646089270844717	0.00019732471353628875	0.00015198848456029796	-0.0015206488987057007	0.001980845790171234	0.0011347916559389314	-0.0006954974442951478	0.0011928806995752006	0.0007073347274792253	-0.0002627244773398422	0.000582470833069347	-0.0	0.0	0.0	0.0	0.0	0.0	0.0	0.0	0.0	0.0	0.0	0.0	0.0	0.0	0.0	0.0	0.0	0.0	0.0	0.0	0.0	0.0	0.0	0.0	0.0	0.0	0.0	0.0	0.0	0.0	0.0	0.0
GCDF209	0.015034753628487389	0.025531333359163296	-0.015626982340401104	-0.023635526532795458	0.001520240007897927	-0.0013355937489788214	0.00692257293818551	0.004148726029840977	-0.008246631288994402	0.0021581277989139403	-0.01543898140552166	0.014554191136396628	-0.0013502122877099198	-0.00580908573985788	0.0023895935654792825	0.006829342463014014	0.0029894210320932845	0.002698427381385368	0.002468085051224816	-0.0008299965508074013	-0.0010562547569277182	0.0022748755569740975	0.00048328306577606416	-0.00205587913950639	0.003746203270650397	0.0037813633002421083	-0.00021313660517709005	6.498584259270689e-05	0.00392554709561208	-0.004314868656104892	0.0026339716689218143	-0.003135172072365953	0.003921922783060082	-0.0021758285658825586	0.0011198713410180234	0.0026410135140366147	0.004249719773174135	0.0035141612328497772	-0.002899519146485382	0.0005653132513048303	0.002579791600930181	-0.004223985371475232	0.003333028127762989	-0.000744680494107949	0.0009585896033556356	-0.00025330956766520874	0.003062925597339513	-0.00502429046085899	-0.0011580148587854665	0.00380179032572632	-0.0008270479878291828	0.00018169058102757247	-0.0001540300016763831	0.0027462153645348496	0.0014297812682748923	-0.001487935720272968	-0.0017017327707445718	0.00040716321730799326	0.0009030796711326538	-0.0005112252928292832	-0.0012622228539649566	0.0005734435495749325	0.0026105372650038158	0.0019197718951804044	0.0016095084162958578	0.001341891525637141	-0.0030178271990778014	0.0012363703357737943	-0.0016214000046446077	0.0002393178817278111	0.0007905243856112503	0.0015614522448068819	0.0002643015212159679	-0.0031357427651724583	-0.0015949830641877486	-0.002108071035758732	0.0012294104126977599	1.8592400103321667e-05	-0.0001459143157730002	0.0002000867493634611	-0.002068726430214914	0.0008558193186948835	0.0015060353429948562	-0.0005154646326056768	-0.0003522319388614878	0.00020561092049883677	0.0008902838109499282	-0.0002592607858818059	-0.00028873334335707314	-0.0	0.0	0.0	0.0	0.0	0.0	0.0	0.0	0.0	0.0	0.0	0.0	0.0	0.0	0.0	0.0	0.0	0.0	0.0	0.0	0.0	0.0	0.0	0.0	0.0	0.0	0.0	0.0	0.0	0.0	0.0	0.0
GCDF213	-0.18915920308738313	-0.009627910411307363	0.01787749626103682	-0.00207986373582264	-0.005820308921962573	0.006752567946697514	0.00433302184603014	-0.004532751543011971	0.0013137092156899947	-0.0022816171020061445	0.0014827212844448138	0.0025801851516059474	-0.006694058840065958	0.001089511736987068	0.003006021680698434	-0.004809719394905443	0.0002611489219934159	0.007552864842328254	-0.0024654551977512104	-0.004190833978341164	-0.0016425029407872579	0.004061482648038686	0.0023143121146613735	0.0018953407188956174	-0.0009168514022096637	0.0033028819150387094	0.006248155606217965	-0.0019183046109854211	-0.0038466097292283747	0.00262615976071372	0.0038370755457782443	0.0021370218493059834	0.0029840319400542773	0.0018388369349815262	0.003441796366076552	-0.0010251236914621791	-5.127450354449225e-05	0.0008801413912150186	-0.0024573661394538546	0.0010102008120182935	-0.0030700102351564986	-0.000240060067956346	-0.0030602711657285665	-0.007156068289079659	-0.0033180173474155624	-0.000652138631657316	-0.0008613382920383551	-0.0034715543434870803	0.002872183763796065	-0.0040824532012396254	0.0017809919792999482	-0.0008730804156777282	-0.00029913158577041086	0.006233858210064693	0.0034982430418670565	0.0007305485320702596	0.0021297828955824235	0.0008047583471234483	-0.0012783620384171754	-0.001131768012365629	-0.0005431441887708552	-0.0018558132869573299	0.0024643948392028825	0.0035370125299282996	-0.00017380468963312898	0.0012754776679502196	-0.0003960913192329113	-0.00274782991964734	0.005484782427195414	0.0006194328823971373	-5.023049317669257e-06	0.0005485198337308834	-0.0008938924593246068	-0.0004203876254184185	0.0015622490264906074	-0.0007972585164483343	0.0006107992006829534	0.0007067856226781777	0.0004923860489813412	1.0455720338397066e-06	0.0005490905295568882	-0.0005567028902662499	-0.0007773969647977074	-0.0003628611377201075	0.0010033410260276146	0.00012001640650761901	-8.745068878005376e-05	-0.0006414575451578667	0.0002521078592201849	-0.0	0.0	0.0	0.0	0.0	0.0	0.0	0.0	0.0	0.0	0.0	0.0	0.0	0.0	0.0	0.0	0.0	0.0	0.0	0.0	0.0	0.0	0.0	0.0	0.0	0.0	0.0	0.0	0.0	0.0	0.0	0.0
GCDF215	0.18648171489618015	-0.019871563302915698	-0.01245675987345418	0.03053827465776865	0.005673623052376085	0.001367870213008072	0.006756353141854217	0.008776155353537414	0.005370387121761878	-0.005890382487135201	-0.005143494655209186	-0.000872423759440307	0.005027799205210391	-0.002692243325206342	-0.007078720055747578	-0.00019660315956890117	-0.004159912379817087	-0.0052037808921804795	-0.00758543882269879	-0.0065244846129182375	-0.008436254158081526	0.0027624155534939792	0.003919603737038652	0.00042749389297126066	0.006108258161192949	-0.003118557356153716	-0.002364645288012576	-0.0018761449791567767	0.0020354196706262287	-0.002176064956625404	0.003375091653256862	0.004904091200882699	0.002779225719489639	0.001731981848616434	0.0007875377531777111	-0.00384280596656635	-0.0005904401281837877	0.00010255755445242337	-0.0019025437812219797	-0.0011486574918476323	0.0023958037243234555	-0.00038158732466221076	0.0008072406234025459	0.0006470987102916706	0.002818618384364445	-0.0025040427799540204	-0.00021971885900811552	0.0017208152112758231	-0.0026752318589635666	-0.003210293043600365	4.849093850495354e-06	-0.001392395234137318	-0.0014493002656104446	0.003022530053944514	7.99919209332878e-06	-0.002681805137241213	-0.00018860723650647573	0.000599193285814342	-0.0007160794469519839	-0.0015878981099515393	-0.002449557533510338	-0.0021746212176090626	-0.0007654464729935674	0.00291801771339648	-0.0018593734034251265	0.0017208663641941953	0.0009437399886816635	0.0014755023655238827	-0.0007482474492861519	-0.0012079411450969509	0.0007189278181320386	-0.0010447020232551341	0.000843820252914712	0.0022322781115906103	0.0016532273231333943	-0.0004535402179070306	-0.0010674466161818405	0.0005041491101834341	4.70099954965167e-05	-9.631023304145384e-05	-0.001633893083042106	0.0012007167895473272	-0.00037678872178374467	0.0016408795585299229	-0.00023155759016599227	0.0004254950847905364	-0.0007922516671007591	0.0001565590421639049	-6.835166068610577e-05	-0.0	0.0	0.0	0.0	0.0	0.0	0.0	0.0	0.0	0.0	0.0	0.0	0.0	0.0	0.0	0.0	0.0	0.0	0.0	0.0	0.0	0.0	0.0	0.0	0.0	0.0	0.0	0.0	0.0	0.0	0.0	0.0
GCDF217	-0.10247819141806823	0.015218756108263289	-0.005353476133323041	0.012894475623241933	-0.0002029990710712766	-0.0009364649124964344	-0.006907613594127631	-0.005485671821394346	0.003968222944127191	0.0049735753111037045	-0.00513748937423965	-0.0010127232571667405	0.0025176613644474137	-6.511615741040003e-05	0.005272215873219094	0.004838647067331126	-0.0010112145599389469	-0.001114578519965032	-0.0003026656340176312	0.0027469142695420094	-0.0018951814082566536	-0.0031772585178744595	-0.004126815089131219	0.00024299383381415362	0.003289686308444068	-0.0053619651527990475	0.0009708229784493974	0.0037070495276034154	-0.0029751716252278846	0.003671171452928267	0.0027168299291398528	0.002621913093273762	-0.002802280669300624	-0.008606044126089559	-0.005084445395665197	-0.002053758754741103	-0.0013364701640288094	0.0006688690126704784	-0.0017316620770574367	0.0011933953901475094	0.0030345288223844057	-0.0009681836270140513	-0.001517001661787	0.002525679603918184	-0.0019223649438203211	0.00474412068383362	0.002072290879511112	-0.004551863215562265	0.0008415212023862944	-0.00020436474700506792	0.0013536284942343177	-0.0004914890575650947	-0.005243407415767485	6.382439687440871e-05	0.001159422903971301	-0.0015601424416540333	0.003154422109015154	-0.0011432936320085216	0.001098631205738977	0.0006304667791655548	-0.0015297931233655127	-0.0015339559214564945	0.0017684159864334052	-0.0037996721949387488	0.00036460384786942936	-0.001168098740471576	-0.0001320881677285517	-0.0015524903741384495	0.0008438020803531505	-0.0038569037693038833	-0.00033725914403391974	-2.6896415809337996e-05	0.0012630854855498615	0.003555244856657079	0.0017462544654274627	-0.0013954756421399267	0.0002899598694507936	-0.00018347611859562273	0.002892833861193497	0.00027547351429635684	-0.0007087913410398007	0.0007352733391855518	0.0012243308127616872	0.0008910889842012464	-0.00013686823789792071	-0.000141163676098077	0.0007531311399374219	-0.00015549302787680184	-0.0002893968857941824	-0.0	0.0	0.0	0.0	0.0	0.0	0.0	0.0	0.0	0.0	0.0	0.0	0.0	0.0	0.0	0.0	0.0	0.0	0.0	0.0	0.0	0.0	0.0	0.0	0.0	0.0	0.0	0.0	0.0	0.0	0.0	0.0
GCDF218	0.05479558169373817	0.026296631222628757	0.0014028811709404403	-0.012652381840093633	-0.011656663221376784	0.0012409599763469053	0.0092112504481949	0.007337857963380908	-0.007309680837530538	0.0023465937321857436	0.0006842897451556693	0.0007366843133568838	-0.0013622224316963629	-0.0007734335713095516	-0.005924183954228346	0.0008495268966964772	0.002018996136111556	0.0009730010373885246	-0.0006996126324798028	-0.0011113147820651825	0.0009333669149816383	0.0015682474714821474	-0.004986387814926455	0.0016299693290864811	-0.0014226435593868195	-0.004072738546049773	0.00017257211099623498	0.001958825639078517	0.000835863034135137	-0.0036696144599012454	-0.001071586542086869	0.00013335909903397993	-0.0037835790411135098	0.0038840053488276402	-0.0012505158431984323	-0.00123402293019536	-0.002031872137329547	-0.0023946978089925725	-0.009138656795885002	0.002838594570464713	0.0040107244709604445	0.0018730302932336708	-0.0022307570525321807	0.003615521580417208	0.0021817999338474255	-0.0032777621474159207	0.0019951774930705352	0.0035627002024164077	-0.0018441937270556085	0.001558752440499408	-0.0003504818326443879	-0.0022304467062059046	-0.0006268693645467713	0.0029037293111067383	0.0016030826329597532	-0.0019791542958519197	-0.0004801760996096964	0.0005941467692163027	-0.0003016659365463735	0.005230333497504107	0.0011258498993488625	0.0008039671087678277	0.0015788320906564418	-0.0005888962001044807	0.001600903926337108	-0.000659015752669519	-0.00037253643948350224	-5.303846403454321e-05	3.404082413486128e-06	0.0008790317258873613	-0.00017357606782448056	0.0008109718914146354	-0.00011229131640811053	-0.0021415357479518636	0.0007399373893836564	-0.003914453005129376	0.00040443960519439886	-0.0009717705431681827	0.0017501971978530722	0.002147450304874384	0.0014559259754505945	0.0012460283698449834	-0.0023131897575551386	-0.0002882001165988809	0.0007581447006007654	0.0004521071225302406	-0.00010156308467284235	0.000935282728215097	0.000689016625925018	-0.0	0.0	0.0	0.0	0.0	0.0	0.0	0.0	0.0	0.0	0.0	0.0	0.0	0.0	0.0	0.0	0.0	0.0	0.0	0.0	0.0	0.0	0.0	0.0	0.0	0.0	0.0	0.0	0.0	0.0	0.0	0.0
GCDF220	-0.07244689404110018	0.019307496809645816	-0.018577256980301656	-0.003161169280057815	0.005423829917717121	-0.0019889185106288453	-0.01151873247486037	-0.0015494229114098067	0.00047285059351260465	-0.0030129904585261915	-0.004707700645123422	-0.008786733720397575	0.015751059414253313	-0.006505874900911777	0.010912208869278961	-0.002021662416160957	-0.010764758521395603	0.0030411844593479275	0.0033314197083415646	-0.005884696288123122	0.008918126032298846	-0.007734797870472031	-0.004999828950871542	-0.010063838551725707	0.005063837425178989	-0.0023528255671140495	0.0031179495030341335	-0.0038508754768392787	-0.0024230423140799823	-0.009967491380104108	0.0035236197757804607	0.0063675160371337285	-0.0015389497924938658	-0.001800471430992175	0.0042305404699061805	0.00022755314510457549	-0.0010017596759039683	-0.004049279133881662	0.0038192742071670757	0.0015437936523738285	0.003317201766213896	5.42150596614479e-05	-0.003991195622422552	-0.0008600551722821323	-0.0008740533357007668	0.00010570205032310479	-0.0018557123460760318	-0.0018397959312346918	-0.00013258279080850352	0.001305180813456282	0.0018552272587770329	0.0003931418861843231	-0.0003446647222131738	-0.0003626378253328224	0.0007039060398427171	-0.0005152102234629423	0.0008162499949012351	-0.00019180918036699758	0.0003420465666393926	0.0013901868921240984	0.0011974068591746468	0.002717153962934833	-0.0029224560087839128	0.0022077158723213574	-0.0010046379012869943	0.00038250886717855254	-0.0008995476320981356	-0.001869997031904158	-0.0008513352023906189	0.001374007419587244	-0.0009690076644957046	0.0004236072532154853	-0.00020037488877269017	0.00018950486415518123	0.00037844920338518125	-0.00032650106755613634	0.00015020412643657622	-0.001135328155599627	-0.0016122083828033404	-0.0005021141212262993	0.0005085092056594384	0.00036389747277240186	-3.471752355397053e-05	0.00019905193158709802	0.0005069578428454858	-3.411621794772884e-05	0.00027614570470142085	0.0003125409188824558	8.203927249733029e-05	-0.0	0.0	0.0	0.0	0.0	0.0	0.0	0.0	0.0	0.0	0.0	0.0	0.0	0.0	0.0	0.0	0.0	0.0	0.0	0.0	0.0	0.0	0.0	0.0	0.0	0.0	0.0	0.0	0.0	0.0	0.0	0.0
GCDF222	-0.2251388818782447	-0.010442693298904569	0.026412739820149377	-0.0011158209947336574	-0.0032720114453156303	0.0054098074002439335	-5.457763004382721e-05	0.0031686822222765816	0.0006896689893229996	-0.0012258807074896178	0.0006547961329034137	0.000206181982326177	-0.00020793202542754123	-0.003524901257380277	0.0007605732784956138	-0.002417946714912988	0.001140091007302261	0.002393334943352337	0.0016523255373724194	0.00028088396868856046	-0.00411015566465431	-0.0022904538988790723	0.0018647611408210123	-0.0054667462400838415	-0.003919817736871403	0.003952454002140997	-0.003559992129198963	-0.011117590767222884	0.0013146876527584549	0.00040325358577803064	0.003060737674659173	-0.0016929139981002826	-0.007043694013674764	0.00010891647559663484	0.0022356959176198015	-0.0004926268281605146	0.005017256120532427	-0.0018737423564002345	0.002052337481540655	-0.0018436293622473654	0.001012666625241449	-0.0012006775229971495	0.0022630342599954806	-0.00434219468166121	0.0026501469581244985	-0.0019322774860622857	0.0026692917264719315	0.0035482816149221517	-0.005013548191789301	0.0013494640179516834	-0.0005974792742443263	0.0016185688355110175	-0.00131853155024195	6.536209167296067e-05	0.0007125634599367434	-0.00047718187720692165	-0.0016619773454331966	-0.0023291945393637274	-0.0035843035408832185	0.002286193970515227	0.0026146964843042977	-0.0017561598148314603	0.002865280243834787	-0.004912134202781619	-0.0029511360070101356	-0.0019643653951293477	-0.0011636462184324288	0.0004158833615755972	0.0015084538647189114	-0.0011548258914150613	0.0010530642689669217	-0.0004069024657077142	0.0009465119488094417	0.0013501810100533965	0.001504876689860014	0.0001526184922850327	0.0007072129145119952	-0.00022506065185491633	0.0020324372461020565	-0.00035843743819556097	-0.0015710281669814499	0.00017372215141770253	-0.0005282353715534208	-0.0009494764077906343	-0.0008684964828159253	0.0004480895304712888	-0.0008881178073622296	0.00017164270069332967	-0.0002167651325224323	-0.0	0.0	0.0	0.0	0.0	0.0	0.0	0.0	0.0	0.0	0.0	0.0	0.0	0.0	0.0	0.0	0.0	0.0	0.0	0.0	0.0	0.0	0.0	0.0	0.0	0.0	0.0	0.0	0.0	0.0	0.0	0.0
GCDF224	0.0428197212315103	0.022681134133751765	0.0003644038001549454	-0.004291721794829699	-0.0070408917570135635	-0.0022079772584670332	-0.0017514207540702906	0.005934922362279372	-0.001984365195992727	-0.00030662006159009215	0.00132447879233841	0.0007258462847919767	-1.8992194436656273e-05	-0.002656111632476434	0.002861391088334108	-0.0011651288483928502	0.002815723312707176	0.0025097094973416897	0.0001160140783598657	0.0008319297484830086	-0.0004244948275145822	0.0030696296847899027	0.0003757250978837097	-0.004343843226081718	0.0025561878750089556	0.001348018447245586	-0.006831069786039164	-0.00022033922042642576	-0.004893761104732425	-0.001616802234605864	0.004282088276080219	-0.006468395158718551	-0.00029137929597965135	-0.0010325309973583307	0.0039670972421430375	0.007062803993877405	-0.00499999905474853	0.0025077982496907614	-0.002390098551222663	0.003535020524356748	-0.005664947971606234	0.0033398371777586607	-0.0043235770426261816	-0.0035916866969467865	0.0017488219147419872	0.0014912414965093073	-0.0042864507184776895	0.004608435489967463	0.0001839068513188911	0.0009180347574005007	0.001564521618975415	-0.0017847514962828668	0.00043557598914280743	0.002564578652552171	0.0014264545399933271	0.0005834280559442521	0.000264313711049224	8.35959818195349e-06	-0.002353654308315981	-0.0015564811167722314	-0.0010910508180062618	-0.002423195737280515	-0.0041299107807812	-0.0020824672384597443	0.0021040104592932765	-0.0006002329268392534	0.0007466933921404166	-0.0014155702273847019	-0.004628541528524228	-0.0017859111895577346	-0.000872097331379335	-0.0005631155470298398	0.000254728138896114	-0.00029751823703144745	-0.0015402604973772124	0.0004145029068966642	-0.0003902863147370021	-0.0006397363262753708	0.0016551661173477585	-0.001213167924954185	0.00019133643819633597	0.002698497179717749	-6.636487455896858e-05	-0.0004547313013479213	-0.0004644674401936153	0.0009440714330575112	0.0004352887174175503	-0.0012171211331812365	7.125277878245953e-05	-0.0	0.0	0.0	0.0	0.0	0.0	0.0	0.0	0.0	0.0	0.0	0.0	0.0	0.0	0.0	0.0	0.0	0.0	0.0	0.0	0.0	0.0	0.0	0.0	0.0	0.0	0.0	0.0	0.0	0.0	0.0	0.0
GCDF225	-0.07078421631693255	0.022798989184453423	-0.00013283637146684662	0.0005139801398634175	0.0038374402776688798	-3.2459464249647414e-05	-0.0002622120682774993	0.002506053980101624	0.003083153316834517	-0.0028814277586991176	0.002141283451391812	-0.0029595527467314833	0.003748586593699528	0.0022063408919541574	0.00048060298804137994	0.0024325946198518727	-0.0017665865226140396	0.0011158867257804969	0.0011560483144398518	-0.0016494932251351147	-0.0012167533706430001	0.003325626837845925	0.003079234868982642	-0.004011858287122114	0.004204785477358423	0.0003747516736943778	-0.004082061810441472	0.007467719264511453	-0.0060023675983586905	-0.0008756292381475237	-0.0035422951265799067	-0.008197205439449965	-0.0025638145747800376	-0.0013856466840715728	0.000840645178365844	-0.0043248326701078015	0.0009395822227371132	-0.0009310238245654605	-0.0002275292135840652	-0.006410985760182161	0.0026332573766013815	0.004058190258015059	-0.005177972542780671	-0.0037113632791134516	-0.0020168240155582365	-0.002714342875349035	0.002587745371754031	-0.0060975465527400964	-0.0015247768418562646	-0.002592776043215976	-0.00013078694787742494	0.0008891908092698593	0.0027893010440028006	-0.0007475049747058078	0.0001853150020262383	0.0015055502716659714	-0.0019827689562873993	3.500076695524722e-05	0.0037300230725052976	0.002189725743941641	0.0027746318369180913	-0.002004997882900285	-0.001624227577201119	-0.0013123057816481366	-0.0020546564700338393	-0.0003596278425822048	-0.0022246752955718146	-0.0003343685285500264	0.00036118429520554573	0.002082132807704903	0.0020377830836123025	0.0001708614209188669	0.003125393964300769	-0.0018855509144854066	-0.00019621275765237164	6.198386328520579e-05	0.0004280236323371911	0.002033134544911016	0.00037532578595786783	0.001066774002652769	-0.001170660914631791	0.000992001032099915	6.425976291533851e-05	-0.00033280935414284476	-0.0007562508119627524	-0.0008889438141725506	-0.00010667268271241997	-0.00021082148972757328	-3.300565770292145e-05	-0.0	0.0	0.0	0.0	0.0	0.0	0.0	0.0	0.0	0.0	0.0	0.0	0.0	0.0	0.0	0.0	0.0	0.0	0.0	0.0	0.0	0.0	0.0	0.0	0.0	0.0	0.0	0.0	0.0	0.0	0.0	0.0
GCDF226	0.08774238866655851	0.02445052665343603	0.00869047429123955	-0.007003873706794188	-0.01717172978471677	-0.0020231278401776544	0.009250531483298003	0.009740426547546102	0.008024056108669757	-0.00687991792660258	0.004682093501170437	-0.002713987193328008	-7.210487874842036e-05	0.0009331808423584484	-0.004245986954564306	-0.002224497196321005	-0.0050637534568393604	-0.006275413791019087	-0.004861391052295943	-0.0012443600893474475	0.002466900940847771	-0.0021861409428124835	-0.004059476442285719	0.000730075919094418	-0.0027634058483302884	0.0020622082557164357	0.004115219324479028	-0.0015077541198120566	-0.0025142964490351403	0.001591717202171163	-0.0071501833798283485	0.00040743179860166514	-0.0009792878402622189	0.001261870119038906	1.1939562584514085e-05	-0.0017866781931390702	-0.004461109388738858	-0.0007359138848240321	0.0038036566709564977	0.0001223144095598621	-0.0013675846495954606	-0.0011185815184278226	0.00034161709585898975	0.0016504895444291801	-0.00037842121283294646	-0.0007069247756550425	0.004189774264149209	-0.003424427209757207	0.001328634347064827	0.002273167624272716	-0.000797427150113459	0.0024086891024732264	0.0029898156267913665	0.003849377599749718	-0.0016294643623649542	0.003072441883616245	-0.0026701810281090322	0.0013056535877648129	-0.0001487813664188897	-0.0007565710260985313	-0.0016657605594620913	-0.0012268161803928761	0.000943860489200249	-0.001788197441564049	-5.907428264700753e-05	0.0022510802684644897	-0.0022069129287943076	0.001289354187126933	-0.002131512125293992	-0.0026555374459424075	0.0027316826492917376	-0.00018626366645881965	-0.00028455206307088986	-2.0140027880004085e-05	0.0004576446576413787	1.3490422800406271e-05	-0.00021994037047270675	-0.0010286269562111642	-0.0001366932828152047	-0.0020990512559461772	-5.774626053077737e-05	0.0015532741862598178	0.0008669749328679843	0.00022844964760078382	0.00028431300373435035	-3.539687560961544e-05	-0.0004238084445786926	-0.0012183285322848944	0.00015574650458094678	-0.0	0.0	0.0	0.0	0.0	0.0	0.0	0.0	0.0	0.0	0.0	0.0	0.0	0.0	0.0	0.0	0.0	0.0	0.0	0.0	0.0	0.0	0.0	0.0	0.0	0.0	0.0	0.0	0.0	0.0	0.0	0.0
GCDF227	-0.02283127404886337	0.02458220868542337	-0.003935335963588745	-0.00974257480281334	0.0076053701465085815	-0.0006492950205144311	0.0005096948110368595	0.001296752327931839	-0.003906974166668469	-0.005042721224200013	0.0014897526223047939	-0.002966505057329744	0.0047566357111684795	-0.0015604307647048414	-0.004969866526812404	-0.005332884460899984	0.0008216175460125128	-0.0020775745918531806	0.0011274081261305907	0.00026313574359592903	-0.0033053623786453087	0.002272660020012417	0.0012642297617560753	-0.004029638604222156	-0.0017243301719301121	0.0035955147205122733	-0.004312426983703289	0.0011832844617528139	0.0030364239317610844	0.0007913797435208012	-0.007437942007083284	-2.1981496448205398e-07	-0.0015763667349442253	-0.004010738281806604	-0.001465073256153742	0.004453477156461939	-0.0044113646794300895	-0.00623083792995654	0.0059712543194133	-0.0019094926794962	0.0014870012163115515	-0.005852258107306743	0.0033099799056943904	0.0012926056285598839	0.0019073758958240538	-0.001818226287425692	0.002381993779303729	0.0010143323928345851	8.47115574975833e-05	-0.0033793990698845907	0.0014618459364046453	-0.0032638669376407687	0.0016517892903994437	0.004632573641672573	0.005983393785526314	-0.0038170014352800203	0.0030641951212191983	-0.0011754286079139217	-0.00032710399171706917	-0.002373916736501912	-0.00013916090251712306	0.0005814524713968358	-0.004177599099230198	0.000470714495780666	0.0025524978888037315	-0.0006917603498052636	0.00033466308502363735	-0.0008251526006951223	0.001229615953210075	-0.0013092637299461916	0.0004505398988524215	0.0012805922259179084	-0.00033692851131567454	-0.00013927972654706244	0.00029404609702690486	-0.0007409364295832495	0.0022813182368975954	0.0015211365654987461	-0.0002758142635228633	0.002144284232676445	0.0012067060134042737	-0.0007966063981583996	0.00011849114556821524	0.001199904324350902	0.0001465390655824473	-5.5756239056226426e-05	0.0002357255964479289	-1.3462178696775751e-05	-0.00019023023756923398	-0.0	0.0	0.0	0.0	0.0	0.0	0.0	0.0	0.0	0.0	0.0	0.0	0.0	0.0	0.0	0.0	0.0	0.0	0.0	0.0	0.0	0.0	0.0	0.0	0.0	0.0	0.0	0.0	0.0	0.0	0.0	0.0
GCDF228	0.0793080893324879	0.02057980595063241	0.0008462882396599652	-0.004880286305886689	-0.01922786863993894	0.00026509614006652764	0.002482852569094933	0.00450438292464762	-0.0072605826393492895	0.005566356763019514	0.00362723575335591	-0.001656586576970339	0.0006871034275023561	-1.5466191404690763e-05	0.0035810769488730386	-0.00043559780666465627	-0.002230576913674674	0.00122847263560496	0.00017244644107286224	0.002191866500931626	-0.0045006135664900125	0.004026337684985524	-0.000496152952154284	-0.0012314805666674017	0.0024009355729686806	-0.0007690247220441883	0.006194304751938802	0.005227900196932302	0.0036444038430692993	0.003881194427046089	0.005852123497465796	0.0014431475756873549	-0.003352800441449745	-0.0034788973596315436	-0.003108618808521167	0.0004981589812859482	-0.0006887834797807738	-0.0036310704149558827	0.003151667073018215	-0.009564839641313964	-0.005279667865946523	-0.0033087932587107637	0.002588152051631579	-0.0018759041329589612	0.0014069124969809253	0.001485605212930813	-0.0019838812232161056	0.0015450599444427533	-0.0014242302060888253	0.0013939700543948831	-0.002172649149947988	-0.006140187812053465	-0.00186154488344233	0.0005369925397166321	-0.0017115806317589692	0.0027864100092151187	-0.00441270144224778	0.0012408695427698776	-0.001756292191890686	0.002479596444964649	0.00017527163904469496	0.0009208970494827945	-0.0018865052587197122	0.0015344144616843418	-0.0010093505581271975	0.00088079249575625	-0.002738994593485815	-0.0006732722199581081	0.0010748445922133848	0.0012504639252321125	-2.862809465338781e-05	0.0003453812586409032	-0.0014590869430052076	0.0005333624117060452	-0.00021916929804974413	-7.469865878517056e-05	-0.0016155790895139588	-0.00037224090620350343	-0.00011992829041462262	-7.712701106868802e-05	-0.0009865074473926667	0.0007835422228759906	-0.0007419532990039429	0.0010254398407090152	0.0005152763137062031	0.0006102106816714005	0.0001766294581085856	-0.00026930363158087644	0.00013535022213307063	-0.0	0.0	0.0	0.0	0.0	0.0	0.0	0.0	0.0	0.0	0.0	0.0	0.0	0.0	0.0	0.0	0.0	0.0	0.0	0.0	0.0	0.0	0.0	0.0	0.0	0.0	0.0	0.0	0.0	0.0	0.0	0.0
GCDF229	-0.03749212541993535	0.0255250166413532	-0.003308608361956082	-0.007684374317582905	0.007753959860227309	0.0002027426849984563	0.00392371226313076	-0.000246476083727162	-0.002275629345764088	-0.0047809959890675385	0.0023927340543162586	-0.004359023877658089	0.005470221631732779	0.004000731167518164	-0.004011624941732489	-0.002384051399310246	-0.006651101054139681	-0.003924472813847985	-0.0037030015433409404	0.003200005035137142	0.0020400985341758058	0.006940045922532242	-0.005609549808890212	0.00232878896358715	0.0002612710519346125	0.0011673479730601344	-0.0011662100889089598	0.0006297528003340684	-0.0033737902746623747	0.0030250540731597128	0.006527706522861026	0.0009710302134908792	0.001878516503445337	-0.0012368504990734836	0.0029296750127602075	0.003142264232443863	-0.0008420168826217702	0.003650955523812064	-0.004375601016262773	-0.0033324663598569143	0.0009315550395662922	-0.00084662712237724	0.0010068953668053876	0.0011270975737072396	-0.0013768596232621752	-0.003150701067142059	0.0053055103306636755	0.002443394295212567	0.00025070466686151726	0.005502295142589325	0.004829040951605075	0.003267589055744802	-0.003586994734495857	-0.0016598400017657292	-0.0009907114186020606	-0.00017642701603532145	-0.0008259384912763539	-0.0025451481741530385	0.00023449588245937284	-0.0006726963216775624	0.00019409973771281283	-0.001282859156700101	-2.6737156548625278e-05	0.001355611602994902	-0.0016816082739672192	-0.0015145432731053516	6.073542355374901e-05	-0.00043875593712105885	0.0006436441676609514	-0.0014178521192397733	0.0002262522930756586	0.004045025904378069	-0.002988054203248073	-0.00021295794288289744	0.0025874247937545396	0.001312259514044767	0.000776438847911296	0.0002455180965899564	-0.002071169503166033	-0.0017885950188380228	-0.00020131333049130362	-0.0010740986255402083	8.254494218053663e-05	-0.0005617721789651293	-0.000852162070969372	0.0007271234863610068	0.001029480271845638	0.0002974852221925997	0.00040782992194600225	-0.0	0.0	0.0	0.0	0.0	0.0	0.0	0.0	0.0	0.0	0.0	0.0	0.0	0.0	0.0	0.0	0.0	0.0	0.0	0.0	0.0	0.0	0.0	0.0	0.0	0.0	0.0	0.0	0.0	0.0	0.0	0.0
GCDF230	0.004646622160242729	0.023811115483485884	-0.0012812502466502467	-0.0047678834048118365	0.0051867637963399025	-0.0014138626421167154	-0.0016707681914670466	-0.0007352217603111836	-0.002063380164226466	-0.0011097239449326503	0.0015589767214728414	-0.000839691093394084	-0.0010763471851032577	5.027295437659426e-05	0.0008447672637688684	-0.0009319976790410758	0.002062104868993302	-0.003443253998765832	-0.0016838605719710993	0.002677845973099422	0.003151897300246984	0.0004104957989266356	0.003492650381115566	-0.002266210733629382	-0.003297747297005551	-0.0021188438940378117	-0.0028445098740995786	0.0025936026727085585	0.0012341159705158145	-0.0021068723959294755	0.002907497248975587	0.002402079398147228	-0.004104201070567449	0.0021860397134550484	-0.0020116224120724983	-0.0022526803959897947	0.002750263408669363	0.0015940049308794976	0.0008355913131399295	-0.0023044358210425205	0.003370810056356465	-0.0007061378931949794	-0.0007502751393808863	-0.0004010733799723291	0.0016323707049819883	0.0005657267183803123	-0.00669987906952162	0.0016998982057727342	0.0033517887402199306	0.00603511850325745	0.0011573254415720591	-0.0010100587833375872	0.004802825643801232	0.003556862467425439	-0.005193557985107595	-0.0024855922101552222	-0.0006119114694705339	-0.0018085099086084884	0.0024698027595557908	0.0009421069066792809	0.001698226395455964	-0.004761936874609945	0.0016511578146869651	-0.00029061198927403154	0.0009374752453371882	0.0004637853300979957	0.0026570890548319884	-0.0027102258314384894	0.0015035617614873743	-0.0006387975718722046	0.0011504404752285602	-0.0005342863264596075	-0.0008089113038535037	-0.0014637715090226118	0.002046989316070951	-0.0007463909194412161	-0.0012953779757345647	0.0004883320815040293	-0.0020969469800358937	0.00048039579742573064	-0.0006145139939834392	0.0007513563653801218	0.0011254470724484714	0.0008449152110457999	0.0003620415243231879	-0.0020105571625505365	-0.00023325139644927648	-0.0002147344842774367	0.00039968174622816746	-0.0	0.0	0.0	0.0	0.0	0.0	0.0	0.0	0.0	0.0	0.0	0.0	0.0	0.0	0.0	0.0	0.0	0.0	0.0	0.0	0.0	0.0	0.0	0.0	0.0	0.0	0.0	0.0	0.0	0.0	0.0	0.0
GCDF231	-0.0040896682727947255	0.024629592559079868	-0.0019631454575773214	-0.01059452406008807	0.0065000336945118834	0.0015804816061614243	0.003987423955643221	-0.0031354348510901626	-0.006150850366244652	-0.0037779991971436506	0.0012550785592241067	-0.0021567903151812006	0.0027920781882903264	0.002940552974179568	-0.005582948932221696	-0.00205831268326334	0.0007933703926052155	-0.003350764519944089	0.00013201959988182971	-0.00368242407773244	-0.00037036601539127176	-0.001680053706809826	-0.001941389790115054	0.0019346355944984664	0.0013170337301257324	0.0005620367821899453	0.0005388306669553173	-6.211587589526505e-05	-0.00127909953216862	0.0029065894511009875	0.005216933307705248	0.00047337978079122747	0.004313570377512398	-0.0013060527712956402	0.005691132702670499	-0.0017393544377766774	0.0048996805090161764	0.0014415897684020725	0.004603193399202841	6.036371320458452e-06	-0.0023038108733746732	0.003052149224812008	0.0035696527096810518	0.001963937561315397	-0.0006822903021867896	0.0034608033255371443	0.003083240840859996	-0.0032638546885282223	-3.7070236536038724e-05	-0.000895142948025763	-0.003806888558131913	0.0006133350355837113	0.00012696902670793824	-0.0044496703098127685	0.0021661412892219336	0.0024525175387383816	-2.281383628574093e-06	-0.003538220769008065	-0.002882758304123777	0.003702722367934955	0.0006217005000810442	0.0007221282315890311	-0.00032654605053654596	-0.0002987452510849513	0.004506061765841974	-0.00021145108813417783	-0.00048006002441709745	-0.001529129382023576	-0.001998932691170096	0.0029216993348521853	-0.00044279829816169265	-0.002462446684959361	-0.002136454922621342	0.00010247433427034472	0.00036383815343851093	-0.0031771438643842563	-0.0006872380636898954	-0.00036635950088095707	0.0011510056717129074	0.001583298605656396	0.0014347205189038951	6.601784414456119e-05	-0.00065732770003714	0.0005604301936406398	-0.0002392722101533371	-0.0004983490962826779	-0.00039355447055858033	-0.0007204813393877634	0.00042705888018899685	-0.0	0.0	0.0	0.0	0.0	0.0	0.0	0.0	0.0	0.0	0.0	0.0	0.0	0.0	0.0	0.0	0.0	0.0	0.0	0.0	0.0	0.0	0.0	0.0	0.0	0.0	0.0	0.0	0.0	0.0	0.0	0.0
GCDF232	0.03094068776197681	0.02250698558242975	-0.003498645085838446	0.0018524447987703905	-0.004682006928968099	-0.00690431607414898	-0.00849926621233496	0.009874871778241224	0.003638634222525671	-0.0014959321969257088	0.0017666984325620666	0.0035988363905875495	-0.0068582900202452035	0.0014987860046566442	0.005777634928857822	-0.0017756503765538265	0.003099097665443984	0.002183852170670448	0.0009575056942831942	-0.002587367219733582	-0.003428712045389451	-0.0010895229348698442	0.0031866722225845534	-0.0021560176481683667	0.0016120704327460304	-0.005401131008722932	0.0016466442451166425	-0.0015137471324955492	0.001220163235155562	0.001322665783646692	-0.0028810654232524205	0.00745861091825243	-0.0027373963118871285	-0.0001934765163738837	0.004373035173315612	-0.005938064601435347	-0.003434511283842625	0.005278948487513299	-0.0005339196513041844	-0.0002019500724633685	-0.0026245891720032485	-0.0012646170874138568	0.00026646617555972613	-0.00037658720302530214	0.0002118354585499033	-0.003630359652791414	-0.0018641563806554462	0.0036252000629581954	0.002045066947296006	-0.002400152803812889	-0.00019767584776042032	0.0004231129846777835	6.161132958916591e-05	-0.0030450936110007114	0.0013936529167212156	0.0037753826964833123	0.0018708018569693976	0.0022450739907745087	0.0018743012946320211	-0.00184037271371724	-0.0004983965196141203	-0.0007191639357529364	-0.0016194564549685852	-0.004102800033000443	0.0006628251951664717	0.0015141228022497344	-0.003755993104295369	-0.0006843099626397381	-5.253942892790668e-05	0.0002345502555981022	0.00440012578195473	7.302128736751533e-05	-0.0003463170433820808	-0.00271740948683602	0.0006700773726552653	-0.0034586948450301886	-9.982892185921933e-05	-0.0011932601141584564	-0.0009453195380191695	-0.0002711553788965152	-0.0004099204644139818	-0.0019635325827879776	-0.0002617371299628908	-0.00038111298414326755	-0.001313731319428414	0.00025273754863833805	0.0012480059695117627	0.0007117876260601694	-0.00032762259440994364	-0.0	0.0	0.0	0.0	0.0	0.0	0.0	0.0	0.0	0.0	0.0	0.0	0.0	0.0	0.0	0.0	0.0	0.0	0.0	0.0	0.0	0.0	0.0	0.0	0.0	0.0	0.0	0.0	0.0	0.0	0.0	0.0
GCDF235	-0.07983021644283878	0.019449265253571952	-0.002780224385277527	0.006096662121505935	-7.840118114331523e-05	-0.0004646704607112139	-0.0034242325592330264	-0.0013535146716478976	0.0028373393969087046	-0.00018578022588480552	-0.0010940759223868122	-0.0023211100953737488	0.0027920094238985164	0.00047789324459976846	0.0054969842799138385	0.003774070319364981	-0.001432087954961427	7.761887935475109e-05	0.0031646354170490045	-0.00041136969563317186	-0.0054533921102039706	-0.002939831670140931	-0.0021873485725832755	0.004737945282433454	0.00241091591948571	-0.003189498834051271	-0.007805125772614745	-0.00462906598941329	0.006740097180291123	0.0012839910081069196	-0.0006983488268830866	0.000498371777240242	-0.0004175295835008575	-0.0034757238135556113	-0.002931697337309951	0.001784476236813624	-0.00036910567453997737	0.00044148587747381993	0.003709192780350541	0.00037879094398950467	-0.0017725360500079816	0.0003998398859637705	0.0015597296829074632	-0.0029996305562812998	-0.004739719151762028	-0.002204775979900451	0.004576769043268162	0.001827031824748983	0.0017367548309178897	0.0016490783303231217	-0.0011573568766286972	-0.00037638558975740407	0.008054311760264457	0.000682976234208304	-0.001783211056341461	0.001779351305779845	0.003878682757956519	-0.003160836886318824	-0.0035916241527716736	0.002819337238100413	-0.0006780510139907173	-0.00024249301045951388	0.0004377791632924094	0.0016597757219926706	0.0011656614692858189	0.0025655815210855566	0.0026711336275066187	0.0015991401987197717	-0.00021445507769117492	0.0018590687024760625	0.0002261796089327639	0.0023417576521664193	0.0009135049902992004	0.0013365428068627296	0.00012971600846916012	-0.0007920207424875403	-0.0020277271395057694	-0.00012661404736402768	0.00018272406648968978	-0.0007137139081441305	-0.0008086831593203706	0.0003273384204686887	0.001081559727718708	-0.0012787015103961383	0.001235521509664426	-0.0002622294407796033	0.0008391800747466442	0.0003311577163049862	0.00019150254060083149	-0.0	0.0	0.0	0.0	0.0	0.0	0.0	0.0	0.0	0.0	0.0	0.0	0.0	0.0	0.0	0.0	0.0	0.0	0.0	0.0	0.0	0.0	0.0	0.0	0.0	0.0	0.0	0.0	0.0	0.0	0.0	0.0
GCDF236	-0.15833650755863532	0.004749079384520313	0.010941026279423678	-0.003097196403315423	-0.004759072183671854	0.007474242149484034	0.007107715143698411	-0.003981077175076539	0.005410596865025696	-0.004147494094953804	0.004192323470217511	-0.0015048024865483836	0.00022071615241150733	0.0003513492717951902	-0.0021483903005305475	-0.0022203231113724887	0.0003375660480317359	-0.0010738082348188504	-0.0020721417684212056	0.0019226013314816456	-0.0003190647505167201	-0.002877252303424008	0.0015558703022294969	0.002346205634214173	0.0014513143677512062	-0.0022523198469518784	0.001149396494030502	0.0010572418227246618	-0.0035136556444054466	-0.005568533400514462	-0.0026096058826838558	-0.0018048301565080868	0.0007850952280531159	-0.003780283616767947	0.0008801576093004127	-0.004202661616576583	0.008909368070469643	-1.3178471927806175e-05	0.0046141274241006626	-0.0034562234335030542	0.0002734561404837308	0.002998227364859149	0.0022391907747267158	-0.0029197958442066063	-0.0029200643347653495	-0.0033865739573161135	0.0011841548724610528	0.004263972578767172	0.003282901032163785	0.003638249704476079	0.002099999298124947	-0.003819047223430773	-0.0006117233747187557	0.002039778148060917	0.00018659796291762765	-0.001080808330036037	0.0011371167475185114	0.004822915328567958	0.0021476958182423222	-6.332498337886047e-05	-0.0009409422605765603	-0.00023658047875732246	0.0002660216930592146	-0.00018419919428054477	0.00319460882225162	-0.0017941203176748844	0.001936301526737355	0.0010232925308718641	-0.0017810836485816226	-0.0015067340343197112	-0.0015300516523593093	-0.0016418568387483858	0.0002664207501928452	0.0001314242050712954	-0.0014399511738578347	0.00226454856869832	-0.00014374533344931905	-0.0028263900207070453	0.0013821995216660463	4.956432017118039e-06	0.00031071241136213776	-0.0007860725680439957	-0.0013419339224267357	0.00013852655000954177	-0.000964512966777168	0.0011800609513009071	-6.128708138218388e-05	0.0006307517385693249	-5.202764613737772e-05	-0.0	0.0	0.0	0.0	0.0	0.0	0.0	0.0	0.0	0.0	0.0	0.0	0.0	0.0	0.0	0.0	0.0	0.0	0.0	0.0	0.0	0.0	0.0	0.0	0.0	0.0	0.0	0.0	0.0	0.0	0.0	0.0
GCDF237	0.03382536558763991	0.023912311753938355	0.0007708542331452983	-0.004230351360438472	-0.003909866990053085	-0.0021047147973725557	0.00033343465091087573	0.0035676315024717313	-0.0016665826463300266	-0.0015902617932371762	5.628969080752741e-05	-0.0011164216501425607	-0.001350984339601387	7.378350330805561e-05	0.0014749316480844555	-0.0007513227857625613	0.00017503003911863613	-0.0009983441911825294	0.00384223508675712	-0.0032831061161437943	-0.0036435082570780582	-0.00278284521751379	0.003972746547725648	0.004124141394374819	0.002179501509975662	-0.0001228294474193159	0.00038272165085520825	0.0011155367057330717	0.001003097357608378	0.004824109231516962	-0.004763042497684903	0.0015301157400617901	0.0036109838750403053	0.0042946478830709015	-0.0021142273335130043	-0.0014386574174864372	0.002572010658850148	0.001471547383379704	0.0032275248052160747	0.004236869430495974	0.004006602146998585	-0.002125669544772541	0.004862609547960937	-0.0005234584674944894	4.866683470626939e-05	7.465717623744811e-05	-0.0004683686197884321	-0.002832788334205248	0.00035704382175468034	0.0037127977878437615	0.006247032551582149	-0.0009495977669618915	-0.0007897699139624131	0.0009396518088747097	-0.0012238291721180486	-0.0008724914852330625	4.344465031315835e-05	0.002884646364290963	-0.000595368226316838	-0.0003493717282917252	0.00016418230905750959	0.0002010731795379575	-0.004293665316708171	-0.0013730541465114736	-0.004791235223427413	-0.005157915881163696	-0.0031219874331119345	-0.0023428726494559384	-0.0022962037612469476	0.00011956057389273139	-0.0038199438739147384	-0.00023581994040842392	0.0010056057190896276	-0.0005941446794672484	0.0008161237973941865	-0.0010865092803974236	-0.0006815012274966328	0.002007359173399263	0.0001248988776902742	-0.0012357760415967125	-0.00046193768804329567	-0.0001423727440324161	-0.0012226551834247058	-0.0007596217596357957	0.0007951061764776018	0.0006963368761022478	-0.00018113729840435548	-0.00022810079326228956	0.0002725137600020672	-0.0	0.0	0.0	0.0	0.0	0.0	0.0	0.0	0.0	0.0	0.0	0.0	0.0	0.0	0.0	0.0	0.0	0.0	0.0	0.0	0.0	0.0	0.0	0.0	0.0	0.0	0.0	0.0	0.0	0.0	0.0	0.0
GCDF238	-0.25105203141930044	-0.012791066325903896	0.0354320304962389	-0.0029175206661351755	-0.002829131092640333	0.005649021739111841	0.002750576793547333	0.009063044741287666	-0.00037229519927641435	-0.004254346038621348	0.0022850557317020776	-0.00127462416559789	0.0009375159921228325	0.0012769069679924967	-0.0061556343368658175	0.0011186679994037094	-0.0014913599407827358	-0.004104991257936296	0.003058272173582558	0.0011800393916309912	0.0046554488893483644	0.00015937870564106273	-0.0023806211426930005	0.0015855847974219994	-0.0014892655952797734	-0.003980027021245713	0.0014476778793952043	-0.000936412732774587	0.002358699184247516	0.0003474278865389102	-0.0011962729852535794	-0.004067131617146995	-0.0017732867590294424	-0.0014166174713490323	-0.0015372452272048565	-0.0037534274700904867	-0.005792939929616582	-0.0009131685150114245	-0.0008413601081897783	0.0022681039326104446	-0.0021554577777525715	0.003952986300060963	0.004040717785188866	-0.004268177203536553	-0.004711052113347991	-0.004403129940011423	-0.002395921515307002	-0.005330272949458271	-0.0013709978238007332	0.0030206158722646246	0.0024880834996079296	-0.004665873208416903	-0.0008936585269348968	-0.005090213549133154	0.004143079686071794	-0.004626203100039481	-0.0009886770349337418	-0.001878578323460006	-0.0006386300877109959	-0.000836088562750909	-0.0031088065263837994	-0.0025014808296078077	0.0009072827511200914	0.002158602175925918	-0.0018402547913278899	0.002391154925510578	0.0009485019191155261	-0.0017737797115314115	-0.001617097054032958	0.0004718946440384957	0.002000441098475356	-0.0005477162996810137	-0.00186999225173392	-0.00021519712096838075	-0.0007253304879995283	-0.00037070876900865946	0.0009517777280890603	-0.0005598361385316796	-0.0006282532968551955	-0.0006344072064197525	0.0007690210151703197	0.00011154639426033857	-0.00030673727020799293	-0.0004957106843687144	0.0008761675215473073	-7.837315335104511e-05	-0.0007756686851400669	0.00011460954180014041	-0.00030107923504685887	-0.0	0.0	0.0	0.0	0.0	0.0	0.0	0.0	0.0	0.0	0.0	0.0	0.0	0.0	0.0	0.0	0.0	0.0	0.0	0.0	0.0	0.0	0.0	0.0	0.0	0.0	0.0	0.0	0.0	0.0	0.0	0.0
GCDF239	-0.2960067208412293	-0.041065996437687	0.04014000554542843	0.0036542826720426134	-0.006364566641182671	0.006838762197387351	-0.01837198359773461	0.010133395213490817	-0.006886917421938595	0.0066290960210805645	-0.007600136660431328	-0.002026585856078668	0.013304847438738224	-0.0286725476576738	0.004530541767660884	-0.02427710439062254	0.006088810106164978	0.002145969357002727	-0.006157027634546088	0.0005141214164441429	-0.0009218377848009018	0.0008764599580508108	0.00027406250851953875	0.005767688213240964	0.0020640109932496763	0.003063836030103555	-8.231279835457106e-05	0.0010859152651533234	0.0018929258683176918	0.00260966969323302	0.0012797863381061253	-0.002236329402769357	-0.0006935359088393594	-0.0010996652635331863	0.0002356887544144342	-0.0035839844423274396	2.7375478046842334e-05	-0.0018777187150211898	-0.0018883013780126897	0.0008434339031825567	-0.00035291768835914785	-2.997298468878379e-05	0.0008476265615712578	0.0003496099470864217	-0.0017150855970187485	0.0011811444444071526	-0.000226471866980222	-0.0005055289837343682	0.00016638436117152075	-0.0006977456372910812	0.00027098390683397665	0.0006848719725674595	0.0008136545488854951	-0.0007865015945313327	-0.0016945685120198888	0.00010605920922409897	-0.00137374910894567	0.0006192697985429347	0.0006195433220113121	-5.771166737920315e-05	-0.0005474111514483561	0.0003345967714548098	0.0004714932431000409	-7.301441158280073e-05	0.0006300037533319714	0.0006962423008993232	0.0002368040113687334	-0.00036770603117968745	-7.949322791373882e-05	-0.0005663184117889613	0.00031383045745677127	-0.00036604224237782236	-0.0003655891052901512	-0.0007112288076055584	-3.931949152779711e-05	0.0002114786400604149	-0.000641988144993443	0.00034275403901092325	-7.765519777238336e-05	7.58574471014764e-05	-0.00016700224226163312	-0.0002357735149109925	0.00031480848678516326	-0.0002177118677269932	3.2422208416255156e-08	0.00028383866215663493	-0.0002752586948457616	0.0002651295533298164	5.7557500314752724e-06	-0.0	0.0	0.0	0.0	0.0	0.0	0.0	0.0	0.0	0.0	0.0	0.0	0.0	0.0	0.0	0.0	0.0	0.0	0.0	0.0	0.0	0.0	0.0	0.0	0.0	0.0	0.0	0.0	0.0	0.0	0.0	0.0
GCDF240	-0.30361359777318436	-0.032459987410040116	0.05010083368176477	0.0021699366905236087	-0.005085852593409378	0.005405782336424563	-0.007537916793301049	0.012022321311789153	-0.008361506412032805	0.00011434046626857967	-0.004761001805280805	1.592658359964968e-05	-0.002063245240382604	0.009320127883933948	0.0011971222746018982	0.01104759120355545	-0.00250935502865972	-0.004813337293353884	0.0025088366873672052	0.0005087323057577049	-0.004647647813311445	-0.0019921608727829507	0.0017119637741175896	-0.0031073466204387078	-0.0010895334662252114	-0.00125419990747695	-0.0013381006745095095	-1.383515993283799e-05	0.0016704129094638448	0.0025009278632687404	0.00016750916629407387	0.0006249883610257893	0.0007196986053944384	0.001237742124404468	0.002358542423877458	0.0023119383827233933	0.0005140887534724574	-0.004110153466751529	-1.5522131138705188e-06	-0.0004706813932767008	0.0012740163095966255	-0.0019313955097792638	-0.0010226330553498163	0.0029951016231457603	0.0018267448134971468	0.0023018727323486144	0.00025857593994112194	-0.0006004251440627854	0.0035179057543556084	0.0016563847846902202	-6.108299038635556e-05	-0.0004376720426594805	-0.00323222071877573	0.0008650055467541728	0.0064815541161295925	0.004115701218789871	0.0012246662673971321	0.0033843678851175306	-0.0013231349257527146	0.0003689718593980666	0.007180596775304656	-0.0023601920938974017	0.0030671630915672693	0.0019193816439820315	-0.0027697275908018185	0.00026600358420294525	0.0036453734913819737	-0.0022320842978707767	-0.0024094905220361238	0.0013277822917571941	0.0005356114336291385	-7.927374287519986e-05	0.0014854494752304034	-0.0010788902286982586	-0.0007657297546878618	0.00016989055736887278	-0.00036392896747975176	-0.00021400285259431953	-0.0008713245138145979	-0.001104247750778311	1.1419778914526115e-05	0.0003059993766339324	0.00038611803692270005	0.00023723440342547633	0.0001730519319796306	0.00020152447400476734	5.928425018799541e-05	4.63337030418255e-05	-6.092298191936586e-05	-0.0	0.0	0.0	0.0	0.0	0.0	0.0	0.0	0.0	0.0	0.0	0.0	0.0	0.0	0.0	0.0	0.0	0.0	0.0	0.0	0.0	0.0	0.0	0.0	0.0	0.0	0.0	0.0	0.0	0.0	0.0	0.0
GCDF241	-0.07584202277132482	-0.003747115547044006	-0.042076280569545516	0.020288462056564958	0.01299965201390578	-0.008604420199274711	-0.00124401453227213	-0.0013996657559664394	-0.002036291046053776	0.004395169549047439	-0.009520199090245138	-0.009635101335396147	0.010620722730061701	0.00522497515921522	-0.012701295302885166	0.007664586166977281	-0.004012283961518812	0.01203240312229374	-0.01448846556309019	0.00464523440629401	0.00632281215360357	0.005004002214940008	0.007149331255002123	-0.0026169391054442397	0.006077860813812641	-3.921583707511483e-05	-0.0015575728109725583	0.00399367170847593	0.002815820320161887	0.002960408254224588	-0.0027256012015411013	0.002315600989205694	-0.002521431301565623	-0.00028175208146873537	0.0016008556779621046	0.00272170126320819	0.0008456682506467894	-0.0003631255370044715	-0.0008882264175516926	0.00023806279201361828	-0.0006906672270076502	0.0012764799504861215	0.0018332927734339044	-0.0005799469384934299	0.0006558476199797985	-6.844589757850773e-05	0.0005408203526745032	-0.00015521556456985877	0.0014290333804708117	0.002214445685844921	-9.94407626743091e-05	0.0006274835741636392	-0.00019176113855891834	-0.0012752735363416828	0.00017351690315604805	0.0002421118432203431	0.001915103808415056	-0.001935218672709107	-0.0010579697924815875	-0.0015834756468579608	0.0006142356394317097	-0.000518086892528461	0.0007403658888045395	0.0005229157995990265	0.0006136374001520694	0.0003380239385720377	-0.0005003663802535553	0.0002474627369336352	-6.0095434130042895e-05	-0.00042541723605917203	0.001430963834205773	-0.0008611738248438718	2.5246035114694472e-05	0.0007463602256546969	3.420161939895303e-05	-0.0005803257632463718	0.000730139760654917	0.0003580564638283477	0.0009258629546426091	-0.00047382579278740743	5.2909750000806405e-05	-0.00011768795274514242	-0.000656168988057853	0.00025806288854424305	0.00013443875809068576	-8.064002190558999e-05	-0.0008225570057274136	1.2424313244537847e-05	-0.00024341108102413818	-0.0	0.0	0.0	0.0	0.0	0.0	0.0	0.0	0.0	0.0	0.0	0.0	0.0	0.0	0.0	0.0	0.0	0.0	0.0	0.0	0.0	0.0	0.0	0.0	0.0	0.0	0.0	0.0	0.0	0.0	0.0	0.0
GCDF243	-0.3229655606244708	-0.05021277415939406	0.05450226174830505	-0.0027159940282232885	-0.00681895325897876	-0.07834457704594472	0.021195584858673705	-0.016239405337111996	-0.0030439801311737905	0.001168936878798205	0.0004489516184848252	-0.004985889042456395	-0.001488496124148135	-0.0014297160539197735	0.0007347346660956809	0.0003012150601365781	-0.000735071629002955	-0.0005933038947150742	0.00387160813414314	0.0013188593313298116	0.0022539970638607567	-0.00023972811779643117	0.0013927007911197164	0.0012602497022909155	0.000694289319850715	-0.0008599282779236708	-0.0003759492419697392	-0.0002971181031589263	0.00029373574704304466	-0.00022895838150019455	9.008457583923258e-06	-0.0007928731236189365	-0.0004663184366075717	-0.00042988471485734867	-0.00023516109820538372	0.0003351001415809703	-1.608980840925146e-05	-0.0007194331150443882	-0.0005078941913936013	-0.00019048124714747707	-3.619275256509668e-05	9.433972917335957e-05	-0.0001481155284048402	4.256765339702545e-05	0.0002052136156754495	-0.0002611580086614272	9.995343781770894e-05	3.30980811528517e-05	-0.00013117773305794042	0.00012119296286287903	-0.0004308306238125985	-1.3003708640908675e-05	-0.0006252400151155401	-0.000321294297351459	0.00011948149672844938	-0.00035831421526966243	0.00022668942178094833	-0.00010422694627925316	0.00012377615312780016	0.00021632799884975184	0.00012295633371946942	-0.0003815323400158523	-0.00023277596507399395	-0.0001748873339788578	5.7010808653112e-05	0.00021831975299223483	-0.0002521811545895171	-9.298204090381882e-05	6.254396151355209e-05	0.00018721448161089174	0.00018217651292201032	0.00011787051616539132	-0.00021982305193281378	-2.386275738347481e-05	-7.664061398710252e-05	0.00010218184850074637	-6.052407648013591e-05	-9.660493376025359e-05	7.215370325613349e-05	0.00021467916586488764	-6.679572644363329e-05	-8.207471017414859e-05	5.510098403912644e-05	-0.00013517408830731773	-2.7706633270120444e-05	8.466076451892251e-05	7.54726398683069e-05	-3.9191831823501347e-05	8.722061416756e-06	-0.0	0.0	0.0	0.0	0.0	0.0	0.0	0.0	0.0	0.0	0.0	0.0	0.0	0.0	0.0	0.0	0.0	0.0	0.0	0.0	0.0	0.0	0.0	0.0	0.0	0.0	0.0	0.0	0.0	0.0	0.0	0.0
GCDF244	0.054779592841012546	0.025186617909960605	0.006153833699558789	-0.00045303915573239993	-0.010129800585214364	-0.006100974383569512	-0.002194676418651262	0.012968093152999623	0.012163357351068627	-0.008140375826053751	0.004804905264970585	-0.0003138605156419904	-0.0033330192623840117	0.0014707013986423117	0.0012779131777920572	-0.0006317729493400006	-0.0017373054872134234	0.0016399474310101264	-0.0020852334249265416	-0.00024265921974672363	-0.0021612491268928856	-0.003958251469506364	0.0025526868507246224	0.001781696679998721	-0.0011140040809884508	0.0025183008454071746	-0.0033307905784534667	0.0015781649598248873	-0.0038575679736059113	0.0006792307086039939	-0.0007803646780400019	0.0003299457333902726	0.0010188497546459328	-0.004748775756680571	-0.0005650473913920749	-0.004226297031434309	0.002796099427614394	0.0022036117693825788	0.0011202214082177123	0.0043918172320936534	-0.0018906007136265817	-0.002176204540344259	-0.0018440354597816482	0.0019199914759057489	-0.0004934416927103456	0.00040546278608100247	-0.0013762570440965583	-0.00045129214875431936	0.00014564153552984335	0.002328458413261195	4.642541906776112e-05	-0.0021151809173331937	-0.0032608614587654344	0.00037600151937555086	0.0006612084570558187	0.0010278560587696339	-0.0023587894310417297	-0.000977447198362317	-0.0012773535110641014	-0.0029318634125098855	0.0017966379112776363	0.0014445748880320987	-4.7922734897984867e-05	-1.0992849197483772e-05	0.0010176099243496385	0.003875024759054591	0.0011868159616949497	-0.002158732925354421	0.002328711928231733	-0.0007164767585182019	-6.205886786337818e-05	0.003514873542003551	7.739859782791241e-05	0.001527577707158444	-0.0016016392935550613	0.0009090858652357547	0.00036199813454280164	0.0005641373725975764	0.0012031861028220547	0.0014072818014066952	0.00029510359541474237	0.0017876029866076375	-6.21488131219787e-06	-0.0029311251921146273	-0.0005440683775939216	-0.0009658388799198511	-2.5810977385986156e-05	0.001543617621444811	0.00035430929697562505	-0.0	0.0	0.0	0.0	0.0	0.0	0.0	0.0	0.0	0.0	0.0	0.0	0.0	0.0	0.0	0.0	0.0	0.0	0.0	0.0	0.0	0.0	0.0	0.0	0.0	0.0	0.0	0.0	0.0	0.0	0.0	0.0
GCDF245	-0.04219390551069294	0.008410366887494792	-0.021735316856639198	0.012629202610680873	0.008048912128787517	-0.0020407176304641944	-0.002772816997717995	-0.0076881356014279305	-0.001956252588812525	0.006446639120222943	-0.005698103599336026	0.002848378730350043	-0.003964415805157551	-0.0006246561721242851	-0.002354427127817062	0.002024779972857816	-0.003539633201387411	-0.004749506159943826	0.00020891321142405055	-0.0007237426484839117	0.0007199932803339929	0.003830054348743283	-0.007770440795326891	0.0027964773582246478	-0.0021304268020883766	-0.00026283574714944306	-0.005713661274160613	0.0021214028890402556	0.0031028321545268868	-0.002450908992986739	0.009536011615196531	0.004963578328020143	-0.004769916689235722	0.0010470235111642078	-0.00150635125879623	-0.001049958790653137	0.002674499407453863	0.002630062211082454	0.004574443647830331	0.004104277946780825	-0.0011036463894645281	0.0013000358341739738	0.002625839595171001	0.001984079792761241	-0.0015889144913393926	-0.0023973862950535606	-0.0005993327092631024	-0.0004740331394581389	0.00019824218771154325	-0.0074923080679134045	-0.0006182165030992136	-0.0002820835492987139	0.0018848767629559887	-0.0001858417346389049	0.002402048892341523	0.00043121324403224277	-0.0020024165355844565	0.0017280930726535399	0.004436802200485588	-0.003523488040800922	0.00275443309677316	-0.001187806999650773	-0.00022789753757146902	-0.0003133945296713167	0.0008037320674349609	0.00014028464816886611	-4.226171279724735e-05	-0.00021825052544292514	-0.0005402354232903166	0.00019380262909890372	-0.001900566522283323	-0.00013372838934576876	0.00027800479621120633	-0.0012266110619896702	0.0006871297031622788	0.0012477283289223891	0.0008452896083393914	0.002069583807096526	0.0005445837637275476	-0.0005698111110973189	-0.00021710843267295428	0.002022291676475612	-6.327096893002865e-05	-0.00054643703506701	-0.00010026066389337247	0.0009423159684156018	-0.0009458805081291227	-0.00021522072681958815	0.00017347456301266916	-0.0	0.0	0.0	0.0	0.0	0.0	0.0	0.0	0.0	0.0	0.0	0.0	0.0	0.0	0.0	0.0	0.0	0.0	0.0	0.0	0.0	0.0	0.0	0.0	0.0	0.0	0.0	0.0	0.0	0.0	0.0	0.0
GCDF246	0.009076398765486092	0.029858906237322735	-0.01699928038524811	-0.02700977657471292	0.002736981949674979	-0.005527218614463157	0.007713941229596837	0.013759825592163972	-0.005198761524763122	-0.00390176641234944	-0.017222838878089997	0.020077261982253465	-0.0026628868037546034	-0.004945330552552386	0.0003204359642230895	0.004921770211386243	0.0029067882428979682	0.0036994484300175334	-0.00135370640017253	-0.0007638680937642987	0.0021031009117291857	-0.0001544222143501505	0.0020303762167279984	0.0005454968008488709	0.0005727208359421623	-0.0002799293616801108	0.0038755768779564917	-0.0014571821418210022	-0.0020981162224136137	0.0009298888465839658	-0.0033773410542982637	-0.0014406376498042564	0.0026939294689385523	0.0010623841029407343	-0.0005165156484036046	-0.0008445567694626438	-0.0036070419091166614	-0.001810616380758038	0.0012317997769019085	-0.0013923876331503706	3.8381668652574035e-05	0.0017737618706195313	-0.0017593514508411926	-0.0006237645972004362	0.0006106431421102237	0.004054320866374726	-0.0007916629943152948	0.0031011468753677964	0.001018453730493919	-0.0031242890639726958	0.0001582859893549266	-9.670642442195786e-06	0.0031116161930336036	-0.002828315676159669	0.0008809664579573569	-0.0003766265165378867	-0.0003554186548884932	-0.002047203647278356	0.002498400365442994	-0.0002310756042287018	0.0024063330531533264	-0.0024800925418732374	-0.002448218514212495	-1.3650571911635755e-05	-0.0026438017793537225	-0.0007584913545114315	0.0031804571662657414	-0.00042570176450828503	-0.0003725445925256955	-0.0008780580774902586	0.0013320326159489053	-0.00014069034608814725	-0.0022930032464032572	0.003982281199214711	0.0021983946609834444	-2.2180955207548913e-05	-0.0016737748457116264	0.00016261011715057704	0.0008772484370036376	-0.0009628771129063823	-0.0002976491868041625	-8.546615484347466e-05	-0.0017897042519749017	-0.0010044136382085765	0.00039012690402375676	0.0001881663101856533	2.8424732147082643e-05	0.0001934853514769131	0.0005901800743929245	-0.0	0.0	0.0	0.0	0.0	0.0	0.0	0.0	0.0	0.0	0.0	0.0	0.0	0.0	0.0	0.0	0.0	0.0	0.0	0.0	0.0	0.0	0.0	0.0	0.0	0.0	0.0	0.0	0.0	0.0	0.0	0.0
GCDF247	-0.09356020798130923	0.01234430971979836	-0.0022071659804269576	-0.0016445315187463261	-0.006224584599617078	0.006924933274278671	0.005500595011171229	-0.011735881870025881	0.004627613272214672	-0.004169378440876097	0.0022147751839898177	-0.0034436434026224962	0.002454384124387846	0.003599027161391619	0.0006244924512451773	-0.0010035240248424523	0.0002927042822449352	7.477248949006531e-05	0.001675630612398492	-0.001816032129443396	0.0004948924475287979	-0.0031418344612761826	0.0017542640008976205	0.002183663680417676	-0.0015197346203896578	-0.0002926212753259278	0.0003133787834048162	-0.0021848149437382965	-0.00020940395753715548	-5.219326156396842e-05	-0.005363300697513712	0.0038879725396892563	0.0012793804915721895	-0.0068380538299341875	0.0012987786713329022	0.00017457252045236004	0.0033449655838140944	-0.00011996066771862994	-0.008840195381683865	0.0013362008747697758	-0.002493316092372603	-0.001709810879171962	-0.0004024084127048284	-0.00018598201225433026	0.00040700405998669544	-0.002689749166630352	-0.0007038788397280078	-0.00010270486318834627	0.0007082385262771196	-0.0015723557913829666	0.001489393181751034	2.4226713785974498e-05	0.004177411813788472	-0.002749936661969131	0.003114361015291527	-0.0019577368766725786	-0.005276736958382317	0.0013751595755611642	-0.0031367725114004297	-0.0006793177047556392	0.0040954833345439685	-0.00012337584441437867	-0.001900283361313918	-0.0023004999821707407	0.0008967441165302884	0.0007873556087774202	-0.0010093513596593053	0.0024857345976203797	0.0007669639615832492	-0.00012026497679983612	-0.003753515102947234	-0.00027829150370753435	-0.0020668194930507145	-2.7857834717635813e-05	0.0027302558217423144	0.0006622241882259178	-0.0006318194624618755	-0.0006175356964056553	-0.0020825585060953223	0.00011085563216729682	-7.932288368297864e-05	0.0011085722784484058	0.0007907306387332285	0.0015901022093890217	-1.94944939581541e-05	-0.00010548626926478792	-0.0006383141479702087	-0.0007188430500992489	-1.5636072187466802e-06	-0.0	0.0	0.0	0.0	0.0	0.0	0.0	0.0	0.0	0.0	0.0	0.0	0.0	0.0	0.0	0.0	0.0	0.0	0.0	0.0	0.0	0.0	0.0	0.0	0.0	0.0	0.0	0.0	0.0	0.0	0.0	0.0
GCDF248	-0.045379321390076756	0.01878221748104848	-0.008284120560941856	-0.0035344535745339693	0.006205022924504326	0.00025907664770701423	-0.0033068585311707235	-0.004793905288601684	0.0009335363246983404	0.0008515202746903654	0.00040054162581986297	-0.0029620599783956912	-0.00037268037857754677	-0.0017651989368136748	0.003801672310800217	0.0021963395983581164	-0.0031984219830772736	-0.001051062423148873	-0.0006051315151574537	-0.003505706634197794	0.0025977621442951995	0.0025939890846270568	0.006332296431298589	-0.00022543138208913093	-0.0018642917364511723	-0.002294419265731171	0.006749414362724475	0.004053688537177007	0.0009451377697709784	0.002538237003257568	0.0004016057607079937	0.002330962384462772	-0.0013174509187829171	0.0009595317289099372	0.0051254936686561696	0.0005403013429017373	-0.0074516860896957915	0.005320696839555861	0.0027831055580622875	-0.0025282051427751415	-0.0001740879133535137	-0.00039928900951711745	-0.0004626893591464252	0.004260995014930033	-0.0019132783966216732	0.0015988679696223355	0.0032346502843847743	0.0009695157034299555	-0.000540736728563913	-0.0008591486940908083	0.0009405259410655492	0.002907813695284375	0.0016463201377501214	0.0008271899978292794	0.00021941391784593398	-0.007103917358743152	-0.002160783359329531	0.0018778409785090793	-0.004649017838835203	0.0032400306876123504	0.002205829790667991	-0.0007590014308271737	0.001006899626328785	1.972033160250959e-05	0.0011434405344370997	0.0012237998028496624	0.0013819618324276673	-0.0014863126403845454	0.002127393331411741	-0.002384578133999537	-0.0024537328584751657	-0.0004970533507059105	0.001969866563891599	-0.0007799964513064326	-0.00407361759411246	0.0008375001483246913	-0.0012644802662993035	-0.0014420258899330764	0.0012345515343531437	-8.101467156425536e-05	-0.00016592325458608914	-0.0006020392606716965	0.0007954036135176188	-0.0009511104805222003	-0.0013792737196036266	0.0003701917364432734	-0.0007535088525530733	0.0001473501635891203	-0.00021413568793749455	-0.0	0.0	0.0	0.0	0.0	0.0	0.0	0.0	0.0	0.0	0.0	0.0	0.0	0.0	0.0	0.0	0.0	0.0	0.0	0.0	0.0	0.0	0.0	0.0	0.0	0.0	0.0	0.0	0.0	0.0	0.0	0.0
GCDF249	-0.016297954700239207	0.011359702043442074	-0.03009804341735509	0.015156554721449207	0.009422820212703414	-0.011637073688290827	-0.01091203445558096	0.017632628499483972	-0.005971261575595436	0.0006421860422194593	-0.006691863862211406	0.007278504033172572	-0.0025605024880936415	0.0013679762103185008	-0.009636162360696893	-0.002915409655007011	0.004658765086807662	0.007269539637562788	0.011187426200985093	-0.005591414950760431	-0.005832047500182616	-0.0022523081258944743	-0.0037410207168355096	0.00034405289200998575	0.007974922793099129	-0.000319804255528765	-0.0005442969466048469	0.007401434597069221	0.0017091398066284374	-0.0004624436004780083	-0.0013905568591125754	-0.003133272819354979	0.0034566965196263463	-0.0002872461403957243	0.0020949175220110524	0.001594507219915287	0.0007258083777024744	-0.002487015639652146	0.002319648931973433	0.0005834489227942115	-0.003344940202196676	0.002350281829334983	-0.0015812054543183722	0.0008574262423434786	-0.0030563901422627103	0.001988551493895115	0.0003499160841385177	0.002088384995926968	-0.003901691934514167	0.0009456299541642906	-0.0015645191382740965	0.00208338393393323	-0.0009627064803565657	0.002325111999884171	-0.001272588884615192	-0.004090234576226796	0.0010836562627327595	-0.0001341761077025695	-0.0014119645680246244	-0.0010829192678684803	-7.371062648932436e-05	0.001006380324215988	0.0027737378508172475	-0.0019075636289145673	-0.0019100621395752354	-0.000490797420401713	-0.0012876973464579786	-0.0011841531183812025	-0.00029370585029040455	-0.000691475806097847	-0.0007499059445608629	0.0006297086276376454	-0.001348870317646227	-0.0012028248055345077	0.0015104546277692754	5.196921001039939e-05	-0.0014780913020627701	-0.0013776146682957504	-0.0022073378462297817	-0.0014585468475354104	0.00011760170222817833	-0.0004977401396232684	0.0004742191051059809	0.0006272903815784034	-0.00011778477320270645	-0.000533708251683395	-0.0006402228481989193	0.00039489983269234047	6.697310340425541e-05	-0.0	0.0	0.0	0.0	0.0	0.0	0.0	0.0	0.0	0.0	0.0	0.0	0.0	0.0	0.0	0.0	0.0	0.0	0.0	0.0	0.0	0.0	0.0	0.0	0.0	0.0	0.0	0.0	0.0	0.0	0.0	0.0
GCDF251	-0.08774507085121892	-0.007331010411227562	-0.04257819719845489	0.029598463783255573	0.010200779921062686	0.0008736959687689562	0.004648841570348078	0.0004145537340383114	-0.0012959244765695474	0.0019025298833524546	-0.00949063762615012	-0.004354845432214277	0.010181735769765301	-0.008049415133073943	-0.007540780020628714	-0.0013991681135252982	-0.011571079342640553	-0.00762244261983385	0.007070584396195886	0.007998608608774764	-0.013962555553780901	0.0009347758404541549	0.0011155815334979674	0.0016913441693152253	-0.0027327875166196806	0.002658301217757624	0.0005050819150336455	-0.0010634742007145641	-0.006468273071476737	-0.0025278974147376547	-0.0025577681039403613	0.003555078349645572	0.0012551455742637412	0.0037274342182782674	-0.000862150964579263	-0.0006562991098037713	-0.0011852822994229788	0.0014513769441944497	0.0012224714315848119	-0.0017363348937619275	-0.0008594295073388285	-5.4919992186013864e-05	-0.004640791115009444	-0.0002310532266234374	-0.0009039027514311747	1.82167306949713e-05	-0.0012716225753817928	0.00038249581079943665	-0.001392219323296314	-9.901875731415307e-05	0.0007635197294248977	-0.0011580712588333958	0.0004872213569533815	-0.001578151275118212	0.00023219363580119013	0.0004567964020015869	-0.0014318211432436034	0.0006729226637015008	-0.0016375706013828885	0.0012182589908821854	-0.00023887328009038528	0.0008532193880202257	0.00185740492869459	-0.0008054241547101637	0.002298783354110615	-0.0009676834848106938	0.0007358801891620739	0.0003135603889816407	0.0010135026413972672	0.0004789238708878225	0.0009179265242689923	-0.001518517529360426	0.0002154684806321357	-0.0006691968637182445	-0.0007797266925924183	-0.0009146587177280582	0.0009950729636719433	0.0008763243108639738	-0.00048776828798511424	-0.0003868718819008948	0.0006270150704027455	-0.0006174811398148594	-0.0002788748555302963	-0.0008179440457204369	0.0006242974699454165	-5.620858206016867e-05	0.0005586687271239212	-0.0003824345621888375	0.0001468130094421233	-0.0	0.0	0.0	0.0	0.0	0.0	0.0	0.0	0.0	0.0	0.0	0.0	0.0	0.0	0.0	0.0	0.0	0.0	0.0	0.0	0.0	0.0	0.0	0.0	0.0	0.0	0.0	0.0	0.0	0.0	0.0	0.0
GCDF252	-0.1353194120811693	0.03896214915897527	-0.1060802143367587	-0.08753578943249074	0.06549994920907745	-0.0023182472022872823	0.007377381921089909	0.021712215191162516	0.027891394058115887	0.030241876125545235	0.004058152685283368	-0.015089853089733811	-0.009245449265020541	0.002287602948828646	0.00084625318123613	-0.002646470658230402	-0.002415172681440316	-0.004351836971647674	0.000291668646158917	0.00027231129367567564	-0.0009189606847661506	-0.00028756917754435996	0.0007627298886132476	-1.5403003994704325e-05	0.0014796941019590115	0.0011552812295502401	-6.586908836389772e-06	-0.00035549591345716825	0.0001561679148591887	0.0002398706286876901	0.0006093271165845242	8.084778746913182e-05	0.0004403406306553331	0.00024930145508280787	-0.0001530584177264133	-0.00045208331934738934	-2.466692076692059e-05	0.0001709399347977231	0.0004388709550597631	0.0006908066846367775	-0.0003214560985726841	0.0002798513299585724	0.00011751083852143205	7.220906001662517e-06	0.00022740986273405326	0.00010155833837374851	-7.713669401819853e-05	0.0003693975095134875	-9.588590101401925e-05	-0.00034309525504717025	-0.00040112418499253306	1.4172490792758403e-05	0.00023252282495448432	0.0003576963597497936	0.00014450140520394243	-6.240841949365782e-05	-6.251717017610635e-05	-1.8829887811220765e-05	0.00021215272670419163	-0.0002670118775453726	-5.4545981105175685e-05	9.190861258092767e-06	0.0002844628522152324	-9.873611242169432e-05	0.00017849471222311657	-0.00015100022710037451	-8.970779751666417e-05	0.00011615436097081456	0.0002561308988669925	1.6567622541344873e-05	-0.00010544253253826708	0.00015609767481386395	-0.00015558815512833446	9.435396263773382e-06	4.706232027588699e-05	-6.679501375778427e-05	-7.462002382414596e-05	7.2916679089612e-05	5.961671528007675e-05	0.00013929052574687776	-1.6721052694359182e-05	7.900751967471813e-05	-6.981675257553124e-05	-2.5119781757004747e-05	-6.955788844468957e-05	4.715421984773503e-06	6.734131418347281e-06	-5.952783940110468e-05	3.971367285337865e-05	-0.0	0.0	0.0	0.0	0.0	0.0	0.0	0.0	0.0	0.0	0.0	0.0	0.0	0.0	0.0	0.0	0.0	0.0	0.0	0.0	0.0	0.0	0.0	0.0	0.0	0.0	0.0	0.0	0.0	0.0	0.0	0.0
GCDF254	0.06393413337953516	0.0252418610705036	0.0063680003684022	-0.0030853312961952764	-0.013490899570685142	-0.0050654077062322785	0.0010512274181866236	0.012443562124324976	0.012197030241750891	-0.009384125944384319	0.00474516902454477	-0.002127108937514326	-0.00025782492167926354	0.0021918490488991673	-0.0008849788053738056	-0.0020380045076089565	-0.005709779781272253	0.0012935006229374017	-0.0038734586606702305	0.0010127959211768157	0.002738592759738253	-0.0063524278881820035	0.0022488260086905975	0.004799123385300828	0.0018525305564801816	-0.0033708652980351263	-0.002779984231311969	0.0018232516998807615	-0.001615110648143146	0.0011183850115566772	0.0008967766436509294	-0.0019198378070412474	-0.002697073179108479	0.0033355918452828803	0.004629513370470989	0.003388853307984094	0.0007372031536978753	0.0036857001166222384	-0.0001333810713132409	-0.0011021459864078325	0.0014511051268859384	0.0016833632078346538	0.0017658595510078453	-0.004061922551843378	-0.0003816814420715624	0.0004856727817109263	0.0005067270373873545	0.002291653403840576	-0.0025380827122711003	-0.0036367855695158447	0.0002626074493772431	-0.0007487124437636783	0.00010896592171642619	2.0626066443325494e-05	-0.0012641265409448663	0.0006306709323612409	0.0016950410277121542	-0.00010051255371149193	-0.0003603762347139987	0.0027567694899060017	0.0007857140663368768	0.0017164914498685065	0.0005891059658031467	0.0037035594417233935	-0.001988740184556102	-9.750003294429655e-05	0.003364868724593726	5.574181971607946e-06	-0.00043549497522131053	-0.0007558892669783672	-0.0014986491625443184	-0.00370264859785361	-0.0005627376014682576	-0.0019398683109657297	0.0005491007905131522	-0.0012462318470538335	0.002346371821601883	0.0003889463652496463	-0.00042558550728412174	0.0009071962243879468	-0.0019200614548035289	-0.0019342405099930851	0.0011473199549655382	0.0012151009054879576	0.0001607233757355569	0.000130432092733921	0.0007511128552835629	1.9649640432105898e-05	-0.0002640007147852685	-0.0	0.0	0.0	0.0	0.0	0.0	0.0	0.0	0.0	0.0	0.0	0.0	0.0	0.0	0.0	0.0	0.0	0.0	0.0	0.0	0.0	0.0	0.0	0.0	0.0	0.0	0.0	0.0	0.0	0.0	0.0	0.0
GCDF255	0.05290259559224732	0.025623272206201416	0.0005501186892722645	-0.00962938030048362	-0.009338378681280353	-0.004306965503259341	0.0044444695258192635	0.011423127481121745	0.005368943984456641	-0.002222468455247229	-0.00253969595938834	0.006042545044996706	-0.0050799565604367795	-0.002709782287152674	0.0016255025436246213	-0.00017689654619634294	0.0017644469131867496	-0.00048464769129892695	-0.001051316648869182	0.005884964042309391	-0.005209361294546382	0.0017679152768627986	0.0032849251203083815	-0.006617293635675362	-0.0021574695112469297	-0.0040852775466553035	-0.0008025001532323725	-0.004963471457221987	-0.00022041245644953528	-0.0005058640886003688	-0.0041478399476654855	0.003355115884646743	-0.004551063783263621	0.0005707396145527365	0.002577087378036015	0.0003100625452994965	-0.0005024521954649718	0.00020564524330272442	-0.001021845538316601	0.0006817330849900637	-0.00012132096142074993	-0.0025906738649844946	0.0003471522897174386	-0.000706626911406044	-0.0027080592021901844	0.0035123650419670916	0.0013840744908453755	-0.002022477486575356	-0.0017783170863782316	-0.0002995930529102694	-0.0022106925134539597	-0.002618674575484125	-0.0018409331876334332	-0.004903742170036261	-0.0016832820199956682	0.001768204622109505	0.001430675750528953	-0.004926712735512844	0.002809171738952993	-0.00020524901973338107	-0.0008697393820335298	-0.00034223720320397286	0.0008325782068578197	0.0015982339340686726	0.0002481414529989034	-0.002043533862296839	-0.0011150799988933334	-0.0005564327074625658	0.0010559385947534485	-0.001084206485853996	-0.004520713187358743	-0.0006301588170369715	0.00036016293302336004	-0.0002951040872999591	-0.00152261149657785	0.0017332638283099916	-0.00034232920684428876	0.0006102450578566569	-0.001270282390446841	-0.0007433460579041975	0.0009687856178442547	4.146036857068686e-05	0.00013039793565962303	0.0006075085316843181	-0.0006849048888719851	-8.165064690127394e-05	-0.0007439297441661234	-0.00034787540675182296	0.0002668081227202455	-0.0	0.0	0.0	0.0	0.0	0.0	0.0	0.0	0.0	0.0	0.0	0.0	0.0	0.0	0.0	0.0	0.0	0.0	0.0	0.0	0.0	0.0	0.0	0.0	0.0	0.0	0.0	0.0	0.0	0.0	0.0	0.0
GCDF256	-0.07906758885058206	0.015064695548972398	-0.004627004513232936	0.0014626666052393253	-0.0010651632352263417	0.003145777028083502	-8.342095079883795e-05	-0.007168341784503413	0.0037886378146658713	-0.0027649995289047613	-0.0003163461706337259	-0.0009903253862912627	8.496386642106274e-06	0.0001721074679326158	0.0036221635633647384	0.0004905965881452542	-0.0005550716802271355	0.0016673510435007432	-0.0018703236413190804	-0.0008520008878565408	0.0006402011108724669	0.0013652313515517733	0.0033921580776829817	0.002183397579648174	-0.004008941130559831	0.00047155576779909754	-0.0009755226558377314	0.0007989933607193434	-0.0020590407494312708	-0.00673158943139175	0.0019087437078844419	-0.003923510308763062	0.0032882377853675868	8.47570944223957e-06	-0.005238086036445178	-0.0005430822349327929	-0.0030364804614858376	-0.0018296014741802904	0.006869354749317657	0.006823212101298551	-0.003878806742831691	4.692457692303141e-05	0.000978060702202686	-0.00034070254568428044	0.004823153517092937	0.0040632599828520155	0.0072573248940556055	0.005204432298115651	0.002354989430341716	0.002620624059481441	-0.0005170294307157641	-0.0007871096625183889	-0.004048220823782826	-0.001049367010022962	-0.0009916016630000422	8.63444764537661e-05	-0.00091525231484528	0.000785336960746731	0.002656829267765619	0.0004985593370802969	-0.0020833726188057146	-0.001829688600259492	0.0006117825247982711	-0.0010377991691055616	-0.0008327233474909378	0.0021450535993040565	-0.0009312085422378354	-0.0026385937307566564	0.003671784227141297	0.0017647489083119445	-0.0003056075490421972	-0.0029224747271526783	-0.001006185463078073	-0.0017193941032251886	0.0012031357930108563	-0.0007009203919821351	0.0020030008887733475	1.962313474191386e-05	-0.0011557561448457712	0.00011568140643188235	-0.0006468280715608863	-0.00024604595847881267	-0.00014288099526644032	0.0007331919549881106	-4.827058298286226e-05	-0.00010363379272531763	-4.852519499269144e-05	-0.00024031636130433353	-0.00014992315418680945	-0.0	0.0	0.0	0.0	0.0	0.0	0.0	0.0	0.0	0.0	0.0	0.0	0.0	0.0	0.0	0.0	0.0	0.0	0.0	0.0	0.0	0.0	0.0	0.0	0.0	0.0	0.0	0.0	0.0	0.0	0.0	0.0
GCDF257	0.028025869138153508	0.02827759326175092	-0.007573065287781509	-0.020999252905967672	-0.0007588067348403123	-0.0018400933945516105	0.009209531601961939	0.010089144293510094	-0.005059952266383828	0.0011190868538442729	-0.00833303319758423	0.0105154905878028	-0.004723005844233973	-0.0030736862952368276	-0.0015636834077608524	0.002292097511447613	0.0046296905920588894	-0.0008618913166254524	-0.0002312740917670001	0.0022963337567758666	0.0007714418440468107	0.004522076363361123	-0.004764752193389584	-0.0007688895717821166	0.0005887641477422118	-0.003591489656209659	-0.0024260145133053394	-0.001323875721323553	-0.00585384404338542	0.004618618482709986	0.0007395891817922263	-0.0011570608962302327	-0.0075082472624991405	0.0010944952374044084	-0.0005204583781387697	1.2139465795943893e-05	0.004223899306812698	-0.0018016414514437809	0.0021622850273224402	0.0005677137796446586	-0.003041890991276781	0.000934210743721359	0.00012338836408330421	0.0037636181617470457	-9.337661285508e-06	-0.0045581000563665605	-0.003683031893082532	-0.0004946511417836897	0.0014422667525309043	-0.0010722552947609492	0.004213338228612502	0.001552584552796669	-0.002748802648387552	0.0020368028682948053	-0.0030708550913747536	0.000113739266808945	0.002240503186164361	0.0024067076132939813	-0.006060643264861058	0.0002915747431237565	-0.0007350460752140015	0.0038485547949058357	-0.0011623032383130379	-0.0003148568022089137	0.0011034598436595487	0.0022413176149662832	-0.0006735018244731501	-0.001546055416895146	0.00016771051008830168	0.0018201002353002555	0.0016796242119445986	-0.0004762046234989615	0.0011950537981336936	0.00017874027514285927	0.00043425488919268814	0.002390287169232543	0.0008669021241528873	0.0004160853513973959	-0.0007281592155355926	-0.0005926800332184492	0.0012112769409480177	-0.0012680760678945857	0.0011840324667778857	0.0011027323047851075	0.000461459290154408	-0.000705126384103449	-0.00029484851127716856	7.403970663770184e-05	-0.0003170170124464474	-0.0	0.0	0.0	0.0	0.0	0.0	0.0	0.0	0.0	0.0	0.0	0.0	0.0	0.0	0.0	0.0	0.0	0.0	0.0	0.0	0.0	0.0	0.0	0.0	0.0	0.0	0.0	0.0	0.0	0.0	0.0	0.0
GCDF259	-0.07226015336523878	0.022083173102192603	-0.04321923161298778	-0.035548635665723693	0.01178885380709787	0.008609170095678536	0.017463258822465834	-0.016742071532094147	-0.005778283542687945	-0.010503100456382317	-0.02314202500567939	0.022733479810114345	0.00889297222135319	-0.01411737837369065	0.00476690607147556	0.015351043331887427	-0.009723126880320449	0.005150405094759656	-0.0023863826526799928	0.0034727365629430183	0.0034580826751817876	-0.008178630640485027	0.0002491801648934967	0.007516911001898275	-0.006142511358701408	-6.881776706040489e-05	-0.0012906783229377663	0.003135657422476214	0.0021304232387576714	0.0013301233792501301	-0.0004305147303251626	5.0734275617638615e-05	-0.0001356870013548063	-0.0004926816479679186	-0.001084166931170959	-0.00030412072262145536	-0.0003868793260165803	0.00010438352694653893	-0.0006301095343072352	-0.00220502747615719	-0.0010531470414138165	8.252022184103684e-05	0.0003226084818826125	-0.0018262225231198256	0.0004700371707187873	-0.0016045359189584612	-0.0011478051866853068	0.0003437073778336403	-0.0003660106950593532	-0.00019493478071170092	-0.00040057556087037436	0.0004845597176615827	-0.0002637106032113716	7.856477711482932e-05	0.00025192557848216247	0.0016135354626048148	-0.0004463875950139272	0.0013878062095975588	-0.0004563386620523382	-0.00042473481815491623	-0.0003337335224168027	-0.00023061347574172242	-0.00035162185967232675	-0.0009447958708878714	0.00043754439226163626	0.00012789056697808758	-0.0006802802410274352	-0.00042559874002018094	0.00010613679863126213	-0.0008006178946466456	-0.0005548833704134948	-0.0003037449890101115	0.0005895105680529394	-0.0004082614986798704	-0.000672894534815288	0.00022856615675106775	6.739441426640273e-05	-0.0002185677885414964	-0.0004266088679569659	0.0005082264196886421	0.0005610301764592445	-0.0005625446579016435	-0.00012473893645172692	0.0005031557539743061	-0.0005851594641767898	-0.0002442014405231945	-0.00020138684809410892	0.0001223919124645983	-2.4272445539616354e-05	-0.0	0.0	0.0	0.0	0.0	0.0	0.0	0.0	0.0	0.0	0.0	0.0	0.0	0.0	0.0	0.0	0.0	0.0	0.0	0.0	0.0	0.0	0.0	0.0	0.0	0.0	0.0	0.0	0.0	0.0	0.0	0.0
GCDF260	-0.035136643600967125	0.021322229038560465	-0.004083942275770524	-0.005770778020641737	0.007627775967007742	0.00066028401046386	0.0003520941443600288	-0.0029811589244815055	-0.0002648312258242119	-0.001403694683448501	0.0015715590687553486	-0.0015867510974689584	0.0005074501607508655	-7.998622586355218e-05	2.596662873985914e-05	-0.00021112154834371133	-0.0010474029206856007	-0.0014826623747203147	-0.00021221360018544493	-0.0016598232912139084	-0.0018578931734069156	-0.0011819126379679196	0.0029137425124454563	-0.0010314988620340148	-0.001317663191188423	0.0005966436360546459	-0.0012490066870023302	0.0032733009435758943	0.00010537918472509834	0.0028250618498584746	-0.002420807673727568	0.002138206242090424	-0.0009516253893905817	0.0035244555459801557	-0.004257765047543345	-0.006315323237123127	-0.0019475164181012778	-0.005125780348985855	-0.002930237017364224	0.001940299672104799	0.0038490280917889115	0.004820273019632493	-0.00107585325487454	-0.00435971617895729	0.0020406843296390323	-0.001184900715696956	-0.0014933811906491484	-0.0012570661454556578	-0.004389811325063903	0.0012462426660275559	-0.004335834304456488	0.0037420290347667585	-0.0029645969355784414	0.0028514019028737674	-8.62933395170878e-05	0.0031962980075874786	0.003163295680857191	-0.00192094509105342	-0.0029067197777568592	-0.002967067794213564	-0.0013778795304737056	-0.003000910710351303	-0.0003025456527161524	0.0006617458949082484	0.003803413763579652	-0.0007062113806145286	-0.00039299805432737483	0.0006624113223338413	0.0010603702619688066	0.0024572647195028807	-0.004487887388003568	-0.00021666504212309795	-0.0019752047102024424	-0.000540358211332465	6.629847688788887e-05	0.0009516600518549063	-0.00014124296451746056	-0.002433090859354622	0.0010133280952766266	-0.002009834060079393	-0.0005995268236360003	0.0004884721738150958	0.0012583597975608946	0.00041443774500613185	4.890617150645113e-05	-0.00014832995163615193	0.000696308718916086	-2.3541295722937393e-06	-0.0001585805906737608	-0.0	0.0	0.0	0.0	0.0	0.0	0.0	0.0	0.0	0.0	0.0	0.0	0.0	0.0	0.0	0.0	0.0	0.0	0.0	0.0	0.0	0.0	0.0	0.0	0.0	0.0	0.0	0.0	0.0	0.0	0.0	0.0
GCDF261	0.030192114266258518	0.025842153713827355	0.0012773059555848754	-0.007851827716155602	-0.0019703379555225556	-0.001136717931569834	0.004620787384288607	0.002742755442457094	-0.00362496544674857	-0.0029970569727995828	-6.962818147388692e-05	0.0006263292659671783	0.001043313560534051	0.0004923572207921872	-0.0032035466497197375	-0.004022494849578289	0.00016159343478011994	-0.0037603291487190277	0.0003330558279083912	-0.0005093589993017738	-0.0023728589131104824	0.0003160408254115047	-0.005216222689858377	0.0005334544944463227	-0.0014337359060482004	-0.0025295709021469935	-0.0014475863631507023	-0.00019852295192627516	-0.00017374825885120226	-0.001666583479285178	-4.601171010373056e-05	0.0008207891660615301	-0.00012326643036877542	0.005327976692480689	0.002164307370192053	-0.001031823865366941	0.00203594598362169	-0.00044506011261745583	-0.0015380101725786923	-0.0007042658275205259	-0.0018951884921128365	0.006244195926268747	0.0017652676352257189	-0.002653438069085477	-0.00024734828420386047	0.0068819974462987	0.0008458765400223072	0.0004057698293601799	0.004697341743290152	0.0013774028900819166	-0.0055682749968580265	-0.0002660451475642319	0.0008408915819716827	-0.002321961989016846	0.003434823324013848	-0.004909745885890394	5.4646892666045525e-05	0.002468662799869266	-0.0005559870625452769	-0.00293787174005606	-0.000553926867366709	0.0028858751808363103	-0.0015212652430590422	-0.000295833342915151	-0.0026029312472085927	-0.0011297577633991238	-0.0005153291835204582	0.002100540037387602	0.002494505148875105	-0.0007477134968311937	0.001937902746343563	0.0047005645195476176	0.001196764688966479	-0.00012471922262152684	-0.00043138697264104943	0.0012989159057322916	0.0008284060163079089	-0.001194134133676101	0.0008319650255024839	0.0006538355657124759	-0.0016269916009345707	-1.639322466013111e-05	0.00023580293245199758	0.0018796048455885198	-0.0006000043333049658	-0.0013689524720585653	-0.0007105623807266238	-0.00010441668846008926	0.00011046895848498352	-0.0	0.0	0.0	0.0	0.0	0.0	0.0	0.0	0.0	0.0	0.0	0.0	0.0	0.0	0.0	0.0	0.0	0.0	0.0	0.0	0.0	0.0	0.0	0.0	0.0	0.0	0.0	0.0	0.0	0.0	0.0	0.0
GCDF262	-0.230930024040962	-0.008313530872785708	0.029259468625522395	-0.0006609095780668203	-0.0017582396037102484	0.005456397928352969	0.003980777803436997	0.005461371831499273	0.0013205426870230613	-0.001501881449388443	0.0010811132052590596	-0.00011198471065302691	0.0016150921621168473	-0.0005923102922071254	-0.003376082439681884	-0.002508398159963553	-0.003220048541222462	-0.0036976603224705205	0.000752520693394779	0.0012964054938989758	0.0020585817072747386	0.0038468531666469062	-0.002423388277173405	0.0016487798618434698	-0.0022755825900941345	-0.006374067488101565	0.002007005249201261	0.0065763888314809785	-0.006009451155585966	0.00019837163269841314	-0.0007508899898811849	-0.0006441645934287745	0.0037167517959692605	-0.004821059415156691	0.005988259625054106	0.0027364828449165253	0.00013719044743088898	-0.0031939184678152622	-0.0026333432206130766	0.0032813203196311496	0.005418277489562026	-0.008051492044779831	0.002482389115791386	1.0720994088593556e-06	-0.0014766942941027742	0.0009362637601977641	-0.0017073764850451256	0.004534205377165268	0.0020812453785518043	0.0001259125912941559	-0.006018143074623653	2.4400820523697727e-05	0.0026791463781094473	5.626771163483247e-05	-0.005378889116316797	-0.00015324477987147504	0.001750153166487295	0.00042163269564894813	-0.00040857055304455636	-0.003559661378613895	0.001129243542311446	-0.0014069369787230216	0.0005140566470550607	-0.00018026484592550675	-0.0013398143298279943	0.0013268528475015118	-0.0021892098623966624	-0.00035792239044319784	-0.0011569278112014362	0.0040162307023336175	-0.0003259703906585937	-0.0007709669633428409	0.0010906581521626056	0.0005227030203687749	0.0007019257728048714	0.0004224653144835666	-0.0007508871115121301	0.0005080443252393004	0.002162274455439496	0.001024535703480298	0.00016735513163539838	-0.0005768030692509137	7.354499807198424e-05	-0.000645812963234247	0.00010844364671991444	-0.0001778413306870271	-0.00026857851955503257	-0.0005487081337054183	-0.00033123651224303575	-0.0	0.0	0.0	0.0	0.0	0.0	0.0	0.0	0.0	0.0	0.0	0.0	0.0	0.0	0.0	0.0	0.0	0.0	0.0	0.0	0.0	0.0	0.0	0.0	0.0	0.0	0.0	0.0	0.0	0.0	0.0	0.0
GCDF263	-0.23234860076395583	-0.013391056747663705	0.030217884728094703	-0.006319767392818397	-0.006268775638962581	0.007644444406157715	0.008189946227841638	0.004258486206930779	0.0003782769590595437	-0.007604592219617033	0.0009119453977131707	0.0018878704291244	0.0008212370590865811	0.0008501646641521203	-0.007247443698983411	-0.008048279016644361	-0.0007964713596694223	0.002636846013205215	0.0014629021989604257	-0.004371966692953345	0.005517917096087331	-0.002488338250510879	-0.00451452559609181	0.004920482710191266	0.006192544808033579	0.005728525670525133	0.00016385197211598817	-0.002217685774398377	0.005419955925957127	0.00019689224885584088	-0.006402116021107912	0.004536163646343604	-0.006893529613118278	8.40076791376005e-05	0.00012797810339006216	0.0008865085217781311	0.0015360130788163334	0.004577960945314162	0.001008188090469846	-0.0009388334265396816	-0.0022092689831954707	0.0020299875231725314	-0.006169037761930751	0.004989023529333399	0.004243276607658602	0.0009033686620199294	0.0020823759541429916	0.00048570976935532085	0.0048756819851360055	0.00014483365472266852	-0.0016605229798015441	-0.00012639593386518257	-0.0016621564267802714	0.004133902639111691	-3.076403854714733e-05	0.0005686686946438762	-0.0015331773852407925	-0.0035983026728276394	0.0011234652191583524	-0.0014127641781495207	0.0001997267746098788	-0.00033326930195048385	0.002304821031982517	9.541949230869932e-05	-0.00142464736747193	-0.0010357032452495787	-0.00045962396382239986	-0.0014687162806075987	-0.00048601889114506384	0.0015723104801137209	-0.0012461263282213418	-0.0015541917406703071	-0.00043651554406452765	2.768264913460457e-05	-0.001295094023973349	0.0007755908035213736	-0.0001642180311725509	0.001119276616958306	0.0005032479969531775	6.914902343802082e-05	-0.00021610702147603593	-0.00040676248483686284	0.0004230442698562862	0.00021759547384937503	-5.3062760147405214e-05	-0.0006547196421774174	0.00040258688339555866	-0.0003814982003039117	0.00015535857554650789	-0.0	0.0	0.0	0.0	0.0	0.0	0.0	0.0	0.0	0.0	0.0	0.0	0.0	0.0	0.0	0.0	0.0	0.0	0.0	0.0	0.0	0.0	0.0	0.0	0.0	0.0	0.0	0.0	0.0	0.0	0.0	0.0
GCDF265	-0.2971136673758174	-0.040384087187471565	0.04695945083014935	-0.005154158726196749	-0.006727561828140899	0.00498736231672088	-0.006006072297519948	0.011290397133480333	-0.011142917474368881	-0.006035786831146512	-0.007746520461840953	0.0004136583652227278	-0.00304027615896666	0.00979126927233799	-0.0038169774338124942	0.006268838482595163	-0.006170215492439244	0.0036964710086477156	0.0005825896651377136	-0.0018413645577774356	0.004245412184864668	0.0004122764704055379	0.0012219562579098705	-0.005779025896505196	0.0026677430064868278	-0.003231575041188771	0.0006431912777872682	-0.0021569342881991634	-0.0049871022779927315	0.00036937818504227524	0.0015515749281384426	-0.001752543073732721	0.0026431240396381115	0.0021948791136888234	-0.002512029165536064	-0.002770523739086972	-0.0015099521467996778	0.003464779643351223	0.003244081270300473	-0.000886967718341914	0.00292330296501549	-0.00044520871491640326	0.001708926652894181	0.0036662485776838144	-0.0026687581410657826	0.00033542499746605893	-0.0022372060019345986	0.004253784760607601	-0.0020181888950455604	-0.0001442524332981619	-0.0002522817820223854	-0.0016652606240033384	0.003569256473570877	0.0002724469864948415	0.0031995819778435973	0.0025249765114363706	-0.002105349118133643	0.0004686184648549265	-0.0004919010057720204	0.0001370777099779211	-0.007089338712931147	0.0012695035436294723	0.0026094376479634425	-0.0016255065550860226	0.0016315169865777066	-0.0021611037951289732	-1.4579696736229606e-05	0.0016552559512829563	0.0027314764316183704	0.00018287578165108846	-0.0009008220184534211	0.0016075491948452185	0.0017042404841768938	0.0003369885805433727	0.0013111594574313648	0.0009867510397486405	-0.0008475502899791374	0.0007318869058081241	-0.0011038793813760244	0.0009577327643303395	0.0005385359903755417	0.0010675846719102656	0.0011148243961979928	0.0014669761892302945	-0.0004342107477710951	0.00017084070536999582	0.0006286383170386033	-0.0003223851731063517	0.0003842111067498586	-0.0	0.0	0.0	0.0	0.0	0.0	0.0	0.0	0.0	0.0	0.0	0.0	0.0	0.0	0.0	0.0	0.0	0.0	0.0	0.0	0.0	0.0	0.0	0.0	0.0	0.0	0.0	0.0	0.0	0.0	0.0	0.0
GCDF266	-0.142116917110298	0.0045069290446549505	-0.00315682608755922	0.02049493406022787	-0.0012697558675381648	0.00043856793627898637	-0.01108578328549549	-0.006615509305930178	0.006684322225615355	0.009024464284788666	-0.003625319672058998	-0.0056905423223906106	-0.0031875551883575265	-0.0024100117385143826	-0.0015764992785796043	0.006042436815064572	-0.00019397997709479184	-0.0050451066872004985	-0.006150160174504461	0.003784601327430928	0.004046119524825415	-0.0011807755564890898	0.0007917252455704768	0.00014746828218542056	-0.003599919588385928	0.0018036979543377073	-0.0014882810129511377	-0.00023048378656942545	0.001139758003360046	0.002002172971013561	-0.00045421805327882205	-0.00451454216597835	0.0020969639085845378	0.0019834184543396985	-0.0018689796705887974	0.002202481958081643	0.002881124726857575	0.0031854425614686326	0.0015032999157475564	0.003902834134451261	0.0005872307071467308	-0.0012001865782716409	-0.00444185355752018	0.0016989065860770318	-0.0026222138557107345	-0.0015651486283774485	-0.001420285756620418	-0.0008368222087346074	-0.0005643064152583178	-0.00335295397789904	-0.006138115727422586	-0.005025437625023763	-1.80414265832778e-05	0.002138746063874655	0.0016613464377929219	-0.0015459067627324958	-0.0005264768853708229	0.0010584020094970233	-0.0017215981659514617	0.0032091195341200957	0.0011187010232501832	-0.0009957500610112868	-0.0026930712889993704	-0.0011260809852876826	-0.002864797198337359	-0.0002499171152277601	-0.003100618091871986	0.0002648128727960209	0.0006791324797095185	0.001088429320694233	-5.57628310941586e-05	0.00035990480356327503	-0.003133155275355687	-0.0003737395861274328	0.0009891339098030843	0.0013946860870336045	-0.0005767759216656756	-0.0018415250790475134	-0.0020125852290524284	-0.0010900053627003966	-0.0009262127210911788	-0.001033422680329952	0.0009916214076911357	-0.0004236932556314444	-0.00023034447548012888	0.00039044121097832254	0.0006788493645283459	0.0004892870850695503	-6.657968253143835e-05	-0.0	0.0	0.0	0.0	0.0	0.0	0.0	0.0	0.0	0.0	0.0	0.0	0.0	0.0	0.0	0.0	0.0	0.0	0.0	0.0	0.0	0.0	0.0	0.0	0.0	0.0	0.0	0.0	0.0	0.0	0.0	0.0
GCDF267	-0.10070753559112157	0.010529635214417582	0.0008244688902521947	-0.004903883719228905	-0.006361071816786363	0.011165360844758481	0.014054027134969335	-0.01544211997567945	0.003769715253856223	-0.006090782352228128	0.005088186539258755	-0.0030279725732416255	0.0015965050317588141	0.00011394000533527202	-0.0055656415414894	-0.001735792933410357	-0.0009531229931212234	-0.002419810741995492	-0.0014806593190327343	0.0037922642608296457	0.001607935326179575	-0.0014275860995506017	-0.0006609325542795423	0.0005875356146344456	-0.0006343621336675253	-0.0033885412117633834	-0.0034729994378346766	-0.003419190838914287	0.00036234241826340707	0.0012434301161015917	0.0017663927607153682	0.001981678088897077	-0.0004447233990393257	0.0016191145607344067	-0.0008821886143136886	0.0015786741990604623	-0.0014397454966022496	0.0025811841933359716	0.0024061820233068627	0.0025736303297144887	0.002355918684025112	0.00020101589853924586	0.0016493752678843796	-0.0014246696983554123	0.0007692626606906965	0.008203200586081342	-0.002224249346385359	-0.004105219807788672	-0.0037590968404255186	-0.003297932512474658	0.0016779294331968426	0.0003884430207079774	0.001054168405435478	0.004077257237920096	-0.002852345122147957	0.00020656880226886017	-0.0006727965840487677	0.00054345957103034	-0.0008002662144683872	0.0002760291146630167	-0.0003971141661488447	-0.0023005047844364044	0.0007926846102818188	0.0019488478148358003	8.728903116983377e-05	-0.0026364380916900367	-0.0030465523648539905	-0.0004950144606925837	-0.0012988608544234593	0.0021303709880321356	0.003983862521715474	0.002567268530157461	0.0010134425429702513	-0.0004158022208263248	-0.0020706328701386467	0.0005838172111793458	-0.0013024840298483937	-0.001716234881048489	0.00011406164911617306	-0.00033215447686488995	0.0013828007894253205	-0.0007567792580181141	-0.0013910406636274892	-8.178781960425158e-05	-0.00020537956712883998	0.0006517546300815769	-0.0005164400091453781	0.0009598991072255453	-2.3334016607103192e-05	-0.0	0.0	0.0	0.0	0.0	0.0	0.0	0.0	0.0	0.0	0.0	0.0	0.0	0.0	0.0	0.0	0.0	0.0	0.0	0.0	0.0	0.0	0.0	0.0	0.0	0.0	0.0	0.0	0.0	0.0	0.0	0.0
GCDF269	-0.05777836738158003	0.01813940520549484	-0.005339840322576161	-0.0038204233821896097	0.002704299537203327	0.0012982793369483033	-0.001025828401494218	-0.00287216084937716	0.0034677793960158493	-0.003347326071329382	0.0014248035090349272	-0.006292475854214416	0.0011298941608560847	0.0016379868761719411	0.0019157365862365514	-0.002709787210402147	-0.006327701851123664	0.005316390856019883	0.001699650413043677	0.00313164590616086	-0.0024276832108957886	0.0013060430170315836	-0.002457041122030575	0.0008094992354971029	-5.404239885074637e-05	-0.00031243299636233234	0.0063794295547698445	-0.003981913078167226	-0.00019254287787076894	0.00467112556790066	-0.0012348855232935305	-0.0037097460805119546	0.0016878388139008656	-7.446897041634912e-05	0.002772643473758833	0.003495336380725256	0.004146706991414025	0.0016633468771811183	-0.0029119944611182536	-0.0035702693059327197	0.001547678505012832	0.000712985059357891	0.0042780138304074926	-0.0012860677223428352	0.0017737829671230808	0.0027972208719797267	-0.0014763400136788335	0.0014417294274284695	0.0016051243225869555	-0.006160286263823912	-0.000888467012137319	-0.0021849740469083523	-0.0016493371400520685	0.0017901489700749061	0.00037209083665606143	-0.0009476501518650312	0.0007616572709181482	-0.0008819940021792106	0.0023338274797042413	-0.0003059667840995119	-0.0026434347545552074	-0.00025605149136933235	0.0011612696677510762	-0.003595227644187239	0.0005086017660655574	0.0008633169144713382	0.0001385889118969984	-0.0006511049946016798	-0.0032301759695378845	-0.0010947234109855114	-0.000929170469252244	-0.0012845916349629484	-9.735464084450455e-05	3.411667665532839e-06	-6.2216138976187e-05	-0.0009818731358751654	0.0006731150345002032	0.0007472369752073102	-0.0012464909917787564	-0.0010035154718167276	0.0009348471261455596	0.002081866981667166	0.0011423073650520016	-0.00030054648736697903	0.0012307283392682066	-0.0013463646659525126	0.000524262885469209	0.0018748594539500496	0.00013546824894993876	-0.0	0.0	0.0	0.0	0.0	0.0	0.0	0.0	0.0	0.0	0.0	0.0	0.0	0.0	0.0	0.0	0.0	0.0	0.0	0.0	0.0	0.0	0.0	0.0	0.0	0.0	0.0	0.0	0.0	0.0	0.0	0.0
GCDF271	0.007467987630016297	0.021747727695163702	-0.0031331190497269883	-0.005010103552104509	0.003040553710402726	-0.0009287873176533439	-0.0026705321883206184	-0.0024866370239835013	-0.0041867600711341215	-0.00019559662362476888	0.0004811051561656298	-0.00011622330747226621	-0.002392950784880999	0.0026857034245614014	0.0035374418025205683	-0.0005193355977356723	-0.0006954677802230294	-0.0017550390718216976	-0.0018669374510453043	-2.534922881727805e-05	-0.0010544325135782662	-0.0010533716513170391	0.0006829518053786606	0.00428840192545051	0.0016685229021879133	0.0016078817751831245	0.002062327721251431	0.004728165882407818	-0.004385422995530806	0.0030635306337920363	0.0017078847044249591	0.0017287115168303497	-0.0006577730432371338	-0.0007526456617482608	0.0018305835265217	4.028424927044877e-05	0.002093698243486682	-0.008437486743003061	0.0012175752385756484	0.0035377537212870312	-0.0029446967956533753	0.0005716831389098701	-0.002752340223608999	2.6721023084385878e-05	0.005870203560862302	-0.0027735275941265145	0.0012415021126732594	0.0022536694018363184	0.0030357973500680265	-0.00365359732213952	0.0035913768628805147	-0.00039553555889657477	0.0033756001483418135	-0.0027964599809526722	0.0009859304199593818	-0.0004264421077073083	8.463854557608297e-05	-0.0031319505683965318	0.0028490080100218103	0.00430971548974592	-0.002662266621216535	-0.0012154877686987656	0.004142812390486952	0.0029509672252107243	-0.002973629709794173	-0.0008754363246696056	-0.00300604161547388	0.004229977068024318	-0.0007613819543021582	-0.0009328541647832511	-0.00044827045817271083	0.0017486110239771022	0.0015753171357001266	-0.0003099824917075401	-0.0022104805571851955	0.0020706600536555915	8.359081594535992e-05	-0.0006065598570299445	0.00035830761126971517	-0.0011413792838798034	0.0005643948369046467	0.0006092167750320952	5.0145380874899696e-05	0.00010271469796229085	0.00033898848223844186	-8.864836700987825e-06	0.0008981458708411214	0.0003065713835289186	-0.0003489375358016927	-0.0	0.0	0.0	0.0	0.0	0.0	0.0	0.0	0.0	0.0	0.0	0.0	0.0	0.0	0.0	0.0	0.0	0.0	0.0	0.0	0.0	0.0	0.0	0.0	0.0	0.0	0.0	0.0	0.0	0.0	0.0	0.0
GCDF272	-0.08961595394860437	0.0105148542283847	-0.0017744129632352335	-0.0016943376780595028	-0.003667946755997424	0.00824653357129637	0.00890209190435535	-0.014889564223895995	0.003399030218634289	-0.0020210055292024607	0.0033107902821365247	-0.002489635357566881	-0.002455838186461126	-0.0020393648193012394	0.0035144337668174073	-0.0008198666281631539	-0.001944899043601292	-0.0005598218826510419	0.0037777324799689554	-0.0006985224391325948	-0.002028421805873301	0.0026884633603762513	-0.00016274554362613592	-0.005653421422579226	5.052570001863721e-05	0.007067858015904148	0.007228521429286137	0.008578963254650913	0.006095097729970375	0.0004896840547930657	0.0026245274129526163	-0.0015139230548181994	-0.003202417655460134	0.006399180935443641	0.000750008983526585	-0.0012188126501564913	0.005808554577574862	0.00145471527438602	0.0013155324466790456	0.0011332896057866168	0.0026623316786913032	0.00025369903363745304	0.0006507111194320312	0.00027622094569902997	0.0011225576797905948	-0.000830977356047039	-0.004386527673569833	-0.0009659615161700366	0.0015210832402872954	0.0021008802203975395	-2.2011612166300913e-05	-0.0023085401592677023	0.000511247563318738	-0.002747022059041597	0.0007899751475371564	-0.0001978569390106477	0.0019548389803997843	-0.0019487728429060964	-0.0014077204562517444	-0.001311965836338841	-0.0007502142664026712	0.001124640647300495	-0.0014672785032783082	-0.0017437089763124853	-0.0012879166747559905	0.0012618202281404972	0.002821289611012693	0.0009216530148863348	0.000545058091482143	-0.0011929950557522185	0.000847152236439435	0.0004033903773162166	-0.00019739212373189965	0.002412079213076765	-0.0006118580279892056	-0.001404303833179502	0.0005622001242166633	-0.00037464286167264357	0.0005339989874066778	-0.0006127150296870224	0.000602497081470562	-0.00031612034085862055	-0.00029705833730072983	-0.00012602513759515487	-0.0005501005816998712	-0.00016041589823864437	0.0009109881822310621	-0.001075936914921015	-0.0002680140017214067	-0.0	0.0	0.0	0.0	0.0	0.0	0.0	0.0	0.0	0.0	0.0	0.0	0.0	0.0	0.0	0.0	0.0	0.0	0.0	0.0	0.0	0.0	0.0	0.0	0.0	0.0	0.0	0.0	0.0	0.0	0.0	0.0
GCDF273	0.044201733315630626	0.025662233185789824	0.0017153315836065473	-0.011528174665909363	-0.007617981835883322	0.004011663719923547	0.008777113860434047	0.001373167001677522	-0.01258242200297373	0.0030993538923376153	0.0021348515654674113	-0.00360695755594816	0.003015678253890468	0.0015295335395369579	-0.0058186203976294424	0.00038571261613049214	0.00200286264276173	-0.00020479215320013192	0.0002151643063672419	-0.0037632442332831747	0.0008943704463914174	0.0010211536203171881	-0.005461696669056455	0.0014039310701008927	0.005352618526455063	-0.0008596700598784231	0.0017259166243510163	-0.002717099944526638	0.0008657320338776974	-0.0003627739600000743	-0.0026752163377711177	-0.003770744912761313	0.002222779885095918	0.00034760231563819	-0.002795995606119598	-0.0026795214340310314	0.0005460333757629119	0.0038532049174905556	0.0034815505064829905	-0.001537163386156689	-0.0017861698312596325	-0.008475399329622818	-0.0031270849175210544	-0.0028365257672286134	0.0023257813072590124	0.0003524762926262546	-0.003174466143800492	7.040839445277465e-05	-0.0029202657893296208	-0.0015342740253661772	0.0004772371940180182	0.0026560206041155564	0.0002829563520221563	-0.003390868935980485	0.0008869453695247232	-0.0007058391581475531	0.00454753281282234	-0.00039797333673420305	0.0027162148699109707	-0.0020818684114056823	0.0016185552772731793	-0.002239012922823204	0.0009220506827986225	0.0014289268423213564	0.0009714665991819255	0.0008547966212239831	0.0025911792049242398	0.00039424514605648683	-0.00012682980532370438	0.0004903409121485187	-0.0003190797467439754	0.0006566677607214684	-0.0009428555559738489	-0.000931447890109983	-8.497977301396732e-05	0.0005669039294145681	0.0008963643401189741	-0.0012801530407032975	0.00016873296297830747	0.0005542335328382096	-0.0015281620720397119	-0.0003042323507683355	0.001176997892122891	-0.0007491624983903079	-0.001252148504821767	0.0011219258481111555	-0.0005178172421995991	1.2843863092167903e-05	-5.701864157348516e-05	-0.0	0.0	0.0	0.0	0.0	0.0	0.0	0.0	0.0	0.0	0.0	0.0	0.0	0.0	0.0	0.0	0.0	0.0	0.0	0.0	0.0	0.0	0.0	0.0	0.0	0.0	0.0	0.0	0.0	0.0	0.0	0.0
GCDF274	-0.126578824623774	0.0042131438573472365	-0.002935171220270994	0.010840684831618418	-0.003879991473744177	0.004510174070416793	-0.004296802491239667	-0.01292986342828638	0.006379620856402632	0.005090780514084423	0.00020154191837947505	-0.0015730954797981455	-0.006809659001369673	-0.0014164531144040884	0.00384881827371885	0.0019280496039831816	-0.0018948595793471716	-0.0034643490965865736	-0.0010038083944124937	0.0006510001994192144	0.0013772398238619714	-0.00010274875686081717	-0.0012056270272202546	0.002326872538558252	0.0020798998339371117	-0.002155905393748084	0.0055035694209707555	-0.001800826274380316	0.00017244546745434023	-0.0034255851991685372	-0.0021406931847402838	0.0037227118855439867	0.00554492878013657	0.002026195351424721	-0.004410259805158934	0.0018777889367403327	0.0009785989209928872	-0.005419657452054515	-0.0016320420770667072	-0.0013284406203011927	-0.0003069977036937624	0.00021109837446866878	0.0022061490768645704	-0.003961886580887191	-0.00423048676870514	-0.0006680159185323999	-0.0006844049264590435	0.003962572259275334	0.0012848112669079624	-0.00017666405133092545	0.0004184548825436157	0.004303037334081334	-0.0018404890579594884	0.0010453526297900197	-7.37317331522248e-05	0.002569850490371103	-0.0007713321044322004	-0.0038484811357331135	-0.0026967158967640516	-0.000806391275146589	0.0004627122906530082	0.0009632686985173135	0.00021938450818463298	-0.0020084273593272846	-0.0005598210467637816	-0.001383961563414676	0.0019280234519478473	-0.0016750308412965252	-0.002109838227812579	-0.0012774308221775784	0.0031729518422935147	7.204204493287804e-05	-0.0012314351245424399	-0.003575450865058437	-0.002730144177531024	1.4239064177616035e-05	0.000998249179439719	0.003148498104979565	5.004508558341316e-05	4.97068407109093e-05	0.0005413823185973633	0.0016967672959509537	0.0005398953245332145	0.0007719431819943476	-0.0015873446781242832	-0.00042784098903340804	-0.0011114661805695701	5.922610562390253e-05	-0.00019674436350273906	-0.0	0.0	0.0	0.0	0.0	0.0	0.0	0.0	0.0	0.0	0.0	0.0	0.0	0.0	0.0	0.0	0.0	0.0	0.0	0.0	0.0	0.0	0.0	0.0	0.0	0.0	0.0	0.0	0.0	0.0	0.0	0.0
GCDF275	-0.11307138763055252	0.016447306687945477	0.0011243159055196622	0.004509232358469778	-0.003782449051840602	0.00323874225414627	-0.0008069205467046007	-0.006145193767604408	0.004291792311941989	-0.0028878637302434847	0.001268308077433903	-0.001783606050301533	0.0042129649710579	0.0012600495780364816	0.002832749714101626	0.0026181221754642565	0.0004060498659404038	0.0015424320510618505	0.00018250662850830603	0.000645255973921804	-0.0020487703014050672	-0.005281845131864996	-0.0002786062949904452	0.0023385115686947204	0.0020091411448471303	0.00025846346735368137	-0.002950857699777379	-0.0013202010780118357	0.002752654959094467	0.006864706849510705	0.002292082316067444	-2.1233043071570085e-05	-0.0010953319545150017	0.002997890740608811	0.006501272737444068	0.003958445613227584	-0.007785704693090894	-0.0021625460208382777	0.0020037196874654007	0.0006691162777384985	0.0018510286351113884	-0.002780901330939332	0.0004825432653676764	-0.0013633206075377565	0.0019811633573613386	-0.007137128003826241	-0.0021471146502542015	-0.0029337086652392397	0.0010374735220715812	0.001133305954119445	-0.004522967436230393	0.0005837573297951463	-0.0032763549251743334	-0.0006039067979260213	-0.0017156884577234715	-0.000603540092739427	-0.0017261176929998937	0.0020885473586587182	0.005181211178048474	-0.001250773024373978	-0.0027723239380643178	0.0042303893292451565	0.002325423080563101	-0.0028128096431695735	0.000746475197219177	-0.002270350338232326	0.0031423658841851724	0.0006114628014917404	0.0007749563874622364	0.0011708362477971023	-0.00043819987804459093	0.0009960281022529324	-0.0013183724427687483	-0.0009530118702422087	-0.0007241582784104396	0.0013649209458235644	-0.0003134983163923251	-0.0007792188403274173	0.00011824205702850065	0.0010394739650584006	-0.0002204176577206382	0.0008571364537882318	-0.0009926503165922172	-0.00040380430557290944	-0.0002576112848725658	-0.00010696968551911097	-0.00022583521357173896	-0.000620907258695828	0.00034009793831970664	-0.0	0.0	0.0	0.0	0.0	0.0	0.0	0.0	0.0	0.0	0.0	0.0	0.0	0.0	0.0	0.0	0.0	0.0	0.0	0.0	0.0	0.0	0.0	0.0	0.0	0.0	0.0	0.0	0.0	0.0	0.0	0.0
GCDF277	-0.01692434494324126	0.02482187552817192	-0.0013178552573932323	-0.008525532505974901	0.007650566674505041	-0.00047737530674002774	0.0014687140226237174	0.000600108286093075	-0.0017755890408250358	-0.004268434583850373	0.00013464460933039715	-0.004355025685165361	0.0017912192052964727	0.0007922974392709067	-0.005908776109904945	-0.0017746344336003732	-0.0006782604263591717	-0.00320036111525474	-0.002222931660259	0.0024266865415591573	0.0027518545678446252	0.0014940952574041108	-0.00022424417468194755	-0.0016647265443166055	-0.001440345138952748	-0.0028013179921543437	-0.00100507513928162	-0.0027587732963849664	0.004017972156028443	-0.005346245997997481	0.0011837215847079567	-0.0037472019010942855	0.0012007347292359717	0.00035097699367067815	-0.005072520486951925	-0.0005464601436811059	-0.0027678735283131603	0.0005706405095062401	-0.0020495641529632035	-0.004660962610461523	-0.001261773180721194	0.0007334689330800497	-0.002372279824349559	-0.002366337053525259	-0.0012513645846955687	3.798732915194583e-05	0.0011051156515733008	0.00010889170091716151	0.0043361973146444485	-0.004025329684343408	0.0029528601098465384	0.0004520307270781022	-0.0035083016674158384	-0.00040950415469798835	-0.0027766732957556143	0.0016695443835013988	0.0019366470852411632	0.0018169686292820297	-0.0012871334555107027	-0.0019286893368189624	8.582977777666376e-05	0.0054641917848848535	0.002895749108356214	-0.002293948785680824	-0.003722313597500998	0.003429955773949665	-0.0003493281153812084	0.000739447097978132	0.00019180180721225775	0.00182305625953919	-0.004098231509861546	0.0009715723036334505	0.002374092635964205	0.0007619701904748616	-0.0005863899789202592	-0.0024435562969418057	-0.0025841098523390117	5.9069386936831513e-05	-0.0001668298900290629	0.00012172046081101003	-0.0005643696190090108	0.0004057520827087493	-0.0005799199734315216	-0.000667474137661847	0.0006606235687822877	0.0004895359618875009	-0.0003367585281001862	-0.0007388662400041693	-0.00034928156200641483	-0.0	0.0	0.0	0.0	0.0	0.0	0.0	0.0	0.0	0.0	0.0	0.0	0.0	0.0	0.0	0.0	0.0	0.0	0.0	0.0	0.0	0.0	0.0	0.0	0.0	0.0	0.0	0.0	0.0	0.0	0.0	0.0
GCDF278	0.02161818387654068	0.027013000078919117	0.0039085185609822395	-0.0022385561428055374	0.0017000642453487164	-0.005583673865326084	-0.003578201674780664	0.010889155972312194	0.005103902575650971	-0.00464421512124998	0.004913590657232175	0.0017245067503391172	-0.0029631872961072077	7.796703532366666e-06	0.00045503338910050955	-0.002309955459444321	-0.0020616608273654313	0.000975924663817736	-0.0007342648247793447	-0.0007086069747970542	0.001890251940502964	-0.0053708478606792195	0.002995005108009448	-0.0011245939911344771	-0.0041176294496595	0.0008238011665958595	0.007539378348172844	0.002867468322729899	-0.0022376123253701526	-0.005308648521873268	0.005886356684985039	-0.002079793319981572	-0.0006787005307977399	0.0008789725751004484	-0.0033640430971600644	0.0005743875398536979	0.0012943897696167125	-0.0011677209994025225	-0.0037514925877094626	-0.0005552266100984759	-0.005058632725308053	-0.005480275211605778	-0.0016375287721905397	0.0015408975426700574	0.0010981512368387258	-0.003782541538324804	0.005618538629798409	-0.00404329904648311	-0.0049106954971812914	-0.00023958579635987155	-0.003739005478268123	-0.0028717424146340246	0.0024667137873720553	0.002375714694227654	0.00032108266518677517	-0.00023264556066199415	0.0009101183561823358	-0.0014368147626593977	-0.0002588446199751614	-0.0037852572025892316	-0.0002418034093100071	0.001708676818350097	0.000866822132799096	-0.00031140501493844594	0.0003520651664699951	-0.0035274444460365335	0.002546318039846882	-0.0006244444979380627	-0.0016221639584871358	-0.00019816866966596266	0.0020645467189195923	-0.0018311835990359935	0.0015290981207169475	0.0012424609763087638	-2.657479336865173e-05	0.0007968374967399058	-0.001882199044271554	3.833597285979485e-05	-0.0012469997105741234	-0.0010590613113601504	0.0006319190398907955	-0.0010477090479947806	-0.0003369232997725084	-0.000198039178060101	8.939384445476934e-05	-5.9220665180169835e-05	-0.00044399108931089106	0.0004389062033545436	1.5608615918347642e-06	-0.0	0.0	0.0	0.0	0.0	0.0	0.0	0.0	0.0	0.0	0.0	0.0	0.0	0.0	0.0	0.0	0.0	0.0	0.0	0.0	0.0	0.0	0.0	0.0	0.0	0.0	0.0	0.0	0.0	0.0	0.0	0.0
GCDF279	0.09555263584777415	0.022665580374661636	0.0037926697014466796	-0.013997812007473008	-0.023284028970580323	0.005809477019856452	0.01039402447063009	0.006088172905625744	-0.023988600486065218	0.01631102609903172	0.010605176039343519	-0.0005654103570616961	-0.0015393813581525645	0.001329113764707352	-0.0006596776724136638	-0.0010676397928907207	-0.004121740155672883	0.007114706899310799	0.0006934007489448464	-0.0016705522484121332	-0.0008174891760217376	-0.004020602052313003	0.0045740796053410915	0.000820553297427103	-0.002860011010125891	0.0003187716172290339	-0.001681567495415165	0.0005212611919114329	0.00011179909948169239	-0.0005093325053134095	0.001275332282579797	0.0005914543099661812	0.0006993174128111736	-0.0005823579597355722	0.0002860803009808495	-0.0005737840548361802	0.0008759551604762035	-0.0012740892419552518	0.001134798639571795	0.0019846828502508703	0.0014959892836707578	0.0014613976804245118	-0.00017249778890182519	0.0007011605291385604	-0.0019826939468918343	-0.0008826511117582165	-4.456610003947414e-05	-0.0012281269825291771	0.0031943099230492505	-0.001061500107264611	0.0008196976426211091	0.001025445676644997	-0.0016499433073404726	-0.002765007508212861	-0.0010453467541987219	-0.0011464822962210847	0.00023325387578059596	-0.0011500340273431458	-0.0004381998856015915	-0.001910233055807569	0.0003780767497909667	-0.0019754291769207588	-0.0004856402526636501	-0.0010192219744778518	0.0004665212193155473	-4.47179419419694e-05	0.0008237651039160321	1.7593847560677243e-05	-0.0006873682194018499	0.0013522361002342598	-0.0006196837469947213	0.0014294800694106603	0.00044177472277331963	0.00011902985356930896	-7.329623382928205e-05	0.0010715357989741145	-0.00033225188269636255	0.0007371860489353505	-0.0005254578081743046	0.0008612911589215986	-0.0004955026928598709	-0.001438308479488215	-0.000231747988377857	0.0003562611457887404	0.00024131908828278067	-0.0002575776778122554	0.00022914688620170154	0.0003762859255150743	-6.479801526094183e-05	-0.0	0.0	0.0	0.0	0.0	0.0	0.0	0.0	0.0	0.0	0.0	0.0	0.0	0.0	0.0	0.0	0.0	0.0	0.0	0.0	0.0	0.0	0.0	0.0	0.0	0.0	0.0	0.0	0.0	0.0	0.0	0.0
GCDF280	-0.27647148113838355	-0.024708253480172547	0.0429324296686354	-0.004007708479868626	-0.004798856161877319	0.005319589301290385	9.967348151446543e-05	0.010623511681534564	-0.005123374112397243	-0.005228135579636574	-0.0018544285417284479	-0.0008956694377699432	-0.0008661933036757172	0.005122135757812441	-0.0039208168375008895	0.003882663521798975	-0.0027052075993354565	-0.0018105184146419077	0.0020253291643212244	-0.0009207742920355951	0.0016871384869718109	-0.0011286475120106624	-0.0017022202191810639	0.0002669157189348326	-0.0009035278955460102	-0.0012008008435988697	0.0010111343024754628	0.00048063937797716827	0.0015412136786522495	-0.0035481797095627417	0.0005838278028343603	-0.0005476074718362867	0.0016533439382447573	-0.0011691470945359424	0.0017074309424880392	0.0021480308790471337	0.0007373648392976699	-0.0011123746016452486	-0.0006325510603975455	-0.00020904095258101932	-0.002004857762206241	0.0013214926747612003	0.0003985710505602891	0.0001184339261444699	0.000501162141815477	0.0002490896973722772	0.0013111097397639228	-0.0030685858124562607	0.0011495650074809895	-0.003003670934365791	-0.00041724550241510296	0.00040491719116413213	-0.0027640009425247292	0.002420513450974263	-0.006756713338695492	0.0015345363845869202	0.004397020333661525	0.0014620498543378236	0.0012331953333518057	0.002973907553979389	0.002412606205176456	0.00011736218115221745	-0.005965072443560093	-0.000865325239419384	0.003110072359898241	-0.002292492086213084	0.0007196671371035041	0.0044968839480620994	0.0045689461697472015	-0.004080880767165053	0.0014362656180100023	0.001421184828148981	-0.0023173977289894015	7.96322410262318e-05	-0.00017419366979829572	-0.0010421860117356906	0.0003949013925955216	0.0009049572422612375	-4.545426046928896e-05	-0.0010779065754776892	-0.00037501193155696245	0.00016665330208632945	-0.0008625546452206593	-0.001070847113345512	0.00016013982471590468	-0.0002239922871811101	-0.00012810592145052907	-0.00033764921862284414	-1.0662822900273014e-05	-0.0	0.0	0.0	0.0	0.0	0.0	0.0	0.0	0.0	0.0	0.0	0.0	0.0	0.0	0.0	0.0	0.0	0.0	0.0	0.0	0.0	0.0	0.0	0.0	0.0	0.0	0.0	0.0	0.0	0.0	0.0	0.0
GCDF281	0.01321735666865192	0.025581168086931103	-0.0019433479635095165	-0.013436223091243168	0.003674314746054995	0.002457061164766087	0.006748004800866833	-0.0020837805286632147	-0.010132753174624915	0.0008045946403813062	-0.000857834279310391	-0.0014472273475229014	0.0014542675880008457	0.0013270965851889225	-0.004249673625149541	-0.0017866388700443084	0.005386620715184015	-0.0020247293637630477	0.0023323722029980664	-0.0009372301941691079	0.0008112038650676794	0.00030016964255662925	-0.00222648851167663	-0.0026397456874479516	-0.0006994734764345018	0.0026957744261295103	0.005609630200250244	0.00038705187720213587	0.004201747776715205	-0.0011530762993678591	-0.0020257662974114015	0.004091172343322614	-0.0019017156656950588	-0.0039008014572558193	0.0007791780372142835	0.0021981490282544556	-0.00189177957305777	0.000852394923403427	-0.001768859925401276	0.003398663736627643	0.0008912621780746001	0.005513422840172819	0.0009409124972665089	-0.0001385997483296127	-0.005591237833795793	0.002652532477858441	0.00022691382619033384	0.0012594322183747252	-0.006071174178182349	0.0008534938864728861	-0.0023144517045320377	-0.0007584142607328777	-0.0011336631247312607	0.001096361267709844	-0.00033889638922711727	0.00224217367994153	-0.000395410077916685	0.00407328861824135	0.002028805841221623	0.0016124624990884965	-0.0001472427163004049	-0.0021805406907343355	0.0006752665256722186	-0.0016273990394382093	-0.0011301695501687622	0.0019472083975569019	0.0027746981028268667	0.0019272038146426209	8.562887734200787e-05	-0.0011060216998068216	3.5281823734773795e-05	-0.0014645164125372126	0.0014555957426579647	-0.0008721667897455283	0.0012344228574087278	0.0035528357260868034	0.0007768079398716935	0.0020741289995763537	-0.00048611659640020465	0.0007935652950676868	-0.0001060902809466145	-0.0006447815215669699	4.1955448027358655e-05	-0.0007508300257866546	0.0013093945873747168	0.0002949208557704773	0.0010885892753582742	0.00013071999595081637	-0.0007335472040365485	-0.0	0.0	0.0	0.0	0.0	0.0	0.0	0.0	0.0	0.0	0.0	0.0	0.0	0.0	0.0	0.0	0.0	0.0	0.0	0.0	0.0	0.0	0.0	0.0	0.0	0.0	0.0	0.0	0.0	0.0	0.0	0.0
GCDF282	-0.15854226848976433	0.0038006079447863677	0.010961382651294961	-0.003453196496495164	-0.005187619384005657	0.008241139024725832	0.008700309869354076	-0.005722838090897577	0.005472378310723014	-0.005356789132480385	0.004692917550844461	8.398564782279884e-05	-0.0025872416004926874	9.201923649588426e-05	-0.0026584263342706318	-0.0032867973691930825	-0.0006145650394673311	-0.0008131529780037879	-0.00043496333517212683	0.0019631221197063667	0.0013507855748910948	-0.0035577227995949043	0.0014735132422948273	0.0032933608425019046	-0.0014746345386028486	0.0038867152303717926	0.0020324905938314576	-0.001288261858857711	0.003350199816342663	-0.0016509645896316176	0.0021235437685614483	-0.0008648839182453098	0.0009818270589256953	0.007416719046828356	-0.0002388468073163173	0.005806572795164861	-0.002629335092197305	-0.001885107433438045	-0.0009030422862005594	-0.0029906130768806998	-0.002091811015472501	-0.001262175121146163	-0.0023173602968189926	0.004666865142260009	-0.0016516780863696815	-2.0283714480169916e-06	-0.00104458550811443	0.0012795192432127718	-0.00263571049300676	0.001385255589930667	0.0007066253295418326	0.0017992461099395128	0.00019063853949551876	-0.004481943471097095	-0.0005452442525372745	-0.0003312939854761647	0.00034284987729474547	-0.00012854026658226672	-0.00024345413503853956	-0.0010213767032037828	-0.001484457032724674	-0.0020224753629875547	-0.004132108771325637	-0.00032722860299252	5.960994180187775e-05	0.0018491555296324923	-0.0020256337227458616	-0.0005739374532464152	0.00012317887230851163	0.0025536852110819267	-0.0004715862562327779	-0.00019931907640852273	0.004692770042078848	0.0012374791471221507	0.0031892335883204415	-0.0005548186039048485	0.002010534867982621	-0.00026171053459950297	0.0015830263310729511	1.0972835395036743e-06	-6.260827223805485e-05	0.0009908144451879063	0.0015106918440376874	-0.00012602144912584153	-0.000151832424896801	-0.0002945242363674851	0.00032043106092328463	0.0010469337119389296	2.5141416134017377e-05	-0.0	0.0	0.0	0.0	0.0	0.0	0.0	0.0	0.0	0.0	0.0	0.0	0.0	0.0	0.0	0.0	0.0	0.0	0.0	0.0	0.0	0.0	0.0	0.0	0.0	0.0	0.0	0.0	0.0	0.0	0.0	0.0
GCDF284	-0.13758824764154093	-0.0008332842872404787	0.004837723616230307	-0.008989316301402853	-0.004599969831008797	0.01281762093478024	0.019031337277493027	-0.01561408953234429	0.00717817062433386	0.0028738704724187375	-0.0023984053994709604	0.0166038328337491	-0.010316139682268924	-0.00457650497950253	0.0018019388333442093	-0.0025109342646248136	0.006846591757097675	-0.0037163711675727564	-0.0045430298220638975	0.0032196584957832	-0.006095323550872879	0.00853806425468932	0.0007908401066591096	-0.008402628324531564	0.002962998465797815	-0.004848586594278392	-0.0006164768635400889	-0.002745246247879443	-0.0008074527678085775	-0.0031149302107870516	-0.002522859874308998	0.00019969455598449753	-0.0019612019735215343	-0.0015593203270023411	0.003089012388636006	-0.0009081375668686113	-0.0009875368456631784	-0.00026244569207758994	-0.0004311297084645341	0.0022353607166385133	-0.0007495142531630206	-2.693758438168627e-05	0.000271361137917394	0.004522657571324728	-0.0018336747328329887	-0.0012423342311284325	0.0020056714358912624	-0.0011623083448139696	0.0008127407621460373	0.00020194532286500392	-0.0007867284464150501	-0.0011406326542473507	-0.0007441015525431414	-0.0010530051397833833	-0.0021916581213305432	-0.0013055961946831717	0.00010616464630139048	-0.001698537186107923	0.0005774435714969678	0.001814109159528222	-0.00036610808142962614	0.0011448964075054505	0.0003620897392590916	0.0012109964946787361	-0.0009335379387287597	-0.0007501460771738903	0.0008342269498680715	-0.00039106865012081125	-0.0007682210272705145	0.0008543902171087195	-0.00014464209794133807	-0.0007164829150306569	-0.0014615955575432197	-9.60619739617047e-05	-3.6213662429023744e-05	-0.00017001518540978535	0.0005207990323532591	-0.00012500989064070746	-0.0008077942449261144	-0.0002294669995772798	-0.0007469722680714058	0.0004180614236366431	0.00027397881114260726	-0.000244413778306771	0.0008662528714617122	0.0004734051909563165	6.568405372802106e-05	-0.0002329433603635133	-3.008004965345771e-05	-0.0	0.0	0.0	0.0	0.0	0.0	0.0	0.0	0.0	0.0	0.0	0.0	0.0	0.0	0.0	0.0	0.0	0.0	0.0	0.0	0.0	0.0	0.0	0.0	0.0	0.0	0.0	0.0	0.0	0.0	0.0	0.0
GCDF285	-0.03271931761992055	0.022905944407253364	-0.00877440978172441	-0.0006401757769756803	0.008662987014180711	-0.004667978035093167	-0.009977845079005293	0.00410176032143958	-0.0004942485111269674	-0.0008830543244443061	-0.0002655992481349494	-0.00043182678618337357	0.00023575351604126078	-0.0002529329808246003	0.0033565235997089203	-0.0001927011229799385	-0.0007025639077644168	0.0029964580306901718	0.0009253687725526376	-0.0030525795546302156	0.0008528056931638492	-0.003363316121819028	0.0021415323857141054	-0.00018280631792972287	0.005209852765944774	0.009526828600896124	-0.0037931000092773334	-0.001255368493673934	-0.00835420873959591	-0.00039706328647464074	-0.0036043097773068096	0.004377730798466395	-0.004248764564047295	-0.0022363271896226316	-0.00734610018256982	0.0038777525011380438	0.0034214248578964767	0.003142229833000333	-0.005936518823235557	-0.002275930768697449	0.0005897516634424508	-0.0019814719244274433	0.0038079904774631114	0.0028838044605148227	-0.0021793212220970037	0.0009037629840080002	-0.0010631980488147112	0.0011978782547803258	0.001544192211527238	-0.0006588097614021963	-0.004929363343016026	0.0006946567853218386	-0.0011997907923220568	-0.0017098898349057695	-0.000294398242073778	0.0005029569922906102	-0.0006629333313881425	0.0023404070489857843	0.000328530782668237	0.002114653675643067	-0.004529928292652199	-0.0012130272913337245	-0.002313442809570405	0.0026984412736422033	-0.002497583551312733	0.00013700508620491663	0.0031629597235906188	-0.0009101603857084048	0.0007188194918154832	0.0022784667110596385	0.001138594420431589	0.0013627888736595748	0.000471813368087485	-0.0004968706225126149	-0.0013519659435453299	-0.0010228510506956217	0.0007128041244732058	-0.0014264669937693183	0.0002767795577354862	-0.0007287960595778008	0.00045831809453455974	-0.0004908580768543862	-0.0009655532492121432	-0.0004903994658515735	0.00016870262208478997	0.0012393786163992688	-0.0009532045343717279	-0.000679695600476631	-4.735588453352701e-05	-0.0	0.0	0.0	0.0	0.0	0.0	0.0	0.0	0.0	0.0	0.0	0.0	0.0	0.0	0.0	0.0	0.0	0.0	0.0	0.0	0.0	0.0	0.0	0.0	0.0	0.0	0.0	0.0	0.0	0.0	0.0	0.0
GCDF286	0.027743800649603054	0.01827265221741373	-0.006868905029403817	0.0019347340686257722	-0.0025707653352960505	-0.0037260512418636886	-0.006629892216086927	0.0011629907778963817	-0.0024530854538818894	0.003965351901401858	-0.0030136523217968295	0.0029375966928185345	-0.004653906242677412	6.40464127051373e-05	0.0016535440205234083	-0.00040359707186579885	0.00393071518351305	0.0004845860426920272	-0.001999136653147764	-0.0014816608034973766	0.0034947164483782735	0.001769406386684388	0.0025741385221625768	5.614251682260594e-06	0.002434691736064866	-0.0033025302836169053	-0.0015363887919848625	-0.0018112167947437377	-0.0012849717165987432	0.0006187961849995498	-0.0020443360773050624	0.00015561736205610413	0.004026833313912913	0.0025793784946154833	-0.0013091368364566923	-0.0006346955413103906	0.000880274010036659	-0.0012724951131583052	0.0033652240739176333	-0.0025595397546111153	0.0011250164137684205	-0.0016653708870245506	-0.00215311754885785	5.825548868507717e-06	-0.002842298106078659	0.000780083618311711	5.3789326888137885e-05	-0.0002614768273864533	-0.0032097067499839314	-0.0017287958321609165	0.0019858900689172423	-0.0009398001638613225	-0.0031647835243658567	0.0019060106498291274	-0.0028266960343008626	-0.0017462456563006581	-0.006992301725247679	-0.0007774625595409163	-0.00023841485940640015	-0.001642590332243539	0.0030247143572648193	-0.00018848751009121985	0.0006771881390464563	-0.0006890251739033553	-0.0016109176227255306	0.0006800719114194673	0.0033600124916347346	0.005177558714181644	0.00018454480700288542	0.003571298878932883	-0.0004027243862936481	0.0008479440677384298	-0.002617061593198083	0.002086238846458112	-0.0020141245286066107	-0.0013095684004990637	0.0034754199292200668	-0.0009914129892947784	0.0011342201592658952	0.0002541981793559379	0.002355602124076634	0.00011877021453946568	0.00031180518148243906	0.00047619283763643787	7.712039613817187e-05	-0.0005768723551789826	0.0011955654779489597	-9.294788029511568e-05	-2.4790585344919163e-05	-0.0	0.0	0.0	0.0	0.0	0.0	0.0	0.0	0.0	0.0	0.0	0.0	0.0	0.0	0.0	0.0	0.0	0.0	0.0	0.0	0.0	0.0	0.0	0.0	0.0	0.0	0.0	0.0	0.0	0.0	0.0	0.0

Biplot	0	0

Site constraints	0	0
