Eigvals	72
0.4198670208154504	0.03270051298753547	0.01870890399272048	0.010349388939322992	0.009027451215813442	0.005026444584129102	0.0037880286396690024	0.0026698913623460895	0.00195614998267387	0.0017792515094819435	0.0015745478900680582	0.0013136617016669093	0.0010614616179829093	0.0010135683584658467	0.0009636426062493708	0.000943412895068857	0.000881737455701562	0.0008404450178901325	0.0008255585503188674	0.0008028008100701648	0.0007539811238526251	0.0007208650715325726	0.000707659756774592	0.0006964237381153291	0.0006486719076839679	0.0006269131837993731	0.0006075989963158614	0.0005973781656128881	0.0005685819734909751	0.0005658845523565637	0.0005506161554513112	0.000542388909897137	0.000516373828808457	0.0005077460936918346	0.00046707141847176364	0.00045283299795917734	0.0004277591512663083	0.00041147611017380327	0.0003894840746347107	0.0003793406385170094	0.0003667860165610451	0.00034483998850055094	0.0003350180973414357	0.00031230571596151807	0.0002820201809660685	0.0002760009922509769	0.0002580689209089086	0.0002536999734276354	0.00023712269752791706	0.00023375779158698597	0.00020793927817465592	0.0001761705747796189	0.0001725014458450909	0.00016000805616327857	0.00013263047360222927	0.00012218467547076294	6.332195127962438e-05	4.795196676537529e-05	3.534947507919349e-05	0.0	0.0	0.0	0.0	0.0	0.0	0.0	0.0	0.0	0.0	0.0	0.0	0.0

Proportion explained	72
0.7903370184260045	0.06155383646321047	0.035216720215147136	0.019481180448394506	0.01699282992990351	0.009461531935012955	0.007130398703317603	0.005025672115756472	0.0036821604657063267	0.003349175484901959	0.0029638514651340597	0.002472772142235495	0.0019980431154153285	0.0019078912005164072	0.0018139134213785962	0.0017758340085517097	0.0016597391965205287	0.0015820123435754127	0.001553990789578819	0.0015111527392376878	0.0014192569643070277	0.0013569209370528797	0.0013320639023828794	0.0013109137737805094	0.0012210280780328203	0.001180070526934126	0.0011437144508617714	0.001124475262111161	0.00107027072711469	0.0010651932343107313	0.0010364527553304922	0.0010209661931601267	0.0009719966847147957	0.0009557562607000746	0.0008791922536569808	0.0008523905515534012	0.0008051927764168225	0.0007745423811489002	0.0007331456556729908	0.0007140521506811271	0.0006904199481212034	0.0006491098248589904	0.0006306215802740177	0.000587868911235388	0.0005308609105039829	0.0005195306858695506	0.0004857762372082398	0.0004775523454643655	0.00044634809707457023	0.00044001416371758877	0.00039141466459317013	0.00033161482065274865	0.000324708232903362	0.0003011912909630761	0.0002496570767945332	0.00022999442042712166	0.0001191941250304874	9.02624225341753e-05	6.65401123497482e-05	0.0	0.0	0.0	0.0	0.0	0.0	0.0	0.0	0.0	0.0	0.0	0.0	0.0

Species	0	0

Site	72	72
GA11	-0.13233028370015343	0.013989444250288556	0.010704780243095553	0.003072151575353994	0.006800051856251405	0.005578900304278617	0.0005102965391430408	0.003793101979887706	0.029085262095170858	0.01404302885089081	0.00016123973271766557	-0.0039171732166476845	-0.0035963747648198757	-0.0006621526960452029	-0.0018767449368164877	0.0009261772263593703	0.0009117346938358724	-0.0008239571604524626	0.004471417486187122	0.003820731502095684	0.0007078016318329948	-0.0024064528971958817	-4.177819953004533e-05	-2.0329787399450557e-06	-0.00029181553443416984	0.0007607104388728286	-0.0032706816173030525	-0.00043844135646210595	-0.000805833585964779	0.0007612879163432012	-0.001494530922711389	0.0015217881500343279	-1.3831683411779877e-05	-0.0007541056803895149	0.000617005975833944	0.00022404370075586005	7.694269432189364e-05	-0.00031242782202832995	0.0007348863559515378	-0.0014774901914732699	0.0005159929511978262	0.0012748269158056685	-0.0006345264869464124	-0.00016673986879653857	0.001140104855160966	-0.000525350860478055	0.00034897565342422793	-0.0009014590134852837	0.0008868713202871625	-0.000695643308623406	0.00041779176943620413	-0.0007470016814788714	0.0005486009051544504	0.0010612549597225549	0.0006658667897628905	-3.546122403230073e-05	0.0002995496380792142	-0.0004551629562311717	-0.0005861040659692614	-0.0	0.0	0.0	0.0	0.0	0.0	0.0	0.0	0.0	0.0	0.0	0.0	0.0
GA13	-0.1534967957073513	0.018582226512583642	0.014898859089730333	-0.005343113020933671	-0.0008261367066026929	-0.006684076225011062	0.00167523989760127	-0.005810689048886876	-0.011793469768448443	0.0027688349205858237	0.0002867190066184529	-0.0005262229300442741	-0.0052216990557672075	-0.0006221283174964332	0.002610506221580183	0.008737484549516481	-0.0017296527915523889	-0.0010758013809863964	-0.0033170998830534485	-0.0014814503942309112	-0.002801891980310429	0.00021399051017534953	0.0047775818938013605	0.00020488825894468925	0.0036332088672251708	0.00547449946819844	-0.0033941680772212666	-0.002196543131140759	0.004979311180192228	0.000800064107969852	0.006645254830973426	0.004726391908925359	0.003425916312102146	-0.004951891342347413	-0.00315911389419407	0.005233126355566999	0.0029548084629491566	0.0005203051035073061	0.0032587263595766024	-0.00019434240547766397	-0.00265870351929574	0.0033527538393899707	0.0012156390606543241	-0.0006448519890038486	-8.865696028228577e-06	0.00013704170999219998	-7.983378972348527e-05	-8.015633865239351e-06	-0.0005416639424238547	-0.0008343724093932014	-0.00014855342808550346	-0.00030433270973585585	-0.00019529405783035077	3.1808511118518716e-05	-0.0006674111664824984	0.0009409420789196403	-0.0010248266365799968	0.00039955087923507167	-0.0004246652489360908	-0.0	0.0	0.0	0.0	0.0	0.0	0.0	0.0	0.0	0.0	0.0	0.0	0.0
GA19	-0.04396658158334037	-0.005907315911593191	-0.005281698392603777	-0.015244210506945901	0.0018333955724700274	0.004570931454121518	0.005829631684316335	0.009487557084283888	-0.00044314999647125186	-0.001278563698403806	0.0007562163198965763	-0.001046693210781012	-0.004126620317069091	0.0012632245708170111	-0.0038069835010701124	-0.0013735878572876201	-0.005263423961804328	0.007403870121074085	-0.0004054351726990469	0.0007075033921210305	0.007810949396441727	0.0020353782714448696	0.0015956724653703486	0.008371783503504664	-0.0018887275345612722	0.003206992523685703	0.0035040243422282255	-0.00023059924222965396	-0.0015775909496408029	-6.240801173125055e-05	-0.00017872345569383907	0.0024328252622841714	0.0018515864574673918	-0.004465845929484426	-0.0031271402810757565	-0.0007874567120046894	-0.0032190608011941407	0.00281589991076807	-0.0023663222736867123	-0.0002655626663063774	0.0007737397822426611	0.0002226377093522188	-0.0008947273730363014	0.00021792728170930752	0.000286169069343284	0.00042953910821724283	0.0032566098586608097	0.0023210088712437757	-0.00011478195937019418	-0.0012626947514361069	0.001389139147314833	-0.004211056328354517	0.0017343540597552403	-0.001788076899661357	0.001027099661988271	0.00017502159677337698	-0.000878535494521814	-0.0005328014285967016	-0.0004976391618213847	-0.0	0.0	0.0	0.0	0.0	0.0	0.0	0.0	0.0	0.0	0.0	0.0	0.0
GA2	0.0118726297225896	0.0025622681636928712	-0.007135600131764118	0.00767055855720003	0.0014488732965631964	0.004630866577505376	0.001983014349697604	0.0024201868740858098	0.00019610052323103843	-0.00033827201498186555	0.0009777094357142748	-0.004385104221806115	0.006611490098547355	0.0007180615747098897	0.0018561936757284737	-0.004959646800086996	0.005078249355314769	-0.003144710934826796	-0.002944768220757441	0.00033865330957353766	0.004636596504808916	0.0017562353900662036	-0.003338427909458271	-0.0009734512360125787	-0.0036340293324118008	0.004978480703602173	-0.003291162538350137	-0.0038830855779366834	-0.006182913119771438	0.009894890331293985	0.0025378570160867297	-0.0021721650861102645	0.0018367391542105187	-0.002878197777943002	0.0015827043315683243	0.003958973825278464	-0.0005222199323074918	0.0017025222418518083	-0.0024425523539332947	0.002128267172123139	-0.003020903951932404	0.0013125889654898022	0.00037896663363661866	0.003853386084406389	-0.00011741403187392736	-6.02324017046956e-05	0.0016512514648221086	-0.0012711732735116146	0.0019742759001874543	8.345455812471893e-05	-0.00025414246696665676	-0.00176268596909352	0.0007284952330812681	-0.0005859741332931495	-0.0012557523652713166	0.00035995162659256696	0.0001832851881239742	0.001612645720208204	-0.0003131683061757678	-0.0	0.0	0.0	0.0	0.0	0.0	0.0	0.0	0.0	0.0	0.0	0.0	0.0
GA21	0.02921970641134185	0.0071383526604933715	-0.009775941080440274	-0.011825663183601329	-0.0037583614380756795	-0.0005335016090971368	-0.0013244967852276497	-0.0065708456109117835	-0.0016809042788695054	0.002428859778265188	0.002089592370578184	0.002520393840135486	0.001233875840643075	-0.001690100957270106	-0.0006961688706729126	-4.009978745482875e-05	-0.003778438807575836	-0.0022208822261585307	-0.003801878295248298	0.003599121972316708	0.005957049766373866	-0.002605298923190046	0.0022341312498239084	-0.0014640531026788488	-0.0003462300353331974	-0.0008035375942478981	0.0038276000547929514	-0.0034417865238939816	-0.002072952734212395	-0.002199818541614429	0.002520376766940865	0.0058160651453445286	0.0014635713636038902	-0.0006996085753079105	-0.0010140743305187296	-0.0025416641990233255	0.002023232826825047	-0.0009557090491296305	-0.0008231417713319515	-0.0017874178197451085	0.001251514450228493	-0.003567231727280664	0.0004048384124867822	0.006772939537190256	-0.003943464267220911	-0.0018250188280194033	-0.00041855526118760207	-0.0010389960145315875	0.0007478873058369022	0.0007368443256431362	-0.003425604167454634	0.0016613176297275976	-0.000911000879207247	0.001271010584949782	-0.0006344755490695238	0.002271123039049517	0.0006647460060827529	-0.0017368529421658864	-3.739400929456549e-05	-0.0	0.0	0.0	0.0	0.0	0.0	0.0	0.0	0.0	0.0	0.0	0.0	0.0
GA23	-0.11111232468630391	0.0053666488230573	0.008914760303243667	-0.004018308723915692	0.003503001377220674	-0.00047442144267239737	-0.00247640002783816	-0.0021226268761207817	0.0009091050974194336	-0.0015925504492475774	0.0019146782919062038	-0.002619333086606009	-0.0038089134994212714	0.0016493362343884138	0.005855960583332664	-0.002591814470889582	-0.0028019894972898546	-0.013322074359577784	0.0011341437960015845	-0.0009916378835110478	-0.004219870725841824	-5.0251562948807637e-05	0.0031310062959327457	0.003467039006897612	-0.002528940912016521	0.003252473812753739	0.0058973073274661055	0.0070733508823889995	-0.000235063786270746	0.0024181863281616924	0.0024399819054391754	-0.00012304517255099502	-0.003482030767531835	0.007518713000363984	0.002398581773943567	0.0019441741103518632	0.0013303016832772168	0.0018531251574456678	0.001363202896002293	0.0005563990952500404	0.0002924295675957881	-0.00012439101578370188	-0.0016714619631119539	0.0021252451151908473	-0.0006792001938919446	0.0015634885211394355	0.003202901500763398	0.004189229848639043	-0.0007749691676911156	0.0009581447896108626	-0.001236684749263816	-0.0009916829848049136	3.213232184597992e-05	-0.00029697816526925015	0.00030654140592898814	-0.00022361874687828394	0.0010464156837977202	-0.0005269131324524344	0.00015335164172923177	-0.0	0.0	0.0	0.0	0.0	0.0	0.0	0.0	0.0	0.0	0.0	0.0	0.0
GA25	0.010949891553419322	-0.008630342966896328	-0.00991104257290596	-0.011210797039012593	-0.009574915459966176	-0.0023704670387648032	0.0009976057090953885	-0.003202561762534475	-0.00235385359000256	0.0016838617601617788	-0.006106183848598689	0.000510424528566226	0.003954456829056185	-0.0007936285553024718	0.0017394101314939729	0.0013976382416556463	-0.0013909258388069689	0.001223604700933389	0.0026426304304150933	0.003944241631458802	-0.002495707661467208	0.0018752637489599716	0.005981380801840836	0.002679115615278256	0.00016550780654766555	-0.0005884498027425826	-0.002985476033256003	0.009041939308527376	0.0006647009853061458	0.005552075115816973	-0.0023938990361042525	-0.002865121133516396	0.0013270011633844583	-0.005067770597946706	0.0033318954034594647	0.0031671598403382522	0.0003668308502176657	-0.002276330884698944	-0.0015511308033813631	-0.00015952461070099924	5.6840845381131686e-05	-0.0003175235518654659	-0.0010969114184583434	-0.0015092599559435801	-0.00026566025804767446	-0.0019203387557245153	-0.000533017112785761	-0.0015012934140216745	-0.0014757953820778164	-0.0005417720871656946	0.002777892780513816	0.002743518675269951	0.0014675174059474742	-0.0029507613510428967	0.00036399788847789273	0.0002715645497067364	0.000946662606535504	-0.0006483524533178523	0.0006590530192807509	-0.0	0.0	0.0	0.0	0.0	0.0	0.0	0.0	0.0	0.0	0.0	0.0	0.0
GA27	0.030631415625384007	-0.001959955403294829	-0.008156129814567382	-0.004229364399763321	-0.007183495986571466	-0.007689481097208871	-0.0008233571702224006	-0.002410082683690569	-0.001820545657015161	0.00010469638716239232	-0.0005479441539067192	0.002915015468964312	-0.003068118223538445	-0.004373459536145569	0.004177610951673386	-0.006782223463114004	0.000977615460043402	0.006829840756868139	-0.0034553350657928993	0.003568558473662746	-0.011880669315335315	-0.0055640429107393485	-0.0017657277695286838	0.0019344308527512208	0.0032307689664776737	0.0005834019013507793	-0.001146740589080977	-0.0016822954405454824	0.0017254139052841641	0.0013957382888847363	-0.008549605205610638	0.0016523177748456411	-0.0003003026547508469	0.0011426959759671357	-0.0029433394768050296	0.0027384859455249827	-0.002070893301797211	0.0033340244359776404	0.0026911894487350613	0.0017949897125439122	0.0014394318840751312	0.0014930217584359906	-0.00028304153950027105	0.0026868751035277827	-0.0013850832804767946	0.0018083965412209603	-0.001505896921656466	-0.0009278533265691289	0.0008891360352265542	0.0006587000766252888	0.0002610153558610687	-0.0034762414895319247	-0.0017359400227025406	0.000684405875615248	0.0001991592880699879	-7.315209217815983e-07	0.0002784849399014255	0.00040880697091032447	0.0004514062192773427	-0.0	0.0	0.0	0.0	0.0	0.0	0.0	0.0	0.0	0.0	0.0	0.0	0.0
GA28	0.011034956354582983	-0.022507240868357554	-0.032777913632786995	0.008322723613850922	0.005078358113385028	-0.02095844232914551	0.04802359980326636	-0.009926646127663807	0.004603829483400948	-0.008581804117685101	0.0076093311845565085	0.00033816125187423524	-0.00027863539235663915	-0.0004176514040350436	-0.0001818366881181022	-0.0005923297459228017	0.0005142927277476024	-0.0008093873711770916	0.0005462018013661778	0.001556815309365841	0.00014436909891422922	-0.000842220425743221	0.0011378809365933979	-0.00021041550059157477	4.260307434400199e-05	-0.0016898927344976128	0.0002790388358507313	-0.0004840853581433987	0.00028312406707451933	0.0001738469870227395	-0.0004006497276460578	-0.0003281740155218948	0.00044718009485761475	0.000778941648461002	0.0006594728081090581	-0.0006749633586713195	0.0005222190461317986	-0.00014624387855812217	5.7169109592636447e-05	-0.0003656234099849207	1.0403582409786367e-05	0.00026881690860651333	0.00030435666638402976	-0.0003881360822623821	-7.675401459012376e-05	-0.00023761990240542272	0.0002155232995773802	0.0006649137437752543	-0.0003219413754909784	-5.6343096548554695e-06	-0.00016609339398724083	-3.609843356532741e-05	-8.477442058041053e-05	-0.0004121179487786219	0.0002748958031274488	9.04103930643066e-06	-8.322907682970986e-05	8.087410931001912e-05	-0.00021640413125225192	-0.0	0.0	0.0	0.0	0.0	0.0	0.0	0.0	0.0	0.0	0.0	0.0	0.0
GA31	-0.066565085200836	-0.013909063764669282	0.006481205395996514	-0.0005846376431703617	-0.010012993040474786	-0.00979777379440298	-0.0040273667612786045	-0.0045828728167195696	0.0027377981780642305	-0.0008076427982175428	-0.004414260687892534	-0.00735790212427806	0.0018318971799264967	0.000620766730496576	-0.0007830971568866379	0.002651684152179542	-0.006688127132557461	-0.0032146448381860492	0.009675079285072934	-0.0011820476469474967	0.005649205667924751	-0.004456211145951227	-0.007036367614905	0.00018741193694687361	0.0016475340741704961	-0.003165383101683669	-0.0021103385769790017	-0.0011862172087129831	0.004030255366767404	0.0037563564981745175	-0.00212938821432024	0.000696655874017121	0.004576421805640111	0.0033653967846700183	-0.0012761450760278871	0.0008246729337594323	0.0010987053231524796	0.0032833641199738247	-0.0022464657892438825	-0.00042422103917527204	6.207011510691545e-05	0.0018545276323511098	0.0014216084828400555	-0.0018918022065156613	0.0004677284674910461	0.00013058044419610672	5.930358342036723e-05	-0.001052639754073153	-0.0011150183265937201	-0.0013701488181452892	-0.0014883952026238077	-0.0006166423125043288	-0.0030825322093094706	0.0016926130035737747	0.0008657260313703404	0.0014086604185398065	-0.000587582283461858	0.000504138361569758	0.0007781481285220132	-0.0	0.0	0.0	0.0	0.0	0.0	0.0	0.0	0.0	0.0	0.0	0.0	0.0
GA32	0.08817041780092692	0.0043251218648013585	0.003701732482994873	-0.001997128940324207	-0.004268538824142724	-0.007242563879546741	0.002098184191680797	-0.003918474362645097	0.008914907592757758	0.013068819178908064	-0.0019173450450100566	-0.0012891805542695743	0.010563027868429527	0.0073011664084792986	-0.0015087740170562462	0.0029744074258085526	-0.006845476949086983	0.004079292847254979	-0.011753510157259544	-0.0009570054957898376	0.0014043700680858476	0.001985208900731427	-0.0029510733046850587	-0.001764589922467505	0.006785705953283317	0.0025046285516334807	0.0012619542398868914	0.003138074637824669	0.003706191288629693	-0.0012394488890441896	-0.0010783821323395078	-0.0017657362512843132	-0.0041463229925739024	0.00043416935069934596	0.002489765242870676	0.00025227792817731894	-0.0012196174230958417	0.0007344926020248353	-0.00022055284776798366	0.002999343257268553	-0.0009509001671645488	0.001045968037353558	0.0019484254702658663	0.00042250198864152654	-4.44651651650105e-05	0.00028321496602201455	0.0022720297900604655	0.0021879822285408596	-0.0020906882363890635	0.00044860279683706946	-1.9533290705387098e-05	0.00012086782196669186	-0.0008281997712662888	0.00034694375060367356	-0.000898029001440479	0.0011638498323315234	-0.00010660782212307265	-0.00018588441121082205	0.00040709918750107577	-0.0	0.0	0.0	0.0	0.0	0.0	0.0	0.0	0.0	0.0	0.0	0.0	0.0
GA35	0.03200199326043594	0.0029298470137081103	-0.014503208068524013	0.004598774354292254	0.008419796710746316	0.004951840213955424	0.00628631646420748	-0.00045122549084221917	-0.002635616664677586	0.01077504622386702	-0.015339490926166538	0.014112339733553534	-0.0135853315789939	-0.0015186878499931758	0.0015679975930218343	-0.006158098916755521	-0.005311359656201959	-0.004765329170749973	-0.0004900877751226958	-0.004655288448422204	-0.000803537216512861	0.005403687453498208	-0.004075991937329937	-0.003086330623567081	-0.0022595877435140107	-0.0006196961027794401	-0.001932301813320987	-0.0028054841431573835	0.0011658345774224468	0.001496047423208065	-0.000776275077970194	-2.9147216668183663e-05	-0.0016448634748217287	-0.0017825833851847273	0.001855247550357427	-0.0013721008104147195	-0.002275923429819002	-0.0012312206536595634	-0.003633641346486962	0.0002666755409849652	1.2045107043703044e-05	-0.00022706563420228312	0.0010028819785031667	-0.0015251741166900459	-0.00042459555178344966	0.0004992913693254035	-0.00014362037202736053	0.0009237837085979685	-0.0013370876604412696	-0.0011774143743928684	-0.001460265597650296	-0.00020944439854050662	-0.0007708829798863778	-0.0013588559108990205	-6.992630670256667e-05	0.0003578599038084172	-0.0005062446094141437	-7.20455954266405e-05	7.69224800297235e-05	-0.0	0.0	0.0	0.0	0.0	0.0	0.0	0.0	0.0	0.0	0.0	0.0	0.0
GA37	0.12095440977663292	0.004512425916343649	0.01631218320330645	-0.009226136455240843	-0.011713187954415628	-0.004578666009264837	-0.004082336580885277	-0.0025755997523599517	-9.013273910167972e-05	0.000994221900441003	-0.0030540440501622716	-0.0013817402495141268	-0.0026417818709435635	-0.00108381849898992	0.00548619235753288	0.003880328186742334	0.004573397323922087	-0.0009149010168002709	-0.003407665822686846	0.005557678842813712	0.00022607869559394805	0.0017981390367627827	-0.0005512998001388266	0.0027584735881893254	-0.0055906213284081605	-0.004870443132469458	0.0008847861904803222	-0.006753792051078019	0.004118255746432208	0.0015955489986963268	-0.003311542609088281	0.00028580473879385705	0.0007896967798411337	0.006625002546992531	-0.002513778211458384	-0.0014035743431874846	0.003389529177063262	0.0009403301722163584	-0.0004945467549951754	0.0007159060243823653	-0.002745258255349005	0.00020534740930523755	-0.00018730223265801127	0.0004029532957243607	0.00367132230841628	-0.0013022331505085992	0.0021396370548226523	-0.0017834062426903452	-0.0010348098527387507	-0.0029924557953561696	0.0012166030738832408	0.0015798655920198218	0.003379192026313152	-0.0018472999429092766	-0.00033548086813372087	0.0008434281777099227	-0.0002236881041662658	-0.0005660161420064275	-0.0007031484763257579	-0.0	0.0	0.0	0.0	0.0	0.0	0.0	0.0	0.0	0.0	0.0	0.0	0.0
GA39	0.13295091125621622	0.013899085714346206	0.02250807756594349	0.006805781781828818	0.006975964931179864	0.006520728272684721	-0.002802546968520892	0.0022754762174207787	-0.0008215901899940455	-0.005603821964771427	0.001314847801263768	-0.0016454615769877952	-0.0003553370058575017	0.0016538907671451344	0.0007105161681933207	-0.0022281948925632926	-0.00625645551120482	-0.0006145802191275237	-0.0013541446630457856	0.002813637164960187	0.0010434652676739062	0.0016299656940724854	0.005055229284297799	0.0029027854602652046	0.0006861234099998312	-0.0013757946997902328	-0.0015916714509074605	-0.002797162380392866	0.0008504951256126999	0.0019919084190803565	0.001731186018914008	-0.0003070004619913855	-0.0012449755841854155	0.003377182251867335	0.0006126220920575707	-0.0009670831408836817	-0.0013602350604003089	-0.008319067617792598	0.0009732746874017399	0.004453032213150987	0.0020505498047252084	0.0009194389611474059	0.001192005582050783	-0.0002079665760724176	-0.0004975335726139096	-0.0018106531624324355	-0.0011099843713470766	-0.0006339031290779812	0.0010837312180355574	-0.001301281742462904	0.0009450895321753343	-0.00215314688025725	-0.0005881187946081591	0.0031068225504576746	-0.0017429091839178518	-0.0011928514145619468	-0.0007385223353854729	0.0005815003109581398	0.000817632151760442	-0.0	0.0	0.0	0.0	0.0	0.0	0.0	0.0	0.0	0.0	0.0	0.0	0.0
GA41	0.09815535538914277	0.013283540698487918	0.008104924938583368	0.006449289821617782	0.005813466615080011	0.004294263436555165	0.0007110102498828719	0.0003538013186704923	0.0012668263342845779	-0.004212161482652939	-0.0035019239868196547	-0.0004714383287732123	0.004773699046776257	0.003859190182219518	0.00894491052436153	-0.003950661766585466	-0.003841742770698817	-0.00044962707388627494	-0.0013899618613973787	-0.005173166714617716	0.0037984891521049167	-0.0055826473567970655	-0.001134427408838921	0.0019049492617415115	-0.00247518599682821	0.0017904525561882123	-0.0036391920885044332	-0.001743572991155652	0.0006012014599559633	-0.0028447826851893693	-0.002800716037572423	0.008428683524133592	-0.0026203609936796173	-0.0012685989416129442	0.003368506933455458	0.0012691212541461796	0.00043010804450580335	0.002797196883179612	0.0026461851071839745	0.0007799918741814391	-0.002844089592612858	-0.0016730675587915637	0.00032187732056525103	-0.000998656862397069	-0.0011304829085143691	0.000597868854651505	-0.000793845953071302	-0.0027139599779173293	0.00020344304258312318	0.0036150232632805603	-8.13457078729962e-05	0.002230383221772865	0.0012975502529339212	-0.0022277400825152682	0.0030895909979498236	-0.0014012662192247117	-0.00011176422739408678	-0.0001756354278332412	-0.0005563052923218852	-0.0	0.0	0.0	0.0	0.0	0.0	0.0	0.0	0.0	0.0	0.0	0.0	0.0
GA43	0.02621130010223303	0.009414877527290913	-0.009963757057964066	-0.00026768635580554757	0.0028872326475293066	0.002269903617102437	-0.002050103784944471	0.0016770986562824588	-0.00023419606591657476	7.865029943754189e-05	0.0006546277383456685	0.0006780615379921868	0.0029341079207885977	0.0007226676779367085	-0.0012949577528280996	-0.0048374312160904135	0.0009560618210281463	-0.0044096272974531335	-0.0022023944551279786	0.0004268636537886397	0.000342683567913745	-0.004345547559958271	0.006211357648965734	0.00563274377481319	0.001178192320383541	0.0032426778251816194	-0.0011972769025625362	-0.001530104685219826	-0.0018129731110903627	-0.002638327527553128	-0.0019433196424704004	-0.006281907745334149	0.0012556493152219407	0.0017730430789426868	-0.0010190874784880934	-0.0028596485217961395	-0.0005368223564470312	0.00221816683651887	-0.0005882704611890788	-0.0034014258349839037	-0.006948209821941076	0.0008181408165776785	0.0009331764629705028	-0.005198257809691103	-0.0009023145679345552	-0.0025515991246353466	-0.0035282680612585483	0.0010940157017430535	-0.0033116880050709616	0.0011699796857926855	0.00019103454039507247	-0.0007015817159027855	0.0010360609554886395	0.0015482157138314424	-0.001200129772136121	0.0015192750963499706	-0.0019935186076922387	-0.0010069591613100415	0.00010272576635534617	-0.0	0.0	0.0	0.0	0.0	0.0	0.0	0.0	0.0	0.0	0.0	0.0	0.0
GA45	-0.018833821649702015	-0.03156664553811522	-0.08583206954616165	-0.007525303909741348	0.03396294298455704	-0.010044936411364194	-0.028879641455616535	-0.008226539622872725	0.001257507766542693	-0.0023401521536776737	0.0002502309651293922	-0.0010113817161369497	0.0011323844346532214	-0.000561417449331465	7.255185349053003e-05	-0.0001281179885993998	0.0005355878187389425	0.0009937337225869025	0.0006249159314641748	6.297883852446397e-05	0.0005177756035515856	-0.00023192374100073466	0.0005504025971099079	0.00044064256055979204	0.0005476025920655319	-4.178259663082399e-05	-0.0002737720733649272	0.0002127044425320431	0.00014784757225274288	0.0008758298577006065	0.00017912535268947214	1.995944351508453e-05	0.0005803933177691118	-0.00018989684334376795	-0.00035984761905566686	8.139374942742853e-05	-0.0002548276228082514	-0.00025122293875677625	0.00021518462275943624	-0.00019925692919027272	-0.00021809951145539754	-0.00010632438807190367	-6.727941523582233e-05	0.0004600764228640701	9.65471220565546e-05	-5.679098326691711e-05	3.2763404773754876e-05	-0.0001148191198325932	0.00023449801788925546	-0.0001452727351355064	-8.792914909578753e-05	-0.0002516652524875775	-1.0000424239961441e-05	-0.00013382283407683813	0.00021816967803012317	-0.0001898347548334692	5.609792728653973e-05	-4.138596150404394e-05	-5.9605920973024246e-05	-0.0	0.0	0.0	0.0	0.0	0.0	0.0	0.0	0.0	0.0	0.0	0.0	0.0
GA51	-0.05705036897266692	-0.005498579096368323	0.014924336203735091	0.023592792921565638	0.005221441647604863	-0.0057085670648913366	-0.006973599759999735	0.0012630225182074077	0.0038027398208086978	-0.006193326943471274	-1.6143033311242695e-05	0.0015220600936217306	-0.0008279645730994963	0.0038198739289861993	-0.00031676669106257263	0.0006129814783656793	-0.005892397151628359	-0.00253409211721828	-0.00474524440160967	0.003500268086116206	-0.001705920274351923	0.002245975913297458	-0.0016746848359187746	0.0026295107707383345	0.005564975828077547	-0.004601515591535823	0.0008508955493995681	-0.004649908580650354	-0.0018345052533405072	-0.001006401845661668	0.0025917770573733448	-0.0038467187808603515	0.004114690452315747	-0.001422214679123297	0.001505393502497678	-0.0009214602835713925	-0.000983745515906009	0.0003228124228888811	0.0021170463366609344	-0.0014775817944327016	-0.0012380945000331333	-0.00014616531856191615	-0.001629046832819212	0.001489607821314849	-0.0011656348668124018	0.0013602768425535895	-0.000750510503100917	0.00016477356365090273	-0.0015644103552034459	0.000146536358022872	-0.0003765477634899074	-0.000649425859327151	0.003179175194034136	-0.0022932211426982124	0.00147472456474231	-0.0024839419689633977	0.001080928431910337	0.001156039964903145	0.000726838452020593	-0.0	0.0	0.0	0.0	0.0	0.0	0.0	0.0	0.0	0.0	0.0	0.0	0.0
GA53	-0.02690480027160772	-0.004139553822655241	0.001608346812060375	0.004053339938237196	0.0035609241927090783	0.0035635424637903415	-0.0011990060255112024	-0.0038871833991388654	0.00023931996970386329	-0.001320695270865863	0.0026830380401160745	0.005094973783185294	-0.0028367807110713447	0.0003130958970997743	-0.0023651075404611302	0.0035839460999220266	0.0024616032751510505	-0.0012890135916826416	0.0009884233884345313	-0.0019881087939439056	0.002478584112914814	0.0017276534289751165	-0.00023722754491393785	0.005104367058475917	0.001446617514478166	0.0012503342324643204	7.584340852253638e-05	-0.003518378585877294	0.0003913512069962418	-0.004155758479740767	-0.002283286196357083	-0.00244480001860221	0.0018543677839280175	0.0027818133706186644	0.006289811770999566	0.005659067601436124	-0.004183856715087967	-0.0005152646443777622	0.0025598990743562725	0.000672380730030569	0.0028099479084308615	0.0014425319173181454	-0.0026605985713117845	-0.0019149936835076205	-0.00160745324736187	0.004854733147132138	0.0022220634061719032	-0.0024917485542376794	0.004268450842346853	0.002380830407269917	0.0014133621419380404	0.0014376843979119018	0.0012952196454505168	0.001341580305531183	-0.0010825153018406636	0.003353887569141319	-0.0005946037894457011	-0.0004740691719445071	-0.00017605166638953336	-0.0	0.0	0.0	0.0	0.0	0.0	0.0	0.0	0.0	0.0	0.0	0.0	0.0
GA58	-0.06737578618943961	-0.029443796859514985	-0.006826626876675289	0.008029566125758497	-0.02985601112095545	0.009800165544087311	-0.005074904072336	-0.0034928410442501725	0.006228723418955866	-0.008917028289240705	-0.006725378207526992	-0.003266249078006613	-0.007014309393954284	0.0017102265348421049	-0.0049041544895976055	0.0011564950746489227	-0.0002529312848408152	0.004241308062994356	-0.005513123916916753	-0.0018667354748031267	-0.002875586666708226	-0.005030849622191408	0.0020258447313254283	-0.003994569665163328	-0.00032519311513801863	9.889028215189915e-05	0.0002820338888646773	0.003619032893292975	-0.001959634094493698	-0.003834635508250332	0.0014837127733153055	-0.00034928438942600744	0.0007539565286731467	0.0017590222426379291	0.0015541244837356386	-0.0021137886038138866	-0.00038700223605363194	0.0013693487134038647	-0.002077530146417838	-0.0010361573322915918	-0.0006563551471008897	0.00044827773903942446	-0.0016458745514311035	0.0007616190608293099	0.0015010984760937967	0.0018898266084859427	0.0002873762711228419	0.00031715205666508426	0.0006650409498772214	-0.0007943355395244521	0.0001287511988209454	0.0018933768586064464	0.000795146615624728	-0.000636076654004875	-0.00046456662033550754	-0.00018702842616082833	-0.001093901366486695	0.00046254455938777705	-0.0011304007683309338	-0.0	0.0	0.0	0.0	0.0	0.0	0.0	0.0	0.0	0.0	0.0	0.0	0.0
GA59	-0.0731154390207491	-0.03480000007398056	-0.03186460626155075	0.0185827889030554	-0.05295571405828887	0.03287413174816245	0.0005224116875355174	-0.0008713124291295215	-0.0023456960914491985	0.003748816201060574	0.009013469280925357	0.0042840895368882245	0.004796226443741632	0.0001809940915372503	0.0019183165449924626	-0.002121428688431911	-0.0006290053918332062	-0.001435402513331014	0.0034851455808655187	0.001019863849264339	-0.0005175323728759445	0.003640191797137649	-0.0002746736778822521	0.001159895844170362	0.00042591850495218023	-0.0006673184551682379	0.0005144366810936126	-0.002618573541222727	0.001787858367542941	0.001029355261650489	-0.000571829408254424	0.0006738647954010587	-0.0006501222786023733	-0.0009445529787305909	-2.7214600737722073e-05	0.000260883715593247	0.0008200145587780063	-0.00038071119383647616	0.0013646367355977043	0.00038923828869916405	-2.8430420490006242e-05	-0.00012238114299229646	0.0011308308832089708	-0.0005536887791322125	-0.0005472005211906287	-0.0004897786476358829	-0.000375970583415058	-0.00025535611828208745	-0.0005140027746144524	0.0007036040579599809	0.00022194953006709136	-0.0003287816902238516	-0.00021785805590479308	0.0002840139429295728	2.8821367214039203e-05	3.3269215616391884e-05	0.0005885506796708021	-0.0002845438380779496	0.0005845338697394642	-0.0	0.0	0.0	0.0	0.0	0.0	0.0	0.0	0.0	0.0	0.0	0.0	0.0
GA60	0.15450126132882577	0.007952310142937201	0.02287066682608156	-0.004933879016116103	-0.02754166954269702	-0.01422180824035709	-0.008477950680113836	0.005032530315043145	-0.0015262449077064714	-0.0052966172223028705	0.002162337786716124	-0.0033857131243055457	-0.0030648522330243865	-0.0005274732902209739	-0.001543833299217014	-0.0018986543616169315	-0.0029296992027354257	-0.0019113242178945542	0.002818010539144917	0.0007090073419621939	0.0019947662864474593	-0.002487044846486098	0.0012632629366440451	-0.000725492327701841	0.0020954323312595714	0.0006653230164048751	-0.002825184926415249	0.00245776267310183	-0.002989064102820085	0.0015128295184576423	0.0007526305646974095	0.0011893171682811916	-0.0010320252149819595	-0.002719102840230473	0.0012674489081209207	-0.0005614206488143091	-0.0014002281023140308	-0.0016565711930451492	-0.0011019405673833697	-0.0011610395706543218	0.003228911263420889	0.0008458731198506326	-0.00011032589695620283	-0.0006888896696734466	-0.00028627140810786526	0.001098796158701538	-0.0021232656095972555	0.0007802267941496931	0.0010620183117701553	0.000479183187888009	-0.001072628616978242	-0.0005054428936913467	-0.0007881695632991049	-0.001527098288116805	0.000951048266136055	0.00025616194593870424	-0.00045258911789428774	5.395248349952957e-05	-0.00047934305233913793	-0.0	0.0	0.0	0.0	0.0	0.0	0.0	0.0	0.0	0.0	0.0	0.0	0.0
GA63	0.017297612696641387	-0.028691496076256363	-0.015245413545442916	0.006489779024570359	-0.02490612288518128	-0.011258299168045285	-0.0022080336713622677	0.008990253820912193	0.002853711519701513	-0.007850697273711809	-0.010506301684375368	0.007011917061979562	-0.0017620177842483445	0.003393175630188178	0.0016929921752447546	0.00374008726767316	0.007203034385931924	-0.0008184751100922421	-0.005629117195488418	0.0010208720683250899	0.004061177251092251	-0.0009826269598497408	-0.0018624680981138915	0.0002652427231656212	-0.00013573117318756796	0.0021849272711863027	-0.0014751342829454992	0.0018848130795423932	-0.0010171542840230938	-0.0016719629609934573	0.003151371735301367	-0.0017513272686394427	0.000245238666689777	0.0018986205172524416	-0.002373999957003888	0.0014275551792998517	-0.000830297336363988	-0.0009190543566294909	0.000733153603478924	-0.0005968144874761918	0.00032412590094943976	0.00017139733429672387	0.0015730700088018876	0.0007662420003419489	-0.00027600332794811585	-0.001119199858180449	0.001958109897953797	-0.00031913354810285567	5.0736902271869574e-05	4.714471123044431e-05	-0.00202476628578332	-0.0010226567177354865	-0.001673391300791549	0.0011394070695647856	-0.0003898357700469803	-0.00029993144171767727	-0.00028879470169308584	-6.263450558634624e-05	0.0002723969106235841	-0.0	0.0	0.0	0.0	0.0	0.0	0.0	0.0	0.0	0.0	0.0	0.0	0.0
GA71	-0.025455619472614783	-0.016979754315994283	0.0026131305573726176	0.0036166701106620956	-0.010406548431094013	-0.010913121509307679	-0.006410821271578039	-0.0012744518995424661	0.0005354796552317271	0.0013723321953116611	0.004431592291671056	-0.007712372619306506	0.0044577642741575685	-0.016191489376047585	0.002014217949293454	-0.0030023973642403948	-0.0039002507455708317	-0.00357768825543822	-0.004090242887234007	0.0016992128844896769	-0.003822557482982421	0.004736231386614396	-0.0015579877249849718	-0.002453511115597419	-0.0030520814646980803	-0.0021086553068785704	-0.0022974408495520476	-0.0031733952614846654	-0.0015514950630574197	-0.003238544457458813	0.0016622110453442516	-0.0013935782379741323	-0.002261333664142473	-0.001063492164263436	0.002288397471955621	-0.00126237274899515	-0.0006458723808672439	-0.00027243312880212406	-0.0006536608977981273	-9.647304703679148e-05	-0.0005414301198449471	0.0003667607948435678	1.1142641098781295e-05	-0.0021536386772047743	-0.0017576681388933332	0.00019119697479399477	0.00027365854698191286	0.002863155258896855	5.036299505542853e-05	-0.0006147352676811329	0.0002896319607757608	-0.0009594869964344745	-0.0009706084382376624	-0.0005516322500654106	0.0014253100972615263	0.0016366938023022256	-0.0005026229071748905	0.00021825484371697996	-0.0014405718963235413	-0.0	0.0	0.0	0.0	0.0	0.0	0.0	0.0	0.0	0.0	0.0	0.0	0.0
GA72	0.07799888597382282	-0.14313330681968114	0.047581254556464364	-0.030016318518622548	0.020476685138767377	0.006819690615503494	0.0017574591185845947	0.0005574109501782539	-0.001341183621292554	0.0012681874837416644	-0.000342510193243668	0.00212904674168773	0.0017341182790245402	-0.0004950257663378264	0.0008851391537304248	0.00023578376211902348	0.0003253052161414686	0.00017482052375751312	0.0007861147944353823	4.9970847511933596e-05	6.654411636575234e-05	0.00026869515601078513	-8.854196425779396e-06	-0.00015260176320529905	-0.00018144347710592678	1.9500089647238763e-05	-0.00018099995575818944	-6.366057580388684e-05	-8.758507637270145e-05	-7.012961401664305e-05	0.00010902214864912128	-0.00028776016979826065	0.00023907192219145066	3.0441639512182202e-05	0.00013869734759332147	0.00037232008689579865	8.313940328769986e-05	-0.0002444288492321363	0.0004907676887672393	-0.00014621379668586912	-0.0002910898875690859	0.00011202683704119703	0.00018528503848206482	0.00023057621629121966	-0.00044383171074957394	-9.441930845092083e-05	-6.859598524368114e-05	-3.3476112033429027e-06	0.0001738745183827592	0.00023776845451080038	-8.457440334281537e-05	4.017728051699171e-06	-0.00026663828681558504	0.00012537078937668145	-0.00015454465224332383	6.503022907375345e-06	9.413539766063892e-05	-0.00012081203289481846	1.1490145592751456e-05	-0.0	0.0	0.0	0.0	0.0	0.0	0.0	0.0	0.0	0.0	0.0	0.0	0.0
GA74	-0.028967047051114133	-0.002623605422004534	0.00255595603913599	0.005071289248164442	0.007096524723829351	0.007816627287148162	0.0022876779760465076	0.0031965216007092115	0.0004804422813964773	0.0011869700388693787	-0.0035561737064047677	0.0005544082068513839	0.0055080399413167495	-0.00042396758288654147	0.000907742553646823	0.0029676027513831143	0.004440282687982804	-0.0028992519901477358	0.0014724733180986286	-0.002658403703128731	-0.005107768848486727	0.002989400933417234	0.0020944721230389076	0.0018757995889128547	0.0011083302549146736	-0.0056680253594800405	-0.0031246348698146364	0.005157685725799845	0.0018549597356188553	0.0008450862172571555	0.0010564233256550237	0.006470736598223621	0.0028429932458141328	8.163458586741083e-05	-0.002259353296368383	-0.007816203085794093	-0.00318848851872209	0.0013620793389387763	-0.0017822158687542367	-0.00010756869452568484	0.0008493579536425861	0.0041162659680187095	0.0012812346469435684	0.002991795698178404	0.0008144433606788679	-0.0010263892964721222	-0.00012817805411309742	0.0014373674042920013	0.0020222203189231734	0.005238077621300027	-0.0012476909834412222	-0.0009292780071749956	0.002092956005641375	-0.00016322800910863473	0.00015783977687898882	0.0012326533932585893	-0.0016359467381496006	0.0007298364721154861	0.0005990109040268884	-0.0	0.0	0.0	0.0	0.0	0.0	0.0	0.0	0.0	0.0	0.0	0.0	0.0
GA78	-0.021268823621677396	-0.0050577234914308536	0.0006067997826619464	0.003308718040402852	0.0009179975756762478	0.004080952496108336	-0.0003463185351723442	-0.0012968543884916528	-0.0014580453735006447	0.0022423402939557957	0.0026689251703057586	-0.0003840001890371528	-0.0013079112130163094	0.0031253557383244743	-0.0005631135669807907	-0.006573492514716063	0.0014233527604513977	-0.0039491071559082025	0.0015072888002749315	-0.005557045891514062	-0.0027885120335707845	-0.008646480169527838	-0.008224122379146478	0.0014841141699118983	0.004601812311336011	-0.0017847616282108754	0.002658823638575386	0.0009742132318534542	0.00025408667682999943	-0.0010474437151324887	0.00200569430729992	-0.003341061423631749	0.005027708837354052	-0.0027181902498184937	-0.003331078549461326	0.0002516759287310497	0.0019382046550811235	-0.003233211902377796	0.002234504805892938	0.005304711152337289	0.0009717903209025759	-0.0007814122384912916	0.0043249543654543705	0.0015023872465582983	0.000622620185929505	-0.0022015009909016354	0.0010541053109764645	0.001987549070734992	0.0010602196378941163	-0.001970732418935407	0.0025100285915828683	0.0008248184322677971	0.0020197931549074434	-0.0012975363800599416	0.00023721039340659957	-0.00016739792515799582	-0.0002635264129121475	-0.0015979958248829942	-0.0006968903570950682	-0.0	0.0	0.0	0.0	0.0	0.0	0.0	0.0	0.0	0.0	0.0	0.0	0.0
GA82	0.0830568993360294	0.013506997528681836	0.0028732070098873366	-0.014666937341649375	-0.004535413617858049	0.004243228782196741	-0.0009682398912852855	-0.013034384846157068	-0.0003587136307023052	0.0015611953739668256	0.0033856627350024597	-0.0011951829196974644	-0.005086691425864475	-0.008154194806785274	-0.00802558347611839	-0.0008707446506215392	0.0035566905705404343	0.0025148460418054283	-0.0017653498478239493	-0.004221464779359715	0.0024334323903587316	-0.0028983413410739647	-0.002879165313315028	0.0034368797259122607	-0.004152834652004714	0.002278881889655957	0.001486001349084847	0.0015386288383323142	-0.0016052773962041376	-0.0012154580402166432	0.00541581140065289	0.00027969192654884214	-0.0009369106558928757	0.0022126823869697333	0.004313966861315403	-0.0006682865538787934	0.001828086211792385	0.0009553027324446857	0.00020505015933830833	0.001828920028672792	0.0019277404111622133	0.0046037493881198755	0.001541042363699882	-0.0005680944957866653	-0.0008490704294063246	-0.002390388212594245	-0.00026170982291117236	-0.002809455361734578	-0.0030466183650837745	0.0015941947877104723	0.0015297512049402876	-0.0009501827922040593	-0.0004267476623949079	-0.0005367795146162187	0.0021634169980328114	-0.0018002447589671395	-0.0003910898607283813	0.00018063641697918075	0.0017424289434469597	-0.0	0.0	0.0	0.0	0.0	0.0	0.0	0.0	0.0	0.0	0.0	0.0	0.0
GA84	0.09962939853746383	0.01439834933508391	0.011319141468776325	-0.005911783755797109	0.0023576358433965708	0.008969333559972724	-0.0010337161448608645	-0.013431095188803326	0.0011386088315639322	-0.0026644167727417154	0.002100143036203724	-0.0042182936034276175	3.365575633375502e-05	0.002187406462631538	-0.0010253371750209358	-0.001140448961097143	0.003534892131114071	-0.0008015012573131117	-0.0007716489222012722	-0.0008508364979289441	-0.001286084310156606	0.0005231202517493095	0.0009172898283370963	-0.0008926946086918253	0.002419434989297266	0.0022933222426081918	-0.0006959740168047857	0.001979098575908554	0.0021362220418211877	0.0019522259703351988	-0.0015023485644750122	-0.0007575924412664978	-0.0003994361723294102	-0.0026202209764247847	-0.0026457338182613193	-0.0009738103352601275	-0.0009106514426743332	-0.0010413150189468384	-0.003085922552079865	0.00049617384207912	0.003652944592678191	-0.003729969358853641	0.0002794685130640374	-0.0011824296931215012	-0.002352707315554405	0.002052520726713743	-0.0015960248887011703	0.0007694286007792815	0.0006263252717018948	-0.0014351817453889795	-0.0007970834235077691	-0.000662551300800717	0.001427348524215752	0.001437054494034679	0.0011869857046282063	-0.00013036428391341383	-0.000445895311510088	9.120143603801582e-05	-0.002124982982845016	-0.0	0.0	0.0	0.0	0.0	0.0	0.0	0.0	0.0	0.0	0.0	0.0	0.0
GA85	0.031585152024893606	-0.011761787669231812	-0.005939688631396075	0.019478259158808697	-0.0013187962478785873	-0.022063811120081968	-0.004777953539942285	0.01832707091871851	-0.004887946798390687	0.004647040738127148	0.008919362674689478	0.003819377702208971	-0.006287109740948912	0.0007196985588231124	-0.0026875576108933747	0.0016057806517623615	-0.002100776083512593	0.00015136398365208639	0.003724609319437594	0.0038312741171475377	0.0009224028012374838	-0.0006266825055989502	4.85167220970367e-05	-0.0024431060753348894	0.0019397567479355984	0.0010947711748647108	9.54323301280203e-05	0.0019562004566890914	-0.002866010223412959	0.0021048914077221722	-0.0026094432883530475	0.004086171337463509	0.0007880569724281223	0.0014004900545729318	0.004585281550100448	-0.0005326552521697426	0.00039048203947491893	-0.0008072153814256188	0.0004824539720366833	0.0025096338385777513	-0.00045020616324418947	-0.0005378395013927768	0.0016686339398282485	0.0004480491851071715	0.00016860054628399688	-0.0029218027175532883	-0.0012319882048250498	0.000491362037647514	0.0005601108262940614	0.0013905285305530213	0.002081333416502141	0.001473369166320876	0.0007464530643239892	-0.0003188345573744299	-0.0005182421850494873	0.0015432184681441414	-0.0007230205601680184	-0.00047466914973384337	-0.0003687599103763179	-0.0	0.0	0.0	0.0	0.0	0.0	0.0	0.0	0.0	0.0	0.0	0.0	0.0
GA88	0.050883107415743575	-0.0029715984999005947	-0.00723397626795846	-0.005725285808015548	-0.012363390344829491	-0.009090368164419415	0.0008343946154157456	-0.0032336157619446055	0.00026726365737855535	0.0030306942507014414	-0.0036773809127483427	0.0004939789915138033	0.002713342478385774	-0.005794692961114155	-0.0002731141994402565	0.004283093196055685	-0.0004045778512483676	0.001258467901559603	0.005867109917683146	-0.010521805899424	0.002367884808516102	-0.0005855193263613644	-0.0007826060519477669	-0.00041670898383417326	0.002856368857959776	0.0012320213086987242	0.007205145623141437	-0.0017687166113252908	-0.0008169573430153781	0.004226271217626933	-0.0013714757140012692	0.0011083897401153843	-0.0002749508991328107	0.0015240602352521496	-4.103870619151712e-05	-0.000918714497007958	-0.0013569704175705284	-0.0015260674319323552	0.002186603942215017	0.000674261074251102	-0.0032869901917307355	-0.003524432656270662	-0.002623948973251506	-0.0008727736611700257	2.2199300778260637e-05	0.0010244393687627912	-0.0013143514087663398	0.0021237125594690694	0.0003197280534202158	0.0005771657608004467	-0.0004060774609412885	0.0013542154264357448	0.001990794176010589	0.0010461487674092872	-0.002386880834144886	-0.0024994947252228185	-0.0010422173777649044	0.002049684576244127	-0.0003092539439258645	-0.0	0.0	0.0	0.0	0.0	0.0	0.0	0.0	0.0	0.0	0.0	0.0	0.0
GA91	-0.146014328339787	0.01892489104895116	0.014271794454228388	-0.00113635004625354	0.0032308395979860666	-0.0018292607734267186	0.0008922287031010013	-0.00424740595611286	-0.009291684275368802	0.005342762084959281	-0.0014863466254665214	0.0020472336637951784	0.004741699241678668	0.004802649787005253	-0.004006482005830385	-0.0023395895193785757	0.0008471840269955918	-0.00010771882808907026	0.0019782031485517156	0.0030835903380784483	-0.0018419469232985768	-0.0017693473110943114	-0.0012095089768277727	0.0025581000117704026	-0.0044896925686506725	-0.004856298625455188	0.0007766501755733934	0.002406157513195912	-0.002355765359208782	-0.0037423137818146783	-0.003312665352791353	0.00014567896574355291	0.002102285761928903	0.001457336296561667	0.001961345227878198	0.0012201261615608743	-0.004609557459261872	-0.001499785554152818	0.0013736037059641183	-0.0019418920533731847	0.001008198498084817	-0.0031940685815792743	0.0008269256059677627	0.0002191082600282383	-0.0027666622991334255	-0.003349720011502139	0.002627092597048044	-0.0032372422591508926	-0.002858540978691697	-0.000998956972120503	-0.0021656403378064403	-0.0013319001574474394	-0.0003998842389300705	0.00024667994819647774	-0.0008921717025348356	-0.00092815541854735	-0.0010437202316760227	0.0015155979158993779	-0.001153465077171008	-0.0	0.0	0.0	0.0	0.0	0.0	0.0	0.0	0.0	0.0	0.0	0.0	0.0
GA93	-0.10725782037666666	0.0028752564698696598	0.002948983388689023	-0.01773170410364208	0.004367600628055789	-0.0018132709060644835	-0.0009841456112133324	0.005732652058150499	0.004405221915358726	-0.005226220180127993	0.005515195510968449	-0.00148088100085015	-0.002246070321542171	0.0022824675327280937	-0.000460214429606411	-0.0021956694508575812	0.0016484787183627917	0.00469021608109157	-0.0013109836454541514	-0.0039821858200943345	-0.0023695402603474487	0.0007881490033905526	-0.001094589941998278	-0.0041323043576417555	-0.0017698635273952416	-0.002285388599766627	0.0004959451373331074	-0.00413501994869932	0.0021459203003255187	-0.0007141646898709523	0.0008489863488928924	-0.0014171730692527156	0.0004019465953635629	-0.002492712599782031	0.003514829211240261	0.0009909679586882544	-0.0020629025279351844	-0.0037556202513072717	0.0018702878698488488	-0.0015993202625882424	3.206531812651831e-05	0.0043789195296216905	0.002245552920475147	-0.0006705601838736192	0.0008720845562964996	-0.0030929703752270543	-0.0015424660021067372	0.001382367005209649	-0.0013549288639020888	0.0006329099936475726	-0.004358798325819941	0.0022620542059732384	0.002177625416632168	0.0006262211640403069	0.000722857658127178	0.0008368289524411329	0.0017275321722142096	0.000766282844489649	-3.228210678830331e-05	-0.0	0.0	0.0	0.0	0.0	0.0	0.0	0.0	0.0	0.0	0.0	0.0	0.0
GB106	-0.1570013285420752	0.0263182393257076	0.014529306717226645	-0.00030636549441573124	0.01195206187825885	0.004887542792653277	0.0008640080439162959	0.005309516808078987	-0.0075173430724681575	-0.006371255025427757	0.00034102555933606266	0.005591478893143013	0.004099978125598182	-0.0014761325032627945	0.0012043669451858889	-0.0013774125089947588	-3.444835577985631e-05	0.004184256932328763	-0.0009412495516358668	-0.0016840406484073239	0.004696824629418305	0.0006600818900230573	-0.002644884296433291	0.0022083608678374438	0.00040634755036761475	-0.0011043830694978524	0.0007982697267682777	0.0002098520032051862	-0.0006381849195572557	0.0008446973312903978	-0.0012949121428529517	-0.004734510108600898	-0.0014586106717183155	0.0028722847450066273	-0.0029942847710890345	-0.002788268362800063	0.0018248463366905068	0.0003282129037285137	-0.00241541998235037	0.0016082179458747061	-0.0004898322350250491	0.0011469929288525735	0.0014588579152774502	-0.0018938730758948927	0.00010511745686104787	0.0023531692932071235	-0.0016921221500184886	0.0025265211715999533	0.003185130988930106	0.00029789039935311604	0.0004964596205055016	0.0023609353194081664	-0.0018096009242889208	0.0001688640559851084	0.0028802298382732054	0.0020668250118322275	0.0006025732162976414	9.835747668271375e-05	9.432774257121384e-05	-0.0	0.0	0.0	0.0	0.0	0.0	0.0	0.0	0.0	0.0	0.0	0.0	0.0
GB107	-0.1729834243824623	0.015826197533886265	0.012730266252963264	-0.029614656371990816	-0.01681246195711366	-0.015433221512465945	-0.00034342181038580637	0.007211961981805041	-0.00010900306690374516	-0.0032052118839303967	-0.006418421584340409	0.0020596255263654424	0.0036826371369850738	-0.001737310089644672	0.0010994126786915428	-0.00016635270423630985	0.0013892719335752792	0.0006474990464796015	0.0004579025633852084	0.0001031771911846244	0.00045787405052416443	-0.00010551810061683	0.00037342274021076594	0.0013203071450731084	-0.0002983158334026085	0.00013503526040757578	0.00026457180733625163	0.00048325580536894187	-0.0010013793439040439	0.0010202768894643	-0.0013890065023647873	-0.001942779488837617	-0.0013445750525533495	-0.00012485328189708236	-0.0004237638142063041	0.00029946811430974244	-0.001231947702732999	-0.001473867108619867	4.7658398993946826e-05	0.0006791467705455947	0.0011092897145637186	-0.0017753917564640237	-0.0006135379005660379	0.00020647588863909023	-0.0016233934191930903	-0.0006048220553600127	0.0002114360718826709	0.00034793245748062187	0.00026414528453126094	0.0004261382989494372	0.00010856631148676129	-0.00010360552206346929	0.0002336698470035214	-7.284660116134415e-05	0.0003820183778417176	-0.0007960160679450581	0.0004164846758435714	-0.0004376114036590344	0.00021680068441199034	-0.0	0.0	0.0	0.0	0.0	0.0	0.0	0.0	0.0	0.0	0.0	0.0	0.0
GB112	-0.024620802746966958	0.001158945333581506	-0.008437267572000461	-0.00429553484296671	0.006110535055856646	0.010721379678338595	0.004973485936940785	0.007456977389027042	-0.003840526188403724	-0.0003796100996995762	0.00508496050927425	-0.0034101846711653274	0.00017800196214968095	-0.0006137261682608182	-0.006400910743630795	0.009507728695425316	-0.006773794869857581	-0.002284009930868816	-0.007032660802160086	-0.008033800088868483	-0.00463371204014888	-0.001546856665644887	-0.0017623167513522045	-0.0017209294223790958	-0.005110338755056763	0.0010587855691677104	-0.007777052158147445	-0.0008007182881529582	-0.00429784022539997	0.0024330525512986324	-0.00572058514992833	-0.0017244482840487122	0.0011229783660623958	0.002176791704220855	-0.002459323359492811	0.002235963049735693	0.0010363832624937712	5.788000608140088e-05	0.0004322444960444276	-0.0008570588903155532	0.0025753840409884314	-0.0043080570859612465	-0.003381465099059636	0.0013569103648849979	0.0015052264897191623	-0.0018494614496996718	-0.0007096545858038251	0.0007582423699767492	7.66391321312462e-05	-0.0007452085054700051	-0.0009360730273934154	0.00046539888779215734	0.000562620507957663	0.0004668283727884903	0.0007469422212924555	-0.00019341718744076745	-0.0004700656148209991	-0.0007691311025375716	0.001109635069053987	-0.0	0.0	0.0	0.0	0.0	0.0	0.0	0.0	0.0	0.0	0.0	0.0	0.0
GB116	0.010776109828642074	0.008947264472166346	-0.008078557148961794	-0.008454548573055507	0.0012655543756857073	0.006640147620050082	-0.00010439767771580279	-0.0005460142325207112	-0.00238189839040776	0.0023401901685594063	0.0008247114361858922	0.000573735254447644	0.0014148314030821138	0.0023013641628020372	-0.0008759464505978627	0.003494211576027066	0.0011196525269103889	0.0021983813637222434	-0.0006832612545040207	-0.0011264456600765841	0.0019649859129095156	0.0007005678180267708	-5.452202673057429e-05	-0.005191513752027826	-0.0001416691312441621	-0.004247995762702574	0.0014846487943040792	0.0024526504783182667	0.0014614699182034698	3.737701699010303e-05	0.0027187980468921288	0.00031040409891045634	0.0005801719985514359	0.0017614616677171066	0.002651876722217017	-0.0021422399241925595	0.002150752331584556	-0.0007336394673320776	0.007158750961697784	7.077099751758793e-05	-0.0013880926311263331	-0.004215150656997584	-0.0009051632751357638	-0.004658156524630405	0.0018141338504725788	-0.000911050591574982	-0.00036882447670967897	-0.0007490887984627673	0.002747886350183789	-0.00020491793764805535	-0.0001346680634883017	-0.006009552098150203	-0.0016869031309939822	-0.0038661369880522525	0.00073306189515743	0.0021225470190992983	0.0006363112751741534	0.00025122882547506454	-0.0003903885603611198	-0.0	0.0	0.0	0.0	0.0	0.0	0.0	0.0	0.0	0.0	0.0	0.0	0.0
GB139	-0.0019084558584645686	0.007253526081775335	-0.009130359908477726	-0.013266937657530379	-0.00012970401729510357	0.006641653025321992	0.002521176508814546	-0.00057860209457067	-0.005597785260694903	0.00829496408649587	0.0038537664529959955	0.0015351578971649854	0.0006724958289684921	-0.0013933805681385749	0.00025750322063364874	5.758185264443045e-06	-0.001409394378386484	0.0023132845572681423	0.0022531613848705426	0.0008393164454586811	-0.0002998678453790944	-0.001020618102469689	0.0017670340404774031	-0.000309342480169599	-8.958931601760644e-05	0.00018407027031880073	-0.0007115931141331428	-0.0010390339808712778	0.00038987982975434025	-0.0001472690831115198	0.0010336622428472587	0.00044584810592183575	-0.0012998971885440633	0.0007216152326546826	0.002426770891025216	-0.00028956233101481293	-0.0012364463376647113	-0.0011765094749277764	0.00040501586127714265	-0.00027288304110252814	-0.001506531653734758	0.0026484921131206137	-0.001212250180821278	0.0016775459965181784	0.004019026524897708	0.0014408283477592835	-0.0006187694596878945	0.0014382840412437024	0.0005305088387744209	-0.000225655565971561	-0.0004359168710633194	-0.00021764982336591352	0.0008320649942071231	0.0024262450321340407	-0.0007801413481262866	-0.002245071553514871	-0.00023861598456383572	-0.0008849041449687301	-0.0012238055839617007	-0.0	0.0	0.0	0.0	0.0	0.0	0.0	0.0	0.0	0.0	0.0	0.0	0.0
GB144	0.04216343610367084	0.026712425173870014	-0.018028069168696502	-0.045691648323739224	-0.009685734915844776	0.0011043274085591444	0.0035199677526332267	0.011075470021435961	0.0076225439462652405	-0.004483221345379353	-0.002970838652189614	0.002992028680765217	0.0012062088020016117	0.00014682216547687725	0.0015300245760936353	0.00030746172285616824	0.002973886971552434	-0.0032932924062119063	0.0027610045955765716	-0.001547270249408805	-0.0018655014677301618	0.0014271079509282575	0.0007780699002615956	-0.000635021101623566	0.0013089469456208443	0.0003752044671176117	-0.0003476621991658762	-0.0023759575471213688	0.001013777491037278	-0.001099439622983278	0.0005285043796448885	0.0010753842532001186	-0.0012410709510264999	-0.0018064304015055588	-0.0004072595326856728	-0.0005881116209647517	-0.0007627350923826269	-7.47747828345232e-05	0.0018551032036695633	0.00043654160542768274	-0.0012360188463444704	-0.0008225989825985598	0.0002617910003656968	-0.0005887285163496309	-0.0016056336817924107	0.00011586309591645007	-0.0003076261801730551	-0.0004673853342314517	8.889656461014757e-05	-0.0011217578037049617	0.0007097423384671224	-0.0006991798729419183	0.0007979382592303165	0.0023132164847559198	0.0007586395281211902	-6.322471101546164e-05	0.0013588747551856236	-0.0004221915659636557	0.00045665790867694956	-0.0	0.0	0.0	0.0	0.0	0.0	0.0	0.0	0.0	0.0	0.0	0.0	0.0
GB145	-0.01632743273380885	-0.004480412113407952	0.00024263717559339426	0.013678693059443407	0.004317017086800664	0.006167475307133111	-0.0006317757214685969	0.002736404882258264	-0.0007066562394732253	-0.0033664291136433254	-0.0037257936217874573	-0.0017992681460764655	-0.00148011947377652	-0.0036415040459011243	-0.0015667645332562506	0.000544675032593949	-0.0029761489528375047	0.002530281903192867	-0.000526662853131529	0.0014431078656634325	0.002486355478225492	-0.001192416886517953	0.001665958021198438	0.0061121639477352	-0.00042554454665116566	-0.0009910256428785134	0.0016396715710925323	-0.002294192259767654	0.0030677972089617725	4.854611142626319e-05	0.0008994148723936422	0.0014895416537154236	-4.849017206680249e-05	-0.0007965457059911057	-0.0007548490685489416	0.0010864536752307542	-0.001969646680513248	0.00504522287090706	0.0003454507672286911	0.0028310956910500263	0.0037657544017947737	-0.0018067006494034011	-0.0014158709979124357	-0.0014067278005248903	0.003983219749472988	-0.003581684838625969	-0.002041219184035934	0.002691340471173844	-0.002531452385129118	0.0029304578265754097	-6.96306940102523e-05	0.0010332208218823107	-0.002173852217430811	0.00034675886436962683	-0.0026678766397139264	-0.0006623970835510507	0.0030588224630372844	0.0002740909004740504	-0.0010606177667964174	-0.0	0.0	0.0	0.0	0.0	0.0	0.0	0.0	0.0	0.0	0.0	0.0	0.0
GB156	-0.1320372092926316	0.010702991012375105	0.017545970092450732	0.001918269538272947	-0.0040905404155760945	-0.009351317070129329	-5.494407302358795e-05	-0.013176462842332655	-0.006347722540142808	0.007704668284563448	-0.003074417857206937	0.001482405815806548	0.0019491624424582076	-0.002806562786123208	0.0008783001782227226	-0.001720026970294037	0.0014088591986764973	0.005536348751878525	-0.00039208154231876245	0.003183031858103486	0.0030561925466375496	-0.0027004559724411047	-0.0004989822247104845	-0.0031425525648165996	-8.380303656114397e-05	0.0007169265340579726	-0.000687853373420788	-0.0010928168424635552	-0.003179584347142149	0.000572090140104208	-0.0008223803296533436	-0.0015632738683668231	-0.00019224838892130662	0.0015377554374467477	0.001088156695866274	-0.003143531579958234	-0.0007554929190705033	-0.001893899093927038	-0.00043194633490628223	-0.0012349244349150064	-0.00146752539130461	0.0008806194239436778	-0.0018486092052464346	0.002373520760205822	0.003392321740290039	0.0011684283032995862	-0.0009980812395712073	0.0011779606133534128	0.003043485869365403	0.0015408207657298019	0.0003038878750666026	-0.0007590120845272802	0.0011140458586190334	-0.0008197028822291448	-0.0006500788570157092	-0.0017500184580582915	0.0005499982448013382	-0.001544479600285194	0.000975606092610333	-0.0	0.0	0.0	0.0	0.0	0.0	0.0	0.0	0.0	0.0	0.0	0.0	0.0
GB160	-0.008040722805953826	0.002733109940747349	-0.0041550759045311915	0.003580916292182153	0.006455003044109774	0.0106367538591819	0.001728989526626379	0.0045605084829182675	-0.0014344429878677943	-0.0006078621620011393	-0.0031935258838321034	-0.0005575957356442319	0.0022217563075711943	-0.0035689462420942786	-0.00301326552799169	-0.001225447146026994	-0.0016437574877897763	0.00030796925949613173	0.001730091516586511	0.004886905219233751	-0.00036027501156038965	-0.0029307145919454623	0.0041410103051046235	-0.008660906812658168	0.002721523459833959	0.003965442653557158	0.005843017454683806	-0.002084697345583216	0.000557736363886849	-0.0017929405222252427	-0.002768266942445459	0.0023075993345055643	0.004598316620362399	0.0019430966225038658	-0.003544760391912808	0.0018678593735924577	0.0016151814966057832	-0.0057711414076445115	-0.003960083099512193	0.0032845978904888318	-0.0011085778738846753	0.0012121563225386467	-0.004234062066779495	-0.0015337448584594117	-0.0007893039366430705	0.0014181444332471188	0.0034016997215853815	-0.0007342550985119052	-0.0036623926104522695	0.0024205138482928574	-0.00015338675841479793	-1.7834648345178047e-05	0.0006327506266451734	-0.0007163901129989002	0.002644857557697406	0.0008482279054087119	0.0002845335858029385	0.0008371408087071	0.0004360105831484944	-0.0	0.0	0.0	0.0	0.0	0.0	0.0	0.0	0.0	0.0	0.0	0.0	0.0
GB162	0.028742469662005766	0.026841894235833167	-0.014409569873539608	-0.027364808875178986	-0.0002732206270449023	0.005360889866784349	-0.0008571997817345524	0.0022413288478021604	-0.0007601745106190678	0.0003330683708267716	0.007747390830086104	0.002169197081868955	0.0018415113496599545	0.0025162731385028544	0.0013919388034460774	-0.002753215265939778	-0.0012146462269509066	0.001956393950755585	-0.001222199123302957	0.0021517184019300846	-0.00039605842641139444	0.001739295473451665	-0.002257128878794452	0.0004348025247025655	-0.001450572324340348	-0.0015747336035590212	0.00036094551784424003	0.0025243144037268646	0.002225468533841482	0.00020774575845217735	9.868464330796508e-05	-0.0014848297503105281	0.0013620330652302792	0.002501020454536665	0.000522303370286921	0.002974136288108989	0.0015658849170339768	1.332526170687872e-06	-0.0030998306266508346	-0.00033401509021045755	0.0028588249088344355	0.0025192324567156472	0.0010563283767451505	0.0006473155197634067	0.001982693758409517	0.0003559531064976982	0.000818593621101042	2.840383177921508e-07	-8.302228142061032e-05	0.001167759007992896	-0.0010947620654871391	0.003319225966884284	-0.00214058831894297	-0.00244772683840258	-0.0016890722900716473	-0.0003745897617197376	-0.0014809162652247184	0.0012281312380003422	-0.0009375678461764393	-0.0	0.0	0.0	0.0	0.0	0.0	0.0	0.0	0.0	0.0	0.0	0.0	0.0
GB166	0.05750290322669837	0.015072945431476869	-0.005291008014809935	0.005392455466966264	0.0058305221147678605	0.003947728487012654	0.0009594758012885623	-0.00236734429882223	-0.000863589531132787	-0.007989707647246888	-0.005602175973975375	0.0005916913427936462	0.00026237477932534244	-0.0017719542697440865	-0.003344512499142804	0.0018153006518582065	-0.0018582603563356396	0.002253909725454261	0.0007457356900745322	0.006894756189748111	-0.0015235615030091986	0.002020144116132568	-0.005912071912046894	-0.0022471251128323563	0.0003672462753996194	0.0016240054393226692	0.0008780861928009964	0.0018512639146942012	0.004100415756851905	0.002598219520380863	0.001967912694092469	0.00048915875077383	-0.0013518591047256092	0.0028235797243424746	0.0018944899297713093	0.0032493789357404667	0.0034989823583497603	0.0015328103673641594	-0.0026611407659379474	-0.0023891522912681913	0.0027702960255374704	-0.0025420825155349673	0.00343102210951318	-0.0022492789216917706	-1.6539062406399265e-06	-0.000866530004892866	-0.0014188318210226955	0.0005917779086876545	0.0017488108927636524	0.002191204001480334	-0.0013561406290873259	-0.0021463794975689608	0.005827472037185724	0.00169902573098285	-0.00044567333734002056	7.287848949296798e-05	-0.00012206041847250516	-0.0005287149544260703	0.00021605949582764828	-0.0	0.0	0.0	0.0	0.0	0.0	0.0	0.0	0.0	0.0	0.0	0.0	0.0
GB167	-0.0773546281544901	-0.004834196175194527	0.01406588788385441	0.010889674424182937	-0.003347346076437096	-0.006736523864663609	-0.00433638010387267	-0.013281743821046634	0.003131901028776054	0.001919169091574593	0.00135437055550817	7.77161824991888e-05	-0.005177478130068725	0.00037617237127919345	-1.7615272674676741e-06	-0.0019460543365913499	0.0012072153611460267	0.0015987912018109525	-0.002620101853855515	-0.0010121390907896432	0.0017753928987661865	0.006836491608703164	0.0015002910279646522	7.584120524629692e-05	-0.003257295361953125	0.0006726873845095638	0.004476674242666171	0.0035954924481819213	-0.0019496459877691168	0.0026300108341810774	-0.0027896250511474513	6.39897787663049e-05	-0.002296159208798637	-0.0036854000816955858	-0.004429735137807218	-0.0016715369082189882	-0.00015239625999912836	0.0017679333951341916	0.0035267254367100293	0.002744086530854448	0.000694751098204312	-0.002227451254610264	0.0005783389757676685	-5.847979194724365e-05	2.281909566448953e-05	-0.0022528371052772233	-0.0007392274246559915	-0.002053272794377769	-0.0003081098907294843	-0.00012196684505035279	0.001188492771222729	0.002267880288642272	0.0014754474030931224	0.002902857280525801	0.0016043401700546098	0.002745492689019502	-7.339632329518193e-05	0.0012364457698613124	0.0005604045684136052	-0.0	0.0	0.0	0.0	0.0	0.0	0.0	0.0	0.0	0.0	0.0	0.0	0.0
GB170	-0.016120594774122903	-0.003446397456292604	-0.0015718861944674862	-0.0016922464558488477	0.0005852801273184144	0.003260821585131126	-0.0006354581705312102	-0.0014649690630289972	-0.0017199858395529652	0.0035603173482289707	0.0001508416564404075	-0.0003075119376731276	-0.004258623138275683	0.003135159816624875	-0.0007272747617429261	0.004563037664511416	-0.0017157020983349374	0.0015599960975662876	0.0027478757177617492	-0.00032525850949496107	0.002742792444827202	0.0036717299471715854	0.004624521306693176	-0.002480338317447683	0.0010856342270976743	0.0028244437492959277	-0.0028073890218229093	-0.0023627636128557843	-0.0008857341497122439	0.000987904014115264	-0.004623021627746549	-0.004368203959294214	0.0007256375805366249	0.003368909864804794	-0.0009107911244479838	-0.003427292317915745	0.004918083751417538	0.0011952250973569205	0.0022875395449717777	-0.004293413791571352	0.0016996826542402218	0.0010830892493337995	0.007161538562435886	0.0022010327081144507	-0.004812834539377891	0.0017345403456694743	0.0004223575782526709	0.0004639177094183909	-0.0008079169694322799	0.0025424837000524543	0.0024930515289726474	-8.96693616302712e-05	-0.0008244726378640964	-0.0007424967367099641	0.0004830168668078409	-0.0026424548758707707	0.0010551333323580716	0.0007082031121068353	-0.0010525954120830204	-0.0	0.0	0.0	0.0	0.0	0.0	0.0	0.0	0.0	0.0	0.0	0.0	0.0
GB173	-0.021297922640818263	0.0008856656126913078	-0.003158792296525116	0.004101781034691097	0.006921273224106916	0.011415268372881858	0.00561335943248713	0.003960953954331672	-0.0030332226315434737	-0.0009716478518078212	-0.0050951127634164	-0.003272056298086818	0.001616806578574724	-0.004386735282101331	-0.001438731434517855	-0.0022694310625075258	-0.0037465256595080845	0.0030627628646187556	-0.0004096005058880808	0.0020763828371077923	-0.0014612032403135515	-0.001676708828810382	-0.0025528938223813836	0.004413063724677853	0.0009084626449778478	0.0008815366531279628	0.000860355617240834	0.004129177696171508	0.0009134178674914423	-0.0013583357363590334	0.001493084420758652	0.004340501311042989	0.0015491005290018548	0.000699554242248016	0.00435014896261904	-0.0010656386583711085	0.0012278037235571681	-0.0005587613929029919	0.00010938157831218293	-0.004972190823443329	-0.003349234669046672	-0.00043555014588254133	0.001184264815896367	0.002020724806369233	-0.0022815352994296476	0.002140069052448428	-0.0018818786744877385	-0.00012772841510120907	0.0016889995396528138	-0.006941100981381296	0.0014206124598256818	0.0018659436652909798	-5.851047242857949e-05	0.0009365657297151308	-0.001098473904273654	0.0011128268817493243	0.0010702135411602735	0.001084625177403479	0.0006985884070249595	-0.0	0.0	0.0	0.0	0.0	0.0	0.0	0.0	0.0	0.0	0.0	0.0	0.0
GB177	0.03816007857100118	0.0072908123577069455	-0.006541496382179851	0.004964852572040901	0.002739969596801861	0.000668279095100848	-0.001202613636131725	-0.0008764717215789065	0.0008128723666964113	-0.0007053051479815345	-0.00036655279396695297	0.002335073618634859	0.00036967293944054747	0.00201539051765827	0.0030841817638505077	-0.0013216052990495941	0.003015835345918381	0.0010589137530313585	-0.00046956923723257205	0.0015647852650811827	0.002342002096316123	0.0015527183356192418	-0.0018707033134928355	-0.000971526033867225	0.000716622351452194	-0.002622130749772163	-0.0028192221614992087	-0.001213559740837014	0.003409232887366468	-0.0015744747312599098	0.002202202160858248	0.0017896938685706602	-0.0009342781035447788	0.0005797202447858131	-0.00035360963019636537	0.0018955015236587444	0.0004994395595458525	-0.001079796663801362	0.001177296491589121	-0.004325344078076756	0.0013966216380753918	-0.00048137506842772375	-0.005589285716163515	0.0012078284014693042	-0.0013801098746667024	-0.004823189697996081	0.002528147215559795	0.005309132422435443	0.0013295086927243278	-0.0005689490549327488	0.005826702828895439	0.0012927848763320347	-0.0017017651859463246	0.001988011681270996	0.0026426383421800635	-0.001553868286651816	-0.0015299177489531178	0.0007966382910360808	0.0002096991597986693	-0.0	0.0	0.0	0.0	0.0	0.0	0.0	0.0	0.0	0.0	0.0	0.0	0.0
GB188	-0.12342608922611227	0.008235323792526231	0.004186370995045693	-0.018952741505254948	0.00288881141541713	-0.002581092199601769	-0.001663962438139772	0.0059830885933012815	0.0050036868300979065	-0.006218032014674692	0.007604473387472286	-0.0017712458558046473	-0.0021459380086836398	0.0019324417943904625	-0.00018649165854872862	-0.0037261558045393614	-0.0008405952072275833	-0.00248361152065428	-0.00223225589648797	-0.0015502071949915013	-0.001031987839276118	0.005142699795747826	-0.001261758612332157	-0.0035812128910807824	0.002093443449076609	-0.0018543456770026125	0.0020284934120964214	-0.001499379151770879	0.0015894743671925335	-0.0021958974723093635	2.106389310736932e-05	0.0021032797876668783	0.00021664746493835283	-0.0007877370755766675	0.0006732071174923171	-0.003324955614229538	0.002423417789449132	0.0033379272526312355	-0.0029811055212690604	0.002048410310403066	0.0002048674103226855	-0.0029023144457827293	-0.0010556062778207466	0.0009652571209246067	0.0002462407419870805	0.002379608824378216	-0.001966450902421648	-0.0036650540291430665	-0.001034169724948196	0.00021743763685359467	0.004108814906890904	-0.0004292927045560227	-0.0007223661510815379	-0.0012471452437905531	-0.0035683201222705603	-0.000782997143500092	-0.001270040943967854	0.0001622289108122456	0.0009525133290405173	-0.0	0.0	0.0	0.0	0.0	0.0	0.0	0.0	0.0	0.0	0.0	0.0	0.0
GB190	0.007022861046862563	-0.007665066940619252	-0.0024464468327904396	0.00907382759329563	0.0002115205167097296	-0.006898642898666071	-0.0022243354967674545	0.0028055199239725047	-0.0001467419900190042	0.0047049024648013835	0.005485928028917819	0.0014977995137255545	0.0025217928630323887	0.0011927273162247733	0.004198759522101972	-0.004356026624653152	-0.0007531968513810754	0.0012549172526412264	-0.0017950116173052635	0.00012305804630600493	-0.0008915161280430027	-0.0004810428877269662	0.003534432504827056	0.00212778947704686	0.001129169924172493	0.001503397956653227	0.001633909952271534	-0.0021267559065660108	0.001850156619465549	0.00443933909424217	0.0024113150198348094	-0.000556322658667643	0.002046151993192407	-0.002124759630968391	-9.503146482795825e-05	-0.004568347697197488	0.001467601143614533	0.0015873238674316177	0.0015589051812770123	-0.0034580210854880866	0.006384718547541217	-0.0006977587915601659	-0.001826236699227412	-0.005075879584002546	0.0014182579191379283	0.002304497665582919	0.0031376885496165715	-0.0022634838285857215	0.0010923871514310238	-0.0025120742026673265	-0.004289595148468936	0.0019731371259395503	-0.00013074546132800705	0.00021176866733726258	0.0007816718397097516	-0.0020768631204577475	-0.0011648290221345956	-0.0007812719074736968	0.001007641136026782	-0.0	0.0	0.0	0.0	0.0	0.0	0.0	0.0	0.0	0.0	0.0	0.0	0.0
GB192	0.08605374940713527	0.014982515698722384	0.005550616894057874	-0.0047794506005033165	0.0024606199367749903	0.005817810619710749	2.1837568181898877e-05	-0.00841623624306064	0.0012399612320637622	-0.005070623644663146	-4.422054157795764e-05	-0.0013307730233308814	-0.0019212494559501076	0.004136875267369528	0.003667163373206499	0.0012726325715559429	-0.0007522801873927651	0.0005684678198825537	0.004613577409372337	0.0012937112066166313	-0.002669157019719252	-0.0026951145930430584	-0.0017659075722510089	0.00022353037247315434	0.0010228066853129095	0.0013721592870870004	0.0003158299406706844	-0.003428199081351631	-0.003382109085577417	0.002710575618587172	0.0026608598433382124	-0.0018022840331979766	-0.0023949509287284495	-0.0015916377484790916	-0.0007041944660021765	-0.0010891682491466189	-0.0044341282351751795	-0.003338567930950982	0.0015472771649233355	-0.006357998232793286	0.000830592122410479	-0.0027854676224274436	0.0009540061646709166	0.002887243815440573	0.0052185438953907815	0.0024588136235057386	4.8456049651788796e-05	0.0005847150051752963	-0.00412895229333284	0.0020181059948841313	0.002173922353029464	0.00022307723917307814	-0.0018134428793702567	-0.001183309625009574	-0.00012996803596851362	0.003652098428462554	-0.00026139751277106835	0.00024471314302635934	0.0006344767354665699	-0.0	0.0	0.0	0.0	0.0	0.0	0.0	0.0	0.0	0.0	0.0	0.0	0.0
GB98	0.10033939194325875	0.011792251660723457	0.008420322619560225	0.01200684517013312	0.006674909800418815	0.00019763770681829315	0.0019279374158060318	0.007220863967132834	0.012305912848588086	0.00866491379426624	-0.001848466373681864	0.003679938540941605	0.0019962579369831347	-0.006245241020363762	-0.00017162349389745945	0.0020373469026398116	0.002935880955631899	0.004001491401589904	0.0014783198684014736	-0.0008984904529887212	-0.0039131277045881705	-0.0007087102590714564	0.002821273710514726	0.004279312586377185	-0.00229498901969346	-4.78378373245278e-05	0.0033049845985130494	-0.000679514169094263	-0.0007839610959956226	-0.0009263527565544943	0.004923154667164059	-0.0031512612372902662	0.002224427063056961	0.0015958927319255456	-0.004287401388200192	0.004198549396067051	0.0023546346953904783	-0.0006629163301653402	0.0002145785628845773	-0.0004768612318768497	0.0007727004030505778	-0.0027311531010211104	0.0006014283896682755	0.0011710485538841454	-0.002864110428752628	0.00015893747243667322	-0.0032006163220336084	0.0004940971442493116	0.0017838669323068513	0.0010633904039381967	-0.001400869551796082	0.001119348343566642	-0.0016098307050881786	-0.003387966107326565	-0.00062231501437861	0.000433123714921982	-0.0007882697504625252	0.0004578542893738306	0.00033017536034283976	-0.0	0.0	0.0	0.0	0.0	0.0	0.0	0.0	0.0	0.0	0.0	0.0	0.0
GCDF195	0.029395851775917095	-0.011628856637445149	-0.0111929284008542	0.003960579357614354	-0.005523428010701775	-0.014319937113343256	0.0024061046813585616	0.0027159907263282494	-0.007451963681598735	0.0063526169445314706	-0.0092799719406795	-0.009288941189858547	0.00596456588654322	0.009683522962506451	-0.010556669153158948	-0.003927686779289733	0.00039566963993483784	-0.0028340449884065593	0.005194666761490613	0.0008578641923334509	-0.0051521210127240665	0.004518599426777469	-0.0011128886629741873	0.001266499411523499	-0.006142107183861867	0.0029294902389123485	0.0008294293571466021	-0.0047007213681318485	0.0003625718082754472	-0.00608820813603907	0.0024237307688586224	0.001050274112044675	-0.003376270904515909	-0.0010829847866580939	-0.003168090471859991	0.0005917498792922998	0.0018232286679262385	-0.00010894836386858691	0.0011599078735124683	0.0003335598492173518	0.00213218589386767	0.001362862252597065	-0.0004969060921320472	-0.00022368328209431475	0.0011272353760877984	0.0023004396261300324	-0.001709353722827555	0.00024935198033421873	0.0013579171195616418	0.0006026100396442199	0.0012115548621801785	0.0008490068276432793	0.00037102724607542096	-0.000357625665156081	0.00023218412529285804	3.6279808636027106e-05	0.0003642598645177188	-0.0001229833975275793	0.0003232764644434888	-0.0	0.0	0.0	0.0	0.0	0.0	0.0	0.0	0.0	0.0	0.0	0.0	0.0
GCDF198	0.05194588737010275	0.014265926870214652	-0.004816305374092004	0.0013247568520372802	0.003717918330617611	0.004358727519948546	0.00045660397651221254	-0.00429563902448521	0.0025406870982048898	-0.005031821173177363	-0.0025308543089371566	-0.0028404703313636803	-0.0016575120165078813	0.0031881513241555706	-0.0029335818786284116	0.006423208227618934	0.003561230448464449	0.0002601866407437054	-0.0002585911216380307	0.0056406225844919606	-0.0024624590915848766	0.004524372357374332	-0.0012967744766129753	0.0022861451457307424	-0.004359309111517627	-1.0386719491992364e-05	-0.00033822820900805873	0.0004484996403729109	-0.0004757963163949228	0.002581339140100938	-0.0009270732670605603	0.0013957890183695855	0.006623253038085615	-0.0012547938831482574	0.0033218226955147663	-0.003563818615115784	-0.0025652738711264365	-0.0013374802857504537	0.0022108647632326883	0.006636566302050707	-0.0038631466253662345	-0.0005924140146741861	0.0002769528053552662	-0.00028212882311704526	-0.0009176021290193372	0.0033260169166396004	-0.0012792571314101896	0.002167396186811334	-0.0005879558388681925	-0.0006146116855961698	-0.0014394214242498806	0.0016308974421957794	-0.003923231694002968	0.00055385737127709	0.0013865047527682126	-0.0017477109733673873	-0.00027836033781620774	-0.0013474548727979321	-0.00012732342806899902	-0.0	0.0	0.0	0.0	0.0	0.0	0.0	0.0	0.0	0.0	0.0	0.0	0.0
GCDF205	-0.040881886653612386	-0.0007828199037054745	0.0027917793519189205	0.004465874736380201	0.011264528420145718	0.008600273424019055	0.0030442164378928255	0.0063907493664593015	0.0007150281824290073	-0.005900178135560381	-0.00610352670492538	-7.783056008999583e-07	-0.00016641502177522588	-0.002524355844364748	-0.0011329055237922973	-0.0037971366010494515	-0.0033345008183301964	0.002732930907231863	0.0011896404974605032	0.004372723851487699	0.0005586983192485042	-0.0004007731863971791	-0.0013949426946281264	-0.0033539799371301907	-0.0009877168576504583	-0.005593943771636063	0.0005851066670743186	0.0032746227840521345	-0.004359147077817811	0.0023854707564635873	0.0013575356557884364	-0.0014136225353764118	-0.005687898607947376	-0.003861779101235677	-0.0020475123389222527	0.0026305379270710845	0.00586904501674893	0.0006876374956524379	0.006276033303045334	0.0004877016852570925	-0.002122113961973412	0.001425821179914751	-0.00037754909890817063	-0.0002713442008671599	0.0007649966239995961	0.00202279565539196	0.0013624112853796617	-0.0014908511216402168	-0.0014963305445573182	0.0021073323323774163	-0.0008888137229769828	0.0008324698229890894	-0.0009436884017290469	0.00238354393956843	-0.0011790019335004144	-0.0007370214617726663	-0.0021255326383989945	-0.0008817516254181375	-0.0005516029500160913	-0.0	0.0	0.0	0.0	0.0	0.0	0.0	0.0	0.0	0.0	0.0	0.0	0.0
GCDF212	-0.07067308977462697	-0.006162429501261048	0.007538261590492716	0.0009412852851173434	0.0033220967365259623	-0.0033389281971498083	-0.0023533314817589194	-0.004771928659478447	0.00037454011085396905	0.0020516470744018573	0.002254179833811307	0.006833350834761918	-0.00018519687010655578	0.0006860805295040172	-0.0066661167935479285	0.0016057705970622216	0.007770824530494801	-0.004880904424693903	-0.0036148176528147564	0.0012620533267853973	-0.00036510312198523184	-0.004629277296147894	-0.0005484104908857595	0.006376373594432489	0.003652201963448218	-0.0024784485617024682	-0.005003387513202914	-0.0014429875151201023	-0.0014666829701302396	0.0006280080226022563	-0.0010059302465667576	0.00414279847383281	-0.004782517115387235	-0.003395735526760608	0.0011470275033166652	-0.0010060787901190538	0.0068501212528322575	-0.0036846331450328096	-0.00486628888738579	0.000330083779144481	-0.0006260115927963809	-0.002653626947377454	-0.0008917028481336979	-0.002936793126592988	0.0012129524843173857	0.0018941678841715216	0.0010898512416686735	0.000712990585933731	-0.0005384346205129597	0.0012043562471429356	-8.123902060025631e-05	-0.0004506047896021445	-0.0012111505134669864	0.0003249718112967341	-0.0008623014240653422	-0.0002705870165220263	0.0013290684044575563	0.0011437449272389938	-0.00011189890083306953	-0.0	0.0	0.0	0.0	0.0	0.0	0.0	0.0	0.0	0.0	0.0	0.0	0.0
GCDF216	-0.013870115523385294	-0.008531431135030472	0.0027912355373710548	0.013790894821070128	-0.0009964266512796798	-0.0036595865585175268	-0.003150992487500563	0.001404451035204942	-0.0005858225451303616	0.001283010199356821	0.007042456062567971	-0.0011278245395676817	-0.0024095432776508195	0.0019637017672974864	-0.001331615831802322	-0.002380302286826939	0.004507608669692993	0.0011865373534068638	0.0016053175963074199	-0.0032940506471476837	0.0072866101352920135	0.0030192963750480745	0.002520740740765008	0.0007598569903503875	-0.0006762116952382049	-0.004880135250610536	-0.0015436751773525137	0.003290612391141496	0.007085593432064418	-0.0016724333299701064	-0.0018765886718084181	-0.000908830323473658	-0.003306073626905935	0.00040706809291460674	-0.0011419203706774734	0.005930490986013679	-7.234809475001456e-06	-0.0019463893116133239	-0.001403355262472465	-0.00037413572524258105	-0.0024597153419414213	-0.0006497300737605977	-0.0017123936808599817	0.004723600401271864	0.0003519900167873733	0.0032495462321490537	-0.0047935078613716665	0.0006426402315407867	-0.0029578802127863037	-0.0015863391147993094	-0.0027498101561210003	-0.0019213689378172138	0.0006849376840047664	-0.0006868526184501178	0.0015333830371708904	-0.00037531375942744866	-0.0006572177921587716	-0.0006723849918179093	0.00040430918365495013	-0.0	0.0	0.0	0.0	0.0	0.0	0.0	0.0	0.0	0.0	0.0	0.0	0.0
GCDF220	-0.007697577424515638	-0.003956696848671159	-0.015534510060643386	-0.0009443530212843967	0.005469496859396397	0.0076972425502950135	0.008189618233266492	0.010442516464905089	-0.009889905447439432	0.010604761514777662	-0.0026669852466230837	-0.017593420828710137	-0.008263864519844802	0.0003030542055779166	0.007813251173051903	0.0035716224691560833	0.006491419745618477	-0.0023003454211560936	-0.004421388060923799	0.0036017906220967904	0.0035378055394298443	-0.0050974873351533325	-0.001566674929903795	-0.0018109831718910328	0.001732165751775333	-0.0029834362381105425	0.0024001670127096497	0.0006548147708399493	0.001671009779041724	-0.0005591193458201365	0.0005802625714032592	-0.003989024776164955	-0.002243921554127319	-0.0020255379181884506	0.0007814223872059796	-0.0011322429168462366	-0.0030320112726981343	0.00028339146446144735	-0.0013978201419576246	0.00018300034574586375	0.0014318551302934586	-0.0012291737543223106	-0.000651805784691658	-0.0015228530476551166	-0.002486701214761234	0.000440650947522414	-0.0012613250171422893	-0.0012245257314366098	0.0007478343526048345	0.0020036622190043253	0.00019005393181131675	0.0008180305203181797	-9.706601312139039e-05	0.0006407432184265427	-0.0002600804016445819	-0.00036973515761754456	0.00017760986660538282	0.000470260347559153	0.0006674538533953862	-0.0	0.0	0.0	0.0	0.0	0.0	0.0	0.0	0.0	0.0	0.0	0.0	0.0
GCDF224	0.10081906837879774	0.012213570911296507	0.009870512018073265	0.002240532350792484	0.0017553153154159361	0.002073083565635021	-0.0012192391689357044	-0.0014803815324324814	-0.0013799702545155286	0.00023891171475186424	-0.0014798331606768963	0.0004994801570702963	0.0015198791106924084	0.0015844156285882921	-0.003904847058665805	0.0007952118889684694	0.0029999992840750254	-0.005308699115410905	-0.004163852497334516	-0.0029151415717277593	-0.0009502569190120447	0.0019827234016404688	0.004389487319340476	-0.0036580872490860335	0.00291215404000511	-0.007278916131194353	0.009422041193844665	-0.0010652142532944586	-0.005619952293135982	0.001699063658636355	-0.0040935597420949975	0.00306035863434467	0.0022639867744911656	-0.002046014237185398	0.0007464605961821216	0.006308709939323677	-0.0011211681630417878	0.0037009651557316343	-0.002407587411925659	-0.004555787320274169	-0.0003497017627656666	0.0033610089656963783	0.0027986016576741824	-0.0016899993033715655	0.002232609102824077	-0.0007474386552187938	-0.000897531520594586	0.0003883118806721481	0.0022667790802201435	-0.001264853520351233	0.0012799122924427077	-0.0005341607120862973	-0.0019821526327588506	0.0008352242255571959	0.0010263281457182027	-0.0011153429029692175	0.0005580234779479065	-0.0008348521144874878	0.00012852145401967365	-0.0	0.0	0.0	0.0	0.0	0.0	0.0	0.0	0.0	0.0	0.0	0.0	0.0
GCDF227	0.03799597140242507	0.006832768881630612	-0.008889796091957346	0.009713293870659346	0.0052743309426262165	0.0018106393088900986	0.0012526849602524396	0.003560275731051194	-0.0020797251439116393	-0.0012558610914708073	-0.00332031189074382	-0.0016929716101091482	0.0020305542869605607	-0.0017486859461526205	0.00947151153785259	0.007581936130090104	0.002169359281314194	0.0018595310383230906	0.004643065426449226	-0.002878777785314107	-0.0012872911921624893	0.003029664700092676	0.00021386834325012234	0.003801356869696926	0.00392310141157472	0.0018595256808384326	0.00205778462988041	-0.00010672032899185471	-0.0066136907436591995	-0.007427750578961293	-0.003682810707726051	-0.0014866466315969786	-0.002211874724147142	-0.002168167334682549	0.003923031412891952	-0.001461739829519227	0.005727604177071624	-0.00020732309784012536	-0.0013857269182249018	0.0026443864099758197	0.0035086811919457883	0.0017169707555291323	0.0005433179574310936	0.002655450797643005	0.0032919812013925604	-0.001117385510657512	0.0004554324567278449	-0.0006645587314578282	-0.0018776806216713464	-0.0033582301212918345	-0.001875575482269429	-0.001772111830529053	0.00033819339682517594	0.0006498297129759359	0.0009792209881691065	0.0006281381851406473	-0.0005065645676371793	0.0004786737290098527	-0.00013064626537385892	-0.0	0.0	0.0	0.0	0.0	0.0	0.0	0.0	0.0	0.0	0.0	0.0	0.0
GCDF228	0.1387262506452029	0.011998831256197216	0.022628918138334005	0.0068349947134876965	0.002682952049206604	-0.002478048268386775	-0.004285621101961196	0.009020245667687889	-0.005443421191444626	0.0021735629986040506	0.00872539875871808	0.004305327737442879	-0.000477286905391412	-0.001177943605131885	-0.00343423500308404	-0.00013547180371193125	0.006362051662527287	0.0024360857202403376	0.0033847839771162687	0.001220002954797259	-0.0032909283205222644	0.00021229581722135606	-0.004646570219720191	-0.0030832232868293545	-0.0013758569363707138	0.003857920730139463	0.00033936885353654	0.001866344846002107	0.003019643592974334	-0.000938315886197815	0.00028338109952937533	-0.001867479846223918	0.0022382920623310633	-0.0029178432202171456	0.002214007299867908	-0.001959662343172144	0.00041219065535174926	0.005562134837130594	0.00020270573403744394	-0.0018712494216953704	-0.0029913317742569227	-0.0029233911546454323	-0.0007468944772734556	0.0009419851625729492	5.480575544556141e-06	0.0012364364425475956	0.0035449248610733967	0.0018761277979825986	-0.0025287328872940734	0.00019356703661182968	-0.0009518812176001533	0.0001494903567099256	-1.1848676496754435e-05	0.0020281060157104685	0.00036230701408743833	0.0001508027776890345	0.0007070377615733971	0.00014625438784432403	0.0004023583426073316	-0.0	0.0	0.0	0.0	0.0	0.0	0.0	0.0	0.0	0.0	0.0	0.0	0.0
GCDF231	0.05517207846974018	0.0070331751352021915	-0.0058030945276167836	0.01504541496275414	0.005478681679578974	-0.004334367113518624	0.002403840535778914	0.009717212774912018	-0.002198599455329824	-0.0015687878756802866	-0.00305923262742475	0.0013253371323557494	0.0029455976415174714	-0.005369033133151563	-0.006922454920969315	-0.001248633289322231	-0.0006377080305162205	-0.003000117973581215	-0.0020707765785470396	-0.005968204277776975	-0.00010448957637348902	-0.002040868146076832	0.00445170134757413	0.0001564148378365427	0.0008167012102649636	-0.0004002301981070421	-0.00023109074571501853	0.0017052769383756538	0.006685110409900023	0.0034149367524606853	0.001614007058648821	-0.0035469664161439803	-0.0018692401330883109	0.0011809443041675598	-0.000494763274584122	-0.003802291796041366	-0.001744050085254603	-0.0008633021902282892	0.0010843924200603656	-0.0008158407966572835	-0.00011005773217175509	0.0014356231479086495	-0.0004055063652218223	0.003756760057943839	0.0022635613527376666	0.0005592505212931077	0.002287726117678923	-0.006146597529273837	0.000162569560634568	-0.0007516150760185974	0.001816903935856812	-8.764151423623606e-05	-0.0007589707604708285	0.0007841704168465048	0.0012852149568370402	0.0004281271121690252	0.0013531232639102232	-0.00011724623306504321	-0.0013386906333548486	-0.0	0.0	0.0	0.0	0.0	0.0	0.0	0.0	0.0	0.0	0.0	0.0	0.0
GCDF237	0.0890333359535829	0.011850768875079624	0.0053487070294976615	0.0035226549751830156	0.0015786855219897735	0.001137605487927874	-0.00014562043512676598	-0.003465375109582184	-0.0004061861014431284	-0.0018440543646839492	0.0024219346770157626	0.0017243237515485164	-0.0005124951097286837	0.001529246925343097	0.001300777727218235	0.0027516697447313504	-0.0008223881130604098	-0.0024260270567740857	0.00036520238113204467	-0.0004614026163936642	0.001128847746262971	0.0034265663382714285	-0.009444875520866173	0.0007577322833475078	0.0011485945449594972	0.002018521902241694	0.0011723241397872662	0.0037772571192691965	-0.0012736017931354914	-0.0002255206533628488	-0.0022271155832177276	-0.0007494729010291902	0.0006007658620630139	-0.0013983287739853707	-0.004365300272585346	-0.002774469243559372	0.0013951360464258598	-0.0014976018838619403	0.0012393492915114869	-0.0030371198889242003	-2.989292507472045e-06	0.006914631763035222	-0.008332582559084005	-0.0009078595667097993	-0.003667034200559747	-0.0018694862347910953	-0.0022542455815298883	-0.0019936418357465683	-0.00040025818560703106	0.00040031442795107657	-0.0006008426141810776	-0.0005270100370147762	-0.00021579583489279302	-0.0010985196225831557	-0.0025267802329003793	0.00010508428185484243	0.0013865500933931904	-0.000837589796558641	-0.0008583137924469292	-0.0	0.0	0.0	0.0	0.0	0.0	0.0	0.0	0.0	0.0	0.0	0.0	0.0
GCDF247	-0.03653904745087928	-0.007627163070366606	0.004654774135437759	0.005575515082779808	0.005160444076310087	0.0014239432214299267	-0.0014639071624919025	-0.000947788643867387	0.0018366093773221404	-0.0006593802306527698	0.0017244337702127376	0.008966359633816914	0.002383023088119969	0.0079718470487614	0.0030229467138149207	0.0020254209925322933	-0.0008213493212750857	-0.001644396985478894	0.000491749370713326	0.0028400135487767035	-0.0005100768119489007	-0.008103371869233043	0.0036618755576318554	-0.006100363245569172	-0.007972138735380505	0.004918723898757346	0.002957391791912078	-0.0003363348949368378	0.0018349264342676736	0.00039421834909754704	0.00047004266830505496	-0.0014144870946987216	-0.001778827989545395	-0.0008869306202492599	0.0017944708907783543	-0.0019316416420697112	0.0005437468855447291	0.0026302256162528148	-0.001285728274570127	0.002035804598647137	0.0015628796105232354	0.002496176594287997	-0.0017492088287875956	-0.0001957016811919448	0.00019028118026162961	-0.00121944297474701	-0.004704318812604184	0.0005105319515538427	0.0015271044678672285	-0.0030334274642480315	0.0008713819182970352	-0.0010780373841648406	-0.0003738068852559526	0.00018369807301317755	0.0001014579503721896	0.0003573360314474064	-0.0001867065975430037	0.001318778885626887	-7.677944480725568e-05	-0.0	0.0	0.0	0.0	0.0	0.0	0.0	0.0	0.0	0.0	0.0	0.0	0.0
GCDF256	-0.02106864928697031	-0.005149156684875782	0.0008418420742727246	0.004763218922124578	0.0013548525888030611	0.0003485450819025803	9.524912766636054e-05	-0.00022934379756661593	-0.0020832110789012564	0.0011149014686136665	0.003425468491659832	-0.002753535400990999	-0.0031216276477069775	0.0077206489459171945	0.0006018812756412888	0.000402957190329573	0.0004210815275867906	0.009088613116880083	0.004194553303640912	-0.003259751719224417	-0.006673459095872922	0.0019893978353617563	0.0008820339187550298	0.0006530586245094227	0.004742687038868119	-0.0018279554425886296	-0.001161871084833986	-0.002382054229151424	-0.00493942630714876	0.00390600069231981	0.006449749128702365	0.00201934987245972	-0.00588447310266196	0.006380114701785286	-0.0012144540625493503	0.000378806928537846	-0.0016883008508404415	0.0019165592647904179	-0.004824049254017208	0.0014545253172936758	-0.003718228690798979	-0.00034884572496136175	-0.0016898552067796432	-0.0016861930581086194	-0.0032121192960821083	-0.002431672351390145	0.0011439215380766533	-0.0023714204059524764	0.00010613774108773982	-0.0012142671601563639	-0.0008294626076283952	0.0005567203112244945	-0.0006119345535960259	-6.237881546380203e-05	0.0010656070675041833	0.00037699943686200196	0.0006566332018036796	-0.0009006638603903432	-0.00047520569294424823	-0.0	0.0	0.0	0.0	0.0	0.0	0.0	0.0	0.0	0.0	0.0	0.0	0.0
GCDF260	0.02080384673244301	0.0022816091460557244	-0.005857127059472256	0.005882422708103555	0.002124304733599476	-0.001677804209934947	-0.0036967111447112136	-0.0005089010229644655	0.001187255399197175	-0.0011821957905378802	0.00928600101541255	0.004967446719104526	0.0009395649638633148	-0.0031646808339436086	0.002114321635678564	0.010781799955362594	-0.005143741042024639	-0.002258703708177689	0.0016254444522800491	0.003083975795074936	-0.0006468951977439266	-0.0034951330497486263	-0.003078401105386129	6.477436247561522e-05	-0.005198018804162198	-0.0019846361519537748	0.0016702801713294523	0.0021295737825369897	-0.00017593847709849634	-0.0035018589512963117	0.0009105995540531728	0.0003919347768272831	-0.006183808816128369	-0.0030579680051010046	-0.0061480030355889745	0.0007018831355234287	-0.005916942826700935	-0.0012763106541624411	-0.002232756425129213	4.950306894495102e-05	-0.0026284519684078816	0.0008721845315561382	0.004364788092621485	-0.002018894371974432	-0.0003339976768950355	0.0021396582702147312	0.002355784724504433	-0.0013009087624136254	0.0013203560523235524	-0.000711450863306072	0.001017539907891219	0.0002642695878166396	0.0008225870180897472	-0.0004967086235138111	-0.0003064097045855466	-0.0019372830975652917	0.0004762477459897766	0.00017385837371760145	0.0004785669353294657	-0.0	0.0	0.0	0.0	0.0	0.0	0.0	0.0	0.0	0.0	0.0	0.0	0.0
GCDF267	-0.050274280541709175	-0.004842651473722701	0.010792945408556947	0.020964320328514773	0.004663774769825035	-0.0024491162623116918	-0.0033847078410278175	0.0009628766983439613	0.0032344168952212053	-0.006804569593886867	0.0005896358375999279	-0.007655101988493165	-0.0013085281022020237	0.0002586218180043752	0.0038753198153424215	-0.0037221825979757406	0.003039198195500083	0.004183326989365296	-0.0011484626274205303	-0.006122924197009321	-0.0013710503695384894	0.002224040079906813	0.0001474073070592092	-0.00036494838446264377	-0.0049180467364105945	0.005701313237560405	0.0020198345828570156	0.0010379450795576458	0.003426192301353218	-0.0009355009242512352	-0.005179455311749986	0.003199374868211187	0.0006168468922227363	-0.0006741663344128914	-2.113995624651613e-06	-6.674990927747743e-05	0.0010481702284926306	-0.006189885833177536	-0.0015892388021183756	-0.0035486505307419126	-0.0018832731339835833	-0.00048492985016278223	0.0028832109616382	-0.0020417576655397114	0.00034322682535094576	-0.0018372517941622124	0.0028066096753234272	0.0003592423401348196	0.00158249970155015	0.0008450086049128444	-2.0945959787236172e-05	-0.0009672456723319131	-0.0021302075686128875	-0.0007010542018557863	-0.0026492595630654703	-0.0004955796686748461	0.00035672742207354245	-0.0009968163374887479	0.0004941224701674734	-0.0	0.0	0.0	0.0	0.0	0.0	0.0	0.0	0.0	0.0	0.0	0.0	0.0
GCDF271	0.06053237274933871	0.0077047234684169425	-0.00381355928541464	0.005511397725959417	0.0019632805041358836	-0.0040130379179170545	0.000344722425603157	0.0011748928597039676	-0.0003725025470111353	0.003845250302100152	0.0008985522281202764	0.0010359850257558082	0.0021400485487734233	-6.378829296104845e-05	0.004642541731169644	-0.004210912093945563	0.0026469127110838055	0.002511318049179573	-0.001425369819156198	-0.0034302570787116612	0.0038311690463244973	-0.0003880251135363562	0.002415948956157204	-0.004350692461710698	-0.002922406440991502	-0.003564815269140616	-0.006315349301706462	0.0039919237506795	-0.005916862863464156	-0.0019928955947822336	0.0028958405408877935	0.00417363347863637	0.0048719578386574175	0.004450472610331809	-0.0036949037747631888	0.0009235192529308036	-0.0008516490009998864	0.000500366977266732	0.0017166362226214396	0.0011932246001426713	0.0034843575357575134	0.0010602663470026747	0.0009501264301096757	-0.003201399226498021	-0.0003799457577382064	0.004586926117538428	0.00020915394800896095	0.001825192476512325	-0.003821747808516742	-0.002022405136276084	0.0018168492482571897	4.545641322931381e-06	0.0021079851492752733	0.0012965350767989697	-0.002137064552543396	0.0007433556304798003	0.001871455257230833	0.00011059683167531863	0.0002239747312484205	-0.0	0.0	0.0	0.0	0.0	0.0	0.0	0.0	0.0	0.0	0.0	0.0	0.0
GCDF275	-0.05672287371879874	-0.004463918990848614	0.005003918889283665	-0.001538509811561198	0.007184752735535773	0.004381031041288238	0.003266120087853174	-0.0004614137624948202	-0.0002574008311981597	-0.00026382496822686106	0.0011624035414961756	0.0010504458900216615	0.0008000957714062967	-0.003981876554377254	-3.129007221459863e-05	-0.0026796980100332476	0.0027851176067252626	-0.004836302383501575	-0.00018618462430672501	0.004744506378840144	0.0021552738711188677	0.005936617177653136	-0.0026958926056189782	-0.0025090720008771354	0.007084133075552248	0.008715874294897502	-0.0026496216402866644	0.002971574297356504	-0.0018653444651804609	-0.004273541408684134	0.001060591233267122	0.0017445729303913824	0.0005201652253308297	0.004620020341158937	-0.003186700131485508	0.0014992184471701731	-0.00453532742521657	0.0006099559742460026	0.00128487663409356	-0.00039484517432681606	-0.0002531850392146169	-0.0025571100354581013	0.0015413989600873228	-0.0008134440990207783	0.00486549759252672	-0.002181886492835522	-0.002747208889548443	-0.0028846492752240345	0.0006129105218933099	-0.0011828825575420615	-0.0007955043459987325	0.0014954435304116865	-0.0010756965112363101	-0.0008327041179782814	0.0013374971985959034	-0.0019649333253811472	-8.281391194181527e-05	0.00014161627092730198	-0.00020343256060654851	-0.0	0.0	0.0	0.0	0.0	0.0	0.0	0.0	0.0	0.0	0.0	0.0	0.0
GCDF278	0.08059191885383324	0.017173281731199593	0.0032100220936647876	-0.002035107505178107	0.004203194762540499	0.007904256826490895	-0.0009635897683753712	-0.005972168779260379	-0.0006933241492800424	-0.00485651686227748	-0.0006325526746892369	-0.002903928691907035	-0.0028486181220041635	-0.0016600931309610505	-0.006363238535794006	-0.0028377901728338256	0.0016655186843888231	-0.00193661776116022	0.004942253698034332	0.0018194166757992643	0.00309408195227041	-0.001273785158131116	0.005471739197970204	-0.0031888728268613807	0.004012820751181449	-0.0007430841050004176	-0.004696309381100769	-0.001262977784240355	0.0005628937349494067	-0.002451986197208118	-0.003956644251452338	-0.0013253346824765395	-0.004754121078327685	-0.0010405247963133316	-0.0015586350791121477	-0.0007421263628344733	-0.0010719229381158935	0.003768732230320304	0.0031120588395965624	0.0026362535921641175	-0.0009791831764982182	0.001398596517715923	-0.0001459729476041171	0.0006796044601334722	-0.0012269341510279144	-0.002115753058398071	0.004011800503178652	0.0027849833321626103	0.0028688406028380504	-0.0028658673033278826	-0.002986559933336093	0.0016561599134500824	0.00045734532779089377	-0.003392667105618746	-0.0023639681125610557	0.000514359531148892	0.00016785505718081692	0.000619016289365293	0.001281460530597207	-0.0	0.0	0.0	0.0	0.0	0.0	0.0	0.0	0.0	0.0	0.0	0.0	0.0
GCDF282	-0.09779748352751522	0.005659778621845599	0.015727173660038663	0.015424628260104	0.008152671930447265	0.0012290363715055398	-0.0009054958043403259	-0.004458539542707658	0.0003591516490256074	-0.00589080637850848	-0.00462764539661198	0.002211564745788968	0.006716393315626121	-0.0039822600024081055	0.0018421884010059407	0.004051885323704032	0.0034801507193259274	0.0006380265124738469	0.004152904172458935	-0.0026566511607221416	-0.0002723905166446555	-0.00022491965749109783	0.0014118211417469182	-0.0054621552897418995	0.00036558544299226633	-0.0004435904011787386	-0.0013814716787473465	-0.0032964860988698576	0.0024078832906921583	-0.00038502477251731583	0.0023467351345475814	-0.0016575217661467996	-0.0004537807185238578	-0.002192005632080475	0.002902265654232255	0.0009080358001444749	-0.0027572831336262348	0.002984247076444262	-0.0022512532290506378	0.0014887291953430762	0.003570748965085554	-0.0009311441905916934	2.1169599475981266e-05	0.0008358598806249924	-0.0029907910140544044	-0.0010016435183997827	0.00011092782106845302	-0.00037612078344315066	-0.0026710042922046665	-0.0009394504572371699	0.0019131817499281995	-0.00030938511191293494	-0.00045233689281818035	-0.0008159692321209857	-0.001585487836072512	-0.0004201380027823928	-0.0006370181967882531	-0.0021327480770073786	-6.223149022830289e-05	-0.0	0.0	0.0	0.0	0.0	0.0	0.0	0.0	0.0	0.0	0.0	0.0	0.0
GCDF286	0.08347565421694605	0.00772277729984042	0.0033319130980904244	-0.004180065472199939	-0.005636935252411236	-0.004872746227504836	0.0005461746014566569	-0.007191857228591718	0.001096683219629893	0.0013176592463530002	0.00035901505276317313	6.298018621757377e-05	-0.003441981797582038	0.0016583333527430521	0.004887415300403551	-0.0027069518123503714	-0.00683883938830726	0.0010845848094357816	0.003663071488337219	-0.002061767687724987	-0.0010289173311862235	0.0015915889844567597	0.003270915900326624	-0.0007808490797314694	-0.0017003349264502721	-0.0024683805823301585	-0.0035351785785032617	0.0028577931854646423	0.00011797671348590757	-0.00669284766543311	0.002582501217116385	-0.005978936217490296	0.0060172102730704806	-0.0028224190314925426	-0.0002942143235411353	0.001358388879867702	0.002348270912275953	0.001512595119089444	-0.0042493538407236174	0.0012612874644053985	-0.0036123269075301295	-0.002635305634952537	-0.0014715492091902183	0.0007333798227778107	0.002081705496870523	-0.0013184105977336606	0.0015478092425714413	-0.0020216577434945472	0.0038808395072766465	0.002855917473839449	-0.0003275510364585584	-0.0008424474711753936	-0.000796494184133941	0.002723862010618405	-0.00011123965533841358	-0.0004995502193434523	0.001202246022525739	0.00038152426965924085	0.00022185864493503435	-0.0	0.0	0.0	0.0	0.0	0.0	0.0	0.0	0.0	0.0	0.0	0.0	0.0

Biplot	0	0

Site constraints	0	0
