	GA1	GA15	GA22	GA24	GA30	GA34	GA36	GA38	GA44	GA46	GA5	GA50	GA57	GA6	GA66	GA68	GA69	GA7	GA70	GA73	GA75	GA76	GA80	GB104	GB114	GB117	GB127	GB129	GB131	GB133	GB134	GB135	GB140	GB142	GB147	GB149	GB153	GB157	GB180	GB181	GB182	GB99	GCDF199	GCDF203	GCDF208	GCDF210	GCDF213	GCDF217	GCDF222	GCDF225	GCDF229	GCDF232	GCDF235	GCDF236	GCDF238	GCDF239	GCDF240	GCDF241	GCDF243	GCDF245	GCDF248	GCDF249	GCDF251	GCDF262	GCDF263	GCDF265	GCDF266	GCDF269	GCDF272	GCDF274	GCDF277	GCDF280	GCDF285
GA1	0	0.0328324839209366	0.0758452690912016	0.012800067042311	0.0628633333200758	0.0314282937201135	0.0518133681681421	0.125381683008839	0.0415128861563374	0.0399101229591502	0.00668774834819928	0.0586839328059042	0.0377367780628529	0.0274919303406895	0.0559628127011085	0.0601330664422777	0.145907355303114	0.00818294862924953	0.0569512442958475	0.158661573824256	0.0340917912133113	0.0246022917339672	0.0497554321255949	0.0122351597670014	0.116374693434648	0.031642050868032	0.00786312288520011	0.00983668301400618	0.0280436443522422	0.0300456320942201	0.0566587588853306	0.0400958516719666	0.0112758690580688	0.0296127169552927	0.0170458580503673	0.00849665300579591	0.0278706716825113	0.0317182722642566	0.0367659349558931	0.0465722956666441	0.00925935465240418	0.0452960746720283	0.0184215471416599	0.00947285495754896	0.0465941082197006	0.0520350395918193	0.0070065682626922	0.0275692238256034	0.0101458044826157	0.0352928711317781	0.0462051486088471	0.0647464991744721	0.0326945412753507	0.0116744933584046	0.0163056322542781	0.0285229845292339	0.0296173343021009	0.040081938691061	0.0293217067691413	0.0445997037670829	0.0434784887527878	0.0543237699929512	0.0351098624029846	0.0121941817312906	0.0108885252718917	0.02897922043698	0.0156090701812634	0.0397651806436103	0.0303564114740702	0.0200272431183192	0.0509847900218735	0.0236648689541552	0.0476663708122391
GA15	0.0328324839209366	0	0.0434840449856387	0.0434033182835338	0.0311976218727803	0.0145327731910529	0.0196698332497041	0.0929144139241691	0.0716915311987954	0.0201412772835054	0.0306367885904631	0.0272382752160833	0.0184658519980131	0.0147783798871167	0.0356456847541561	0.0277572795842784	0.113440095475226	0.0301539093782805	0.0261796592650088	0.126183215792131	0.0161362359384921	0.055002009815941	0.0196625988535357	0.0426983986275666	0.0838963286292673	0.00844465622400884	0.0353477919530688	0.0387666860802306	0.0581938027582987	0.0605309193558765	0.0242734288872041	0.0704914243383841	0.0414581922532031	0.0112617528677513	0.0194294680323866	0.0278057089414109	0.00965703827931047	0.0154353411905844	0.0670954758169675	0.015051179918263	0.0286219228774008	0.025093650285418	0.0487437457824596	0.0269912745653078	0.0212366223626892	0.0198773349202567	0.0331158775535196	0.0581364135700043	0.0257182469158763	0.0655458371973399	0.0764501157282579	0.095324422524433	0.06325597395048	0.0416470411600489	0.0201902750578493	0.0242756873632621	0.0145927959055913	0.0709355542003506	0.0145661744354951	0.0753425226518602	0.0739603765459374	0.085193284608499	0.0659658052027225	0.023697022179311	0.0261581848008615	0.0151970679213227	0.0461985532081488	0.0701179348233372	0.0606815884209643	0.0507015588909689	0.0811612452521469	0.0156503766445876	0.0782723217976816
GA22	0.0758452690912016	0.0434840449856387	0	0.0857752088193942	0.033678759623206	0.0498421155857016	0.0245597803344329	0.0499200225817134	0.110522242055999	0.0420411844559089	0.0736334096602719	0.0192662415781406	0.0459984624852436	0.0528283173387701	0.0306135173322576	0.016690699590577	0.0704623402444401	0.0730934104684627	0.0218851910151466	0.0831676098433408	0.0471747050983737	0.0963684663628087	0.0287700334112301	0.0852509361475405	0.0409574157774749	0.0447144342793359	0.0781740469839236	0.0814749800948182	0.098883253230591	0.10106580313107	0.0201981243362293	0.110263447945166	0.084000466071596	0.0470504156793609	0.0619385612357144	0.0707857055269709	0.0493565648417882	0.0503480253797589	0.106650345177964	0.0297878544890519	0.0712676151382803	0.0374897797639021	0.0906695510552387	0.0697805490532909	0.0335403593125367	0.0243906918536834	0.0760422275599205	0.0990071343352096	0.0685968696694784	0.105278915227062	0.114646012734885	0.132269698712561	0.103392529291938	0.084224892159303	0.062955988514604	0.0651887833620563	0.0513997922717321	0.110190004938179	0.0525299369009456	0.113937856196755	0.112612234522598	0.122622405564544	0.105925328954302	0.0665578489953821	0.0689494932691256	0.0513532961709331	0.0886307954788208	0.109182298409216	0.101126271892678	0.0926686530612936	0.118725956389398	0.0562441430308602	0.116480869250466
GA24	0.012800067042311	0.0434033182835338	0.0857752088193942	0	0.0694606812915417	0.043512636889713	0.0618879230636539	0.135355267636102	0.0323980597572194	0.0521869299688725	0.015206987518027	0.0699909578519638	0.0479291051513318	0.0392031987207104	0.0682906725942486	0.07007884467491	0.155908679721331	0.0167227983803987	0.0684260203305519	0.168685085845716	0.0461233040374337	0.0152559366801547	0.0592212854988045	0.00711925437372893	0.126409299144841	0.0411295321854678	0.0107258152230784	0.00910004226707223	0.0190657768727779	0.0204384045703619	0.0666748962619088	0.0307583387075651	0.00793846123710726	0.0395568393998676	0.0291043540763885	0.0184621235750841	0.0396238580872916	0.0436734368629528	0.0275227396438519	0.0571045308477349	0.0166388568233209	0.0573374583113073	0.0103015633008321	0.0198993085356749	0.0588681654948177	0.0618407272103459	0.0127528630211159	0.0176268357270858	0.0217647749573143	0.0261210128100532	0.0370822079065773	0.0550263746444023	0.0229185090795385	0.00813420885242522	0.0279318653329304	0.0386530715370118	0.0415861687124378	0.0278766121376644	0.0415187418423217	0.0329817170183165	0.0339606605244405	0.0423234666914049	0.0228622235179023	0.0237609888709178	0.0217235383643496	0.0411279059457357	0.00822819313481262	0.0305579832632734	0.0211735280945596	0.0102164853203129	0.0418898341330615	0.0358897717763679	0.0374176700909932
GA30	0.0628633333200758	0.0311976218727803	0.033678759623206	0.0694606812915417	0	0.0377045032389537	0.0212320320195321	0.0826174984827186	0.100137654278013	0.0341506551085698	0.0612064234611362	0.0241179089203025	0.0323601128589926	0.040094602702543	0.0368604403026778	0.0226990144060116	0.103170909815364	0.0606594487949453	0.0249100805382536	0.115947317369659	0.0362342470748858	0.0835757433916583	0.0302216200289702	0.07296568001009	0.0736716660962562	0.0317480004383157	0.0662058296077179	0.0696084016952852	0.0872530816028817	0.0883431561818026	0.0257085035131736	0.098492712459781	0.07220072720689	0.035559985617345	0.0500048607437298	0.0584538601564639	0.0367755323196902	0.0378567633228471	0.0952535560636809	0.0224446591479008	0.0592669335880665	0.0331870164872721	0.0787137847657156	0.0578274551515627	0.0302951562811028	0.0204592780633406	0.0637031757846625	0.0856519442315054	0.0565269102878643	0.093935247774076	0.104842040424395	0.122788611159782	0.0908003154427114	0.0721663850350211	0.0510282517608368	0.0495803336227181	0.0393424851989204	0.0926572435130977	0.0406127930477713	0.100182467714103	0.101705636114183	0.108697979362926	0.0883047226251978	0.0544869596834737	0.0569875054437705	0.0395507452200458	0.0746645775407252	0.0983251188740586	0.0890874012251093	0.0788097583284282	0.109646100287486	0.0444173921238292	0.105108094561582
GA34	0.0314282937201135	0.0145327731910529	0.0498421155857016	0.043512636889713	0.0377045032389537	0	0.0261012293454824	0.0993037327672496	0.0719299250931451	0.0101787745341132	0.0288958193056963	0.0325369542050693	0.00995499424452922	0.00801728279306318	0.0255761146451337	0.0341735680145447	0.119860434998768	0.0281884834226785	0.0303620386661755	0.132570273346371	0.00765365610814023	0.0551775723620497	0.0267206762889118	0.0424567583496823	0.0902944805495667	0.0182010109319982	0.0342837231929856	0.0381186782297763	0.0583999287525211	0.060745177959854	0.0309622425096806	0.0702069140970707	0.0410671140998602	0.0205783616055292	0.015752880324873	0.0255914330411928	0.0123878166860327	0.00707238993779145	0.0673829604203653	0.0211925985799594	0.0306765146628775	0.0150920663092455	0.0487918637768187	0.0245412237697629	0.0170863552555216	0.0265206892532532	0.0316803494204927	0.0584043921394782	0.0231221048631752	0.0657162117310847	0.0766857276209677	0.0955619794702289	0.0634791122542487	0.0412603247007637	0.0166070662042587	0.0193917425020099	0.00793404711146999	0.0712012693737492	0.0083679781457635	0.0756062969866425	0.0742071740555041	0.0854037077438952	0.0661328455263918	0.0207078380938243	0.0234650413392845	0.00755184752081116	0.0461610640502638	0.0703011869330599	0.0608849500616392	0.0508997309388536	0.0813637105653984	0.0107055420733311	0.0784539275548675
GA36	0.0518133681681421	0.0196698332497041	0.0245597803344329	0.0618879230636539	0.0212320320195321	0.0261012293454824	0	0.0739441321730012	0.0893380560658195	0.0208570936017416	0.049632180068228	0.0130121953046947	0.0230487070958873	0.028819705557191	0.0254036477776338	0.0106163413012212	0.0944919986556275	0.0490950817110563	0.0135570370375809	0.107212933777559	0.0238035015686594	0.0729437391038495	0.019534591326697	0.0612829072457371	0.0649098218465694	0.0215509082708094	0.05420942781399	0.0575044826425687	0.0758424945401423	0.0783330724772179	0.0121986591774556	0.0880552738754436	0.0600592494763509	0.0241931033922792	0.0379811768993886	0.0467254023133504	0.0253832597059734	0.0266871756187292	0.0847875308809858	0.0086509777790681	0.0472875473776249	0.0196283733509857	0.0668946822559593	0.0458062801209062	0.0163052323076761	0.00754991379117292	0.0520288607086798	0.0759713137992705	0.0445969953493337	0.0831153816496483	0.0940331639816063	0.113032669054739	0.0809941435928899	0.0602981553158977	0.0389905810130365	0.0412394110527304	0.0275406454680393	0.0887325531756035	0.0286759419667751	0.093138001257121	0.0917020851012432	0.102972731069483	0.0837575677744668	0.0425577116659795	0.0450176599275584	0.0276443406826619	0.064698234275736	0.0877061510326886	0.0783742207544621	0.0689143592661077	0.0987524384952555	0.0322786878248808	0.0959761939717062
GA38	0.125381683008839	0.0929144139241691	0.0499200225817134	0.135355267636102	0.0826174984827186	0.0993037327672496	0.0739441321730012	0	0.159967335035103	0.0913111724034704	0.123065466305824	0.0673145630368681	0.0955771959640763	0.102355573213462	0.0777268891758991	0.0655851058210387	0.0208910268112885	0.122551642358303	0.069853812267985	0.0335318311540918	0.0966239707789036	0.145857802545181	0.076538992048514	0.134719320469432	0.0112628295424987	0.094251317132001	0.127554507342854	0.130774015504302	0.148171791825632	0.150576785808862	0.0693699617804301	0.159726813435555	0.133249428085606	0.0963092208510697	0.111274206578129	0.120213048175128	0.0988665186997616	0.0999627928390647	0.156142178207937	0.0792644592848691	0.12063211270354	0.086743369021199	0.139985941952527	0.119191580198028	0.08278140335372	0.0737204540408019	0.125429076979859	0.148591457292287	0.117991464457127	0.154692813603565	0.164031437400616	0.180508080305475	0.152948117015338	0.133613503942586	0.112285652771743	0.11481031895888	0.100859663025899	0.159839237579192	0.10188020690523	0.163536393281185	0.162196200754907	0.172098878808696	0.155581332216359	0.115923116980779	0.118303550388476	0.100765671167109	0.138186144934158	0.158700278762615	0.150605671183027	0.142244681113898	0.168029232458635	0.105557458117755	0.166008887567905
GA44	0.0415128861563374	0.0716915311987954	0.110522242055999	0.0323980597572194	0.100137654278013	0.0719299250931451	0.0893380560658195	0.159967335035103	0	0.0801878847708606	0.0436071718694887	0.0982971551141354	0.0789210961172075	0.0683604003579328	0.0962905473630838	0.0967311832037839	0.180470823188021	0.0450461055481374	0.0975364629517902	0.193180664320185	0.0746679080255104	0.0177864011828647	0.0847415636585216	0.0302275918010208	0.150893773544918	0.0688262477216094	0.0380616566599017	0.0343065548763432	0.0144000840673195	0.0122822261000325	0.0912205002675153	0.0162637698642834	0.0317072860162818	0.065757624880232	0.0570834031460261	0.0468216159691413	0.068423643896375	0.0725952595321819	0.00638759577813831	0.0858187970488963	0.0443533843928816	0.0859153416722712	0.0236412268131971	0.0479377679188143	0.0868302903542615	0.0896451323471888	0.040805160115012	0.0158400548824269	0.0498450705123068	0.00832275970076973	0.00748774312516543	0.0241273610542218	0.0105555363403953	0.0312317041680217	0.0558973545528422	0.0695840307332651	0.0701977863832556	0.01219736443682	0.0696673546776627	0.00758004557068526	0.00648859136789623	0.014672546755673	0.0150381079969006	0.0519001854564806	0.0497243264407823	0.0693780121327651	0.0277724273484012	0.00636653072903911	0.0122761248100568	0.0229108252308585	0.010353539341179	0.0638466314835982	0.00932153975214772
GA46	0.0399101229591502	0.0201412772835054	0.0420411844559089	0.0521869299688725	0.0341506551085698	0.0101787745341132	0.0208570936017416	0.0913111724034704	0.0801878847708606	0	0.0371898064258123	0.0254659467856541	0.00845006380390113	0.0136667491334274	0.0165304056077142	0.0270359574469051	0.111936702722251	0.0366104332485584	0.0231776109266311	0.124563330351704	0.00865408527486101	0.0637256564817043	0.0297563039518968	0.0507648687320526	0.0822542534031049	0.0259021769155457	0.0423856574026021	0.0461697128008712	0.0664147708301592	0.0692899266276697	0.0250084345614669	0.0791532055597113	0.0490260053839948	0.0281416473797325	0.0234456350344864	0.0338650208832038	0.0188330679031258	0.011185957920841	0.0757909758825495	0.0176010878116946	0.0387815753694134	0.00837166129242931	0.0568747900501646	0.0326724168515266	0.011048473685867	0.0212881852298824	0.0399852127890394	0.066997656466985	0.031311788727915	0.0739882252357825	0.0848793483743764	0.104098844407785	0.0719911588186568	0.0494345472843358	0.0246594018876703	0.0271377320109744	0.0123608824161982	0.0798772282221101	0.0132057305385424	0.0842818407097248	0.0827604234218597	0.0941324598259396	0.0749059465497431	0.0288719509756475	0.0315898678575953	0.0122862375027387	0.0547987304326862	0.078702596702961	0.0692699616304552	0.0595067597248337	0.0895284124546581	0.0169088039805906	0.0871295216258126
GA5	0.00668774834819928	0.0306367885904631	0.0736334096602719	0.015206987518027	0.0612064234611362	0.0288958193056963	0.049632180068228	0.123065466305824	0.0436071718694887	0.0371898064258123	0	0.0563669099350168	0.0356120486753155	0.0251592603004114	0.0533174163464344	0.0579219895857151	0.143602230934182	0.00666594527299619	0.0546652778155274	0.156345352379963	0.0315566911277446	0.0268430531194264	0.0476663052057377	0.014283402725899	0.114041831381995	0.0296766364928147	0.00745972327525243	0.0104350133897977	0.0300087786157324	0.0323550501236259	0.0543296169677768	0.042286009499521	0.0131165060588638	0.0272389581953787	0.0144440897345317	0.00748789417345754	0.0255586810955646	0.0294033057347994	0.0389455179260536	0.0445032083062512	0.00944869672983057	0.0427767706075401	0.0204233528006671	0.00796890277662456	0.0438751997896517	0.0499681383935791	0.00702907265201587	0.0300504234290183	0.00862946648931488	0.0373797005964349	0.0482599105159141	0.0671320132384397	0.0350716391089137	0.0130231372090151	0.0134073379367232	0.0264784598233874	0.0270362744164286	0.0428080657553492	0.0266624925037225	0.0472096175595064	0.0458373093620093	0.0570606975769154	0.0378363665494353	0.0104560922145446	0.0085485607498523	0.0263505818138859	0.0180025403999319	0.0419861055496666	0.03252002966562	0.0224822682253264	0.0529837978232389	0.0209413138194706	0.0501066286756535
GA50	0.0586839328059042	0.0272382752160833	0.0192662415781406	0.0699909578519638	0.0241179089203025	0.0325369542050693	0.0130121953046947	0.0673145630368681	0.0982971551141354	0.0254659467856541	0.0563669099350168	0	0.0286839786785269	0.0354252072672049	0.0194931835067844	0.0108588521481689	0.0878624265844172	0.0557953250980136	0.00869650024473267	0.100569221557993	0.0299843523764249	0.0816737043135094	0.0295868962815013	0.0689637638402708	0.0582808122941942	0.0303423293781551	0.0612280205494226	0.064784096121186	0.084701012556601	0.0871614467616033	0.0187399626681299	0.0970889374312728	0.0675981068851972	0.0331959404013675	0.0446901388955538	0.0534950647164475	0.0320794268821677	0.0330826292717547	0.0937061956284022	0.0139376253708068	0.0546902331401302	0.0208361407629017	0.0751493160396513	0.0525146990713447	0.0171056284588018	0.012478162466332	0.0588628712552364	0.0847385311217019	0.0513279654010378	0.0920931975347827	0.102923380305069	0.121934980229296	0.0898247148954507	0.0677793942241356	0.0457312917769557	0.0477902617568922	0.0340456190434369	0.0975862680511041	0.0352285977716398	0.101943647244362	0.100637461275163	0.111809403682598	0.0925422842153395	0.0492363350861	0.0517096496892698	0.0340555550605811	0.0726435604044283	0.0966581715026287	0.0872011375096109	0.0773553645821533	0.107728449082134	0.0389961369636685	0.104917226114658
GA57	0.0377367780628529	0.0184658519980131	0.0459984624852436	0.0479291051513318	0.0323601128589926	0.00995499424452922	0.0230487070958873	0.0955771959640763	0.0789210961172075	0.00845006380390113	0.0356120486753155	0.0286839786785269	0	0.0121855992045385	0.0213087939920675	0.0305008865102674	0.116127622398463	0.0349617137790027	0.0257799386075049	0.128904028221814	0.00858702655938087	0.0616892535954413	0.0292401247366209	0.0493033140370942	0.0866282358765602	0.023614998031972	0.0413338955717556	0.0452538537745825	0.0655179505020079	0.0669588857904227	0.0284858064519034	0.0772385133637322	0.0482569025885878	0.0274721009826118	0.0224737998973014	0.0323917432358921	0.0170089630786367	0.0100566253355337	0.0740351805256473	0.0181356741378855	0.037707522661999	0.0110411960943226	0.0558664353206904	0.0315963644063985	0.0143076853610274	0.0230945345258924	0.0384979350210139	0.0641975894269317	0.0301045236093077	0.0726172554523054	0.083585437387228	0.101598434601769	0.0694932956060376	0.0482790464290766	0.0236640058062745	0.0234771113080735	0.0111116237886664	0.0751091308440223	0.012497697782825	0.0802123546600342	0.0804443479788424	0.0897430287617626	0.0704809245512341	0.0277220264942658	0.0305518036181427	0.0117227955853021	0.051690612176452	0.07709657984099	0.0675802963851678	0.0565250292044095	0.0883735270060674	0.0163245443583965	0.0839327645271715
GA6	0.0274919303406895	0.0147783798871167	0.0528283173387701	0.0392031987207104	0.040094602702543	0.00801728279306318	0.028819705557191	0.102355573213462	0.0683604003579328	0.0136667491334274	0.0251592603004114	0.0354252072672049	0.0121855992045385	0	0.0292668199129026	0.0370995036204054	0.122913480933869	0.0245208939575035	0.0330538395039662	0.135673549741206	0.0100453983001044	0.0513909275483603	0.0287098813463341	0.0388183893278392	0.0934062942561477	0.0167244027340502	0.0307474196324068	0.0346567821171549	0.0549544708031898	0.0568728736893396	0.0341426869760258	0.0668975890736387	0.0376555989261227	0.0200152841180262	0.0127396398445008	0.0218850870550883	0.0115187280726704	0.00902836019469594	0.0635949584721315	0.0237404784432264	0.0271952429344181	0.0185364705923183	0.0453083333982663	0.0212801423845719	0.0204926061989608	0.0293298041015261	0.0280366357453544	0.0543456849350472	0.0197411069735847	0.0621132761842073	0.0730726360672652	0.0915426286031501	0.0594846112935832	0.0377423808806472	0.0137332961106711	0.0177505279637196	0.00779874093896437	0.0668205788189715	0.00861977906239153	0.0713385259262239	0.0703236550243214	0.0811412552691469	0.0619205752707491	0.0177816181535353	0.0199956925905714	0.00801717649293932	0.0420685522258282	0.0666163248395679	0.0571578870329893	0.0467649004186946	0.0778369172052904	0.00885671965667338	0.0744289414148138
GA66	0.0559628127011085	0.0356456847541561	0.0306135173322576	0.0682906725942486	0.0368604403026778	0.0255761146451337	0.0254036477776338	0.0777268891758991	0.0962905473630838	0.0165304056077142	0.0533174163464344	0.0194931835067844	0.0213087939920675	0.0292668199129026	0	0.0235703169283542	0.0982510425677203	0.0527088720765379	0.0169767289977483	0.110899858703517	0.0225400408504136	0.0798205287017004	0.0432516649704088	0.0668705448959813	0.0686135378976663	0.041973121671213	0.0585063486312977	0.0622857000039081	0.0825349325031945	0.0853850803893022	0.0317377274046944	0.0952421174657465	0.0651479444720528	0.0442692594169968	0.0395997269549454	0.0499500492869905	0.0346324007083295	0.0262840008833493	0.0918886331897793	0.0251607570910093	0.0548982399355884	0.0115248470377845	0.0730325161206602	0.0487866075803535	0.0152305329472504	0.0257571404893892	0.0560213846314435	0.0830844973373895	0.047398646333904	0.0901229566696918	0.100965323095972	0.120214664499567	0.0880956576027051	0.0655404325537007	0.0407544366940103	0.0430158839532823	0.0275007046364022	0.0958996641665998	0.0286656554713093	0.100380664973548	0.0987704174235614	0.110168343315823	0.0909044098372411	0.0449906436143198	0.047674921990344	0.0273516254447814	0.0709079593946837	0.0947611070793084	0.085381795661618	0.0756145255132155	0.105623405088078	0.0328722926929142	0.103229790850721
GA68	0.0601330664422777	0.0277572795842784	0.016690699590577	0.07007884467491	0.0226990144060116	0.0341735680145447	0.0106163413012212	0.0655851058210387	0.0967311832037839	0.0270359574469051	0.0579219895857151	0.0108588521481689	0.0305008865102674	0.0370995036204054	0.0235703169283542	0	0.0860966945988963	0.0573946348946504	0.0128973556489618	0.0987950046405648	0.0316334383919685	0.0807898262835512	0.0231170214599732	0.0695608160787761	0.0565243276645138	0.029272916378698	0.0624968253000818	0.0657959794907859	0.0835603627592626	0.085907681798092	0.0121519083975617	0.0956740259672656	0.0683162782830421	0.0318570601556337	0.0462730082899633	0.055091226642782	0.0336941428520162	0.0347335722598464	0.0922674287599747	0.0145354761431615	0.0555973511678402	0.0230428241945878	0.0750039611952473	0.0541357253160742	0.0195077373787309	0.0103056061239161	0.0602953430980143	0.0837047481627175	0.0528949948799129	0.0906960673705496	0.10146023551322	0.120494615851027	0.0885774376566964	0.0685350960026486	0.0472916499006026	0.0495931619420798	0.0356521927610491	0.0961344252632122	0.0368065936208674	0.100640520980262	0.099162201839264	0.110491001621039	0.0913923506935437	0.0508533415732661	0.0532642287964171	0.0356458453367455	0.0729067260117242	0.095209837561906	0.0860581031501895	0.0770060632264975	0.106121529683922	0.0405741885605485	0.103459931759521
GA69	0.145907355303114	0.113440095475226	0.0704623402444401	0.155908679721331	0.103170909815364	0.119860434998768	0.0944919986556275	0.0208910268112885	0.180470823188021	0.111936702722251	0.143602230934182	0.0878624265844172	0.116127622398463	0.122913480933869	0.0982510425677203	0.0860966945988963	0	0.14311873551571	0.0904072258207533	0.0132927870709505	0.117188325584537	0.166411213953086	0.0970378685178179	0.155261638188603	0.0298268236784321	0.1147825466563	0.148074634598963	0.15127750132421	0.168675279376483	0.1711301975178	0.0899029702249199	0.180299964366537	0.153758460524106	0.116851542408418	0.13182762189947	0.140755359045785	0.119408840407627	0.120510658230444	0.176690048039562	0.0997956839926315	0.141163333272091	0.107313424123056	0.160567088259591	0.139709639880392	0.103307079636689	0.0942683211631245	0.146015769905514	0.169134755929311	0.138508075942295	0.175222083926201	0.184531880298046	0.201055942460744	0.173486413829254	0.154154299937113	0.132841168328969	0.135410573371131	0.121432976891296	0.180392652298465	0.122440635330147	0.184089810709761	0.182761596760364	0.192656495956459	0.176142837062027	0.136469110018677	0.138827156087365	0.121316529509395	0.15873506048111	0.179264790030441	0.171114162814738	0.162792543269167	0.188551485688999	0.126105327422571	0.186567203113527
GA7	0.00818294862924953	0.0301539093782805	0.0730934104684627	0.0167227983803987	0.0606594487949453	0.0281884834226785	0.0490950817110563	0.122551642358303	0.0450461055481374	0.0366104332485584	0.00666594527299619	0.0557953250980136	0.0349617137790027	0.0245208939575035	0.0527088720765379	0.0573946348946504	0.14311873551571	0	0.0541246980052404	0.155845871025866	0.0309114935948993	0.0283373836616073	0.0471466918936884	0.015678063293712	0.113555944703444	0.0291670675793983	0.0086979782561574	0.0120562559776855	0.0315144077658352	0.0338626918806271	0.053806785080168	0.0437305230797842	0.0145959424306497	0.0268006724296044	0.014060945571118	0.00761849365803893	0.0250258100303737	0.0287837083404413	0.0404409232427074	0.043953488910138	0.00964547183383444	0.0421130912133841	0.021904490831675	0.00806593919241086	0.0432746518365663	0.0495457833614012	0.00813391106908746	0.0314315475542286	0.0090704086340136	0.0388319343704768	0.0497062577292173	0.0686597075651992	0.0365149217159158	0.0144234724787318	0.0127778827363268	0.0256138119395032	0.0264231166143836	0.0441795036460113	0.02601684741864	0.0486177597006764	0.0472710787158723	0.0581016026512541	0.0391302643757727	0.00974950651671135	0.00854201406602644	0.0257456628135358	0.0192111042643323	0.0434342496322863	0.0339752086297129	0.0239628774273877	0.054422269264857	0.0203190595182035	0.0515388566812482
GA70	0.0569512442958475	0.0261796592650088	0.0218851910151466	0.0684260203305519	0.0249100805382536	0.0303620386661755	0.0135570370375809	0.069853812267985	0.0975364629517902	0.0231776109266311	0.0546652778155274	0.00869650024473267	0.0257799386075049	0.0330538395039662	0.0169767289977483	0.0128973556489618	0.0904072258207533	0.0541246980052404	0	0.103172537579079	0.0276089019302015	0.0805857782111023	0.0311994400402211	0.0679790017881779	0.060896886004643	0.0299083369624133	0.0600035491615835	0.0638483287484357	0.0841017370723715	0.0859732292216234	0.0205285118873974	0.096024005777306	0.0668139885170291	0.0334469560872425	0.04279790363378	0.0516874859429369	0.0301061657755965	0.0307142842899669	0.0927512346945628	0.0133707645052875	0.0536345043266662	0.0185428145294539	0.0744675882160664	0.0508497397255416	0.0152964948469566	0.0135579571090262	0.0573801398653575	0.0835365790008294	0.0495536613343942	0.0913175476169345	0.102248971359898	0.120720708686294	0.0886924278856528	0.0669099072163755	0.0438419006426226	0.0452730443817799	0.031877834707348	0.0961154903275798	0.0332223781469193	0.100523984417169	0.0995502912185409	0.110371420705559	0.0911450399593873	0.0474176316550284	0.0500017570124732	0.0319830344688862	0.0713015725140018	0.095823732289401	0.0863493226393305	0.0760343137263048	0.107034104114229	0.0370913559401577	0.103624389629171
GA73	0.158661573824256	0.126183215792131	0.0831676098433408	0.168685085845716	0.115947317369659	0.132570273346371	0.107212933777559	0.0335318311540918	0.193180664320185	0.124563330351704	0.156345352379963	0.100569221557993	0.128904028221814	0.135673549741206	0.110899858703517	0.0987950046405648	0.0132927870709505	0.155845871025866	0.103172537579079	0	0.129903708594014	0.179143240656516	0.109803183135962	0.167999213091051	0.0424311220683534	0.127570046996227	0.160723450358468	0.163915219933096	0.181313001296737	0.183901057700918	0.102512957547048	0.193065281016658	0.166324065189169	0.129417143762112	0.144470887202205	0.153465198447006	0.132163053510165	0.133281516381586	0.189460911082499	0.112560999965427	0.153862075372176	0.120034358718178	0.173193713480776	0.152392719129119	0.11598363466034	0.106994803279939	0.15872006283866	0.181896041589554	0.151223461736332	0.187947040856487	0.197247703569104	0.213821269496523	0.186258255080743	0.166826338479013	0.145467792195503	0.148158976224938	0.134156308541394	0.193169059626984	0.135183702740404	0.196866217737246	0.195502514791007	0.20543290930565	0.188919249056566	0.149151213692896	0.151494572861026	0.134028924083469	0.171511463595159	0.191957986565551	0.183860332977892	0.175557858715154	0.201235713230239	0.138743046257231	0.1993295277911
GA75	0.0340917912133113	0.0161362359384921	0.0471747050983737	0.0461233040374337	0.0362342470748858	0.00765365610814023	0.0238035015686594	0.0966239707789036	0.0746679080255104	0.00865408527486101	0.0315566911277446	0.0299843523764249	0.00858702655938087	0.0100453983001044	0.0225400408504136	0.0316334383919685	0.117188325584537	0.0309114935948993	0.0276089019302015	0.129903708594014	0	0.057850785101905	0.0283962586574783	0.045149785776933	0.0876114165241068	0.020402646030892	0.0369898095689338	0.0408438933317107	0.0611289012236427	0.0633842767865369	0.0290535631580184	0.0732327705305634	0.0437997970918212	0.0230771464041688	0.0180997688704255	0.0282589464043879	0.0138874229213054	0.00812869128063227	0.069999733281256	0.0194746743454927	0.0333609314767098	0.0126175315488563	0.051482402992369	0.0272410385348279	0.01511689513743	0.0245099764768824	0.0343501306317671	0.0610750777778601	0.025801831037935	0.0684697707418842	0.0793797620242894	0.0981406169106262	0.0660789485155332	0.0439701572323989	0.0193140751886831	0.0215262246760305	0.00926593998611688	0.0738134671266031	0.00993310294532678	0.0782182163963414	0.0769234455820888	0.088049793484235	0.0687404476256684	0.0234172081791165	0.0261821555528752	0.00895127677241096	0.0488375402573082	0.0730217466450701	0.0635563697703559	0.0535101220388003	0.0840673806390377	0.0123904489881519	0.0810986810711899
GA76	0.0246022917339672	0.055002009815941	0.0963684663628087	0.0152559366801547	0.0835757433916583	0.0551775723620497	0.0729437391038495	0.145857802545181	0.0177864011828647	0.0637256564817043	0.0268430531194264	0.0816737043135094	0.0616892535954413	0.0513909275483603	0.0798205287017004	0.0807898262835512	0.166411213953086	0.0283373836616073	0.0805857782111023	0.179143240656516	0.057850785101905	0	0.0702545537867329	0.0136936040191836	0.136867454482449	0.0523954860565036	0.0215997432941815	0.0179354556885576	0.00698709954517056	0.00802988228208804	0.0771330508845623	0.0169737409668589	0.0154754312525532	0.0501189468560195	0.0406163573227446	0.030143195753823	0.0515866969345194	0.0557056065611165	0.0131251361583256	0.0689363987984681	0.0278348644743815	0.0691699177929849	0.00919478517607786	0.0314784284605823	0.0704016238074712	0.0731851549612151	0.0241579261156871	0.00689879475123804	0.0333182836572329	0.0119149556919707	0.0224753648343712	0.0411011830837739	0.00990994618570601	0.0150843024397307	0.0394673117182472	0.0523834557018497	0.0534541174543626	0.0167749465509045	0.0530752898617224	0.0209903371887225	0.0198887758559049	0.0307905111988687	0.0131128678248838	0.0353529178678538	0.0332302096384493	0.052751257996818	0.0113238141145275	0.0162435156502526	0.00883598234022337	0.00764136514014969	0.0272279565194339	0.047428780639864	0.0240209445244435
GA80	0.0497554321255949	0.0196625988535357	0.0287700334112301	0.0592212854988045	0.0302216200289702	0.0267206762889118	0.019534591326697	0.076538992048514	0.0847415636585216	0.0297563039518968	0.0476663052057377	0.0295868962815013	0.0292401247366209	0.0287098813463341	0.0432516649704088	0.0231170214599732	0.0970378685178179	0.0471466918936884	0.0311994400402211	0.109803183135962	0.0283962586574783	0.0702545537867329	0	0.0593701108085989	0.0686421315703127	0.018904674318478	0.0524855523247912	0.0558388293767818	0.0732585180814218	0.0749176440365387	0.014008305002606	0.0841068328932078	0.0584245136365144	0.0218129821046434	0.0363878531927111	0.0448695769288925	0.0244944591376216	0.0278751790297754	0.0807163850827651	0.0199992147020318	0.0455914222343703	0.0329226458802669	0.0649578045263435	0.0441103416560876	0.0292989672208675	0.0193591821007431	0.0501479625777163	0.072713646172273	0.0428600299990538	0.0794023281396037	0.0888686697139884	0.104933397261181	0.0771630120397818	0.058468555410703	0.037314603029929	0.039788308562805	0.0281855441968549	0.0836967405195188	0.0286315396954917	0.0874343032788749	0.0865093543372973	0.095969934957196	0.0793927204654072	0.0407992784836979	0.0432750422582783	0.0285470922750355	0.0623117209684969	0.0833518699263081	0.0751714091183561	0.0663613829423081	0.0929064897425247	0.0310862773107459	0.0900804324433057
GB104	0.0122351597670014	0.0426983986275666	0.0852509361475405	0.00711925437372893	0.07296568001009	0.0424567583496823	0.0612829072457371	0.134719320469432	0.0302275918010208	0.0507648687320526	0.014283402725899	0.0689637638402708	0.0493033140370942	0.0388183893278392	0.0668705448959813	0.0695608160787761	0.155261638188603	0.015678063293712	0.0679790017881779	0.167999213091051	0.045149785776933	0.0136936040191836	0.0593701108085989	0	0.125712329916882	0.0414218985183974	0.00932734831873647	0.00764798810423324	0.0166472468285285	0.019090576327848	0.0659812695977062	0.0290072416190547	0.00630339593426654	0.0388398535004017	0.0277023307715703	0.0173957744552142	0.0388621071899178	0.0430238578242786	0.0256373609764257	0.0565984147892456	0.0153229760989133	0.0564250449339549	0.00835442295970602	0.0185459213627672	0.0574429066230853	0.0616935691749207	0.0116467221223777	0.0167590274188592	0.0205278120878519	0.0240534626986982	0.0349355727584675	0.0538644964872587	0.0217468291709218	0.00648283515527675	0.0265437952840155	0.0399946407462009	0.0406712279325784	0.0295566347888624	0.0402399642449437	0.033958881350253	0.032541502605785	0.0438113067901195	0.0246032601401135	0.0224814541835451	0.0204454666265813	0.0399369120673098	0.00783442322816229	0.028651601992397	0.0192125426814656	0.00966978898786968	0.0396273961535307	0.034486532851	0.036858538748941
GB114	0.116374693434648	0.0838963286292673	0.0409574157774749	0.126409299144841	0.0736716660962562	0.0902944805495667	0.0649098218465694	0.0112628295424987	0.150893773544918	0.0822542534031049	0.114041831381995	0.0582808122941942	0.0866282358765602	0.0934062942561477	0.0686135378976663	0.0565243276645138	0.0298268236784321	0.113555944703444	0.060896886004643	0.0424311220683534	0.0876114165241068	0.136867454482449	0.0686421315703127	0.125712329916882	0	0.0852831605859477	0.118442116512193	0.121611700590813	0.139009471719313	0.141630813780457	0.060253358963463	0.15077839264966	0.124003900196215	0.0871080677918713	0.102161813038166	0.111178320014116	0.0898761667988517	0.0909946315517329	0.147190663549635	0.0702797980847383	0.111536363835889	0.0777477506134245	0.130862454121763	0.110124980184165	0.0736801058355004	0.0647093084725467	0.116455373589439	0.139618728347499	0.108914390206337	0.145668691607437	0.15497662217328	0.172300208548103	0.143971365359094	0.124535432518131	0.103180907892458	0.105905096639286	0.0918758203736459	0.150893270367324	0.0928660898347094	0.154595502548748	0.153219068441728	0.163239839402112	0.146643453776234	0.106855731720876	0.109199098490103	0.0917334992325667	0.129235678173677	0.149682193994522	0.141577469730618	0.133282073218413	0.158929065772981	0.0964006858341622	0.157052917010856
GB117	0.031642050868032	0.00844465622400884	0.0447144342793359	0.0411295321854678	0.0317480004383157	0.0182010109319982	0.0215509082708094	0.094251317132001	0.0688262477216094	0.0259021769155457	0.0296766364928147	0.0303423293781551	0.023614998031972	0.0167244027340502	0.041973121671213	0.029272916378698	0.1147825466563	0.0291670675793983	0.0299083369624133	0.127570046996227	0.020402646030892	0.0523954860565036	0.018904674318478	0.0414218985183974	0.0852831605859477	0	0.0346022566422971	0.0379933176392859	0.0557165495449244	0.0574258895534458	0.0255640458710717	0.067313922926633	0.0405896782235365	0.0071949166212833	0.0190577367885095	0.0269364210485358	0.0113488323845421	0.0186414136222065	0.0640323635830422	0.0178711814899938	0.027681272994313	0.0311367994531839	0.0471175002931344	0.0262208478713427	0.0276531766949579	0.0215415334225529	0.0321715794353172	0.0549685721370307	0.0249244506950631	0.062600501671885	0.0735388061389177	0.0919383731153276	0.0599808688040334	0.0405754907564683	0.0197709450366521	0.0237690889737522	0.0177136466866641	0.067401905854543	0.017692212758567	0.0718066962906207	0.0707180317528922	0.0816556490731962	0.0624757272501787	0.023088037563168	0.0254531710248704	0.0173043357584663	0.0441944137441389	0.0671022148671174	0.0577796708905336	0.0482349489072357	0.0783157803946071	0.0162677937986875	0.0748697930213177
GB127	0.00786312288520011	0.0353477919530688	0.0781740469839236	0.0107258152230784	0.0662058296077179	0.0342837231929856	0.05420942781399	0.127554507342854	0.0380616566599017	0.0423856574026021	0.00745972327525243	0.0612280205494226	0.0413338955717556	0.0307474196324068	0.0585063486312977	0.0624968253000818	0.148074634598963	0.0086979782561574	0.0600035491615835	0.160723450358468	0.0369898095689338	0.0215997432941815	0.0524855523247912	0.00932734831873647	0.118442116512193	0.0346022566422971	0	0.006911592132934	0.0243300190195441	0.0271565916505877	0.0587581981613178	0.0370642490910761	0.00841529249987386	0.031539601471388	0.0192900589441485	0.01009900999406	0.0308622560567326	0.0349609889654499	0.033652281125236	0.0493515533479777	0.00964615365838387	0.0482608097596	0.0150149672238081	0.0112378354433623	0.0490595399204529	0.0547837879922655	0.00709943767199575	0.0248806262106606	0.0127785918173484	0.0319015165094775	0.0427461160215163	0.0619227508026542	0.0298187172774113	0.0088727071415633	0.0181846694639799	0.0319822679057416	0.0325006688521667	0.0377167252202829	0.031941915758782	0.0421090929609056	0.0405965085809279	0.0519691734678215	0.0327429391180325	0.0141771320033715	0.0129169920539352	0.0316343722733283	0.0132093809267525	0.0365453981277016	0.0271259313543337	0.0173948303775185	0.0474023380777752	0.0260666087293301	0.0449634523065102
GB129	0.00983668301400618	0.0387666860802306	0.0814749800948182	0.00910004226707223	0.0696084016952852	0.0381186782297763	0.0575044826425687	0.130774015504302	0.0343065548763432	0.0461697128008712	0.0104350133897977	0.064784096121186	0.0452538537745825	0.0346567821171549	0.0622857000039081	0.0657959794907859	0.15127750132421	0.0120562559776855	0.0638483287484357	0.163915219933096	0.0408438933317107	0.0179354556885576	0.0558388293767818	0.00764798810423324	0.121611700590813	0.0379933176392859	0.006911592132934	0	0.0204639281287338	0.0235056564555212	0.0619550984390456	0.0333774038073089	0.00728015144146283	0.0347000358419286	0.0230447074746468	0.0130734942792303	0.0347031375788378	0.0388139598447867	0.0299644624118251	0.0528703809085518	0.0116420791136345	0.0521275200551808	0.0117894898232242	0.014005659802529	0.0528205703906339	0.0581657218586917	0.00897752762962641	0.021229272021564	0.0160814116607806	0.0281905266503342	0.0390014104319341	0.0582947198188666	0.0262063829501094	0.00722566464324388	0.021880012845169	0.0358853435350789	0.0363594730093022	0.0340927290457367	0.035749524521331	0.0384800877948903	0.0369325315372811	0.0483354362047682	0.0291107331468451	0.0179068156743817	0.0158826821410765	0.0354780406794614	0.0106145874056213	0.0328410756256845	0.0233870727278179	0.014039587233018	0.0436445951950972	0.0297776939620198	0.0413336777739754
GB131	0.0280436443522422	0.0581938027582987	0.098883253230591	0.0190657768727779	0.0872530816028817	0.0583999287525211	0.0758424945401423	0.148171791825632	0.0144000840673195	0.0664147708301592	0.0300087786157324	0.084701012556601	0.0655179505020079	0.0549544708031898	0.0825349325031945	0.0835603627592626	0.168675279376483	0.0315144077658352	0.0841017370723715	0.181313001296737	0.0611289012236427	0.00698709954517056	0.0732585180814218	0.0166472468285285	0.139009471719313	0.0557165495449244	0.0243300190195441	0.0204639281287338	0	0.00712777473352323	0.0793527360967915	0.0146798503472272	0.0177734156581338	0.0523887981444296	0.0433266504545404	0.0332097946054707	0.0549227723644839	0.0590137165754732	0.0103996687161858	0.072367434286409	0.0306067734937927	0.0724140521552828	0.0106646921709086	0.0342226419033426	0.0730795017396561	0.0763250100943777	0.0272056809861702	0.00663498588520187	0.0361937988511842	0.00924467582154473	0.0189764069186317	0.0383112375633885	0.00865593064585795	0.0175881223409728	0.0421361682014634	0.0560581710829277	0.0566272888370235	0.0152921224332819	0.0560142557804633	0.0185117597851639	0.0169200939843619	0.0282993436217158	0.0121631149973984	0.0381657835096121	0.0359663201326674	0.0557323195642293	0.014702912949195	0.0129021938720887	0.00733741284865472	0.0102012753345524	0.0236592062589045	0.0500280235075589	0.0213605699204661
GB133	0.0300456320942201	0.0605309193558765	0.10106580313107	0.0204384045703619	0.0883431561818026	0.060745177959854	0.0783330724772179	0.150576785808862	0.0122822261000325	0.0692899266276697	0.0323550501236259	0.0871614467616033	0.0669588857904227	0.0568728736893396	0.0853850803893022	0.085907681798092	0.1711301975178	0.0338626918806271	0.0859732292216234	0.183901057700918	0.0633842767865369	0.00802988228208804	0.0749176440365387	0.019090576327848	0.141630813780457	0.0574258895534458	0.0271565916505877	0.0235056564555212	0.00712777473352323	0	0.0818912858011747	0.013460125320243	0.0209369373065655	0.0552497270582902	0.0462009909402843	0.0356962693234285	0.0570160226162636	0.0611542198769372	0.00822700224546339	0.0744459428495229	0.0333655903473346	0.0746512557521011	0.0133062215601894	0.0370339561122084	0.0759600693679819	0.078319799380772	0.029716093492967	0.00725017115356156	0.0388958417067323	0.00800327200212074	0.0168173759470158	0.0352639418208238	0.00710486256750962	0.0203562688718625	0.0450106464476898	0.0577677738561173	0.0589427230597445	0.0125452400363906	0.0586556963472053	0.0151863815262914	0.0141749234124548	0.0248924963778318	0.0103538394670444	0.0408794897975344	0.0388449503560409	0.058323407301096	0.0160979468309593	0.0110489635098011	0.00713019263036925	0.0116669457109476	0.0215949077733012	0.0529841843879584	0.0180770057521648
GB134	0.0566587588853306	0.0242734288872041	0.0201981243362293	0.0666748962619088	0.0257085035131736	0.0309622425096806	0.0121986591774556	0.0693699617804301	0.0912205002675153	0.0250084345614669	0.0543296169677768	0.0187399626681299	0.0284858064519034	0.0341426869760258	0.0317377274046944	0.0121519083975617	0.0899029702249199	0.053806785080168	0.0205285118873974	0.102512957547048	0.0290535631580184	0.0771330508845623	0.014008305002606	0.0659812695977062	0.060253358963463	0.0255640458710717	0.0587581981613178	0.0619550984390456	0.0793527360967915	0.0818912858011747	0	0.0908875414217361	0.0643604822231062	0.027444411643	0.0424851323430887	0.0514662449408059	0.0302667625323691	0.031427102445653	0.0874616042381585	0.0151464514189748	0.051858409524265	0.0254144180152151	0.0711564861915328	0.050398334333993	0.021263704324762	0.0120584878769487	0.0567376107880563	0.0798898774641331	0.0491571713314213	0.085945198255958	0.095479468730363	0.11399401935062	0.0842582242506923	0.0648336831593152	0.0435303758754574	0.0460495787926696	0.0322979161083096	0.0911842762972369	0.0334972414291567	0.0949692389730251	0.093612535282819	0.104160043100516	0.0868878920722489	0.0471285587044978	0.0494481498055687	0.0324546136714593	0.0694960269587811	0.0900183513459533	0.0818572136187794	0.0735479495441071	0.0996935288562919	0.0367550201375376	0.0974175161635033
GB135	0.0400958516719666	0.0704914243383841	0.110263447945166	0.0307583387075651	0.098492712459781	0.0702069140970707	0.0880552738754436	0.159726813435555	0.0162637698642834	0.0791532055597113	0.042286009499521	0.0970889374312728	0.0772385133637322	0.0668975890736387	0.0952421174657465	0.0956740259672656	0.180299964366537	0.0437305230797842	0.096024005777306	0.193065281016658	0.0732327705305634	0.0169737409668589	0.0841068328932078	0.0290072416190547	0.15077839264966	0.067313922926633	0.0370642490910761	0.0333774038073089	0.0146798503472272	0.013460125320243	0.0908875414217361	0	0.0308106495443769	0.0648809410631657	0.056091725939151	0.0456211257613066	0.0670401740330036	0.0711773960954613	0.0128943786787038	0.0844339392702989	0.0432677006518299	0.0845637654114251	0.022819359203556	0.0468842157661313	0.0858341638337482	0.0883328892817401	0.0396165498391245	0.015415381677825	0.0485682447977138	0.0135316959337679	0.0204955586420391	0.0388216247424634	0.0136093685845609	0.0302220051637804	0.0548810783698402	0.0661774223877324	0.0689469564969492	0.0173313157360135	0.0685483059949345	0.0189950246824836	0.0182336334637695	0.0285401340348251	0.0168684371982259	0.0507630944966969	0.0484311161656873	0.0682201744480567	0.0261819605960163	0.0155911222429513	0.0139215202352992	0.0214637701465475	0.0249019938643382	0.0628440494112896	0.0215393334928185
GB140	0.0112758690580688	0.0414581922532031	0.084000466071596	0.00793846123710726	0.07220072720689	0.0410671140998602	0.0600592494763509	0.133249428085606	0.0317072860162818	0.0490260053839948	0.0131165060588638	0.0675981068851972	0.0482569025885878	0.0376555989261227	0.0651479444720528	0.0683162782830421	0.153758460524106	0.0145959424306497	0.0668139885170291	0.166324065189169	0.0437997970918212	0.0154754312525532	0.0584245136365144	0.00630339593426654	0.124003900196215	0.0405896782235365	0.00841529249987386	0.00728015144146283	0.0177734156581338	0.0209369373065655	0.0643604822231062	0.0308106495443769	0	0.0371057348833843	0.0259346339541177	0.0161769797283488	0.0376320441789699	0.0417983987453309	0.0274073266320758	0.0555992484318488	0.0138361329269229	0.0550971074462539	0.00942509300945647	0.0169745678260847	0.0556878177355034	0.0607334512728031	0.0106654315434321	0.0187396814604525	0.018907346438165	0.0255796578806834	0.0363583042841367	0.055756629642212	0.0236433804848918	0.00698151416556834	0.0247741848902984	0.0388435168060088	0.0393168215611667	0.0315578365980676	0.0386694287034598	0.0359467080973013	0.0343933985991911	0.045782094256896	0.026566191567014	0.0208366604373706	0.0188073610882228	0.0384122419425032	0.00906929986979436	0.0302372745548685	0.0209879133770374	0.0118355125922597	0.0410178837300551	0.0326479366895827	0.0387832757198449
GB142	0.0296127169552927	0.0112617528677513	0.0470504156793609	0.0395568393998676	0.035559985617345	0.0205783616055292	0.0241931033922792	0.0963092208510697	0.065757624880232	0.0281416473797325	0.0272389581953787	0.0331959404013675	0.0274721009826118	0.0200152841180262	0.0442692594169968	0.0318570601556337	0.116851542408418	0.0268006724296044	0.0334469560872425	0.129417143762112	0.0230771464041688	0.0501189468560195	0.0218129821046434	0.0388398535004017	0.0871080677918713	0.0071949166212833	0.031539601471388	0.0347000358419286	0.0523887981444296	0.0552497270582902	0.027444411643	0.0648809410631657	0.0371057348833843	0	0.0178072647934761	0.0244693956573052	0.0136882433376153	0.0212843529691901	0.0614562874490565	0.0213285212056956	0.0247875603875428	0.0341449086036947	0.044003294893738	0.0234837214453052	0.0299687450939808	0.0247462905962208	0.0295891825279052	0.0530441853998586	0.0223914943353245	0.0597140276898639	0.0704432842556876	0.089770897395081	0.0578425498397061	0.0376244453675669	0.0186647526505921	0.0253827585039115	0.0206987888956762	0.06549849793917	0.0195857100282805	0.069953901034714	0.0684174782398975	0.0798043764074041	0.0607244309150811	0.0210500659533974	0.0224993824582509	0.0199869713190981	0.0423784464070893	0.0643134792946806	0.0551607752538691	0.0464365552508771	0.0750886541273859	0.0163755861835347	0.0727952190420844
GB147	0.0170458580503673	0.0194294680323866	0.0619385612357144	0.0291043540763885	0.0500048607437298	0.015752880324873	0.0379811768993886	0.111274206578129	0.0570834031460261	0.0234456350344864	0.0144440897345317	0.0446901388955538	0.0224737998973014	0.0127396398445008	0.0395997269549454	0.0462730082899633	0.13182762189947	0.014060945571118	0.04279790363378	0.144470887202205	0.0180997688704255	0.0406163573227446	0.0363878531927111	0.0277023307715703	0.102161813038166	0.0190577367885095	0.0192900589441485	0.0230447074746468	0.0433266504545404	0.0462009909402843	0.0424851323430887	0.056091725939151	0.0259346339541177	0.0178072647934761	0	0.0114535892045953	0.0145653991047481	0.0162606020411006	0.0526905121526333	0.0330873758654402	0.0158561786914225	0.0293214270195952	0.033801519735293	0.0106570801904632	0.0301435064863075	0.038588521625809	0.016964342071195	0.0439361747580044	0.009605390714973	0.0509655534694291	0.0617991449555965	0.0810261063955047	0.0489017902638274	0.0263602404168459	0.00669061050862321	0.017237613325694	0.0141329915942436	0.0567380445021572	0.013615391956821	0.061198018453639	0.0596681472403233	0.071050856375333	0.0518222625809486	0.00822262488060979	0.0100626544380147	0.0136060186102046	0.0317259641796953	0.0556189163089401	0.0461664496159012	0.0364312607268191	0.0664412991491833	0.00888879578997148	0.0640502815144231
GB149	0.00849665300579591	0.0278057089414109	0.0707857055269709	0.0184621235750841	0.0584538601564639	0.0255914330411928	0.0467254023133504	0.120213048175128	0.0468216159691413	0.0338650208832038	0.00748789417345754	0.0534950647164475	0.0323917432358921	0.0218850870550883	0.0499500492869905	0.055091226642782	0.140755359045785	0.00761849365803893	0.0516874859429369	0.153465198447006	0.0282589464043879	0.030143195753823	0.0448695769288925	0.0173957744552142	0.111178320014116	0.0269364210485358	0.01009900999406	0.0130734942792303	0.0332097946054707	0.0356962693234285	0.0514662449408059	0.0456211257613066	0.0161769797283488	0.0244693956573052	0.0114535892045953	0	0.0225356931356017	0.026132045849932	0.0422144815739658	0.0416539941133574	0.00894434133902042	0.0394709740549025	0.0236366849223321	0.00717928379155564	0.0405194456453877	0.0472055941142819	0.00841681731834236	0.0333080220252576	0.00747953183099985	0.0405891881409016	0.0514985983720934	0.0704555977324043	0.0383758033917408	0.0161242174676083	0.0104646571410124	0.0235616925943906	0.0237807990051806	0.0461354052854909	0.0233555670587741	0.0505347331289691	0.0491498201671574	0.0603902134479898	0.0411632904463043	0.00829693993478261	0.00681483771445023	0.0229926504937913	0.0211742121227688	0.0452005509475265	0.0357801116193936	0.0258211025384941	0.0562335293401371	0.0175433652734177	0.0534336281695751
GB153	0.0278706716825113	0.00965703827931047	0.0493565648417882	0.0396238580872916	0.0367755323196902	0.0123878166860327	0.0253832597059734	0.0988665186997616	0.068423643896375	0.0188330679031258	0.0255586810955646	0.0320794268821677	0.0170089630786367	0.0115187280726704	0.0346324007083295	0.0336941428520162	0.119408840407627	0.0250258100303737	0.0301061657755965	0.132163053510165	0.0138874229213054	0.0515866969345194	0.0244944591376216	0.0388621071899178	0.0898761667988517	0.0113488323845421	0.0308622560567326	0.0347031375788378	0.0549227723644839	0.0570160226162636	0.0302667625323691	0.0670401740330036	0.0376320441789699	0.0136882433376153	0.0145653991047481	0.0225356931356017	0	0.0123254574336714	0.0637061012287935	0.0204429178018913	0.0245458993712685	0.0239424979916275	0.0452723952217235	0.0217473584443632	0.0204035475511443	0.0257384298143513	0.0283090366953702	0.0546248633075844	0.0204800183536729	0.0621646207315151	0.0731315822763876	0.0917687602717467	0.0597308155036334	0.0377560705134664	0.0149698503447151	0.0198892395698813	0.011661415256447	0.0673025104809891	0.0116250210940236	0.0717304100216639	0.0704914385622198	0.0815581536353236	0.0623324828768017	0.0182979377880316	0.0208971809755747	0.0106733610684221	0.0423710294481781	0.0667830308654694	0.0572571767625785	0.047077243602035	0.0778512867788474	0.0114608486230024	0.074748749534289
GB157	0.0317182722642566	0.0154353411905844	0.0503480253797589	0.0436734368629528	0.0378567633228471	0.00707238993779145	0.0266871756187292	0.0999627928390647	0.0725952595321819	0.011185957920841	0.0294033057347994	0.0330826292717547	0.0100566253355337	0.00902836019469594	0.0262840008833493	0.0347335722598464	0.120510658230444	0.0287837083404413	0.0307142842899669	0.133281516381586	0.00812869128063227	0.0557056065611165	0.0278751790297754	0.0430238578242786	0.0909946315517329	0.0186414136222065	0.0349609889654499	0.0388139598447867	0.0590137165754732	0.0611542198769372	0.031427102445653	0.0711773960954613	0.0417983987453309	0.0212843529691901	0.0162606020411006	0.026132045849932	0.0123254574336714	0	0.0678599640501268	0.0216562202049777	0.0313033821776208	0.0157924333876563	0.0494717547312529	0.025179445969336	0.0178458499392927	0.0268022756026399	0.0322016380031151	0.0586254554189215	0.0237228975471373	0.0663512282148756	0.0772719832532334	0.0958682626034274	0.0637989673349592	0.0419508057147867	0.0173214296251771	0.0191087451095533	0.00807480418565448	0.0708354806734456	0.00899939364965328	0.0757759628121299	0.0743726987128306	0.085085928063802	0.0659362070563466	0.0213619831413256	0.024046014401723	0.00853044545451988	0.0464624923776195	0.07072371737373	0.0614242267352764	0.0511374996241295	0.082069843405425	0.011093028004968	0.0788018621429048
GB180	0.0367659349558931	0.0670954758169675	0.106650345177964	0.0275227396438519	0.0952535560636809	0.0673829604203653	0.0847875308809858	0.156142178207937	0.00638759577813831	0.0757909758825495	0.0389455179260536	0.0937061956284022	0.0740351805256473	0.0635949584721315	0.0918886331897793	0.0922674287599747	0.176690048039562	0.0404409232427074	0.0927512346945628	0.189460911082499	0.069999733281256	0.0131251361583256	0.0807163850827651	0.0256373609764257	0.147190663549635	0.0640323635830422	0.033652281125236	0.0299644624118251	0.0103996687161858	0.00822700224546339	0.0874616042381585	0.0128943786787038	0.0274073266320758	0.0614562874490565	0.0526905121526333	0.0422144815739658	0.0637061012287935	0.0678599640501268	0	0.0810945953684624	0.0398711951618845	0.0812410631715649	0.0193031631842858	0.0435099062895534	0.0824555713269446	0.0850046539697984	0.0361894355767002	0.0113002423201735	0.0454313897461903	0.00582514459859918	0.0103954955361633	0.0284946869042787	0.00718762859292893	0.0267979661661266	0.0515055774588778	0.0647623954773551	0.0655088189123857	0.0102913095521731	0.0651612472203043	0.00948296681004153	0.0079807099195978	0.0184343180082964	0.011800417878825	0.0474375261915754	0.0453318302717173	0.0648213787512346	0.0229634635169247	0.0063912241667923	0.0078297738165764	0.0180890289408089	0.0145543646502468	0.0594879993510367	0.0121181757892529
GB181	0.0465722956666441	0.015051179918263	0.0297878544890519	0.0571045308477349	0.0224446591479008	0.0211925985799594	0.0086509777790681	0.0792644592848691	0.0858187970488963	0.0176010878116946	0.0445032083062512	0.0139376253708068	0.0181356741378855	0.0237404784432264	0.0251607570910093	0.0145354761431615	0.0997956839926315	0.043953488910138	0.0133707645052875	0.112560999965427	0.0194746743454927	0.0689363987984681	0.0199992147020318	0.0565984147892456	0.0702797980847383	0.0178711814899938	0.0493515533479777	0.0528703809085518	0.072367434286409	0.0744459428495229	0.0151464514189748	0.0844339392702989	0.0555992484318488	0.0213285212056956	0.0330873758654402	0.0416539941133574	0.0204429178018913	0.0216562202049777	0.0810945953684624	0	0.0426519215671402	0.0168194421990351	0.0628338115985947	0.0409361186126868	0.013786897321956	0.00937638643922077	0.0469937373253733	0.0719323662871664	0.0396530969124852	0.0796109778486719	0.0905403932838729	0.109152829933046	0.0770765795852199	0.0556028492823996	0.0341226955631165	0.0358896317205044	0.0227584107261565	0.0846837376705324	0.0237221812001533	0.0890877139237192	0.0879387297865116	0.0989381944892382	0.0797102970983645	0.0376462432264228	0.0400770219851925	0.0224536095811713	0.0599501668428532	0.084172635668456	0.0746856141045238	0.0644351665796054	0.0952690696776515	0.0276950741694732	0.0921086671978536
GB182	0.00925935465240418	0.0286219228774008	0.0712676151382803	0.0166388568233209	0.0592669335880665	0.0306765146628775	0.0472875473776249	0.12063211270354	0.0443533843928816	0.0387815753694134	0.00944869672983057	0.0546902331401302	0.037707522661999	0.0271952429344181	0.0548982399355884	0.0555973511678402	0.141163333272091	0.00964547183383444	0.0536345043266662	0.153862075372176	0.0333609314767098	0.0278348644743815	0.0455914222343703	0.0153229760989133	0.111536363835889	0.027681272994313	0.00964615365838387	0.0116420791136345	0.0306067734937927	0.0333655903473346	0.051858409524265	0.0432677006518299	0.0138361329269229	0.0247875603875428	0.0158561786914225	0.00894434133902042	0.0245458993712685	0.0313033821776208	0.0398711951618845	0.0426519215671402	0	0.0446155302113656	0.0211925510213607	0.00969877386362188	0.042832516566521	0.0478905079641727	0.00947007114970774	0.0310199182348871	0.0111360582099719	0.0381714624888969	0.0489897801531385	0.068185003229765	0.0360913515053313	0.014371148642209	0.0153615912351983	0.0285907643235693	0.0289827574590089	0.0439439876701194	0.0283461339028571	0.0483458194543015	0.0468331470596369	0.0581993582573804	0.0389715932271998	0.0124822665085884	0.0112611946551073	0.0281300480298773	0.0192054777236825	0.042783636374004	0.0333319919353182	0.0236006843236585	0.0536711649837518	0.0225667547472198	0.0512092528168601
GB99	0.0452960746720283	0.025093650285418	0.0374897797639021	0.0573374583113073	0.0331870164872721	0.0150920663092455	0.0196283733509857	0.086743369021199	0.0859153416722712	0.00837166129242931	0.0427767706075401	0.0208361407629017	0.0110411960943226	0.0185364705923183	0.0115248470377845	0.0230428241945878	0.107313424123056	0.0421130912133841	0.0185428145294539	0.120034358718178	0.0126175315488563	0.0691699177929849	0.0329226458802669	0.0564250449339549	0.0777477506134245	0.0311367994531839	0.0482608097596	0.0521275200551808	0.0724140521552828	0.0746512557521011	0.0254144180152151	0.0845637654114251	0.0550971074462539	0.0341449086036947	0.0293214270195952	0.0394709740549025	0.0239424979916275	0.0157924333876563	0.0812410631715649	0.0168194421990351	0.0446155302113656	0	0.0628075027330355	0.0384999339967364	0.0103779700537673	0.0196064339687276	0.0456237742545629	0.0722852064052013	0.0371078872921491	0.0797358584599663	0.0906438971258173	0.109388058459518	0.0773279046018918	0.0552628380481643	0.0305330039782807	0.0322760157193048	0.0170705016923485	0.0850269213469342	0.0183643542178389	0.0894394401046965	0.0881184164171267	0.0992828488650948	0.0800564732741226	0.0346455495766919	0.0374665902457153	0.01712340004554	0.0600350750892451	0.0842858233084582	0.074809351315101	0.0647460446137973	0.0953557741912928	0.0226813939051947	0.0923551566372014
GCDF199	0.0184215471416599	0.0487437457824596	0.0906695510552387	0.0103015633008321	0.0787137847657156	0.0487918637768187	0.0668946822559593	0.139985941952527	0.0236412268131971	0.0568747900501646	0.0204233528006671	0.0751493160396513	0.0558664353206904	0.0453083333982663	0.0730325161206602	0.0750039611952473	0.160567088259591	0.021904490831675	0.0744675882160664	0.173193713480776	0.051482402992369	0.00919478517607786	0.0649578045263435	0.00835442295970602	0.130862454121763	0.0471175002931344	0.0150149672238081	0.0117894898232242	0.0106646921709086	0.0133062215601894	0.0711564861915328	0.022819359203556	0.00942509300945647	0.044003294893738	0.033801519735293	0.0236366849223321	0.0452723952217235	0.0494717547312529	0.0193031631842858	0.0628338115985947	0.0211925510213607	0.0628075027330355	0	0.0246958298693326	0.0635729471616673	0.0674404034936669	0.0177143822233616	0.0110442954059126	0.026692738427282	0.0176738044611564	0.0282767315235252	0.0474767712782128	0.0159380813564334	0.00960486225849676	0.0326222524968813	0.0465226217050745	0.0470172406146021	0.0233115877466972	0.046459816885416	0.0276643678950466	0.026126585129385	0.0375346027954359	0.0190431998497007	0.0286152696453336	0.0264800739182968	0.0461755702742422	0.00839363267960384	0.0220710064585537	0.0134782963573481	0.00741477046077224	0.0329294885329977	0.0405235504073025	0.0305369321275691
GCDF203	0.00947285495754896	0.0269912745653078	0.0697805490532909	0.0198993085356749	0.0578274551515627	0.0245412237697629	0.0458062801209062	0.119191580198028	0.0479377679188143	0.0326724168515266	0.00796890277662456	0.0525146990713447	0.0315963644063985	0.0212801423845719	0.0487866075803535	0.0541357253160742	0.139709639880392	0.00806593919241086	0.0508497397255416	0.152392719129119	0.0272410385348279	0.0314784284605823	0.0441103416560876	0.0185459213627672	0.110124980184165	0.0262208478713427	0.0112378354433623	0.014005659802529	0.0342226419033426	0.0370339561122084	0.050398334333993	0.0468842157661313	0.0169745678260847	0.0234837214453052	0.0106570801904632	0.00717928379155564	0.0217473584443632	0.025179445969336	0.0435099062895534	0.0409361186126868	0.00969877386362188	0.0384999339967364	0.0246958298693326	0	0.0393261729429165	0.0464131960062066	0.00996356639620669	0.0346710030930211	0.00714987684617459	0.0417513737850117	0.0525455389058951	0.0718234213765221	0.0396879281698152	0.0172252796326924	0.0100001208539294	0.0230243230765366	0.0227424872173655	0.0475406028668989	0.0221999113052858	0.0519171391021122	0.0504696370300018	0.0617592405866493	0.0424854993970707	0.00743565197700089	0.00678279765204272	0.0219615170872846	0.0225393254112339	0.0464256967634264	0.0369840080125464	0.0272296841698464	0.0573297932066701	0.0164737274818536	0.0548592104830525
GCDF208	0.0465941082197006	0.0212366223626892	0.0335403593125367	0.0588681654948177	0.0302951562811028	0.0170863552555216	0.0163052323076761	0.08278140335372	0.0868302903542615	0.011048473685867	0.0438751997896517	0.0171056284588018	0.0143076853610274	0.0204926061989608	0.0152305329472504	0.0195077373787309	0.103307079636689	0.0432746518365663	0.0152964948469566	0.11598363466034	0.01511689513743	0.0704016238074712	0.0292989672208675	0.0574429066230853	0.0736801058355004	0.0276531766949579	0.0490595399204529	0.0528205703906339	0.0730795017396561	0.0759600693679819	0.021263704324762	0.0858341638337482	0.0556878177355034	0.0299687450939808	0.0301435064863075	0.0405194456453877	0.0204035475511443	0.0178458499392927	0.0824555713269446	0.013786897321956	0.042832516566521	0.0103779700537673	0.0635729471616673	0.0393261729429165	0	0.0162902193125149	0.0466222102104714	0.0736051191660491	0.0379627714911946	0.080696707986521	0.0915394319277821	0.110791176482282	0.0786575544437375	0.0561324281222893	0.0313488604086969	0.0339104644954205	0.0188465805987668	0.0865576322181056	0.0198188036482668	0.0909630778160962	0.0894489644302262	0.100813559134199	0.0815871821885759	0.0355403687466275	0.0382944108316242	0.0186585714814789	0.0615034786739735	0.0853727420396877	0.0759577241284077	0.0661935405523488	0.0962233042927703	0.0237513051104892	0.0938082014520963
GCDF210	0.0520350395918193	0.0198773349202567	0.0243906918536834	0.0618407272103459	0.0204592780633406	0.0265206892532532	0.00754991379117292	0.0737204540408019	0.0896451323471888	0.0212881852298824	0.0499681383935791	0.012478162466332	0.0230945345258924	0.0293298041015261	0.0257571404893892	0.0103056061239161	0.0942683211631245	0.0495457833614012	0.0135579571090262	0.106994803279939	0.0245099764768824	0.0731851549612151	0.0193591821007431	0.0616935691749207	0.0647093084725467	0.0215415334225529	0.0547837879922655	0.0581657218586917	0.0763250100943777	0.078319799380772	0.0120584878769487	0.0883328892817401	0.0607334512728031	0.0247462905962208	0.038588521625809	0.0472055941142819	0.0257384298143513	0.0268022756026399	0.0850046539697984	0.00937638643922077	0.0478905079641727	0.0196064339687276	0.0674404034936669	0.0464131960062066	0.0162902193125149	0	0.0524915155361999	0.0759863258160726	0.0451068088525172	0.0834908908741041	0.0943515442989089	0.113028100870474	0.0810069616394814	0.0608015140198698	0.0396101036381842	0.0413784780774755	0.0280309815825236	0.0885712591686634	0.0292314780368046	0.0929756074240713	0.0917807374939774	0.102811946486584	0.083641452846503	0.0430921148132495	0.0455790720127448	0.028426840939004	0.0646928555209829	0.087951685443069	0.0786229971457611	0.06895856446389	0.0990965400982385	0.0329047257005416	0.0959399971697066
GCDF213	0.0070065682626922	0.0331158775535196	0.0760422275599205	0.0127528630211159	0.0637031757846625	0.0316803494204927	0.0520288607086798	0.125429076979859	0.040805160115012	0.0399852127890394	0.00702907265201587	0.0588628712552364	0.0384979350210139	0.0280366357453544	0.0560213846314435	0.0602953430980143	0.146015769905514	0.00813391106908746	0.0573801398653575	0.15872006283866	0.0343501306317671	0.0241579261156871	0.0501479625777163	0.0116467221223777	0.116455373589439	0.0321715794353172	0.00709943767199575	0.00897752762962641	0.0272056809861702	0.029716093492967	0.0567376107880563	0.0396165498391245	0.0106654315434321	0.0295891825279052	0.016964342071195	0.00841681731834236	0.0283090366953702	0.0322016380031151	0.0361894355767002	0.0469937373253733	0.00947007114970774	0.0456237742545629	0.0177143822233616	0.00996356639620669	0.0466222102104714	0.0524915155361999	0	0.0273502949587624	0.0106714856051669	0.0346108224393442	0.0454904526434462	0.0644252280318978	0.0323603582248619	0.0109665273345367	0.0157879498996537	0.0292978941114864	0.0298942980177776	0.0400817798205999	0.0294246774242081	0.0445096309325009	0.0430776013080219	0.0543046603449667	0.0350922122973986	0.0122686677772288	0.0103707022628643	0.0291385947058749	0.0154024248288926	0.0392052871786585	0.0297766615156875	0.0198048235133591	0.0502123904950691	0.0236706885655006	0.0474373722505389
GCDF217	0.0275692238256034	0.0581364135700043	0.0990071343352096	0.0176268357270858	0.0856519442315054	0.0584043921394782	0.0759713137992705	0.148591457292287	0.0158400548824269	0.066997656466985	0.0300504234290183	0.0847385311217019	0.0641975894269317	0.0543456849350472	0.0830844973373895	0.0837047481627175	0.169134755929311	0.0314315475542286	0.0835365790008294	0.181896041589554	0.0610750777778601	0.00689879475123804	0.072713646172273	0.0167590274188592	0.139618728347499	0.0549685721370307	0.0248806262106606	0.021229272021564	0.00663498588520187	0.00725017115356156	0.0798898774641331	0.015415381677825	0.0187396814604525	0.0530441853998586	0.0439361747580044	0.0333080220252576	0.0546248633075844	0.0586254554189215	0.0113002423201735	0.0719323662871664	0.0310199182348871	0.0722852064052013	0.0110442954059126	0.0346710030930211	0.0736051191660491	0.0759863258160726	0.0273502949587624	0	0.0365743666812025	0.0106121841406525	0.0202473603598209	0.0385914277661629	0.00885524392960537	0.0180440444847324	0.0427319639258915	0.0549323374048026	0.0564716135838417	0.0140855751997518	0.0563391114048886	0.0180292761381339	0.0173957185252955	0.0277850063461246	0.0112295725142978	0.038565614100809	0.0365225902448098	0.0559838585028745	0.0135603068017805	0.0138092688249537	0.00750107417233533	0.00935862368273912	0.0250988413739686	0.0506938577751921	0.0213436371214086
GCDF222	0.0101458044826157	0.0257182469158763	0.0685968696694784	0.0217647749573143	0.0565269102878643	0.0231221048631752	0.0445969953493337	0.117991464457127	0.0498450705123068	0.031311788727915	0.00862946648931488	0.0513279654010378	0.0301045236093077	0.0197411069735847	0.047398646333904	0.0528949948799129	0.138508075942295	0.0090704086340136	0.0495536613343942	0.151223461736332	0.025801831037935	0.0333182836572329	0.0428600299990538	0.0205278120878519	0.108914390206337	0.0249244506950631	0.0127785918173484	0.0160814116607806	0.0361937988511842	0.0388958417067323	0.0491571713314213	0.0485682447977138	0.018907346438165	0.0223914943353245	0.009605390714973	0.00747953183099985	0.0204800183536729	0.0237228975471373	0.0454313897461903	0.0396530969124852	0.0111360582099719	0.0371078872921491	0.026692738427282	0.00714987684617459	0.0379627714911946	0.0451068088525172	0.0106714856051669	0.0365743666812025	0	0.0436840434982018	0.0545081930103326	0.0736953730535026	0.0415896034865367	0.0192085936156365	0.00891011889207864	0.0210552034673817	0.0213849509647586	0.0494490767443421	0.0208309141406319	0.0538440516801796	0.0523561627199554	0.0636516261582423	0.044383368878202	0.00749409436412871	0.00723698327548313	0.0204567790497094	0.0244037571381966	0.0483404714049715	0.0389187368140979	0.0290872471952679	0.0592890792347566	0.0150604196103152	0.0566024266634927
GCDF225	0.0352928711317781	0.0655458371973399	0.105278915227062	0.0261210128100532	0.093935247774076	0.0657162117310847	0.0831153816496483	0.154692813603565	0.00832275970076973	0.0739882252357825	0.0373797005964349	0.0920931975347827	0.0726172554523054	0.0621132761842073	0.0901229566696918	0.0906960673705496	0.175222083926201	0.0388319343704768	0.0913175476169345	0.187947040856487	0.0684697707418842	0.0119149556919707	0.0794023281396037	0.0240534626986982	0.145668691607437	0.062600501671885	0.0319015165094775	0.0281905266503342	0.00924467582154473	0.00800327200212074	0.085945198255958	0.0135316959337679	0.0255796578806834	0.0597140276898639	0.0509655534694291	0.0405891881409016	0.0621646207315151	0.0663512282148756	0.00582514459859918	0.0796109778486719	0.0381714624888969	0.0797358584599663	0.0176738044611564	0.0417513737850117	0.080696707986521	0.0834908908741041	0.0346108224393442	0.0106121841406525	0.0436840434982018	0	0.0118681552380116	0.0304168340458412	0.00716974832366851	0.0250250071709308	0.0497553786168797	0.0632507610652182	0.0639592016285116	0.0116725502902585	0.0634764263199435	0.011295508054753	0.00960094914442361	0.0203992255135543	0.0119752109619892	0.0457110589727609	0.0435803751978609	0.0631520684168796	0.0216467176832146	0.0078470281441696	0.00786929683641629	0.0168280725795399	0.0162410650371734	0.0577197913644892	0.0136963849772012
GCDF229	0.0462051486088471	0.0764501157282579	0.114646012734885	0.0370822079065773	0.104842040424395	0.0766857276209677	0.0940331639816063	0.164031437400616	0.00748774312516543	0.0848793483743764	0.0482599105159141	0.102923380305069	0.083585437387228	0.0730726360672652	0.100965323095972	0.10146023551322	0.184531880298046	0.0497062577292173	0.102248971359898	0.197247703569104	0.0793797620242894	0.0224753648343712	0.0888686697139884	0.0349355727584675	0.15497662217328	0.0735388061389177	0.0427461160215163	0.0390014104319341	0.0189764069186317	0.0168173759470158	0.095479468730363	0.0204955586420391	0.0363583042841367	0.0704432842556876	0.0617991449555965	0.0514985983720934	0.0731315822763876	0.0772719832532334	0.0103954955361633	0.0905403932838729	0.0489897801531385	0.0906438971258173	0.0282767315235252	0.0525455389058951	0.0915394319277821	0.0943515442989089	0.0454904526434462	0.0202473603598209	0.0545081930103326	0.0118681552380116	0	0.0202364612116732	0.0146848595039119	0.0359493871266493	0.0606071201313024	0.0739929553761025	0.0748593877587053	0.0155485694889318	0.0743543868414079	0.00817862408461444	0.00692272901116409	0.0122589963968053	0.0191682270173021	0.0565453642659416	0.054349524580469	0.0740870158329155	0.0324248658361459	0.00866585141024317	0.0163806388107589	0.0275816468691284	0.00796229344930246	0.0685578676486256	0.00855689732865854
GCDF232	0.0647464991744721	0.095324422524433	0.132269698712561	0.0550263746444023	0.122788611159782	0.0955619794702289	0.113032669054739	0.180508080305475	0.0241273610542218	0.104098844407785	0.0671320132384397	0.121934980229296	0.101598434601769	0.0915426286031501	0.120214664499567	0.120494615851027	0.201055942460744	0.0686597075651992	0.120720708686294	0.213821269496523	0.0981406169106262	0.0411011830837739	0.104933397261181	0.0538644964872587	0.172300208548103	0.0919383731153276	0.0619227508026542	0.0582947198188666	0.0383112375633885	0.0352639418208238	0.11399401935062	0.0388216247424634	0.055756629642212	0.089770897395081	0.0810261063955047	0.0704555977324043	0.0917687602717467	0.0958682626034274	0.0284946869042787	0.109152829933046	0.068185003229765	0.109388058459518	0.0474767712782128	0.0718234213765221	0.110791176482282	0.113028100870474	0.0644252280318978	0.0385914277661629	0.0736953730535026	0.0304168340458412	0.0202364612116732	0	0.0329577726020355	0.0550530009122208	0.0798447702569191	0.0924403361900888	0.0936825568176279	0.0324826669042008	0.0934852810971665	0.023020786788277	0.0227089623610179	0.0171176214994054	0.0369550843318604	0.0756897513162006	0.0736418515443802	0.0931198990555725	0.050700186817634	0.0261534883951147	0.0351512805568148	0.0457789048815917	0.0149419442726995	0.0878116648004513	0.0198846113905687
GCDF235	0.0326945412753507	0.06325597395048	0.103392529291938	0.0229185090795385	0.0908003154427114	0.0634791122542487	0.0809941435928899	0.152948117015338	0.0105555363403953	0.0719911588186568	0.0350716391089137	0.0898247148954507	0.0694932956060376	0.0594846112935832	0.0880956576027051	0.0885774376566964	0.173486413829254	0.0365149217159158	0.0886924278856528	0.186258255080743	0.0660789485155332	0.00990994618570601	0.0771630120397818	0.0217468291709218	0.143971365359094	0.0599808688040334	0.0298187172774113	0.0262063829501094	0.00865593064585795	0.00710486256750962	0.0842582242506923	0.0136093685845609	0.0236433804848918	0.0578425498397061	0.0489017902638274	0.0383758033917408	0.0597308155036334	0.0637989673349592	0.00718762859292893	0.0770765795852199	0.0360913515053313	0.0773279046018918	0.0159380813564334	0.0396879281698152	0.0786575544437375	0.0810069616394814	0.0323603582248619	0.00885524392960537	0.0415896034865367	0.00716974832366851	0.0146848595039119	0.0329577726020355	0	0.0229919432765908	0.0477237862280824	0.0601030432365157	0.0616058398301553	0.0118159317938291	0.0613559717030236	0.0129048173566292	0.0121016453732878	0.022440204556768	0.0106691828707816	0.0435724180342272	0.041501157907675	0.0610056898058063	0.0187336331435639	0.0100784633035837	0.00759791711849781	0.0138227752271118	0.0193765205625125	0.0556870788110025	0.016067374779871
GCDF236	0.0116744933584046	0.0416470411600489	0.084224892159303	0.00813420885242522	0.0721663850350211	0.0412603247007637	0.0602981553158977	0.133613503942586	0.0312317041680217	0.0494345472843358	0.0130231372090151	0.0677793942241356	0.0482790464290766	0.0377423808806472	0.0655404325537007	0.0685350960026486	0.154154299937113	0.0144234724787318	0.0669099072163755	0.166826338479013	0.0439701572323989	0.0150843024397307	0.058468555410703	0.00648283515527675	0.124535432518131	0.0405754907564683	0.0088727071415633	0.00722566464324388	0.0175881223409728	0.0203562688718625	0.0648336831593152	0.0302220051637804	0.00698151416556834	0.0376244453675669	0.0263602404168459	0.0161242174676083	0.0377560705134664	0.0419508057147867	0.0267979661661266	0.0556028492823996	0.014371148642209	0.0552628380481643	0.00960486225849676	0.0172252796326924	0.0561324281222893	0.0608015140198698	0.0109665273345367	0.0180440444847324	0.0192085936156365	0.0250250071709308	0.0359493871266493	0.0550530009122208	0.0229919432765908	0	0.0251773905098401	0.0389076682428519	0.039489757683542	0.030812090178105	0.0389593286119928	0.0351968820987627	0.0337013168015865	0.0450456968574512	0.0258305010602179	0.0211607184533895	0.0190865451639349	0.0386741158712392	0.00901506133695048	0.0297381998312594	0.0204482326316976	0.0109208348886853	0.040583144948639	0.0330924026461111	0.0380048751078471
GCDF238	0.0163056322542781	0.0201902750578493	0.062955988514604	0.0279318653329304	0.0510282517608368	0.0166070662042587	0.0389905810130365	0.112285652771743	0.0558973545528422	0.0246594018876703	0.0134073379367232	0.0457312917769557	0.0236640058062745	0.0137332961106711	0.0407544366940103	0.0472916499006026	0.132841168328969	0.0127778827363268	0.0438419006426226	0.145467792195503	0.0193140751886831	0.0394673117182472	0.037314603029929	0.0265437952840155	0.103180907892458	0.0197709450366521	0.0181846694639799	0.021880012845169	0.0421361682014634	0.0450106464476898	0.0435303758754574	0.0548810783698402	0.0247741848902984	0.0186647526505921	0.00669061050862321	0.0104646571410124	0.0149698503447151	0.0173214296251771	0.0515055774588778	0.0341226955631165	0.0153615912351983	0.0305330039782807	0.0326222524968813	0.0100001208539294	0.0313488604086969	0.0396101036381842	0.0157879498996537	0.0427319639258915	0.00891011889207864	0.0497553786168797	0.0606071201313024	0.0798447702569191	0.0477237862280824	0.0251773905098401	0	0.0175382381615539	0.0153040536173685	0.0556086094843017	0.0145370453676077	0.060011134793361	0.0584743977571377	0.0698021220588925	0.0506246625398747	0.00747067690944544	0.00888079347681593	0.0144254901973211	0.0305301371792501	0.0543879322105586	0.0449963475041317	0.0352428466119248	0.065271633028081	0.0100044723972913	0.0628519428122525
GCDF239	0.0285229845292339	0.0242756873632621	0.0651887833620563	0.0386530715370118	0.0495803336227181	0.0193917425020099	0.0412394110527304	0.11481031895888	0.0695840307332651	0.0271377320109744	0.0264784598233874	0.0477902617568922	0.0234771113080735	0.0177505279637196	0.0430158839532823	0.0495931619420798	0.135410573371131	0.0256138119395032	0.0452730443817799	0.148158976224938	0.0215262246760305	0.0523834557018497	0.039788308562805	0.0399946407462009	0.105905096639286	0.0237690889737522	0.0319822679057416	0.0358853435350789	0.0560581710829277	0.0577677738561173	0.0460495787926696	0.0661774223877324	0.0388435168060088	0.0253827585039115	0.017237613325694	0.0235616925943906	0.0198892395698813	0.0191087451095533	0.0647623954773551	0.0358896317205044	0.0285907643235693	0.0322760157193048	0.0465226217050745	0.0230243230765366	0.0339104644954205	0.0413784780774755	0.0292978941114864	0.0549323374048026	0.0210552034673817	0.0632507610652182	0.0739929553761025	0.0924403361900888	0.0601030432365157	0.0389076682428519	0.0175382381615539	0	0.0189704370139298	0.0650109603549495	0.0186772160890578	0.0706900574191652	0.0710229814955683	0.079420760198675	0.0596699911837626	0.019713756487225	0.0216444259547073	0.0185809861257146	0.0425730999935456	0.067587861095113	0.0582303459746669	0.0474230633164295	0.079063852026005	0.0168180131221736	0.0742310999770357
GCDF240	0.0296173343021009	0.0145927959055913	0.0513997922717321	0.0415861687124378	0.0393424851989204	0.00793404711146999	0.0275406454680393	0.100859663025899	0.0701977863832556	0.0123608824161982	0.0270362744164286	0.0340456190434369	0.0111116237886664	0.00779874093896437	0.0275007046364022	0.0356521927610491	0.121432976891296	0.0264231166143836	0.031877834707348	0.134156308541394	0.00926593998611688	0.0534541174543626	0.0281855441968549	0.0406712279325784	0.0918758203736459	0.0177136466866641	0.0325006688521667	0.0363594730093022	0.0566272888370235	0.0589427230597445	0.0322979161083096	0.0689469564969492	0.0393168215611667	0.0206987888956762	0.0141329915942436	0.0237807990051806	0.011661415256447	0.00807480418565448	0.0655088189123857	0.0227584107261565	0.0289827574590089	0.0170705016923485	0.0470172406146021	0.0227424872173655	0.0188465805987668	0.0280309815825236	0.0298942980177776	0.0564716135838417	0.0213849509647586	0.0639592016285116	0.0748593877587053	0.0936825568176279	0.0616058398301553	0.039489757683542	0.0153040536173685	0.0189704370139298	0	0.0690277764818283	0.00814272868305896	0.0736892415267048	0.0723043610577029	0.0835285941609229	0.0643051903732497	0.0190967497759207	0.0217992854163502	0.0083150012804327	0.044240014063138	0.0685552844420226	0.0591162630742548	0.049024661118635	0.0795721102393035	0.00977911180087525	0.0765275814467006
GCDF241	0.040081938691061	0.0709355542003506	0.110190004938179	0.0278766121376644	0.0926572435130977	0.0712012693737492	0.0887325531756035	0.159839237579192	0.01219736443682	0.0798772282221101	0.0428080657553492	0.0975862680511041	0.0751091308440223	0.0668205788189715	0.0958996641665998	0.0961344252632122	0.180392652298465	0.0441795036460113	0.0961154903275798	0.193169059626984	0.0738134671266031	0.0167749465509045	0.0836967405195188	0.0295566347888624	0.150893270367324	0.067401905854543	0.0377167252202829	0.0340927290457367	0.0152921224332819	0.0125452400363906	0.0911842762972369	0.0173313157360135	0.0315578365980676	0.06549849793917	0.0567380445021572	0.0461354052854909	0.0673025104809891	0.0708354806734456	0.0102913095521731	0.0846837376705324	0.0439439876701194	0.0850269213469342	0.0233115877466972	0.0475406028668989	0.0865576322181056	0.0885712591686634	0.0400817798205999	0.0140855751997518	0.0494490767443421	0.0116725502902585	0.0155485694889318	0.0324826669042008	0.0118159317938291	0.030812090178105	0.0556086094843017	0.0650109603549495	0.0690277764818283	0	0.0689985958313701	0.0112754216681075	0.0127866873846888	0.0186744676432525	0.0104825480704694	0.0514105684453189	0.0493681208051816	0.0687885529389887	0.0253040597896383	0.0115658197354412	0.0131427476398948	0.0207565944651236	0.0194422761425188	0.0635816071069602	0.0149329943403677
GCDF243	0.0293217067691413	0.0145661744354951	0.0525299369009456	0.0415187418423217	0.0406127930477713	0.0083679781457635	0.0286759419667751	0.10188020690523	0.0696673546776627	0.0132057305385424	0.0266624925037225	0.0352285977716398	0.012497697782825	0.00861977906239153	0.0286656554713093	0.0368065936208674	0.122440635330147	0.02601684741864	0.0332223781469193	0.135183702740404	0.00993310294532678	0.0530752898617224	0.0286315396954917	0.0402399642449437	0.0928660898347094	0.017692212758567	0.031941915758782	0.035749524521331	0.0560142557804633	0.0586556963472053	0.0334972414291567	0.0685483059949345	0.0386694287034598	0.0195857100282805	0.013615391956821	0.0233555670587741	0.0116250210940236	0.00899939364965328	0.0651612472203043	0.0237221812001533	0.0283461339028571	0.0183643542178389	0.046459816885416	0.0221999113052858	0.0198188036482668	0.0292314780368046	0.0294246774242081	0.0563391114048886	0.0208309141406319	0.0634764263199435	0.0743543868414079	0.0934852810971665	0.0613559717030236	0.0389593286119928	0.0145370453676077	0.0186772160890578	0.00814272868305896	0.0689985958313701	0	0.0735937514615179	0.0721203399201234	0.0833768727201404	0.0641304787361261	0.018561392395776	0.0211313514443434	0.0082601504259263	0.0441495668933247	0.0681393536729644	0.0586894379194939	0.0488602738413546	0.0790636221868823	0.0085248238962106	0.0764694320357809
GCDF245	0.0445997037670829	0.0753425226518602	0.113937856196755	0.0329817170183165	0.100182467714103	0.0756062969866425	0.093138001257121	0.163536393281185	0.00758004557068526	0.0842818407097248	0.0472096175595064	0.101943647244362	0.0802123546600342	0.0713385259262239	0.100380664973548	0.100640520980262	0.184089810709761	0.0486177597006764	0.100523984417169	0.196866217737246	0.0782182163963414	0.0209903371887225	0.0874343032788749	0.033958881350253	0.154595502548748	0.0718066962906207	0.0421090929609056	0.0384800877948903	0.0185117597851639	0.0151863815262914	0.0949692389730251	0.0189950246824836	0.0359467080973013	0.069953901034714	0.061198018453639	0.0505347331289691	0.0717304100216639	0.0757759628121299	0.00948296681004153	0.0890877139237192	0.0483458194543015	0.0894394401046965	0.0276643678950466	0.0519171391021122	0.0909630778160962	0.0929756074240713	0.0445096309325009	0.0180292761381339	0.0538440516801796	0.011295508054753	0.00817862408461444	0.023020786788277	0.0129048173566292	0.0351968820987627	0.060011134793361	0.0706900574191652	0.0736892415267048	0.0112754216681075	0.0735937514615179	0	0.00718248912340237	0.0112512801054188	0.0145828582445216	0.0557967341984763	0.0537941374938295	0.0732226795469872	0.0299046773162454	0.00877613174926603	0.0153310911570008	0.0251444719468403	0.0106860264333793	0.0679844085766812	0.00823401328942955
GCDF248	0.0434784887527878	0.0739603765459374	0.112612234522598	0.0339606605244405	0.101705636114183	0.0742071740555041	0.0917020851012432	0.162196200754907	0.00648859136789623	0.0827604234218597	0.0458373093620093	0.100637461275163	0.0804443479788424	0.0703236550243214	0.0987704174235614	0.099162201839264	0.182761596760364	0.0472710787158723	0.0995502912185409	0.195502514791007	0.0769234455820888	0.0198887758559049	0.0865093543372973	0.032541502605785	0.153219068441728	0.0707180317528922	0.0405965085809279	0.0369325315372811	0.0169200939843619	0.0141749234124548	0.093612535282819	0.0182336334637695	0.0343933985991911	0.0684174782398975	0.0596681472403233	0.0491498201671574	0.0704914385622198	0.0743726987128306	0.0079807099195978	0.0879387297865116	0.0468331470596369	0.0881184164171267	0.026126585129385	0.0504696370300018	0.0894489644302262	0.0917807374939774	0.0430776013080219	0.0173957185252955	0.0523561627199554	0.00960094914442361	0.00692272901116409	0.0227089623610179	0.0121016453732878	0.0337013168015865	0.0584743977571377	0.0710229814955683	0.0723043610577029	0.0127866873846888	0.0721203399201234	0.00718248912340237	0	0.0129141799795131	0.0163881353507138	0.0543565246831588	0.0522480953597661	0.071764849126339	0.0294448800544922	0.00757087019479109	0.0140405536365855	0.0246559451757507	0.0097808429143495	0.0664601425329844	0.00832705554138455
GCDF249	0.0543237699929512	0.085193284608499	0.122622405564544	0.0423234666914049	0.108697979362926	0.0854037077438952	0.102972731069483	0.172098878808696	0.014672546755673	0.0941324598259396	0.0570606975769154	0.111809403682598	0.0897430287617626	0.0811412552691469	0.110168343315823	0.110491001621039	0.192656495956459	0.0581016026512541	0.110371420705559	0.20543290930565	0.088049793484235	0.0307905111988687	0.095969934957196	0.0438113067901195	0.163239839402112	0.0816556490731962	0.0519691734678215	0.0483354362047682	0.0282993436217158	0.0248924963778318	0.104160043100516	0.0285401340348251	0.045782094256896	0.0798043764074041	0.071050856375333	0.0603902134479898	0.0815581536353236	0.085085928063802	0.0184343180082964	0.0989381944892382	0.0581993582573804	0.0992828488650948	0.0375346027954359	0.0617592405866493	0.100813559134199	0.102811946486584	0.0543046603449667	0.0277850063461246	0.0636516261582423	0.0203992255135543	0.0122589963968053	0.0171176214994054	0.022440204556768	0.0450456968574512	0.0698021220588925	0.079420760198675	0.0835285941609229	0.0186744676432525	0.0833768727201404	0.0112512801054188	0.0129141799795131	0	0.0226917085331874	0.0656508738269107	0.0635268128279484	0.0830732964807087	0.039593039061686	0.016044123959022	0.0250937933704317	0.0349113335174443	0.0106545402856562	0.077835302386019	0.0111446173960399
GCDF251	0.0351098624029846	0.0659658052027225	0.105925328954302	0.0228622235179023	0.0883047226251978	0.0661328455263918	0.0837575677744668	0.155581332216359	0.0150381079969006	0.0749059465497431	0.0378363665494353	0.0925422842153395	0.0704809245512341	0.0619205752707491	0.0909044098372411	0.0913923506935437	0.176142837062027	0.0391302643757727	0.0911450399593873	0.188919249056566	0.0687404476256684	0.0131128678248838	0.0793927204654072	0.0246032601401135	0.146643453776234	0.0624757272501787	0.0327429391180325	0.0291107331468451	0.0121631149973984	0.0103538394670444	0.0868878920722489	0.0168684371982259	0.026566191567014	0.0607244309150811	0.0518222625809486	0.0411632904463043	0.0623324828768017	0.0659362070563466	0.011800417878825	0.0797102970983645	0.0389715932271998	0.0800564732741226	0.0190431998497007	0.0424854993970707	0.0815871821885759	0.083641452846503	0.0350922122973986	0.0112295725142978	0.044383368878202	0.0119752109619892	0.0191682270173021	0.0369550843318604	0.0106691828707816	0.0258305010602179	0.0506246625398747	0.0596699911837626	0.0643051903732497	0.0104825480704694	0.0641304787361261	0.0145828582445216	0.0163881353507138	0.0226917085331874	0	0.0463304634610511	0.0443208498899082	0.0638467900530256	0.0207420321595338	0.013645071611561	0.0115089696159379	0.0162098663294631	0.0239582967596373	0.0586076810429193	0.0194004711441018
GCDF262	0.0121941817312906	0.023697022179311	0.0665578489953821	0.0237609888709178	0.0544869596834737	0.0207078380938243	0.0425577116659795	0.115923116980779	0.0519001854564806	0.0288719509756475	0.0104560922145446	0.0492363350861	0.0277220264942658	0.0177816181535353	0.0449906436143198	0.0508533415732661	0.136469110018677	0.00974950651671135	0.0474176316550284	0.149151213692896	0.0234172081791165	0.0353529178678538	0.0407992784836979	0.0224814541835451	0.106855731720876	0.023088037563168	0.0141771320033715	0.0179068156743817	0.0381657835096121	0.0408794897975344	0.0471285587044978	0.0507630944966969	0.0208366604373706	0.0210500659533974	0.00822262488060979	0.00829693993478261	0.0182979377880316	0.0213619831413256	0.0474375261915754	0.0376462432264228	0.0124822665085884	0.0346455495766919	0.0286152696453336	0.00743565197700089	0.0355403687466275	0.0430921148132495	0.0122686677772288	0.038565614100809	0.00749409436412871	0.0457110589727609	0.0565453642659416	0.0756897513162006	0.0435724180342272	0.0211607184533895	0.00747067690944544	0.019713756487225	0.0190967497759207	0.0514105684453189	0.018561392395776	0.0557967341984763	0.0543565246831588	0.0656508738269107	0.0463304634610511	0	0.00762160608987089	0.0182143077430682	0.0263828912401816	0.0503397181329101	0.0408725114821485	0.0310911638756292	0.0612467687313605	0.0129940638570303	0.0586781305721914
GCDF263	0.0108885252718917	0.0261581848008615	0.0689494932691256	0.0217235383643496	0.0569875054437705	0.0234650413392845	0.0450176599275584	0.118303550388476	0.0497243264407823	0.0315898678575953	0.0085485607498523	0.0517096496892698	0.0305518036181427	0.0199956925905714	0.047674921990344	0.0532642287964171	0.138827156087365	0.00854201406602644	0.0500017570124732	0.151494572861026	0.0261821555528752	0.0332302096384493	0.0432750422582783	0.0204454666265813	0.109199098490103	0.0254531710248704	0.0129169920539352	0.0158826821410765	0.0359663201326674	0.0388449503560409	0.0494481498055687	0.0484311161656873	0.0188073610882228	0.0224993824582509	0.0100626544380147	0.00681483771445023	0.0208971809755747	0.024046014401723	0.0453318302717173	0.0400770219851925	0.0112611946551073	0.0374665902457153	0.0264800739182968	0.00678279765204272	0.0382944108316242	0.0455790720127448	0.0103707022628643	0.0365225902448098	0.00723698327548313	0.0435803751978609	0.054349524580469	0.0736418515443802	0.041501157907675	0.0190865451639349	0.00888079347681593	0.0216444259547073	0.0217992854163502	0.0493681208051816	0.0211313514443434	0.0537941374938295	0.0522480953597661	0.0635268128279484	0.0443208498899082	0.00762160608987089	0	0.0208525322071945	0.0243840585368676	0.0482095230483648	0.0387927654829591	0.0289898968743857	0.0591160907513565	0.0154910563147918	0.0566145152681404
GCDF265	0.02897922043698	0.0151970679213227	0.0513532961709331	0.0411279059457357	0.0395507452200458	0.00755184752081116	0.0276443406826619	0.100765671167109	0.0693780121327651	0.0122862375027387	0.0263505818138859	0.0340555550605811	0.0117227955853021	0.00801717649293932	0.0273516254447814	0.0356458453367455	0.121316529509395	0.0257456628135358	0.0319830344688862	0.134028924083469	0.00895127677241096	0.052751257996818	0.0285470922750355	0.0399369120673098	0.0917334992325667	0.0173043357584663	0.0316343722733283	0.0354780406794614	0.0557323195642293	0.058323407301096	0.0324546136714593	0.0682201744480567	0.0384122419425032	0.0199869713190981	0.0136060186102046	0.0229926504937913	0.0106733610684221	0.00853044545451988	0.0648213787512346	0.0224536095811713	0.0281300480298773	0.01712340004554	0.0461755702742422	0.0219615170872846	0.0186585714814789	0.028426840939004	0.0291385947058749	0.0559838585028745	0.0204567790497094	0.0631520684168796	0.0740870158329155	0.0931198990555725	0.0610056898058063	0.0386741158712392	0.0144254901973211	0.0185809861257146	0.0083150012804327	0.0687885529389887	0.0082601504259263	0.0732226795469872	0.071764849126339	0.0830732964807087	0.0638467900530256	0.0182143077430682	0.0208525322071945	0	0.0437624439070321	0.067814105011598	0.0584395015330026	0.0484680475083867	0.0787652080332992	0.00888194076686326	0.076115801441248
GCDF266	0.0156090701812634	0.0461985532081488	0.0886307954788208	0.00822819313481262	0.0746645775407252	0.0461610640502638	0.064698234275736	0.138186144934158	0.0277724273484012	0.0547987304326862	0.0180025403999319	0.0726435604044283	0.051690612176452	0.0420685522258282	0.0709079593946837	0.0729067260117242	0.15873506048111	0.0192111042643323	0.0713015725140018	0.171511463595159	0.0488375402573082	0.0113238141145275	0.0623117209684969	0.00783442322816229	0.129235678173677	0.0441944137441389	0.0132093809267525	0.0106145874056213	0.014702912949195	0.0160979468309593	0.0694960269587811	0.0261819605960163	0.00906929986979436	0.0423784464070893	0.0317259641796953	0.0211742121227688	0.0423710294481781	0.0464624923776195	0.0229634635169247	0.0599501668428532	0.0192054777236825	0.0600350750892451	0.00839363267960384	0.0225393254112339	0.0615034786739735	0.0646928555209829	0.0154024248288926	0.0135603068017805	0.0244037571381966	0.0216467176832146	0.0324248658361459	0.050700186817634	0.0187336331435639	0.00901506133695048	0.0305301371792501	0.0425730999935456	0.044240014063138	0.0253040597896383	0.0441495668933247	0.0299046773162454	0.0294448800544922	0.039593039061686	0.0207420321595338	0.0263828912401816	0.0243840585368676	0.0437624439070321	0	0.0259395066855682	0.0165330647617917	0.00818290288243772	0.0371909927049972	0.0385105465962128	0.0332403870656936
GCDF269	0.0397651806436103	0.0701179348233372	0.109182298409216	0.0305579832632734	0.0983251188740586	0.0703011869330599	0.0877061510326886	0.158700278762615	0.00636653072903911	0.078702596702961	0.0419861055496666	0.0966581715026287	0.07709657984099	0.0666163248395679	0.0947611070793084	0.095209837561906	0.179264790030441	0.0434342496322863	0.095823732289401	0.191957986565551	0.0730217466450701	0.0162435156502526	0.0833518699263081	0.028651601992397	0.149682193994522	0.0671022148671174	0.0365453981277016	0.0328410756256845	0.0129021938720887	0.0110489635098011	0.0900183513459533	0.0155911222429513	0.0302372745548685	0.0643134792946806	0.0556189163089401	0.0452005509475265	0.0667830308654694	0.07072371737373	0.0063912241667923	0.084172635668456	0.042783636374004	0.0842858233084582	0.0220710064585537	0.0464256967634264	0.0853727420396877	0.087951685443069	0.0392052871786585	0.0138092688249537	0.0483404714049715	0.0078470281441696	0.00866585141024317	0.0261534883951147	0.0100784633035837	0.0297381998312594	0.0543879322105586	0.067587861095113	0.0685552844420226	0.0115658197354412	0.0681393536729644	0.00877613174926603	0.00757087019479109	0.016044123959022	0.013645071611561	0.0503397181329101	0.0482095230483648	0.067814105011598	0.0259395066855682	0	0.0107514687162363	0.0210768333706779	0.0126284681603952	0.0623825624810927	0.0106810677227461
GCDF272	0.0303564114740702	0.0606815884209643	0.101126271892678	0.0211735280945596	0.0890874012251093	0.0608849500616392	0.0783742207544621	0.150605671183027	0.0122761248100568	0.0692699616304552	0.03252002966562	0.0872011375096109	0.0675802963851678	0.0571578870329893	0.085381795661618	0.0860581031501895	0.171114162814738	0.0339752086297129	0.0863493226393305	0.183860332977892	0.0635563697703559	0.00883598234022337	0.0751714091183561	0.0192125426814656	0.141577469730618	0.0577796708905336	0.0271259313543337	0.0233870727278179	0.00733741284865472	0.00713019263036925	0.0818572136187794	0.0139215202352992	0.0209879133770374	0.0551607752538691	0.0461664496159012	0.0357801116193936	0.0572571767625785	0.0614242267352764	0.0078297738165764	0.0746856141045238	0.0333319919353182	0.074809351315101	0.0134782963573481	0.0369840080125464	0.0759577241284077	0.0786229971457611	0.0297766615156875	0.00750107417233533	0.0389187368140979	0.00786929683641629	0.0163806388107589	0.0351512805568148	0.00759791711849781	0.0204482326316976	0.0449963475041317	0.0582303459746669	0.0591162630742548	0.0131427476398948	0.0586894379194939	0.0153310911570008	0.0140405536365855	0.0250937933704317	0.0115089696159379	0.0408725114821485	0.0387927654829591	0.0584395015330026	0.0165330647617917	0.0107514687162363	0	0.0122299603377046	0.0211141791848485	0.0529459112446115	0.0183193639127745
GCDF274	0.0200272431183192	0.0507015588909689	0.0926686530612936	0.0102164853203129	0.0788097583284282	0.0508997309388536	0.0689143592661077	0.142244681113898	0.0229108252308585	0.0595067597248337	0.0224822682253264	0.0773553645821533	0.0565250292044095	0.0467649004186946	0.0756145255132155	0.0770060632264975	0.162792543269167	0.0239628774273877	0.0760343137263048	0.175557858715154	0.0535101220388003	0.00764136514014969	0.0663613829423081	0.00966978898786968	0.133282073218413	0.0482349489072357	0.0173948303775185	0.014039587233018	0.0102012753345524	0.0116669457109476	0.0735479495441071	0.0214637701465475	0.0118355125922597	0.0464365552508771	0.0364312607268191	0.0258211025384941	0.047077243602035	0.0511374996241295	0.0180890289408089	0.0644351665796054	0.0236006843236585	0.0647460446137973	0.00741477046077224	0.0272296841698464	0.0661935405523488	0.06895856446389	0.0198048235133591	0.00935862368273912	0.0290872471952679	0.0168280725795399	0.0275816468691284	0.0457789048815917	0.0138227752271118	0.0109208348886853	0.0352428466119248	0.0474230633164295	0.049024661118635	0.0207565944651236	0.0488602738413546	0.0251444719468403	0.0246559451757507	0.0349113335174443	0.0162098663294631	0.0310911638756292	0.0289898968743857	0.0484680475083867	0.00818290288243772	0.0210768333706779	0.0122299603377046	0	0.0323716258968819	0.0432155660607598	0.0284835544951034
GCDF277	0.0509847900218735	0.0811612452521469	0.118725956389398	0.0418898341330615	0.109646100287486	0.0813637105653984	0.0987524384952555	0.168029232458635	0.010353539341179	0.0895284124546581	0.0529837978232389	0.107728449082134	0.0883735270060674	0.0778369172052904	0.105623405088078	0.106121529683922	0.188551485688999	0.054422269264857	0.107034104114229	0.201235713230239	0.0840673806390377	0.0272279565194339	0.0929064897425247	0.0396273961535307	0.158929065772981	0.0783157803946071	0.0474023380777752	0.0436445951950972	0.0236592062589045	0.0215949077733012	0.0996935288562919	0.0249019938643382	0.0410178837300551	0.0750886541273859	0.0664412991491833	0.0562335293401371	0.0778512867788474	0.082069843405425	0.0145543646502468	0.0952690696776515	0.0536711649837518	0.0953557741912928	0.0329294885329977	0.0573297932066701	0.0962233042927703	0.0990965400982385	0.0502123904950691	0.0250988413739686	0.0592890792347566	0.0162410650371734	0.00796229344930246	0.0149419442726995	0.0193765205625125	0.040583144948639	0.065271633028081	0.079063852026005	0.0795721102393035	0.0194422761425188	0.0790636221868823	0.0106860264333793	0.0097808429143495	0.0106545402856562	0.0239582967596373	0.0612467687313605	0.0591160907513565	0.0787652080332992	0.0371909927049972	0.0126284681603952	0.0211141791848485	0.0323716258968819	0	0.0732019728030821	0.00870862426683119
GCDF280	0.0236648689541552	0.0156503766445876	0.0562441430308602	0.0358897717763679	0.0444173921238292	0.0107055420733311	0.0322786878248808	0.105557458117755	0.0638466314835982	0.0169088039805906	0.0209413138194706	0.0389961369636685	0.0163245443583965	0.00885671965667338	0.0328722926929142	0.0405741885605485	0.126105327422571	0.0203190595182035	0.0370913559401577	0.138743046257231	0.0123904489881519	0.047428780639864	0.0310862773107459	0.034486532851	0.0964006858341622	0.0162677937986875	0.0260666087293301	0.0297776939620198	0.0500280235075589	0.0529841843879584	0.0367550201375376	0.0628440494112896	0.0326479366895827	0.0163755861835347	0.00888879578997148	0.0175433652734177	0.0114608486230024	0.011093028004968	0.0594879993510367	0.0276950741694732	0.0225667547472198	0.0226813939051947	0.0405235504073025	0.0164737274818536	0.0237513051104892	0.0329047257005416	0.0236706885655006	0.0506938577751921	0.0150604196103152	0.0577197913644892	0.0685578676486256	0.0878116648004513	0.0556870788110025	0.0330924026461111	0.0100044723972913	0.0168180131221736	0.00977911180087525	0.0635816071069602	0.0085248238962106	0.0679844085766812	0.0664601425329844	0.077835302386019	0.0586076810429193	0.0129940638570303	0.0154910563147918	0.00888194076686326	0.0385105465962128	0.0623825624810927	0.0529459112446115	0.0432155660607598	0.0732019728030821	0	0.070829115017797
GCDF285	0.0476663708122391	0.0782723217976816	0.116480869250466	0.0374176700909932	0.105108094561582	0.0784539275548675	0.0959761939717062	0.166008887567905	0.00932153975214772	0.0871295216258126	0.0501066286756535	0.104917226114658	0.0839327645271715	0.0744289414148138	0.103229790850721	0.103459931759521	0.186567203113527	0.0515388566812482	0.103624389629171	0.1993295277911	0.0810986810711899	0.0240209445244435	0.0900804324433057	0.036858538748941	0.157052917010856	0.0748697930213177	0.0449634523065102	0.0413336777739754	0.0213605699204661	0.0180770057521648	0.0974175161635033	0.0215393334928185	0.0387832757198449	0.0727952190420844	0.0640502815144231	0.0534336281695751	0.074748749534289	0.0788018621429048	0.0121181757892529	0.0921086671978536	0.0512092528168601	0.0923551566372014	0.0305369321275691	0.0548592104830525	0.0938082014520963	0.0959399971697066	0.0474373722505389	0.0213436371214086	0.0566024266634927	0.0136963849772012	0.00855689732865854	0.0198846113905687	0.016067374779871	0.0380048751078471	0.0628519428122525	0.0742310999770357	0.0765275814467006	0.0149329943403677	0.0764694320357809	0.00823401328942955	0.00832705554138455	0.0111446173960399	0.0194004711441018	0.0586781305721914	0.0566145152681404	0.076115801441248	0.0332403870656936	0.0106810677227461	0.0183193639127745	0.0284835544951034	0.00870862426683119	0.070829115017797	0
