Eigvals	124
3.0087388485684916	1.849097233535757	0.41239754146020324	0.0761717339466606	0.07325082205456107	0.05093753732450229	0.0272719810151974	0.024710219343857864	0.02325845446328262	0.016407294454231003	0.014516728525976075	0.01270520313007456	0.010308972201241995	0.00803235565930338	0.0059256837971971565	0.0050322037304667	0.0042008296853796034	0.0038140971079067	0.0031111371707571167	0.002723829805738487	0.002343138053554794	0.002044470313581502	0.0017917696286387534	0.001745562818787072	0.0015095888493510687	0.0013707174819876022	0.001289241392847639	0.001176795120048172	0.0010770445822144586	0.0010156074809527338	0.0010043596029472844	0.0009646852952511142	0.0009244139403012403	0.0008993525206543972	0.0008779322989262719	0.0008144785842584292	0.0007942870440381768	0.0007752452889078412	0.0007536399065533523	0.0007379998977029571	0.0006947016800569264	0.0006696313263476797	0.000650971952473369	0.0006288645341269421	0.0005989516763826935	0.0005807145973892004	0.0005678083837593968	0.0005531388841911241	0.0005391888133678849	0.0005319756809684599	0.0004993215819490675	0.0004834742551111529	0.0004594831354769024	0.0004529698430614194	0.0004372400823565339	0.0004206329986646657	0.00040690944953854094	0.00039780969741645537	0.0003936017832739261	0.00038346305685194905	0.00035193844011618307	0.00033083040077095814	0.00031589445996148117	0.0003058516591348296	0.00028900150035697774	0.00028500730701118003	0.00027526124802464786	0.00026923474026770665	0.0002533873956250866	0.0002344699470797054	0.00021914486955834146	0.00020999308284370315	0.00019433150758099292	0.00017143557725584659	0.00016448869174797679	0.00016201311084407342	0.000138949426525567	0.00012740262557336263	0.00011845196242725301	0.00010522843997810534	9.373269534819029e-05	4.9014070401166886e-05	3.792718564944557e-05	2.1337733699360994e-05	0.0	0.0	0.0	0.0	0.0	0.0	0.0	0.0	0.0	0.0	0.0	0.0	0.0	0.0	0.0	0.0	0.0	0.0	0.0	0.0	0.0	0.0	0.0	0.0	0.0	0.0	0.0	0.0	0.0	0.0	0.0	0.0	0.0	0.0	0.0	0.0	0.0	0.0	0.0	0.0

Proportion explained	124
0.5304922409199835	0.3260275432558851	0.07271275671639098	0.013430382585497731	0.012915375742711442	0.00898116110511789	0.004808517804715006	0.004356835303131852	0.004100864265581777	0.0028928872994744012	0.002559548114398866	0.0022401451302507124	0.001817648536436009	0.0014162420097036752	0.0010447996435629487	0.0008872637899468431	0.0007406782926941308	0.0006724907091296839	0.0005485468206420273	0.0004802578921790924	0.00041313540967723996	0.00036047516675043287	0.0003159197036862075	0.00030777265093829463	0.00026616639458126694	0.00024168099169981756	0.0002273153603557014	0.0002074891546785718	0.0001899014247320006	0.00017906901049988237	0.00017708581677353274	0.00017009055614906744	0.0001629900258579765	0.00015857126792043883	0.0001547945156007875	0.00014360653785228442	0.0001400464231470271	0.00013668903526507534	0.00013287963595259627	0.00013012203425944764	0.00012248781618239105	0.00011806748301648581	0.00011477751550552801	0.00011087959864074878	0.00010560544899342491	0.00010238993930979253	0.00010011435258230901	9.752786831404148e-05	9.506823166743334e-05	9.379643276323663e-05	8.803895528317472e-05	8.524479987456006e-05	8.101475417850095e-05	7.986634906155281e-05	7.709292257774882e-05	7.416480901048574e-05	7.174511202257427e-05	7.014066971700218e-05	6.93987423130564e-05	6.7611111026204e-05	6.205278063662669e-05	5.83310714231457e-05	5.5697608996176505e-05	5.3926891036331556e-05	5.095591916412233e-05	5.025167440067666e-05	4.853327711459658e-05	4.7470700478401484e-05	4.4676541930512005e-05	4.134107143060388e-05	3.8638997529956476e-05	3.702538063363458e-05	3.426397641225953e-05	3.022703136735688e-05	2.9002176354686772e-05	2.8565688999888513e-05	2.4499166049976524e-05	2.24632670833692e-05	2.0885111720247956e-05	1.855357800796127e-05	1.6526681146284816e-05	8.64202091055393e-06	6.6872130549101736e-06	3.762208266002713e-06	0.0	0.0	0.0	0.0	0.0	0.0	0.0	0.0	0.0	0.0	0.0	0.0	0.0	0.0	0.0	0.0	0.0	0.0	0.0	0.0	0.0	0.0	0.0	0.0	0.0	0.0	0.0	0.0	0.0	0.0	0.0	0.0	0.0	0.0	0.0	0.0	0.0	0.0	0.0	0.0

Species	0	0

Site	124	124
GA1	0.011691241045756471	-0.11354651932650676	0.011003324507988178	0.018440289343308016	-0.0009772928540499187	0.01377117621390878	-0.0008655602081851528	0.006909195145959727	-0.010363096420902934	0.00608923575819253	0.01803602268808664	0.0032703657687545213	0.004911767828917272	-0.0028769389571438975	0.004339288039963575	0.011089548457329406	-0.007125229919100341	0.006434641788695126	-0.0087338360135776	0.009239263255139117	-0.0021918174259898705	0.0022454908055223864	0.003910248450902345	0.0020584015425424754	0.0015011537628644466	-0.002228677905856568	-0.00022167059125196791	-0.004648181414709277	-1.5101070609530118e-05	0.0013860783111065511	-0.005161124062889569	0.001728312492931642	0.004572660366893852	6.682643159645617e-05	0.002797984873770071	0.002675833468762098	-0.0018154677778713273	-0.0016241164344820043	-0.0026423402545917817	0.00021287996726012418	0.0011607915325816895	0.0004608667311587861	0.0015072698402096613	0.0020403860731004596	0.0033784109367414575	0.0011634649616329902	-0.002301403453817936	-0.0007588118873846233	-0.0019710634552168567	0.00013361785041355614	0.0022681692646893247	0.0009764835941319113	0.0008437965982991695	9.951861058121857e-05	0.003299239405309244	-0.0019277260665144234	0.0029698907762167625	0.002245986690800147	-0.002248422470879008	0.0009487436658771291	-0.0018321029828369578	-0.0013719676557320997	0.0005889223058458544	-0.003327889179822288	0.003512395257254195	0.00010080388884351396	-0.0022247751373411662	-0.0018813560182925296	-0.0018522731259734263	-0.0006097913468551659	0.0011611945324896543	0.0006267885915840198	2.7956312016955602e-05	-0.000704124125437967	3.1787083291290476e-05	-0.0006264547500797375	0.0004506542750325475	-0.00026384304534691073	-0.00010633776235671599	0.00019568281270520552	-0.000483964535359718	-0.0012616441747906409	0.00014302052689583734	-0.0009753878398943701	-0.0	0.0	0.0	0.0	0.0	0.0	0.0	0.0	0.0	0.0	0.0	0.0	0.0	0.0	0.0	0.0	0.0	0.0	0.0	0.0	0.0	0.0	0.0	0.0	0.0	0.0	0.0	0.0	0.0	0.0	0.0	0.0	0.0	0.0	0.0	0.0	0.0	0.0	0.0	0.0
GA15	0.14526627833158334	-0.02782986590395949	0.07986583946762597	0.03870076892309454	-0.0010775026209528956	0.01939583928859908	0.000140873907634425	0.0077349399155992125	-0.002021759978527685	-0.009482149952539164	-0.005913208429211073	-0.0016801103718128356	0.01138024205091202	0.009925740982886734	0.011357391825649548	0.00804887358045706	0.012337248057125008	-0.010208616100234479	0.02067090168758625	-0.0026000941345970374	0.0022026147693892566	0.006491058856859437	-0.006915469875087329	0.005331754705225516	0.00313047890210509	-0.0003196227327786217	0.002065685490275004	0.0005681318879082509	-0.0007823216280958051	-0.0015042098198814107	0.0007829976100867071	-0.001332458459481378	-0.0029086933611218364	-0.000502183110665318	0.0024751908999032105	0.0008146097956099719	0.0013289646390721836	0.0006436315512582263	0.0005709959806956513	-0.0015084460000333287	0.0005879833057478916	0.00027013258955730203	-0.0014499831792218457	7.20753755791282e-05	0.0008343362828937722	-0.002113094568286843	-0.0005302904868300077	-0.0010339365947437584	0.0015681795853457882	0.000505969469183067	3.637241328405638e-05	0.00035810813892405455	-0.0001872115341541013	-5.178001452935887e-05	0.0012614211046310855	0.0006722676180656112	0.002502119380893339	8.17644842636684e-05	0.0005925884392149473	0.000996892270524824	-0.0014146589800171222	0.0009292904348101378	0.0001919544904942814	-0.0011604904285667426	0.0006073490322997571	0.0007407726734476603	-3.6130891124207047e-05	-0.00030169791400792395	-0.0004207387629655006	0.0001979948561088466	0.0010502003990965534	2.733271783354612e-05	0.00021049207404979	-0.00030733148929829973	1.5333501577505177e-05	-0.0005787140506961334	7.648381352339309e-05	-0.00013795730584498423	-0.0004748084040644491	-2.4848608082403055e-05	-0.00011494345970293982	-0.0004075963086137794	0.00037981725120360724	-0.00032309550798283627	-0.0	0.0	0.0	0.0	0.0	0.0	0.0	0.0	0.0	0.0	0.0	0.0	0.0	0.0	0.0	0.0	0.0	0.0	0.0	0.0	0.0	0.0	0.0	0.0	0.0	0.0	0.0	0.0	0.0	0.0	0.0	0.0	0.0	0.0	0.0	0.0	0.0	0.0	0.0	0.0
GA2	-0.09175869864458398	0.0006055759089633366	-0.000759260834085443	-0.020278696861954222	0.007835045686692896	-0.00492722854206391	-0.0031672436587461892	-0.005861685154479708	0.0035537515759914247	-0.004769629559738517	0.0035035328791932817	0.0019649498040629596	-0.005328485367594116	0.006914214159481181	-0.00018342982958944137	0.0008277139965950968	0.00037363506210418544	-0.002073317557526089	-0.0017112620116885339	-0.00020072831524689763	0.00021847634427073288	0.002573254941773711	-0.0023826444898536374	0.0006377284784427341	-0.0007201479657857834	-0.0006319067849856126	0.0016032913995863414	-0.003089932666887942	-0.0006026570575866408	-0.005264436270969278	-0.00038178973832472184	-0.005932871852424966	0.0014423008438303145	0.0004994020606047637	-0.004117058897328377	0.001500692927034761	-0.00601216170269726	0.0014162446498790894	0.0008984957346234496	-0.004826534894094322	0.002112828818705775	-0.0051779745554756795	-0.002251449570244951	0.00224365870215095	-0.0050476762055567306	0.0018651743583111156	-0.0026771603416626774	-0.005371892414382432	-0.0036738392096330387	0.0011558810946094176	0.0010964758378022286	0.0018390407828019128	0.0009349873213242769	0.0006841427037561077	0.004505777499658642	0.004626721063352698	-0.0008767262483079651	0.0027965292518991533	-0.00020193406192872408	-0.00175384035184025	-0.0003865664202576787	-0.003072179407245434	-0.0032900306745885385	-0.0015968086668784673	-0.0018231891829709728	0.004222223644437336	-0.001531403599631685	-0.00024048103148330732	0.00026925994326650244	0.0012491715917749735	-0.004564943922245878	0.00043263176636701553	-0.0005543237173385284	0.00012018144476016081	0.0005352041465639205	0.001283898623015687	-0.0006533323612126861	0.0012869114723056485	0.00040053734012017054	-0.0004980439993725713	-0.0013603085227395946	0.00010828938741360419	0.00020759255818965952	0.0006068404557356067	-0.0	0.0	0.0	0.0	0.0	0.0	0.0	0.0	0.0	0.0	0.0	0.0	0.0	0.0	0.0	0.0	0.0	0.0	0.0	0.0	0.0	0.0	0.0	0.0	0.0	0.0	0.0	0.0	0.0	0.0	0.0	0.0	0.0	0.0	0.0	0.0	0.0	0.0	0.0	0.0
GA21	-0.10224049142050705	0.013997453008991476	-0.00702841602421875	-0.023365612085206783	-0.00449614505626782	-0.0029587474834991225	-0.009830032064508134	0.012173800468548738	-0.003392798832719993	0.005699664545122498	0.00836594987379446	0.006474025702878985	0.0034900503965336854	0.005772499824070633	-0.005191531738696576	-0.0031476809786530487	0.0018372233449941635	-0.0020868572778711555	-0.001682686744882845	-0.004125015040237706	-0.003289517408505468	0.0046986990158983735	-0.002273339731079673	0.00014968984898539335	0.0012701745508243722	0.00041680589957379205	0.003067242882518779	-0.0020730503944341007	0.0013446594514936396	0.004217613706568681	0.0037788910809977284	-0.0002134970211984856	0.0060402472991723565	0.0001438480568118213	0.0020740051308702264	-0.0014921807279715533	0.0019640672540796144	0.0009425007270454952	-0.0011910224968104217	-0.0002393597908247748	0.004099819466771235	-0.001116728544753819	0.0033533050573998323	-0.0019102735771037173	0.0016165683762362588	0.0006962921091824158	0.0011825688527414646	-0.0020377932221592138	0.0023251862128006087	-0.0011411381399020562	-0.0006217035694905821	0.001148181385900136	-0.0011859934120437426	0.0007346401968062899	-0.0030976266834205823	-0.001304179429756126	-0.00026625267883382593	-0.0023639604797158972	-6.480959584320886e-05	0.003503318781854896	-0.004914204939206769	0.001317064635423554	-0.0014068745720139863	-0.005049247578029681	-0.001068442155371989	0.0014704467000773889	0.0013565410558520675	-1.882286735388453e-05	0.0013357468139265458	0.0007862565046796245	-0.0015647482670648034	-0.0010982462202681273	-0.003786657581939704	-2.9130841612260105e-05	0.00025880123606855665	0.0003620909871120514	0.000757143011238047	0.0012030742362945587	0.00023810194053880694	-0.003166744630209111	0.0030364370810119414	-7.985092035499776e-05	-0.0006935635478023676	0.0003666232765184517	-0.0	0.0	0.0	0.0	0.0	0.0	0.0	0.0	0.0	0.0	0.0	0.0	0.0	0.0	0.0	0.0	0.0	0.0	0.0	0.0	0.0	0.0	0.0	0.0	0.0	0.0	0.0	0.0	0.0	0.0	0.0	0.0	0.0	0.0	0.0	0.0	0.0	0.0	0.0	0.0
GA22	0.2737050113416265	0.21445701188940094	0.04029225915817472	-0.06374105066414044	-0.06706907345438587	0.013872942991069602	0.0061855587018684105	0.014072572797374092	0.008322308562294978	-0.016163302825671678	0.03330578571620592	-0.015455336561325656	-0.022573247956800872	-0.018535692707252204	-0.0016929082672596067	0.0024455006627511658	0.006138583793220432	0.01386382005540608	0.0051702056251923464	0.0022834263332239787	0.0023475328999849597	-0.0014397289425210527	-0.00273597706040965	-0.0017469447426116706	-0.000631689666123334	0.001444985459823232	0.0005540933682740122	0.0008360742732547986	0.0012897008678823378	0.0011260436799555831	0.0018296093410837143	0.0001069668119783546	-0.0016798705311254613	0.00014953247261235552	-0.001165732550744871	-0.0003433014081859337	0.0005128985518293323	-0.00019742313182115692	-0.0004503605555685859	0.00023083442892585292	-0.0006783143222582017	0.0001170437122417654	0.0001847490629091722	-3.0050256362461146e-06	-0.00046506550438941307	-5.9835172250694054e-05	0.00028349827397311484	-6.034514939413867e-05	7.410754046351364e-05	-0.00024840442124129285	0.0004060516647795011	0.0004894341800409041	0.0002326895283703919	-9.042920277953799e-05	-0.0004912812033109187	0.0001854087301037876	-0.00037363925613224534	-0.000210760445736554	0.00012182596968910201	4.2227197210755885e-06	0.0002704743585971181	-0.00020132309214373166	-0.00013109847068878646	0.00018877278392263457	-0.00021231083475325234	6.915678871934583e-05	0.0001821100209523549	-0.00011355613417494128	-6.866257346144402e-05	-0.0001479049436965041	-5.078191414270749e-05	4.254869867419705e-05	8.781998736962141e-05	0.00017120025724095576	7.695409008533399e-05	8.64205278364336e-05	4.1473208535996076e-05	3.340648633671679e-05	7.426367110417469e-05	-1.5474159860156154e-05	-4.6660773766732975e-05	0.000108270447504598	9.691010069828871e-06	3.208221200447343e-05	-0.0	0.0	0.0	0.0	0.0	0.0	0.0	0.0	0.0	0.0	0.0	0.0	0.0	0.0	0.0	0.0	0.0	0.0	0.0	0.0	0.0	0.0	0.0	0.0	0.0	0.0	0.0	0.0	0.0	0.0	0.0	0.0	0.0	0.0	0.0	0.0	0.0	0.0	0.0	0.0
GA23	-0.003248181143036053	-0.09274128477444923	0.019223827144697874	0.019983153931379064	0.004523556043067079	0.0068263742143272925	0.0010011205455752153	0.006416423368948299	-0.012744389109453321	0.0004699303610931205	0.005461520126328287	-0.009341317808622254	0.0046181030670046615	0.000850556422845815	0.0013935181845230798	-0.007980837998342389	-0.0038224187606395615	-0.004484012481617481	0.0034391810794328587	-0.002295472468015366	-0.00042527577421682403	-0.0005165293851699841	-0.005070229427930981	-0.002890198711765334	-0.006706075130588357	0.007348198894901868	0.006459402967636689	0.0031751426642850095	-0.004014476437678015	0.003233257226363441	-0.007150432916895538	0.0013611294452239905	0.004019648399884338	0.004099423545974663	0.0025782029492788954	-0.0010976170088341786	0.0010816054433363943	-0.002600540282357909	0.0013594875455736366	-0.0009368693433999089	-0.0054181338939819565	0.0020400132646562147	-0.00039961578439847486	0.0021092815903639922	-0.005816627059156942	6.647766834844846e-05	-0.001971519387386491	0.00021319199166264864	0.0015603071222982372	-0.002696253362671695	0.0024570592268193603	0.0038631072006264297	0.0011313494358409484	-0.0008239327676614171	0.0017975623635950746	0.0004712102231231418	0.0017195765274559697	-0.0019832439339927503	-0.0014700740457031921	0.0005559274786023849	0.0005202405613784823	-0.0024604279706847377	-0.00033649362596682643	-0.0028207238622133548	-0.0013597224112663821	-0.0019846341423934754	0.001743766172344912	-0.0018407911843767027	-0.0017392063815476711	0.0027494164266285027	0.0001608398596418742	-0.0008379074602713841	-0.0011172213370025613	-0.0013706857467838127	0.0001712695545827575	0.0002319080563342817	-0.0009825466160751392	-0.0003953477262313535	-0.000923015423866331	0.0010899767335846985	-0.000281966369330135	0.00045956088180032826	-0.0006988251249655156	0.00023639035351266164	-0.0	0.0	0.0	0.0	0.0	0.0	0.0	0.0	0.0	0.0	0.0	0.0	0.0	0.0	0.0	0.0	0.0	0.0	0.0	0.0	0.0	0.0	0.0	0.0	0.0	0.0	0.0	0.0	0.0	0.0	0.0	0.0	0.0	0.0	0.0	0.0	0.0	0.0	0.0	0.0
GA25	-0.090857359502463	0.0011226430817649602	0.0027799944448100126	-0.022862312154583612	0.005623244753578119	-0.010472466395665162	-0.007999660206476569	0.018705703650682453	-0.002542106519835832	0.013241114392798929	-0.001070747778596775	-0.004187172546559515	-0.005119310440364481	0.005454063952990598	-0.004292631695815325	0.004885250573317645	0.0025514704821062058	-0.009302515545389783	-0.0009474587231220353	-0.0010249545974909259	-0.0004749227879210086	-0.0012212727328014153	0.0010094374604128432	0.0034637047561109596	0.0030399172502643414	-0.0007990559374386929	-0.0007296094570596925	-0.002015676734166055	-0.002975748285079513	-0.0032023433202687883	-0.0024612942633833812	-0.0014000110606124275	-0.0009470992659372146	-0.00047822618349569927	-0.00246079357416314	-0.002991570882252751	-0.0012782568295509843	0.002369713406355974	0.00130374476636349	0.0015071805725196685	-0.004160074985308064	-0.0008837068111216544	-0.0013737779441856596	-0.0034471960829367196	-0.0005025654453337439	-0.000879225928643985	-0.0012288272025726995	-0.0029333993896360545	-0.004644105677844146	-0.002261492359922012	0.0041348809045902435	-0.0014508418649972485	0.0002202626848060487	0.0024661564476192352	-0.0011318059822872535	0.0006005784354837224	0.0009771920513558395	0.002395076655677405	0.0006763490521508488	-0.003045328893473689	-0.0002490483702216544	0.002527286176198681	0.0019180838073537708	-0.0018633370018208688	-0.0034373583240492073	-0.0018344720087967272	0.001285465765109507	-0.001508799934289413	-0.0015927129771798815	-0.002613885813348376	0.0016507875099026933	-0.000778913369841647	-0.0008459016919481922	0.00010762671877619364	0.0003109512363326655	-0.0005403807667249947	-0.0011156164021976465	-0.0004310847596738447	-0.0006211136840203953	0.0002885278845108063	0.00024972264845403056	0.0016366271484726503	0.00021967478606212777	-0.0007154026421653274	-0.0	0.0	0.0	0.0	0.0	0.0	0.0	0.0	0.0	0.0	0.0	0.0	0.0	0.0	0.0	0.0	0.0	0.0	0.0	0.0	0.0	0.0	0.0	0.0	0.0	0.0	0.0	0.0	0.0	0.0	0.0	0.0	0.0	0.0	0.0	0.0	0.0	0.0	0.0	0.0
GA30	0.24138748050539494	0.05075756570892236	0.12262775151153492	-0.03955866218948405	0.03537388891920996	-0.0619920646404799	0.02183987942998313	0.0452568735438631	0.006846785543039443	0.034391254116821396	-0.005504711307478516	-0.010718746991836415	-0.00851325462669985	-0.009605503263127754	-0.02208424089186707	0.011853144247444866	-0.002494437785965371	-0.004815240779563179	0.003661597590579245	0.00560622105651359	-0.0026778194509766533	0.0030527638637172097	-0.005204225990226013	-0.0033082153093678597	-4.522981155580029e-05	-0.00037750852553939936	-0.0016422512447379623	0.0011155472177794981	0.00020222134115150536	-0.0006072592273323263	0.0012559586426246093	0.0010152747048385957	0.0006151905141196588	-4.18879700647643e-06	-0.0002948898962249971	-0.000128417454680406	0.00030125066710943077	-0.0002913904634927842	0.0010386767359727618	-7.989118752464516e-05	-0.0009538412811714491	0.00018744399767385006	0.00030837813861430845	0.00033396304604638676	0.0004823057829089872	0.00018041970636318674	0.00029626989001902977	-0.0002651479321665254	1.6284684738259978e-05	-4.535089588292761e-05	0.00035709305541597514	0.00039895414493266215	0.000282181963620874	0.0003074506407880519	0.00020911877708813996	0.0002504891904646155	-0.0001530511275929909	-0.0005205963896969818	-1.992940905803238e-05	0.0002768927856595594	6.048352945511465e-05	-4.019369668772103e-05	-0.00033945639481192726	4.639487844206383e-05	0.00034836618600013496	0.0001577081427570166	-0.00025189585091636344	-3.1565827833633614e-05	-0.00017145944358252122	-5.5747034039326344e-05	0.00027307578559995684	0.0002742121236566465	0.0003167998655050306	-0.00012256745052465832	-0.0001326080137116026	7.56879729673805e-05	-5.953807244948924e-05	3.4945270374460564e-05	0.00027093743512707815	-0.00016952774107589107	-9.440042449263679e-05	5.972141415074581e-05	7.256966563916392e-05	0.00011938628391696658	-0.0	0.0	0.0	0.0	0.0	0.0	0.0	0.0	0.0	0.0	0.0	0.0	0.0	0.0	0.0	0.0	0.0	0.0	0.0	0.0	0.0	0.0	0.0	0.0	0.0	0.0	0.0	0.0	0.0	0.0	0.0	0.0	0.0	0.0	0.0	0.0	0.0	0.0	0.0	0.0
GA31	-0.03749715435630455	-0.05825630478118501	0.02448205090638544	0.006770569562771028	0.019061954406083412	-0.018737306890263178	0.006087058534813838	0.01473275351919711	-0.013615643258209152	0.005539573744437185	-0.014398555186484743	-0.01893021845304155	-0.0005895935866727499	8.070333142706077e-05	-0.010074266495380653	-0.000412616563194036	0.004917744329341177	0.0016998213554193227	0.0018165584050762681	0.00020357605831155824	-0.0002989009192755637	-0.002088774771032805	0.0037730416131350774	-0.004925909034098834	0.0017587387303751086	-0.006777764125678227	0.002091038248047285	0.0008281958509113289	-0.00437832696165626	0.0005722166854226937	7.845441146177201e-05	0.0032469658663928985	0.00176539937539566	0.000152015189552883	0.0028906923126694843	-0.001919807292942927	-0.0030014273229567734	-0.0013074401056747933	-0.004346335074145013	0.0003470879070242684	0.006996876161763005	0.0007575762196871583	0.0005044272611388137	0.001858725394503036	-0.0006556164212320802	0.0015717143282200335	-0.0008527444925597314	0.0015107323173481782	0.00494304716498229	0.0006621088314941497	-0.0038324364791648443	0.0011909487488804386	0.0008026407581203644	-0.000538402807618295	0.0009811418487842667	0.0006781289577654404	-0.001292027150526645	-0.0005264976863918237	-0.0020463282064751074	0.0013783044932682018	0.0006982465739557095	0.0011698582406550271	-0.0012431699820790291	-3.388830909122938e-05	-0.00053899537571824	0.0027008754491963135	0.0018803567961492961	-0.00016532042970895822	0.0009142205833838387	-0.0009448278667750892	-0.0004325608068056384	0.0002452203751980814	-0.0011330804998839724	0.0014857492212790669	-8.250385335502353e-05	0.0005546357084546771	-0.0004315823857197059	-0.0010110829526863564	-0.0014099194631319307	0.0010243027797964058	-0.0004401452275131833	-0.0008609594616640501	0.00031148965742578663	-0.0008529986880278585	-0.0	0.0	0.0	0.0	0.0	0.0	0.0	0.0	0.0	0.0	0.0	0.0	0.0	0.0	0.0	0.0	0.0	0.0	0.0	0.0	0.0	0.0	0.0	0.0	0.0	0.0	0.0	0.0	0.0	0.0	0.0	0.0	0.0	0.0	0.0	0.0	0.0	0.0	0.0	0.0
GA32	-0.1461131551364399	0.06134057810875729	-0.03807599761432027	-0.0011566201399762623	-0.016309240182354273	0.0011303119758273713	0.003691200149431645	0.01606279836610885	-0.010686073803763628	0.004729551869743065	-0.011148648703413833	-0.004465098991253111	0.004806327950308395	-0.008489746835825271	0.009333254576895256	-6.380727846955862e-05	-0.002335005366350636	-0.0010644154244225912	-0.0017710748942389967	-0.002502047384443284	0.0016395666395839243	-0.003201428650349412	0.005133656134169755	0.0008130100715351452	-0.0023772793992823636	0.0011883165446964297	0.003824806264256173	-0.00311640731893087	0.004834387588735309	0.001326290506433384	0.0028985864798601836	0.00987811597619492	-0.010199744427956334	0.00474533974534554	-0.0007681092504460505	-0.004701100416525981	-0.009242987439200104	0.0021091487906898694	0.0007415145653161662	0.0014639478724389704	-0.00163771256046969	-0.0019200733835272592	0.007281338051092536	0.0008566994746349474	0.0011673683420176818	-0.0007667851223843984	-0.003570561522432305	0.0006666793516933212	0.0006800563294028556	-0.002451321487159957	0.002874391251579887	0.0019490011672763533	0.0005096060621281243	0.001099775586514801	0.0020907965508964	0.0010751007310647162	-0.0014742187691069706	-0.00030505752464533533	0.001910782608326497	0.004702305264926942	-0.0023527772626573133	0.0011460203501177334	0.0003646470862333829	0.0013879170633503744	-0.001017172216613223	0.0017201443799172965	0.0014617657304700365	-0.0011803035708622554	-0.0007574915372218084	-0.0013163055317929383	-0.001255390113171683	0.00022259288434220637	0.0008314089989647507	-0.00013660963545381546	-0.0006071000298609409	0.0007866532352970976	-0.0001280024787384249	0.0015734426571803988	0.000846688360243782	0.00036420842000625686	-0.0005825610946338085	0.00019570662792747507	-0.00010860296853260676	-0.00011168330895811206	-0.0	0.0	0.0	0.0	0.0	0.0	0.0	0.0	0.0	0.0	0.0	0.0	0.0	0.0	0.0	0.0	0.0	0.0	0.0	0.0	0.0	0.0	0.0	0.0	0.0	0.0	0.0	0.0	0.0	0.0	0.0	0.0	0.0	0.0	0.0	0.0	0.0	0.0	0.0	0.0
GA34	0.1001498267873241	-0.18341095884997416	-0.002340363353170215	-3.3141318515768346e-05	-0.04723666115916299	-0.010859323366501668	-0.013075763889284032	-0.011646136628737732	0.003179656777197727	-0.008972897448573408	-0.015944060274312874	0.010148275110778983	0.0008937120795612399	0.004763841054539188	0.0012729600661854645	0.00026911815488717627	0.0012193848283923408	0.002493086316313314	0.007716356251887324	0.003604502349438859	0.004959785846702786	-0.0019964577925405736	-0.004900863641758132	-0.007700855696779763	0.0005048481273663427	-0.002942275218284954	-1.6336420907974677e-05	-0.0014556780920812822	0.0002984478556792519	-0.0014314211192483755	-0.0010183675806805293	0.0021325093239848683	-0.0005804701653070957	0.005401235420106076	0.0049235076490697855	0.0017392282193765094	0.003905435173444382	0.0006722887580356687	-0.005768806391908411	-0.001310918852719217	-0.001831318933467573	-0.0025322758396100365	-0.0031233950004315157	0.00033017974561987227	0.0015656432510175004	0.0013416737563852542	-0.003486971501441406	-0.0007343795173725087	-0.0027053221125572487	0.003783061921125873	0.003993092802744962	-0.0036080681660356755	0.0026486715710723075	-0.0034991905304339573	-0.002228470954942003	0.0011657268661755015	-0.00044377814633229506	-0.0012884523941512022	0.0037891214552979507	0.002088073124954892	-0.00034404823446176035	-0.00017613257164250152	0.0017769139318927465	0.0009213288573873602	-3.7409255628069975e-05	0.002423282697434542	0.003048347688246503	0.0019288272792297209	-0.0014667476177577215	0.0024483272190528376	-0.0008229251743510996	-0.002399329420628231	0.00010008833838805894	-0.00041163115492591815	1.7648108861481598e-05	0.0003293513674670595	9.177874413075501e-05	-0.0006752922070986556	-0.0005668329276986708	-4.210987177144132e-05	0.0006078346366763555	-0.0003855119563276661	0.0007268977376776765	0.00038755308953705036	-0.0	0.0	0.0	0.0	0.0	0.0	0.0	0.0	0.0	0.0	0.0	0.0	0.0	0.0	0.0	0.0	0.0	0.0	0.0	0.0	0.0	0.0	0.0	0.0	0.0	0.0	0.0	0.0	0.0	0.0	0.0	0.0	0.0	0.0	0.0	0.0	0.0	0.0	0.0	0.0
GA36	0.21812699535874824	0.028403583101600093	0.09484404695246268	0.006849679557682012	0.010258939538001109	-0.02477606644998037	0.011433050963682865	-0.012289547659778782	-0.0027934278615107627	-0.018315153738871676	0.0006100064002236751	-0.011981064240681513	0.018486313250624584	0.001324863077530477	-0.009792604548435058	-1.683827973438577e-05	0.0023350185441573194	0.002023666690232026	0.0004348040450938351	-0.0011630890319598406	-0.0001648796584521878	0.0015894137069867352	-0.0006850053223650952	0.0036308291462999595	-0.015203602942969652	-0.01309135897688201	-0.0010673348373816702	0.004223029284901197	0.0054386466338371756	-0.001220133619190576	-0.0013509273475612316	-0.0016558700079817412	0.00013940142301497284	0.004074447854993473	0.0010448429730021828	-0.0020537392683845582	0.00024545795028386546	0.001223208461578145	-0.0007760650332490722	-0.0003958978201279976	-0.00041251823229484916	-0.0014477915013189964	-0.00033363130148418015	-0.00011716212607258186	-0.001880618357539235	-0.0002661605881371821	0.0016534739323072363	0.0009565520004987139	0.0009622920805189322	-0.0006359107943065491	0.0005973504802325775	0.002021002714398235	-0.0004409195248970326	0.0002513845330428967	-0.0013722680733881062	-0.00012885299369305142	-0.0011042902559617249	0.0001256944163931272	-0.0004298173998511734	-6.058907429481031e-05	-0.0002634620730669103	5.035505097232965e-05	0.0002261185395423182	0.00035333608464588437	-0.0012030327960986323	-0.0003137428829397443	-5.153492176517958e-05	0.0001009297402327698	0.000630271274741305	0.0006517540601521471	0.0006914694379777622	0.000491816036464192	0.0009758990762452873	-0.0002748959145001427	-0.0014775600937591035	0.0001096895774060582	4.457627080549744e-05	-0.0007497295868151056	-0.00039518766104578953	4.495196137955135e-05	0.00019824161173301905	0.0002500067357771127	1.0419289850386822e-05	-0.0005226620988136265	-0.0	0.0	0.0	0.0	0.0	0.0	0.0	0.0	0.0	0.0	0.0	0.0	0.0	0.0	0.0	0.0	0.0	0.0	0.0	0.0	0.0	0.0	0.0	0.0	0.0	0.0	0.0	0.0	0.0	0.0	0.0	0.0	0.0	0.0	0.0	0.0	0.0	0.0	0.0	0.0
GA38	0.4326080176653583	0.3654014429144273	-0.10098750658945634	0.020169802927493655	-0.03487706516077886	-0.01118173011313966	0.04889923844592894	-0.0347171225517055	-0.007137030609340523	0.04338922492920219	0.006169453477100794	-0.0024977187825549058	-0.00018912826831849486	0.005331939115110956	0.004628823100074017	0.007287583463560497	-0.0032339909357099795	-0.0009323093157005197	-0.00015338564708793662	-0.005026769713864836	-0.010966969005514988	-0.002078570960131074	-0.002622521300383447	-0.002137105084495393	0.0015108100324295454	-0.0012099863339715738	0.0018030156504458437	-0.00014114679914730173	-0.00032488057381551647	-0.00023760932670120822	0.0005347349299819487	-0.0015169978684307108	0.00018480045119498686	0.0008199334150521086	0.00022787487555063864	0.00021179739448229685	0.00019862836797788323	0.0003411323598899894	-0.0002073867548091562	-9.628273180744831e-05	0.00028016270558023403	2.40254474113406e-05	0.00033600860303996903	-6.231440553026605e-05	0.0001145925143713758	-0.0004482858285130738	0.00021995600435296826	-7.399210658090338e-05	-0.0002056346957109864	-0.0002452162452283365	8.80616622765186e-05	-1.6201834769460133e-05	4.084583951828181e-05	-2.9007035403568818e-05	-0.0003300678464402484	0.0004992798806477801	-3.798149474669274e-05	0.00010903211277253195	0.00015431590711590895	0.00028664765957133403	-4.287278677335015e-05	-4.23062117026102e-05	0.0003683749330973637	0.00010135774400028904	-0.00010160536992417232	-0.00021776289270541153	3.691416093218474e-05	9.286757531687199e-05	0.00014741986082399873	-0.00016660174413650047	-2.910575215400444e-05	2.3982376623156793e-05	3.4665439024902296e-05	4.269917019412676e-05	0.0001489033413787742	-8.286961449276977e-05	4.67407667092641e-05	7.595537981734012e-05	-6.894873342069269e-05	-3.634694874008789e-05	-2.2715877088486846e-05	2.4062867072021686e-05	7.496406011951928e-05	4.416690551842922e-05	-0.0	0.0	0.0	0.0	0.0	0.0	0.0	0.0	0.0	0.0	0.0	0.0	0.0	0.0	0.0	0.0	0.0	0.0	0.0	0.0	0.0	0.0	0.0	0.0	0.0	0.0	0.0	0.0	0.0	0.0	0.0	0.0	0.0	0.0	0.0	0.0	0.0	0.0	0.0	0.0
GA43	-0.10059846021356007	0.011264459623480647	-0.00637715960129264	-0.022062984315631994	0.00044513201802653794	-0.0012261074142837878	-0.00558384452703144	-0.00012586558969745836	0.0005753477896403794	-0.004123199765932905	0.007620108946998052	0.004393089029120527	-0.002087583540338142	0.008396190738202254	-0.001489837205823737	-0.001764137627045201	0.001112629570525546	-0.0020936080369870582	-0.0015203185054653654	-0.00045843654150864516	-0.00483289393583813	0.006106284855626135	-0.0031136877438448095	-0.0010080028738343877	0.0006148417293342205	0.0002731276226091402	-0.0010066282384115046	-0.002996652362913051	-0.001487532600464889	0.0005702960134049687	0.0008557502827913861	-0.003837588093775841	-0.0009918856124389252	-0.0006135460242480941	0.006727314418149707	-0.0007121992557863076	-0.004839710102971297	-0.0006846030992918572	-0.004902555528790235	0.0026230178190394535	-0.004908915521570931	0.003632404343651205	-0.0008302840480901734	0.0046149690690607	0.0018085692294913143	0.005839759239906358	-0.001439163733143542	-0.00440517015200108	0.00265692186348	-0.001491150526748878	0.0019766095699002817	0.0009178807483606094	0.0013085598316857695	-0.0001802465704135667	-0.0030111928367699257	-0.0016641126808982576	-0.004071393407307138	0.00011518539957086293	-0.0013034556576253012	-0.00276859611594267	-0.0012117823520859218	0.0029083015258792727	0.0007803372014315706	0.0027668686648215624	0.0010426356160263203	-0.0008868350756017691	0.0010304462198114563	0.0012739252278728044	0.001106874118844578	-0.002551280428268873	0.002149097508827417	-0.0002569092450327644	0.0010785946287650242	-0.002306696110011147	0.001596481778803462	0.0006032607911202424	0.000526856813862033	0.0028617873781143	-0.001595317909767896	0.00212595393369858	-0.0005862482629626242	-0.0003506340482717492	-0.00012628511256398853	7.521331307510486e-05	-0.0	0.0	0.0	0.0	0.0	0.0	0.0	0.0	0.0	0.0	0.0	0.0	0.0	0.0	0.0	0.0	0.0	0.0	0.0	0.0	0.0	0.0	0.0	0.0	0.0	0.0	0.0	0.0	0.0	0.0	0.0	0.0	0.0	0.0	0.0	0.0	0.0	0.0	0.0	0.0
GA46	0.11977639947552968	-0.1975124698800614	-0.008889545254710295	-0.00859797614024849	-0.049496567566725665	-0.01468201158280735	-0.005430750012023567	-0.01915188290549384	0.00543752805038389	-0.015117392356332105	-0.006541643512517446	0.0055373535810190454	0.0028743515041384695	0.0019451463949757752	-0.006783594433984491	0.007203667808507463	-0.0011281501418970864	-0.003667995803671257	0.00011934740838517486	0.003730550576432733	0.0028229097363872083	-0.00019549331977657036	0.0017357597236853793	0.004530812608306747	-0.004058793635000793	-0.0005815455337546715	0.004863045664070445	0.002251116894502484	-0.00240184964616525	0.0008287032454265214	-0.0006146284886551256	0.0003303692251081336	-0.00048720795716827257	-0.0027709973354546535	-0.000555930672366762	0.003730598960222122	0.002758788204061529	0.0012136896356465005	-0.0029475418815979606	0.002075883344092236	-0.0033135627070426973	0.0020024379570281383	0.0014941265484483405	0.003322334563076537	-0.0013031787060122488	-0.0010912923034008019	-0.0003359160475031301	0.00017449810579421937	-0.0018370527647977304	0.000667746219699243	-0.0005569900645655412	0.003679341727276867	-0.00016541201130050156	0.0043690815880284995	-0.004064014961196102	0.0016965222953754368	-0.0019579558003800486	0.003240864495446422	0.0005912434726949047	0.0018217009430273867	0.0008833841952481217	-0.001473014761249159	-0.001962061085223885	-0.001469749176055668	0.002527651421640065	-0.0006578966361735192	-0.0022764780831036682	-0.001210821935691373	0.002357132472565318	-0.0008070977022803078	0.0010647918243004216	0.0023110873819457522	0.0007305125654794953	0.0019157689103568925	-0.0005979188493633006	-0.002199681643442426	-0.0008698411990487366	0.00099030328398333	0.0013187975889691124	5.6512780904588786e-05	0.0009422775946386264	0.0002546651447434035	-0.0005272775393246685	-0.0005506775804698462	-0.0	0.0	0.0	0.0	0.0	0.0	0.0	0.0	0.0	0.0	0.0	0.0	0.0	0.0	0.0	0.0	0.0	0.0	0.0	0.0	0.0	0.0	0.0	0.0	0.0	0.0	0.0	0.0	0.0	0.0	0.0	0.0	0.0	0.0	0.0	0.0	0.0	0.0	0.0	0.0
GA47	-0.15556478870239057	0.0696157238567885	-0.04691602102560514	0.007149650716283628	-0.01258952966627193	0.00046876319807889993	0.00669471562942097	-0.008807961134009877	-0.0035506158300821393	-0.0039775278454937365	-0.00649691220002005	0.0022980181844037533	0.0020519527572926194	-0.005670103758914049	0.0021522883964229514	0.0032983736478228378	-0.0014968370931308396	-0.003089725431194321	-0.002862742735109295	-0.0007151865074009195	0.0018700799996591692	-0.00042668281698058963	0.0029605452713750403	0.0017005115458616452	0.0014815333264798004	0.0009161430658682787	-0.0009865439364178132	-0.0019140036015750984	0.0014160077519544346	-0.00887704001680673	0.005608407954634001	0.0014679802335719073	0.004583181902977891	0.0008978711959733212	-0.0008180125458964913	-0.0024186006730080897	0.0006773577086528472	0.000274279861467006	-0.005605560179039477	0.004460163108810878	-0.001998550712802301	-0.0035166201277676843	-0.00351361018490561	0.006158251201181304	-0.0017514815851915602	-0.002986269805122457	0.0039180955475977925	-0.0036409297348328085	0.0013832199952012244	-0.0012731860367423016	0.00018932794273414488	0.003924770393082506	0.0024287366754890587	-0.0014913009995323194	0.004478507319793748	-0.004513501284737457	0.0005778965946335599	0.0007948599725823844	0.001501193760623597	0.000686085674333536	0.0019300003852718568	0.004271027693850521	-0.0019980261144521786	0.001699230704759248	-0.0006305110874930076	0.0011915573304642814	-0.0015911202028610486	1.6734988048198108e-05	0.0005213680292794436	0.002538563140791554	0.0016094786300633439	-0.0017221274082712802	-0.0017807633158427448	-0.0012258420953971995	0.0009479874629595142	-0.000759739353564178	0.0020913554052327337	-0.001508408751802016	0.0021866174187648293	0.00041685986946380277	0.0006027394596332026	-0.00017314964527247469	-0.0007107585198606396	-2.9058690305142077e-05	-0.0	0.0	0.0	0.0	0.0	0.0	0.0	0.0	0.0	0.0	0.0	0.0	0.0	0.0	0.0	0.0	0.0	0.0	0.0	0.0	0.0	0.0	0.0	0.0	0.0	0.0	0.0	0.0	0.0	0.0	0.0	0.0	0.0	0.0	0.0	0.0	0.0	0.0	0.0	0.0
GA50	0.2557919039343214	-0.023266948604973345	0.08842680395594339	0.03943043356473988	-0.0016533942962822655	0.015561137926949862	0.02384132796358858	0.004344691161613315	-0.02152590641880865	-0.010165146896020494	0.030842670883555984	-0.00019576800900475842	0.0007072341296703274	-0.0036248227665611377	5.480914040585633e-05	-0.00615800731154856	-0.010035942209340325	-0.013033868265723725	-0.015952396570297935	0.002643714023002118	0.010987746450697755	0.00013796997553848527	-0.011208244271168203	0.001786219387951264	0.008686999803007647	-0.002443360019997503	-0.003967880063717797	0.00015841517395633655	0.0008854063854460322	0.000269777702159694	-0.0018744846255056924	-0.0010088786862114845	-0.0017485672129274245	0.0023073546406898464	0.001186100961956743	-0.002164428961262494	0.00022676788424052892	-0.00015826920672571014	-9.004690719850647e-06	-0.0015495564724758216	0.00026734683726468376	-0.0005156263650746155	9.976016350854837e-05	-1.778545494406606e-05	-0.00014726816563520202	-0.00047583450191006766	3.6952375405800556e-05	0.0006051128644081725	0.00015269469047371562	0.0004950432933215911	-0.0011634692661552863	-7.423938634304903e-05	0.0001335178989454503	-0.0004378076720880032	0.001200365144751971	-8.947593711841066e-05	-9.874292967093684e-05	0.00029227041260557874	-8.03507261700204e-05	-0.0004638788702593311	-0.00018038604830757015	-0.0001443120064018323	-0.00034469559742118333	-0.00027389402707627173	-0.00049939441091481	-0.00010158883620892923	-6.198246048494812e-05	-0.00031889751182165646	-9.890463315624652e-05	0.0005507412569566969	5.429494514581376e-05	0.00026252428945521043	0.00013307287201414847	-0.0004968771905123837	-0.0006479047373381879	-0.0002736157347201269	-0.0004494860738601685	7.297056272451163e-05	-0.00038640079904484663	6.2188806217867706e-06	-0.0001351238111116058	0.00016799279597528563	-9.961766986845186e-05	-0.00023386967758028343	-0.0	0.0	0.0	0.0	0.0	0.0	0.0	0.0	0.0	0.0	0.0	0.0	0.0	0.0	0.0	0.0	0.0	0.0	0.0	0.0	0.0	0.0	0.0	0.0	0.0	0.0	0.0	0.0	0.0	0.0	0.0	0.0	0.0	0.0	0.0	0.0	0.0	0.0	0.0	0.0
GA51	-0.044523329538591595	-0.052997121014168744	0.01752299750808694	0.00813244483679377	0.020193024606976154	-0.010930825904638937	0.014441197634492725	-0.008743253457463632	-0.003413890929470484	-0.013929628235225712	-0.011219055352279935	-0.014321538675870367	-0.00576053538970737	0.004052588382200695	-0.005048667932439429	0.002267361703703685	-0.00023238042932761292	0.007118117310572862	0.0004086890057737708	-0.0012671740543152407	0.002702965357997073	0.003956727590407814	0.0008962291905689547	-0.0014658955204094595	-0.0029125139962549703	-0.006661988324825298	-0.003025867342397359	-0.004402685094540781	0.000417705249785322	0.0020766846697563516	-0.0016709921304242997	-0.007769217836263412	0.0009467124375672375	0.0010430819813078758	-0.002535422084572959	-0.0033126331373275644	0.002370426738195828	0.0006864184947716329	0.00274456287342764	0.0024724267438905427	-0.0040471100755474715	0.00559490856353911	0.004397551583930279	0.0029586464211797904	0.001352290116345674	-0.0004452446695982828	-0.0016908645400348897	0.001662647595753378	-0.0009918494526437124	-0.0010347933063103846	-0.0025394003647235814	-0.001513827425606295	-0.0007039082626510788	-0.00011899916026499118	0.0033446677550318326	-1.0869015321438885e-05	-0.0004476920840409713	0.0018457598574851452	-0.0008220955773596012	0.001451215400819835	-0.00040460540474869137	-0.0019332353225928417	-0.0021652733872246054	6.907155943387609e-05	0.0005766551385614588	-9.385666581203966e-05	-0.0008316883359070718	0.0013537798419770298	-0.001877572897355734	0.0014725870297979799	0.0011074469746377381	-0.004245071842726002	-0.0016038825498200981	0.00033699774176456515	-0.00031552434595746154	-0.00048671171548184084	0.0010298547157080672	0.0013977059541281343	-4.29435502562856e-05	0.0016307997772460937	0.0010161438957172913	0.0005502611122676188	5.615507631666515e-05	0.0004911095212048373	-0.0	0.0	0.0	0.0	0.0	0.0	0.0	0.0	0.0	0.0	0.0	0.0	0.0	0.0	0.0	0.0	0.0	0.0	0.0	0.0	0.0	0.0	0.0	0.0	0.0	0.0	0.0	0.0	0.0	0.0	0.0	0.0	0.0	0.0	0.0	0.0	0.0	0.0	0.0	0.0
GA53	-0.06284984964759203	-0.03207846981204798	0.01352066706806748	-0.0056624720310265815	0.01975353776900041	-0.015943892800181117	0.006740192130632846	-0.0016913666315337998	0.004437337234607992	-0.002338770523519545	-0.006203537907919051	-0.0011339173666476588	-0.002360339342111893	-0.002043116142453566	0.0027894907915936933	0.0007701592556702966	0.0022301570181990148	0.003283269162592136	0.00010761329082359531	0.0041355976071857274	0.0007715866539607477	0.0006676960111286492	-0.0011729154548247216	0.0004978791305444412	0.0031916193770001214	-0.0019245000909190295	0.004442878952197372	-0.0013601919487886871	-0.0008809825324296934	-0.006333982741108411	0.0020341908390726464	0.0014209309884460847	0.00942052207882769	-0.006657503823658178	-0.0049009725136185235	-0.0006396649431069525	0.0009998018784020842	9.986035711241152e-05	0.0024817801274917882	-0.0015323935129803242	-0.0020764429982358954	-0.0007358192839766894	0.0031997606793142423	-0.002009735135309834	-0.0013370332843691322	0.001059544446291645	-0.0013619581128876638	0.001821305741039853	0.001856120575137638	0.0032384662040412164	0.0015500769247866304	-0.0032280852526618688	-0.001975976277857539	-0.0011342690517863953	0.0014267107662535533	0.0009591128596302737	-0.0056363845229357576	-0.0016803423734036474	0.0024048754131629334	0.0008784050442950321	-0.0016992119602931507	-0.002124363471442469	0.0035342372053607015	-0.0017514188808601843	-0.001336839497464603	0.00042157105685171575	0.0006661381928906538	0.002934086785480868	-0.0015886278639848555	0.00032578626448949877	0.0008997023066816591	0.0010480566123799134	0.001124104928668546	-0.002446218747712861	-0.0020253227581619997	0.00029677403608403016	0.0005122058383920212	1.3365728570818429e-05	0.0016654966840282401	0.0012593771974927863	-0.0003147682755643081	-0.0003747207541432712	-0.0004820806884419536	-0.0010822563148599142	-0.0	0.0	0.0	0.0	0.0	0.0	0.0	0.0	0.0	0.0	0.0	0.0	0.0	0.0	0.0	0.0	0.0	0.0	0.0	0.0	0.0	0.0	0.0	0.0	0.0	0.0	0.0	0.0	0.0	0.0	0.0	0.0	0.0	0.0	0.0	0.0	0.0	0.0	0.0	0.0
GA57	0.11958292521487317	-0.19514124327196708	-0.0034080625161502487	-0.011386334460939748	-0.05738408918426317	-0.0306286214119425	-0.0050630317236708315	0.021791677327539786	-0.001971479697258905	0.0076228646333593875	-0.0025922450502454102	-0.013095346109770837	0.0038147936320428307	0.004542350814551191	0.0031355625444732314	-0.006395748275767674	0.007941502408220096	-0.011357477682210165	0.002157092390006901	-0.013404805106026409	0.006433080061746267	-0.008838814039337778	0.008298040985998133	0.0023432576214359345	-0.00047553994836809546	-0.0009324993110913267	0.002353926306614521	-0.004046329224973686	-0.0017756371206447234	-6.659396161062026e-05	-0.0030903820879686445	-0.002218584149932988	0.00011185106213706669	-0.00012964072033286046	0.0016254712474116076	0.0016767604695670268	0.00027937174718007556	0.0012821371106309068	-0.0018441296269175896	-0.0009371248984212495	0.0020358950524226836	-0.00010231910974013677	0.0008929559337085902	0.000315254996520902	-0.00020132455394783813	-0.0007704128911326019	-0.0019253567984130562	-0.00015901700285300978	-0.00013524746027751127	0.0009608785367884624	-0.001173936511009736	3.4679625212551874e-05	-0.000580314035348766	0.0015353825075653002	0.0008411007500374766	0.0004201323968785937	0.0005521416391663267	0.0006185183560972208	-0.0004058835180970368	-8.503991928869222e-05	-0.0002011588299644971	0.00045825922254957407	7.523140935314184e-05	-0.001053758230449839	0.0006923448316051459	-0.00045561949615557825	-0.0010959444466941818	-0.00040181080423226027	1.355616682335104e-05	-0.0008306349631318615	0.0004432851706472256	0.00035989126265669683	-0.0004999764368222878	-0.0006527378952231398	-6.61936594136516e-05	-0.0002296698977467266	0.0008267334473422033	0.0008068192305651287	-0.0002325042171542805	-0.000555644375652298	9.046564020683435e-05	-2.4950918364314655e-05	0.00019549529730220863	-0.000382173117066904	-0.0	0.0	0.0	0.0	0.0	0.0	0.0	0.0	0.0	0.0	0.0	0.0	0.0	0.0	0.0	0.0	0.0	0.0	0.0	0.0	0.0	0.0	0.0	0.0	0.0	0.0	0.0	0.0	0.0	0.0	0.0	0.0	0.0	0.0	0.0	0.0	0.0	0.0	0.0	0.0
GA6	0.08959759364902795	-0.17608230446102288	0.0009921202883764186	0.006385450511834279	-0.041834424822457986	-0.0067710568708503425	-0.01988020065609202	-0.00016967775196237667	-0.003611633820164326	0.007157300395978956	-0.02288282553101743	0.015564682543610583	0.0032027368473206844	0.005985238716765042	-0.005718197095945575	0.006686604827448381	-0.00719347444808561	0.016807684700459832	0.00021850436579080352	0.008683077826427054	-0.0003511710551922918	0.0013283220495169858	-0.006024184485667377	0.0006153124208953067	0.007068344267142599	0.0020577469414362745	0.00647950672594208	0.0007678782983802842	-0.0022242889864237374	0.001587870609083319	0.006270270574959952	-0.002513896473791212	-0.007180600249595847	-0.0011024530304764317	-0.0010421381342655886	-0.001960630456807697	-0.0005900548200552217	0.0009347632143270158	0.0025753457245938833	-0.0026337566765073737	0.0009149493055048013	0.002640870042249215	-0.0004819928491440047	-0.0012356841890825412	-0.0011425014680577108	-0.0026727739866551667	0.0020525986567063665	-0.002048078686180044	0.00269787892270232	-0.0010803279648025285	-0.0015963623806880844	0.0007003081728835394	-2.494618663779339e-05	0.0003233480072148833	0.004024325465962453	-0.0002756297283790754	0.0017637423897823156	-0.0005024490571182245	-0.0013699501597588847	-0.000416678426356676	-0.0003166911240532825	0.0008477552744163496	-0.0007868629092812718	-0.0017742869361180714	-0.0008617987031002508	-0.0012596346573116519	0.0003885950888363902	-0.0018325025763698665	-0.00021845508812523375	-5.961858861491926e-05	0.001364193731056587	0.001071171691063347	-0.00010624347551956026	-0.0015598827516294317	-0.00030116090900031563	0.0003797894061688615	0.00040670262211490695	-8.525961692996667e-05	-0.0007471087397568281	-0.00014328963642735068	-0.00019875560417606782	0.0005849646145069713	-5.901274410358649e-05	0.0001554713763138005	-0.0	0.0	0.0	0.0	0.0	0.0	0.0	0.0	0.0	0.0	0.0	0.0	0.0	0.0	0.0	0.0	0.0	0.0	0.0	0.0	0.0	0.0	0.0	0.0	0.0	0.0	0.0	0.0	0.0	0.0	0.0	0.0	0.0	0.0	0.0	0.0	0.0	0.0	0.0	0.0
GA64	-0.11417143470348229	0.028904382020680436	-0.011356896437678978	-0.03023498292955202	-0.0031574900474197086	0.013494248855388462	-0.005003538111743454	0.013026297935206387	-0.007524952975833357	-0.009328616285491245	-0.0007621380801573011	-0.001648808614774553	-0.0014737615029915608	0.010139161122046172	0.011448522842414021	0.0021553802688946775	0.00420351300855876	0.008155816658321545	-0.0042677406079732775	0.004617690882178872	-0.00892226445064249	-0.022361183746064682	-0.01230911311708787	0.011684407151198997	-0.006170610401990879	-0.0025520631843883052	-0.009011138956536591	-0.0013546206305309672	-0.011506869530092037	-0.001586628594811936	0.0013151058901548225	0.005428899037129305	-0.0004431154953867452	0.001136008687790583	0.002801667111723756	-0.0018470333304416722	0.002811344616244765	-0.0021119971041412933	0.003285291494980287	-0.00021047164058058955	4.995599468700783e-05	-0.0007347878420566486	0.00029918864708368	-0.00016865453245802883	0.0003266396953703331	0.0015100650564219941	0.0003313930997305745	-0.0002631795277512393	-6.310002038405848e-06	0.002104153602169805	0.00025754135468181497	-0.0008737341264823358	0.0006335395890779582	-0.0008100402081052471	-0.0010116402554962755	-0.00034288942787973314	-0.000609811490700405	9.65875019923042e-05	-0.0010497124646189286	0.0004836951007121496	0.00018089778477865004	0.0005747777047075397	-0.0019341463407145485	-0.00014454619362810873	-0.0011696278600659205	2.6849454518447486e-05	-0.001183861726650257	-0.00014369907862656357	0.0007394972721016658	-4.854385192545131e-05	-0.0007945738525700415	0.00085443974796814	-0.0006036136929927501	-0.00011845934298193281	-0.0008013277649250867	0.00016927485043548383	0.0007825025172434566	0.00022213683149114688	0.00035582625883496947	0.0006994665476050287	0.00030629514339091345	8.064756873041337e-05	-3.710423456826863e-05	0.0002577241482594658	-0.0	0.0	0.0	0.0	0.0	0.0	0.0	0.0	0.0	0.0	0.0	0.0	0.0	0.0	0.0	0.0	0.0	0.0	0.0	0.0	0.0	0.0	0.0	0.0	0.0	0.0	0.0	0.0	0.0	0.0	0.0	0.0	0.0	0.0	0.0	0.0	0.0	0.0	0.0	0.0
GA66	0.17292330238297862	-0.232878118863554	-0.032458595824746576	-0.035554213723196705	-0.05168130265153125	-0.02384946018852579	0.031223103629799825	-0.00902673274557725	0.007428886924299009	-0.007183257737003433	0.03523151822558633	-0.015727141826924744	-0.02048918180759331	-0.02552477043878426	0.0006717393140968123	0.0018419171796732585	0.0027813154591250534	0.005675392340756595	-0.001618369805251188	0.0010447227893133745	0.0024508292023504748	0.000709853051253648	-0.004188927183302495	-5.780553533525088e-05	0.004106439259873228	0.0005099791605214456	0.0024009339447100225	0.0004202696687627088	-0.00025709262409209934	0.0002498517592222054	0.001997932987517705	-0.0001984044912370215	-0.0019925611069986516	0.0003753697273617485	0.0006217886646317354	-0.0008406960817308969	-0.00045871803331458513	-0.0008202595248254132	0.001064327750740679	-0.0003620220776018767	-0.0015513588048354217	0.00030444968705778787	-0.0009840785780561852	0.0002069434206259076	-0.000101984563752315	-0.0003821313169262144	0.0009919557900361171	-0.001463662557378322	-0.0002576762319346756	1.6403516650321605e-07	0.00045578336901199747	0.0004815364877427195	0.00010207548647251673	-0.0009075698891629701	-0.0002314693930512866	-0.0001413022681245286	-0.00012732425064589884	-0.0010486203119926298	-0.00015116959738679478	0.0004811657048222597	7.407198642158778e-05	-4.422066905411366e-05	0.0002866232954049746	-7.604295961187861e-05	-0.00029696189786157447	-0.00018257313711187876	0.0004061071678862422	0.00017624776304068612	0.00014845210402409824	-8.891842162481512e-05	0.00011003715553803845	-0.00020573734651936344	-0.0004907186422671533	-0.00030852313284332624	0.0003190754560421268	-3.0482420295474548e-05	-0.0002508406165717331	-0.00037637136301217644	-0.0002077302448547421	-0.0002663286107154355	8.184394890300451e-05	-6.184807466635602e-05	-0.0001251153163197285	0.00030623591048362136	-0.0	0.0	0.0	0.0	0.0	0.0	0.0	0.0	0.0	0.0	0.0	0.0	0.0	0.0	0.0	0.0	0.0	0.0	0.0	0.0	0.0	0.0	0.0	0.0	0.0	0.0	0.0	0.0	0.0	0.0	0.0	0.0	0.0	0.0	0.0	0.0	0.0	0.0	0.0	0.0
GA68	0.24593609563133326	0.06180346852809153	0.09392574857513421	-0.021344312796123876	0.02560722043635785	-0.04260879846694202	0.012962844304587311	-0.020839296244363176	0.005921134015762388	-0.014338099156191506	0.003784150388241503	-0.006843858652789348	0.006617155268538295	-0.009737746881039865	0.006978704739125868	-0.010640433230398365	0.005163987718056964	0.007726213630978295	-0.004253560557122018	-0.011040512688832445	0.004090631166696378	-0.0016951627655261905	0.004271314073887238	0.009702983072253616	0.007007564077828847	-0.0012784525872281533	0.010823192642980942	-0.0013353906221711966	-0.008304352432818131	0.0001586093448296521	0.0002608590578454636	0.00043876238592284	0.00423289791748339	-0.005264741270341289	0.0006386764992619106	0.0017190644257622223	-0.003846775152083305	-9.869734381994899e-05	0.0021884337324395518	0.0028628568491478813	-0.00040896949597239387	-0.00010215437254667324	-0.00033151437776283163	-0.0011142018850458105	0.0012752565057836764	0.00037762994384253666	-0.0012931623993446143	3.4179076600971056e-05	0.0007829037974433189	-0.0006822491333168273	-0.00030309020886357753	-0.0011243096614620932	-0.00032263261942743805	7.311426441988855e-05	0.00029251896556318227	-0.0005171260781852235	-8.09004104358322e-05	-0.000212867073360499	0.0001157319920254723	0.0004117698670023266	0.001255849287119847	0.0005497049204466508	0.0005127553187729346	0.00036590714963835347	0.0008011315848244213	-0.00013806266333100893	-8.293191189461438e-05	0.0007046735952463642	0.0001762611368223436	-3.56406879728699e-05	-0.0006308006264043993	-0.0003611207238043063	-0.0006336777367824426	0.00045557334729157275	0.0011306587311239048	0.00037097672723142414	0.0004504338114853273	-0.00029011116993738514	-0.000120195404302794	0.00010848717350321977	-0.00022094882881315534	-0.00018369588379751607	0.0002855863225346661	0.00046064392862887735	-0.0	0.0	0.0	0.0	0.0	0.0	0.0	0.0	0.0	0.0	0.0	0.0	0.0	0.0	0.0	0.0	0.0	0.0	0.0	0.0	0.0	0.0	0.0	0.0	0.0	0.0	0.0	0.0	0.0	0.0	0.0	0.0	0.0	0.0	0.0	0.0	0.0	0.0	0.0	0.0
GA69	0.5055727853925167	0.4130386556458762	-0.15857527812327699	0.03428636346512453	0.021664993154047258	-0.01794050680221207	-0.008576086591288442	-0.0005885378656690243	0.0015761138902572636	0.012604763189379758	0.008796752396636739	-0.0008429868222892111	-0.0009463769081203625	0.01846238000730522	-0.00203236301208974	-0.010445364837324335	0.008690379668504914	0.008420837793298625	0.004409674153615894	0.008481261125156429	0.016303516073460707	0.0014495120182434129	0.0015292141927364924	0.003470489542460897	-0.003512399639922208	0.001662526289814433	-0.004055772459307546	0.0009704475045044235	-0.000527306102049696	-3.563235214454794e-05	4.2692534331077753e-05	0.0030523795106294957	-0.0005954464471978584	-0.0014521503578638472	-0.0007322155901892035	-0.00035981980432632423	-0.000876576520881546	-0.0003079461731154203	-0.00010004740770013354	0.00040112590837564473	-0.0008469264753954954	0.0001228896923106789	-0.0001872729994407792	0.0004295603966902785	-5.651696224502677e-05	0.0007654281832117078	-0.0006229816754942774	0.00041235392365291025	0.00032727360866361863	0.00037615716577591324	0.000239178908540844	0.00032684108167652136	-0.0002508961444294535	0.0002370167660406327	0.0005040650244933646	-0.0006821832753683085	3.9110206206091193e-05	-0.00048037682774474766	-6.559399810816713e-05	-0.00019487578797448108	0.00010368060039159287	-1.6645490088100948e-05	-0.0006923497626541476	-0.00028993429747676874	0.00017238045050626738	0.000438463201341197	-0.0003221203772044132	7.39081125748668e-06	-0.00012982514946846064	0.00015868495517454864	-7.0951575459276035e-06	-3.4268395400346584e-05	-1.568085972764439e-05	-6.628640146862933e-05	-3.93023685607579e-05	0.00018630584152318032	-6.2243132741037526e-06	-0.00010119006891208718	0.00016742234882961284	0.00012168334039408157	2.9825723379137776e-05	-6.916465090234651e-05	-0.00010008482003065505	-1.9785260134683652e-05	-0.0	0.0	0.0	0.0	0.0	0.0	0.0	0.0	0.0	0.0	0.0	0.0	0.0	0.0	0.0	0.0	0.0	0.0	0.0	0.0	0.0	0.0	0.0	0.0	0.0	0.0	0.0	0.0	0.0	0.0	0.0	0.0	0.0	0.0	0.0	0.0	0.0	0.0	0.0	0.0
GA70	0.24683847211629448	-0.059465847721829	0.0795717532909279	0.04532835277511513	-0.015212516911939793	0.034202054339269615	0.015858887862138762	0.025416334313413717	-0.011989983617258048	0.008054917797268196	0.0159492516621865	0.023344158898487156	-0.03273159663280472	-0.0016574843230588278	0.006980274187916241	0.0004129796179038599	0.0013234332798178422	0.007624569754116103	0.00876699996493577	-0.00320664442364641	-0.00703069286563799	-0.0021678876752736415	0.00920335913629739	-0.0014739836485929906	-0.004383625303654399	0.00012589810637135036	0.0010662810866310657	-0.001999227840544883	0.0010904719113242717	-0.000949110873667545	-0.001290031176375881	-8.826932330119309e-05	0.002325803902778297	7.730500505648803e-05	0.0004815459663491354	0.0009529383558288946	-0.0002352564271306055	0.00034970407090487566	0.0004047805659694172	0.0005354056827510379	0.00045657758057654284	-0.0002442472719135084	7.674874811138347e-05	0.00019366409827066935	-6.88603520503159e-05	0.0005297631817411721	-2.4973172526260184e-05	-0.0004878348032940213	-0.0005629186829995882	-3.345684018768062e-05	0.0008161894812076242	-3.10386579670105e-05	-0.00027824250576829747	0.0004968712155169695	-0.0007010146000930073	-3.7245669401956554e-05	0.000279850793994468	-0.0003285638474787637	-0.00012829609973698887	0.00021492606228162235	-0.0004996197087716532	3.053149985789491e-05	0.0005679828597551972	0.0002083944738234611	0.0003383068832759787	-9.546020027223224e-05	-5.501493464807443e-05	0.00031892073171576257	0.0003074531878665267	-0.0008841480979898691	3.5590997760738474e-05	-0.00011821237032558033	-0.0002538375357252454	7.987417362098052e-05	0.0003594018842938808	-1.609850635657954e-05	0.0003487266258178589	4.950761875081878e-05	0.0002781878888658589	-0.00010997569955878788	0.0002529124184351567	-0.00018536424087986717	-4.794209175426095e-05	7.136946425770818e-05	-0.0	0.0	0.0	0.0	0.0	0.0	0.0	0.0	0.0	0.0	0.0	0.0	0.0	0.0	0.0	0.0	0.0	0.0	0.0	0.0	0.0	0.0	0.0	0.0	0.0	0.0	0.0	0.0	0.0	0.0	0.0	0.0	0.0	0.0	0.0	0.0	0.0	0.0	0.0	0.0
GA73	0.5378826148907101	0.4344651912930432	-0.17870288944322796	0.034363943660446795	0.04709040206228704	-0.01295906517162537	-0.04561177211874471	0.015696223107115322	0.006434004406532327	-0.0312260631492334	-0.0015353668288536175	-0.0026962402099133293	-0.002857643062895135	-0.017149894058587252	-0.0024422672258201284	0.007635950884846667	-0.004774086021641214	-0.0059868495557449585	-0.0032962951074636767	-0.0051767563873228095	-0.008900895590732167	-0.0013411487813524677	-0.0008238437416100636	-0.0017859594028989908	0.0020407068123882723	-0.0007817871391514238	0.002252650627669601	-0.0006412579498467996	0.0005021884181648728	0.00028263678539698747	-5.436632697289057e-06	-0.0016968738443050167	0.00030790790643817854	0.0008695214265563391	0.00041787149709160746	0.00019369813014432328	0.0005292738861648368	8.296702518944643e-05	0.00013065355798133981	-0.0003121413038396538	0.0004280659779211664	-8.773777928715301e-05	0.00013253937995606155	-0.00029515019834451154	5.789132768506105e-05	-0.0004256492639306775	0.0004348134625441324	-0.0003046440717480369	-0.00015025578493068606	-0.00018372754247331354	-0.00014045059275482523	-0.0001547721252006276	0.00013321457255045766	-0.00021734976024006422	-0.0002950752258199939	0.00042248815912098293	-4.1527385475915596e-05	0.00024113630890515577	-1.8867273286326976e-05	6.544341012479711e-05	-4.832156946318611e-05	3.540048829421582e-05	0.0003855725509225417	0.00021084257090044054	-9.822202262669552e-05	-0.00018901521654797015	0.00016506410428539315	-1.989686996401442e-05	4.881199543977688e-05	-0.00010070436512217833	-3.655372873767778e-06	1.0740430556339839e-05	-1.0649966163080317e-05	1.9427431022757483e-05	8.862116312359113e-06	-7.0796228479298e-05	1.2057674011942828e-05	4.9414300101480096e-05	-0.00010650540623582121	-4.7871066958156674e-05	-1.6055118518803276e-05	2.1011603491130677e-05	7.55736239760235e-05	8.672797587158314e-06	-0.0	0.0	0.0	0.0	0.0	0.0	0.0	0.0	0.0	0.0	0.0	0.0	0.0	0.0	0.0	0.0	0.0	0.0	0.0	0.0	0.0	0.0	0.0	0.0	0.0	0.0	0.0	0.0	0.0	0.0	0.0	0.0	0.0	0.0	0.0	0.0	0.0	0.0	0.0	0.0
GA74	-0.0643282077380328	-0.031202322087867627	0.012452322843545008	-0.007817171819200481	0.020236803435801944	-0.014580696082069529	0.006469703634477486	-0.00642407137295693	0.006601485317943474	-0.003140308761397884	-0.003585365699287679	0.00426390970430767	-0.001794521798070213	-0.00314795040442925	0.0007185594133366537	-0.00043706077228734927	0.0008906891899661946	-0.002436098510664706	-0.00014070494742290588	0.0016166187573889335	-0.0007030618749331483	0.002243652902013369	-0.0007017017468786727	0.0022695538323746077	0.00047646720876292454	0.0009661200364246737	0.0032119778135866026	0.004483006763785084	-0.000751243109251516	0.0027046279269611288	0.007658241013689313	0.0024406188877559507	-0.0006047149901891242	0.007147280364572402	0.0001522443891594407	0.0014856156360811747	-0.0014325718098193345	0.0014568225818983639	-0.0017967737307997733	0.0015804476959174526	0.0017572787093722974	-0.001039525143105672	-0.005187599056055074	0.0005961773052752267	0.003940232540861157	0.0059150540770669564	-0.001770915235152872	0.003923026850057141	-0.004300692677910673	0.005243549232667059	-0.005832496433880705	0.0004503129153526053	0.002041667716887168	0.0018952641638884803	6.451080871494332e-05	0.0017394365090149726	0.0013587201909134056	0.0016677025811719696	-0.004861075221518889	5.141378155503349e-05	-0.0006817759472477102	-0.0014614240647989898	-0.0009604963206195427	0.0013137278293920236	-0.003121920274672085	-0.002539465992787751	-0.0010089210106905403	-0.00014238209315648796	-0.0034636542157484474	-0.0026434201428452626	0.0006343546164217979	-0.0013627898866357853	-0.0004119334578044224	-0.0012830219560091118	0.0017567428460181051	0.00018088261327750495	0.00014347002976457235	-0.0010038244273634868	0.0016246389998926538	-0.00029404636829331496	0.000961275800732029	0.00042795336962286304	-0.0002445521887521593	-0.00031872806247357444	-0.0	0.0	0.0	0.0	0.0	0.0	0.0	0.0	0.0	0.0	0.0	0.0	0.0	0.0	0.0	0.0	0.0	0.0	0.0	0.0	0.0	0.0	0.0	0.0	0.0	0.0	0.0	0.0	0.0	0.0	0.0	0.0	0.0	0.0	0.0	0.0	0.0	0.0	0.0	0.0
GA75	0.11077913295113345	-0.19047417705664202	-0.00542864754770877	-0.006336305295226607	-0.05135403651768905	-0.017026097954877806	-0.008499035118032258	-0.008263056318844754	0.004429468926387059	-0.011866021896709699	-0.008156782047593188	0.0015041832281200566	0.004207722263688371	0.006381141777550738	0.005752759171936739	-0.004202470683252955	0.00257152355486328	-0.005745086639741483	0.007742616111518328	-0.0026769344748179295	-0.0020022167497665533	-0.0016903501611668478	0.00038226159731975524	-0.005312539813567477	-1.2347128411735432e-05	0.0007346206196283626	-0.0063321554565340535	0.0017297877400131642	0.002079409245681787	-0.0006157932265230265	0.0021812929316967137	-0.0015698119235643914	0.0031134842903662884	-0.0009750516980197953	-0.0027290707537485836	-0.004363377212515291	-0.004990639534125634	-0.0032537660914802803	0.006523345100514487	-0.00029532474432713505	0.0018605273064586933	-0.0015383246401685544	4.734640565953265e-05	-0.001735024695417604	0.0019266873796628965	0.0014023649866082464	0.0029139707554691604	0.0020522958245221532	0.0011350422251502664	-0.002272456912457289	-0.0005362016706227697	0.0003454038561097295	-0.0021417780952601904	-0.0025914837715899143	0.002640047793667689	-0.0034237386713156528	0.0009114203966668733	-0.0015447422723516935	-0.004098697668666359	-0.0029408490614520285	-0.0008529376280117729	0.00062086989554048	0.0008427607794963769	0.000859172077097296	-0.00017178361692824257	-0.0021075644832941067	-0.001771702574621175	0.00033987820890931276	0.00014641248308499844	-0.0008810527698427128	-0.0010765409332752058	-0.0004135347144241916	-0.00027209214439588184	0.0007669694635960305	0.0006944943057789818	0.0009596228378855825	-0.0013287834187582191	0.00022291847387339182	0.00037501468658066554	0.0008498176910202405	-0.0010072747177361269	-0.0009338879774430091	-0.001221077907943903	-4.804853721921166e-05	-0.0	0.0	0.0	0.0	0.0	0.0	0.0	0.0	0.0	0.0	0.0	0.0	0.0	0.0	0.0	0.0	0.0	0.0	0.0	0.0	0.0	0.0	0.0	0.0	0.0	0.0	0.0	0.0	0.0	0.0	0.0	0.0	0.0	0.0	0.0	0.0	0.0	0.0	0.0	0.0
GA78	-0.06571153101961326	-0.02844509727480239	0.013105434002526383	-0.007950387776383273	0.01889998802870262	-0.016702010878826726	0.004361948469483631	-0.00047404043619993827	0.003952853091521891	-0.0011180754562936162	-0.006008532389529764	-0.0032024466236642677	-0.0036617520988153855	-0.00038224235752614143	0.006577131525062787	0.0017479845733167534	-0.00093562413460301	0.0016783655724562012	0.0003170221671701689	0.005185632548024349	-0.000771124062235775	-0.0006364471483279047	-0.0007377853622014427	-0.0027129625611075547	-0.0011955448031328653	0.0009171645807037698	-0.0005012140724589377	0.002681771024208291	0.005209022582620591	-0.0024005736129760202	-0.002710782773827168	-0.0016913151369029559	-0.004050413894810608	-0.008134458841936438	0.009343203037121333	0.0007976744642116015	-0.004729050252376671	-0.00498199967665448	-0.0008559270767187828	-0.002686004489575144	0.004241833490580888	0.0013675314295889362	0.00018996241439319942	-0.004547768100747411	-0.005873627093365678	0.0005975295637560748	-6.0128943186071235e-05	-0.002101914257641128	-0.0028809440295031294	0.0022306828784488266	0.00023833344467865368	-0.00048673106027385406	-0.0005002384999535705	0.0025353522163193013	-0.00010998307697151067	-0.005009630221867619	0.0007719121841996721	0.00021692148765455575	0.003351379388076154	0.0014401335087498972	0.00029034007656814146	-0.0014670752070933628	-0.0038561555313678213	0.0006924988374944677	0.0017156035715465148	-0.00022789612462692667	-0.0007084337884970465	0.002398869200931386	0.0012736396715665455	-0.001464459142355202	0.00015723398613549217	-0.0010575940832388312	-9.478290784505715e-05	0.0015395406496348878	0.0014547829585905645	0.00043841587610891143	0.00023797314204632134	-0.0003830770928940764	0.00113780763266069	0.001113450723226296	0.0007834764199775965	0.0011789639693494632	-0.0007886286744532223	0.00010399189739646419	-0.0	0.0	0.0	0.0	0.0	0.0	0.0	0.0	0.0	0.0	0.0	0.0	0.0	0.0	0.0	0.0	0.0	0.0	0.0	0.0	0.0	0.0	0.0	0.0	0.0	0.0	0.0	0.0	0.0	0.0	0.0	0.0	0.0	0.0	0.0	0.0	0.0	0.0	0.0	0.0
GA80	0.1888091486253898	0.22753608273260859	0.05579907153919838	0.04803431940941718	-0.12413142132818962	-0.01883060971509085	-0.022029862521248448	-0.005000714320537602	-0.014321752564600743	-0.0026195789816848146	-0.03113302248327077	-0.0019245844919687043	0.011311840327841268	-0.016482818620001304	0.0021609824644010143	-0.0013531257793887633	-0.0020152419455728384	-0.004351733472074552	-0.002599014460930168	0.001443226068565873	0.004855220795716324	-0.0010488192221616093	0.0019420775072229019	0.0024127244257454127	-0.0003374483664102057	-0.00046166952525809386	-0.0014750649531709717	0.0003984766996668246	-0.0008399220475883558	6.023803901296036e-05	-0.000647958434706456	0.0008274498383373089	0.0006169993750197142	-0.0008224366883729101	4.099752867815328e-05	0.00011798212607563605	-0.0002230027763172148	-0.00021137310966823104	0.00012982929330218168	-0.00017702333047143763	2.7022966293767088e-05	0.00012681416706438985	-0.0004315107344359995	-0.00017958534254790926	0.00012792201456878052	0.00019842888614474228	-7.619293052103715e-05	5.505365362521047e-05	0.0002159459983246423	0.0001420257571003635	-0.00028866517596308136	-0.00034034042266237847	-2.6176008749699473e-05	6.747381510755465e-05	0.0002590795792869398	-0.0001654369719475074	0.0001671009081192928	0.00013551814444510193	-0.00019677331832308693	-0.0002951847750990657	4.658639006139371e-05	3.98164670950452e-05	-0.00026468142873081377	-9.561461533468702e-05	4.0387147481415546e-05	7.944776032562505e-05	-8.940873771638876e-05	-0.00010317553835062176	-0.00012008737546954434	0.000256305100119051	-6.852963527841953e-05	-0.00011894962144591921	-1.3983750714466682e-05	-0.0001009494209211106	-6.197036020736713e-05	3.9408627347372265e-05	-7.852702188874539e-05	-0.00026440740089660175	-0.00011387219110459361	7.969542881840705e-05	-2.268864073026085e-06	-3.6855230094960506e-05	-5.8366789232088954e-05	-6.337381187262311e-06	-0.0	0.0	0.0	0.0	0.0	0.0	0.0	0.0	0.0	0.0	0.0	0.0	0.0	0.0	0.0	0.0	0.0	0.0	0.0	0.0	0.0	0.0	0.0	0.0	0.0	0.0	0.0	0.0	0.0	0.0	0.0	0.0	0.0	0.0	0.0	0.0	0.0	0.0	0.0	0.0
GA84	-0.1524914539181402	0.06747615811231399	-0.04476869874007456	0.008255682966832415	-0.017281124782270486	-0.002669362793326332	0.003948778371878982	0.0031941398706058486	-0.007497061287869442	0.00207460060687436	-0.004704278167269994	0.002952631435048492	0.009073229835785885	-0.010498830890263244	0.00830983362200991	-0.005856572468873704	0.004885365381638577	-0.0003410566018020958	-0.0016481255132337817	0.00817009815994886	-0.004559379433280126	0.0023046293074214072	0.0006344769482350345	-0.001747570909662501	0.000896290214581695	-0.0011446923896338646	0.0009571524696238762	0.00039154779627057856	-0.00010934879183328693	-0.00044007328036088184	-0.002831718635658219	-0.0006558195349859632	0.00015307012117097034	-0.00040200440249311986	-0.0020218433031255023	-0.0008974843952687166	-0.0013993574352753823	-0.002051478936475906	0.0004438351237252285	0.0025589957157519604	0.0007868734210274112	0.00039799348138339595	-0.0017425972627601106	-0.0015246056676937435	0.0013945193689395908	0.0017998131139760904	0.0020539396228555183	-0.0013555918137482892	-0.0021309859982942335	-0.0007696721570728896	-0.00375426556107772	0.0014996086962165746	0.0004422135873167141	-0.0010228472654727754	-0.0007930025718693772	0.0010595444827587153	0.0009500952600064807	-0.0010655190423737764	-0.0002753667075129539	-0.0014905971804254343	3.608899968933752e-05	-0.0007089530578158205	0.0028117203800378625	-0.002213889894791948	0.0014875779740473397	-0.00030513227963735933	-0.0027643836172365865	0.0003269983383128507	0.0012204925136847279	-5.3787868460738936e-05	-0.0008957424098703683	-0.0014024725867048283	-0.0006675016317379903	-0.003013785948171516	-0.0023850890911751815	-0.00028655105376351736	-0.0004650781622615277	0.001710563014695391	0.0003591170587545869	0.00047702393973387094	0.0008253110058074364	0.00023953305085834558	0.0013817924877289876	6.571190085096266e-05	-0.0	0.0	0.0	0.0	0.0	0.0	0.0	0.0	0.0	0.0	0.0	0.0	0.0	0.0	0.0	0.0	0.0	0.0	0.0	0.0	0.0	0.0	0.0	0.0	0.0	0.0	0.0	0.0	0.0	0.0	0.0	0.0	0.0	0.0	0.0	0.0	0.0	0.0	0.0	0.0
GA88	-0.12193535372704507	0.036600235511783936	-0.018850663679684947	-0.021874592256907254	-0.010114821792472011	0.004402235946489765	-0.0011557591338541306	0.02550190737732927	-0.010592710623442815	0.006235454999291431	-0.004723782678966155	-0.005192927795054859	-0.0017135609968605744	0.001308398016317399	-0.007180193367809777	0.00233879996517294	0.0008449353528802755	-0.0008880975729541741	0.0007878892876616	-0.004699026852356551	0.0035866385318833434	-0.0015947282609086507	0.0002210711852515107	0.00045039673524004017	-0.0018727754585366183	0.0019902037528606565	0.001495077771529801	-0.004182328623257376	-0.0008031691424995575	-0.0004747116703140793	-0.0019865911546105117	-0.0047841300264941065	-0.001260311790158717	-0.0038494078665085975	-0.0006852981202636781	0.00026702871030561244	-0.002160870750450792	-0.004430952426026815	-0.006959312722810106	0.0014325078543144243	0.0006343050308180249	0.0022610310412851755	-0.0019025750968335604	0.0014736519714973004	-0.0034728133238274613	-0.0012737776153922045	0.008284270399930663	0.006553512205962877	0.0009241475454084392	0.003988194093490688	-5.3359676057677385e-05	-0.0009056861848959644	0.0025059073406463296	-0.001676937493332958	0.00023225176113847608	-0.001653677489287054	0.0013021612483342028	0.0014586084582715857	-0.002358707720144292	0.001807469274736997	-0.0013467270804042955	-0.0005218072488848473	0.0028769562533528816	-0.0005035021425100303	-0.002367584004673997	-0.0005511838218618947	0.000989419133326893	0.0018768946787216495	-0.002417099963925396	7.003492262304296e-05	-0.002478480030228742	0.0019343770223377906	0.0018403441158998234	0.0003809972610685301	0.0007538543617462974	-0.001328540337108506	0.0013289052803755253	0.0015353778575910597	0.00019277415165405378	-0.00024051815335259611	-0.0003617498960800077	0.0011208962738154973	0.0008889635251490341	0.000342473792647847	-0.0	0.0	0.0	0.0	0.0	0.0	0.0	0.0	0.0	0.0	0.0	0.0	0.0	0.0	0.0	0.0	0.0	0.0	0.0	0.0	0.0	0.0	0.0	0.0	0.0	0.0	0.0	0.0	0.0	0.0	0.0	0.0	0.0	0.0	0.0	0.0	0.0	0.0	0.0	0.0
GA90	-0.08444737258303951	-0.0066417105834517135	0.005230944611713418	-0.017872223919520626	0.00957152037924444	-0.011900279724554094	-0.005416984748442095	0.008387689652780764	0.00016874716156142433	0.005075634873818332	-0.0013926985329758387	-0.0040888476735779136	-0.0059939308539611385	0.00561556631207286	0.007398554174010942	0.0005080415276445856	0.0017962485983665276	-0.0037333910623094393	-0.002587297182372951	0.003670919285772968	-0.0026837639645576083	-0.0008221208491373747	0.0030237147230100536	0.0017257843689661553	0.0029883215244574757	0.0018841557900597466	0.001968385923380368	-0.0011296557640999942	0.0027801385172298632	0.0006243480060767364	0.004751117485696125	0.0031236903794951035	0.0016147541820045908	0.004373743444134395	0.0007071924713248854	-0.001548870234731996	0.0027460783275565785	0.0042600082522993065	0.0014973620300204366	-0.0067129643059361385	-0.0014002104779493247	-0.0019152983929947114	0.0018473930267145383	0.003058476707552924	-0.006902377587983731	-0.003739263923118842	-0.0011290452659206984	0.0037488285105177267	-4.1680417342399945e-05	0.0011556802934010219	-0.0017103616533099659	-5.08056558408722e-05	-0.00344419079629777	0.001010289922725897	-0.004260611556928409	-0.006199483020677646	0.0008559859374356048	-1.6177470510391165e-05	-0.0024836498223698373	-0.0011872008682266002	0.000128996655867248	-0.003564112865634761	0.001664433859934966	0.002362858385361257	0.0012852901175776006	0.0017327363941303728	-0.0026689652294750042	-0.0012605329560966406	-0.0021788949819220526	0.0017262454215994044	0.0019681400425953545	0.0013436834323338439	0.000697794859016732	-0.0010836301298589764	0.0007097888319060661	-0.00014665769839268026	0.0021395317808166367	0.0018196652297743862	-0.0013309230231542994	-0.00023556506964197068	-0.0006433120488604305	-0.0005373097200791384	0.00013384980456738517	0.00045064044284602014	-0.0	0.0	0.0	0.0	0.0	0.0	0.0	0.0	0.0	0.0	0.0	0.0	0.0	0.0	0.0	0.0	0.0	0.0	0.0	0.0	0.0	0.0	0.0	0.0	0.0	0.0	0.0	0.0	0.0	0.0	0.0	0.0	0.0	0.0	0.0	0.0	0.0	0.0	0.0	0.0
GA91	0.021274240372296745	-0.12100502930915524	0.013676913088636358	0.0217104252181435	-0.010197902875592475	0.00861373001621889	-0.004902939764413782	0.0041611599552452165	-0.012498775183279688	0.0019932209699968827	-0.0033955882261790696	0.007394558586536836	-0.01393456604088243	0.0005961921247626718	0.004715467981083958	-0.011583970277360944	0.001011229628467722	-7.853459585141465e-05	-0.003244939604257733	-0.005381340795974662	-0.0006604162350755016	-0.000574411867011003	-0.002736846803136147	-0.0017332799951549239	0.0032741713597227726	-0.002443966708100471	0.0007598611573924293	0.008414114085031817	0.0023725017335072176	-0.003740300527485501	-6.0996610902983694e-05	-0.00014467244525885343	-5.9410310116344585e-06	-0.0006754991465235741	-0.0038380434859855935	0.002080550563187222	0.0007307978540901039	0.0017836444606695611	0.004764535584228542	0.0060458516733698075	0.002393191844280645	0.003277989441758517	0.0015939104709551905	0.0008806778336792072	-0.0002538300460570051	0.004621222127234877	0.0026171260933077144	-0.0006189486436183547	-0.0014002709565815873	-0.0023513908003423944	0.0015474226060199845	0.0024632218190525513	0.00022243682134260312	0.0003897098814528096	-0.0034476617557903893	-0.0012159144829605685	0.0024859031286479046	0.00262676213316361	-0.0008320857602671706	0.00019276279627320834	-0.001857012901462644	-0.0017014625693483414	-0.0015398038045931364	0.0016815211757614003	-0.0005918427107485183	0.006015504765399381	0.0020511321017265536	-0.00023004610632473076	-0.0011198944167943807	-0.0009565034539565873	0.0016013495513998932	0.0023869183779882514	-0.0003301525805928042	0.0001835829950242459	-0.001833343766303844	0.00037021541986972164	0.0013364145043578775	-0.0005710007575860126	8.906960110103961e-05	0.0009007236392917948	0.0012842468430661375	-0.0003089757810607555	0.0005871685155840021	0.0003621684285915856	-0.0	0.0	0.0	0.0	0.0	0.0	0.0	0.0	0.0	0.0	0.0	0.0	0.0	0.0	0.0	0.0	0.0	0.0	0.0	0.0	0.0	0.0	0.0	0.0	0.0	0.0	0.0	0.0	0.0	0.0	0.0	0.0	0.0	0.0	0.0	0.0	0.0	0.0	0.0	0.0
GA93	-0.00809311938203105	-0.09238231239401169	0.01830755822433299	0.017759890518045756	0.006285433678253383	0.003447088287661432	0.0010879556669572683	0.013083815399967636	-0.013762494692337542	0.005109514875890984	0.011808860241592847	-0.006285803402757277	0.012895422921577441	-0.00045455152346967	0.0023375217907994753	0.002369357480851957	0.0008180187130627633	-0.0031218116911825872	-0.0007465001904936707	-0.000919114748451254	0.0028090971987764753	-0.0010584148207916705	0.00036773631589411085	-0.0033761871885456037	-0.0017095488458847281	0.0002415681102697127	-0.0004328737510864394	-0.00033604574394750997	-0.0007865709008028623	0.0005831734765211283	0.004275044938022281	-0.0009192724836431822	-0.0012178564889189494	-0.00033215126652444735	-0.0030882384054446996	0.002129703704967441	0.0016230084035563574	0.0021956497604621625	0.0010774480450295193	-0.0003548641610477839	-0.0016353879329169309	0.0005692064685201022	0.003285638841084006	-0.0026555103344214743	0.00395556916531648	-0.00413515935934314	0.0007222915598815064	-0.00183220191898032	-0.0008847818195345153	0.0023052946511765795	0.0043289971719131775	-0.003732626991769934	0.0031378910958668304	-0.0015202108305121817	0.002501340592912323	-0.00404735119079117	-0.0014944675739643335	0.004226463136913457	-0.0028284646064696576	0.0010225998636314766	-0.002029026650215284	-0.0030359186411384417	-0.0012036016081055341	0.0035822184177394917	-0.0015777191866578955	-0.000535649583211646	-0.0016230516005147644	0.0017590352458367146	0.005336643303280106	-0.0006687486877924756	2.8867143276966788e-05	-0.0017517125497196475	0.0009426325528654003	-0.0015423060451682517	-0.0007161549681659081	-0.0007129939886665385	-0.0006442133597050544	-0.0002057129967258686	-0.00047809571981870523	-0.0018306848766541414	0.0013834398074671404	0.0007622079470728534	0.0003488535471220063	-0.00011591071371745805	-0.0	0.0	0.0	0.0	0.0	0.0	0.0	0.0	0.0	0.0	0.0	0.0	0.0	0.0	0.0	0.0	0.0	0.0	0.0	0.0	0.0	0.0	0.0	0.0	0.0	0.0	0.0	0.0	0.0	0.0	0.0	0.0	0.0	0.0	0.0	0.0	0.0	0.0	0.0	0.0
GB104	-0.015022818655995392	-0.08614735834821648	0.01587839168686316	0.015128988141650814	0.010250160176346366	0.0057186598371401975	0.006578087609545296	0.002530932329869994	-0.0052824403511626365	-0.004813320879934955	0.015572608988437427	-0.0003809307065029636	0.01959878634424956	0.00013142068061335724	0.006173598670167954	0.010718098521402656	-0.0008484285138096434	0.00038125905501311234	0.003790012660143038	0.0026303112693278974	0.003182763514020169	0.000790144183181349	-0.0009045716205153205	0.002089521376346816	0.004052599663013838	0.0011572556943337281	-0.0008875405763554331	-0.0007754265416047499	0.00038260557845551445	-0.003220211543262612	-0.0024434976440246936	0.0020794360916993183	-0.001870451417262034	-0.0032305601152565057	-0.000971906560626031	0.00016636489246261177	0.0020358044701407835	-0.0006398049282750481	0.0005037325507993771	0.0006615148335324496	0.003023143349274102	0.0005253889050717307	-0.0011666859180233975	0.002984782870963938	-0.0035195856627394354	-0.002963397047891659	0.0009209839931773731	-0.000512661921726023	0.003165128952168503	-0.001045745557114449	-0.0024252555194714254	-0.001238305319410038	0.0009029028179292214	0.004756782339992565	-0.004429294519105755	0.007891801084556201	-3.0434847528561763e-05	-0.0006597142010687893	-0.0020946631625665692	2.826387007183636e-05	-0.0024744197270283605	-0.000973912988862687	0.0014553690071938098	0.005482192745221165	0.00019066634436856603	-0.0005939433993114731	0.0004569813070292793	0.00020447898180527848	0.00028445725499633064	-0.0006089037603932173	-0.0013160091760411232	-0.0024688532988265317	-0.002995377070414923	-0.0002868665760491837	0.0005583119563530121	0.0008117572994568025	0.0012167755568341587	-0.00014946920153638955	0.00043900849496593625	0.0010560562407448844	-6.818467671963656e-06	-3.386275478448465e-05	-0.0006105186625958507	0.0003648369516556992	-0.0	0.0	0.0	0.0	0.0	0.0	0.0	0.0	0.0	0.0	0.0	0.0	0.0	0.0	0.0	0.0	0.0	0.0	0.0	0.0	0.0	0.0	0.0	0.0	0.0	0.0	0.0	0.0	0.0	0.0	0.0	0.0	0.0	0.0	0.0	0.0	0.0	0.0	0.0	0.0
GB105	0.020834455338002093	0.11899725570146671	0.0623903755558993	0.018341855787382257	0.02223479310699017	0.0374495967959961	0.0025408381393325057	0.007035043657519506	-0.041130870832736005	-0.010220269425839134	0.017838546946909964	0.004106856203331595	-0.007813777941602195	0.004768126715123996	-0.012072402870486873	-0.008868590989273614	-0.006219515446684929	-0.0018242312151805387	-0.0015871248096603267	-0.0005981091349793616	-0.003336661906512362	-0.0069213719706829775	0.005920462781129762	-0.010003827339157204	-0.0044309255991606495	-0.0015556077491453873	0.0014573844945667642	0.0001973317552754706	-0.0025650775195644507	-0.0021354631339740456	0.0011527644454358776	0.00017022645641126004	0.0008159571263907899	6.709448900413129e-05	0.0005314075072814489	0.0003256734249271379	0.0007755154198560598	0.0005392184435549904	-0.00022651021050367067	-0.000490369912045176	0.00012738087759156706	7.042880976621095e-05	-0.0010439052152238298	0.0006177559687035176	0.0010142444041347349	-0.0004217659868670578	-0.00025758852773861805	3.962346037300978e-05	-0.00015275107936342557	0.0004902400919868892	0.00025360690146259833	-0.0002981296562957745	0.00014914543865583707	0.00020792503096712516	-2.9385761458469176e-06	0.0005346670175537552	0.0009679775930580331	-0.0001895892342383551	-0.000650063239301285	0.00018225753733501553	-0.0003842651408575165	0.00041869015881505696	-0.0005747855515998179	-0.0005983773926984805	0.000770279517698067	-0.0002969666753771733	0.00010239482191576674	0.00015578844880628423	-0.00036427981704559303	-8.049909658523821e-05	0.00022043093398666302	-5.417799164985784e-05	-0.00012083697070153896	2.1536935190698978e-05	-2.1413196989419812e-05	-0.00020167100241202352	-5.586114419263179e-05	0.0003738053756980035	7.219435954644666e-05	0.00025838504708052906	-0.00016324371853819548	0.00010141944086501847	-0.00022771152302946367	0.0001172328743518315	-0.0	0.0	0.0	0.0	0.0	0.0	0.0	0.0	0.0	0.0	0.0	0.0	0.0	0.0	0.0	0.0	0.0	0.0	0.0	0.0	0.0	0.0	0.0	0.0	0.0	0.0	0.0	0.0	0.0	0.0	0.0	0.0	0.0	0.0	0.0	0.0	0.0	0.0	0.0	0.0
GB106	0.02799642776417568	-0.1283082139700378	0.009814432293765076	0.02073004318455636	-0.011917386964252636	0.012907432395999846	-0.0069688735300524945	-0.004850892562367902	-0.008470070846206759	0.0008537904346814101	-0.003463487914547082	0.01373489328665929	-0.016343094520974478	-0.003905103213302709	0.003197231783757062	-0.005651102036293804	0.0011066004169113153	0.0034309466859701477	0.0006473921728324616	-0.0023362152940714738	-0.004283708015306258	0.00331198470916957	0.0016901970484677826	0.00029048827677539236	-0.003967694029950263	-0.0007467254679938909	-0.003106320402779324	-0.0020221883455993303	0.0002688219848419433	-8.057888418732682e-06	-0.0020592162844274365	0.0040054275905843945	0.001786492360161743	-0.0034819952723940833	0.0006517695086301483	0.0016317614224558633	-0.000972580815732973	0.00021406341345665987	0.0014014820556513693	0.0006246418040333464	0.00025648738314674086	-0.001960148003029237	0.0001556182240126111	0.002174486068970139	0.0007326864600633768	-0.006651070262139762	-0.003582861532359461	-0.0018408636386137841	0.00013699488244888397	0.002171033871388054	-0.004365900893788913	0.0007602709468563629	-0.0005349323205513191	-0.005134684881902467	-0.0033132743293280893	0.0012388097598538912	-4.985265937792267e-05	-0.0002718397997604623	-0.0018737261880201884	5.752669973370549e-05	0.002708534240028472	0.001436047159002519	-0.0033784526052234613	-0.0014959707211628264	-0.0014887592472182212	-6.104513082122986e-05	0.0004973463957361849	0.003077295515695408	-0.00023458847940535806	-0.002263705203436578	0.00048134115234795346	-0.001461223466997729	0.00038808770222032807	-0.00216756477151511	-0.00024480642068066546	-0.00032395816068857904	-0.0008260875039439079	0.001124278448540335	-0.0005073856407058795	-0.001423324365808611	-0.0017761056990743644	0.0011933684044577477	-0.0006951767688965626	-0.00020526142773811686	-0.0	0.0	0.0	0.0	0.0	0.0	0.0	0.0	0.0	0.0	0.0	0.0	0.0	0.0	0.0	0.0	0.0	0.0	0.0	0.0	0.0	0.0	0.0	0.0	0.0	0.0	0.0	0.0	0.0	0.0	0.0	0.0	0.0	0.0	0.0	0.0	0.0	0.0	0.0	0.0
GB107	0.03932094809649434	-0.13573417371452298	0.016050158405358974	0.01988660023126172	-0.017664892453235808	0.0018968661315783032	-0.015192982397137398	0.018557549133002192	-0.01633171661833083	0.023767326689342422	-0.00919004846173928	0.011488024991155501	-0.013819747244414154	-0.007226121662254272	-0.01062702282843831	0.0012086154362540794	0.0020602690085308743	0.0012231584064356174	-0.002961294622840247	-0.006809124644889818	0.004970328967794309	0.0011816363453662961	0.004001091762749809	0.009047057726582059	-0.000339843938355755	0.0022596314997027555	-0.0035847548640446634	0.001169876381394782	-0.0012918607478152946	-0.0010502183141142716	-0.0017093572024222022	-0.00031895728508786226	-0.001482024320082041	5.876333350703413e-05	0.0004219116522255439	-0.0008126291093796275	-0.001088214369291979	-4.7923912063461975e-05	7.352075761186562e-06	0.0008795620606111681	-0.0008566699021850323	-0.0015084922927814895	-0.0018719576753427585	-0.0009632339875399317	-0.0012292445200767846	0.0003303333905923518	1.8045667773318897e-05	0.0011547401392294641	-0.0014688606736397419	-9.397876869001487e-05	0.0007912501655260941	-0.0013271333265408767	-0.0010108547260262578	-0.001694057369993564	-0.0031393465981715968	-0.0005607221087028603	0.00040718585504613254	0.0006950948705594732	0.0006822143451107117	0.00019938274519648238	7.088607172328496e-05	-0.0005828183902707573	0.0015450882748987787	0.0008930100837733969	-0.0008911439760682705	-0.0006493790505196014	0.00029568738991845835	0.0008829494107788926	-0.0003801167252814062	0.0013076386113084883	-0.0015817667707157153	-0.0012548928314276902	-0.0005522677663359503	0.0012092750036920951	0.0007084802199857809	-0.0005284053202725535	-0.0003038445985072408	-0.0005157174528498988	7.641254882607096e-05	0.0008296195622056454	-0.0002646418362303224	-0.000497942341116425	-0.00026429003559646624	0.00012419389339085547	-0.0	0.0	0.0	0.0	0.0	0.0	0.0	0.0	0.0	0.0	0.0	0.0	0.0	0.0	0.0	0.0	0.0	0.0	0.0	0.0	0.0	0.0	0.0	0.0	0.0	0.0	0.0	0.0	0.0	0.0	0.0	0.0	0.0	0.0	0.0	0.0	0.0	0.0	0.0	0.0
GB108	0.10903033587483175	0.03342633335025817	0.08566599465691088	0.010804720509940377	0.026031273780990388	-0.004077526599781113	-0.008693628730928956	-0.012796909641095203	-0.003687225277837536	0.0012863195212625736	-0.01495338200495951	0.02089814524202976	-0.01536840906500089	-0.000842741858591128	-0.0038642122820855894	-0.00498206999982647	-0.0005348106994079479	-0.004115679669568804	0.003931961200094682	-0.003970910665561941	0.0011758127635085414	-0.004131190520212107	-0.0011351947310461916	-0.004655080662527327	-0.0013817837879801763	0.002464318688044323	-0.0009671138695012519	0.004924230891833734	-0.0022660004041294615	-0.00022237373268555155	0.003607181790246572	-0.004313566992631883	-0.0034182651958925966	-0.0011487785675876941	-0.0010616996985885212	-0.0032740975112837767	-0.00019122669556502156	-0.001962514073179727	0.005465313660057465	0.000554495087290027	0.000611952034913907	0.001677183945450202	0.00019937505622545486	0.002707905755673136	-0.0051801383001490115	0.00034517092656670065	0.0006374157985704001	-0.00101580454722567	-0.0006963151929057754	-0.0009192313681049882	-0.0002474921899449656	0.0010103217645996512	-0.0006554744577273559	-0.00034741428987453555	-0.00011852547211392865	0.0013561166108239505	-0.00022713094141666175	-0.00042731989825349584	0.0008903052223010193	0.0011926630414238915	0.0009675318938336823	-3.6212636090937306e-05	0.0002934230271339989	0.0002019754681662048	-0.00014510562041731702	-0.0003108383343717376	0.000941319086554256	1.5276496672681804e-05	0.0015914806148879326	-0.0009540553430982401	0.0005938758571658266	-0.0014089936295169183	0.0006424129793215181	-0.0007024481304666709	-0.0010747535150321024	-0.0009721219362276808	0.001657376727005506	-0.00016421661653085384	-0.0006241456998888369	-0.000875879561386061	-0.00013194660041765047	-0.0004591137108152148	0.0012017292638961167	-0.0007225717088338213	-0.0	0.0	0.0	0.0	0.0	0.0	0.0	0.0	0.0	0.0	0.0	0.0	0.0	0.0	0.0	0.0	0.0	0.0	0.0	0.0	0.0	0.0	0.0	0.0	0.0	0.0	0.0	0.0	0.0	0.0	0.0	0.0	0.0	0.0	0.0	0.0	0.0	0.0	0.0	0.0
GB110	0.31491512441463104	-0.3351530367220746	-0.1764246152229634	-0.03223515350108224	0.013199984420273151	0.021087928013400665	0.05572179341441073	-0.03613585260130666	-0.013501438236917818	0.043064814178515244	-0.005721231407326674	0.00845244608967893	0.005183024352863682	0.019302792769537575	-0.0011070480108089126	-0.004236745610449638	0.0027516785724908508	0.00109859445411882	0.0017682593148525025	0.0002066023258413538	0.003280996948106842	-0.0008971549770847526	0.00020954000819444323	0.0005271793476079018	-0.0003538039169348346	0.00028281420121015227	-0.000368882027494579	0.00014889472163850554	-4.7104754568879515e-05	0.0002218111423265541	1.9727469364358916e-05	0.00013506498675708368	-0.0003270680764309993	-3.708410037398401e-05	1.659330408681678e-05	-3.418742691911103e-05	0.00029457175386011375	-4.975869267973914e-05	-0.00014794712471294694	8.163772371591633e-05	4.6952043711453274e-05	-0.00033463825608252205	2.0872243642298007e-05	-4.209848217555306e-05	-1.0962312244021145e-05	7.01012016463614e-05	-0.00016610674713565384	0.00026954113860033513	-4.174185937690079e-05	4.5200838627165596e-05	6.6254837866994135e-06	7.35215093886456e-05	-6.293512821308713e-06	3.549382586150834e-05	2.6986194746851128e-05	-2.107909219091102e-05	5.236931298133001e-05	0.0001250467871008284	-7.225365188228122e-05	-0.000186595527601253	-6.444841271685755e-05	8.794264765629862e-05	-1.9982125914081925e-05	-4.399973416765049e-05	4.855404086089924e-05	-1.88176727776501e-05	-0.00016416905073486106	-6.61649551368057e-05	3.90685221470272e-05	-0.00012878675846881058	1.5252028377230039e-05	-4.4041151234078125e-05	-3.3729671876922345e-05	5.376008486386857e-05	2.2650714739132525e-05	8.874362243271994e-05	1.8263599869392062e-05	0.00012655202610725572	-2.5446605503957748e-05	2.2642281857917995e-05	-1.3476661793332985e-05	1.985668321314416e-05	-3.453421615609721e-05	-4.955374315820707e-05	-0.0	0.0	0.0	0.0	0.0	0.0	0.0	0.0	0.0	0.0	0.0	0.0	0.0	0.0	0.0	0.0	0.0	0.0	0.0	0.0	0.0	0.0	0.0	0.0	0.0	0.0	0.0	0.0	0.0	0.0	0.0	0.0	0.0	0.0	0.0	0.0	0.0	0.0	0.0	0.0
GB111	-0.08176314146325991	-0.010883246495876811	0.004482823087225324	-0.01693769989566867	0.012383606481956633	-0.01114122473416504	-0.002172778590070503	-0.004808358089611196	0.0061158996726643515	-0.00039468232429740467	0.0023527638561821294	0.005170305860266187	-0.00244097108509692	0.0005951943269373656	0.0035248400433944577	-0.0016207397641282435	-0.00028561174906838925	-0.0028465231737414467	-0.0016407349236413993	0.004247905552435708	0.0005042954468223196	0.001769292235449886	-0.0009249533017930649	-0.000566505324333439	-0.003035408469730401	0.001959663754684097	-0.001091248595189846	0.0030684564928273104	0.00018128838471140416	-0.005467434690748465	0.00013997547716692023	0.00108022540548469	-0.0014163400239684731	0.002075398881795233	0.0019561604398088683	-4.6333944277111464e-05	-0.0007603600501288319	0.003776276732430651	-0.0013164780760508128	-0.0013158635621511553	0.003445517882352376	0.003662119391551943	0.006106122476964517	0.00011044676839691536	0.0014906314713795975	-0.0038281326937125416	0.0020288933630966096	0.0023572706971325087	-0.0032341656129398796	0.000894597642445826	0.0005838925421595362	0.0016748634488892215	-0.0001531873722080398	-0.0009106204864067249	0.0013002452701908163	0.0030866495440645004	-0.0016655535259342596	-0.0019359127678614735	0.0007907274245616527	-0.003906336676346428	0.0011914992481033497	6.99157714183321e-05	0.001640582779054131	-0.0034900674699033262	-0.0010066373260725276	-0.0016579488859077313	0.003046772485490899	0.00022379949762299427	0.0023466396492945038	-0.0017828114753314132	-0.0002643055145416168	-5.700846092043025e-05	-0.001404584754748283	-0.001210483968419422	0.0020297114013958025	-0.005068801505721108	0.0022057498504616537	-0.0009766016131429781	0.0016625076435414457	0.0005926298825525948	-0.00010029886696807573	-0.0016213493072145249	0.0004311921317807171	0.0004996176056934428	-0.0	0.0	0.0	0.0	0.0	0.0	0.0	0.0	0.0	0.0	0.0	0.0	0.0	0.0	0.0	0.0	0.0	0.0	0.0	0.0	0.0	0.0	0.0	0.0	0.0	0.0	0.0	0.0	0.0	0.0	0.0	0.0	0.0	0.0	0.0	0.0	0.0	0.0	0.0	0.0
GB112	-0.06611739747894176	-0.027611512297899283	0.013559823656151446	-0.01259247392746245	0.018615947305069245	-0.01757784550280513	0.0004851421937805237	-0.0013183454907479972	0.006421443128357648	0.0023082250999341405	-0.00021208513634397876	0.009351129470257718	0.0059615597279963645	-0.0059474783252508176	0.005307115174484604	0.0008109926265992856	-0.0037359235602893517	0.003302197166481253	0.00156527209931025	0.0006484082309768319	0.000747567512185404	-0.0009570624498751045	0.0030395311537555337	0.0024386514596978917	0.001884931374401704	-0.002035898931184006	-0.0024385689715921933	0.0012917119849132088	-0.00291026980434476	-0.012347878173635096	-0.003557691130201207	-0.00022594172871224548	-0.004286203429836984	0.0002000758841252576	-0.003552662665306925	0.001695528457660887	0.002336584741401803	0.0022097666141683136	-0.004462346876343532	-0.004543302843145222	-0.002786153005733099	0.001899812905670216	0.0024701344611620882	-0.006093868435784929	0.0003226492738652923	0.0034670014342509468	0.0011562379075362036	0.0029445367102712765	0.003884660083088399	-0.004228020540005045	-0.0001450060583175547	0.006472695677954769	0.0013533985573936762	-0.004265469501653175	-0.0011556215469507355	-0.00018861687737236038	-0.001942372635354694	0.0010244708280816384	-0.0006582361292996294	0.0010140993176679263	0.0019171562669317908	-0.0009410565866530155	-0.0005169067722645663	-0.0003913040377546646	0.0005287368697817972	-0.0016076318806766492	-0.0015831598858507931	-0.0002065322426378602	-0.0017277764507446188	-0.0010783296068359938	0.0003620440767051673	-0.0025712312642390336	0.0006552715402450797	0.0011716789366112857	0.0010343593276995534	0.0021774878747089937	-0.0006125406902149835	0.0007250302947571556	-0.0017215872836875777	-0.002420057633024919	0.0006497378197619508	-0.0005003106013366579	0.00018528425913565968	0.0005038625591119286	-0.0	0.0	0.0	0.0	0.0	0.0	0.0	0.0	0.0	0.0	0.0	0.0	0.0	0.0	0.0	0.0	0.0	0.0	0.0	0.0	0.0	0.0	0.0	0.0	0.0	0.0	0.0	0.0	0.0	0.0	0.0	0.0	0.0	0.0	0.0	0.0	0.0	0.0	0.0	0.0
GB114	0.39874333227800907	0.2861828166099037	-0.04857842244780371	-0.1080443231237086	0.019038341683802047	0.07102206890747095	0.02618668083559074	0.008108492142542395	-0.021075305736158786	-0.00461212214527899	-0.028343276214214667	0.010475686721721583	0.014547277181298468	-0.001040558560092126	0.0022782715570939414	-0.006765358336538071	-0.0022125915745337637	-0.0038213570824316297	-0.0023073419438778033	0.0006803634609042156	0.00266686591281573	0.002370698321402498	0.0024180866936008285	0.0001331518470110263	0.00016401874855004184	-1.3140242789339017e-05	1.1151115154757399e-05	-0.000319042346564023	0.00039456118049179944	-0.00029473914483012584	-0.0009552549638041618	-0.00026294754791553247	0.0002989910122980909	-6.128676993791276e-05	0.0003078197104468379	-1.9699812246535953e-05	0.00022108386473116326	-5.270898742778915e-05	0.00018814037960112448	-4.64188242637943e-05	0.0003426879681920116	-0.00014436582580220792	-0.0003319225283842404	-6.461744450012663e-05	-0.0001875854133981833	0.00010387936202752307	-8.654773249513099e-06	-4.578082769551141e-05	-0.00011554936153541028	2.639626337702494e-05	-0.0003005120455834672	-0.00027127028257542687	4.8386578505735734e-05	1.67402270706382e-05	6.745756355003476e-05	-0.00026315977961244194	9.572122873228078e-05	0.00022360049020201113	-7.592197047854335e-05	-0.00014146917508621012	-6.523506466827153e-05	3.464382850481436e-05	4.680692369186752e-05	-2.5104198624835525e-05	-2.5830480724549244e-05	-0.00012458886540143575	0.0001634793119824113	-8.075892128580566e-05	-6.130047453318004e-05	8.196730098762286e-05	2.404935805499695e-05	-4.504505350674708e-05	-4.99530123062807e-05	1.0988835026332917e-05	-0.0001366113061151342	-8.045818724871246e-05	-5.0923384045533066e-05	-3.5817929281087376e-05	-1.564324079470487e-05	-7.908089191648301e-05	2.219609103458767e-05	1.0749451313316908e-05	-5.841150873618e-05	-5.239241556293272e-05	-0.0	0.0	0.0	0.0	0.0	0.0	0.0	0.0	0.0	0.0	0.0	0.0	0.0	0.0	0.0	0.0	0.0	0.0	0.0	0.0	0.0	0.0	0.0	0.0	0.0	0.0	0.0	0.0	0.0	0.0	0.0	0.0	0.0	0.0	0.0	0.0	0.0	0.0	0.0	0.0
GB117	0.14157122081935933	0.0319265361042932	0.09126049949234076	0.009618820871983893	0.013590580897395258	-0.017958728320864318	-0.014923088142517032	0.008296771202291223	-0.007297287240355754	0.007921489574301084	-0.018467406156761505	0.012977620089929873	0.0037996848804566527	0.004401206130510767	0.006852974379043861	-0.0030006519716725406	-0.008225735733657275	0.016819068535685457	-0.0003275831599328578	0.0043252825419299356	0.002689288183801684	-0.0018464449166749556	-0.002700175715696208	-0.0035116008882136673	0.002735563136440751	-0.006048396695925907	0.005232337573163816	0.0004536165443982532	-0.0003178906577336676	0.0002955090962192829	0.003486933385569694	-0.0032888983710604937	0.0005684280262540485	0.0027889924116363514	0.0015326750501643747	-0.0012762935022275657	0.0011856691723052773	-0.001896166852632131	-0.001463430793302202	-0.0016820829664343257	-0.00024744377585437995	0.0003152399859783187	0.0002467692072755269	0.0008055393094808803	0.0008354966413425656	0.0006556448149271569	-0.00066605678844653	0.0008734130109639982	-0.0008871778646595265	0.00018212888008345093	0.0008905176164932144	0.00027918715692263127	0.00022331504786427122	-0.00011856737877629259	0.00019853790480868434	-0.000260369300947062	-0.0008833810526957446	-0.000810472723614656	-0.00014248984869345344	-0.0001491971684380774	0.00044165202487334883	0.00029371935693981767	-0.00023528459511638281	-0.00017995037671271206	-0.0002777230136283869	-0.0009948776627902558	0.0002858097518377199	-0.0002054011569437138	0.0008046021136586905	-0.0009195730082382516	-0.0006096350905669706	6.149186675669463e-05	0.000852532335026783	0.0002485407375312828	0.00030281667218362557	0.000246867554646345	-0.0003042730140413782	0.00042786494689272815	0.0005606189019482163	3.4040709096773784e-05	0.00023587023608332675	0.0005796897726419582	-0.00035117136589644937	-7.766883733525013e-05	-0.0	0.0	0.0	0.0	0.0	0.0	0.0	0.0	0.0	0.0	0.0	0.0	0.0	0.0	0.0	0.0	0.0	0.0	0.0	0.0	0.0	0.0	0.0	0.0	0.0	0.0	0.0	0.0	0.0	0.0	0.0	0.0	0.0	0.0	0.0	0.0	0.0	0.0	0.0	0.0
GB120	-0.1374673524135953	0.05204850607871999	-0.032877399675664304	-0.009689046160454042	-0.012312483205115143	0.00769099482825795	0.0036386057679713884	-0.0013374692692051714	-0.004927292783832702	-0.008569587176297837	0.0016244137732609992	0.0025815234884408165	-0.00018406641181020536	-0.0036355807620284766	-0.0010142874150736562	-0.00019960675110441276	0.0031914554825758414	0.00403694460123996	0.0017884691484991732	0.003334132946160294	0.00173904488017727	0.0012825796938568741	-0.001967430763659584	-0.002563201854596558	-0.0008853984245096058	0.0007382527350791632	0.00025538153469994843	0.0017486579269186224	-2.322710802431245e-05	-0.0012998015773884642	0.0016195899944196383	-0.0032863428911742887	-0.0019351952932228174	-0.002538168540469728	0.0005913110303943594	0.002669270466990809	0.0017037675015272402	-0.0046751430463325555	-0.002159085369204568	0.007426183939022933	0.005746720994251833	-0.00022410664422895012	-0.0006956393704962942	-0.0014818071177809093	-0.00046361866689919153	-0.0020255513067874062	-0.007372193977794907	0.009579446193937781	-0.0020303835514834173	-0.003240326937852446	0.002403055629579964	0.00025839915292795104	0.002309242033798283	0.001994041279261504	-0.0009743827593282163	-0.0020586576586965823	-0.0007830477823009823	0.0008822240570655348	0.0036046030352273545	-0.004866351266721546	-0.0020946642470184972	0.000345749071793687	-0.0019049911652873678	-0.0006935609976338936	-0.0031314301729777772	-0.0011942669292927303	-0.0014430085737842631	-0.0017256216961725412	0.000536509445522831	0.0022130155674217056	7.337133509968593e-05	0.00034734175223956717	-0.0015403425214235756	-0.001733338574792906	-0.0010421579892515027	0.0018161040747731176	0.0005988181328668758	0.0012603314205218315	-0.0012527973050816496	-0.000977107282320769	-0.0009565591209023909	-0.000478013578238641	-0.000416840673637486	-0.000438591099695724	-0.0	0.0	0.0	0.0	0.0	0.0	0.0	0.0	0.0	0.0	0.0	0.0	0.0	0.0	0.0	0.0	0.0	0.0	0.0	0.0	0.0	0.0	0.0	0.0	0.0	0.0	0.0	0.0	0.0	0.0	0.0	0.0	0.0	0.0	0.0	0.0	0.0	0.0	0.0	0.0
GB123	0.10907297816908186	0.0313404464713038	0.08547335317143284	0.012932866068149421	0.03177164366526619	0.0009621183407654848	-0.008712344569396556	-0.013049902995102745	-0.007921446000672159	0.007136706316304461	-0.004234987931031153	0.019640191578229795	-0.010278569956249737	-0.007636529372948763	-0.006393507085997926	0.00674411367397061	-0.00841587574022043	0.009316118314343046	-0.009380157857559445	0.006125613489496464	-0.004480379221430279	0.006122368650079706	0.0073844416109423655	0.011232669379508805	-0.0023113669666144274	0.0023394265548851326	-0.0014680438285966007	-0.0004710399836629626	-0.00047373393590626953	0.0003060022479832902	-0.0013007063423388712	0.0016600952460402642	-0.0033030024774919776	-0.001884380674062632	0.0007094106064895063	0.001368764818648183	0.00022767897458197863	0.0013316294261003503	-0.0013698376921402154	-0.002089930409156893	0.0014830041654222248	-0.00023782779126953993	-0.002248287533980206	-0.0012049760242693085	-0.0005678415735208308	-0.0017976567298060406	-0.0006840195851354827	-0.00020339096208994966	0.0015044357479360579	0.0013827601436322372	-0.0008669701986985983	-0.0003734457474296027	4.222802228916695e-05	-0.0010627950293124948	0.000685537947786033	0.00034226887065723913	0.00141357540335216	0.0005240449055094343	0.0001197602332814822	-0.00013643476190872754	-0.0017402939181473433	0.00132798002960547	5.781449825573127e-05	-0.00030090446674972584	-0.0001836215259935601	0.0007900971569194013	0.0005920329786042309	2.6074335305910653e-05	-0.0005627472621249466	0.0016276258664242853	0.0001225987090565347	-0.0003305695424776959	0.00020241387948156836	-5.6502388279310514e-05	-0.00047095699690954506	9.772752660954771e-05	-0.00048762808065302716	-0.00040246319942446385	-0.000747960304044023	0.0004884450542343409	-1.7278156456084436e-05	-0.00022856547184817676	-5.0711757161727043e-05	-0.00011259764542674768	-0.0	0.0	0.0	0.0	0.0	0.0	0.0	0.0	0.0	0.0	0.0	0.0	0.0	0.0	0.0	0.0	0.0	0.0	0.0	0.0	0.0	0.0	0.0	0.0	0.0	0.0	0.0	0.0	0.0	0.0	0.0	0.0	0.0	0.0	0.0	0.0	0.0	0.0	0.0	0.0
GB124	0.06530655462065012	-0.04053398006972495	0.06149786247118821	0.030791970758438248	0.020132222119342114	0.02949887008823839	-0.004015844852480085	-0.008275037795610863	0.02080563716416168	0.008054599900259968	-0.001547886717561602	-0.012661666783087928	0.015467578447997	-0.0063757153109757275	-0.004725036905307071	-0.0006858043702572676	0.007959757162993618	0.007594339819936459	-0.017666266479897514	-0.006096032381888769	0.0024778258033715116	0.0043757819149430706	-0.0003702473056171043	-0.0052464083594386205	-0.001354314459208487	0.0057189041241357845	-0.0013683349749321215	0.0027909885965269783	-0.005297738533903345	-0.0024255388228693483	0.0011974319074905915	-0.00016342768421850895	-0.004332805554218863	0.0020145169019833366	0.00011481064982508356	-0.00021743350486380878	0.0002913840991658373	0.002133490042735278	-0.0005949694079654761	0.00044801674276154804	0.00034607065621767923	0.0009727685527588531	-0.0014386313569982436	-0.0005311614135841928	-0.0012198810161200937	0.0005574373206321323	4.2319844968160896e-05	-0.0008091382568635523	0.0007811544646289028	3.143169969880043e-05	0.0002443598744569963	-0.001927195413087104	-0.00046283537577577674	-0.00035794224968570607	-0.0010877846233903507	-0.0007965356047494753	0.000252205375800078	0.00039123979233992136	-0.00021519890681929513	0.00013072388668064038	-0.00024757175561876464	-0.0005438776215234798	-1.5833380642048702e-05	-0.00031032067699795807	-0.0002480447537246755	0.0006355623238534003	0.00028491108372211995	0.0011789240817725157	0.00019557230058910575	0.0013600429900409124	2.4173138427750882e-06	0.0001670865432610258	-0.0008033217693335287	-0.0004757694162863164	-0.0004799256581240184	0.0004312477765406524	-0.0004497509955514067	-7.591346029560276e-07	-0.00044271677604774544	0.0003764211791038005	-4.289832991159492e-05	-0.0004994248469986083	-0.000484204840092843	-0.0002577167536815468	-0.0	0.0	0.0	0.0	0.0	0.0	0.0	0.0	0.0	0.0	0.0	0.0	0.0	0.0	0.0	0.0	0.0	0.0	0.0	0.0	0.0	0.0	0.0	0.0	0.0	0.0	0.0	0.0	0.0	0.0	0.0	0.0	0.0	0.0	0.0	0.0	0.0	0.0	0.0	0.0
GB129	-0.001043219810261755	-0.10195750768147759	0.012997046323535601	0.021291089489467944	0.0031722775006100485	0.015272591372479332	0.0064340920494085725	-0.009246026135927938	-0.008651309565536522	-0.010480557224608429	0.006514298668234558	0.0017323742034370895	-0.0071574948077057525	0.002470614942617932	-0.0035957529485343333	-0.0005721885916521605	0.00271155647577736	-0.009206338962733008	-0.003379118678388545	0.0010764267812649049	0.0005114406710557117	-0.002827611486962741	-4.001288044350569e-05	-0.00254890775569638	8.323386415767472e-05	-0.002209477653810548	-0.0016125503006048994	-0.0026703968439836636	0.000906409115771607	-0.002784748879732561	0.007032844720901891	0.00027619135884768536	-9.684048536389567e-05	-0.004252963275529233	0.00026481825571627606	-0.0008934886064485172	-0.005059448914671431	-0.006396772183977562	0.0007509065135891745	-0.004212122706445651	0.0010898302439842993	-0.00017015639793884304	-0.0013212881096073862	0.001390073175110573	0.0014590514007088162	0.00021943157267490925	-0.004379501843031675	-0.00035591685732436906	0.003381698070483025	-0.002893368984804422	0.0016362033674464879	0.0005635631240272156	-0.002061451249342919	-0.0012672063833598247	-0.0017660066385165154	0.002557765465383364	0.003166980074193337	0.0021378819780125337	-6.048695954581601e-05	0.000552959866953759	0.0011078630526362894	-0.0010456899891826813	0.002649550020856152	-0.0002153196090791989	-0.00012595578664505126	-0.0021657049167849154	-1.2584901816782336e-06	-0.0007268491561251433	-0.0006782131970059876	0.0028508142094112363	-0.00031387093375701556	-0.0013219801768941054	0.001785857027391422	0.0005860499946449543	0.001615860034408427	-0.0005486533195322573	0.00034480421717762873	0.0007450842405828786	0.0007139219450362791	-0.000641842832266281	0.002269354503278921	-0.00013571941528412224	0.0009466629018015154	-0.0005563187342378809	-0.0	0.0	0.0	0.0	0.0	0.0	0.0	0.0	0.0	0.0	0.0	0.0	0.0	0.0	0.0	0.0	0.0	0.0	0.0	0.0	0.0	0.0	0.0	0.0	0.0	0.0	0.0	0.0	0.0	0.0	0.0	0.0	0.0	0.0	0.0	0.0	0.0	0.0	0.0	0.0
GB131	-0.052872253460341294	-0.044120234899952794	0.016342942030188774	-0.00024081421082140138	0.023040269283206096	-0.013322225494844558	0.011430047663364183	-0.00799159300730036	0.003953243889935855	-0.007516668915062231	-0.006060289504559655	-0.0015293298337173693	0.0014934662891259926	-0.0011782230509087151	-0.003123574126831919	0.0005658447540645808	0.002388679599678607	0.004809114769262544	0.0005972671584999165	-0.002566065644169166	0.0019156297630146643	0.001334604408737006	0.0012907064299961782	0.0010720743884611071	0.0046504659736380976	-0.001383519560295755	-0.002500003949184437	-0.0011516280351501003	-0.0041862921732160755	0.005548235043887265	0.0017501107353514284	0.0026636272591193154	0.006141183391619178	0.005535183569533499	0.0017118951339872399	0.004677193936090685	-0.0006209010053201725	0.0013233851655155696	0.0020640998625018614	-0.007746216216694326	0.0036057875155157465	0.0027727635208745173	-0.0017891211034243896	0.0010373418270612706	0.0011844098121472307	-0.0018183998473626395	0.0015775648944557725	0.002577457907856722	-0.0002434557674041234	-0.005811171489416658	0.006844518152055313	0.003800420113385917	0.001990878187615116	-0.0009525296409325207	-0.001043851225958786	-0.00018731521986863504	0.003017265673369022	0.0027226229226836557	0.002038851472976321	-0.0014023361970463214	7.366892832449597e-05	0.00031534571299388444	-0.0009705037783244726	0.0012861829793235835	0.0013545112895306244	-0.0018056766086999355	0.0027777976699880367	0.0014709164635064542	0.0019485856031426288	-0.0009246412663399483	-0.0015268107085104983	0.00119382038178642	0.0014535674847519053	-9.09252659240551e-05	-0.0004575148585045736	0.0002840673310348677	0.0008633626693545879	0.00028350627032507915	0.001977102719431045	0.0008391310400643285	-0.0007373160231042504	0.0007802512444260359	-0.00019847918056216493	0.00013749670500542025	-0.0	0.0	0.0	0.0	0.0	0.0	0.0	0.0	0.0	0.0	0.0	0.0	0.0	0.0	0.0	0.0	0.0	0.0	0.0	0.0	0.0	0.0	0.0	0.0	0.0	0.0	0.0	0.0	0.0	0.0	0.0	0.0	0.0	0.0	0.0	0.0	0.0	0.0	0.0	0.0
GB132	-0.13002177355050054	0.04525400605888771	-0.027845183590950794	-0.014562153158164304	-0.014537517634576396	0.008230666182700623	-0.0004652886026445676	0.0070395871955095165	-0.008712950847185475	-0.003472468186245566	0.005453841901922547	0.010446227072955823	0.009418462058773218	-0.005994739753622796	-0.00031324172305704286	-0.007965340694214397	0.0063969017479998625	0.0028880448491228777	0.002339726267474179	0.0022164327685589005	-0.002402793692586542	0.0040753780093130895	-0.002149562221591668	-0.003939649985608758	-0.0019589672978381238	-0.0018704938206084262	0.002087161583694917	0.002727522095014575	-0.0008026903471830904	0.0027492113157912804	-0.0005576387151256451	0.00315643599100804	-0.0005628687199186938	0.00022255132697799818	0.0012426423634558821	1.6612507782655312e-05	-0.00038979346479814543	-0.0025538716320230572	-0.002091533985282918	-0.0036385328982618203	-0.00028054031069636633	0.0034799681903971767	0.0025637324071665097	-0.001999679319817888	-0.0017838583957993635	0.0015979192416154398	0.0019059517624474705	-0.0035793699644416127	-0.0028633170925716476	-0.0008113536771484504	-0.0021325999183499813	1.1370228827414487e-05	-0.0008932972185245701	-0.00040193106773551025	-0.0007714864453117167	-0.0016560124843858835	-0.001286014787846416	0.0018145348099128339	-0.0034532368414768545	-0.003100023043456014	0.0022638584391312814	0.0014690950257810111	0.0029858170067971635	0.00067251354820437	0.0023844376884469033	0.0018925631377036916	0.0005464072087912895	0.0006093139063600678	7.9201679371724e-05	0.003143714489631993	0.0003493216413966468	-0.00015844543824861397	-0.0019667694299591075	0.0001651200814504311	0.0006468747851881325	0.0019607424310764386	-0.00011623221538104265	-0.0013182381181166382	0.0026585634590190893	-0.0017615408606710264	-0.0013179960602497888	0.0011066909064020634	0.0011531763481384648	-0.0009661144527405029	-0.0	0.0	0.0	0.0	0.0	0.0	0.0	0.0	0.0	0.0	0.0	0.0	0.0	0.0	0.0	0.0	0.0	0.0	0.0	0.0	0.0	0.0	0.0	0.0	0.0	0.0	0.0	0.0	0.0	0.0	0.0	0.0	0.0	0.0	0.0	0.0	0.0	0.0	0.0	0.0
GB133	-0.05756851357043277	-0.03754496256469724	0.015032825872945344	-0.0067312743417571414	0.017615768297383955	-0.02075575748892386	0.0033724904724583967	0.006291156697423892	0.005570973177711988	0.005397658727224836	-0.00023992847619244272	0.0073633314151629325	0.011032045000883037	-0.007272566598397629	0.0012699821662741462	-0.0021440434966757903	-0.0026420351781276806	0.008106558262473414	0.0008343580525256709	-0.0039260688851867126	0.0002642786176213439	0.0026561796601880573	-0.0018650535475666294	0.004912268197093331	-0.006342797992596197	-0.0038026439047177058	0.0071349761177337025	-0.0031993121311514323	0.00388033095016504	-0.000720176996050811	0.0012918028576421189	0.0013569293182365471	0.0003006968132085707	0.001871383143066319	0.001002237175997264	-0.003958422930957401	0.0025373926238200792	-0.001714910237945473	-0.0001155517731161713	0.0006277983710505427	0.00262254313373629	0.0004999569000006254	-0.0013684143124231207	0.004449912510165761	0.000575306279598684	0.004602529560439609	-0.0007357755630848965	-0.0017525147367085988	-0.0016996100714755911	-0.0016940965777235252	0.0026395804382853627	-0.006035661982839611	-0.005861916666422982	-0.0014165564044043453	0.00015998752837058735	2.73379035362837e-05	0.0032558104621575996	-0.0026136437553525766	0.0010174650873768494	-0.002315053889344601	0.0014184124658738152	0.00010377825878239992	-2.1414409003788556e-05	0.0014197629829418097	-0.0011590162617151365	-0.00011927779722434785	-0.002838684100598975	-0.002848104311847932	0.0016947656513961807	-0.00046934679614253226	-0.0012350287014111744	-0.0014095072314258496	0.0010025138169190914	0.0014186536564162048	0.00046838686439866934	-0.002461735297977613	0.00013656363137215906	0.0004883109455020017	-0.000981688158053177	-0.0010882381530505588	-0.0005523293249958519	0.00019527295477666257	0.0002104987769193242	0.0003003246438369522	-0.0	0.0	0.0	0.0	0.0	0.0	0.0	0.0	0.0	0.0	0.0	0.0	0.0	0.0	0.0	0.0	0.0	0.0	0.0	0.0	0.0	0.0	0.0	0.0	0.0	0.0	0.0	0.0	0.0	0.0	0.0	0.0	0.0	0.0	0.0	0.0	0.0	0.0	0.0	0.0
GB134	0.21199390294818093	0.15960031863613677	0.07159721950701248	-0.05279183674470695	-0.05194899841979556	-0.0003909459775615449	-0.03891690416738475	-0.005161291636136149	0.011748617924685538	-0.009709500515422452	0.009571533700452682	0.009597040160825238	0.0010835907552578243	0.03898821056609769	-0.012439635122295751	0.004552183636622236	-0.0011586389945058783	-0.005816833279547349	-0.005229141043164707	-0.003349977734683214	-0.0062416371529675765	0.0037705664731808738	-0.0012217048389298862	0.0035511037224890624	0.0033356909715648382	-0.0009279009438174519	7.594513785818673e-05	-0.0006681447852324153	-0.0009795488871404134	-0.00032070652712832014	-0.0010300083959109624	-0.0005234216273578328	0.0009103863034140566	0.0005900487970291841	0.0007771323887359742	-0.0003721802255483054	-0.0009460072793622182	0.0001678296496892388	0.0006136304482908886	0.0003845332659027328	0.00017193768075644627	-0.00026749740995777796	0.00043569595032193225	-9.950826890796944e-05	0.00015541089252700397	-0.00019092929505848006	-0.0002047699097220945	9.000554429272339e-05	-3.129712439828461e-08	-8.78183798821433e-06	-6.245138530113322e-05	0.00015829055305680305	-4.161070382423593e-05	-0.00018665615605853705	0.0002434187226020199	-5.547408980720443e-05	-9.31251297281904e-05	-6.839179715544838e-05	0.00016990667542201822	0.0004040262264421061	-0.0002377017046113237	0.0001187878870440347	0.0003239882639372891	7.488721050233491e-06	0.00025504782823841177	0.00016638184155557154	-8.142849819332837e-05	0.00038549469760061216	0.0002285700967044841	0.00011557521834265227	0.00010668934802190453	8.503357032005634e-05	-6.874471102385026e-05	-8.583473460849925e-05	-6.798746615223011e-07	-8.62024602085945e-05	-5.448029317042988e-05	0.00012676537422214883	-5.555222592086717e-05	-6.899125325656636e-05	-3.1463084836147005e-05	-7.062317073940469e-05	0.00010321524588359363	-1.1694120813630428e-05	-0.0	0.0	0.0	0.0	0.0	0.0	0.0	0.0	0.0	0.0	0.0	0.0	0.0	0.0	0.0	0.0	0.0	0.0	0.0	0.0	0.0	0.0	0.0	0.0	0.0	0.0	0.0	0.0	0.0	0.0	0.0	0.0	0.0	0.0	0.0	0.0	0.0	0.0	0.0	0.0
GB135	-0.06608353059327671	-0.02609392014400317	0.016002511265251984	-0.018078626191159554	0.018628509147919227	-0.01933823858184424	-0.00572727069203693	0.00298848004086875	0.005264598734597863	0.008110426168847815	0.002279417616728591	0.015278443056556491	0.01128087650381239	-0.008027785983170143	0.01010813050974918	0.0033829987886726197	-0.007477226905056815	0.004886652470092872	0.0031007035232465618	-0.00017072067838324543	0.002772923692864531	-0.004627450639720359	0.00295355696143521	0.0004399374627834609	0.002882344835941128	0.0007113883364693608	-0.010135096505512904	0.007315706586771794	-0.0037295225605659165	0.009607882593355866	0.004503840192394724	-0.007782866438363466	0.0038201580510591753	0.003611976834575674	-0.0028053807398435	-0.0037726527013616715	-0.008890765897613319	0.0004156548260876893	-0.00313418367223866	0.004187204282698928	-0.003660578606661074	-0.0023760346848580986	0.0006505300823222604	-0.0012291615733778856	-0.0018153034777245638	-0.0027130573330337417	-0.0008367571822112575	-6.598766260919197e-05	0.0005757473588704473	0.000559622703646417	0.001184854642531721	-0.0010847686681101415	0.0011104114541298216	0.0009558102771755964	-0.002992227831036793	0.0016832932803937108	6.372705471453564e-05	-0.0006441594157437339	0.0019013124562490546	-9.68293432420933e-05	-0.0002197051507993934	-0.0010865757113576837	-0.00023861163866964398	-0.0011015963274893907	0.0031141641093227826	0.0017582918227572672	-0.0008060261142941523	0.001749417540601366	-0.001396695043466164	0.0015555107289587826	0.0003072931707383065	1.6503931794171576e-06	-0.0004322825488421761	8.118017507721926e-05	0.0006461203418509925	-0.0011726093063905581	-0.0002863948144163081	-0.0005199234864981501	-0.00028175193888179	-0.0006709673301385991	-0.0002522022770710546	-0.00010734794019489365	0.00011323654741563672	-0.00018785650932026055	-0.0	0.0	0.0	0.0	0.0	0.0	0.0	0.0	0.0	0.0	0.0	0.0	0.0	0.0	0.0	0.0	0.0	0.0	0.0	0.0	0.0	0.0	0.0	0.0	0.0	0.0	0.0	0.0	0.0	0.0	0.0	0.0	0.0	0.0	0.0	0.0	0.0	0.0	0.0	0.0
GB136	-0.21274498321546603	0.1088326072922716	-0.07762259659634554	0.06360361333823417	0.0033809583967465513	-0.048490101876553775	-0.01504271116958513	0.023590294029752316	0.009286690085602435	0.014556667506535132	0.020542446577085493	9.31034162673781e-05	-0.002117820661673822	0.0126450158970914	-0.009134251267043769	-0.01577464562412457	0.015049336274149639	0.0029865782003531296	0.0008255405816098476	0.011557353396086482	0.006984286633643607	-0.0009580140414128972	0.005206087081723428	0.004553350939068877	-5.4292863445855804e-05	0.002690959890564016	0.0011926793830078434	-0.000472827676631953	0.0009174673615583469	0.0007347607714423932	-0.001114777616102172	-0.002213234242962952	0.00039271770788223113	0.0018183507437377364	0.0005678560957097888	-0.0009199389066245842	0.0006606910775409065	-0.0012882249063189783	0.0010282430040207422	-0.00040035612232572376	-7.454369653947738e-05	0.0003624181838226638	0.00020306241191039712	0.0003680630288694944	0.0007815628580144426	-0.00047947411112269104	0.00041274063090227225	-0.0007249655352206235	-0.00010399253731263688	-4.6018590883166315e-05	-0.0002857063571188565	-0.000369452748166354	0.00021153102719118473	-0.0004136429007141195	-0.00020445832737611377	-0.000515880269542526	0.0001399574156774653	0.0005328628282026626	-0.00047854618164438453	-0.00014581758819974834	-0.0001814383061887206	-0.00020630936562574128	-0.0004234992902832226	0.0001475659605098735	-0.00010959702851868042	0.00013620154234964593	0.0009164025946206985	-7.061578403622547e-05	0.0007049017002384365	0.0006314649222055584	0.0004061069289194028	2.6867111232345643e-05	0.00017163039928956973	-0.0002834491587725422	0.00044193883344150126	0.0006408981640233078	-0.0001993240753125027	-0.0008055843899385727	2.8947565385902886e-05	-0.00010200510416830927	0.00020549261371705793	0.00018716728057233944	-0.00045316334143017886	0.00026738932148256424	-0.0	0.0	0.0	0.0	0.0	0.0	0.0	0.0	0.0	0.0	0.0	0.0	0.0	0.0	0.0	0.0	0.0	0.0	0.0	0.0	0.0	0.0	0.0	0.0	0.0	0.0	0.0	0.0	0.0	0.0	0.0	0.0	0.0	0.0	0.0	0.0	0.0	0.0	0.0	0.0
GB139	-0.07965895924114351	-0.012393321320688115	0.006226032451998372	-0.018038055902066936	0.009200331984506132	-0.016191332962557637	-0.00838978189413396	0.00498255318076712	0.00379029398539719	0.00895993403526487	0.006138327807472366	0.011195648092655807	0.004649606930313915	-0.004056971177136754	0.008002217884936004	-0.007573518385120521	-0.003370914145663976	-0.0033654259893647503	0.0009606234191100384	-0.001872636828137748	-0.0005883738503157231	-0.0005131220477479784	-0.0032105377312109185	-0.0029980716783407496	-0.005244154308424332	0.0026825906920337436	-0.00010272383540418417	-0.0005925503966830602	0.0011367556568284269	0.0004647331595042424	0.0014298777376149374	0.002935652010373243	-0.0002191132118287988	-0.0013881297083819359	-0.002485659290788054	0.0026279882039063123	0.001846680600003935	-0.0006295857038904872	-0.0017243715196890504	-0.0009199509314819444	0.0009388023133144531	0.0016366202713160834	-6.289963235361119e-05	-0.0004644945146920907	0.0016260287047011465	-0.0006123961965738081	0.001434811306010735	-0.00047109768159700043	0.0015727764519024741	0.0006595176046351047	0.0011508502111360428	-4.733248695123714e-06	0.0005704694184158106	0.00025145797690352787	0.0015744046986550472	0.0004520353123662704	0.00035988794473646037	3.6288398086246884e-05	-0.0006518263901240277	0.0010153307706348088	0.0007897877536704698	-0.002862482190857584	-0.0014683816314875191	-2.2238955310520973e-05	-0.0010639876988040916	0.0012421116126850598	0.0005695677834417377	-0.001753298030955598	-0.0009210392282061904	-0.0003310636871015948	-0.0005274894933494285	0.000667802722768441	-0.00017930243430707874	0.00040988343505002426	0.001891528142259801	0.000970982321783747	-0.0019389871623310797	-0.0012547067120038586	-0.0006138746573859851	0.002604453630403572	0.000710807287483675	0.0002494664726251004	-4.4568195162246685e-05	-0.001109259148001394	-0.0	0.0	0.0	0.0	0.0	0.0	0.0	0.0	0.0	0.0	0.0	0.0	0.0	0.0	0.0	0.0	0.0	0.0	0.0	0.0	0.0	0.0	0.0	0.0	0.0	0.0	0.0	0.0	0.0	0.0	0.0	0.0	0.0	0.0	0.0	0.0	0.0	0.0	0.0	0.0
GB140	-0.012622423195002976	-0.09061719037231682	0.014244838036026714	0.014896146268856988	0.011473199804636023	0.012156286532688694	0.008933742433945914	-0.007326088087286659	-0.0023007498079719324	-0.007697063227196136	0.017569235661942975	0.006710589443547392	0.013707861046014992	0.00018189498338898265	-0.0020323719609641896	0.016289282908452902	-0.0015510497895153876	-0.0050041670662729736	0.002032972927185617	0.0029618998208276884	0.002077211993742742	-0.005239844269107842	0.003937219027086926	0.004109443730182538	-0.0006052027344100111	0.0016607670273678424	0.004975194836515877	0.0008631657147854356	0.0044506332838035395	0.006095877220987742	-0.0004474046096216994	-0.0030507996900691055	-0.0004969907036105978	0.0006192834591792026	0.0016488956707256233	-0.00022917810526688038	-0.00016998143522988985	0.001574872021423761	0.002808085635018208	9.915042689684674e-05	-0.0031407350567103447	-0.002105381731545571	-0.00199646558551045	-0.0020222370736664706	-0.0015442400739647702	0.0024427883589175597	0.001774119141022663	0.0020958726922697614	-0.002688929467491102	0.0019811170167029187	-0.0006473175953372756	0.002919223757176208	-0.0018747563114318187	-0.004609069296152848	-0.00011109262448027181	-0.004424453225910664	-0.0018839551830551059	-0.00023118344967338754	0.001088040576920101	-0.000620949555652879	0.0022584485737605197	0.0012431901393764393	0.0006160640274743052	-0.0009984730865230376	-0.0027950843921214154	0.0013707934957599662	0.0020351619708173577	0.0007806868138055737	0.0011906219784844575	-0.0022151470087268784	-0.0027397255740640738	-0.0010447565941785004	-0.0021843494565272864	0.00112967436999395	-0.0006212830705492861	0.0006295408627952293	0.000396780584102679	-0.000331910837813598	-0.0010709826538942556	0.0013573565505918563	0.00035113505278992	-0.0012907670327819483	-0.0003038342625091597	-0.00045335503883671836	-0.0	0.0	0.0	0.0	0.0	0.0	0.0	0.0	0.0	0.0	0.0	0.0	0.0	0.0	0.0	0.0	0.0	0.0	0.0	0.0	0.0	0.0	0.0	0.0	0.0	0.0	0.0	0.0	0.0	0.0	0.0	0.0	0.0	0.0	0.0	0.0	0.0	0.0	0.0	0.0
GB141	-0.13871923651411966	0.05453243522024178	-0.03044207410613595	-0.011928557232338948	-0.01418386211560884	-0.002176547237012234	0.006454765477812653	0.03568645212619247	-0.013276911383219408	0.018412847842427537	-0.01770464920154402	-0.010963811461726236	-0.0021175285788297923	-0.01297131875499448	-0.01801089835804991	0.010339416863994743	-0.0003760088050009507	-0.011189840915934997	0.0036169065651428323	0.0033310215686562145	0.0027745885317543074	0.003570409881630732	-0.00280646586672818	-0.0011239163728994886	0.00011724619795459409	-2.9184685972373296e-05	-0.005627515839681907	0.0016585183423454837	-0.004367510577291805	-0.0031828402557708365	0.0005116527905150228	0.0018682996415304788	0.001880243621509924	-0.00037648290281977145	0.0021770137223950633	0.000858762214142986	-0.00034619546007119267	0.000994192276280693	0.0036960409832496135	-0.000207158940601527	-0.000884422845608222	-0.0012083105469572126	-0.0007170908157710397	0.00013434338137051764	0.00108253863175621	0.0019291555930453755	-0.002076930473825851	-0.0007187183463618499	-0.0008315574745644084	0.00019804104289678805	-0.00014508261908787698	0.0001297645445717788	-0.0011131751973744897	-0.00018601503368246354	-0.000874102150862464	0.0004555812466971735	7.071441217799363e-05	-0.0012752164857221797	0.0003570846470668282	-0.0005327732213721793	0.001527476922403007	-0.0009004014629240695	-0.0013960747766719704	0.0004903668677739109	0.002179770296840487	-9.516670316883634e-05	-0.001947663062515263	-0.0007677012533072694	0.0013791340772095011	0.0005680119223649486	0.00013018748446268007	-0.00029009410219141437	-0.0009057229297281964	0.0006484147564898061	-3.775379774189957e-05	-1.2671377102262124e-05	-0.0003722439328625753	-0.0002727778862456488	0.0005378814929140804	-2.707523029647684e-05	7.463431047703421e-05	-0.001044555683777245	-0.0003586672480911448	3.7146282686241995e-05	-0.0	0.0	0.0	0.0	0.0	0.0	0.0	0.0	0.0	0.0	0.0	0.0	0.0	0.0	0.0	0.0	0.0	0.0	0.0	0.0	0.0	0.0	0.0	0.0	0.0	0.0	0.0	0.0	0.0	0.0	0.0	0.0	0.0	0.0	0.0	0.0	0.0	0.0	0.0	0.0
GB142	0.13945632248134737	0.03240744177827474	0.09118518328640629	0.009897463767156413	0.018465111528265146	-0.00988314484750497	-0.007787313691138337	-0.017101291573050365	-0.0033143568407611153	-0.004873001361678581	-0.015935964307367465	0.01550791416447681	-0.0039359237444604525	0.0013873481385424026	-0.01058754505309829	0.002266177617377075	-0.0033498437187092457	0.0008996149238409785	0.005159740426788964	0.0057528974727247195	0.006534215989705967	-0.011078431267751493	-0.005394335880339669	-0.011787582725960095	0.005352749036013664	0.0013481411548400435	0.0016892111487611986	-0.006382508826079451	0.004556582797623301	-0.0004681759944915609	-0.005423648715291239	0.003980680289545704	0.0031438743020079513	-0.0001271139874630663	-0.00017387245472369575	0.0027079782372057977	-0.00085838462697963	0.002454286693863211	-0.0007262048771977531	0.0020469367654515134	-0.0011628923829412798	-0.0023155651292955525	0.0013354574736656204	-0.0014200273291896535	0.002471276819510949	0.00028317276090725994	0.0004940888772343841	-0.00031895101527418756	-0.0008434436287294146	-0.00020015822661459187	0.00024176808850513799	-0.0006172683850279597	-0.00017136778061575757	0.0011796459520827373	-0.000994884291241213	-0.0007717571739125837	7.86598157710581e-05	-0.0001327377689036974	-0.0015641722894708392	-0.000891772733107317	-0.0003895373347413367	-0.0008515924669242844	0.0009556133536544185	0.0009284967500315289	0.0004841036634788292	-0.00043523322528299255	-0.001553251065543166	0.0004530122038165757	-0.0013561520164444545	-0.000984178695468111	3.2792236717810325e-05	0.0010953021732297151	-0.0015967035537884445	0.00015247092868004916	0.0007759402682234766	0.00036692645896143917	-0.00041250658256969196	0.00035756127965624375	0.0006348488157681633	-0.00019625423859762677	-0.00043034411644204674	-0.00013410014724811594	-0.000631399667756909	0.000767556032757366	-0.0	0.0	0.0	0.0	0.0	0.0	0.0	0.0	0.0	0.0	0.0	0.0	0.0	0.0	0.0	0.0	0.0	0.0	0.0	0.0	0.0	0.0	0.0	0.0	0.0	0.0	0.0	0.0	0.0	0.0	0.0	0.0	0.0	0.0	0.0	0.0	0.0	0.0	0.0	0.0
GB145	-0.07281910608183513	-0.022102279092994958	0.010100659352737903	-0.011886227344441315	0.021520780113314503	-0.013247392429102122	0.00672259831464615	-0.01141998040494291	0.007248938732582866	-0.004127254600403725	-0.006543510532741281	0.0019853326156869812	-0.009778153051180433	0.00021401344615098376	3.0194095357257885e-06	0.004104261511321615	-0.0008269876163738322	-0.006383411958782714	-0.0005488887487613151	0.003928880692357745	0.0010291138080087217	-0.0013992013128820598	0.0021951555960551743	0.00030884794316518284	0.001551045277212814	0.0016800735760052648	0.000577849846123796	-0.0013213461739108319	0.0005743120317488713	0.001363279438001679	-0.0009937574130698481	-0.0008845743641724594	-0.002677978582120341	0.00016041498656060136	-0.002157025978513017	-0.002958178969256568	0.0032454427988297427	-0.0018510886382995292	-0.004405137608181931	9.630649000264205e-05	-0.0035476787044656046	0.0023161704486119087	0.0007228041493550636	-9.467560224741453e-05	0.0031537642239139307	0.0013052374885808079	0.004477137245269912	0.0006690406629597599	0.0018189802229013877	-0.0007782841397410014	0.0020963519080828006	-0.000863822541390209	-0.000889150384657364	-0.002367101750065932	-0.00076207264584919	0.002618958453317528	0.0033368460995768542	-0.003430746823189571	-0.0003577150224204644	-0.0008140144277578695	0.0009253826190838957	-0.0010343590100825122	-0.0033507780632768516	0.0007356861862176284	0.0014342602653188263	0.0033584746308466845	-0.0010254759934057367	0.0005546287376747206	0.0012400151226598967	-0.0009454490400962674	-0.0015818190305186195	0.0020665651691508307	-0.003455530566530828	-0.0009706558735314281	-0.0013691687033186978	-0.0007762239025262968	-0.00041449948120065845	0.001806895139671119	-0.0010992999669163115	-0.0006167250161280833	-0.0011938947743755203	0.0006520490411080504	-0.00038362511705334717	-0.0007917562466955102	-0.0	0.0	0.0	0.0	0.0	0.0	0.0	0.0	0.0	0.0	0.0	0.0	0.0	0.0	0.0	0.0	0.0	0.0	0.0	0.0	0.0	0.0	0.0	0.0	0.0	0.0	0.0	0.0	0.0	0.0	0.0	0.0	0.0	0.0	0.0	0.0	0.0	0.0	0.0	0.0
GB148	-0.05749065008457559	-0.039907145790261056	0.014577183558908594	-0.005478231471832171	0.022884270422051725	-0.013890000214567136	0.008804991104553761	-0.00816809709828222	0.007671444614729527	-0.002679463783874244	-0.0011705601614104828	0.010790498734925949	0.008084648384591159	-0.006544529211504048	-0.008983862816895994	0.0014935162990475492	0.0023508746025726326	0.002886645738951374	0.0031646310831686055	-0.0065388694007818314	-0.000713623703059308	-0.0039310620865530685	-0.0045917232078155935	-0.00021211470937932198	-0.0011881529620585726	0.0013205359067555156	-0.003138908124490362	-0.0006346028342364545	0.005383201297854697	0.0024661617696632807	-0.0013065105415878814	0.0020469516755451263	-0.0004377737022304362	-0.0008961677218772467	-0.0006891484607338375	-0.0036143742899224346	0.001076906317113148	-0.004121378649881233	-0.00048317634222920026	0.00013264099099856465	0.0009691617071489459	-2.9999268013945562e-05	0.0002443545536396915	0.003997639259741354	-0.0016250754297514102	0.00013937577774838443	-0.001335872167954278	-0.003657253108027827	-0.0016748061424419263	-0.000501827902374161	-0.004069918623147538	-0.00025494466019129183	0.0017231255790753149	-0.0008294537997156526	0.0015414939797329164	0.00018313223424786315	-0.004485739890702862	0.005730326388843938	0.001310572213460259	0.0029253365507867697	0.0005738896438276527	-0.0011966669906651119	0.0020064178462451832	-0.0020596446713881133	0.0001386098008929895	-0.0018084552544739899	0.00018563602448576515	-0.00045610745206656813	0.0006811144220400661	-0.0008584358161691784	0.0002478649149193447	0.0038711893304181353	0.0012661467597702794	-0.0012781449434286953	0.00032283149232203973	0.000978687554300982	0.0006394941602664742	-0.0009022986404204896	-0.0018546400166919723	-0.0011321173234095938	0.0001459628975931439	-0.0008426146331034679	-0.0005417181414292555	0.00041325315985615363	-0.0	0.0	0.0	0.0	0.0	0.0	0.0	0.0	0.0	0.0	0.0	0.0	0.0	0.0	0.0	0.0	0.0	0.0	0.0	0.0	0.0	0.0	0.0	0.0	0.0	0.0	0.0	0.0	0.0	0.0	0.0	0.0	0.0	0.0	0.0	0.0	0.0	0.0	0.0	0.0
GB153	0.11669655298482359	-0.09132765051602752	0.05167784670873435	0.03806997991054298	-0.01869645021460594	0.04142286140419106	-0.015050054454487176	0.007868652994642787	0.03155570471037108	0.016923061266690635	-0.01095882376765385	0.001274769120153362	0.003474262933208968	0.001026345730094438	0.005170139662775337	-0.0006307774683451626	-0.0020347433353185063	0.0014677731813268825	-0.011978834031645166	0.00239382541365445	0.005859651845590997	-0.0002969096040679314	-0.004555279969142421	0.001039496023903195	0.002820096941445957	-0.0032059054230868583	0.0004060289741676609	-0.0016360923453645642	0.005038423619948455	0.000956978208658708	-0.0041764492727508025	1.4260867111203614e-05	0.004367163444048669	-0.000512571309978596	0.0008434968862652686	-0.00023706258564035906	-0.0006278896260266988	-0.0039954170273950994	0.001193224304821857	0.00194303237966718	-0.0014035091946023404	-0.001571576390354852	0.002125593764191668	0.0011130571776603302	-3.04974360877087e-05	0.0009390332892345517	0.0002771698043983473	0.0017310339509423443	-0.0018291441215349926	-0.002491375651039099	3.106544363978394e-05	0.002542167899352701	-0.0007010459913795728	0.00071731739041962	-0.002031386308243582	0.00018080531048734853	-0.0013006581403284534	-0.00015857234170656945	0.0001802038354621862	5.014644431793919e-05	0.0009594197619280303	-0.00026176924646216623	0.0006458992149399189	0.0015649723191882073	-0.0009234553845095489	-0.0001486712938246972	-0.0008719783323881549	-0.00014152188718044386	0.0003991665948965577	-0.0021464732089425706	-0.000501538667451923	-0.0004195863234137067	-0.00016419610291695325	0.0009315112474513434	0.000590154524990321	6.845323537685028e-05	0.0001599849930388593	-0.0006703769525458457	0.000611916336323499	-0.001029814500893352	-0.0003736354659163376	0.0003079075069263889	0.0006313387403143978	4.379903221747911e-06	-0.0	0.0	0.0	0.0	0.0	0.0	0.0	0.0	0.0	0.0	0.0	0.0	0.0	0.0	0.0	0.0	0.0	0.0	0.0	0.0	0.0	0.0	0.0	0.0	0.0	0.0	0.0	0.0	0.0	0.0	0.0	0.0	0.0	0.0	0.0	0.0	0.0	0.0	0.0	0.0
GB154	-0.07975026670977847	-0.014347757966335493	0.005419771393368615	-0.017700407996781974	0.015324734469043083	-0.012089969538907595	-9.50143327521956e-05	-0.01178350040168886	0.007807860243437029	8.695837784162315e-05	0.003938974552211609	0.014274558638932091	0.000482004824132131	-0.004075041850127376	-0.00540438241125008	-0.002327792790358027	-0.0021056479808324517	-0.007187527414820267	-0.00037950656925921837	-0.0018983614294520244	0.0018674755052672273	-0.0013459361137337477	0.0004956236679812224	0.0002293869259395139	-0.0017231082537325926	0.0032238017380422468	-0.0008329479743651008	-0.002157244454448835	-0.0010934726920136867	0.000608946677090703	0.00170389336756119	-0.001146219462834362	-0.0029106729447532054	-0.0006755654389202177	0.000394364560604991	0.001910578008364656	0.0015390643011291795	-0.0023408843335138026	-0.0011022786088965564	-0.000798610387015185	0.0007964537320149616	-0.0010510241216884777	-0.0003029440221487778	-0.005377209946826741	0.0038525995873832895	0.0006312551738904976	-0.0031829170882799874	-0.0036855142410406982	0.0014909129110065075	-0.002205717120338568	-0.0013965630722056325	-0.0009752448948637933	-0.0024311285802147207	-0.0033276870557026874	-0.0008602033586439954	-0.00020410402120358347	0.0002715086403783472	-0.0007696602835105307	0.0008012833892104814	0.0018997928305369226	-0.003476773445311245	-0.0004962608519684433	0.0016580255499685653	0.0002158202416625127	-0.0005389632136328065	-0.00039320689211895955	-0.0017413333624759638	-0.0009200938001914681	-0.0002804324460043348	0.0015056457821436646	0.0022547918822088584	0.001509653662682412	-0.001138503771977165	0.0021272377991272354	-0.0013758990713167488	0.00016486076844333361	0.004389730515314808	-0.0012221769246216273	3.214260510144643e-05	0.002229795645220611	-0.0006883712618347756	0.0012390330036365202	-0.0002699064116948214	-8.179193418207704e-05	-0.0	0.0	0.0	0.0	0.0	0.0	0.0	0.0	0.0	0.0	0.0	0.0	0.0	0.0	0.0	0.0	0.0	0.0	0.0	0.0	0.0	0.0	0.0	0.0	0.0	0.0	0.0	0.0	0.0	0.0	0.0	0.0	0.0	0.0	0.0	0.0	0.0	0.0	0.0	0.0
GB156	0.010301155342220758	-0.11056450790607712	0.015114143169266873	0.02341615364033519	-0.00680135743125116	0.00579778683753402	0.0008525639291775368	0.011279159345924801	-0.014967816238553387	0.00026421294831302923	-0.005155365826089823	-0.0019526510299368344	-0.015562097320751596	0.004558539921130561	0.0031842853151157254	-0.014812558340604711	0.0027661989540693406	-0.009342810683980993	-0.010325135621133623	-0.00017226255358436976	-0.0013459929073923887	0.004430924779538285	-0.011174087479107258	0.003797515853036957	0.002859397218703444	0.00019329736333650695	0.0005373564994492193	-0.0027297160186089044	0.002449061358326712	0.004892482453407666	0.0018618106610978897	0.0009832005343324449	-0.0023674822666332786	-0.0017359137680747357	-0.0017438563488697024	0.0004192034501632448	0.0018262311930503608	0.0006783157449065478	-0.0034503750191587977	-0.0006506500542108636	-0.0018472757285347018	-0.00023983177138175307	0.0004616929021922401	-0.0012113829251695373	-0.0011134357566530758	-0.0013351804467422305	0.00216847986970779	0.0009344074679256769	0.0005752707527990058	0.0008394385398843945	-0.0005821598854256942	-0.001553990373146677	0.001100591381405509	0.0010580290409488743	0.0023657503601469663	-0.00021488574608861184	-0.002764653895006913	-0.0013961588892611918	0.0017271919762421018	0.0001631552734686209	0.0005697290892875247	0.0004975526180139765	-0.00039227100034612897	8.009373031610792e-05	0.0015788593116293187	-0.0016460168729389559	8.956227102040449e-05	-0.0006269777541026719	0.0005817134732288025	-0.0004537099061085394	-0.0010175566142029357	-0.0009143658126856795	-0.0008030858294836184	0.0011546023042625817	0.00047893880747545584	0.0006180662583949426	0.0004682067599241207	-0.0005382100056996303	-0.0003125120454696074	0.0005084792454981856	-0.0012239999978442613	-0.00034215035229386736	0.0001900584927151461	-9.034059365633373e-05	-0.0	0.0	0.0	0.0	0.0	0.0	0.0	0.0	0.0	0.0	0.0	0.0	0.0	0.0	0.0	0.0	0.0	0.0	0.0	0.0	0.0	0.0	0.0	0.0	0.0	0.0	0.0	0.0	0.0	0.0	0.0	0.0	0.0	0.0	0.0	0.0	0.0	0.0	0.0	0.0
GB158	-0.09292148905390751	0.04857095595301091	-0.0010238857413035476	-0.013669740544577785	-0.002590179853769664	0.022543426243783197	-0.008197631932559294	0.007088197690746917	0.017919224085564955	0.007466953806009994	0.008422099003787705	-0.0004925291242583435	0.008256815021799637	-0.0012017137163757331	-0.007401496651394498	-0.017971404230457066	-0.009316046626951336	-0.0007773462040316609	0.007959098347995037	-0.0021862631336004644	-0.0077409690790729785	0.0016664021401203435	-0.00013360975761024066	0.0030104358850323613	0.004523970659904722	-0.00435713738532436	-0.0008571993431740198	0.0001822786256944675	0.0025617427843906393	-0.0011539389211347227	0.0022314214422545836	0.00046304633980640095	-0.005784203941618523	-0.003144774064488033	-0.000373697613685285	0.001566922509265723	-0.0010103113107398152	-0.0037422299164988544	-0.0026307092721802516	0.0002204959054822982	-0.0022001389097329764	0.001508126571710076	-0.0007509153211330533	0.0026060097888980123	0.0010446380750000338	-0.0001216325704576684	-0.001007542919710009	0.0024181737262953425	0.0010543079264538052	0.0022096225111604435	0.004644319760261273	8.179195817948669e-05	-0.0005929074311422048	-0.00014091081533534823	-0.00010014233070629548	0.0008975416522964853	-7.588636985058551e-06	-0.0006483838404706878	-0.002948502921379187	-0.0017303746210607757	-0.0006040382638506872	-0.0010912357041750803	7.567660589653307e-05	-0.0008817975850849316	0.0007959357587123621	0.0015432542339289183	-0.0014675627717202781	0.0005386227271889951	0.000928508693233854	0.0009127853415288016	-0.001044453737268319	0.0011480796023770868	0.0009350873631787202	-0.0004132614262345307	-0.0008417454601425061	-0.0006660176971854603	-0.0010959074791794744	-0.0018799693159199913	0.00046251914601035257	0.00018485048143631762	0.0002736573962011675	-0.0013349377444803819	-0.0009467227075895139	0.0006074651967458602	-0.0	0.0	0.0	0.0	0.0	0.0	0.0	0.0	0.0	0.0	0.0	0.0	0.0	0.0	0.0	0.0	0.0	0.0	0.0	0.0	0.0	0.0	0.0	0.0	0.0	0.0	0.0	0.0	0.0	0.0	0.0	0.0	0.0	0.0	0.0	0.0	0.0	0.0	0.0	0.0
GB160	-0.08044283144043862	-0.012972736570215339	0.005421376691103117	-0.01690038134321513	0.014808543745997427	-0.010139515728435834	2.514203031582406e-06	-0.009262972552439758	0.005829396572707295	-0.00273784928644752	0.0016538366254948919	0.006660019521230495	-0.003637737175299818	0.000444588724057202	-0.000513228293360368	-0.0009015770890185403	2.7986640873300096e-05	-0.005031063957684298	-0.0012716709931098612	0.0020404968157193676	-0.0010715250747266578	-0.00140540971769299	-0.002166123463158649	9.498329225313476e-05	-0.0005277062146982617	0.0023431355358951135	-0.0015224004807392552	-0.0018449729381896788	-0.0016432423804579094	0.0048287781573250425	-0.002681492021855055	0.0005820825035672337	-0.003328918439989614	-0.0023529985812393173	0.0015840072252043473	0.0011380826089853757	0.000849496702312154	0.00906611228825664	0.0018607120379134472	0.0043009539269874345	0.004236387689803756	0.0026776558595153553	-0.003783430297390909	0.007497723629589395	-0.004342117286625029	-0.00025785762615824885	0.0008394400107138831	0.0032357817421218077	0.002265982212439219	-0.0017494664656460969	0.004455789106972447	-0.001749484013611703	-0.00339971897542267	-0.0032976873287878625	0.0015075162529852467	-7.280405498629162e-05	-0.0018674823863751666	-0.0010533419476922204	0.0006356003795522157	0.0023807471069224573	-0.0012802694371847137	0.0014921189788635208	0.0013563847022280886	-0.000715562910222089	0.0005691026509490556	-0.0009379172866079507	-0.003401521477177306	0.002001013367708627	-0.000796467574785203	-0.0011406612651340465	0.0014383791266473452	-0.0003833015381250183	-0.0006249117608122038	0.0003913470596860773	0.00016045488971255537	0.0028002289666891954	-0.002832379251249675	-0.0013380688613794862	0.0021877279101051345	-0.0016026497672961247	0.0008130226643662319	0.00010935933188473773	0.0007900331469307266	-0.0001691941488826423	-0.0	0.0	0.0	0.0	0.0	0.0	0.0	0.0	0.0	0.0	0.0	0.0	0.0	0.0	0.0	0.0	0.0	0.0	0.0	0.0	0.0	0.0	0.0	0.0	0.0	0.0	0.0	0.0	0.0	0.0	0.0	0.0	0.0	0.0	0.0	0.0	0.0	0.0	0.0	0.0
GB161	-0.17692668256191266	0.08846102659228212	-0.06263979692817241	0.03535870880025106	-0.010484323463555613	-0.023361498571279102	0.001129832155422687	0.007437994551056799	-0.0015726272203476868	0.014834800346382515	-0.0018459831961929992	-0.010590382140227448	-0.003720737104814199	0.0069786925296583275	0.011847118405492456	0.009873680899059756	-0.016715619933652046	0.0033744236885833692	-0.001140852495972418	-0.018585352537338035	-0.0053335725384420826	-0.00025082833444354857	-0.004844647829186179	-0.004437044741248725	0.00015359278916994267	-0.0033442268492378164	0.002731255496458961	-0.0024986590729310903	-0.00042030591523041234	0.0003829729387184576	0.0034919455778761196	-0.0008727153133037145	0.00037605519509566416	-0.0015156312880415872	0.0004079181476412012	0.0022835576941910994	0.002764771135323235	0.0010694045387464922	-0.0016360445380778671	-0.0012892526720170324	0.0015753805543207292	-0.00017337725120468572	-0.00023067474548555837	-0.0014886759645304705	-0.0002331587250106003	-0.0028262971570658106	0.0004231063136439794	5.634740910010275e-05	-0.0022995797407960356	-0.0008708775719498932	-0.0004049162271313494	-0.0003939048098887252	0.0002370710413331797	6.350545871734007e-05	-0.0017700328672879333	-0.0006457834556000449	-0.0006394606963896673	0.00027667290767249847	0.0004873361044817741	-0.0017756665026673433	0.001757916290363346	0.0002065823242596083	-0.0013491647616711965	0.0008853538121366401	0.0007225507756682103	-0.0014703237595768675	-0.00038350190964808045	0.0007038103741543239	-0.0017289800395952548	0.0009697183060369185	-0.0008529637111165479	0.0003288039673255812	-0.0012504034986128695	0.0005553120132220852	-0.0003809761241152426	0.00018897355357776365	-0.0007063408961967252	-0.0007631249593916202	-0.0007383024411307212	0.0005496679332085893	2.1613503088109936e-05	-0.0005945904533440369	0.00022625990117778637	-0.0005614475416023661	-0.0	0.0	0.0	0.0	0.0	0.0	0.0	0.0	0.0	0.0	0.0	0.0	0.0	0.0	0.0	0.0	0.0	0.0	0.0	0.0	0.0	0.0	0.0	0.0	0.0	0.0	0.0	0.0	0.0	0.0	0.0	0.0	0.0	0.0	0.0	0.0	0.0	0.0	0.0	0.0
GB162	-0.09756484862788627	0.00938550632729589	-0.006537087639136518	-0.023621822259680833	-0.008408303834738581	-0.007158977185506489	-0.01609451571588248	0.0048746771950058205	-0.0015493787449785774	0.010568263263789316	0.020893599949785593	0.023254524619259323	0.01610197639317707	-0.005099832553848577	-0.005751481839497337	-0.0008071860719277852	-0.005298738791712129	3.299113419889379e-05	0.0033105984083154514	-0.009001919297881756	0.002981780137096007	0.008965892697999077	0.003436995461474352	-0.004353874148199436	0.002126316367878002	-0.00028378251703339207	0.00012445973132081355	0.0002294013540444139	-0.00228016380726585	-0.0021403472679832653	-0.0019593828708761134	0.0015697065996605223	-0.001081736788598515	0.0006302589445386255	0.0030485912120765723	0.0011836252392084224	0.0018594526751454295	0.0022856201747231595	0.004833060939806944	0.0009746158949827926	-0.0004755823216001114	-0.0004459366042528107	0.0013393878117587204	0.0009869855676949348	-0.0009917458565363937	-0.00043643667212864707	-0.0011295499361693828	-0.00045352817033617016	-0.0005310344011765394	0.0010088722848259305	-0.0020850930681177438	-0.00032475543679946723	0.0014516028294973015	-0.0012098824860013637	0.0001835222888593369	-0.0008724770033873063	-0.0005233369741755177	0.00010102704500949084	0.0014631199292758394	-0.000786200065071026	0.0014518937062881563	-0.0003589387661689178	-0.0009637018902704442	0.0021831000912089947	-0.002523197553131875	-0.0003856950512049852	-0.00012328719817585363	-0.0004419579581009498	0.00033823352390735653	0.00037446503541972335	0.0009000061007048231	0.0016122562268193997	0.00043323903603192005	-0.001144527901511279	-0.0005127943652292182	0.00015911807646866685	-0.0002808481880539386	0.00014390205696882932	0.0007264732293141818	0.0005141374812775971	-0.0005588462260075617	8.33986145722618e-05	1.3252195369867582e-05	0.00020385317445119848	-0.0	0.0	0.0	0.0	0.0	0.0	0.0	0.0	0.0	0.0	0.0	0.0	0.0	0.0	0.0	0.0	0.0	0.0	0.0	0.0	0.0	0.0	0.0	0.0	0.0	0.0	0.0	0.0	0.0	0.0	0.0	0.0	0.0	0.0	0.0	0.0	0.0	0.0	0.0	0.0
GB163	0.23240500488494356	0.09157716183283132	0.09021641477801391	-0.046881650267148516	0.013463994520203448	-0.0499057238870071	-0.01062719348815793	-0.016583320190025078	0.019278795331683	0.0007792447350509111	0.0080496372457964	0.006261269830270591	-0.010747020616396388	-0.0018943262429492512	0.03041070949072219	-0.006402381243697704	-0.003433454212540447	-0.016750512853393153	-0.0013360357397295265	0.005906468561678994	0.0020455785296919484	0.00032304838259932184	0.004069056239804464	-0.003249346301628621	-0.005606499842236713	0.0020254759321309073	-0.0016703715389806762	0.00019883272178550267	0.0014384933122318342	-0.0007996743096725318	-0.0003178051016876074	-0.00011673958237372395	-0.001851169559452328	0.0010278858421460609	5.2170943117232575e-05	0.0006205054875032004	0.0015720787428637095	0.00044894149067489314	-0.0020115723983951507	-0.001354656638626122	0.0009379773256707091	0.0006307715133447526	-0.0009620424875431867	0.00019260164214246164	-6.338164656465271e-05	2.7625264062884345e-05	-2.3071990983282445e-07	0.0001352842006538796	0.000133646135800144	0.0005724634877343652	-0.0002029399666837548	-0.0007139150161923285	-0.0002746445883917835	0.00016248197077157474	5.827589270937263e-05	-0.0001347622446640051	0.0007551532738142654	0.0006509944669267367	2.451502154511424e-05	-0.00042855306048310716	-0.0005365276751405557	-4.716573624003872e-05	-0.0003029965361777383	-0.0005405306937473583	-0.00037281405063951104	2.346364404873442e-05	0.00012572163919448082	-0.0002724486063193225	-5.496347945789707e-05	0.0005098609912159058	3.0004362704137604e-05	0.000123671125129303	7.133867498724316e-05	-0.0001861647281458612	-0.00020566987005407622	-4.9684130476468524e-05	-0.0002287457275965446	3.260839276062488e-05	-0.00018330712352816904	0.0001737795221984795	0.00022805877348044116	-3.5109173669878844e-05	-0.0002780241738152833	-0.00019027008971792583	-0.0	0.0	0.0	0.0	0.0	0.0	0.0	0.0	0.0	0.0	0.0	0.0	0.0	0.0	0.0	0.0	0.0	0.0	0.0	0.0	0.0	0.0	0.0	0.0	0.0	0.0	0.0	0.0	0.0	0.0	0.0	0.0	0.0	0.0	0.0	0.0	0.0	0.0	0.0	0.0
GB166	-0.118371667810035	0.030906154514528727	-0.01874591362261125	-0.022791166419164906	-0.004251871606294831	0.009593053197208646	-0.0006935797656060378	-0.0070223486643266764	-0.0018611234505586372	-0.009305351567814368	0.007451529434903079	0.008666938282215741	-0.0010244705424034435	0.0054418367311033335	-0.009442369666398706	0.000790455485101036	0.004851832686569004	-0.0005794445584701238	-0.0004080612547066516	-0.0021462799548249193	-0.0015053547295450385	0.0017428021900665542	0.0027373544336755026	-0.0012825590251669416	0.00506772980107389	-0.001515724168663904	0.002431714471812241	0.0029595343119314223	-6.719616057365439e-05	-0.0003589949196160847	-0.0005388772977657883	0.004553468252013828	-0.003454146791519049	0.007600474662135579	-0.0013982704374855936	0.004358489876243278	-0.0018113607129888044	-0.006725834114802342	-9.122302364785391e-07	-0.000999486837553861	-0.0012840431848064016	-0.0059875571596235844	-0.0034167286246127105	9.684908431962594e-05	0.000894001234024962	-0.0018412199481640714	0.003866481765583315	-0.0005410587946586998	0.0031573391458540206	0.0005805468745720007	0.0009552731375270846	-7.601811035819412e-05	-0.005045294269113206	0.0051855812630998074	0.00036403737686021534	-0.0021356727391505775	-0.0020882985983762454	0.0004063147772139036	0.0009851394854255389	0.00048187985816226586	0.0006792661291890102	-0.002662004078504943	-0.0026620025087805204	-0.002204626833692478	3.065575171737374e-05	-0.0017449638057334084	3.068564726013818e-05	0.002995973765785358	-0.0010568451680219942	-0.0012867152724374904	0.000910211610031344	-0.0028984183762228587	0.0002014537910269911	0.0008231936289213312	-0.0030446270658923383	-0.0005677808664748579	-0.00020061907470048028	0.00014074555645996023	-0.00037317282784860955	0.0004894403610180304	-0.0001715781540848723	-0.00046814955031546074	0.0009443880253503642	4.80414251331081e-05	-0.0	0.0	0.0	0.0	0.0	0.0	0.0	0.0	0.0	0.0	0.0	0.0	0.0	0.0	0.0	0.0	0.0	0.0	0.0	0.0	0.0	0.0	0.0	0.0	0.0	0.0	0.0	0.0	0.0	0.0	0.0	0.0	0.0	0.0	0.0	0.0	0.0	0.0	0.0	0.0
GB167	-0.027767740580831958	-0.07058703823591206	0.020457951104111662	0.015255123796496888	0.013435677164737377	-0.006994819487044857	0.008868261902182728	0.004514713756467711	-0.013206936028853878	-0.008420533396056393	-0.00683687579830204	-0.019182432357528666	0.003889473190555052	0.005590193539431734	-0.0013478935863826952	-0.006722342891246507	0.005880124162290297	0.003942598127685941	-0.0017691934599458551	-0.0002990122399384428	-0.004182949673590045	0.0011389304680341403	0.0013744455787463741	-0.0026174419902535687	-0.005715264816363488	-0.006489506253270814	0.0008074908088788691	-0.0005961942129308047	0.0019546616914712495	0.0015245183400345458	0.000954251420060617	0.0015014745911606773	-0.005533208576954127	-0.0012467641382338075	-0.0012915190826689852	0.0003708787421172034	-0.0009036786610345072	0.002682344310457577	0.0019696940308697687	-0.0007490060645790711	-0.0018888739924510412	-0.0006321271352788175	-0.0055903680246112775	-0.004165743842557965	0.0008226452700127411	-0.000987212646078061	0.00400790504646747	-0.002418272585189299	-0.001128336936758771	-0.0016693512523837236	0.001349653278617069	0.0005707141518792742	-3.42530646897627e-05	0.0017358937952921204	-0.0028051657627357813	0.0006704056080564236	0.0011563009459598192	0.002436634076898294	0.003965951253251742	-0.00039665702323195924	-0.0006214763281379657	0.0013727185408072599	0.0035420888855511442	-0.0020074279820188347	0.0010611099691177992	1.8598756589269907e-05	-0.00290735585620753	0.0007149301779134688	-0.0027824398642653865	-0.000945704034859276	-0.0007625946437569049	0.0010314642064880256	-0.0020743048765813495	-0.0029532305409492752	0.000848611851437798	-0.00031799036303430697	0.0007312499990430965	-0.001042836587510927	-3.340407933123481e-05	-0.000755726016971699	-0.0009147334163680642	-0.00037875357055875043	-0.0011810082628029947	0.00040603241406075353	-0.0	0.0	0.0	0.0	0.0	0.0	0.0	0.0	0.0	0.0	0.0	0.0	0.0	0.0	0.0	0.0	0.0	0.0	0.0	0.0	0.0	0.0	0.0	0.0	0.0	0.0	0.0	0.0	0.0	0.0	0.0	0.0	0.0	0.0	0.0	0.0	0.0	0.0	0.0	0.0
GB168	-0.1629672713596866	0.07615028931296171	-0.052681009148422844	0.015267119340738593	-0.01146741336009528	-0.0033430390756240126	0.006982872971613554	-0.016148409796746577	-0.0018952376903616716	-0.0007893094926397934	-0.0032796461922225523	0.007077538289196794	0.002557563752721961	-0.008181391170806827	-0.005285023771535175	0.0019676839500281794	0.007479555187946578	-0.005972676647032335	-0.002840667945298662	0.002924213661036648	-0.0029101146513968034	-0.004119551155532392	0.003455800464455886	0.0023872626069585054	0.002207275030522713	0.0002210388362972527	0.002210783899716344	-0.00010498813729428963	0.0034379799432333806	0.0018411122127123107	0.00022233058645801954	0.0001813719580800901	-0.00011551651860201601	0.00018804113597218648	0.00045214454592043735	-0.0029720745320885324	0.001419119703898976	0.0011799629976372342	0.003389075103212077	-0.0003066353871467748	0.0011437072818593606	0.0017413451149073493	0.0007536408187412748	0.0002842158829811277	0.0017006809736663337	-0.001537402880542835	-9.846117983509053e-06	-0.0003679229403157461	-0.002924707206266592	0.004380703828729887	0.004024368732965286	0.0004309148299901875	0.0020295515775942703	0.00021919393752902925	0.0012010783675654062	0.0036817950485630423	-0.0007791561798622024	0.0006777045782711263	-0.001845796606832837	-0.0037236691427877627	0.002764818126313489	0.0015544802114797888	-0.0005411366727139373	-0.000875147200211268	0.001905779250742276	0.0003585655064813366	5.6228437149252816e-05	0.0021163202506809557	-0.000713872733802886	0.001096646909165681	0.0008862550776376646	0.0014207410243209384	0.0003316886112642752	0.002031799152937921	0.001782576435682345	0.003469645613065598	0.002142671939729658	8.079516010545586e-05	-0.003152513776086745	-1.8469014650600044e-05	0.0017994485656205412	-0.00017427360773243704	0.0005101566161494967	0.00014441940225354258	-0.0	0.0	0.0	0.0	0.0	0.0	0.0	0.0	0.0	0.0	0.0	0.0	0.0	0.0	0.0	0.0	0.0	0.0	0.0	0.0	0.0	0.0	0.0	0.0	0.0	0.0	0.0	0.0	0.0	0.0	0.0	0.0	0.0	0.0	0.0	0.0	0.0	0.0	0.0	0.0
GB170	-0.07081054512403946	-0.02251326198273829	0.01114798987915284	-0.011147292952876172	0.016203318443343023	-0.01771692450298106	0.00033608752031260794	0.00471265611708259	0.003863242790052731	0.0043639918687248865	-0.004145047240516418	0.00041959577017110716	-0.0020529935077159443	-0.0024040184393711115	0.0067412192963276045	-0.0006625319401580703	0.0003148540982784363	-0.0011432174182560509	0.0009106568041791748	0.0047882580503318	-0.0006796508164785685	0.0012300655832323208	-0.00041495614747147065	-0.002643240646981681	-0.0016220562964962023	-0.0007284233448568829	0.002526785978605713	-0.0011617688836249671	-0.0006123771230618468	0.004976811811410803	-0.003184566224248495	0.005219641840413571	-0.0012644040476116425	-0.0005476780381436607	-0.0020270959678737577	0.0002978639363066473	0.001544151470716084	-0.0019986603398703187	0.0028963716707831057	0.0009807162288816272	-0.0004957167631021342	-0.000620787557253687	-0.003041925835071755	3.242726311104374e-05	0.0014747454686707792	-0.002799022469463733	-0.002084032733412772	-0.0006473147624637275	-0.00043086189872642216	-0.002061652926093733	-0.0027368708441640193	0.004792903809507718	0.0014443019963000091	-0.0005116882904289268	0.002095079089920291	0.0004559906658257716	-0.002374984418024734	6.590013843284756e-06	-0.001532960107867554	-0.0027391691008354434	-0.004970398325184568	0.0024366063987154856	0.00025128854523608974	0.0018089814650334773	-0.0015139293452010075	-0.0009586205209486607	-0.0008229591754446978	0.005182914370306791	0.0009046686152060724	0.0035048221924118593	0.0002961967931526331	0.0013385892439192225	-0.00020826189899644898	0.004219632492234444	-0.00037168151029714434	-0.0031316497305639403	-0.0006863629694841352	0.0008264514210828267	-0.000909654677458237	-0.0002176924525041676	-0.00034034095641342834	-0.00020985100494995518	0.0007142617539751396	0.00034355506685946306	-0.0	0.0	0.0	0.0	0.0	0.0	0.0	0.0	0.0	0.0	0.0	0.0	0.0	0.0	0.0	0.0	0.0	0.0	0.0	0.0	0.0	0.0	0.0	0.0	0.0	0.0	0.0	0.0	0.0	0.0	0.0	0.0	0.0	0.0	0.0	0.0	0.0	0.0	0.0	0.0
GB171	-0.006649418150706707	-0.09563242889897654	0.014914321733387534	0.019314014339304516	0.007223357226066633	0.01364338610747685	0.0034864108412594108	-0.004378871134431784	-0.009689608610907487	-0.006067143378195733	0.017389172245598772	0.0007229337174779772	0.009570589142836743	-0.00044376826670639285	0.0035253771003054962	0.005744768334646351	0.0013778722020846793	-0.006883321046016241	0.003734383456321857	0.0008125139631648841	0.004576456128929237	6.187715000364454e-06	-2.0278390434704208e-05	-0.004044215644990978	-0.0006704204906321151	-0.0036581836980091706	-0.0008646359006074384	0.0023785891678725973	-0.004567460731192097	-0.0031412474905868305	0.001237219386799758	-0.00025115311802457205	0.0010907821660926724	-0.0004015197221330351	0.00043002323831985113	-9.269377838820283e-05	-0.0008025223332457818	0.0032820598585468477	-0.00038484614610212676	0.000829011573421555	0.0014204030877976628	0.0002623058453468925	-0.00012933008869601292	1.1918463681226702e-05	0.0025400625204746864	0.0022486402090327166	-6.619597808906312e-05	0.0019081193362027586	0.00023764859845883267	8.910573518863499e-07	-0.0020598178288569443	-0.001715724125244751	-6.229274490908599e-05	0.0010768931303036854	0.0015272965498785273	-0.002059572314689046	-2.2898121432912643e-06	-0.0006687125295558855	0.00153071147131532	0.0021118909474159525	-0.0003913882589405477	0.002399674772031829	-0.001852207190379203	-0.0013620108728185523	0.0018839072728412153	0.0013854067847246811	-0.000757041384636314	-0.0004475350296342581	-0.0006691819751238917	-0.0004046878551951603	3.769662165726961e-05	0.0021644481024799505	0.000971141187694156	0.0004738433672915804	0.0005627683623918917	-0.0009374666158801095	0.0006113433367720205	-0.0013755542268255481	-0.0012498702078496248	-0.0009037637241710459	-0.0036288487454911146	0.0010938069571234785	0.001063910408235268	0.000913966361522631	-0.0	0.0	0.0	0.0	0.0	0.0	0.0	0.0	0.0	0.0	0.0	0.0	0.0	0.0	0.0	0.0	0.0	0.0	0.0	0.0	0.0	0.0	0.0	0.0	0.0	0.0	0.0	0.0	0.0	0.0	0.0	0.0	0.0	0.0	0.0	0.0	0.0	0.0	0.0	0.0
GB172	-0.008428501712494941	0.10291532241689526	0.04878991716072459	0.007100149274070873	0.02039273739126466	0.03313759573869065	-0.0006567301862713606	0.017799560560375047	-0.0018480861363017263	0.0006475018822032501	0.017340948997845333	0.015238666221617998	0.01211370426261378	-0.0008418399495037478	0.009684771843775251	0.014849759596614567	0.005062866198932989	0.0026773178000576636	0.01585056574766973	-0.0020060416327148754	0.002055785188526336	0.001872676334379772	-0.0013891987545225659	0.006134602238461923	0.0029941423622087855	0.00018371905035851217	-0.0022423242409462672	0.00040053276065547306	0.0010401747811400344	0.0008684288466239464	-0.0006340323354903833	0.0007003762082455951	0.0021067512388767504	0.0001677839460338031	-0.0010215920951643417	-0.0009698610128972724	0.0007254284789167016	-0.0018467928221821794	-0.0012773886875918079	-0.0014261381323852035	-0.0005219648647111627	0.0008780566391063203	0.0017086095476222017	-7.34409874830468e-05	-0.0002708871090431759	-8.84093062815771e-05	0.00046290857164178647	-0.0007340170048182465	0.000742170674921739	-0.0016193109934836223	-0.00058883564213685	-0.0002502062232138792	3.137436351054883e-05	0.0015786122812219568	-0.0006552737415002212	-0.0006364136908896403	-0.000626477632741813	-0.0003954698684042677	0.0001307184775106395	8.1031728948529e-05	-0.00017835588613979367	-1.131342589925044e-05	0.00019364149866925016	0.00014798608457308764	-0.0012009660900039432	0.00012357794636237696	-0.00034017910738687844	-0.00025749080774922827	0.0006823423238618342	-0.0005426878373842662	-0.0003824158793379186	0.00024604753761098573	0.0003226955226814342	-0.000552380092746574	0.0008410268002737167	0.0007996501562877018	-0.0002325302766732266	-0.0009100337969594662	-0.00021941826940988755	-0.0003658937038087123	-0.0001510440784653086	-1.2603735053340651e-05	0.0003094395038684099	-0.00037208123533631556	-0.0	0.0	0.0	0.0	0.0	0.0	0.0	0.0	0.0	0.0	0.0	0.0	0.0	0.0	0.0	0.0	0.0	0.0	0.0	0.0	0.0	0.0	0.0	0.0	0.0	0.0	0.0	0.0	0.0	0.0	0.0	0.0	0.0	0.0	0.0	0.0	0.0	0.0	0.0	0.0
GB173	-0.06834532978907763	-0.027213882890240272	0.011538224069323127	-0.011949183675385876	0.021345544779425525	-0.014750977334115147	0.005646834736204945	-0.009525483375397025	0.008276588880894383	-0.0012804558506735778	-0.0015952519558507996	0.010872679622311199	0.00043537079491844387	-0.005439767159260291	-0.005559496572036896	1.8048198334533896e-05	0.00037595786507650956	-0.003026352134643504	0.00035000086995202426	-0.0011578914128246671	0.00028494650965748967	-0.004820298067168531	-0.0026007292416449523	9.547357179566104e-05	0.00022261080732952516	0.003100898691755521	0.001518725701291567	9.281971347452427e-05	-0.0017412770034482723	0.0014492354146414363	-0.001834191321435776	0.0015204517443507327	-0.00026155874663405044	-0.0027828326978578204	0.0014692181619197836	0.00168763698478554	0.003229051577827539	-0.0009235466077309234	0.005206677326476188	-0.00020908367134662452	0.0012650877548310714	0.002150613719376864	0.003963727517501935	0.0002757664893236294	0.002474547029030645	0.00016932967992099396	0.002451879999018929	-3.646617970590487e-05	0.001184500784982707	0.0025796747012427354	-0.00021030923194367653	0.001680040625076298	0.001502616350300776	0.0063982114864091786	-0.0003946868806861985	-0.002671209701117462	-8.902262662190369e-05	0.0009758796362937995	0.0015251394475622741	-0.0017684768384702192	-0.00026519837657925245	0.005016772839479058	0.0010906688868603449	-7.893581618548362e-05	0.0004921528612238965	0.004727337247679206	-0.000757955851193414	-0.0011709334429458199	-0.002868467058149126	0.002136415063028094	-0.002276716822945397	-0.004831518322371881	0.003792735236220221	-0.0015199877063699313	0.0006087834890909312	-0.0017237198784197996	-0.0018600163627560526	0.0003050916595682901	-0.0009768133722121083	0.00015649612630725713	-7.770137058697997e-05	1.4963394584605367e-05	-0.0004928573272922675	-0.00023541131789451357	-0.0	0.0	0.0	0.0	0.0	0.0	0.0	0.0	0.0	0.0	0.0	0.0	0.0	0.0	0.0	0.0	0.0	0.0	0.0	0.0	0.0	0.0	0.0	0.0	0.0	0.0	0.0	0.0	0.0	0.0	0.0	0.0	0.0	0.0	0.0	0.0	0.0	0.0	0.0	0.0
GB174	-0.04788519410717529	0.12059210238970813	0.0308341335870064	0.03151530798916325	0.02110745270293037	0.03489483881884438	0.022004706991098934	0.0010743807183928927	0.018591191688321802	-0.006623987834257631	-0.01811078884923101	-0.008088830893091604	-0.009934185425226331	0.0007004909988315866	0.00531312321081633	0.014542114782190791	0.005436476971647735	-0.0029010669307782747	-0.002378632094936959	0.0007173752924586185	0.001941049902874231	-0.001620096074714443	0.002311254353573723	0.0026586956782965188	0.0015254212667552712	0.002818527992924586	0.0016185788572868997	-0.0012511015763403196	0.004756123899058699	-0.003123493641695322	0.0015614501452374206	0.0020892874658800654	0.0003573037284923008	0.0017335993455573752	-0.0029687266199614525	-0.004019243831594075	0.0034308525546581188	-0.004627838715003273	2.15672577064586e-05	0.0003771468380523636	-0.00034119120032841837	0.0016482952731174502	-0.00209533543407974	0.0015105174889759284	9.353269857075285e-05	0.00022601715308491954	-0.0002606480076455967	0.0002771350867883974	-0.00035171967629842114	-0.001449124335038158	0.0014577531562330033	-0.0007237409404123312	-0.00027465466228866433	0.0009022620707735325	-0.0013577780925703405	-0.0001440227593965148	-0.00030666684639337355	0.0001061124238652889	-0.0012747569901817558	-0.0009243572728368868	-0.0006713770632639726	0.0002649206349066581	-0.0009512525112596864	-0.0010407433980008283	0.0009596050387154886	0.0003307311543239401	0.001175283972910627	0.0023337134097866944	0.00042275775478245594	0.00023090065813358648	-0.00010436248683108987	0.0010815694409980656	7.466086117572059e-05	-0.0009801727254204842	0.00026603073763794416	9.152655907024392e-05	-0.0009693364981264389	-0.00061623801988908	0.00018155923871428432	-0.00036277097554472687	-0.0005330788890871403	0.0006070547127180649	-0.00017506367501443786	-0.0001786958655039741	-0.0	0.0	0.0	0.0	0.0	0.0	0.0	0.0	0.0	0.0	0.0	0.0	0.0	0.0	0.0	0.0	0.0	0.0	0.0	0.0	0.0	0.0	0.0	0.0	0.0	0.0	0.0	0.0	0.0	0.0	0.0	0.0	0.0	0.0	0.0	0.0	0.0	0.0	0.0	0.0
GB176	-0.031157195340780347	0.11951306870138641	0.03921488889606449	0.031048764571815036	0.01887532984964333	0.03119150056499142	0.015050971295916328	0.01536802058923502	-0.00047791367751873047	-0.0057102739691868585	-0.011414609860278818	-0.009817988541335374	-0.008289035473285473	0.002787131705170111	0.012991482671604604	0.003992945094668442	0.0070427065259804425	3.775358145905355e-05	0.00478652415793311	0.0066946282626727145	-0.005257438314066612	0.00756029929642445	-0.003854993775305667	0.0005768667438875295	4.869350005088618e-06	-0.0013217356101148455	-0.00023590586391773364	-0.0006265215450302941	-0.0019028428440567835	0.003705364363060086	-0.0020280844838557162	-0.003125131137230254	-0.002202930789729201	-0.0009554980647120852	0.0031956492098254513	0.004098079125548519	-0.004362378082836252	0.0050091953701438974	0.001096006981004577	0.0013007252075860026	0.0011279561600341787	-0.0015173349324051058	0.0012648776363762292	-0.0015394232922140824	-0.00042809635002960365	0.0010804954969102266	-7.313289990370837e-05	0.00039318546869051543	-8.214682425874377e-05	0.0021957465884982494	-6.350680913236308e-05	0.0010695974460910953	-6.985190749982092e-05	-0.0019641891783877064	0.0024037763460567395	-0.0003029751868943496	-1.477987526740957e-05	0.0006853114066977468	0.0011095214904509754	0.0004634101153644294	0.0008217981966881265	-0.0007906607810462809	0.0012625477631446579	0.001111999545100583	0.00010347937278239233	0.00010268857835458847	-0.0008621143039735072	-0.001772283872999222	-0.0003634286838963857	0.00030969714056334395	0.00044031331152646056	-0.0007409315682251127	1.9045961184998095e-05	0.001131212869898287	-0.0012670111284405945	-0.0005079586372911519	0.0010035605742230813	0.0011452723078560253	0.00014789321213028866	0.00024354489742728938	0.0009562040656212114	-0.0005196743021973309	5.949879970954872e-05	0.000337188062651671	-0.0	0.0	0.0	0.0	0.0	0.0	0.0	0.0	0.0	0.0	0.0	0.0	0.0	0.0	0.0	0.0	0.0	0.0	0.0	0.0	0.0	0.0	0.0	0.0	0.0	0.0	0.0	0.0	0.0	0.0	0.0	0.0	0.0	0.0	0.0	0.0	0.0	0.0	0.0	0.0
GB177	-0.10720109853813017	0.01904334127239192	-0.01083447176666175	-0.02385048583318603	-0.0018863429346694593	0.00409231324799796	-0.004134293546808072	-0.0008948826198676245	-3.6366304547109066e-05	-0.008185749245658125	0.007386306140857648	0.002289297272565222	-0.0041360025288249905	0.01172991592325164	-0.00309529239689624	0.00025985928770309603	0.002849921484352289	0.0013934765565351212	-0.002561245186702275	-0.0008772314135007249	-0.0038322152256625884	0.004616332136445649	-0.0007354559099581825	-0.0008736690276668332	0.0019194359745683266	-0.0021682853757148965	0.0021001063801700985	-0.0015630126242131507	-0.0009419088529700931	-0.0038697517095444066	-0.0012951256667769436	0.0014689762197189892	-0.0002734451050869247	0.005199608531247832	-0.00210902556829076	0.0003558514881553664	-0.0035225974661502496	-0.003789044970840657	0.005561246170671964	0.0014662364774004721	0.00047268319378027124	0.0006922306712464319	0.0011205412185210832	0.0004170623224525131	0.0003783502822326285	-0.0014859344824338003	-0.0005952309589963686	0.004795284002998991	-0.0009589612232025434	0.003257942535106052	-0.002078150473019061	0.001758715662603837	0.0032563813719151784	-0.0014604675824695529	0.0013778791286979055	0.0008333113360113779	0.003800018749009407	-0.0032921499250892173	0.005145316539149307	0.0035303704285428897	0.0030451340844547216	-0.0008991501726126877	0.003916514691642147	0.0025820622040272426	0.0026486728882734413	0.0008531497640071571	-0.0017218277691167332	0.0012326621664591653	0.0025140696262024947	0.00012680629712835263	0.0010648394912142931	0.0012047496300008663	-0.0014181131975028705	2.9499887288386593e-05	0.0019769309516881038	-0.0005795136434085399	-0.0012132052176806968	-0.0009356487916148774	-0.002188458086166784	-0.0003539569955236707	0.0011220290747584415	0.001308141262727747	-0.0009245497772874904	-0.0004755622779352016	-0.0	0.0	0.0	0.0	0.0	0.0	0.0	0.0	0.0	0.0	0.0	0.0	0.0	0.0	0.0	0.0	0.0	0.0	0.0	0.0	0.0	0.0	0.0	0.0	0.0	0.0	0.0	0.0	0.0	0.0	0.0	0.0	0.0	0.0	0.0	0.0	0.0	0.0	0.0	0.0
GB180	-0.07413783217328752	-0.01899771919828862	0.008458352937470754	-0.013652085468208381	0.014021461543056885	-0.016304587559264363	-0.0005238401935488176	-0.0003313036436261878	0.005932221287357491	0.0020264619573659645	0.00095571456226952	0.006759936238790311	0.0016149209793688115	-0.004133208240847826	0.004772438856872879	-0.0037940968428544566	-0.0022182806779170203	0.0001708386167227365	0.0006464449906503825	0.002460671124891912	-0.0017004914086331518	0.0016392694834529082	-0.0017178634281439283	-0.0012499306097990758	-0.0024950956885167706	-0.0006177841035141182	-0.0013943823838875444	0.0015671938951772207	-0.00037386445605357843	-0.001504357359945486	-0.0010965236980675435	0.0007177127824925486	0.0017555450097507437	-0.0030456359433867113	9.068928611021428e-05	-0.0018097572202954374	0.00022808768309626542	-0.0016769054395077273	-0.0009275931224928084	-0.001811286751512485	-0.005989484600573108	4.28158029848709e-05	-0.0006582715254042276	0.0007481650691416761	0.0026527702392857497	-0.0034466864970127855	-0.00081439897740547	0.0031491068220185145	-8.248789628363807e-05	0.00010730197154894842	-0.00228384596387833	-0.0047478726643641455	-0.0018139832873325444	0.004309554934732427	0.0018478042105760093	-0.0007593986101981019	0.006804913975659612	0.004972884348026617	0.0010652745286099476	0.002646929346089323	0.003451437479749868	0.0033543329396145197	0.0009634482177508988	-0.0002849685283768908	-0.001415959201095147	7.342916304788387e-05	0.0031093269891073272	0.0001316890809849715	0.002037170294992344	-0.0006548778528365733	0.001000276526776287	0.0013160566968807906	-0.0026530261338655052	0.0007774289789174577	-0.0012652155090582481	0.002756689146760671	-0.001331423076286147	0.0020919631185500613	0.0008519427581104521	0.0003490529491444777	0.00018034281966532257	-0.001676611431133629	0.0008295503537015442	0.0007255240787082929	-0.0	0.0	0.0	0.0	0.0	0.0	0.0	0.0	0.0	0.0	0.0	0.0	0.0	0.0	0.0	0.0	0.0	0.0	0.0	0.0	0.0	0.0	0.0	0.0	0.0	0.0	0.0	0.0	0.0	0.0	0.0	0.0	0.0	0.0	0.0	0.0	0.0	0.0	0.0	0.0
GB181	0.19726967760773378	-0.013615063558849325	0.08949273113101755	0.03435475399424525	-0.0039529635606373025	0.005786555802131595	0.004416968010642244	0.008532652632424888	-0.014849509928430895	-0.010348809234292518	0.005289998203197446	-0.0043664115317671014	0.019335129748924953	0.01445443807299858	-0.0033562693597753218	0.0067967389022055395	-0.006785044030324871	-0.005105620453405232	-0.00014900854059076143	0.00781815755302145	-0.005673148638079074	-0.0006782462375397838	0.00528288471391522	-0.003042384910769866	-0.006533333175266287	0.009723077832132474	0.006525044834450431	0.002073247996293369	-0.003864404274314544	0.0017682591882771234	0.006677050629856539	0.002606131359451454	0.000782686973215744	-0.004336211352207901	-0.005576254196938138	0.002081853114994554	-0.001170452508078582	-0.0004898869581521975	-0.00035911760590792713	0.0028390695313319173	-0.0021384119419010834	0.0013313265944676768	0.0003792433084500475	-0.0004458133656730859	0.00040231525526025655	0.0015696654558674647	-0.00015676098682272424	-0.00014147168562690817	-0.00013500591801874983	-0.0006541413870203575	0.0008018345481724921	-0.0013763112622776756	0.0004134537918140389	-9.346548393316902e-05	-0.0009286705650572757	0.00017963436311438342	-0.001592109153520067	-0.00036176669356562986	0.0006893014618137963	-0.0002897624129406067	0.0023113395354150638	-0.0006693321984693776	-0.0004581202686587438	0.0005195507562936179	0.0004515719274284603	-0.0005306209267492909	0.00046279626050825073	0.0003996797393972633	9.097259496865889e-05	0.00051668564152453	-0.0010614586807104094	-0.00013727955697309937	4.568222091647275e-05	0.000826871779724878	0.001362974104112348	0.0007304029127565892	0.00028124875387097856	0.00026761988346185307	0.0004164045150470974	-5.276608250416572e-05	-0.00010146556396890809	0.00012088806194356894	-0.00012133243687121666	0.000752345682091119	-0.0	0.0	0.0	0.0	0.0	0.0	0.0	0.0	0.0	0.0	0.0	0.0	0.0	0.0	0.0	0.0	0.0	0.0	0.0	0.0	0.0	0.0	0.0	0.0	0.0	0.0	0.0	0.0	0.0	0.0	0.0	0.0	0.0	0.0	0.0	0.0	0.0	0.0	0.0	0.0
GB182	0.03545312758112979	-0.07979898288296489	0.034245952855590255	0.026486641499386697	0.00819509364730376	0.03060240565866811	-0.0059010162857894245	-0.010784129241582842	0.011790367637469492	0.006415478821408192	0.008555343245911808	-0.013977998251104438	0.005783489631628911	-0.006346414049591807	-0.009766124122985807	-0.01979243081509126	-0.02146102924963085	-0.004383418297420622	0.010803917181943451	0.0025207092274752334	-0.0029896721762411585	-0.003970741623258726	0.00219024206897942	0.008152364594390013	0.002909991135556637	-0.005138752818101873	-0.002775993202525586	-0.0013843851389094648	0.00206317958799659	0.00122801267257379	0.0013464974721182576	0.00019739864789788733	-0.0002621677137959946	-0.002182684170044681	-0.001974557977134084	0.00020907383478508993	-0.0003808759112897459	0.0006142798182244501	0.00013689238754929873	0.0005758339600932451	0.0010357873900076655	2.363614992516895e-05	-0.000798540481170605	-0.0009184730382933925	0.0001122371146681329	-0.0006042485475356547	0.0002901952037330279	0.00017770111560590543	-0.0004961429070144517	0.0013345032277901738	-0.0005253249859827753	-0.00027460047953576055	0.0005460271208813001	-7.088181066083001e-05	0.0005998979484971354	-5.249003359793312e-05	-0.00018399289875902338	-0.00043564119982752	0.0006348109743207195	-0.00022383811889622112	9.975693779213966e-05	0.0003609169819698183	-0.00020134915436651398	0.00036634310649373396	0.0005059727028825612	-3.209821387716119e-05	0.00040549833403937506	6.839620120669836e-05	5.073750446163384e-05	0.00028717104450314246	8.83583702843762e-05	-0.000276130702929367	0.00039040934190869687	-7.023063672318599e-06	0.00017243661354428026	-0.0007822209041076083	0.0002915763328012898	-2.1906134897673323e-05	-8.435999826269375e-05	1.6548776699214603e-05	0.00024330510880891888	9.454832124300224e-05	1.4809769719547626e-05	0.00013919483555859048	-0.0	0.0	0.0	0.0	0.0	0.0	0.0	0.0	0.0	0.0	0.0	0.0	0.0	0.0	0.0	0.0	0.0	0.0	0.0	0.0	0.0	0.0	0.0	0.0	0.0	0.0	0.0	0.0	0.0	0.0	0.0	0.0	0.0	0.0	0.0	0.0	0.0	0.0	0.0	0.0
GB183	-0.046442364638706254	0.052699861159820116	0.02763432536947549	-0.010645467017958628	0.00902615262631057	0.026701699715748633	-0.015000059621309807	0.0178352121341326	0.040336220366873565	0.022027169639190356	0.013442782463877688	0.005837916460107196	0.015792842570110637	0.0004259498027225462	0.003495202283019403	0.0034466593029330223	0.0001939036367811832	0.002381681985304026	-0.006366782222391857	-0.003584647905477159	0.0015063407009412116	-0.004279228790944542	0.00021370419792832022	-0.0016644114645239926	-0.0016205764959035317	0.0007467971281065575	0.0024758436950193326	-0.0018346315571195094	-0.000508261269900151	-0.004557924696292475	-0.0022853089090030644	-0.001562477662873061	-0.001257388623697231	0.0015927080588571127	0.0003520642462245008	-0.0010221871075355292	0.00040825198741654907	0.0007403201721034915	0.003227545591766664	0.0023602278397433225	0.003020398667904392	-0.0006048632242047835	-0.003250633900879608	0.0002684622992188926	0.0013496709381046795	0.0016589223857327623	0.0009009952926109583	0.00022293467740171677	-0.0012233125397839856	0.0003048989556827719	0.0003051236836650693	0.00013385704672158342	0.0001783646810359468	-0.001307115076679203	0.0016851808815794083	5.768276509409808e-05	-0.00020722619621791103	0.0014521781304832504	-0.0010475557247275867	0.0003967400350633571	3.641475803081615e-05	-7.953246165178883e-05	0.0008997424233026952	-0.00045450706933754183	0.0025753408619177184	5.3709511721491885e-05	0.001484269056402595	0.0013960436740190296	-0.0008632734148881471	0.0007530377509614452	0.00044246698007918705	0.0002562466875765223	-0.000617026816838887	0.0004504207240754423	-0.0013765458358646683	-0.0008120368374660728	-7.919348086684591e-05	0.001495600569404433	0.0006298733334173563	0.0009136278552291067	0.0001596295647025712	0.00048187186228389244	-0.0002665062686074456	-9.28319777722301e-06	-0.0	0.0	0.0	0.0	0.0	0.0	0.0	0.0	0.0	0.0	0.0	0.0	0.0	0.0	0.0	0.0	0.0	0.0	0.0	0.0	0.0	0.0	0.0	0.0	0.0	0.0	0.0	0.0	0.0	0.0	0.0	0.0	0.0	0.0	0.0	0.0	0.0	0.0	0.0	0.0
GB185	0.08056445098473178	0.01761550026367865	0.07715666521693812	0.017009373745118506	0.030944304958500007	0.007658483486671692	-0.004640812681082356	-0.010130434301764297	0.0024689889950536992	0.003544231398902269	-0.01432755350702504	0.008293818583852006	-0.014671249968195221	-0.00369765171789491	0.0014900154798865952	-0.005306423308259247	0.01454387743445798	-0.004483857796504864	0.004131381939224869	-0.010583439840870207	-0.004735197243075867	0.010365667283995489	-0.005231135265729851	0.007524817336842007	-0.0003448283930537456	-4.0185034449680165e-05	-0.002823190072967532	0.00020345075820860743	0.0012024473539242854	0.002360703557533816	0.0003772488428604835	0.0024974365109590294	0.0024861926268697483	0.001490306968521536	-0.0020774223952899694	5.380695233734645e-05	0.00012275090665201684	-2.800749047387289e-05	-0.002971119034643689	0.0012872043742175147	-0.0011323153363274813	-0.0001379801230800216	0.0018353145285197286	-0.001399472385000438	0.0033278521390466215	0.0003383977668036302	0.000422261025344392	0.0011097489195932774	0.00031777651963740014	-0.0004100689525357043	-5.612806185303265e-05	-0.00011102237652335375	0.00127323331807885	0.00010805265495653001	0.000617712771433259	-0.0009030442432931663	-0.0017060432095131089	0.0008778005364802232	0.0005835797713946784	-0.0006988260505773295	0.0013169004815689817	-0.0013565065676296663	-0.001212603851138373	-0.0003228148834108879	-0.00027602330639620184	0.0002910168540501176	-0.0005033543849940658	-0.0005959612811292517	-0.0008647250558742976	0.001029206614809167	-0.0004308035619431624	0.0012378466760564978	7.169576644180208e-05	0.0004934141456390924	0.0007191610810680334	0.00047083233645860693	-0.0007331537290035342	0.0003190547555326595	0.0007776130674481815	0.0007684707436606663	0.0003040529250367049	0.0007190006035326651	-0.0005288025828805104	0.0004885352725121233	-0.0	0.0	0.0	0.0	0.0	0.0	0.0	0.0	0.0	0.0	0.0	0.0	0.0	0.0	0.0	0.0	0.0	0.0	0.0	0.0	0.0	0.0	0.0	0.0	0.0	0.0	0.0	0.0	0.0	0.0	0.0	0.0	0.0	0.0	0.0	0.0	0.0	0.0	0.0	0.0
GB188	0.003502009951029816	-0.10442177797765585	0.016524418504745862	0.019857676554290927	0.0012828220637340908	0.00861871874137403	-0.0027016882437961125	0.012665595137823638	-0.015485806461148156	0.008625003952470298	0.015945893664649304	-0.0025043758134327024	0.00845048604984959	-0.001347279459191209	0.005399257566375753	0.004033494247703915	-0.0025394615713370127	-0.0031846543585841774	-0.002460015741167506	-0.0002176647547531649	0.003695699961364493	-0.0012570252897554932	0.0010072510200465942	-0.0011169060047329198	-0.000533116030204715	-0.002192497333241243	-0.001411828588818001	-0.0010253157007067749	0.0019071917282913078	-8.443390072742148e-05	0.002648526662570121	-0.004404280381241456	-0.0010581861983854559	0.003254571850722361	0.0005045477155705533	-0.0020560661988254167	0.001589950610532799	-0.00031812821446106695	-0.0004629760278242307	-0.002414650329468149	0.0025490896687183295	-0.00018999790883083995	-3.2617016170091677e-05	-0.000524594252223771	0.001055006077172823	0.00043075228463188513	0.000755564818967003	0.0009394888326504212	0.0008768747909524764	0.00040079764369407937	-0.0035448410686898246	0.0005694643051411306	-0.0022709145347077154	0.0004690557083915307	-0.00039936359191358	0.002321725349987162	-0.001925854026386355	-0.0030966174801369734	0.0034764823047392793	-0.0026550833939002873	0.002108292442438665	0.003539193717368615	-0.0009818556709821498	-0.001103858029484553	-1.9475560320053128e-05	0.0003684075065447941	0.0005262424748410824	0.0010774335880686598	-0.0018496869649916867	0.0009740137061539346	0.0017313450311818137	0.002624703591032864	0.002892426081897941	0.0004305132298632548	-0.0006421566583384615	0.0013739605723845384	-0.0015163649779063248	0.002458289810480265	0.002560162191941865	0.0004848930577401193	0.001958984903279665	0.0007935493955046859	-0.0008027921195153441	0.00048754359902948336	-0.0	0.0	0.0	0.0	0.0	0.0	0.0	0.0	0.0	0.0	0.0	0.0	0.0	0.0	0.0	0.0	0.0	0.0	0.0	0.0	0.0	0.0	0.0	0.0	0.0	0.0	0.0	0.0	0.0	0.0	0.0	0.0	0.0	0.0	0.0	0.0	0.0	0.0	0.0	0.0
GB190	-0.0879179632343803	-0.0029388523906372223	0.0026834166333623505	-0.016992852888057172	0.009981042082459306	-0.008075345164713851	-0.002831557956396818	-0.0007013872456541906	0.002863413793541737	-0.00271415567995176	-0.0018676318631824563	-0.008537989965617979	-0.012327547300656386	0.01258743221984787	0.010676348824781596	0.00735705561124824	-0.004086197420515531	-0.0003276090337936524	-0.003607554930681502	-0.00036769352019546065	0.004048151368278025	0.0011146826015640562	0.0035721276899260447	0.0013162697960243967	-0.00233259554594312	0.0002614728716283318	5.349176730465318e-05	-0.00379969071058253	0.003391246901698488	-0.00030400054686633533	0.0017118268542371108	-0.0007681936774739715	-0.0008732378404809831	-0.0006604423216997928	0.0035612178154285205	-0.0025067277848062216	0.0007579935635593641	-0.00282323292527507	0.005108857393122401	0.0040887272869836394	0.0011539001890953898	-0.0010534788114721077	-4.019345471879431e-05	-0.0015862307447986894	0.0006012613881876183	0.0034755884740983356	0.0024073549166087438	-0.0020487056388195763	0.002487452920437044	-0.0019467612583853428	-0.00014579663283032068	-0.0021549563495899234	0.006086562925624815	0.0007211013075750201	-0.0009597440724878477	-0.00022909657975719514	0.00039652024722408477	-9.454198274240938e-05	-0.00024356514566427259	0.0008496766558508911	0.0002436524679768003	-0.0023457101391105083	-0.001635023862632565	-0.0014017940128394932	0.0008251865577178853	-0.002155368734846063	0.0031509725543611786	-0.000513760767745467	-0.0018020206562441483	0.001765888038839638	0.0026089064121366883	0.00031645950475719074	0.0005035210575213178	0.000603861648945894	0.0005731091906368166	-0.0012972790186169649	-0.0017597615162529075	-0.0017198194062200951	0.0004233057297636525	-0.0020145119609793166	-0.0008065845073783717	-0.0012829173584789637	0.0002512942731053473	0.00038856468603432027	-0.0	0.0	0.0	0.0	0.0	0.0	0.0	0.0	0.0	0.0	0.0	0.0	0.0	0.0	0.0	0.0	0.0	0.0	0.0	0.0	0.0	0.0	0.0	0.0	0.0	0.0	0.0	0.0	0.0	0.0	0.0	0.0	0.0	0.0	0.0	0.0	0.0	0.0	0.0	0.0
GB191	-0.13920810145491716	0.05367550322405022	-0.03416273484435969	-0.012017244055386693	-0.009756769639812167	0.011513258158354165	0.007005400607795842	-0.006344029929037837	-0.004313294798969081	-0.010877312661691901	-0.003744661032766139	0.0044801922165261104	-0.0007520779613369246	-0.001222428421348799	-0.002994357217725673	0.0020750841159469227	0.002309824411982547	-0.0002791627312704802	-0.0015736402749233196	-0.0006084554166554012	0.005558976434441223	0.0017529001687585522	0.0011564996454777063	0.0021447377171878164	-0.0010607489401535484	-4.700005771231323e-07	-0.0007742823660884356	-0.0030155958605337977	0.003588713598932411	-8.714118662304605e-05	0.0019460602538466586	-0.002449647174733775	-0.000768236977888175	0.0011351444655063937	-0.006487252750617252	0.0047960799640286746	-0.0023296948434673604	0.0014917010705974758	0.0007010219327877043	-0.006391271044290899	0.0010567275082411804	0.004337491502040832	0.004250693654900531	0.0015961129481038784	-0.003385138537123479	0.003689181388275461	-0.0040615447070492024	-0.002049496487496164	-0.0009118706704502412	-9.77960047732578e-05	-0.0008379983523548932	-0.003471997173964738	0.006217574137646277	0.00026052693319737383	-0.0041845396811242466	-0.002902174948781779	0.0015218251746701385	-0.003416813604964902	-0.002696098602837387	0.0019040045821280063	0.0013822293965256238	0.004299635432688934	-9.628360324186767e-05	-0.0011466436328632006	-0.0003433870205683964	-0.00267465136331254	-0.0018350051001779083	0.0012511043395974355	-0.0007812980988288036	0.00010204499397420556	-0.0017593681541245973	0.0011026137333705892	-0.0014047938775412344	0.0003300137919913974	-0.0031981012301136678	-0.0012352506744959695	-0.0016221353519617386	-0.0012906306598423594	-0.00010802475474064877	0.0015893013501553704	0.0004985630719899185	-0.0004895643853733146	0.00021815849096991444	0.0003405279591025845	-0.0	0.0	0.0	0.0	0.0	0.0	0.0	0.0	0.0	0.0	0.0	0.0	0.0	0.0	0.0	0.0	0.0	0.0	0.0	0.0	0.0	0.0	0.0	0.0	0.0	0.0	0.0	0.0	0.0	0.0	0.0	0.0	0.0	0.0	0.0	0.0	0.0	0.0	0.0	0.0
GB192	-0.14470672331053566	0.060101070675717676	-0.03881067225800753	-0.00036055174913630835	-0.01693491134244868	0.0024079627322331123	0.0024798308636295985	0.0044357412761701145	-0.008319340070106228	0.0005118487491396098	-0.002425243768616821	0.007224283798100828	0.0114090836259402	-0.011126413341461604	0.003546548806348506	-0.006917335867380586	0.006680977608625368	-0.0007776190501453074	-0.001317524386767383	0.0039042843857586833	-0.0020197564445954426	0.0012031567943001646	0.0015922536922655787	-0.0013851625071906628	0.0003042857269130556	0.0018592434739026016	-0.00013651172156587036	0.000418389309332319	0.0022761188706805833	-0.00038606755212694754	0.0034882760708316715	0.002175917338317624	0.00886119638243024	-0.004080836215580601	-0.0005539864272169833	-0.0024830408916108153	-0.0015832071488899372	0.0009102336636396205	-0.00026422824153265735	-0.00474580025266031	0.002239114973416329	0.00026906064020959324	-0.004400559803306365	0.0008170312640319756	-0.0014607061743179255	0.0006317260561719613	0.00366683941425982	0.0007679502980821487	-4.937621539572345e-05	0.002961408736889273	0.0018861217418509755	5.166237216236506e-05	0.0011407919539432162	-0.001403336594523272	-0.0004894236913702456	0.0020544140768309726	-0.0013885275068762982	0.0006953441694216196	0.003407042539670826	-0.0001607009475592045	-0.0032725689800253656	-0.0002140609737479187	-0.0020628689424368745	0.0012435184669129869	0.0010063812458004037	-0.0018038906956923467	0.0010707799835085875	-0.00335223389980947	-0.0008356576769631631	-0.002558112583280731	0.0031561724970522688	-0.0008489253046677748	-0.0006102466100018842	0.0005796040794299655	-0.0023492970900597285	-0.0014453451742345634	-0.002047008772025007	0.0001463428082254806	-0.0029207689248468825	0.00040903427485201264	0.0001774060902224984	0.0005965157502357153	0.00013999266658688584	0.0005937246682413882	-0.0	0.0	0.0	0.0	0.0	0.0	0.0	0.0	0.0	0.0	0.0	0.0	0.0	0.0	0.0	0.0	0.0	0.0	0.0	0.0	0.0	0.0	0.0	0.0	0.0	0.0	0.0	0.0	0.0	0.0	0.0	0.0	0.0	0.0	0.0	0.0	0.0	0.0	0.0	0.0
GB99	0.14491565646031684	-0.21392613467451327	-0.017532123322867205	-0.020256967993188765	-0.05659884969882767	-0.025457319001990893	0.002469897050997063	0.0012365870882063458	0.0025339931389532356	-0.0026270149350423864	0.005435255352182734	-0.008040517043900417	0.00947008994651692	0.008297212513331336	-0.003064525470350382	0.005813853674069376	-0.006598947123965808	0.0012119203599657408	-0.0066564227856516665	0.0068583757040333185	-0.012463613389910536	0.008404336745912707	0.0012430781221882813	0.003376451628123983	-0.005172550699578882	0.002020659462400095	-0.005976321227748871	0.00012924645728559832	0.004159123994531189	0.0006539541070188202	-0.0020760358150039163	0.0030843286392101535	0.004394022249231989	-0.0006397944010928312	-0.0027297733769981727	0.00036210217458138147	-0.0002154252350249491	-0.000585962041926697	0.0003032479632048049	0.0014238595494500187	0.0016436428053795272	0.00024528945680060823	0.001522332010967845	-0.001434275903908481	-0.0001877731084870143	0.0013631766541182156	0.00013788577120279352	0.001305974682816139	0.001427903288627949	-0.0017827708797690778	-2.9600733218755633e-05	-0.0015129901333402033	0.000402897983219718	0.0003123830835317815	0.0005212451336351494	0.00048749409905894496	-3.462094099758341e-05	-0.00024707121507902785	0.0014591531242657317	-0.0005769491581594664	0.0004637324495078647	-1.2402591612241563e-05	-0.00021463360493100588	0.0019380429037316423	-0.0016303483112484229	0.0018976444000222018	0.0016663165330501111	0.0005415872340507193	-0.0013836025355981544	0.00025450308941308067	-0.0005321450527380318	-0.0004479957627977949	0.000910414106370528	-0.0001529784429294287	-2.2630729985639497e-05	0.0008278621218494604	0.0010553157836355716	-0.0008788322218517997	4.7033882548552836e-05	-8.442044990700307e-05	-0.0004108588493827828	0.0006038530863576774	0.0010769099642799083	0.00021051159742760866	-0.0	0.0	0.0	0.0	0.0	0.0	0.0	0.0	0.0	0.0	0.0	0.0	0.0	0.0	0.0	0.0	0.0	0.0	0.0	0.0	0.0	0.0	0.0	0.0	0.0	0.0	0.0	0.0	0.0	0.0	0.0	0.0	0.0	0.0	0.0	0.0	0.0	0.0	0.0	0.0
GCDF193	-0.14431260831211198	0.05921722522223335	-0.037571629298913334	-0.0010882007932773911	-0.015949140648675166	0.001172752018509081	0.002882427658240686	0.009631812632919673	-0.008089312796470582	0.0010610886971993765	-0.0057853461186777215	-0.00030895076910901297	0.005246767067772276	-0.005911865619294724	0.006434623605856751	-0.0027362384978169203	0.0008944690383903554	0.001826430577721448	-0.0038312690484285073	0.00023189965885309576	0.0009155881942571267	0.002681040059753984	0.0014724228037697698	-0.0033223246158483096	0.0008992726112704018	-0.0029659643488237067	-0.003056233621269787	-0.0024415097580836272	0.001315285865725238	0.004140709866634948	-0.0009935917200857227	-0.0011214568555088448	0.0007810125229866913	0.0026012902723359876	-0.003993844109913611	0.005038195350614199	0.006178804010517388	-0.00045867505252616557	0.003730657525717018	0.0011412059675069406	-0.002690022963500419	0.0018459867095153056	-0.005616424517890369	-0.003948787230017507	-0.004763544820073907	0.0032490769420004503	-0.003792275522324676	-0.001882410149552099	0.00785746144758655	0.002912793334784175	0.0015128770735171571	-0.0008357893757017388	0.0019619850764275738	0.001791387142546209	0.0017847934259895013	0.0006508452468069336	0.001879794418258387	-0.0006279182603400672	-0.0001037951846718538	-0.0002837462544192493	0.0015864674158768924	0.0005116583051653468	0.0002979388451305103	-0.0013302924513503797	-0.0021935499801512357	0.0022242358759728457	4.327550052007986e-05	0.0011969634489491841	0.0018727005862745393	-0.003220526884066208	0.0009841154334344912	0.0005932534608070642	0.0017720115332463407	0.001250787651297266	0.002659635760694438	-0.0011004496373566005	0.002118079725872929	0.0013130419408133357	0.0009794297310293412	-0.0011135788966037694	-0.0005265247398879985	-0.0007495973765292875	-0.0005933553448430164	-0.00037707066136668377	-0.0	0.0	0.0	0.0	0.0	0.0	0.0	0.0	0.0	0.0	0.0	0.0	0.0	0.0	0.0	0.0	0.0	0.0	0.0	0.0	0.0	0.0	0.0	0.0	0.0	0.0	0.0	0.0	0.0	0.0	0.0	0.0	0.0	0.0	0.0	0.0	0.0	0.0	0.0	0.0
GCDF195	-0.10496857389355364	0.017904163748430412	-0.005460352924785236	-0.025485106546821804	-0.00024418956942588287	0.002568462567701058	-0.00623654203998658	0.018045632591570104	-0.007071354643345436	0.0021403347422775322	-0.002083840648459867	-0.009543291207078749	-0.008787386116012357	0.012503791944112112	0.0022550323569845393	0.00676699210693883	0.0007636834488155413	0.001810235102956856	-0.0039727623974778765	-0.005094979866049662	0.0002289604091312878	-0.009686049939838704	0.0028834790479098263	0.0029877353319850597	0.006008554443734105	-0.0023627928299311575	0.0009478975372795256	0.020560464815767076	0.008355397296375373	0.0014663837832376246	-0.004064294440305511	0.003048434372068807	0.001169853768717492	-0.001947737137926205	-0.003625581176965776	0.004487268078745624	0.0019715265237722004	0.002037940522605236	-0.0032144692735595858	-0.0006906474808833351	0.00029278234197881197	0.0021846376824681533	-0.0009744507223730464	0.0021557904071341353	0.0013398642346220259	0.0013070713747705247	-0.0023800996868275906	-0.002686851716058959	0.000261187730119548	-0.0009813481174683507	-0.0015825255091029009	-0.00230493814005501	-0.0002868939313149193	-0.0025802731169576234	0.003910225235775543	0.00028725718494713895	0.0011096674584886224	-0.0006858303794801356	0.001892763298664879	8.34316507375117e-05	-0.0016273335950110048	0.0007741732790462363	0.0009010259217225582	-4.455322315424768e-05	0.0010926891366780358	-0.0023653364814810837	-0.00012674491718255273	-0.0001961697414167582	0.000781551852888868	0.0016431173059097536	-0.0006561474920853945	-0.0010927518052478737	0.0005082135042949988	-0.0010400363337196954	0.001301671882684223	1.130700229473749e-05	-0.00023355582940719048	0.0015617176560105287	-0.00014760241612033867	0.00040745813910794736	-0.00023996208821110019	0.00032186892820792166	-0.00023813277934390766	0.00016618637105535124	-0.0	0.0	0.0	0.0	0.0	0.0	0.0	0.0	0.0	0.0	0.0	0.0	0.0	0.0	0.0	0.0	0.0	0.0	0.0	0.0	0.0	0.0	0.0	0.0	0.0	0.0	0.0	0.0	0.0	0.0	0.0	0.0	0.0	0.0	0.0	0.0	0.0	0.0	0.0	0.0
GCDF198	-0.11905494716773689	0.0321677655171824	-0.019490107454744103	-0.021317078393893567	-0.006414588860923281	0.00817763609331138	-0.0008513826040812338	-0.0024937198185594864	-0.0026168927841553565	-0.009323177515655316	0.007530734886218124	0.007845694807579136	2.875881998188248e-05	0.0023700440703910038	-0.005335649801739142	-0.001019244239532647	0.005858633859035216	0.001968283768422765	0.00017404313707935698	-0.00016159946295875524	-0.00017635720686676504	0.004285487688708506	-0.0009333321685198697	-0.003925078275744639	0.0013222925508507494	-0.0015529127703497142	0.002126813079473205	0.00033689295559921595	-0.0016346326398845418	0.0033812645496048097	-0.0015857586549539468	0.0017268015102986074	-0.0015986441835755714	-0.004392086994078579	-0.004025335200780512	-0.010426374083879659	0.0067453803292357225	0.003004292186457259	-0.0021315316080842885	0.0009241895758485405	0.002126279994604137	-0.007500989760834343	-0.0028084493974118415	-0.00503732901868537	-0.002389654108610545	-0.0015758851810619015	-0.0033733417134280477	0.0028147174149788412	-0.0022330247306850265	-0.004810689125528222	-9.037491196152402e-05	-0.0006971430262282793	0.0024413357786678136	-0.0017617546483372915	-0.00043236469360239906	-0.0006532824030783647	0.00017969906568786898	0.00042926296105291696	-0.0029469417971027356	0.0019580910072755685	0.001249119495595684	0.00015388026335542737	-0.0011189499262427808	-0.0004974519257875693	0.004507255224493052	0.0012626514706662038	0.0004479980970807126	-0.0014719404005085121	0.00048472080503069565	-0.001893688053566287	-0.0012869402133511764	-0.0008901752760789274	0.0025256608650664164	-0.000264743936062924	0.001479341124802129	-0.0016608764376316726	-0.0003355837337408775	0.00031755067523524136	0.0011033600337853075	0.002378420193222684	0.0009844705738847488	-0.0001873257111270071	0.0003273376046220862	9.775944970598946e-05	-0.0	0.0	0.0	0.0	0.0	0.0	0.0	0.0	0.0	0.0	0.0	0.0	0.0	0.0	0.0	0.0	0.0	0.0	0.0	0.0	0.0	0.0	0.0	0.0	0.0	0.0	0.0	0.0	0.0	0.0	0.0	0.0	0.0	0.0	0.0	0.0	0.0	0.0	0.0	0.0
GCDF199	-0.03160087644949624	-0.06881614486609819	0.0169648669961585	0.012185707984853756	0.01697365536946314	-0.000769607159473661	0.01209122262116793	-0.006169088451592966	-0.0039328040381189444	-0.01308463573723545	0.000812444152627407	-0.005778027646068892	0.007692377634487541	0.0024348712024427764	-0.002731136372737799	0.0013415473550284808	0.00622365500951114	0.00047839822419127253	0.0015888378477100862	-0.0015276816304101862	-0.00207896432503636	-0.0010370914698952965	0.0005710569361253975	-0.0005574832230677696	0.005103134514806747	0.0005562508567747838	0.0004449500958691545	-0.0006637858136586229	-0.003982891570517356	0.0005024052934414295	-0.002679737754012879	0.005736991310317672	-0.0006927194014012623	0.0023359661858248955	-0.002803235646682137	0.00016503345229380983	-0.001798624228285672	-0.003063424208502217	-0.005575007651127909	0.0062671628866044216	0.002418130848918314	0.001862310994285449	0.004440740742267864	-0.002792480594779115	-0.004825206860274457	-0.002261409391032775	0.0012146144090195215	-0.004444468754451589	-0.0033352157452207144	0.0013189430987425163	0.0018474284893286405	-0.0024332642488498982	-0.0008491889671885804	-0.001954653741822352	0.00046873624931035034	0.00010139073037219808	0.0018718739248115841	-0.0033675970288096733	-0.0003254912492001428	-0.0029385333372921934	0.002916044495124466	-0.0008960835278255054	-0.0006980121814497588	-0.00043379779240983066	-0.0020524938349987336	-0.00022384082184047778	-0.00029300466936923883	-0.001165562332357046	-0.0016780134335109918	-0.0001931695592283708	0.0034853524710510356	1.2071072676304563e-05	0.001798032641031516	0.0019265247438663804	-0.0011138842891529244	-0.00012085089435607997	-0.00045721706791833686	0.0007063327633514955	0.0006227337671243586	-0.0006946078433701196	0.0005561294517512471	-0.00048727399415643045	-0.00031686233532143176	0.00035148295639468916	-0.0	0.0	0.0	0.0	0.0	0.0	0.0	0.0	0.0	0.0	0.0	0.0	0.0	0.0	0.0	0.0	0.0	0.0	0.0	0.0	0.0	0.0	0.0	0.0	0.0	0.0	0.0	0.0	0.0	0.0	0.0	0.0	0.0	0.0	0.0	0.0	0.0	0.0	0.0	0.0
GCDF200	-0.11022934690824203	0.04986841415900834	-0.011847275769995225	-0.014268827003739824	-0.003138796665049484	0.021441299373755177	-0.002961106420551444	-0.0023445003433543816	0.01023106951868149	-0.002539700000249147	0.0015799441745296488	-0.00858743500680527	-0.0025089781797078053	0.00011301487992842162	-0.005722375963981318	-0.007054897198126765	-0.007527305349502018	0.0056817318234465616	0.009174667426437251	0.002878443258340335	0.0010120147510962354	-0.005474121410856102	-0.008269723002949576	0.0005728277615403427	4.0764129236275576e-05	0.0060956552548905255	0.002222212391283836	-0.005765646344217788	0.005249786342651713	-0.0018580470386547322	-0.00421800681893036	0.0019833471819184698	0.003289160032507435	0.0031426957477415644	-0.003125613772291982	-0.000562801685919409	-0.007010366947741138	0.01010491028626541	-0.001554249746845358	0.002386645839637934	0.0015851974442478134	0.0015100944785391625	-0.0019405561897240945	-0.002887089410329001	-0.000273755710048577	0.001468461189435704	0.0007313044588353666	0.00023513373866690303	0.003945141747200249	-0.001961677968585011	-0.003625835527126962	-0.0018064399667744482	-0.0018110959886411453	0.0013116870593656276	-0.00208007533974352	-0.0003993094864077687	0.002061836494465139	0.0033962692050629557	0.001682398865692564	-0.001784254100011557	0.0021192358915937187	-8.027267413816353e-05	-0.0024534836109007144	-0.0004433036199107585	-0.00040089593368056734	-0.001456279037464835	0.0008344954012398954	0.0010760975841218666	0.0018090668256354892	0.002403980658713985	5.795988448556062e-05	-0.00018671793024757215	0.0012155906240719156	-5.0422575948509594e-05	0.00026635047648758577	-0.0010149108776528672	0.0010900941403524927	-0.00017413876733893602	-0.001216450385804071	0.00011743519467990104	0.0008019000727016316	0.0002707499327508374	0.00018630364370804728	-0.0009131369702688886	-0.0	0.0	0.0	0.0	0.0	0.0	0.0	0.0	0.0	0.0	0.0	0.0	0.0	0.0	0.0	0.0	0.0	0.0	0.0	0.0	0.0	0.0	0.0	0.0	0.0	0.0	0.0	0.0	0.0	0.0	0.0	0.0	0.0	0.0	0.0	0.0	0.0	0.0	0.0	0.0
GCDF203	0.0301800131257653	-0.13095904012397278	0.008865851021499137	0.019989408108697364	-0.011064868723023554	0.01642197928162045	-0.0058892704197853075	-0.01239747541338421	-0.005765755767524152	-0.0022372908129675464	-0.0011564497051650905	0.01758878670490645	-0.017418833909882733	-0.004476740263332723	-0.001825614613664478	3.424324770600138e-06	0.0025276744136660738	0.0046241886164907755	-0.0011764007094073232	-0.0044418264454575505	-0.0032406096487392223	-0.0010601852480871302	0.006689967279019025	-0.002526177215757657	-0.0020717874676549433	0.001232467981087251	-0.0028437374525006956	-0.0007341167858613974	-0.0032164618208482044	-0.0007681397603650771	-0.003082628634962543	-0.0010674377274440228	0.0014959309978995164	0.004756045486578283	0.0007130917255955874	-0.0036936144937870755	0.0010867391819849269	0.0019181322526741972	-0.002839863662909264	-0.0020400977690831976	-0.0002741488469940723	-0.0001363048991931584	0.0005303961666250181	-0.0024252884941010438	-0.0018365210772218643	0.003474838579897805	0.0026065498220183385	0.0012325875398537679	0.0015378817653240084	1.0148863978566546e-05	0.00025329435420372916	-0.0021588145561868663	0.0011171536866058024	0.007287460124039078	0.00487035496085039	0.0005764569515800352	-0.0034818781008383822	-0.0015580241251291422	0.001050619629913803	-0.0015180238781206563	-0.0014439899850493773	4.761708191464256e-05	0.002167371735854397	0.002028145895174396	7.600958310565466e-05	-0.0018992565536046038	-0.0021351677059537645	-0.001734483161136521	0.002746428510820154	0.0011817397374524448	-0.0007677847677754561	0.0008576544343249552	-0.0008920867574910809	0.0005665308365004221	-0.00011202633270267627	0.0003149735824675095	-0.00016186306609262247	-0.00045254481182594055	3.096506486509903e-05	-0.00010304177680056573	0.0007148835881116948	-5.7119987649025985e-05	-2.5964795446617555e-05	-1.754624767951681e-05	-0.0	0.0	0.0	0.0	0.0	0.0	0.0	0.0	0.0	0.0	0.0	0.0	0.0	0.0	0.0	0.0	0.0	0.0	0.0	0.0	0.0	0.0	0.0	0.0	0.0	0.0	0.0	0.0	0.0	0.0	0.0	0.0	0.0	0.0	0.0	0.0	0.0	0.0	0.0	0.0
GCDF204	0.3569934422877915	-0.3856413130681504	-0.21841326993410687	-0.0025949155385070104	0.04128583911927486	0.002022033719947635	-0.02655140062231676	0.03330790025241088	-7.079302318510494e-05	-0.004457448801894115	-0.003790821448220716	-0.0065689845194741225	0.0040871703671132185	-0.002598748116701699	0.012404198830709638	-0.004297563520697218	-0.0022083237215212684	0.004148675581984953	-0.0008410582787951503	-0.0004256753774421318	-0.0022284360244404196	0.0020763275858657914	-0.002272897542012882	-0.0017412938835108965	-0.00018700819306077815	-0.0008909635246690041	0.0025567381871999762	0.0009227583489632059	-0.0005478378469520783	-0.0009304542248744773	-0.00011706810475355677	0.0006507974432562101	0.0005347605405699458	2.1356680963492753e-06	0.0005281892818484163	-0.0003702363393015329	-0.000803494086662099	0.0007556702352240582	-0.00017604291946696037	0.0006828017611058329	-0.0016480333596005253	-0.0006231367702232298	-0.0009679977814063105	-0.0002442223065161643	-0.0007074684323620576	-0.00029644828784733434	0.0005709720387459937	-0.0010423353716544695	0.0002810925978658747	0.00081339493170239	-0.0005544536611638779	0.0005832673643993714	0.0003261924560828397	-0.00011886757697284931	-0.00168333442889908	0.0006623212937756718	-0.001305039216621029	0.0010482115452518693	-0.00011985490955211105	0.00012431774565691301	0.0004854712517508682	-0.0004217926271377799	0.0008133119163695863	0.00033432834875563836	0.0007222312548193754	-0.00032047190432445214	-0.00045041184474638104	0.0003431846722795651	0.0011276049823474034	0.0012883005782431166	0.0001740330392149598	0.0002798121535971258	-0.00022221552995292995	0.0007842845518150687	-0.0003390208233597395	-0.0007616736405862184	-0.0009216289573489084	0.00026861001391064013	-0.0002939240515080693	0.000292187157534169	0.00020486934407101085	-0.0004317719537340478	-0.00011273364857030288	-0.000111054927887388	-0.0	0.0	0.0	0.0	0.0	0.0	0.0	0.0	0.0	0.0	0.0	0.0	0.0	0.0	0.0	0.0	0.0	0.0	0.0	0.0	0.0	0.0	0.0	0.0	0.0	0.0	0.0	0.0	0.0	0.0	0.0	0.0	0.0	0.0	0.0	0.0	0.0	0.0	0.0	0.0
GCDF205	-0.056003178986539955	-0.041569481345095624	0.01511186658604225	-0.002940248415276407	0.023199953792127494	-0.012672306511862338	0.010789523445000603	-0.009615930983137747	0.0057177615884766685	-0.006328257316648468	-0.004245135195019067	0.0044384496001253155	0.0032328070751432795	-0.003707992048488591	-0.007186574807341573	0.0015257905549200053	0.0030016194631629807	0.0024219145778780525	-0.0014815846409135416	-0.002700143273713418	-0.0003569898371927211	-0.004189955536164776	-0.0019278575956039106	0.003747826216954174	-0.0050060004330810285	-0.0049813520209553335	0.0017636987078498798	0.0014482270765775907	0.005310498846298984	-0.0030174079741069368	-0.0020853203875109633	-0.003906738593825684	-0.0004381790232447171	-0.001403658081562682	0.0017396757808332813	0.0038282943968899045	-0.002494693108354837	0.0028519563581426125	0.00185762421802256	0.0019487416941638262	-0.0016049433655217604	-0.007220668478093493	0.0004621720638387568	-0.0018149098047223406	-0.0003901412868821959	-0.004581782451299352	4.175173649625175e-05	-0.0008349701137312623	0.003203996837605029	0.0028293061413476117	0.0018829249196291148	0.0002471144358496919	0.0029665242216052492	0.0011179139990786621	-0.0001217723661849318	-0.0008271600445319785	0.0015800142539926937	-0.0056411721368164	-0.00488285249483279	-0.002114240333445892	-0.002240000110704183	2.2017843504858432e-05	-0.00016818885287639605	0.0011004830325698932	0.001997466767591279	-0.001064261279579323	0.0030044455501227786	-0.0025006731952931065	0.0009354565142715656	0.0005569442775159377	0.0014634894518571807	0.0012003819864201686	-0.0005480651990447328	-0.0008949801084221785	0.0006216899147159213	0.0014585200069103198	-0.0007102744004437377	0.0006859115185998512	0.0008213794708441919	-1.5794164890466154e-05	-4.792550509408529e-05	0.0003841427582319934	0.0009199680633552477	-0.00011392162817646554	-0.0	0.0	0.0	0.0	0.0	0.0	0.0	0.0	0.0	0.0	0.0	0.0	0.0	0.0	0.0	0.0	0.0	0.0	0.0	0.0	0.0	0.0	0.0	0.0	0.0	0.0	0.0	0.0	0.0	0.0	0.0	0.0	0.0	0.0	0.0	0.0	0.0	0.0	0.0	0.0
GCDF206	-0.13604855244480676	0.05073023146091034	-0.03198547096811663	-0.011995092784999937	-0.010741714700244733	0.00960060259945173	0.004361400337178871	-0.0010067339872101718	-0.005053025492493552	-0.00883575073158176	-0.001655535054714373	0.003850898141369367	0.001879450823814113	-8.361325083473712e-06	6.658724744939784e-05	-0.0024144773637051545	0.004046883011340337	0.0006884584698868244	-0.0009651207017896265	0.004002455690338461	0.0005556151712783207	0.002144243216754387	0.004194145919585268	-0.0011821598541782742	0.0018174457301613157	-0.0031014338795993745	-0.0003189579283642672	0.001127664002784963	-0.0029505023405542205	0.00045191285271986944	-0.0033054092339253947	-0.0002529924276857965	-0.00037491426664780584	-0.004020135127399451	0.005072316471332029	-0.00021372361596419233	-0.0013031378962206418	0.0033846177926922048	0.001974059319241545	-0.0022207441406194846	-0.0036749678035217083	0.0013027353481220398	-0.0025122594607450825	0.002177758839542428	0.0042025711610529206	-0.0025201919480433476	0.005553335614906125	-0.0018718225680515413	-0.004520218362651453	-0.005917678591916121	-0.0026355027762239676	-0.0035669312421365085	0.0017441883098312332	0.0006356809800305905	0.0001653236361549235	0.0007645413550583592	3.920741430892687e-05	-0.004741782452064966	0.0008572981702943819	0.0016166672808960553	-0.0005183232880285824	-0.0031923113106787837	-0.0029553927473142867	0.001957182421465404	-0.0031766382707797748	-0.0004219187511767716	-0.0002509898338321508	0.0006071473287845591	-0.0023062730551598153	0.0011931191106590148	-0.0021391174066968696	0.002147243863437675	0.003033385516405595	5.228797152612228e-05	0.000461291409298335	0.0005772889037454484	0.0011103137454259145	0.0005240822340202064	-0.000431166860524493	-0.0007719458461471947	0.0010199655282466793	-0.0013065924073747681	-0.0004447808227255255	-0.0009655504051609257	-0.0	0.0	0.0	0.0	0.0	0.0	0.0	0.0	0.0	0.0	0.0	0.0	0.0	0.0	0.0	0.0	0.0	0.0	0.0	0.0	0.0	0.0	0.0	0.0	0.0	0.0	0.0	0.0	0.0	0.0	0.0	0.0	0.0	0.0	0.0	0.0	0.0	0.0	0.0	0.0
GCDF208	0.1774526271266418	-0.14169674539639784	0.03434136604817941	0.019278447904527526	-0.03868081917483015	0.04701869639377331	-2.5979010675636573e-05	-0.0037151803418475483	0.07308955718948244	0.01193217362873008	-0.004401060467948145	-0.01242267095284128	-0.0025379963254971486	-0.0024620441207523214	-0.002660121690801672	0.0038527298366155672	0.008220369990897584	0.00018337874511211084	0.005592467751459315	0.0006413018497086875	-0.003379336982981789	-0.0007362037238674161	0.003774548059928771	-0.004183951026184374	-0.0023254513678035308	9.984248589868335e-06	0.00023431726446933757	0.0005254452226010771	-0.0027984885132128125	0.00018948146622387003	0.0021032151118378526	-0.00016321723820777366	-0.0011805363980370114	-9.563860888864292e-05	-0.00013154739710134275	9.811372196833616e-05	-2.1297052908007104e-05	0.0016236103061023728	-0.0008877910021870906	-0.001458664099782652	0.0007469217528424018	0.0009939500241849966	-0.00067609245785187	-0.000169631118302488	0.0004271620635185623	-0.000412821109813587	-0.00010326943953039505	-0.0006435755752203313	0.001049635656280466	0.0011301519213246657	-0.00027155517649499487	-0.0008499583933341511	0.00031980633686930205	-0.00030361375915590036	0.0013604604432915757	-0.0001306799141947264	0.0005632078482350246	8.74906134229032e-05	-0.000561888668842353	1.187069789162953e-05	-0.0002825900133704739	0.00039641738896525896	-0.0006168320031656962	-0.0008282451949525952	0.0005901830102799882	0.000149489684200149	0.00012784034490494713	-0.00027147360891916357	-0.00038746269805568865	0.0009532201883376903	0.00020448438204774143	0.00023021345655888158	0.00025128613307913536	-0.0004431808592634012	-0.0006148642991468922	0.000167198089038239	-7.270571913695656e-05	0.0003927321439489789	-0.00023961658111721728	0.000619249936072594	0.00015889573928412566	-1.674380589572469e-05	-0.00019905590529705082	4.281712560145183e-06	-0.0	0.0	0.0	0.0	0.0	0.0	0.0	0.0	0.0	0.0	0.0	0.0	0.0	0.0	0.0	0.0	0.0	0.0	0.0	0.0	0.0	0.0	0.0	0.0	0.0	0.0	0.0	0.0	0.0	0.0	0.0	0.0	0.0	0.0	0.0	0.0	0.0	0.0	0.0	0.0
GCDF209	-0.12458539434185185	0.06222279434361025	-0.022219048400817187	-0.004691512605686056	-0.007024732609950303	0.01899720044797236	0.0015928475440707666	-0.0011786464816686563	0.008491737343304141	-0.0008802094559852852	-0.004381030480108452	-0.012172430663539072	-0.0012022006326090013	-0.00336274382356677	0.0009807206529288321	-0.005206723206035098	-0.01224729413556507	0.0028672348449554396	0.006609549093871289	0.0004837765132604252	0.001257759671715222	0.002211449822115888	-0.001089890257136201	0.0012409980059250104	-0.0023572074926304456	0.00167119998571779	0.0004944371604418291	0.002397261050154845	-0.005181574055946571	0.004940373075876326	-0.006267386916714733	-0.0034197048918735676	-0.0025921526163975176	-0.004718215178732575	-0.007209443151022191	-0.0024187959907362856	0.0028694851519915745	-0.000511706007819182	-0.0004596156117863196	-0.005571640243000535	0.003894134829633832	-0.008294837465724455	0.0032681211283959394	0.0063141676177995475	0.0042517228002673735	0.0039226633546234424	0.0016789569642949838	-0.0015140215308751487	-0.0013082962122615521	0.0020599864693640925	0.0025647593192373234	0.0028873600320944376	0.001757796266342557	0.0018634834174710818	-0.0009294090532602632	-0.0018360913459520667	0.0011208259409337298	-0.0012873476481773348	0.0018482642070261081	0.0008687298332159684	0.001389726820483808	-0.0005588301695770857	0.0015413910074307232	0.0009386749641689968	-0.0017627288912841288	-0.0013410706946725228	0.0011392992851746084	0.0007018646006424248	-0.000812377699233721	-7.156780416698324e-05	0.0034157757575410497	-0.0005575387982525876	-0.0013074399737726724	0.0007768689658481723	0.0006013032979147261	0.0005677048068385257	0.0014472081618230903	0.0005652506533803517	0.0004085476276372345	-0.000713904139503091	-0.0005438398481644761	0.0002663526198004208	-0.0003824680217261292	-0.0002514344039275779	-0.0	0.0	0.0	0.0	0.0	0.0	0.0	0.0	0.0	0.0	0.0	0.0	0.0	0.0	0.0	0.0	0.0	0.0	0.0	0.0	0.0	0.0	0.0	0.0	0.0	0.0	0.0	0.0	0.0	0.0	0.0	0.0	0.0	0.0	0.0	0.0	0.0	0.0	0.0	0.0
GCDF210	0.21900155891982243	0.03351676446479376	0.09544860218940744	0.0019756440551591263	0.009884203548471885	-0.03150616824902296	0.007959433113911528	-0.002188670137817946	-0.0028676494174235977	-0.012221878877498382	-0.002403444836349017	-0.016132170152935728	0.021262074740511453	0.0046334636906076535	-0.0010296706454945275	-0.005771987307151307	0.004005434906106996	0.010773760980541733	-8.048912452010332e-05	-0.007539443590903142	-0.006583553308610413	-0.0016126647812145659	0.005096328401045911	-0.004381389154932514	0.006872937279832202	0.00845266519793736	-0.01230740977926262	-0.004224970765880343	0.003582445221694386	0.0011930796394059768	-0.003548310996677203	0.0001611586425872474	-0.0025904663820688757	0.0012107986342321394	0.00043384758561187454	-0.0005233714188772875	0.002483727509352952	-0.0011166917394044116	-0.00042799931418614117	-0.0021104731214801214	0.0023106188596959	0.00043336810008955497	0.0009581784248004159	0.001201217543281626	-0.0007297499534033778	-0.0006698680557144179	-0.0002274647495587564	-0.0007080064861351748	-0.0020493273627803944	0.0009989928362943727	-0.0009463723001412623	0.0002551557374264928	0.0003930887886303948	-0.0007033422592358263	0.0006398113336648883	0.00046653770319008965	0.0011696240309381311	0.0005380149495283974	0.00012504649729472894	-0.00015501040885510003	-0.0013748705682858082	-0.00017840840903872435	-5.3238325523086935e-05	-0.0003706662968089758	-0.00012729646009739057	0.0006137317122876726	0.00027111103224955533	-0.0009298248305414254	-0.0005083964156618519	-0.0010698732657175958	0.000123945101403852	-0.0008434272037540809	-0.0006699821128116906	-5.258649341176745e-05	-0.0002723950093679386	-0.00079641048648057	-4.843874765566304e-05	0.0005332998595868087	0.00025609250191517986	4.269866309285529e-05	0.00019365899365737425	-0.00018259018588994875	0.00011422317939003647	-0.0003624058101172282	-0.0	0.0	0.0	0.0	0.0	0.0	0.0	0.0	0.0	0.0	0.0	0.0	0.0	0.0	0.0	0.0	0.0	0.0	0.0	0.0	0.0	0.0	0.0	0.0	0.0	0.0	0.0	0.0	0.0	0.0	0.0	0.0	0.0	0.0	0.0	0.0	0.0	0.0	0.0	0.0
GCDF212	-0.03322151589613788	-0.06485115273517338	0.01987796628495272	0.011135953020502909	0.015879815883290727	-0.009424035125355546	0.008659582023648903	0.0037584754295245625	-0.007579565667306759	-0.006489341009697755	-0.005083697013675955	-0.012669317661961712	0.007944065108324039	0.002323465965950271	0.0020911735971558673	-0.004555406876376504	0.004198885802619481	0.008531953134256778	0.0008480701064623397	-0.004094958551436369	-0.006800296430490328	-0.0016529809338375865	0.0038834880703419606	-0.0019069803918901208	0.007676263873418363	0.007916917177625946	-0.004562913839202651	-0.002493763985816656	0.004610948775814311	-0.002117676404236457	0.0017691304029978732	-0.0002050032912517271	-0.0020135440497313258	-0.004389591168542774	0.0032839206267113084	0.0018041800657746365	0.0018350689220418884	0.0016255469468111482	0.0021448024410902697	-0.00012589008831678526	-0.008082274866738709	-0.0024855172949644136	-0.0025055030914499584	0.0018279097831523927	0.0019241333558060083	0.004447418787553186	-0.001867350395924826	0.0034722774768369317	-0.0019609916535281284	0.0017011527661740526	-0.0007594319409019073	0.0034291551134191557	-0.0012206588377950607	0.00085943366870005	-0.0008527429440903002	0.00024883075635057366	-0.0012594743159747592	-0.0030568191272955063	0.0002923554476003521	0.0007853178129170171	0.0007758080874787035	0.0005535469589802682	-0.001719186492378944	-0.001958467957046139	-0.0007072906709906898	-0.00033337126863286606	0.00030483158152254765	-0.002404916944189302	0.0019539568862904167	0.0022741539144606276	-0.0004345402470732348	0.001376791642465318	7.005280907597738e-05	0.0002802024586653225	-0.00010051364538236896	-0.0010484827636906284	-3.08764108218233e-05	-0.0008951813886690789	0.0008703718514740594	-0.0002403366402750928	0.00018341749299132608	0.001155968449918355	0.0013426668974162977	-0.00016976120007211972	-0.0	0.0	0.0	0.0	0.0	0.0	0.0	0.0	0.0	0.0	0.0	0.0	0.0	0.0	0.0	0.0	0.0	0.0	0.0	0.0	0.0	0.0	0.0	0.0	0.0	0.0	0.0	0.0	0.0	0.0	0.0	0.0	0.0	0.0	0.0	0.0	0.0	0.0	0.0	0.0
GCDF214	0.3602819201070553	-0.3886444759663255	-0.22172675608201442	-0.0007227924608262119	0.04691883637650621	0.009604909664496583	-0.02602212894544616	0.0032592935318466743	0.00868127161953781	-0.024884894913351538	-0.003137540646048485	0.0013929284195971258	-0.004813225800623544	-0.011000036310494813	-0.010777466151275802	0.008136611674318178	6.942535142683645e-05	-0.0057292374148560955	0.0007229870227391551	0.0001832275997709807	-0.0007903025869026092	-0.001475020881647241	0.001597269881874925	0.0006934271646807754	0.0004445265984030919	0.0005112359072900121	-0.0021819043547305302	-0.0009166688411785956	0.0005522107099826907	0.0005079815615988381	0.00010438486003731515	-0.0008258424375903056	-0.0002636528033389771	9.95020600418803e-05	-0.00051882931025636	0.0003640648256159255	0.0006770217600449929	-0.0006311527569166025	0.0002904273611258124	-0.0005379885472180167	0.0016028469507350057	0.000755289352101259	0.0009800335579571299	0.0003270879653969789	0.000754252393270416	0.0002592564351033308	-0.0005883388897765508	0.0009703833983116274	-0.0002438330826805211	-0.000839956712655902	0.0006215771784510806	-0.0006202320119394671	-0.0003072961847892659	0.0001410066106738315	0.0015654163030990038	-0.0006165524688221285	0.00124800935005701	-0.001026666149319199	0.00021196006672728962	-3.856951519269428e-05	-0.00044738431196195936	0.00032841034675350575	-0.0007822666046818768	-0.0003489258267832196	-0.0006608478120101924	0.00029012460651573255	0.0005260476382585997	-0.0002633056126902555	-0.001069295198693673	-0.0011465477690342795	-0.0001606731658955857	-0.00023983377507903075	0.0002598834228195539	-0.0007976644300369311	0.00034129058488193385	0.000699957378455707	0.0008927937257113327	-0.00029635448938192233	0.0003094068445105941	-0.0003096083056924223	-0.00020787313174280503	0.000417805987348349	0.00010186780235448102	0.0001481983651862838	-0.0	0.0	0.0	0.0	0.0	0.0	0.0	0.0	0.0	0.0	0.0	0.0	0.0	0.0	0.0	0.0	0.0	0.0	0.0	0.0	0.0	0.0	0.0	0.0	0.0	0.0	0.0	0.0	0.0	0.0	0.0	0.0	0.0	0.0	0.0	0.0	0.0	0.0	0.0	0.0
GCDF216	-0.07067068059682012	-0.02248139151574192	0.011466977285687251	-0.008611428770750915	0.017650723806713304	-0.016492317220270537	0.0038004602006436405	-0.001420582780847776	0.0023422744844477797	-0.0016032041305677482	-0.008979568880244688	-0.00884007693321285	-0.012125995406411981	0.004546774321326335	0.008917485046266146	0.0040843527378734345	-0.0036364060626680474	0.00028206626826691794	-0.0005737993145818049	0.0056398781830022775	0.0033559716020933016	0.0024833115260426714	0.0017782685828708611	-0.0038911213254814274	0.0006545677106967932	0.0012286988221857978	-0.0027895618085053376	-0.0012191294648589862	-0.0026565652553130125	0.0013590776530656185	-0.002104813200252852	-0.002955191475082726	0.0017518201035188672	0.0023961728971345075	-0.0036256905942058546	0.006048741171698062	-6.069200903115867e-05	-0.003164585424415536	-0.0009855130152712143	0.00443142199000114	0.0026682777072168104	-0.0027823947782172325	-0.002692990988926507	0.0010867302393870828	0.0013117651072243343	-0.0036605432038331956	0.0019084640702712807	-0.0033329837086060595	3.1423474119448136e-05	-0.0008497930217652253	-0.00044164107651140186	0.0016412324610028356	-0.0020943618322047156	-0.0008337205934974336	-0.001725299261627706	-0.000914859465743483	-0.0012752870917539089	-0.0006412378695753007	-0.0016786865564836397	0.001970961018350016	0.001985016645532921	0.0024019684599909524	0.0034255141467047097	0.0005186875063018644	-0.0013066928734298663	0.00031294551520748287	-3.5701354496457135e-05	-0.0049425989762389875	0.001981082947580244	3.461926307794195e-05	-0.0025335665303978837	0.0013472930383972089	0.002560267470302516	-0.0009138415084439844	-0.0012906745218869962	0.0008177948048520914	-0.00013908341315596332	-0.001055401042284736	-0.0012688058598546343	0.0006861482614414407	0.0016707849105458692	0.0003019677462021526	-4.116940864264849e-05	0.0004525227789111817	-0.0	0.0	0.0	0.0	0.0	0.0	0.0	0.0	0.0	0.0	0.0	0.0	0.0	0.0	0.0	0.0	0.0	0.0	0.0	0.0	0.0	0.0	0.0	0.0	0.0	0.0	0.0	0.0	0.0	0.0	0.0	0.0	0.0	0.0	0.0	0.0	0.0	0.0	0.0	0.0
GCDF218	-0.16171685029948543	0.07718105320738235	-0.05147515715355945	0.015006481928893926	-0.0102132517845833	-0.001511861851845565	0.007663958596673253	-0.014704948309728572	0.00040501876017161944	-0.0017261449725230736	-0.0065224465253758065	-0.002538338990961658	-0.002558384194977765	-0.002770249058158126	0.000246287159921421	0.007385998394082946	-0.007905701300960931	-0.00369872164540983	-0.0014594663101570099	-0.006313702461712349	0.001044354200271431	-0.00032678327511944684	-0.000544247932548368	0.0007257786389273614	-0.0011143640560807317	0.0015793323393447243	0.001474100491485651	0.00010346919126904621	-0.0008037380293756745	0.0003188954413881709	-0.0027016427091062305	0.0017933415295075977	0.0005025712391309631	0.0004912985745493749	0.0018442998968412792	-0.00584394139829614	-0.0019178891821003867	0.0014300072943967093	-0.00034248611832299336	-0.0004481781186803858	-0.0004745476499340919	0.004197236847292053	-0.002535007016852014	0.00024168236863862574	0.003000764468977673	-0.0012835090842478684	0.0004743039434181562	0.00013303325365038914	0.000730022842058609	0.0024554093256407244	-0.0027761691024180695	0.00096340507233683	0.002924014329280329	-3.079721079191459e-05	-0.0035527231790073452	-0.0011255382840678109	0.0025511447998031005	-0.0016706071746449536	0.0008967477292606493	-0.0013070326115683162	-0.003195083774045055	-0.004834410001712652	0.0026573665272533525	-0.004650614335749448	-0.0014261774329151714	0.0018344076470040989	-0.0015806982181944488	-0.00029005199094115844	0.004932558237307655	-0.00025050895133030374	0.0008975952916268454	-0.0023893655881585163	0.002974146668741957	0.0007227767998116147	-0.0005311533626067432	0.002895801160976621	-0.00019215830978364847	-0.0005311124834617987	0.0014234394588750708	0.000933763870359297	-0.0012098732251241211	0.00019305501533148413	3.865274308311096e-05	0.0007062729644540752	-0.0	0.0	0.0	0.0	0.0	0.0	0.0	0.0	0.0	0.0	0.0	0.0	0.0	0.0	0.0	0.0	0.0	0.0	0.0	0.0	0.0	0.0	0.0	0.0	0.0	0.0	0.0	0.0	0.0	0.0	0.0	0.0	0.0	0.0	0.0	0.0	0.0	0.0	0.0	0.0
GCDF221	-0.08325588847904562	-0.008105803839861012	0.005532642320897879	-0.01872195045565805	0.00815586448256049	-0.014406928166063216	-0.007577652357151828	0.01192834752408933	0.00046936599510119254	0.010848662873198172	0.0018015167710858364	0.0022563581966428582	-0.0007293760113215959	0.0008381523729033023	0.003345418799059174	-0.002790422125114607	0.0015524154872632704	-0.005214501916372307	-0.00043817002964637356	-0.0024383593569168287	-0.001297312216059992	-0.001289377376997787	-0.000628081886234808	0.0016434985353785691	-0.002279869894281912	0.0033958516992627858	0.002431257727302504	-0.0032581199896493302	0.0014031191748556135	0.0023299404234999694	-0.0007878604187604667	-0.0011439524304042395	-0.00029355691680732124	0.0004329239036339225	-0.0006497738169804984	0.0015489193203002346	0.0006654933265575765	-0.0007369211871687209	0.00010415625772500346	0.0019101337536598466	-0.00036928184716700056	0.00017252644457685642	-0.0005921202165428304	-0.0006724343800368379	9.301699187183647e-05	0.0014268826899692406	-0.00021529110825677195	0.0014632254128718809	-0.0012422958616909532	0.0005043488402763413	-0.0012162824177192832	0.00041341013716057604	0.0011484442384118204	0.00043664211123556075	0.001641408896744155	0.0023949918082475604	0.0003930150375401019	-0.0011168323931191955	-0.00015436526811237294	0.00019386330533807702	0.0024734529374722597	0.00036684236457292505	-0.0014288040586408484	0.0018554288062321508	0.005471552380916839	-0.0025665768073445164	0.0021125351943090047	-0.00016340525180329855	0.00047530559502969574	-0.00013225603669654595	-0.0014705251244768517	-0.0024492297653227945	0.0024569700362658572	-0.0013251570155279801	-0.0048578652649729215	0.002117102626255717	0.0032207749342302865	-0.001051179779459842	0.0007117408753717393	-0.001746155716452657	-0.0010320061509625413	-0.000369125899757167	-0.000828890844115287	-5.9304823494189465e-05	-0.0	0.0	0.0	0.0	0.0	0.0	0.0	0.0	0.0	0.0	0.0	0.0	0.0	0.0	0.0	0.0	0.0	0.0	0.0	0.0	0.0	0.0	0.0	0.0	0.0	0.0	0.0	0.0	0.0	0.0	0.0	0.0	0.0	0.0	0.0	0.0	0.0	0.0	0.0	0.0
GCDF223	-0.06251143307883443	0.07972655292790765	0.0196058773071316	-0.00015563292310123844	0.010844916612460679	0.0405337847364598	0.0023330481951951212	0.0031760303345114683	0.04322187542930175	0.007133642207924421	-0.0020851234345242615	0.0025791900057186897	0.006860722121631751	-0.0029404762144486494	-0.005207541928320855	-0.002762146903206747	0.009809714266556557	-0.0004415370653388906	-0.01460028562542174	-0.00297832200631615	0.0023501939992739587	-0.0029072968961304925	-0.003288529229228228	-0.006976287486875281	-0.005741844559659307	3.623543577382345e-05	-0.0013924128280227003	0.0022275226850632895	-0.00024296045694855166	0.0033197155977076264	0.0023057127254833905	-8.39134689128126e-05	0.0026971970287373763	-0.0033755135297326238	-0.00017383827561223412	0.0029893352001967915	-0.0017956874731878763	0.00034553158436949094	-0.0016365570269305672	-0.0020195015759401137	-0.002292966474689125	-0.0010391430277009934	0.0028387233339718897	5.537925897257231e-05	0.0003295727542559042	-0.0025305921032044844	-0.0003749675694137363	0.00011371083870514378	0.0008183686426167518	2.7541238778001497e-05	-0.0014295000957710617	0.0010633327673818054	-0.000566103236578413	0.00033537379481923867	-0.0009194985385974586	0.0009071755840489758	0.0011427945591103636	-0.002332909223938125	0.0014572283777308515	0.0002887961316373866	0.00021762751098607994	0.0005825068062990414	-0.0006806831560728968	0.0005676746081456898	-0.0015027004013431768	-0.0005908010996584556	-0.0013194603650692476	-0.0015539218387556144	-0.00036995144993441545	-0.0013975005092449313	-0.00014385951261395257	-0.0010021484332948783	0.0005698832652793638	0.00030990490042856315	0.0016409985938443323	9.670590394877273e-05	0.0006818412578064411	-0.0004491956800012528	-0.0006705052787026516	-0.0005303907577591954	-0.0002342898280678249	-0.00045358846659969215	0.0003951542390463471	0.00017791790326431847	-0.0	0.0	0.0	0.0	0.0	0.0	0.0	0.0	0.0	0.0	0.0	0.0	0.0	0.0	0.0	0.0	0.0	0.0	0.0	0.0	0.0	0.0	0.0	0.0	0.0	0.0	0.0	0.0	0.0	0.0	0.0	0.0	0.0	0.0	0.0	0.0	0.0	0.0	0.0	0.0
GCDF226	-0.19018739629325815	0.09845993479354474	-0.07302625162085159	0.04502470110252193	0.0006965205633033344	-0.024003252525927842	0.00023247777087323385	-0.021746433643083707	0.00936906444985092	0.0016304565835449107	0.01264261862718089	0.004983729903140442	-0.0066739733511077684	0.006599013914810954	-0.010292707757608653	0.003743870940940257	0.005649180731838957	-0.0010465305174828469	0.0007007504366466633	0.000846236894056803	-0.004520933389958963	-0.006561332097551833	-0.001046188144377238	0.0003832374468908298	0.0013838177280721283	0.00036151400562371813	0.0025189685994975453	0.0006935475488706705	0.001701008201879238	0.003514196140567706	-0.00048242448741426554	-0.0026863701333636777	-0.0009975052430326718	-0.0004871414914894024	0.0005738542880004935	-0.0003774434006097624	-0.0001605349728825702	-0.0008062673913152199	-0.000519691836572045	-0.001362512488465978	0.0012426885608778837	0.00038203243599725553	5.3047000482197096e-05	-0.0019022929163671407	0.0014331322523030508	0.0004470009849847563	0.00011060448360361996	-0.00044568434619535164	0.004221013820327978	0.0005345403853683003	-0.0006312774436613263	0.0005761621592530832	0.0027567666149132734	-0.0029426312343327	-0.0010498269521761008	0.0010365095927008735	-0.0010934658195296727	0.002204037510449901	0.0029038454364763073	0.0008770622444573335	0.0020500148878935627	-0.0012448085449496729	0.0003888728349256284	0.00351804407717768	-0.0019288046511473302	0.0007338271469405549	-0.0018231826891877611	-0.0031668280987236955	-0.0010833284475906752	0.0002193618197438356	0.00029813899804367894	0.00011632396615830865	-0.0010425363763779919	-8.501488593881425e-05	-0.001133843897676284	-0.002100530158747753	-0.001569905408355902	0.0015725230884520672	0.0025414130878313548	-0.0002871303392421986	-0.0015560136834365907	-0.0007314740655530251	0.0005698480801111232	-0.00023075754847865908	-0.0	0.0	0.0	0.0	0.0	0.0	0.0	0.0	0.0	0.0	0.0	0.0	0.0	0.0	0.0	0.0	0.0	0.0	0.0	0.0	0.0	0.0	0.0	0.0	0.0	0.0	0.0	0.0	0.0	0.0	0.0	0.0	0.0	0.0	0.0	0.0	0.0	0.0	0.0	0.0
GCDF230	-0.12124278256555787	0.03529554135215858	-0.020478152500069624	-0.021036015021876516	-0.00819362027050746	0.00921830414564168	7.043705918508122e-05	0.00434096021249647	-0.004039052198749716	-0.009211222828567948	0.0029957815993590067	0.0001751216159698552	-0.002771422474729955	0.005424635272217471	0.0009208547235484023	-0.0013583555952369146	0.0010143964287802685	0.005687892622513837	-0.0006141733462884403	0.00013273405569225421	0.0021079282735494173	0.004058571056254269	0.0009320327481239303	-0.0026541658868397032	0.002223800232053985	0.0014228979353612344	-0.000249742780913731	0.0028080796723223707	0.004257926685506575	-0.0006299596229434591	0.0037385240893625625	-0.0025036001504187715	0.003837164600252754	-0.00018059160905811958	0.005508800375240632	-0.0030848273742972165	0.004154997399106245	0.0028472636582902574	-0.00015163260852276225	0.003964312965596676	-1.4021306225368486e-05	-0.0007641784740845935	0.005581259057925184	-0.003279922797982965	-7.457840010127235e-05	-0.00012091885128105088	0.002740560771131397	-0.0012129434521595869	-7.072913754983394e-05	0.0044032228972928425	0.0038086251140622505	0.003725305740766319	-0.0027595567255185305	-0.0001964583870419781	-0.0008800455456681119	0.005625863788232612	0.0038280672683162716	0.0030345168697206897	-0.002319362589614925	0.004023026245041746	2.1943682223934216e-05	0.0026590953306676397	0.00015011191076014113	5.397367262904111e-05	-0.0022299235990020892	-0.0029365109912284524	-0.003307906396514961	0.0009809488262860304	-0.00026101993288438294	0.0017431745857238899	-0.0007579446056693575	-0.00029632892797411313	0.00177836319742607	0.0017596135992714514	-0.0007984413887928459	0.0010942613868536412	-0.00020437508676276737	-0.0005044342769594684	-0.0002840584947168817	0.0010936838897646123	-0.0022887078596179676	-0.00021900381776433054	-0.00038533869444794044	-0.00016245477394190186	-0.0	0.0	0.0	0.0	0.0	0.0	0.0	0.0	0.0	0.0	0.0	0.0	0.0	0.0	0.0	0.0	0.0	0.0	0.0	0.0	0.0	0.0	0.0	0.0	0.0	0.0	0.0	0.0	0.0	0.0	0.0	0.0	0.0	0.0	0.0	0.0	0.0	0.0	0.0	0.0
GCDF244	-0.16258060611048974	0.07646454179429196	-0.052936836245494986	0.01883934990692653	-0.014012247106343086	-0.00813199346340009	0.0038692883140917177	-0.007569016732276999	-0.002786735729596834	0.002976723279395886	7.079086181620705e-05	0.004205931314999653	0.006264807123860459	-0.007499303999014943	0.0036205720144770214	-0.0021426490156954262	0.00479961975582263	-0.0025060896549568635	-0.0011612474743812231	0.005811290898155798	-0.008695512700407198	-0.0014334865496329829	-0.0009046193489147875	4.3271623349038686e-05	0.0031866035326483183	0.00018059739757752863	-0.002314557624969471	0.00486361347368069	0.001686658680570565	-0.0028758510552691274	6.66840130207338e-05	-0.004323327948517025	-4.751493978648242e-05	-0.00020629596850800017	0.005237951438969307	0.0008967861216088235	-9.128698341177183e-06	0.0035165650117328145	-0.0005332037398852222	0.0007492605096243072	0.002422400254841315	-0.0008340365182550234	-0.0002725676056984926	0.002430322547403559	0.0022617342844375474	-0.0016799480540566243	-0.0028765790355771165	0.0007830345990643974	0.002346677678554337	-0.0049364444004039495	0.0017718320934136122	-0.0028099236404001094	-0.0001732747324300701	0.0038275681006161282	0.0007875485516482047	-0.001054554308466778	-0.002654430313153269	-0.00039821535313782686	-0.004475244795082451	0.0027825097292938457	0.005408632937492479	-0.0025210682366459255	0.003623557750928814	-0.002179165255275567	-0.0014344802020990332	0.0009592063794489238	0.0017373754338337129	0.001316640500676037	-0.0009325725122590243	-0.00040621518117710975	-0.0008269105099452305	-0.000590347054005532	-0.0005525105145561202	0.0020673704650027453	-0.0012283179375783978	-0.0020688277320434316	0.0001441653468295738	-0.0003159324471218033	-0.0010047976899020675	-0.0004603374420927825	-0.0007743551778559869	0.0016175215283820202	-0.0012663286829134033	0.0002382141370984958	-0.0	0.0	0.0	0.0	0.0	0.0	0.0	0.0	0.0	0.0	0.0	0.0	0.0	0.0	0.0	0.0	0.0	0.0	0.0	0.0	0.0	0.0	0.0	0.0	0.0	0.0	0.0	0.0	0.0	0.0	0.0	0.0	0.0	0.0	0.0	0.0	0.0	0.0	0.0	0.0
GCDF246	-0.11784987114502424	0.061729083459297666	-0.017648837851037734	-0.007927622236981444	-0.004037234274517734	0.024695000399461237	0.0022024357278692926	-0.005882270771966409	0.013597129353105385	-0.002511187127280021	-0.0035151713556021936	-0.007483735934554819	-0.00029596195917200676	-0.004499720196316662	-0.006597684936132342	-0.009576148649105536	-0.01024770349020353	-0.00048124744732186897	0.006208127855758129	0.0019043957116455978	0.0031426062114518413	-0.0004213809420590743	0.002359738443968726	0.005924716940947533	-0.0016824902865738007	0.0002942157888138036	-0.0035287842375054234	-0.0018428795281850777	0.0008239763583140153	-0.00181964834519485	0.006087518067813854	-0.0003209369504074974	0.003060443586212673	0.004135238794449972	0.0013830871818764556	0.0021668982080185516	0.004593295677638935	-0.0007519591244279499	0.0020809932562820066	0.003886809486066337	0.0023449144039919267	0.00638253724915058	-0.0029699649521481132	-0.003590554856726423	-0.0005175814569813084	-0.0035120240040280837	-0.0005687955740098796	-0.004161963081436569	-0.003902052552191181	-0.0003865155092843261	-0.0004694899992507592	0.002465018501701671	-0.0009774452379699206	0.0015632546126791247	0.001269602371843196	-0.0018417593144146357	-0.002705092451516049	-0.0026393959729155347	0.001028491779613213	0.0040979615550113535	7.704837941177663e-05	-0.0021574256861072163	0.0017687758711423466	0.000736579523415085	0.0014899338551214484	-0.0009351741050276422	0.0013824107963442641	-0.0013150591163848015	-0.0015291037288776544	-0.0009254579300154979	-0.0013549344194920205	-0.00013989193109588822	-0.001526233790588052	0.00040147895583466395	0.0014643865726947567	0.0010756173144692354	-0.001265681471579936	0.00300928780408825	6.795616847352384e-05	0.0003254887174619091	-0.001384478156435656	-0.00016704145808098042	0.00102204684229058	-0.0001453896677028468	-0.0	0.0	0.0	0.0	0.0	0.0	0.0	0.0	0.0	0.0	0.0	0.0	0.0	0.0	0.0	0.0	0.0	0.0	0.0	0.0	0.0	0.0	0.0	0.0	0.0	0.0	0.0	0.0	0.0	0.0	0.0	0.0	0.0	0.0	0.0	0.0	0.0	0.0	0.0	0.0
GCDF252	-0.04695558627889054	-0.011398560275266987	0.053386140685758955	-0.04007535869818269	0.027567430961736316	0.032920034771689845	-0.08374418628905099	-0.0659064506038025	-0.047956070729360256	0.040592892956242715	0.011156927465901268	-0.039108195827221165	-0.0016185887943591848	-0.011802613329049777	0.002419244171628353	0.008426657806512654	0.01044440287789385	0.0021943697194699006	0.002907575266779312	0.0013790965597181729	0.0010245950335402557	0.0003381104866186617	-0.0017873448935499339	-0.0010717138474705	-0.0012893096304563883	6.626458357022632e-05	9.078395591860418e-05	-0.0007630505932818157	0.0018950385567136788	0.00044954006013507255	0.0009608334250163805	8.857691089934079e-05	0.0006136521707222073	-0.0008515946722797059	-0.0005425200411891428	0.00037300385618255027	9.213558260091166e-05	-0.0011810371274433757	0.00036622096239156596	-0.0001095111370400675	-0.0004248565363753652	0.00042345728479570934	0.000314581346911612	0.0005110594566229454	0.0004988694761570333	0.0001876850875722986	0.00029554826001221095	7.596805555435215e-05	-0.0002853972373721673	-1.0398431964922649e-05	0.0005105915496794124	0.0004927753609124752	-0.0004064572619054983	0.00017466708611709074	9.165460661524813e-05	0.0001517047497631715	7.177941492881099e-07	-0.0006131455874184523	-0.0002652834328836495	3.534778062336873e-06	0.00021317649391376038	-0.00010222889060780059	0.00014944341066872832	0.00031768449314898686	0.00018625089444258047	3.3404148697765913e-05	-0.00010055824243807422	-9.464724251838851e-05	-3.826755450156578e-06	-0.0005779021190808613	-0.00014478992792282442	-0.00011989993219951331	0.00012992429694381216	0.00017137376452795478	8.929400197367436e-05	6.397744544448687e-05	0.00017597897884522428	-1.9522641372006683e-07	0.00014782594616902508	-7.105374880135875e-05	4.070252677550991e-05	-0.00014120993994541116	0.00012335445720946183	1.6828333218152505e-05	-0.0	0.0	0.0	0.0	0.0	0.0	0.0	0.0	0.0	0.0	0.0	0.0	0.0	0.0	0.0	0.0	0.0	0.0	0.0	0.0	0.0	0.0	0.0	0.0	0.0	0.0	0.0	0.0	0.0	0.0	0.0	0.0	0.0	0.0	0.0	0.0	0.0	0.0	0.0	0.0
GCDF254	-0.17017757195837543	0.08284512689393606	-0.05864611948442143	0.026156464282851895	-0.010050061568390221	-0.012302659250499106	0.003325447722862802	-0.013584708106072577	0.0004758364253579867	0.003538254563772998	0.004027282836343598	0.006922186925739712	0.004431607511988505	-0.005984492726068474	-0.0014509279764962036	-0.00026992497929088563	0.00825038942594984	-0.0033302899859874928	-0.000637237182970897	0.0051977478943434074	-0.00964051683998992	-0.0033885236812081555	-0.002927678468790041	-0.00040237791979288496	0.0014706391457024995	-0.004536341804906387	-0.0005312828914526927	-0.004282678322256377	-0.0037751249203300647	-0.0019233282444570904	0.0013177204425976821	-0.00421758699402089	-0.001129862447848061	0.001287890353328295	-0.005317466038590053	0.0037011946090104606	0.0013371183893183913	0.0009013880828453822	-0.003006531545127373	0.0015038273010914566	-0.0030700384662280737	-0.0006486937119843891	0.0029302866607229102	0.0011003101179875743	-0.004165354078422669	0.0024356525566865037	-0.0004877247715928474	0.00035529924211102676	-0.004588401548294365	-0.0014290894499513318	-0.0035601967435241097	0.0012555900241363628	-0.0046248671179227475	0.0002013563999783809	0.0004532807249423362	-0.0008176445215866615	0.00397570598953199	-0.0005302269222815611	0.0010106532289968092	0.0016454178542168283	-0.006340779744086432	0.00036914163766554024	0.00010357986977276575	0.001193139488884413	0.0007139340334256651	-0.0011741323838917054	0.004627156258546611	0.0011318541524087855	0.001139468959341376	8.485847759538855e-05	0.0001035252975474099	-0.00033541920768773213	0.0021891672699569775	0.0008201171755169287	0.0013847106853501045	-9.425707063470787e-05	-0.0016577530309729942	-0.0011658280794739223	-0.00015403048044313952	-0.000473698014245793	-0.0009290112893398607	-0.00037803766843684164	-0.0009232151421197469	-0.00016204386111311165	-0.0	0.0	0.0	0.0	0.0	0.0	0.0	0.0	0.0	0.0	0.0	0.0	0.0	0.0	0.0	0.0	0.0	0.0	0.0	0.0	0.0	0.0	0.0	0.0	0.0	0.0	0.0	0.0	0.0	0.0	0.0	0.0	0.0	0.0	0.0	0.0	0.0	0.0	0.0	0.0
GCDF255	-0.15631934859184768	0.07770822835066883	-0.04748249980520973	0.01649768436783423	-0.011659680152349073	-3.659792439656843e-05	0.004372406707874905	-0.009953492607135532	0.0018157834003668942	0.0035893716472148915	-0.00414695255991722	-0.0037100557999663435	0.0035629270545711185	-0.006654845509173358	0.0019183855576868935	-0.002455586779107473	-0.0045881980236535435	-0.002107212186375613	0.0019419267353919414	0.0009503291296306564	-0.0051964717153844976	0.00280129003832301	-0.0017822161171923818	-0.0004473540664773591	-0.0005628148800452012	0.003623656778986059	0.004252115904990307	0.004681928253092414	-0.0020370381173023893	-0.001889738414652427	-0.010242116958765243	-0.003500387668551497	0.0014076654690839798	0.004477731977217748	0.00027901310717950826	-0.004116680976611971	-0.001254288166780489	-0.004515976683561812	0.002260198329887096	-0.0008471994885414022	-0.0016538256468690974	0.00272511775856522	-2.7029791858372593e-05	-0.0024397319307299715	0.000800956369116977	-0.002557399583299124	-0.0034589700055628193	5.9655383611139636e-05	0.002901274875438598	0.0029796614454225792	0.001975576635338097	-0.0010398634998973332	-0.0033180142096133677	-0.0006496389508981477	-0.0008049876532997515	-0.0006525180904558258	-0.001011853734165099	0.00028037301518811904	-0.00014585069409735822	0.002450522223416478	-0.0022699465764312384	0.0026845510424069567	-0.004101010216409372	0.0020654595901521745	0.0006177235248651765	-0.0017263234630053032	-0.0015842720141845674	2.734852976034347e-05	-0.0027669175050868337	-0.0015226158733059275	-0.0022118970684478767	0.002284085715472356	3.175766092743387e-05	-0.0018875752387833096	0.0012637191581246626	-0.0009719007090872446	0.00114027673837119	-0.001700745820797099	0.001232273898950948	-0.00041339476541991916	0.0014392699737597095	-0.00011943938420120012	0.0006977196696130219	0.0003435839448961711	-0.0	0.0	0.0	0.0	0.0	0.0	0.0	0.0	0.0	0.0	0.0	0.0	0.0	0.0	0.0	0.0	0.0	0.0	0.0	0.0	0.0	0.0	0.0	0.0	0.0	0.0	0.0	0.0	0.0	0.0	0.0	0.0	0.0	0.0	0.0	0.0	0.0	0.0	0.0	0.0
GCDF257	-0.13619370208968526	0.0675399980470869	-0.03092072629530589	0.00017675923752977652	-0.007247312881549383	0.01564672188051888	0.0033684303009312772	-0.010198711126543289	0.007265266680378356	-0.0015202728086903452	-0.004472833986480741	-0.0083873194769676	-0.0023395635714770877	-0.005032871871423182	-0.004147540126616522	-0.0031502303477053237	-0.009347838877036888	-0.00010894949078776219	0.005701232257615472	-0.0013883781023032117	0.0022309950371981356	-0.0007781634830882951	-7.912566512508019e-05	0.0028765516871992474	-0.0025005419385873058	0.004640946846867448	0.0016675135910630984	0.0021458849195170066	0.00017392622826040995	0.0005725550490302993	0.003115446485434255	0.000646283977660957	0.0017978177695780477	0.0020194803625713264	0.008261548245871657	0.006835415278420645	0.0017431723299994677	-0.003577480940374254	0.0014459766342942554	-0.0005315114667603746	-0.004710596855140536	-0.005647023760948778	0.004373288458720051	-0.0005634979959451812	-0.004262109034959521	0.0010115738412866044	0.0030406154362097766	0.0024237717039068294	0.0002511799371153309	-0.0058906844203947895	-0.003229627664728041	-0.00460731425326089	0.0030326888531066036	-0.0035856562833894213	0.002994343988443557	0.003937194908598563	0.0008183941559267441	0.0027059725130183787	-0.00017509466412026696	-0.002448247558087811	-0.0023040880862712594	0.0014641916329245228	0.0015850056793856194	-0.0010263320529014031	0.0011616685153050808	0.0028030224272022467	-0.0017509097975132108	0.00019145476038836864	-0.0005064091225592035	-0.0025839666099520616	0.0009521658194604398	-0.000204933390037925	0.00013031361557258738	0.0005807868105166189	-0.0004885577982761096	-0.00039084537557259637	-0.00016878468006788073	6.646591012429217e-05	-4.1210755891431194e-05	-2.806758898567519e-05	0.001226177627929511	0.0006368424062009025	-0.00017413031694273382	3.918452649216127e-05	-0.0	0.0	0.0	0.0	0.0	0.0	0.0	0.0	0.0	0.0	0.0	0.0	0.0	0.0	0.0	0.0	0.0	0.0	0.0	0.0	0.0	0.0	0.0	0.0	0.0	0.0	0.0	0.0	0.0	0.0	0.0	0.0	0.0	0.0	0.0	0.0	0.0	0.0	0.0	0.0
GCDF259	-0.050409876223984414	0.023202430289931707	0.025731591831926165	-0.006061817434789132	0.020019395659184643	0.017380358420794186	-0.0053011460084926845	-0.0067862014607973555	0.028022017547389092	0.004851675187478371	-0.0013668004092423755	-0.022407642789757178	-0.01273649214299414	0.01047264332661631	0.002876310168281245	-0.004710046090497576	-0.008597815321228636	-0.007392827979007219	0.0015439048781149592	0.007814366149010026	-0.0022497365430203336	0.00012892240879234222	0.011053718203400325	-0.002938486893080326	0.0086728275682596	-0.008905082152101222	0.0011666902769998657	0.0006889556463095855	-0.003580113801539128	0.002087091294029307	-0.0005550069686421656	0.0028181638256925853	0.00039603935554253844	0.00024867413886136067	0.002606751751172393	-0.00412794097890465	0.0012402925814609124	0.0003420502412951812	-0.0001834373288888438	-0.0010145208421442212	-0.0016403561444199475	0.00024827403190011936	0.0012874745570413393	-0.0010653213568307008	-0.003904964076630842	0.0004450765420072997	-0.0011669742550363639	-0.0001914193995895232	-0.0003432783285764673	0.00010773542577434337	-0.0011623231038551296	-0.0013343570284707472	0.001557231519680384	0.0001562834234466958	-0.001496866317605839	0.00015041905386447706	-0.0012646158772291346	0.0011313941698836705	-4.851396424789252e-05	-0.00043353681156608375	-5.449658589596951e-05	0.0015539564439513028	-0.0006562600832839987	0.00020702146279283926	-0.0027125743056391634	-0.0004527006935358196	-1.032700791277036e-05	-0.001331313973032315	0.001612673481366841	0.00010849959381730771	-0.0005412060184431289	-0.0004588964838167399	-0.0003507619567205485	-0.0006542809506587092	-0.0007374742196291955	0.001023038666057894	0.00013837651064944114	-0.0014190934320212204	-0.00015284390930452732	-0.00024909458438811835	-0.00015411321029115723	0.0006696267614944677	0.0001326237334281364	9.809986126341083e-05	-0.0	0.0	0.0	0.0	0.0	0.0	0.0	0.0	0.0	0.0	0.0	0.0	0.0	0.0	0.0	0.0	0.0	0.0	0.0	0.0	0.0	0.0	0.0	0.0	0.0	0.0	0.0	0.0	0.0	0.0	0.0	0.0	0.0	0.0	0.0	0.0	0.0	0.0	0.0	0.0
GCDF261	-0.1460159799016818	0.06031964427806317	-0.03916856001951704	-0.003623157557853842	-0.011654708512323673	0.007044116965002444	0.0068068638398905605	-0.006492242998588486	-0.0035000562812053412	-0.008948402829080904	-0.005797734750341132	0.0004130222665130884	-0.0017672685531279983	-0.00234033135437004	0.00016316646932506052	0.003702797359742778	-0.0008235295207145334	-0.0006456775343892977	-0.001468528670150318	4.755860572391174e-05	0.005438749830245072	0.0028786782047676464	0.003860568896722244	-0.0008227592631820797	-7.94300864413947e-05	-0.0024080812432530517	-0.003182944477144237	-0.0006678149930072244	-0.003262348843962643	0.002102473135550852	0.0020680563483768356	0.002018910147332475	-0.00219814964472411	-0.0029297529927339904	0.0033093993766462764	-0.001257908824058716	0.004109063609440459	0.002432410248670075	-4.212384851792842e-05	0.0039419659830790274	0.00015493824325675285	-0.0025444004254635594	0.0048319939860409	0.0016801513981842494	0.0001798183011602952	0.002477985180953381	-0.001480112711038798	-0.003161997154543107	0.005777651193801526	0.0033596160961211047	-0.001669724566606251	0.001833164611824897	-0.003818614162579887	-0.0008775871044108098	0.0010981207851158926	-0.0020315387955328547	0.0026697522587690826	0.0025042433094221166	0.0026716940442611673	-0.00568843728404771	0.00040085290187369486	-0.004437352024372075	0.0013599291074972049	0.0010010219713644027	0.0017378619820207844	-0.002986361867488571	0.0030604170689170597	0.0007244998458542607	-0.0014155385847549168	-0.0007018175287724291	-0.0043962643990109644	0.0021033206800313313	-0.0008850145636178736	-0.0011687667145053213	-0.000352934928524924	-0.00046404905863172373	-0.0012766445439502427	-0.0007189443034941349	-0.0005613255808605553	-0.00019452217478653017	0.0010570450796691866	0.0008341378681135224	0.00021146271227023508	0.0002837347371561434	-0.0	0.0	0.0	0.0	0.0	0.0	0.0	0.0	0.0	0.0	0.0	0.0	0.0	0.0	0.0	0.0	0.0	0.0	0.0	0.0	0.0	0.0	0.0	0.0	0.0	0.0	0.0	0.0	0.0	0.0	0.0	0.0	0.0	0.0	0.0	0.0	0.0	0.0	0.0	0.0
GCDF273	-0.15419056672692344	0.06821977038743918	-0.04558720797751056	0.0041672215051380725	-0.011741628545403195	0.00311634581473221	0.008602905714531895	-0.009892118087443696	-0.0029013392415328876	-0.006325445668692568	-0.008242527722570621	-0.0006030157668723308	-0.0021557902700120204	-0.002648289262782442	0.0019638811128312996	0.0063022220119592414	-0.004030868896889898	-0.001416346448839629	-0.0015580831764436824	-0.0023916200509753694	0.004623670273625623	0.0026656216265591795	0.002541859460002987	-0.00025642736218675215	0.00043024436746812807	-0.002164103640089417	-0.001963357493749898	-0.0014147789452159216	-0.0012573780752211051	0.003210799266235876	-0.0029239186786152883	0.0014573206656560498	-0.0026433066135450544	0.0007674801959782674	-0.001073261127804323	0.0048042977471899105	-0.00211885302230771	-0.0018927124462202157	0.0033047258947299786	-0.00125516103152293	0.002537815906760692	-0.0012572296282472824	0.0008214088119998934	-0.0023477367436681978	-0.00012021248760287508	0.0033011387307180376	0.004419029181237004	0.0032694915429838708	-0.001784553802424427	0.0008842580497740261	0.0013025269608888399	-0.003918030623609629	-0.005210783695030599	-0.001775757088547246	-0.0017974061121988389	0.0025045018173605366	-0.004079768307916515	0.0024203842674605726	-0.0029615135481872953	0.0029306876949076544	0.0008070279451181615	0.0010641556101586545	-0.001965140249439299	-0.0008462167665335097	0.00048607267756764456	6.55472448327899e-05	0.0021318558712848097	-0.0021000882004615033	0.0029733050667043294	0.003946660851884919	0.0025901091611881953	-0.0002928839024858813	-0.0005492702187027522	-0.0027250362358892943	0.0029860023012373595	-0.0004928677368057289	-0.00043262803157449113	0.0011958212298358727	-0.00042142471272636593	0.0004705225653613835	-0.0008240020997620277	5.579612252646915e-06	-0.0004745951147065838	0.00020409743826294631	-0.0	0.0	0.0	0.0	0.0	0.0	0.0	0.0	0.0	0.0	0.0	0.0	0.0	0.0	0.0	0.0	0.0	0.0	0.0	0.0	0.0	0.0	0.0	0.0	0.0	0.0	0.0	0.0	0.0	0.0	0.0	0.0	0.0	0.0	0.0	0.0	0.0	0.0	0.0	0.0
GCDF279	-0.19814524838708822	0.1034588355614719	-0.07679859651251852	0.05272959678621335	0.002040663444237709	-0.03101421984613772	-0.004779179666791638	-0.010938995385114511	0.012772120314177418	-0.0032167692016292285	0.014771794091212471	-0.003309571755981997	-0.00987476171210593	0.013089547054592475	0.0014307577294996798	0.005721483134961693	-0.010808919602332321	0.006948674393146402	0.0029680555918333296	-0.007481707207370066	0.008670931763464763	0.006774464278692456	-0.004109122447891406	-0.003377010418067852	-0.0036090402367386664	-0.0004863516907313333	-0.005990988070660405	0.0017404283552293431	-0.0016190067360310981	-0.001296987301832996	0.0020440214105407603	0.007698154676625038	-7.895620006418407e-05	-0.003154239104457994	-0.001339122741186376	0.0012032716240980058	-0.0018197782569913102	0.0005191469436638703	-0.0002024618853444413	0.00014453736460853862	-0.0012558514371540847	-0.0008291880088811766	-0.0007043313832958231	0.0005013935362878139	-0.0013033905531352175	0.0014530143632998753	0.00037763870864265694	0.0009431594915887189	-0.0014478839300994006	0.00014269924819661442	0.0012956366312664954	0.0005080050149704135	-0.001562365154368162	0.002535891108568977	0.0015760142461129132	0.00046673394079171097	6.733133561440135e-05	-0.0029300960734941236	-0.0017403023455511348	-1.8353564483940712e-05	-0.0006685385411834921	0.00137369891384364	0.00046245506186838565	-0.002281465445392009	0.0010640381724248203	2.3463325240244217e-05	-0.0012391150654411521	0.001331705388098177	-0.000426707592765425	-0.0019768850291018466	-0.0004930767064598859	1.5462946673168084e-05	0.00022908414360359937	2.0417136836840935e-05	-0.00034283430368983286	0.00044857913624007906	0.0015447519787281448	0.000724096014655162	-0.0013330911051792611	0.000176971649227669	0.0008772332735341578	0.00036203629113000556	0.0006189491638299992	-0.0001613375314842639	-0.0	0.0	0.0	0.0	0.0	0.0	0.0	0.0	0.0	0.0	0.0	0.0	0.0	0.0	0.0	0.0	0.0	0.0	0.0	0.0	0.0	0.0	0.0	0.0	0.0	0.0	0.0	0.0	0.0	0.0	0.0	0.0	0.0	0.0	0.0	0.0	0.0	0.0	0.0	0.0
GCDF281	-0.12862391910710885	0.04444902563671042	-0.025262727922416593	-0.01826600428255822	-0.0054653668028195315	0.014281608823102228	0.0046382921723260575	-0.005612770319386922	-0.0016940432676921082	-0.013035856290924042	-0.0030456487609389358	-0.002090659155726187	-0.007560031070493295	0.007914236744903526	-0.0023185759266721347	0.007244997263009512	-0.005025601570319208	0.0017684767473582787	-0.001997064306143235	-0.0073760367219135375	0.006816408084627098	-0.0006745309713314153	-0.0017521515477637178	0.0013580777447083454	-0.0028536715592832706	0.0019554037977486992	-0.0013180240149285748	0.00021561203662795025	-0.00030209516392693247	0.0025302543525864752	-0.0004860710439039118	0.0004440440102701745	0.0023445635714692504	-0.00482828388091614	0.001912135621876586	-0.002505178697554017	-0.002832650102126552	0.0009635288504790039	-0.0032935393615023305	-0.003547187758215131	-0.0016633877000093453	0.004756541774446252	-0.004629897440878412	-0.004834355060635411	0.0005162248724796905	-7.318963715401274e-05	-0.003860396824358314	0.0009488154178736559	-0.002418696947077173	0.0008049614979213815	0.0001285247529045472	0.0036212270900431946	-0.0038876549127550473	0.0010934814678127058	0.0034458282374906606	0.0007387343230555927	-0.0002921334942969699	-0.0006875747754350325	-0.0031926503734324746	-0.00017171780279292946	0.00041911495505393996	0.0002155908068566686	0.0021618985785592385	0.004413786255551201	-0.0006375170443261675	0.003519777514623509	0.002338780071420757	-0.0007094448007394507	-0.0005865324065935462	-0.00020922524325865327	0.0020375370203749572	0.0003631249504070731	-0.00011800475869879342	-0.0005149394234918802	-0.002467070097308591	-0.0017612256726599865	-0.0008618432559347014	-0.0010100901961021544	3.565065140409488e-05	-0.002426521848994133	0.0007680010093625902	-0.00016024604057526806	-0.0009434227213415725	0.0003560691611898089	-0.0	0.0	0.0	0.0	0.0	0.0	0.0	0.0	0.0	0.0	0.0	0.0	0.0	0.0	0.0	0.0	0.0	0.0	0.0	0.0	0.0	0.0	0.0	0.0	0.0	0.0	0.0	0.0	0.0	0.0	0.0	0.0	0.0	0.0	0.0	0.0	0.0	0.0	0.0	0.0
GCDF284	-0.022172287154026468	-0.07026035127549643	0.01962175347984559	0.018271940353588385	0.011665870868396704	-3.6760390374902916e-05	0.011057818376659735	-0.006879868170466018	-0.008159962738073295	-0.013703600895272514	-0.009467049627491123	-0.02413863954033996	-0.006653106711217601	0.006081712833716377	-0.0033993087145788962	-0.008421469050479023	-0.006074057499296044	0.002052443139440807	-0.0015800762060947018	0.0016971279301630394	-0.00017632413636360238	0.004378925386056817	-0.002096956340543888	0.003898867460875982	-0.0012193503360556778	0.01263775334502585	0.002494751659262198	0.005028411273926003	-0.0021713446060533863	-0.006039476818459586	0.0002475438371092632	-0.0038569326797535794	0.0012485841651824574	0.004303585704351697	0.0013109144650053136	-0.002002874578824621	0.001228101871530486	0.0004415622324763793	-0.001202850007883477	-0.0013908221670158013	0.00305181580991092	-0.004271883896419021	0.0010826817950404233	-0.0003289799064970931	0.0022887276658400636	-0.00017331264890715838	-0.0013058031271261676	-0.0014891488019448747	-0.0009078946981995437	0.0005518824313503738	-0.0005957613134470181	-0.0020860975992589978	-0.00017431060295406138	-0.0001554391380387794	-0.0018086066835859358	-0.0009798534840884075	-0.0006542917425681345	0.0005474424163893812	-0.00031141705234695124	-0.0003464362201682521	-0.0015900573737870744	0.0016261075023095166	0.0015332455963571296	0.0014617559163876942	0.0014885145263639182	0.0006837702519508628	-4.2839049524695964e-05	0.001937593101251196	0.0011470220429956699	-0.001783613395071102	-0.0003066977644884657	0.0012799258646935938	0.001436731327697482	0.0010234743195422788	7.342997898657322e-05	0.0004060709167009051	-0.001317068657961952	0.0010188630024360863	-0.00029542863627488725	-0.0012607544060806678	-0.0005654341512142277	-0.0008451843107319324	4.1763119250443294e-05	-0.0005895935602620438	-0.0	0.0	0.0	0.0	0.0	0.0	0.0	0.0	0.0	0.0	0.0	0.0	0.0	0.0	0.0	0.0	0.0	0.0	0.0	0.0	0.0	0.0	0.0	0.0	0.0	0.0	0.0	0.0	0.0	0.0	0.0	0.0	0.0	0.0	0.0	0.0	0.0	0.0	0.0	0.0
GCDF287	-0.12152788731626771	0.03581773080108354	-0.020426094784898412	-0.021704470697659236	-0.007891824097629176	0.010373979087719882	0.0007173575519472896	0.005776133247583288	-0.003935806213041781	-0.010535081991896617	0.0018555250797380846	-0.0019561838920172008	-0.004967116064363259	0.007851119655658968	0.002734245352380206	0.001081927925166119	-0.0002515403680306995	0.007279240101915702	0.00016123254658527292	-0.0006723337595361053	0.0023945179485308087	0.0023276516237819497	0.00027408935951004764	-0.0034765304811652828	-0.00036705299655030455	-0.0013567798407138232	0.00015291998939930142	0.00016542925971339595	0.00016339251060279835	-0.0031932996316768572	-0.0009397443996743189	-0.0019500517154347845	-0.0015507394880089195	0.0018892965676100511	-0.003729412868966398	0.00033979301433694197	-0.001356716011683052	-0.00026334641154898795	0.0029288579580092665	-0.001064676115401865	-0.003318654776930958	0.003135328223021417	-0.0009657558679150721	0.004487600214266116	0.0028825434018783787	-0.004844881707560733	-9.748853187459715e-05	0.001013552762538626	0.0014706490559951984	0.002795074736933985	-0.0012851930742617075	-0.0029252977288327727	-0.0006646830606115985	-0.0028098737309483835	-0.0018921465442674023	-0.0006908350170204159	-0.0035433118714388676	0.0025509642741439707	0.0007670296811214102	-0.00355583406777362	-0.0022986445711861503	0.0008600728623799667	-0.00028662822016185574	-0.0014202419088995175	0.0023647182854031456	0.0010912115083434966	0.0018147437768437713	-0.005223729719703598	-0.0016554697063085476	-0.0013506639773144362	-0.0009824177544314559	-0.0012831171403201317	-0.0006723648624586198	0.004712453418064009	0.00023022028193396204	0.0009240196167118283	0.0008490567374699494	-0.001158082727710179	0.0010832955231377805	-0.0006101635112325953	-0.0003640939317988653	0.00024573444528566403	-0.0007097845101230292	-0.00044795958267091445	-0.0	0.0	0.0	0.0	0.0	0.0	0.0	0.0	0.0	0.0	0.0	0.0	0.0	0.0	0.0	0.0	0.0	0.0	0.0	0.0	0.0	0.0	0.0	0.0	0.0	0.0	0.0	0.0	0.0	0.0	0.0	0.0	0.0	0.0	0.0	0.0	0.0	0.0	0.0	0.0
GCDF288	-0.12213742271178568	0.03715780983043116	-0.01867626058154336	-0.024515469136705388	-0.009517705120259094	0.010281098291867163	-0.00015489065519386417	0.023653219157925974	-0.010225328204843485	-0.0020405866467766874	-0.005763828657817394	-0.006647202137085356	-0.003457226865181637	0.0065471266653651106	0.0014344204079463478	-0.001060983797609632	0.0015001963822081918	0.004143157720603234	-0.0016729263817441065	-0.00022735614863414238	0.001864966362962566	-0.0053628123469107065	0.0027280042516791537	0.0019241726586090302	-0.0022217203514744988	0.0026992546667083507	0.0025805027119033806	-0.004448461066580086	0.0015048378580826182	0.0024811366315636556	0.0009439226978639855	-0.007149572864021264	-0.0006814647908809288	0.0007554125576782588	-0.0004989643826473964	0.0025600181255604807	0.0022963136032031154	-0.0003806873950348915	-0.0020756799714317722	-0.001968499510236227	0.0015075644340480643	-0.0004978795457784645	0.0015861777029618565	-0.00014082907413541046	0.0034158629023777185	-0.0023903076643381157	-0.0013917002149763087	-0.00013473603774105962	0.0007138673327317327	-0.003638843782865487	-0.0017000317560300557	0.0015659992241684345	-0.003487984761462299	0.0011457976469035306	0.0010504584565034678	0.0021800468214633073	-0.0008779813340340471	-0.0010140513452041185	0.001254352742501486	-0.001436357994158061	0.0013778755845512455	-0.0018022447099641378	-0.0007645578421668348	0.0005134062915617286	-0.0007210730695122964	0.0026804800077596313	-0.0014240388893183018	0.002564939137022645	0.0003977599142433989	-0.0016071339855979912	0.0029424907052725212	-0.00046804943327586284	0.00037927430962934937	-0.0018698607755433078	0.001110146773975086	0.000908308997994438	-0.0016465712795185562	-0.0035095124722030247	-0.00045565954998880637	0.001796713417947891	-0.00018482781315715715	-0.00046162330310129876	0.0010038920047775919	0.0005883975538138604	-0.0	0.0	0.0	0.0	0.0	0.0	0.0	0.0	0.0	0.0	0.0	0.0	0.0	0.0	0.0	0.0	0.0	0.0	0.0	0.0	0.0	0.0	0.0	0.0	0.0	0.0	0.0	0.0	0.0	0.0	0.0	0.0	0.0	0.0	0.0	0.0	0.0	0.0	0.0	0.0

Biplot	0	0

Site constraints	0	0
