	GA11	GA13	GA17	GA18	GA19	GA20	GA24	GA27	GA28	GA29	GA33	GA35	GA37	GA39	GA40	GA41	GA44	GA45	GA5	GA58	GA59	GA60	GA63	GA65	GA67	GA7	GA71	GA72	GA76	GA77	GA79	GA82	GA83	GA85	GA86	GA87	GA92	GA96	GB101	GB102	GB116	GB118	GB119	GB127	GB128	GB130	GB144	GB147	GB149	GB151	GB155	GB157	GB164	GB165	GB169	GB175	GB178	GB189	GB98	GCDF194	GCDF197	GCDF202	GCDF209	GCDF213	GCDF215	GCDF217	GCDF218	GCDF220	GCDF222	GCDF224	GCDF225	GCDF226	GCDF227	GCDF228	GCDF229	GCDF230	GCDF231	GCDF232	GCDF235	GCDF236	GCDF237	GCDF238	GCDF239	GCDF240	GCDF241	GCDF243	GCDF244	GCDF245	GCDF246	GCDF247	GCDF248	GCDF249	GCDF251	GCDF252	GCDF254	GCDF255	GCDF256	GCDF257	GCDF259	GCDF260	GCDF261	GCDF262	GCDF263	GCDF265	GCDF266	GCDF267	GCDF269	GCDF271	GCDF272	GCDF273	GCDF274	GCDF275	GCDF277	GCDF278	GCDF279	GCDF280	GCDF281	GCDF282	GCDF284	GCDF285	GCDF286
GA11	0	0.00897652748854586	0.1118275548021	0.109417948081638	0.0257732953800999	0.111096125058453	0.0113514044576071	0.0465931175182564	0.0474083018724364	0.111217964779247	0.111915960381127	0.0465375040893001	0.0724163567929557	0.0736230789410948	0.111749621954831	0.063694882498245	0.0394443250214211	0.051031855584094	0.0088856841150596	0.0248821036551486	0.0317543479002485	0.0812584722433427	0.0455301104282791	0.111511387608268	0.112114039334384	0.00979098290172076	0.032997657892981	0.0858514250980483	0.0234129187848532	0.110597883812105	0.112310976617866	0.06120673363859	0.111367731232836	0.0476030635487552	0.111984058537266	0.11192595710357	0.103616885916151	0.111689403803662	0.112046262606828	0.11090955672541	0.040300475753317	0.111555545167489	0.109277314910985	0.00802086132244593	0.111836830850201	0.0802309024665091	0.0487877068232105	0.0192058989989825	0.0108766140039385	0.110977988426733	0.103636927977957	0.0346965391489893	0.108535556329621	0.11166794951817	0.109899984616222	0.106133057086757	0.11276579196706	0.110578726788964	0.0653432021764192	0.111228369928972	0.132334170994735	0.112167278323511	0.0563882367704252	0.00786043947646065	0.106677340287151	0.0250979561565651	0.0691217202128786	0.0373170926150951	0.0130631847405863	0.0654040349628588	0.0339431927417113	0.0781050220583424	0.0480045478866257	0.0756470302138666	0.0437756054705442	0.0547386488754942	0.0528979588187102	0.0622883258820182	0.0312586722312251	0.0108966039131499	0.062878952258163	0.0194296994143062	0.032991032332483	0.0339302402177844	0.0366068611278979	0.0308371374402383	0.068555057312202	0.0424504880087845	0.0545543203826504	0.0276730102157653	0.0411530645620642	0.0513571979421558	0.0333058086948262	0.0402539757202671	0.0710898409738685	0.0677880855898062	0.0316714732766603	0.0606242422428396	0.0322943746272211	0.0438181817757361	0.0622050227465654	0.0141886139542542	0.0144622261175002	0.0323446557828874	0.0147840408420171	0.0259029254543059	0.0376988119549221	0.0556193644726517	0.0286939880443793	0.0663248343825942	0.0184314307166414	0.0226670073561671	0.0490925353058059	0.0594126088450653	0.0807971051245025	0.026533755172759	0.0575501619640625	0.0110298741839337	0.0153292398535261	0.0451263210576291	0.0609936250956974
GA13	0.00897652748854586	0	0.116802868216929	0.114487346600402	0.0308514726395258	0.11608836566559	0.0157039218883246	0.0516891684195008	0.0526282052048529	0.116137845046592	0.117309626530517	0.0518001058712752	0.0775188373947384	0.0788844092325731	0.116791256374181	0.068913117126383	0.0446633046135457	0.0560594797510691	0.00742852767092185	0.0296950916750262	0.036505490127537	0.0861929667116416	0.05041655111644	0.116617919293919	0.117353593836529	0.00839452191451188	0.0379589622783841	0.0910391650266117	0.0284992415984773	0.11558663295676	0.117546829235072	0.0663943335865483	0.116422269907263	0.0527921960585647	0.116940546893712	0.11702449341314	0.108531900126525	0.116858736583681	0.116988322951577	0.115898493715007	0.0453516874801029	0.116667334855807	0.114469146713464	0.00997907796761755	0.117036199705167	0.0851680214958962	0.0538708599227847	0.0149506051669537	0.00831537639176605	0.116154761702725	0.108586500088374	0.029871243663659	0.113690533421256	0.116805446945658	0.114901542663574	0.110980985968402	0.118008361546078	0.115784078911699	0.0705870267267179	0.116297812022344	0.13334406016752	0.117375729887774	0.0615586557547853	0.00859936597143215	0.111671672927009	0.0302477843607917	0.0742881210012869	0.0424730900223508	0.00962265676611827	0.0706251960887451	0.0391550441131447	0.0833454990025723	0.0533148485678013	0.0809839150369769	0.0490111185783389	0.0599652811358071	0.0581415084501108	0.0673455322782199	0.0363867695095262	0.0153091590124832	0.0681236980464121	0.0149968088548066	0.0281995523278837	0.0289826444444256	0.041706010473497	0.0260215393606235	0.0737424196317942	0.0474068668266438	0.0597265419183355	0.0328401127416227	0.0464435720985586	0.0564768361398066	0.038472831719602	0.0452675304629586	0.0763086826361791	0.0729712025083677	0.0367429747876495	0.0658276911937829	0.0375274299371122	0.049035358948238	0.0674374345125574	0.0105044998433159	0.0105841821012548	0.0274645643534534	0.0192002242000661	0.0311301946640015	0.0430553813436718	0.060753704735426	0.0338523570222385	0.0715600421482867	0.0233502034803457	0.0278363667259162	0.0543336193594668	0.0646355047897257	0.0860403623394292	0.0216866315888109	0.0627773851532527	0.0151023350131576	0.02033048883231	0.0502979524358354	0.0660219310284263
GA17	0.1118275548021	0.116802868216929	0	0.00507262737885343	0.0882229019295086	0.00393962399502558	0.101355935663286	0.0660584115169265	0.0749952489077443	0.00352663203786983	0.00614284286322543	0.0674742504653305	0.0400350137867711	0.0398928065304503	0.00640233216402732	0.0503366562453183	0.0741706794560558	0.0905450404894472	0.11559099433097	0.0921864240910068	0.0949767612748676	0.0309667755482775	0.0692746294568283	0.00665286050831918	0.00727846365977041	0.11773436719721	0.0799901643485734	0.0802579696732338	0.0896182911414089	0.00478666583123156	0.0083027113501848	0.0519591720041	0.00548756917270672	0.0653171810236844	0.00540514190615428	0.00701583893922619	0.0118748033231105	0.0077737140765583	0.00362162334454067	0.00581914004093657	0.0725437982967406	0.0059970182865256	0.00720598526308407	0.111607744386702	0.00705532512669875	0.0320680783214894	0.063974896276539	0.130200212727291	0.120190131393346	0.00604295008110278	0.00898032039497988	0.1455862860788	0.010092969946187	0.00668422049828664	0.00559102286198976	0.00916787887914012	0.00837761676409329	0.0064728300797405	0.0483034293383661	0.012243409655198	0.128788718445735	0.00748193390300554	0.0581592674734014	0.112642574566181	0.0104958432481972	0.0876947490855901	0.0451453974225906	0.080080716898947	0.122847642711919	0.047882561317899	0.0794230427103813	0.0361465190283277	0.0666851181574542	0.0377635583281517	0.0705054821164319	0.058427660227424	0.0610161158773634	0.0514966853790813	0.0817483945025338	0.104071243017009	0.0504466652719661	0.130294214670706	0.141556150684453	0.144642251158001	0.0787258094759903	0.141831336448891	0.0449212124251356	0.0700244083248003	0.0609182564899175	0.0857867676049772	0.0722527382048694	0.063811381018222	0.0819143369191825	0.103964214147341	0.0427267054716746	0.0461277571516206	0.0815351025925742	0.0541674113559602	0.0848944182648803	0.0694347193671597	0.0516707127669243	0.124410658021166	0.124843326030356	0.143234219514962	0.0984637978101018	0.0878632709082931	0.0757970542016655	0.0574906209126265	0.0845770403140723	0.0476210652803532	0.094329668942726	0.0915253352035176	0.0646605853631039	0.054105280098891	0.0327348144856667	0.137486609846655	0.0565500334657804	0.10412489359427	0.098429998288853	0.0686735884860308	0.0514841477828796
GA18	0.109417948081638	0.114487346600402	0.00507262737885343	0	0.0858485619678642	0.00506422233372701	0.0990387121535311	0.0637233513548519	0.072637011607488	0.00521177457965384	0.00773889285446417	0.0651115864289529	0.0377348074030997	0.0375467261882743	0.00834303352784252	0.047966771354579	0.0718355077234182	0.0882933989468247	0.113255824780825	0.0901731053988139	0.0929637848578318	0.0286525549235368	0.0669849898779031	0.00862281313260095	0.00913779947887918	0.115409601517398	0.0775703017157738	0.0778689454450752	0.087424337261855	0.00614407616244121	0.00976566842173913	0.0496648564708955	0.00745382839860865	0.0628544693116588	0.00744658198461614	0.00895948862337103	0.00963583991702909	0.0089801974956774	0.00482343181243373	0.0072844973612445	0.0702086314182691	0.00793268270273175	0.00700596232446983	0.109272574911816	0.00901901126942701	0.0297194989115903	0.061669692660522	0.127865044230765	0.117854963950437	0.00754645002789494	0.00675519220907279	0.143251119388474	0.00725404099288462	0.00865892596034841	0.00606312280088061	0.00712472218973092	0.0102481506717852	0.00757301119955802	0.0459302856464579	0.0112797111047037	0.126750090808579	0.00941746799990234	0.0558197889288869	0.110307871542796	0.00847825094718825	0.0855828245179822	0.0427998775484586	0.0777285145313451	0.120500346325865	0.0455554421577189	0.0771102994830921	0.033805086268018	0.064352543403705	0.035437291506866	0.0681679513719347	0.05609165914733	0.0586995988181143	0.0491235217060706	0.0794146938456429	0.101737123772953	0.0481000347721456	0.12795484743335	0.139036502952528	0.14226053399269	0.0763849175036556	0.139461161211284	0.042585764456578	0.0677132210270925	0.0585824010348079	0.0834300202703235	0.0699058812149245	0.0614795899300864	0.0796495473219289	0.101692476131097	0.0403912593093183	0.0437892461289661	0.0791056274314119	0.0518309910490055	0.082558559197368	0.0670925357727089	0.0493333278355574	0.122068295499893	0.122515944368912	0.140893760955695	0.0961131071954062	0.0855346477091914	0.0735108748529897	0.0551617434530547	0.0822416028440601	0.0452757385192495	0.0920081589408595	0.0891459319326613	0.0623259744559876	0.0517695595820745	0.0303697281827529	0.135151439318151	0.0542087491714593	0.101776074881505	0.0960948368666148	0.0661055761380027	0.049146637997844
GA19	0.0257732953800999	0.0308514726395258	0.0882229019295086	0.0858485619678642	0	0.0875334331032002	0.0175887675382046	0.0233374504805213	0.0239633994760236	0.0877712430677029	0.0885464545301717	0.0235859817975775	0.0491732343128233	0.0507014292960215	0.0885479463019756	0.0406371425235211	0.0165306025812628	0.03131841712001	0.0292605476341013	0.0131200274753601	0.0191450981855995	0.057947961933384	0.0220350893308418	0.0884439936942524	0.0890974802049724	0.0314142020381611	0.0111934924192463	0.0625873950469975	0.00816022790968418	0.0873052465042683	0.0893923500270555	0.0382283592239173	0.088224948581421	0.0243876031929194	0.0883265100795813	0.0888792862645303	0.0801200023805252	0.0885297318149095	0.0885186527263035	0.0876061156241581	0.0172559163589595	0.088311172570243	0.086231070485982	0.025215879602433	0.0888052779917765	0.0569805058490748	0.0255068215315766	0.0437296095558188	0.0338292006177433	0.0879400489155692	0.0802833507909919	0.0592736204841522	0.0848547163033726	0.0886466428637505	0.0866242811986894	0.0825978935968996	0.0898545593625367	0.0875879627737132	0.0424384979926275	0.0878290801939338	0.12876727409435	0.0891775473801777	0.0334707586414585	0.0262976265747589	0.0827731216194654	0.00775643611195112	0.0461302958993298	0.0144936743008932	0.0363359244709665	0.0424598388072818	0.0115835665586414	0.0551917026139269	0.0250521835181956	0.0527694778836737	0.0210082225085264	0.0318067641176208	0.0299828003885017	0.0391820037756303	0.0102838402275335	0.0180849431957485	0.0399261833065086	0.0438250476174583	0.056868778221836	0.0583664088914491	0.0145822548486217	0.0553675450836167	0.0455975015882892	0.0191077371692341	0.0316328257886749	0.00866511894620466	0.0182707007701575	0.0281313656913963	0.0122324382754588	0.0315896623175253	0.0481566959860349	0.0448628419050665	0.0103500491158679	0.0377087683200535	0.011856956673184	0.0208809672045813	0.0392905443041313	0.0380066671135901	0.0383660970914243	0.0568150528001063	0.0138832072685049	0.00826626250078205	0.0150070215876431	0.0325917455490039	0.00808742945082486	0.0434062440286983	0.0101426041654471	0.00886047237101152	0.0261710758198692	0.0364794906209966	0.0579158260364725	0.0510256248291093	0.0346426685161964	0.0180118166126612	0.0126021475392403	0.0217922091074852	0.0378665452390307
GA20	0.111096125058453	0.11608836566559	0.00393962399502558	0.00506422233372701	0.0875334331032002	0	0.101093545104518	0.0654639476778531	0.0754123711676309	0.00311908241469564	0.00456614924519502	0.0667341148311442	0.039469547419235	0.0391521000613769	0.00432394741625158	0.0495665870381124	0.0734379548541825	0.0914514409472244	0.114859793448087	0.0935511841918483	0.0963838890646443	0.0304839618579306	0.0698575216787632	0.00451879012762955	0.00514394549695267	0.117038252528268	0.0793912613933737	0.0809202514814608	0.0890282996074118	0.00308236453183597	0.0059794294694909	0.0513510896325713	0.00352529331987648	0.064649405352997	0.00369766842446883	0.00490891630526143	0.0119840818071606	0.00532898018042548	0.00502340382933993	0.00355598339963836	0.0718110722273287	0.00392737189916931	0.00553372427774123	0.110875020800817	0.00495471817328397	0.0314262649138468	0.0634620024474582	0.129467487711497	0.119457408183753	0.0037786912371762	0.0087573553924684	0.144853564524891	0.00973649817810516	0.00456531459790175	0.00327639738003714	0.0104714372016565	0.00619439528596522	0.00405169552370831	0.0475636654806258	0.0137806863364096	0.130291024317043	0.00536050575766524	0.0574198919489528	0.111910317431797	0.0115427142338395	0.0871954271287629	0.0444164271983835	0.0794157356475339	0.122076410612073	0.0471514563894633	0.078698155329083	0.0354132385303577	0.0659715375590204	0.0370455079834269	0.0696791159835729	0.05769619484893	0.0603041298536941	0.0507757485740715	0.0810158826184995	0.103347253317785	0.0497021484329845	0.129561492740506	0.141338786693534	0.143972660555984	0.079380477919723	0.141091246044997	0.044188906824348	0.0696469086664494	0.0601869306028491	0.0850459510328794	0.0715819320293388	0.0638213027080502	0.0826588717825485	0.103905068202452	0.0419949570463763	0.0453932234885717	0.0807640675944511	0.0534345482410205	0.0841560758123494	0.0687300534636685	0.0509321939839859	0.123679228954845	0.124096578871361	0.14253588607817	0.097891821779988	0.0871370865239037	0.0751133187100141	0.0567617455892491	0.0838379649200825	0.0468907048455392	0.0936125431096915	0.0907834407055017	0.063955704860314	0.0533721480857242	0.0320171162749481	0.136753885432927	0.0558173152232411	0.103395759532548	0.097697415812449	0.0679504312951155	0.0508702184741545
GA24	0.0113514044576071	0.0157039218883246	0.101355935663286	0.0990387121535311	0.0175887675382046	0.101093545104518	0	0.0377973689311984	0.0376346479687426	0.100911577166331	0.103310348033303	0.0388683924131622	0.0635303634811531	0.0659248474797215	0.1033492923686	0.0559739013663446	0.0317835003288105	0.0409737888422578	0.0145340717369408	0.014305220248949	0.0218949603725864	0.0718252510208674	0.0349283597309782	0.103437343781645	0.104389214756513	0.0166821368062173	0.0238396673500914	0.0757100329254613	0.0155325935109321	0.101129960757915	0.104654719582712	0.0530057933670704	0.102445417732903	0.039437523111701	0.102705812589689	0.103943772990294	0.0932048034637865	0.103928903738658	0.101405719389217	0.102179820940952	0.0322561648420312	0.103048058396036	0.10126648256273	0.0118998547761955	0.103927742200668	0.0714715427973054	0.0394367460688256	0.0289782620778288	0.0190401238323462	0.102502659339495	0.093645370066768	0.044363923333209	0.0984735692089254	0.103574946974263	0.100739079292374	0.0953983835349179	0.105116251818459	0.10240379826288	0.0576730101472802	0.100715211094028	0.1282060426293	0.10437267251087	0.0486721107077719	0.012347833552125	0.0961962750915325	0.0167932035119245	0.0614631475146973	0.0288694435072066	0.0218199755940022	0.0576097627330308	0.0262476503660884	0.0704536731496002	0.0404487336148517	0.0678185352096052	0.0360895092363911	0.0469483685388108	0.0452512101166778	0.0540989657318351	0.0231428298666471	0.00856353837592207	0.0551207727479814	0.0290777186834902	0.0412346123708318	0.0434855742173062	0.0262990256658558	0.0406173214391626	0.0608123367031415	0.0326995858358163	0.0468988321495779	0.0199809735311628	0.0332841341468421	0.0412874297060148	0.022994364912838	0.0337462205665581	0.0634139551207273	0.0600809904586787	0.0236729225896374	0.0529672778917081	0.0246807363618052	0.0360373481355532	0.0545413036915389	0.0233321305072744	0.0236607603540625	0.0420469393520945	0.00830899405638885	0.0183066602542319	0.0300447620790113	0.0476773951691811	0.0208675031164529	0.0586679371619465	0.0106859795744484	0.0151535759614122	0.0414237945782717	0.0516943245599366	0.0731260683575664	0.0362659107254009	0.0498932683558175	0.00789283559366007	0.00932858793789314	0.0368695322687578	0.0524378683831957
GA27	0.0465931175182564	0.0516891684195008	0.0660584115169265	0.0637233513548519	0.0233374504805213	0.0654639476778531	0.0377973689311984	0	0.0148728725058262	0.0653689413735963	0.066683986346529	0.00697474954696843	0.0269814166193358	0.0287330766217877	0.0664135895368427	0.0187516373281151	0.00952694643843881	0.0306806778064882	0.0500341999636154	0.0310736315494234	0.0339423031028774	0.0355985628610308	0.00953407014127482	0.0664077863247708	0.0672163949018777	0.0522580497117356	0.0154546214963752	0.0512808034516344	0.0243077512567091	0.0649431432136382	0.0674146891317584	0.0161365138959478	0.0658811797397305	0.00652660886319636	0.0663074901459193	0.0668239267637031	0.0577603699357221	0.0667714241026628	0.0660774416167929	0.0654812788948266	0.00825930655830436	0.0662948828604486	0.0642297284094372	0.0460225439846817	0.0668325861445581	0.0348225198309831	0.00715303156734209	0.0645860036966777	0.0546339039098133	0.065709900299106	0.057919187076164	0.0799721276970825	0.0628516456921293	0.0666689475001109	0.0644231478900018	0.0602330748706755	0.0678826891111605	0.0655079138926183	0.0204808177200682	0.0653772854970561	0.125199484403687	0.0671794643682061	0.0119133629633885	0.0470500250506883	0.0608391149929076	0.0227296838743819	0.0242361215724036	0.0155818777939662	0.0573110434819352	0.0204645502945465	0.0140762948078301	0.0332347185285103	0.00777881680176396	0.030634155120663	0.00722823173720201	0.0103804024848899	0.00912198408346887	0.017140806337461	0.0163843731532306	0.0384967024202901	0.0179460891851723	0.0646897553268707	0.0778055617002526	0.0791586740977234	0.0167607238652617	0.0762395602133539	0.0236428060164355	0.00847485041683257	0.0110410938904894	0.0202997984327	0.00807599990153591	0.00877848047424446	0.0200905064403108	0.0399476672438058	0.0262175227487178	0.0228997721346189	0.0162402176288794	0.0159029530577663	0.0194754657392023	0.00662409196810025	0.017323822383957	0.0588842481751033	0.0592331549510209	0.0776710278458065	0.0337200010515223	0.0223083494494509	0.0110231038921447	0.0110553200427217	0.0190649359355295	0.021438267430046	0.0291472987243623	0.0260601408233998	0.00743164811571448	0.0146050691731613	0.0359091459575928	0.0718834951444708	0.0126879792448811	0.038601361102227	0.0329063401152991	0.00759203604427213	0.0158241912863697
GA28	0.0474083018724364	0.0526282052048529	0.0749952489077443	0.072637011607488	0.0239633994760236	0.0754123711676309	0.0376346479687426	0.0148728725058262	0	0.0752730196473574	0.0774154997985772	0.0169915192468901	0.0386148338027374	0.0409685847998568	0.0783698579127138	0.0309201961928847	0.0159836026999836	0.0276364773474257	0.0513226402302583	0.0280074286415721	0.0305114794296749	0.0470475567636466	0.0128869659907062	0.0785612831212053	0.0792159508876126	0.0534511381252245	0.0176672024059702	0.049153693246119	0.0256564679339227	0.0761475687978244	0.0796835069554021	0.0278197865782663	0.0775487707419829	0.0160387702794238	0.0770652607986421	0.0790584375611459	0.0671487499893916	0.0788042377492394	0.0740985830474381	0.0774025588926643	0.0146500431236369	0.0780230117115107	0.0763149594116693	0.0473481415197103	0.0790215048826102	0.0466601410974758	0.0159129721131364	0.065931441093033	0.0559363330930772	0.0775381332696086	0.0686521066559686	0.0810061051990047	0.0715918863813082	0.0786897178099613	0.0760380468434758	0.068280277303373	0.0801578038419136	0.0775509818334772	0.0327392437805732	0.0728147372302383	0.121497682098186	0.0794264067604084	0.0238689720216725	0.0483440096405419	0.0686667756074005	0.0238918790574929	0.0364788939442598	0.0177043177601364	0.0584364110472226	0.0326120387762785	0.0175633278835301	0.0455249184084059	0.0175403597190826	0.0426640797105401	0.0162436269656426	0.0223885825788132	0.0209190629686069	0.0292639984758665	0.0186416767255375	0.0398081037206481	0.0301485411408875	0.066020768323932	0.0747972868683964	0.080303782841774	0.0153693798788343	0.0775298055148486	0.0359030418436636	0.0135017905779409	0.0224327030168338	0.022123831032653	0.0147071226189534	0.0164246220950677	0.0179057072688158	0.0379561525440276	0.038498794998635	0.0351574994021594	0.0187315132440717	0.0280850178308108	0.0218550574899924	0.015707731679684	0.0295516481679497	0.060091049984248	0.0603784028854635	0.0789931144828748	0.0344061567589189	0.023939981717955	0.0156902680455735	0.0230005445485615	0.0211051302877339	0.0337320855169585	0.0302262192385064	0.0272198497797504	0.018313939043443	0.0268088418971559	0.048187432490816	0.0732208822637495	0.0249895615070456	0.0398529315875335	0.034220697621655	0.0149970608481178	0.0275928217334428
GA29	0.111217964779247	0.116137845046592	0.00352663203786983	0.00521177457965384	0.0877712430677029	0.00311908241469564	0.100911577166331	0.0653689413735963	0.0752730196473574	0	0.00459242084138848	0.0668807457568067	0.0395083072209599	0.0392770294024788	0.0046935603269517	0.0497247295247184	0.0735052255066958	0.0911403636288161	0.114923871075264	0.0927246272413418	0.095405374136236	0.0304522437391558	0.0693819385887396	0.00478404645826856	0.00571365544403141	0.117090707099197	0.0793023723544496	0.08033678229108	0.0890773736467265	0.00319492618607432	0.00651390271995104	0.0511123583924891	0.00386956526375743	0.0649221106385342	0.00380950684499259	0.00526487369753533	0.0114347061208176	0.00605111506137282	0.00394273293674971	0.0040655603751098	0.0718766760570232	0.00433002140389454	0.00568676226762961	0.110942292619835	0.00525496420544582	0.0315071660460848	0.0633074411689633	0.129533090449945	0.119523009341775	0.00422802096999467	0.00864934822252829	0.144698853595088	0.0102405074908577	0.00488914359029326	0.00389268849223777	0.00975660734217275	0.00655888732184063	0.00473450846567919	0.0476900143078481	0.0128002447085549	0.129177136628917	0.00571691515418052	0.057522486932952	0.111957570293335	0.0108990532703547	0.0872604508291591	0.0445676480579858	0.0794484209683206	0.122225233325453	0.047190192785829	0.0788128188613689	0.0355385305416403	0.0660131458531727	0.0371113460172306	0.0698503693095361	0.0577786366521108	0.0603749772364443	0.0508444661067592	0.0810862115085727	0.103416824506389	0.0498064912554592	0.129631294520816	0.141186022773536	0.14399448714473	0.0786116434016613	0.141148319298571	0.0442689748273955	0.0695525134979474	0.0602725722046211	0.0851546590677415	0.0715463953939351	0.06336931827845	0.0820710713965724	0.103549682356492	0.0420860215419471	0.0454854000397403	0.0808889609996719	0.0535434301227632	0.0842057288897158	0.0687951248778839	0.0510374082986152	0.123825153166598	0.124125845579788	0.142582968178422	0.0978501153865246	0.0871993938479761	0.0750514537923866	0.0568484954836995	0.0839150736879821	0.0470328369375431	0.0936619317290759	0.0909427553415298	0.0640140637905911	0.0534534735812081	0.0322407843037085	0.136819486214657	0.0559291208181718	0.103532460678105	0.0977676139034406	0.0682200103847667	0.0508514212237464
GA33	0.111915960381127	0.117309626530517	0.00614284286322543	0.00773889285446417	0.0885464545301717	0.00456614924519502	0.103310348033303	0.066683986346529	0.0774154997985772	0.00459242084138848	0	0.067506770518693	0.0407797104556753	0.039975755706881	0.00402983955361626	0.050362676419694	0.0742333690927486	0.0940042439885814	0.115703989158977	0.0965986203665685	0.0989879600026391	0.0321546712269386	0.0726696008985693	0.00419851285440734	0.0047636285431288	0.117759061582161	0.0809357610314783	0.0826345996724235	0.0899289949524282	0.00386252908878066	0.00569621347963358	0.0519677393439442	0.00364662255536802	0.0655391196334603	0.00409339117168477	0.00460150911980732	0.0142693920060992	0.00510814031609569	0.00732090283241687	0.003908605733416	0.07270507924635	0.00392916274899052	0.00558578253093392	0.111676417215906	0.0045487870123576	0.0327452464838221	0.0650259812522416	0.130264370429395	0.120287139533144	0.00395742037940319	0.0108329670155665	0.145287017629604	0.0119967118112577	0.00432618234231315	0.00428898319028167	0.0135333438055834	0.00578757510591073	0.00424952564685784	0.0483823878069719	0.0158431571955332	0.131764386112642	0.00494404276597756	0.0582212262006119	0.112687699722521	0.0138757307449299	0.0881897867327989	0.0451826869011527	0.0801068553418824	0.12285244713227	0.047824684605755	0.0795042617152436	0.0362108851397278	0.0665142114716347	0.0376399065546616	0.0704687813842537	0.0585382259027524	0.0610759765888103	0.0517709480993675	0.0819454351157853	0.104126864460984	0.0504824547755598	0.130350134062647	0.142292805618108	0.144687170934195	0.0814667931861348	0.141816203040306	0.0450021593709185	0.0715534227589766	0.0609809537277077	0.0858450905993731	0.0722148957276585	0.0657184401696378	0.0848091187501195	0.104521252365425	0.0428072988911711	0.0461971767698274	0.0816743983463808	0.0542362958117567	0.0848028397168776	0.0695182970452188	0.051672956934481	0.124437434881022	0.124768058534222	0.14329790918514	0.099215753000192	0.087921636950488	0.075707239258771	0.0575661296118992	0.0846298870564711	0.047686681715828	0.0946313298561356	0.091495332543296	0.0647094998922613	0.0541724843358753	0.032868001873445	0.137547776705087	0.0566175877671651	0.104195835162895	0.0985213472987666	0.0689506170650323	0.0519284106264211
GA35	0.0465375040893001	0.0518001058712752	0.0674742504653305	0.0651115864289529	0.0235859817975775	0.0667341148311442	0.0388683924131622	0.00697474954696843	0.0169915192468901	0.0668807457568067	0.067506770518693	0	0.027746649919962	0.0281974126236758	0.0668394187785158	0.018399866540079	0.00918621594566062	0.0325327570917028	0.0493852032179182	0.0322692092282302	0.0351978320101596	0.0367241004538355	0.0114497047275154	0.0665743811564012	0.0668463126728029	0.0516125807783218	0.0162910793465797	0.0535083599012307	0.0239610615553278	0.066112699005941	0.0667364884055022	0.016628150207301	0.0667511864066726	0.00713661317525413	0.067533026439975	0.0667698793113232	0.0592824650006463	0.0662577363728273	0.0677582909437743	0.066209334767226	0.00790433357869548	0.0667889626188712	0.0640955427379319	0.0450218283957002	0.0666958168148994	0.0355652720112391	0.00780902849863086	0.0634792800804581	0.0539009406635858	0.066356105334831	0.0592257883211579	0.0795503841957661	0.063961467169451	0.0665984804356339	0.0650968439877033	0.0617509576482604	0.0671285765640663	0.0658405503314553	0.0198885328771377	0.066998877233327	0.127685510449939	0.0668155727813942	0.0114790839519389	0.0463686894738313	0.0624804234489648	0.0229485554366627	0.0235097839995617	0.015853507491299	0.0564182173423093	0.0203089381173027	0.0135258893868086	0.0324282788041264	0.00720581797544252	0.0306633390072319	0.00767176428273546	0.010519367571558	0.00900333763024948	0.0173342079088807	0.0163596791469238	0.0375929430051885	0.0175980113886504	0.0636444733374649	0.0786188493924912	0.078601882689529	0.0180555405659658	0.0749514144704197	0.0231260104913904	0.0101337767361353	0.00989707387899133	0.019576174980782	0.00856604668631623	0.0108300773568	0.0215376890875926	0.0398193272677335	0.025579310887766	0.0222276647509349	0.0157845111227491	0.0152386548773696	0.0185969004717966	0.00737455663990907	0.0168161861095201	0.05796230351082	0.0582400548337686	0.0768707109370617	0.0341825280338526	0.0213659720899857	0.0109050213394574	0.0115632284273901	0.0184961007743359	0.0207081186782682	0.0292919764031816	0.0254745132788414	0.0065173904259802	0.0141217416524093	0.0353713827489903	0.070887666571923	0.0122162714786357	0.0376617388254163	0.0321120372361908	0.0082887567208158	0.0162695748308165
GA37	0.0724163567929557	0.0775188373947384	0.0400350137867711	0.0377348074030997	0.0491732343128233	0.039469547419235	0.0635303634811531	0.0269814166193358	0.0386148338027374	0.0395083072209599	0.0407797104556753	0.027746649919962	0	0.00575122586569062	0.04056028412147	0.0108532651746175	0.0343763506547971	0.0545990098305423	0.0758513723208447	0.0568244921212847	0.0596550903236023	0.00989383378306009	0.032975815255383	0.0404828701055411	0.041304734996473	0.0779894206936311	0.0411789306637013	0.0473456077954986	0.0499921629788599	0.038884376975322	0.0415618500926278	0.0126827632681457	0.0400027811075702	0.0260598150392373	0.0404288150144346	0.0409793499292749	0.0318629151266633	0.0408518819345368	0.0403287666238318	0.0396092966048404	0.0328320562933581	0.0403082473862051	0.0381716978406966	0.0717996766395641	0.0409271300140053	0.00910214541686906	0.0253030559414941	0.090391029312153	0.0804451026323468	0.0398863127285784	0.0319752176903715	0.105868861304991	0.0370524661671935	0.0406774582360128	0.0384819577024742	0.0343239379839765	0.0420283952520953	0.0395658680736417	0.009012847242764	0.0395361264471454	0.121447027406909	0.0413103951047165	0.018463221183423	0.0728688223494424	0.0350801416418769	0.0485441205703249	0.00693290758609885	0.0407865957140622	0.0830743206721364	0.00915291436214113	0.0397117079959975	0.00843582952258676	0.0269008634818925	0.00736456118039599	0.0307621233861404	0.018688214110267	0.0212594575690802	0.0120059238309323	0.0421720009033728	0.0642826852548604	0.0111663169180504	0.0904871338997224	0.1036979101523	0.104929774096518	0.0423888464768728	0.102042566044162	0.0068953708425691	0.0319775370786888	0.02113691758308	0.0460476575400492	0.0326270367009471	0.0265550202539548	0.0458161677374984	0.0656019278773756	0.00633072803464878	0.0078174631108972	0.0418547043068842	0.0145205481147224	0.0451131849878966	0.0297251331215404	0.0121349356457064	0.0846657564844748	0.0850288560896209	0.103456952806675	0.0593995167450471	0.0480679067397358	0.0360281799139097	0.0178087068077252	0.0448060330154017	0.00883071372671185	0.054950764459191	0.0517988886420775	0.0248961160335727	0.0143572861996639	0.010321730814258	0.097677426582033	0.016829833717584	0.0643756272591124	0.0586592811300899	0.0294721584974064	0.0123233997987376
GA39	0.0736230789410948	0.0788844092325731	0.0398928065304503	0.0375467261882743	0.0507014292960215	0.0391521000613769	0.0659248474797215	0.0287330766217877	0.0409685847998568	0.0392770294024788	0.039975755706881	0.0281974126236758	0.00575122586569062	0	0.0391267427628992	0.0111745304952498	0.0346530102230985	0.0571217132412424	0.0764288844710047	0.0593206566015277	0.0622430578099959	0.00945405065166679	0.0355482464374015	0.0388917694752566	0.0391648383905189	0.0786223165465124	0.0431674205030155	0.0498804734135517	0.0510607503279291	0.0384740274437148	0.0389936148292489	0.0140463679963064	0.039080163520394	0.0274144400362716	0.0398479361802039	0.0390457138419151	0.0316574801737913	0.0386766225024305	0.0400290794181402	0.0385322489898012	0.0338589054052577	0.0391234428706494	0.0364935085591343	0.0719881393391677	0.0389613228088075	0.00869975325820798	0.0275611525890653	0.0905806044436464	0.0808872720508864	0.03865944889534	0.0315642644359608	0.1066657687829	0.0367986532210401	0.0389917172642067	0.0377518222902459	0.0340755100766517	0.0393672794893836	0.0381081815846641	0.00902341665156806	0.0393759601871775	0.12385000777666	0.0391187769821798	0.0188074500977316	0.073420890202426	0.0348323007311785	0.0499841946393552	0.00669355502803669	0.0424088439480825	0.083457459404011	0.00928375151918524	0.0402454866491484	0.00640458376570181	0.0271977012450195	0.00597535044947319	0.0310867556154427	0.0193168298162595	0.0214075214050785	0.0130602863224487	0.0432074292177203	0.0645975440815844	0.0113774225847194	0.0906273590193854	0.105725552773837	0.105663608571496	0.044893350997808	0.102387789900255	0.00658310395286235	0.0342228458347646	0.0212220099114935	0.0465943649636977	0.0336126118070549	0.0290244425073116	0.0484260282657965	0.0664115237692992	0.00557500224988531	0.00726477754586894	0.0428050302646377	0.0145784183311267	0.0452979025101722	0.0303041715024397	0.012240690422583	0.0849939795455547	0.0852452351739912	0.103879068310213	0.0612508321576046	0.0483126437874755	0.0366771733388305	0.0186501138918854	0.0455184346723436	0.0083408536068446	0.0563458948574885	0.0525026897890399	0.0251297947922439	0.0148691793508602	0.0080037715909871	0.0978866890825407	0.0168841836428401	0.0646778769189059	0.0590987113690135	0.030892593522716	0.0137210549490357
GA40	0.111749621954831	0.116791256374181	0.00640233216402732	0.00834303352784252	0.0885479463019756	0.00432394741625158	0.1033492923686	0.0664135895368427	0.0783698579127138	0.0046935603269517	0.00402983955361626	0.0668394187785158	0.04056028412147	0.0391267427628992	0	0.049590218962744	0.0733956182845915	0.0945829594827662	0.114873474971815	0.0967315033529744	0.0996109526416268	0.0319358325478706	0.0729412653605745	0.00130058531041611	0.00170188991640573	0.117105259211979	0.0807078668866495	0.0841973390091549	0.0893146213557985	0.00325448611501905	0.00234026420271175	0.0518803803080862	0.00182537756204097	0.0652667494735332	0.00348193367068289	0.00142145125650903	0.0145835055019518	0.00230553247048661	0.00754623322493651	0.00177837322255734	0.0719618610661439	0.00170962634420544	0.00472374033709668	0.110801468744422	0.00135872045284303	0.0323046529571516	0.0650688129091504	0.129389423011529	0.119408600709655	0.00186540575815903	0.0107852589677681	0.145017894982088	0.0129266793021198	0.00141999232338011	0.00320487901112159	0.0136403448202393	0.00243480990085494	0.0019492243435422	0.0475169938020032	0.0167280812888886	0.133414538596014	0.00163832050191448	0.0574054465149388	0.111922856307391	0.0146124697657246	0.0878662665685018	0.044323032025737	0.0802635667149467	0.122123939671902	0.0472544888128536	0.0787872882804485	0.0353124223536614	0.065897945164129	0.0371850225133727	0.0696562202365109	0.0577524071465237	0.0602156050653771	0.0510894030407824	0.081261343125141	0.103308896825771	0.0497252831254343	0.129492140328041	0.1432142567755	0.143977651391367	0.0821585039598773	0.141067960346588	0.044170716307079	0.0716099267957186	0.0600951575119086	0.0851293534341485	0.0718188568422891	0.0663882661422696	0.0857295241169255	0.104880085948742	0.0419119937025537	0.0453094864132428	0.0810395316644148	0.0533682158724828	0.0840511354382592	0.0687707706232264	0.0508183340984161	0.123706310460664	0.124025270794377	0.142498345537619	0.098885998957687	0.0870534798713646	0.0751453898470811	0.0568729163420321	0.0838170055337627	0.0467984831769659	0.0942120897498998	0.0909397807536703	0.0638378252359954	0.0533740552085819	0.0319474023399931	0.136671739545735	0.0557281531468786	0.103413906211805	0.0976720224275733	0.0687941714669719	0.051527209467057
GA41	0.063694882498245	0.068913117126383	0.0503366562453183	0.047966771354579	0.0406371425235211	0.0495665870381124	0.0559739013663446	0.0187516373281151	0.0309201961928847	0.0497247295247184	0.050362676419694	0.018399866540079	0.0108532651746175	0.0111745304952498	0.049590218962744	0	0.0247761825043144	0.0471319792547611	0.0665714426549396	0.0493698468187241	0.0521805568250141	0.0195181209292978	0.0256074152679907	0.0493870855807656	0.0496308856991806	0.0687818825997488	0.0332250743916239	0.0491083594358931	0.0411515652079775	0.0489350011703944	0.0495497236272903	0.0074644250609451	0.0495673777403856	0.0175240927780367	0.0501709055494178	0.049552202902057	0.0420518267636347	0.0491360229900991	0.0504147071730007	0.0490011166818816	0.023948187667011	0.0496063151142814	0.0470427843657407	0.0621766237297443	0.0495074733414433	0.0183629809944618	0.017625049473906	0.0807256613566418	0.070993499510517	0.0491584108935462	0.0420359014110132	0.0967583912942145	0.047103564396049	0.0495245442020171	0.0482258054267879	0.044543947384815	0.0499929003793784	0.0485948132670889	0.00683720345033281	0.0497910789769105	0.125176982747184	0.0495942001691972	0.00962951425180742	0.0634867529375385	0.0451342087953982	0.0400351549903251	0.0075417349598314	0.0323137401443238	0.073588520401355	0.00572944287859807	0.0303505433140078	0.015317829114131	0.0173107513457048	0.013580073046291	0.0211625697627438	0.00984345231383964	0.0117452264953913	0.00617509516518792	0.0332946357401935	0.0547517108721565	0.0056689329888681	0.0808293412279601	0.095582749355923	0.0957185498843289	0.0349114236769953	0.092525685375387	0.00714830951553515	0.0242491136069852	0.0117225505886693	0.0366929796985304	0.0237027992673143	0.0190641762726385	0.0383834328050866	0.0565411909812629	0.00908511128709322	0.00666505465933094	0.0329038523363345	0.00726670479623018	0.0354970992740357	0.0204258855394643	0.00556412650415711	0.0750904368104959	0.0753731238796855	0.0939887148713825	0.0512604756337224	0.038450962910899	0.0267894707568404	0.00976159282480225	0.0355505256001094	0.00622677726487657	0.0464361553842371	0.0425356650405159	0.0153374124666431	0.0070803577134461	0.0182012932920697	0.0880448002405841	0.00775918984054258	0.0548184622417797	0.0492393814704635	0.0208923853933811	0.006732186351931
GA44	0.0394443250214211	0.0446633046135457	0.0741706794560558	0.0718355077234182	0.0165306025812628	0.0734379548541825	0.0317835003288105	0.00952694643843881	0.0159836026999836	0.0735052255066958	0.0742333690927486	0.00918621594566062	0.0343763506547971	0.0346530102230985	0.0733956182845915	0.0247761825043144	0	0.030199750298352	0.0421393086588142	0.0251823707831779	0.0283690898801492	0.0433093245244688	0.0113187582429611	0.0731293282499819	0.073326750987708	0.044434486822498	0.010259371490754	0.055725286630067	0.0170628333039761	0.0727400278126953	0.0730704875154929	0.0231804279986807	0.0733653713732657	0.0100484134869255	0.0741684089480626	0.0732585327568078	0.0658915249837769	0.0728228327376072	0.0743540335785259	0.072782136349365	0.00576157551176489	0.0733946369528168	0.0707265365530144	0.0376961153339256	0.0731703842604401	0.0421232263736352	0.0118937344017504	0.0562382680599136	0.0465466540419694	0.0729158050709903	0.065837404380242	0.0723936280066317	0.0710749081288925	0.0732336446943909	0.0720231694856075	0.0683467000572368	0.0734548061107746	0.072367604558516	0.0262630234632378	0.0736635226116638	0.128824908323962	0.073232543626518	0.0174442297318066	0.0391051568692983	0.069129070323525	0.0160100387428144	0.0298157167065926	0.010875119260898	0.0492163857426306	0.0267316285765382	0.00813937864226355	0.0387199887008679	0.00989904189529368	0.0371410550380295	0.00693048235214776	0.0159501101788735	0.014011540299639	0.0238189985364149	0.00987638064279136	0.0302922967445068	0.0240204858715938	0.0562582521351299	0.0715752982280471	0.0713674037369213	0.0130983054440356	0.0680758148582295	0.0294851251699106	0.00887128227564384	0.015497635686629	0.0124609760500284	0.006762111871127	0.0144146849057929	0.0151877350249149	0.0348073711073158	0.0319143729754771	0.028668360097917	0.00975888987269365	0.0213245594441289	0.0123982412006819	0.0071999723655939	0.0230205370668284	0.0506517962185722	0.0508926946933221	0.0695505517374988	0.0270527369634371	0.0141286740821523	0.00621569034234254	0.0169627393426543	0.0117234012230789	0.0270013593400669	0.0221832097705567	0.0182804563788302	0.0103130082263508	0.0204595087397129	0.041747539181902	0.0635397767629286	0.0182445851187551	0.0303263715891676	0.0249384131771748	0.00870869755086423	0.0228070191371095
GA45	0.051031855584094	0.0560594797510691	0.0905450404894472	0.0882933989468247	0.03131841712001	0.0914514409472244	0.0409737888422578	0.0306806778064882	0.0276364773474257	0.0911403636288161	0.0940042439885814	0.0325327570917028	0.0545990098305423	0.0571217132412424	0.0945829594827662	0.0471319792547611	0.030199750298352	0	0.0547681798913864	0.0288393386084624	0.0317847559021579	0.0630099178113119	0.0265504629962673	0.0946777357597544	0.0953923043127012	0.0568729326731027	0.0277789877257263	0.0633747763179167	0.0321992137140096	0.0920997026442277	0.0958447168872814	0.0441636318773633	0.0937227739228143	0.031789379514227	0.0936393995176662	0.0951658383463368	0.0833887750602732	0.0950644730467989	0.089082310822877	0.0934701742547931	0.0291633014990525	0.0941864246822367	0.0921258558378075	0.0508403975817591	0.095138354358649	0.0627386731782345	0.0313940707669415	0.0693491494490041	0.0593764166338275	0.0937704656912823	0.0845885291093528	0.0847573007899101	0.0880887150914982	0.0948067141903771	0.0920875793454623	0.0825473370425629	0.0963062486714787	0.0936592547881483	0.04886202495357	0.0846205561450033	0.116492398384244	0.0955718316213049	0.0400686737977796	0.0518504323983433	0.083883139596443	0.0313102560625835	0.0526427686816514	0.02865199505756	0.0619368949397044	0.0487555118296484	0.0299141340409264	0.0616442262373789	0.0332491367001726	0.0590093588136663	0.031249201997663	0.0383254371846866	0.036816616909522	0.045300882742411	0.0294139663491285	0.0436077316413925	0.0463256183823552	0.069441255595949	0.0799487598917701	0.0838565062543358	0.025344317684872	0.0809891097097084	0.0520049951443768	0.0276824389443253	0.0385376957593241	0.0311098980783212	0.029471236252875	0.0321724431946723	0.0254309089346366	0.0402332462483283	0.0546081425114111	0.0512744220669823	0.0296410491708854	0.0441816954713578	0.0322838907854425	0.0307601653227601	0.0457318492346641	0.0635917181845265	0.0639666192459338	0.0824267543626554	0.0384236775865458	0.0322612375961711	0.0297136979572701	0.0389248981996618	0.0306501148851833	0.0498579303649339	0.0350251345885823	0.0336113226308365	0.0339231355435619	0.0429685543846301	0.0643195006055663	0.0766376344618773	0.0410845076872243	0.043607462253986	0.0386729884629298	0.0302279103885997	0.0437010018474827
GA5	0.0088856841150596	0.00742852767092185	0.11559099433097	0.113255824780825	0.0292605476341013	0.114859793448087	0.0145340717369408	0.0500341999636154	0.0513226402302583	0.114923871075264	0.115703989158977	0.0493852032179182	0.0758513723208447	0.0764288844710047	0.114873474971815	0.0665714426549396	0.0421393086588142	0.0547681798913864	0	0.0284805650060827	0.035414207538571	0.084751549468498	0.049196436173386	0.114643948472509	0.115013343291451	0.00771266051963197	0.0364654913657542	0.08988284048709	0.0263599632025668	0.114197110663159	0.114947580929958	0.0646275040702988	0.114810623529584	0.0509429643250475	0.115618528817037	0.114928482909395	0.107293016982801	0.114558096335392	0.115774349657574	0.114240727265074	0.0432158901422012	0.114864879485333	0.112327409212035	0.00855807368218784	0.114829238842834	0.0835601820638685	0.0524438402116901	0.0150520081650654	0.00815333236324027	0.114419334163569	0.107263700077028	0.030745997441688	0.112495222100706	0.11488140517413	0.113471223624668	0.10976701214759	0.115365407834149	0.113909964308594	0.0680644202488239	0.115067027132921	0.13423681740809	0.114995757287199	0.059245083029523	0.00731658394921176	0.110549384370597	0.0284502010350351	0.0717100464936459	0.0407273700140943	0.0092971099798116	0.0684666465779748	0.0367957325370023	0.0806670081284311	0.0507802336354448	0.0787952774853417	0.0465128350476123	0.0576246280712311	0.0555295868202893	0.0653551989658312	0.0343647370999209	0.0130485180857112	0.0658044114031575	0.0155611746953894	0.0297510631928089	0.0297279537871781	0.0404832881847114	0.026527768461918	0.071247829331292	0.0461203857616644	0.0571410021547115	0.0305233864828643	0.0444030279688763	0.0552620996504721	0.0372704046336238	0.0432664318518205	0.0737016146080662	0.0704320384697481	0.0346575922360926	0.0632340031290295	0.0350138228951078	0.0467079073717498	0.0648799010298469	0.0104975425544185	0.010329229177465	0.0280577251123208	0.0176127966084151	0.0285727773426157	0.0407545327425304	0.058599270616818	0.0315403052972573	0.0689370254374514	0.0216413208970217	0.0255762619163954	0.0517589326646894	0.0621848557182033	0.0835282938799473	0.0220781678823058	0.0601346223342298	0.0126311716293173	0.0180427191762555	0.0485382647526385	0.0643004908630944
GA58	0.0248821036551486	0.0296950916750262	0.0921864240910068	0.0901731053988139	0.0131200274753601	0.0935511841918483	0.014305220248949	0.0310736315494234	0.0280074286415721	0.0927246272413418	0.0965986203665685	0.0322692092282302	0.0568244921212847	0.0593206566015277	0.0967315033529744	0.0493698468187241	0.0251823707831779	0.0288393386084624	0.0284805650060827	0	0.0121276493306563	0.0649769766011623	0.0255833314919863	0.0968331532797428	0.0977850241040943	0.0306866514223694	0.0170758047112913	0.0655216143062018	0.0123177101327614	0.0943100575094271	0.098050528704518	0.0463429432776239	0.0957737213583908	0.0328179946865397	0.0959229028285152	0.0973395826389091	0.0853295941846539	0.0973247108284873	0.0899790791851102	0.0955534404275393	0.0256521128343813	0.096393939596836	0.094662285513348	0.0246686117366107	0.0973235503441156	0.0647841436844884	0.0326651789135102	0.0430876959040008	0.0330854086863874	0.0958651811486543	0.0863350663672794	0.0584737758970622	0.0907867504189713	0.0969541106711734	0.0940849513116509	0.0832024048825707	0.0985120612412992	0.095794059637219	0.0510690987411171	0.0870599934097492	0.119885372393059	0.097768481482159	0.0420677831979713	0.0256192524155433	0.0851793427660008	0.0122551695829389	0.054858957501975	0.0222396728667346	0.0358045053188548	0.0509993839971345	0.0198663101258754	0.0638500409144344	0.0338466322858526	0.0612146240668465	0.0294811442833055	0.0403457073438348	0.0386474368849186	0.0474893650171733	0.0169968677195485	0.0177780353943958	0.0485151909442261	0.0431867346092306	0.0543121722611514	0.0575928690307068	0.0169489323443761	0.054726755905031	0.0542060574422581	0.0254339426379613	0.0402928314952537	0.0148748750469149	0.0266850929933064	0.0333564824076614	0.0138068967240138	0.0294726447136414	0.0568096247511079	0.0534768010480235	0.0174684544103314	0.0463616924002917	0.018698140847111	0.0294297680145863	0.0479372500846482	0.0374048020728309	0.0377679679241746	0.0561577649504849	0.0134376893290366	0.0140338445345711	0.0234817715192383	0.0410675169956504	0.0153527890868259	0.0520637469234491	0.0116317528205914	0.0130437828619221	0.0348143188489808	0.0450933312225823	0.0665218774041142	0.050374092741145	0.0432890748435801	0.017639180466608	0.0138952581381256	0.0302135281151894	0.0458097799558832
GA59	0.0317543479002485	0.036505490127537	0.0949767612748676	0.0929637848578318	0.0191450981855995	0.0963838890646443	0.0218949603725864	0.0339423031028774	0.0305114794296749	0.095405374136236	0.0989879600026391	0.0351978320101596	0.0596550903236023	0.0622430578099959	0.0996109526416268	0.0521805568250141	0.0283690898801492	0.0317847559021579	0.035414207538571	0.0121276493306563	0	0.0678932782300193	0.0282739147807312	0.0997690714970984	0.100652236529071	0.0374198652277089	0.0213969941580235	0.0674482613726698	0.0193247901031164	0.0971062874252146	0.100976745814386	0.0491408402796345	0.0987096328024912	0.0357070080935955	0.0982630506458909	0.100275499877906	0.0874981577649261	0.10015006920304	0.092884948383076	0.098489346302519	0.0287680048871823	0.0992562739987566	0.097155457343718	0.0316516006685267	0.100259468335696	0.067720059606463	0.0355148322202943	0.0498937764252075	0.0399289273591054	0.0988010887545769	0.0892709826279168	0.0652784610712769	0.0931911835014218	0.0998900253513847	0.0970208166223584	0.0864551758976898	0.101393058896065	0.0987299670173664	0.0540050089434542	0.0903896937015081	0.121232968388182	0.100655443815872	0.0449907582704768	0.0325436784010945	0.0879500211037771	0.0195256435509884	0.057716601801039	0.0255281471299252	0.0424575101245533	0.0539107442353711	0.0238424561485046	0.0667860980211484	0.0364757228567444	0.0641059794961804	0.0323206032579294	0.0432816089667154	0.0415542986469738	0.0504256869957905	0.0218652885106176	0.0255194545883422	0.0514019197135261	0.0499772396728848	0.0602276776023585	0.064374152194671	0.0202972314254654	0.0615216939512527	0.0571442018780443	0.0284282385155258	0.0432298479018488	0.0209406462752006	0.0296745169155224	0.0359590704543422	0.0176835673804762	0.0311321862644017	0.0597480451594097	0.056414388421208	0.0220673253214118	0.0492978757153256	0.0237526285716078	0.0324136397302753	0.0508176955686073	0.0441406463846715	0.0445223679258065	0.0629624505009916	0.0214616623189714	0.0208305683118677	0.0268481076892578	0.0439349035497266	0.0210043581466031	0.05499966115211	0.019648247332585	0.0202021233530508	0.037800862801948	0.0479381340320664	0.0694577973524127	0.0571798948251238	0.0462252531915602	0.0258971178678401	0.0222674641062063	0.0329519070289803	0.0487465178876212
GA60	0.0812584722433427	0.0861929667116416	0.0309667755482775	0.0286525549235368	0.057947961933384	0.0304839618579306	0.0718252510208674	0.0355985628610308	0.0470475567636466	0.0304522437391558	0.0321546712269386	0.0367241004538355	0.00989383378306009	0.00945405065166679	0.0319358325478706	0.0195181209292978	0.0433093245244688	0.0630099178113119	0.084751549468498	0.0649769766011623	0.0678932782300193	0	0.0411756702632916	0.0320352736408963	0.0328973872643529	0.0869543577986534	0.0497185998417512	0.0527208071916994	0.0589321590583734	0.0301706031566919	0.0331638833188047	0.0213406619361856	0.0313238434756946	0.0349040958428323	0.0316581498041297	0.0324831426407051	0.0229152913271177	0.0324664671877117	0.0311267056850472	0.0309697316225731	0.0417431896608887	0.0317575033528335	0.0298060738114697	0.0807572071148892	0.0324714608452838	0.00445448545368973	0.0337822774443964	0.0993385775522752	0.0893451396865074	0.0312710179749763	0.0229561502922966	0.114763492135086	0.0280810329084746	0.0321479142652919	0.0296562647804467	0.025140939035801	0.0336468620508006	0.0309732877884549	0.0174915203730566	0.0304415338117667	0.119734972489603	0.0328891737518286	0.0273259637708014	0.0817818249566386	0.0259419385193273	0.0572562350167169	0.0143732497929548	0.0495700614921974	0.0920578606351457	0.0171450481449037	0.048643932160404	0.00728786183812778	0.0358704605487862	0.00753542870010315	0.0396762010688433	0.0275782649828629	0.0301680972404552	0.0207482440434773	0.0509819415106316	0.0732264945829156	0.0196178545234631	0.0994367822252139	0.112206266985999	0.113875733782547	0.050603259580605	0.110992759240396	0.0140891458481701	0.0403943832662672	0.0300609518990222	0.054980253932452	0.0414689754258202	0.0348355334929445	0.0541134981645478	0.0743650856869991	0.011935968328305	0.0152886692208774	0.0507636748329558	0.0233191435103013	0.0540437581337462	0.0386486060240052	0.020812712487473	0.0936422033442391	0.0940004160458391	0.112418073521118	0.0681165806723363	0.0570053960187267	0.0449710133852381	0.0266808544784182	0.0537557895436431	0.016817522606803	0.0636316233813161	0.0607541337458774	0.0338342945006761	0.0232576792871561	0.00552041497965804	0.106624975649997	0.0257059472020377	0.073337396324584	0.0675816973953536	0.0383045072996556	0.0209302708431326
GA63	0.0455301104282791	0.05041655111644	0.0692746294568283	0.0669849898779031	0.0220350893308418	0.0698575216787632	0.0349283597309782	0.00953407014127482	0.0128869659907062	0.0693819385887396	0.0726696008985693	0.0114497047275154	0.032975815255383	0.0355482464374015	0.0729412653605745	0.0256074152679907	0.0113187582429611	0.0265504629962673	0.049196436173386	0.0255833314919863	0.0282739147807312	0.0411756702632916	0	0.0730411262825282	0.0739459223066918	0.0512853335551541	0.0139372563271812	0.0494757394372213	0.023306841726857	0.0704372390878923	0.0742534925841322	0.0226644356311722	0.0719840905883096	0.0109299435162672	0.0720553991544728	0.0735405980035512	0.0617408088662408	0.0734883424158048	0.0684445640730737	0.0717683329124643	0.0100976571374846	0.0725499396823873	0.0707703939441479	0.0452165267044547	0.0735260970664747	0.0410126495842982	0.0100587671975408	0.0638056549083705	0.0537966886403585	0.0720896399156614	0.0626293633020285	0.0791917315336189	0.0670615049699942	0.073155269365419	0.07029318775643	0.0623776695568754	0.0747143289808071	0.0720061677122357	0.0272987723406969	0.0676181954190587	0.12161548435688	0.073970052968673	0.0184075443328104	0.0462461456543568	0.0634047027790185	0.021534888261948	0.0310725032474206	0.0146027385783993	0.0564381637507015	0.0272119126724775	0.0143101823356266	0.0400766549876543	0.0123355341510791	0.0374155736556559	0.0110061929768158	0.0167951306582175	0.0151297524477346	0.0237791039886875	0.0161184546504772	0.0376386121103559	0.0247582224470497	0.0638921302225855	0.0749558999833435	0.0783108269250152	0.0127884186757258	0.0754447140627437	0.0304785908924209	0.00855354152648061	0.0167998541334663	0.0195898525322778	0.009672501655954	0.0114444966046986	0.0156339792689929	0.0378315001914296	0.0330749224081184	0.0297184429046783	0.0157969925467941	0.0226288497203378	0.0190350998268284	0.0107173699076579	0.0241823397068815	0.0580824968790767	0.0584307745701135	0.076874052823493	0.0320393833510502	0.0215657468640594	0.0116578341518162	0.017549650578976	0.018458623674256	0.0282768646462096	0.0279313191733878	0.0251341708606542	0.0124901165630706	0.0213839550022826	0.0427253960133201	0.0710920507859702	0.0195642146705226	0.0377928323930863	0.0320507565400366	0.0103378244840324	0.0220546261454471
GA65	0.111511387608268	0.116617919293919	0.00665286050831918	0.00862281313260095	0.0884439936942524	0.00451879012762955	0.103437343781645	0.0664077863247708	0.0785612831212053	0.00478404645826856	0.00419851285440734	0.0665743811564012	0.0404828701055411	0.0388917694752566	0.00130058531041611	0.0493870855807656	0.0731293282499819	0.0946777357597544	0.114643948472509	0.0968331532797428	0.0997690714970984	0.0320352736408963	0.0730411262825282	0	0.00122564688254815	0.116871904092606	0.0807255462113053	0.0844171063767539	0.0890462870399157	0.00337568305625646	0.00184699310377273	0.0517920192067671	0.00184152457388171	0.0651384456214881	0.00376517893370203	0.000997730028683865	0.0147930281236768	0.00192358056048044	0.0079186303785654	0.00172459381866991	0.0717968796991339	0.00151762942174963	0.00469140463856736	0.110555300131591	0.000987897228246812	0.0322291273623705	0.0651124835465894	0.129147766741237	0.119215352742961	0.00173692860695118	0.0109906009012702	0.144761285998605	0.0132128083043628	0.00106604249128276	0.00331663879779911	0.0137950061923928	0.00184849099517151	0.0016816962690262	0.0472815583525884	0.01707052788462	0.13374608973361	0.00110568183453958	0.0572179409515376	0.111651616791884	0.0149693834087388	0.0877867492310929	0.0441207396938945	0.0802412397331662	0.121883284940262	0.0470297598477566	0.0785322867409147	0.0350937095630651	0.0656820604144925	0.0370798680856071	0.0695225123052645	0.0574916002500539	0.0599725012752143	0.0509680777487129	0.081214036453854	0.103032689127657	0.0494761419567195	0.129234876972858	0.14348269728097	0.143853322725103	0.0824180309369106	0.140826203004278	0.0439146766909445	0.071767862810932	0.0598561221150437	0.0848725111496569	0.0715720677240328	0.0665600092122049	0.085968480868773	0.104793479722558	0.0416658106401111	0.0450897620181845	0.0808085152747655	0.0531219302328548	0.0838476795740802	0.0685506227492082	0.0506227588412738	0.123475955441745	0.123803605109152	0.142243033256194	0.0988755786057675	0.0868133554855983	0.0749109303860953	0.0566609391585143	0.0836544420683023	0.046584240301992	0.094106356077122	0.0906744701693756	0.0636312051704436	0.0531209481861254	0.0317766881839495	0.136417520919231	0.0555043004528441	0.103146582390323	0.0974452425584649	0.0687245413886778	0.0514282137155533
GA67	0.112114039334384	0.117353593836529	0.00727846365977041	0.00913779947887918	0.0890974802049724	0.00514394549695267	0.104389214756513	0.0672163949018777	0.0792159508876126	0.00571365544403141	0.0047636285431288	0.0668463126728029	0.041304734996473	0.0391648383905189	0.00170188991640573	0.0496308856991806	0.073326750987708	0.0953923043127012	0.115013343291451	0.0977850241040943	0.100652236529071	0.0328973872643529	0.0739459223066918	0.00122564688254815	0	0.117290499384957	0.0816201438205411	0.085239854650666	0.0895923625188644	0.00425991460544556	0.00149061455011528	0.052505183438159	0.00244208747902332	0.0657259822644369	0.00441392811222209	0.00111141872069982	0.0157378028626695	0.00191559378149439	0.00878492952559633	0.00234969655179561	0.0723322781197953	0.00196164230819153	0.00510707085321874	0.110769366676157	0.00107143102421546	0.0330329362792198	0.066025523562925	0.129334095376309	0.119534819339863	0.00236033990374996	0.0118522394937698	0.145302648496146	0.0137537780001458	0.00137316273738712	0.00415772443514957	0.0146958126470146	0.00150637328025745	0.00216813914092273	0.0474983338981566	0.0179589502325263	0.134633226527108	0.00109314378623638	0.0574647220924045	0.112032105600593	0.0158047047161469	0.0885312988451033	0.0442183667586909	0.0808401929609703	0.122176366773519	0.0474483171346212	0.0788932627800739	0.0351944074335724	0.065881055713904	0.0375107178709122	0.0697497743925061	0.0578938425339834	0.0601242735530391	0.0515338351404426	0.0818077205407499	0.103303664486216	0.0498905911514855	0.129414608532732	0.144196473889881	0.144251600058392	0.0833689279929556	0.141081656319926	0.0442104230851236	0.0726906103317184	0.060001670636914	0.0851866232626366	0.072180567328075	0.0674644347769443	0.0867881306042575	0.105106731556883	0.041860312524468	0.0452999135460516	0.0813581698169612	0.0532619139236031	0.0840814558394027	0.0689042794584024	0.0508151561623872	0.123661796854	0.123984431001273	0.142509967239216	0.0997379614849283	0.087020342699205	0.0752850357029173	0.0571965232039943	0.0841139847732554	0.0467008481724094	0.0948363291946324	0.0910951653213212	0.0638312727513939	0.0533717584730399	0.0319506192034242	0.136620491743088	0.0556538275847531	0.1033415717609	0.0977525011909128	0.0692923346327411	0.0521736683869603
GA7	0.00979098290172076	0.00839452191451188	0.11773436719721	0.115409601517398	0.0314142020381611	0.117038252528268	0.0166821368062173	0.0522580497117356	0.0534511381252245	0.117090707099197	0.117759061582161	0.0516125807783218	0.0779894206936311	0.0786223165465124	0.117105259211979	0.0687818825997488	0.044434486822498	0.0568729326731027	0.00771266051963197	0.0306866514223694	0.0374198652277089	0.0869543577986534	0.0512853335551541	0.116871904092606	0.117290499384957	0	0.038679701699452	0.0919459605156773	0.0285932776386464	0.116264250919674	0.11722310549683	0.0668201228660164	0.117015663722549	0.053052747076509	0.117706569758329	0.11719195439358	0.109440762587268	0.116781786460467	0.117888766406762	0.116503919916924	0.0455346427142921	0.1170728959971	0.114483362647018	0.00946032903168934	0.117051867598837	0.085811192941184	0.0545842832311837	0.0138995601969649	0.00782246055226124	0.116631679236889	0.109450428473829	0.0291267821584085	0.114547733480882	0.117047934745899	0.115661304030153	0.111973099335276	0.117685803259262	0.116119697012685	0.0703231970393899	0.117115988800622	0.134481263431636	0.117260817099701	0.0614858271949219	0.0086896687544967	0.112644193449406	0.0306766649632893	0.0740268791865821	0.0428146059728331	0.00952276020578927	0.0706385584040122	0.0390429655748485	0.0829936812321345	0.0530099270282069	0.0809937511580159	0.048784561304733	0.0598757560506012	0.057817746292461	0.0675903101536361	0.0365656072255036	0.0154209765799654	0.0679486363072588	0.0137543841198997	0.0281209894503006	0.0281269391010882	0.042593915485824	0.0249243531343198	0.0735862401850296	0.0482608746699613	0.0594520190297955	0.0327362055805596	0.0465949793920071	0.0570691343434531	0.0393146897355715	0.045224919275503	0.0760135261925182	0.0727332795810218	0.0369157743630837	0.065548683130982	0.0372888240398783	0.0489345107490968	0.0671180012174929	0.0102624932675613	0.00965029005116473	0.0264537915436908	0.0198028690141692	0.0308277167172896	0.0429408857787047	0.0608180820791408	0.0337590918302385	0.071233460322173	0.0238308731014981	0.0277777611738955	0.054037946003555	0.0644735933253259	0.0858448501488175	0.020544901160956	0.0624617542883362	0.0149226890938037	0.0203332140514947	0.0506634484938901	0.0664670944138609
GA71	0.032997657892981	0.0379589622783841	0.0799901643485734	0.0775703017157738	0.0111934924192463	0.0793912613933737	0.0238396673500914	0.0154546214963752	0.0176672024059702	0.0793023723544496	0.0809357610314783	0.0162910793465797	0.0411789306637013	0.0431674205030155	0.0807078668866495	0.0332250743916239	0.010259371490754	0.0277789877257263	0.0364654913657542	0.0170758047112913	0.0213969941580235	0.0497185998417512	0.0139372563271812	0.0807255462113053	0.0816201438205411	0.038679701699452	0	0.0564853934702849	0.0118605995602492	0.0790124129165303	0.0818786874714524	0.0303986333122458	0.0801005459795095	0.016739682513148	0.080480014510227	0.0812330036000772	0.071792243782318	0.0811346794920738	0.0800973347040138	0.0796989253675095	0.0106414580209689	0.0805391889027875	0.0785155285789509	0.0324857913597365	0.0811696014922075	0.0490196182044468	0.017547141487776	0.0510678221894936	0.0410633091861852	0.0800155170939185	0.0718810866502198	0.0664873420063293	0.0769304650449994	0.080872713992692	0.0784841042124864	0.074090000279624	0.0823506861172541	0.0797826547664825	0.0349174627300465	0.0792555179860857	0.126735105357989	0.0816089835281324	0.025926918026549	0.0335202526978471	0.0748122968908512	0.0102445124213424	0.0387053732393366	0.00992300967930468	0.0437678259731543	0.0348751258029781	0.00800770808674508	0.0476965943746495	0.0179023320029367	0.0451291723910606	0.0137861585385646	0.0242213203449442	0.0225044257346202	0.0314268374984915	0.00813663161460856	0.0249579614780919	0.0323909960047464	0.0511676201389896	0.0639466244463969	0.0654926716604016	0.00984856825688797	0.0627045455304059	0.0380780778147958	0.0116877315855218	0.0241876725116839	0.00909074914825121	0.0112972894866923	0.0200163238173859	0.0108471461383607	0.03189476122233	0.0406792784542447	0.0373382261116998	0.00805942093567791	0.0302127039323401	0.0104298901678336	0.0136500667766527	0.031787842991903	0.0453849154326952	0.0456932912571262	0.0641173774169551	0.0197934314298133	0.0108087096372713	0.00981116082491071	0.0249652791900015	0.00830562365584715	0.0359034842501084	0.0157079050961807	0.0128340336395371	0.0186733609310003	0.0289954935868431	0.050359389396629	0.0583487750981191	0.027141269936104	0.0250708312337108	0.0193382489984159	0.0145954776818704	0.0298749913527357
GA72	0.0858514250980483	0.0910391650266117	0.0802579696732338	0.0778689454450752	0.0625873950469975	0.0809202514814608	0.0757100329254613	0.0512808034516344	0.049153693246119	0.08033678229108	0.0826345996724235	0.0535083599012307	0.0473456077954986	0.0498804734135517	0.0841973390091549	0.0491083594358931	0.055725286630067	0.0633747763179167	0.08988284048709	0.0655216143062018	0.0674482613726698	0.0527208071916994	0.0494757394372213	0.0844171063767539	0.085239854650666	0.0919459605156773	0.0564853934702849	0	0.0644642179361497	0.0815192557344533	0.085607900011419	0.0477892616481492	0.0831896957724985	0.0518258857456121	0.0823109087468398	0.0849235370153129	0.0726731672807775	0.0842792531757644	0.0792883529205515	0.0831495607742156	0.0543015197370992	0.0838574757329141	0.0818143589328034	0.085943553408589	0.0849075051720696	0.0527506944431801	0.0496832099602078	0.104518346714251	0.09451659806449	0.0831800162641689	0.0739661014892838	0.118975467829391	0.0772950566477246	0.0845441542039014	0.0816916670612614	0.0732474636399385	0.0860519165342504	0.0833825699307702	0.0493150032830961	0.0767243593329131	0.12497905416019	0.0853083188636134	0.0514702148585006	0.0869120997611922	0.0730992927394732	0.0627323449636349	0.049561173852646	0.0562792662719283	0.0967655643218696	0.0488731545781848	0.0575633466319002	0.0527514433394177	0.0529831481928175	0.050280255425458	0.0541284228816177	0.0511199706657366	0.052296177794536	0.0479601426332286	0.0584453561089256	0.0783966689398794	0.0494316709463042	0.104606125390891	0.111676880506554	0.118710790168155	0.0531908444909736	0.116068688606975	0.0489930667434678	0.0516540293365416	0.0527089716433877	0.0612463140954273	0.0535850772878738	0.0480024055624851	0.0558485027139235	0.0739961538200427	0.049540285848909	0.0494377413256602	0.0583950842570777	0.0510947449941828	0.0612466004159715	0.0538862548919037	0.0502432122299767	0.0987550918050487	0.0986596590491256	0.117544407269569	0.0727230798867014	0.0629750479652424	0.0555872942386854	0.050590673480371	0.0604806070150149	0.0496950774933353	0.068790975581817	0.0654478271802266	0.053095735534273	0.0502923897119484	0.0543974224816669	0.111787446671062	0.0514610014253795	0.0784645387620637	0.0728184967631041	0.0521993985155014	0.0481730650621231
GA76	0.0234129187848532	0.0284992415984773	0.0896182911414089	0.087424337261855	0.00816022790968418	0.0890282996074118	0.0155325935109321	0.0243077512567091	0.0256564679339227	0.0890773736467265	0.0899289949524282	0.0239610615553278	0.0499921629788599	0.0510607503279291	0.0893146213557985	0.0411515652079775	0.0170628333039761	0.0321992137140096	0.0263599632025668	0.0123177101327614	0.0193247901031164	0.0589321590583734	0.023306841726857	0.0890462870399157	0.0895923625188644	0.0285932776386464	0.0118605995602492	0.0644642179361497	0	0.0882671261676634	0.089668820753242	0.0389633907024005	0.0890633992173455	0.0252587146483211	0.0897588061563896	0.089374364626528	0.0814526538656215	0.0890653794913581	0.0899428626654124	0.0885146383685295	0.0177883617979747	0.0891498833744213	0.0866847886431097	0.0223566438165503	0.0892862165064523	0.057828969952434	0.0266543838543573	0.0407622910358689	0.0309929618555488	0.0887320773920627	0.0814514137578733	0.0565853129432659	0.086604532418829	0.0891648964448409	0.0876176805809291	0.0839358051918974	0.0901196919607394	0.0882171574566099	0.0427724252821821	0.0891974661687408	0.129930331625722	0.0895647249288029	0.0338227087537749	0.0234454417968112	0.0847065977827467	0.00695650797158555	0.0464672827246514	0.0155352939701065	0.0335557697354957	0.0429957605747864	0.0121787952022825	0.0554553237602566	0.0254699774886096	0.0532845571411378	0.0212097988308718	0.032178712585433	0.0302581775162106	0.039740911863669	0.0100444682874961	0.014869506296824	0.0403705415400592	0.0408989963958962	0.0552597301024379	0.0555917966094884	0.0158616906840994	0.0524211398354082	0.0459415759665496	0.0205823418359752	0.0319094892045615	0.00752698673603285	0.0188407544940334	0.0294164121527262	0.0131043306730612	0.0315466626838903	0.0484429200678462	0.0451311751673318	0.010187377192852	0.0379773779123118	0.0115273917220872	0.0212766376479604	0.0395785864593104	0.0351516467265107	0.0354512179402089	0.0539486489512704	0.0116390616402519	0.00668686983408406	0.015348767552459	0.0330752500925552	0.00781270162898558	0.0436833062858293	0.00742300747566847	0.00683041490059384	0.0264797011540845	0.0368379965386908	0.0582182681695981	0.0481371158790408	0.0348986546800594	0.0149860915779654	0.0102814648093449	0.0229006047464079	0.0385592348045773
GA77	0.110597883812105	0.11558663295676	0.00478666583123156	0.00614407616244121	0.0873052465042683	0.00308236453183597	0.101129960757915	0.0649431432136382	0.0761475687978244	0.00319492618607432	0.00386252908878066	0.066112699005941	0.038884376975322	0.0384740274437148	0.00325448611501905	0.0489350011703944	0.0727400278126953	0.0920997026442277	0.114197110663159	0.0943100575094271	0.0971062874252146	0.0301706031566919	0.0704372390878923	0.00337568305625646	0.00425991460544556	0.116264250919674	0.0790124129165303	0.0815192557344533	0.0882671261676634	0	0.00473860041544105	0.0506427611666496	0.00267879325294434	0.0640760883312635	0.00324892233751451	0.00384184414041087	0.0122498864957103	0.00413327772203231	0.00603752522117863	0.00252329593999405	0.0711568716650057	0.0030577475430839	0.00423035318869157	0.110177095941823	0.00382515026439884	0.0308964698377884	0.0630570157910838	0.128769562626728	0.118773570039658	0.00274946393075898	0.00869548239867495	0.144181743715749	0.0107493060029516	0.00351491000743188	0.00234352522165129	0.0112503459865246	0.0050470518134064	0.00288860065065268	0.0468857027590275	0.0142228680173631	0.130615711437933	0.00423141456717117	0.0567263148047707	0.111220600854869	0.0122624953333853	0.0866544124002409	0.0437487404078546	0.0788690467374493	0.121424718637659	0.0464396942218747	0.0780344164431697	0.034723244118269	0.0652479611412443	0.0363689697150028	0.0690458523429403	0.0570129009735103	0.0595757887519971	0.0501296541305503	0.0803510092876174	0.102650953814237	0.0490127629177137	0.128867767751217	0.141140081966766	0.143132375195773	0.0796767792316398	0.140388257575758	0.0434920867585173	0.0696572086425743	0.0594884518421058	0.084404453484699	0.0708400087073596	0.0641071644018997	0.0832782508899467	0.103619623891633	0.0413022451855318	0.0446997503891136	0.0801374554032027	0.0527438592504371	0.0834544172341173	0.0680043815136558	0.050233696973083	0.123041562811293	0.123349599088683	0.141782406454134	0.0973039873772197	0.086431437971616	0.0743639998965793	0.0560888429031228	0.083158341095303	0.046206835807875	0.093042325868149	0.0901541723446413	0.0632048728264341	0.0526841431856155	0.0313567594070025	0.136055961326517	0.0551246763630347	0.102768377824263	0.0970044242161693	0.0674390556535335	0.0501327951899683
GA79	0.112310976617866	0.117546829235072	0.0083027113501848	0.00976566842173913	0.0893923500270555	0.0059794294694909	0.104654719582712	0.0674146891317584	0.0796835069554021	0.00651390271995104	0.00569621347963358	0.0667364884055022	0.0415618500926278	0.0389936148292489	0.00234026420271175	0.0495497236272903	0.0730704875154929	0.0958447168872814	0.114947580929958	0.098050528704518	0.100976745814386	0.0331638833188047	0.0742534925841322	0.00184699310377273	0.00149061455011528	0.11722310549683	0.0818786874714524	0.085607900011419	0.089668820753242	0.00473860041544105	0	0.0527100231159817	0.00321283969984653	0.0659982958676839	0.00531861841010701	0.00156417065598435	0.0159607856637902	0.00194023658269828	0.0095737473568832	0.00289397030619603	0.0724989069682179	0.00273709584114546	0.00522167760775321	0.110330709378527	0.00151813379114063	0.0332783556195221	0.0662910269215854	0.128916944668751	0.119337988321227	0.00293818266080126	0.0121265222139732	0.14526761631773	0.014395237185362	0.00189128549898283	0.00446309223818132	0.0149728647630775	0.00105069066227651	0.002560077377976	0.0472173748368567	0.0182794413783334	0.134941641278941	0.00126972260918454	0.0572832897681781	0.111913914331282	0.016100832477513	0.088722433179918	0.0436651381579312	0.081102571327879	0.121951788739123	0.0474391552158678	0.0787084685883137	0.03452523562568	0.0655394736865554	0.0375277191174753	0.0695281578510097	0.0577599854782374	0.0596798557524729	0.0516750037369102	0.0819226181266284	0.10295699649688	0.0497541219522857	0.12893650793668	0.144421712316648	0.144189658941645	0.0835883225304912	0.140787528018759	0.0439850274059508	0.0729440152645111	0.0594631441012777	0.0850565168592665	0.0722880107962122	0.0677590903007623	0.0871598484239193	0.104759374652246	0.0414495267011602	0.0450007965167364	0.08138292177458	0.0527265328876298	0.083692918070639	0.068773921278089	0.0504358954577133	0.123377432952626	0.123547172456077	0.14228475304565	0.0999445961129786	0.0866364212048174	0.0751764179028646	0.0572434691618187	0.083994372700802	0.0461920999141053	0.0950352654162079	0.0910789320866267	0.0634165247055617	0.0531809460183587	0.0316965642451036	0.13626594246939	0.0551133455727438	0.103037802333182	0.0976135885775691	0.0695654519203335	0.0523861809210344
GA82	0.06120673363859	0.0663943335865483	0.0519591720041	0.0496648564708955	0.0382283592239173	0.0513510896325713	0.0530057933670704	0.0161365138959478	0.0278197865782663	0.0511123583924891	0.0519677393439442	0.016628150207301	0.0126827632681457	0.0140463679963064	0.0518803803080862	0.0074644250609451	0.0231804279986807	0.0441636318773633	0.0646275040702988	0.0463429432776239	0.0491408402796345	0.0213406619361856	0.0226644356311722	0.0517920192067671	0.052505183438159	0.0668201228660164	0.0303986333122458	0.0477892616481492	0.0389633907024005	0.0506427611666496	0.0527100231159817	0	0.0514436384869946	0.0151739723820503	0.0520769339242969	0.0522184920581904	0.0436807264658538	0.0520447832391118	0.0522306569748455	0.051057130888556	0.0217030996249782	0.0517725995694748	0.0494360235529114	0.060590452204148	0.0521247981473653	0.0203367508947849	0.0146064091793666	0.0791559774767269	0.0692128523657418	0.0511529342544199	0.0437316856902055	0.0943597844905323	0.0489615011922639	0.0519533772209678	0.0500529227082175	0.0462233238674776	0.0531825542148918	0.0509192238401885	0.00746916121958445	0.0511804419485005	0.123330180843671	0.0524946203587031	0.00891719984756124	0.0615991548531585	0.046765096523244	0.0374659463913754	0.0101041932181088	0.0299186781895432	0.0718701795270347	0.00785181043855375	0.0285141953652856	0.0185473380219944	0.015796889964905	0.0159633156674152	0.0195638417275717	0.00892017450715142	0.0106016548433943	0.00634402363923275	0.0310367366129702	0.0530660578774081	0.00665953347572323	0.0792541821872947	0.0926912286215358	0.0936849373910162	0.0315262249510999	0.0907811171027145	0.00941555715410622	0.0214037706257042	0.0107299718638938	0.0348814286460931	0.0213226799881368	0.0157603338793522	0.0351854193616997	0.0540961063645705	0.0117831740674158	0.00910982839772572	0.0307392486361693	0.00736011433617372	0.033851906092781	0.0185653267080209	0.00715528404565923	0.073485157556004	0.0737389896554176	0.0922335962002928	0.0485785852252233	0.0368791399053251	0.0247375936426147	0.00823008536709228	0.0337227629779866	0.00876984876025506	0.0438637243151063	0.0406927086149502	0.0141253055148579	0.0070665624307826	0.0212057587653022	0.086453469112666	0.00748029018686426	0.0531791630342151	0.0474811099808324	0.018549154609009	0.00573387026264699
GA83	0.111367731232836	0.116422269907263	0.00548756917270672	0.00745382839860865	0.088224948581421	0.00352529331987648	0.102445417732903	0.0658811797397305	0.0775487707419829	0.00386956526375743	0.00364662255536802	0.0667511864066726	0.0400027811075702	0.039080163520394	0.00182537756204097	0.0495673777403856	0.0733653713732657	0.0937227739228143	0.114810623529584	0.0957737213583908	0.0987096328024912	0.0313238434756946	0.0719840905883096	0.00184152457388171	0.00244208747902332	0.117015663722549	0.0801005459795095	0.0831896957724985	0.0890633992173455	0.00267879325294434	0.00321283969984653	0.0514436384869946	0	0.0650114612371633	0.00313578936450108	0.0020558734145427	0.0137588974144874	0.00292318714065289	0.00680089691381036	0.0017684090369842	0.0718329867931327	0.00175043214050785	0.00460975301790644	0.11078510079721	0.00205858968775378	0.0318170201522533	0.0643494068974196	0.129383115906908	0.119412302218302	0.00176918377838783	0.00995481393365848	0.144754857426942	0.0122104767484195	0.0018176443847937	0.00276363475572769	0.0126992569991736	0.00328816132116687	0.00206724517141478	0.0474955823009062	0.0157904501703351	0.132454686995709	0.00243751666955241	0.057358524225878	0.111827909720666	0.0138102042808602	0.0874940777065778	0.0443450573342617	0.0798684646836435	0.122094694186341	0.0471481595075492	0.0786863046162056	0.0353228991493733	0.0658917283695756	0.0370062558225008	0.0697169065701239	0.057659626759664	0.0602151862524375	0.0508538942896959	0.0811162561629758	0.10325669519829	0.0496930364481728	0.129475772004537	0.14262801770008	0.143863434442366	0.0811880920270477	0.141018035887468	0.0441189957688553	0.070919278858587	0.0600968749836238	0.0850642474010737	0.0714956401198199	0.0654771005490212	0.0848430186660603	0.104494039458458	0.0419114747583264	0.0453137745986683	0.0808550082523413	0.0533470000431995	0.0840331664440608	0.0686389458074112	0.0508493316745517	0.123697651305584	0.124040509790483	0.142444167925854	0.0983958947989676	0.0870622315190055	0.0750196936229865	0.0567492641358062	0.0838051678405868	0.0468042646393631	0.093876588299419	0.0908433810779543	0.0638360313393853	0.0533108225449769	0.031955266296111	0.136663964450961	0.0557254542681304	0.103377135489324	0.0976373532203713	0.068473616934786	0.0511275667584304
GA85	0.0476030635487552	0.0527921960585647	0.0653171810236844	0.0628544693116588	0.0243876031929194	0.064649405352997	0.039437523111701	0.00652660886319636	0.0160387702794238	0.0649221106385342	0.0655391196334603	0.00713661317525413	0.0260598150392373	0.0274144400362716	0.0652667494735332	0.0175240927780367	0.0100484134869255	0.031789379514227	0.0509429643250475	0.0328179946865397	0.0357070080935955	0.0349040958428323	0.0109299435162672	0.0651384456214881	0.0657259822644369	0.053052747076509	0.016739682513148	0.0518258857456121	0.0252587146483211	0.0640760883312635	0.0659982958676839	0.0151739723820503	0.0650114612371633	0	0.0655831431951186	0.0655978877812323	0.0573962960354608	0.0653148646457027	0.0657612241127274	0.0644879984961014	0.00907870298933539	0.0650914418652202	0.0628160421143879	0.0468083049800962	0.0654457828236951	0.0338354890770984	0.0063111623949042	0.0654079025667725	0.055459713657396	0.0646613886711573	0.0572099821134047	0.0809737170735995	0.0621766653476339	0.0653687181948411	0.0634912995226455	0.0597659958658194	0.0664875976214505	0.0643190698265427	0.0191280091230786	0.064832254265896	0.126027584602736	0.0658264061944051	0.0108679815094372	0.0479127598380802	0.0604672198644792	0.0238766805268824	0.0228650436802494	0.0164284864417042	0.0581282821643834	0.0191805635324933	0.0148228337562577	0.0318850579323492	0.00708788521046929	0.0294401549329661	0.00793703722137243	0.00932854553802183	0.00828156442230925	0.0159837425982749	0.0175035991423735	0.0392996866933324	0.016679743220183	0.0654923183975196	0.0793360725346238	0.0797979912222034	0.0183941621869577	0.0770486493152801	0.0223836862021173	0.00962946898506183	0.00984653887560008	0.0210251326512809	0.00849688218817152	0.0101689221854839	0.0217921058882517	0.0411433962296055	0.0249101436235989	0.0215589680962942	0.0172646827525412	0.0144232270011509	0.0202819007646405	0.00729478030310323	0.0160440041852946	0.0596898180818317	0.0600562786514109	0.0784485167024112	0.034888904861579	0.0230871818752752	0.0113319711432783	0.00980765782202585	0.0198991061705682	0.0200632835333847	0.0302166122228208	0.026854953248844	0.0064359643858754	0.0133152819883003	0.0345160515245163	0.0727083841432827	0.011676142989385	0.0393617777059777	0.0336763058045898	0.00758651285808571	0.0145550324191161
GA86	0.111984058537266	0.116940546893712	0.00540514190615428	0.00744658198461614	0.0883265100795813	0.00369766842446883	0.102705812589689	0.0663074901459193	0.0770652607986421	0.00380950684499259	0.00409339117168477	0.067533026439975	0.0404288150144346	0.0398479361802039	0.00348193367068289	0.0501709055494178	0.0741684089480626	0.0936393995176662	0.115618528817037	0.0959229028285152	0.0982630506458909	0.0316581498041297	0.0720553991544728	0.00376517893370203	0.00441392811222209	0.117706569758329	0.080480014510227	0.0823109087468398	0.0897588061563896	0.00324892233751451	0.00531861841010701	0.0520769339242969	0.00313578936450108	0.0655831431951186	0	0.00403922886089093	0.013507156265956	0.00467513799149957	0.00646023440522828	0.00330328427236339	0.0725854695445359	0.00342713148954014	0.00530561136147666	0.111605475797798	0.00409628157127611	0.0323508321072417	0.0646540118061533	0.130197944815713	0.120197977306265	0.00339257126354208	0.0102560388752156	0.145596199565464	0.0116536575981011	0.00379363886278236	0.00352402999079927	0.0128259029088899	0.00542809736369309	0.00364619261712175	0.0482971141810971	0.0158284284701251	0.132014149668241	0.00449260579177527	0.0581346782620507	0.112640894497886	0.0133910457453117	0.0880561353582324	0.0451090198875678	0.0797751987672815	0.122646179163095	0.0478679335704356	0.0794518047360459	0.0361365974325724	0.0665632396409608	0.0376498287336694	0.0702805343751955	0.0584321769725795	0.0610054075115859	0.0515435984866186	0.0816717241900136	0.104070108496782	0.0503848655657335	0.130291948866363	0.141501166904816	0.144704640363202	0.0814129541618655	0.141816166013178	0.0449186653049305	0.0709882553553942	0.060915301996048	0.0857536150801061	0.0723399012302509	0.0655076544769485	0.0845798774048536	0.104947005859529	0.0427241585772447	0.0461225657526291	0.0815620306465361	0.0541640312382669	0.0848190947012468	0.0694661140441895	0.0515577168476702	0.124402433483288	0.124758542637632	0.143266341451443	0.0989092550795488	0.0878605398565832	0.0757869403019096	0.0574589519187658	0.0845068665315406	0.0476058576293666	0.0944851812238645	0.091164212184723	0.064685329079929	0.0541024647954136	0.0326952539723028	0.137484341859818	0.0565412363244428	0.104161547139438	0.0984332821134365	0.0688426257158169	0.0516810782554776
GA87	0.11192595710357	0.11702449341314	0.00701583893922619	0.00895948862337103	0.0888792862645303	0.00490891630526143	0.103943772990294	0.0668239267637031	0.0790584375611459	0.00526487369753533	0.00460150911980732	0.0667698793113232	0.0409793499292749	0.0390457138419151	0.00142145125650903	0.049552202902057	0.0732585327568078	0.0951658383463368	0.114928482909395	0.0973395826389091	0.100275499877906	0.0324831426407051	0.0735405980035512	0.000997730028683865	0.00111141872069982	0.11719195439358	0.0812330036000772	0.0849235370153129	0.089374364626528	0.00384184414041087	0.00156417065598435	0.0522184920581904	0.0020558734145427	0.0655978877812323	0.00403922886089093	0	0.0152927801445729	0.0019573762664816	0.00832418142112367	0.00195146192499757	0.0721253743677428	0.00177610853764539	0.00492440666674138	0.110656768083572	0.000946292192942693	0.032624656259261	0.0656133652335466	0.129276972301681	0.119427768494746	0.00208225877246481	0.0114034394959383	0.145073557140851	0.0137125588389057	0.00113537038038949	0.00372097578494706	0.0142455002236547	0.00159259657775325	0.00184446873037924	0.0474344108517122	0.0175071042595488	0.134252519092777	0.00102075959474483	0.0573562689200796	0.111864033672545	0.0154289217910381	0.0882442301571971	0.0441591286222742	0.0806048225724336	0.12205230151162	0.0473002296204519	0.0787138524982664	0.0351410221045065	0.0658520883457227	0.0372593196278269	0.069644788863382	0.057753229344433	0.0600731149692126	0.0513213843182482	0.0815519767277169	0.1031921339607	0.0497312567225008	0.129341891016623	0.143922125450288	0.14412088842705	0.0829234853988946	0.140982056205923	0.0441086417572065	0.0722762293963119	0.0599444082213773	0.0851122469010979	0.0719337796773573	0.0670578451168658	0.0864747701720758	0.104993621809314	0.0417809990055934	0.0452511018951132	0.0811580367612116	0.0531996580762695	0.0839855012418044	0.068789991879403	0.0507673264076613	0.123647473827757	0.123917582962248	0.142443486084842	0.0993205521895428	0.0869854089587626	0.0751502487545062	0.0570009235631336	0.0838879365662132	0.0466244204553089	0.094501834701408	0.0909811923600206	0.063733180175827	0.0532813508326959	0.0318750079457808	0.13653563143629	0.0555778378714817	0.103281334494099	0.097645450421054	0.0691183986462126	0.0518975633789193
GA92	0.103616885916151	0.108531900126525	0.0118748033231105	0.00963583991702909	0.0801200023805252	0.0119840818071606	0.0932048034637865	0.0577603699357221	0.0671487499893916	0.0114347061208176	0.0142693920060992	0.0592824650006463	0.0318629151266633	0.0316574801737913	0.0145835055019518	0.0420518267636347	0.0658915249837769	0.0833887750602732	0.107293016982801	0.0853295941846539	0.0874981577649261	0.0229152913271177	0.0617408088662408	0.0147930281236768	0.0157378028626695	0.109440762587268	0.071792243782318	0.0726731672807775	0.0814526538656215	0.0122498864957103	0.0159607856637902	0.0436807264658538	0.0137588974144874	0.0573962960354608	0.013507156265956	0.0152927801445729	0	0.0152809607015565	0.0113766576690279	0.0135207712753779	0.0642631105476558	0.0143500400490758	0.0112944868242726	0.103326778595496	0.0152792530698758	0.0238873367056702	0.0556712701465144	0.121918553505281	0.111908472020819	0.0138374978789326	0.00628349376428458	0.137304631297034	0.00920767612247305	0.0149080026518516	0.0120532334255374	0.00664354988721886	0.016456598171381	0.0137484996306776	0.0400956536483283	0.0129068722534511	0.120336180534026	0.0157075921412219	0.0498702348106437	0.104360674442065	0.00755212042066786	0.0795764940405133	0.0369737030317386	0.0718230164863847	0.114591178719444	0.0396373609287871	0.0712021977236175	0.0279334573395023	0.0583595819394998	0.0295264294013532	0.0621156896831411	0.0501781492823302	0.0527618974070958	0.0432353355366774	0.0733948908746243	0.0957890995072596	0.0421365335809462	0.122016756974085	0.132879199779997	0.136375462391762	0.0711392954819732	0.13353901996155	0.0366556893544968	0.0616981487984609	0.0526594197885557	0.0775433197768048	0.064031157266311	0.0556651722978462	0.0743948963254389	0.0959710097222617	0.0344748235486373	0.0378899279643189	0.0732757642564147	0.0459379292271956	0.0765220927018108	0.0611946152692491	0.0433615752016053	0.116164251710429	0.116545201401518	0.13498695066782	0.0902246863703535	0.0795928691372727	0.0675243915557259	0.0492089660556027	0.0762450741698043	0.0394408397301279	0.0860426708905384	0.0833247297942036	0.0564282007440172	0.0458144544802531	0.0246693828905171	0.129204950398869	0.0483326658305496	0.0959173653914471	0.0901522404617733	0.060655190374213	0.043296981753424
GA96	0.111689403803662	0.116858736583681	0.0077737140765583	0.0089801974956774	0.0885297318149095	0.00532898018042548	0.103928903738658	0.0667714241026628	0.0788042377492394	0.00605111506137282	0.00510814031609569	0.0662577363728273	0.0408518819345368	0.0386766225024305	0.00230553247048661	0.0491360229900991	0.0728228327376072	0.0950644730467989	0.114558096335392	0.0973247108284873	0.10015006920304	0.0324664671877117	0.0734883424158048	0.00192358056048044	0.00191559378149439	0.116781786460467	0.0811346794920738	0.0842792531757644	0.0890653794913581	0.00413327772203231	0.00194023658269828	0.0520447832391118	0.00292318714065289	0.0653148646457027	0.00467513799149957	0.0019573762664816	0.0152809607015565	0	0.00915343623439019	0.0024756562303413	0.0718834456244502	0.00259051205780865	0.00462621192899391	0.110171139315523	0.00182587115007048	0.0325968324799429	0.065592080429949	0.128704424157287	0.11904329445326	0.00251810307993149	0.0113660461372799	0.144772729939885	0.0134661454387536	0.00195023551857572	0.00368818346495655	0.0142392566371145	0.00221060261405496	0.00223314567259454	0.0470082396359155	0.0175662278244742	0.134021668271585	0.0017717975849401	0.0569703394189627	0.111551243849475	0.0152073146944696	0.0880651683969931	0.0436587106775154	0.0801913662239759	0.121530198313371	0.0469929263974079	0.078388448616471	0.0346013659404384	0.0652067109641403	0.0370217055797276	0.0692837265404788	0.0574553591584918	0.0595629462087997	0.0510935432682134	0.0813706251557427	0.102711789008945	0.0493509702836022	0.128820879742353	0.143490612958417	0.143748711154918	0.0827849601404835	0.1404548738942	0.0436930070170248	0.0722305773183553	0.059442674082638	0.0846548757769845	0.071713498182068	0.067009721591015	0.0864113476691824	0.104418787540811	0.0412888151377138	0.044762257524211	0.0808103975623545	0.052686641162092	0.083523482987375	0.0683968341109729	0.0502569769894836	0.123146193497109	0.123415832116146	0.142041315484529	0.0992109898966972	0.0864216810224032	0.074746143938315	0.0567154638619736	0.0835749229999504	0.0461421488511442	0.094375147361948	0.0903939525737907	0.0633077631243552	0.0528520600061224	0.0314539706503803	0.136058108222605	0.0550505232555096	0.102777586064555	0.0972579880946814	0.0687535251631881	0.0517162336318782
GB101	0.112046262606828	0.116988322951577	0.00362162334454067	0.00482343181243373	0.0885186527263035	0.00502340382933993	0.101405719389217	0.0660774416167929	0.0740985830474381	0.00394273293674971	0.00732090283241687	0.0677582909437743	0.0403287666238318	0.0400290794181402	0.00754623322493651	0.0504147071730007	0.0743540335785259	0.089082310822877	0.115774349657574	0.0899790791851102	0.092884948383076	0.0311267056850472	0.0684445640730737	0.0079186303785654	0.00878492952559633	0.117888766406762	0.0800973347040138	0.0792883529205515	0.0899428626654124	0.00603752522117863	0.0095737473568832	0.0522306569748455	0.00680089691381036	0.0657612241127274	0.00646023440522828	0.00832418142112367	0.0113766576690279	0.00915343623439019	0	0.00710272468212578	0.0727271553542879	0.00741165629917323	0.00836499968092098	0.111791099337014	0.00834543990309943	0.0322323376030633	0.0641515098060622	0.130383565269335	0.120373488450893	0.00731243460316851	0.00899165440727063	0.14576964531884	0.00950626982375979	0.00797002014675827	0.00677347161120387	0.00695533839741139	0.00966842559100401	0.00778135416483638	0.0484841421547562	0.0098233709483398	0.126398129746167	0.00878846744602226	0.0583031677989045	0.112826395892736	0.00852762017342629	0.0879842200965592	0.0453397896554735	0.0803334198214791	0.123087005031229	0.0480532890392674	0.0796689150309322	0.0363252817493196	0.0668486612990047	0.0378023120339471	0.0705048795601334	0.0586101933937482	0.0612181269686029	0.0516790828921578	0.0817867471563696	0.104255313223059	0.0505227790863225	0.130481771748475	0.141028226475523	0.144888739092181	0.0776171898751548	0.141997647857425	0.0451042904622025	0.069706241176887	0.0611009306904644	0.0860024945753993	0.0724781870540946	0.0632902116260745	0.0805443845162488	0.103515335029424	0.0429097856536056	0.0463084680865509	0.0817470912529965	0.0543500787456228	0.0849192112383216	0.0696461358004146	0.0516996312171522	0.124582093698208	0.125024032637928	0.143451964764884	0.0986354780016523	0.0880531734137824	0.0760294013101645	0.0576164513976887	0.0846429951865264	0.0477959339817365	0.0945044983216006	0.0917993237574895	0.0648709538985382	0.0542880937156051	0.0329298574402176	0.13766996276499	0.0567288128941348	0.104382383401948	0.0986133626464641	0.0690984724070689	0.0517118964532409
GB102	0.11090955672541	0.115898493715007	0.00581914004093657	0.0072844973612445	0.0876061156241581	0.00355598339963836	0.102179820940952	0.0654812788948266	0.0774025588926643	0.0040655603751098	0.003908605733416	0.066209334767226	0.0396092966048404	0.0385322489898012	0.00177837322255734	0.0490011166818816	0.072782136349365	0.0934701742547931	0.114240727265074	0.0955534404275393	0.098489346302519	0.0309697316225731	0.0717683329124643	0.00172459381866991	0.00234969655179561	0.116503919916924	0.0796989253675095	0.0831495607742156	0.0885146383685295	0.00252329593999405	0.00289397030619603	0.051057130888556	0.0017684090369842	0.0644879984961014	0.00330328427236339	0.00195146192499757	0.0135207712753779	0.0024756562303413	0.00710272468212578	0	0.0712434602807267	0.00183375158079375	0.00417581959768678	0.110218646700936	0.0019216004165164	0.0312629188363901	0.0639659068500153	0.128811113310583	0.118812130331391	0.00163508108784703	0.00978082095301061	0.144285947535977	0.0119483068472508	0.00185687815371579	0.00230104571050786	0.0124806466634677	0.00312254649253016	0.00162880340150253	0.0469125387343493	0.0158048099979307	0.132466369205051	0.00231841455612507	0.0567952951773851	0.111281679962019	0.0136568325317719	0.0869619170523653	0.0437786055709979	0.0793747627975965	0.121521940511284	0.0465478903867982	0.0781315279879955	0.0347604800316721	0.0653546842737029	0.0365182221537889	0.0691442132146672	0.057068258712087	0.0596491426154219	0.0502734615872003	0.080556842112782	0.10270305158514	0.0490903737719613	0.128909317230937	0.142447376191014	0.143379381058192	0.0811469255372731	0.140440583229065	0.0435379378949151	0.0705781396892336	0.0595309765576714	0.0844855118881572	0.0710407213279695	0.065346863835749	0.0846943142588693	0.104184494175092	0.0413493975771196	0.0447657159106298	0.0802876401429224	0.0527842933631907	0.083509209556411	0.0680989664085586	0.0502856557041106	0.123132774850937	0.12349164410673	0.141890170447754	0.0979189161549915	0.0864815415457042	0.074479134772161	0.0561838327257922	0.0832252555874863	0.0462376699980461	0.0932485208366856	0.0902767954300148	0.0633017507315886	0.0527220157285531	0.0313834044517893	0.136097509451587	0.0551635934547944	0.102809927529759	0.0970630952806184	0.0679820677020935	0.0506204359534413
GB116	0.040300475753317	0.0453516874801029	0.0725437982967406	0.0702086314182691	0.0172559163589595	0.0718110722273287	0.0322561648420312	0.00825930655830436	0.0146500431236369	0.0718766760570232	0.07270507924635	0.00790433357869548	0.0328320562933581	0.0338589054052577	0.0719618610661439	0.023948187667011	0.00576157551176489	0.0291633014990525	0.0432158901422012	0.0256521128343813	0.0287680048871823	0.0417431896608887	0.0100976571374846	0.0717968796991339	0.0723322781197953	0.0455346427142921	0.0106414580209689	0.0543015197370992	0.0177883617979747	0.0711568716650057	0.0724989069682179	0.0217030996249782	0.0718329867931327	0.00907870298933539	0.0725854695445359	0.0721253743677428	0.0642631105476558	0.0718834456244502	0.0727271553542879	0.0712434602807267	0	0.0719286320034904	0.0695042727195253	0.0391319052438543	0.0720760585984798	0.0405741510630557	0.0101601652803389	0.0576930481075036	0.0478480522605506	0.0714608983259008	0.0642246128332735	0.0733709113314898	0.0694480304314633	0.0720228242001148	0.0704129255856528	0.0667198228113579	0.0729428186561122	0.0710070004517382	0.0255562994309297	0.0720366434466959	0.127565903720832	0.0723323764072524	0.0167308787984604	0.0403290504796637	0.0675024694640829	0.0165300820001655	0.0292858306243263	0.0102600254085517	0.0504604975758779	0.025686634699767	0.00851148405957366	0.0382591614480874	0.0094140731850686	0.036001972684806	0.00739034434317169	0.0149884796442671	0.0133121202975004	0.0225293593518812	0.0104357160415002	0.0316383898860276	0.023115718182214	0.0577685057439587	0.0722132725547058	0.0724326737902381	0.0126083282509235	0.0693897266655859	0.028721554091934	0.00819575907709547	0.01476621338298	0.0135468044541682	0.00554600790230618	0.0132268046927309	0.0154533319250502	0.03521111236904	0.0312775426516027	0.0279293273942489	0.0102922417225805	0.0208048828256627	0.0133557642946453	0.00646455152750467	0.0223799398865062	0.0520421993551832	0.052371409956855	0.0708823428310529	0.027695402672345	0.0155069010727333	0.00645947788907874	0.0159784033294824	0.0126904846413644	0.0264897887604405	0.0228437935754732	0.0194002211098606	0.00957934093788605	0.0195880139980352	0.0409859173526668	0.0649740363311286	0.0177091520886417	0.0317293309013952	0.0261379456937765	0.00779838156545384	0.0213528006441063
GB118	0.111555545167489	0.116667334855807	0.0059970182865256	0.00793268270273175	0.088311172570243	0.00392737189916931	0.103048058396036	0.0662948828604486	0.0780230117115107	0.00433002140389454	0.00392916274899052	0.0667889626188712	0.0403082473862051	0.0391234428706494	0.00170962634420544	0.0496063151142814	0.0733946369528168	0.0941864246822367	0.114864879485333	0.096393939596836	0.0992562739987566	0.0317575033528335	0.0725499396823873	0.00151762942174963	0.00196164230819153	0.1170728959971	0.0805391889027875	0.0838574757329141	0.0891498833744213	0.0030577475430839	0.00273709584114546	0.0517725995694748	0.00175043214050785	0.0650914418652202	0.00342713148954014	0.00177610853764539	0.0143500400490758	0.00259051205780865	0.00741165629917323	0.00183375158079375	0.0719286320034904	0	0.00471437043002383	0.110809514092074	0.00170383697636083	0.0320561182958008	0.0647675774690479	0.129407527847121	0.119447377444518	0.00198835253284396	0.010571932669428	0.14496002730095	0.0125417570687003	0.00160872400481068	0.00307582903681605	0.0133136340765038	0.00277931898546574	0.0019434785367272	0.0475497171282768	0.0165808055775635	0.133242135999179	0.00201615715610902	0.0574305288945184	0.111928021064912	0.0144354253348829	0.0877595661264477	0.0443550505195603	0.0800622456302546	0.122103804139176	0.0472270532539397	0.078752973013454	0.0353383053696216	0.0659190501001748	0.0371183648592595	0.0697611659163176	0.0577065438182667	0.0602275296819933	0.050985957900382	0.0812661492764348	0.103290769186887	0.0497285242785107	0.129488337521601	0.143115036114298	0.14402056086545	0.0819883943356649	0.141045064787672	0.044167499763496	0.0713742533416459	0.0601137964562936	0.0850769919578475	0.0717449265748563	0.0661030812847494	0.0854370926666741	0.104772747691834	0.041934441097758	0.0453393664399181	0.0809852839118302	0.0533640573196339	0.0841131172697954	0.0687449077765147	0.050877210505382	0.123678775447788	0.124059451499371	0.142511332576925	0.098760171219556	0.0871000176276824	0.0751587610804673	0.0568912616281798	0.0839065642218397	0.0468136860490447	0.0940610063497466	0.0908473055019523	0.0638890697649031	0.0533289726108614	0.0319738180536513	0.136699472563435	0.0557396025820212	0.103379664246482	0.0976706055378673	0.0686322517994076	0.0513379416155695
GB119	0.109277314910985	0.114469146713464	0.00720598526308407	0.00700596232446983	0.086231070485982	0.00553372427774123	0.10126648256273	0.0642297284094372	0.0763149594116693	0.00568676226762961	0.00558578253093392	0.0640955427379319	0.0381716978406966	0.0364935085591343	0.00472374033709668	0.0470427843657407	0.0707265365530144	0.0921258558378075	0.112327409212035	0.094662285513348	0.097155457343718	0.0298060738114697	0.0707703939441479	0.00469140463856736	0.00510707085321874	0.114483362647018	0.0785155285789509	0.0818143589328034	0.0866847886431097	0.00423035318869157	0.00522167760775321	0.0494360235529114	0.00460975301790644	0.0628160421143879	0.00530561136147666	0.00492440666674138	0.0112944868242726	0.00462621192899391	0.00836499968092098	0.00417581959768678	0.0695042727195253	0.00471437043002383	0	0.108126895295249	0.00478008970844023	0.0300225483799222	0.0627944145464536	0.126662532187471	0.116860795276936	0.00432373262527916	0.00870898265786695	0.142472915426649	0.0109577460985894	0.00467994819969089	0.00379769937041206	0.0115858797651876	0.0056673664331549	0.00392576883020199	0.0448671606453982	0.0157072098474159	0.129983225856164	0.00506732464918509	0.0548060203742499	0.109321974217892	0.0127116652450176	0.085506002484548	0.0416755979560842	0.0778032436665863	0.11944266077545	0.0446442070633474	0.0761290155351162	0.0326361752143412	0.0632214099921361	0.0347218106152734	0.0671250652333703	0.0551546653638584	0.057504572651603	0.048657722244359	0.0789160341626466	0.100626189600338	0.0471595285291022	0.126800923786982	0.140994945183547	0.141377497351531	0.0800428750990617	0.13834169491975	0.0415268571238325	0.0695768636133936	0.0574275509576605	0.0825260582596365	0.0693092152777344	0.0643312094187496	0.0836568654637144	0.102236670752366	0.0392530708940643	0.0426856469400603	0.0785146765034608	0.0506584537827005	0.0814408782606173	0.0661092553325374	0.0482032117669028	0.121055469895252	0.121358470633776	0.13987702056013	0.0966524979231334	0.0843855635535837	0.0725322379307313	0.0543965742067255	0.0813412201976535	0.0441166860512411	0.0918840172164368	0.0883260558199401	0.0611867057253616	0.050706070932475	0.0293322216267839	0.134016853992385	0.0530527944892946	0.100758309842962	0.0950814630046035	0.0663256447649363	0.0491115797800247
GB127	0.00802086132244593	0.00997907796761755	0.111607744386702	0.109272574911816	0.025215879602433	0.110875020800817	0.0118998547761955	0.0460225439846817	0.0473481415197103	0.110942292619835	0.111676417215906	0.0450218283957002	0.0717996766395641	0.0719881393391677	0.110801468744422	0.0621766237297443	0.0376961153339256	0.0508403975817591	0.00855807368218784	0.0246686117366107	0.0316516006685267	0.0807572071148892	0.0452165267044547	0.110555300131591	0.110769366676157	0.00946032903168934	0.0324857913597365	0.085943553408589	0.0223566438165503	0.110177095941823	0.110330709378527	0.060590452204148	0.11078510079721	0.0468083049800962	0.111605475797798	0.110656768083572	0.103326778595496	0.110171139315523	0.111791099337014	0.110218646700936	0.0391319052438543	0.110809514092074	0.108126895295249	0	0.110585262302798	0.0795602911725791	0.0484975371133498	0.019162369061807	0.0106640437352142	0.110358421022844	0.103274468972225	0.0351003762522731	0.108512391044636	0.110642976080528	0.10946023787814	0.10578376280539	0.110730858689005	0.109788029257095	0.0636420914470547	0.111100590063466	0.134296101602641	0.1106363262492	0.0548040392347659	0.00709329301319697	0.106566134125295	0.0244405848289266	0.0670832971280271	0.0366498621161839	0.0125720182050377	0.0641500557763408	0.0324883803612355	0.075959414996282	0.0462779610069713	0.0745610630120894	0.0421302114058324	0.0533024486191947	0.0509440352519353	0.0612364831672172	0.0302548652345484	0.00968098460527306	0.061423586173491	0.0191806008653584	0.0343330720383109	0.0340962585795558	0.0365216066929126	0.0307382357899438	0.0668517253314606	0.0421131719468218	0.0525178710431463	0.0261668464770973	0.0402222046572151	0.0512928734298306	0.0333060794180692	0.0396731748725429	0.0692163352111373	0.0659751912409609	0.0304084505246143	0.0585800739325056	0.0305067763635606	0.042360235946347	0.060378562809542	0.0140353331960869	0.0137671781010041	0.0322424135914054	0.0146262961253994	0.0240267715746104	0.0363820461989051	0.0543508356192497	0.0272542319538053	0.0643047301305665	0.0177940777455917	0.0213602526266113	0.0472451004604197	0.0577807559283695	0.0791456322703097	0.0261956412119396	0.0555315933218508	0.00956232864803616	0.0140692476615912	0.0444070474254061	0.0602443274298702
GB128	0.111836830850201	0.117036199705167	0.00705532512669875	0.00901901126942701	0.0888052779917765	0.00495471817328397	0.103927742200668	0.0668325861445581	0.0790215048826102	0.00525496420544582	0.0045487870123576	0.0666958168148994	0.0409271300140053	0.0389613228088075	0.00135872045284303	0.0495074733414433	0.0731703842604401	0.095138354358649	0.114829238842834	0.0973235503441156	0.100259468335696	0.0324714608452838	0.0735260970664747	0.000987897228246812	0.00107143102421546	0.117051867598837	0.0811696014922075	0.0849075051720696	0.0892862165064523	0.00382515026439884	0.00151813379114063	0.0521247981473653	0.00205858968775378	0.0654457828236951	0.00409628157127611	0.000946292192942693	0.0152792530698758	0.00182587115007048	0.00834543990309943	0.0019216004165164	0.0720760585984798	0.00170383697636083	0.00478008970844023	0.110585262302798	0	0.0326455447898068	0.065580691728327	0.129183276509396	0.119328525782836	0.00204460030114444	0.011416246968726	0.145024240619004	0.0136986141836252	0.0010003510509558	0.00372917320805066	0.0142453308546483	0.00151215830695524	0.0018693791242902	0.0473346300799437	0.0175151474811513	0.13423732359602	0.000971667588564374	0.0572856094951581	0.111842454984935	0.0154204037078101	0.0881283450307268	0.0441203874093716	0.0805102014029869	0.121964153015252	0.0472021424258598	0.0786645368042618	0.0350818635162079	0.0657220017353092	0.0372467763119876	0.0695695894008333	0.0576552404749273	0.0599851060771581	0.0512111887636811	0.0814814507359206	0.103115080281942	0.0496439462283043	0.129275934337968	0.143898163630505	0.14401832900264	0.0829074541577185	0.140900543994374	0.0439930356135874	0.072250347584486	0.0598691640929742	0.0850074568180123	0.0718686583668295	0.0670418142143524	0.0864587387051245	0.104946571769136	0.0417211446346659	0.04515450297281	0.0810688007811103	0.0531126256241943	0.0839320155556756	0.0686912734174367	0.0506653152406216	0.123533111329031	0.123881862771631	0.142369424002339	0.0993100683948006	0.0868698022130764	0.0750178587105539	0.0569396506280008	0.0838345959030016	0.0465946864675392	0.0944375486084909	0.0908708549810178	0.0637026441970257	0.0532270438141293	0.0318299939272681	0.13645303068739	0.0555100869951826	0.103198733669941	0.0976238714324103	0.069062612010072	0.0517949696743127
GB130	0.0802309024665091	0.0851680214958962	0.0320680783214894	0.0297194989115903	0.0569805058490748	0.0314262649138468	0.0714715427973054	0.0348225198309831	0.0466601410974758	0.0315071660460848	0.0327452464838221	0.0355652720112391	0.00910214541686906	0.00869975325820798	0.0323046529571516	0.0183629809944618	0.0421232263736352	0.0627386731782345	0.0835601820638685	0.0647841436844884	0.067720059606463	0.00445448545368973	0.0410126495842982	0.0322291273623705	0.0330329362792198	0.085811192941184	0.0490196182044468	0.0527506944431801	0.057828969952434	0.0308964698377884	0.0332783556195221	0.0203367508947849	0.0318170201522533	0.0338354890770984	0.0323508321072417	0.032624656259261	0.0238873367056702	0.0325968324799429	0.0322323376030633	0.0312629188363901	0.0405741510630557	0.0320561182958008	0.0300225483799222	0.0795602911725791	0.0326455447898068	0	0.0332520807331259	0.0981527578951132	0.0881704157500556	0.0315202830754446	0.0238351940431378	0.113599861887368	0.0290662073577293	0.0324043763067686	0.0302129834137782	0.0262325172961661	0.0337453145496171	0.0312017327870684	0.0162960338415672	0.0315728571002532	0.120829489420761	0.0330156970844425	0.0261663882663906	0.0806122300299731	0.0270525966441692	0.0563595901535015	0.0132228146857497	0.0487529181244999	0.0908771812012701	0.0159356725211679	0.047460906696741	0.0063806201632351	0.0347038453651799	0.00717064771316757	0.0384862874117163	0.0264215754965941	0.0290059642489962	0.019627063506932	0.0498798897094799	0.0720449770716104	0.0184441573842607	0.0982509628690855	0.111724717297939	0.11271264893238	0.0503785461939947	0.109791820247968	0.012958915465549	0.0398222878387179	0.0288779150243058	0.0538119109667311	0.0403745251547809	0.0345778369504695	0.0539201641398849	0.0734927375434023	0.010865402142188	0.0141139221612853	0.0496476544161337	0.0221464048149158	0.0528554519393829	0.037457830432539	0.0196503893368774	0.0924713733521375	0.0928292613890436	0.111242914816948	0.0672200461379205	0.0558359683162034	0.0438712660336133	0.0255388707637486	0.0525902319661897	0.0156791661254535	0.0626251293026438	0.0596184456212954	0.0326477986374738	0.0220670073876402	0.00533234458792992	0.105444702686686	0.024525416337631	0.0721517158954433	0.0664127998129286	0.0373466680710665	0.019902147399732
GB144	0.0487877068232105	0.0538708599227847	0.063974896276539	0.061669692660522	0.0255068215315766	0.0634620024474582	0.0394367460688256	0.00715303156734209	0.0159129721131364	0.0633074411689633	0.0650259812522416	0.00780902849863086	0.0253030559414941	0.0275611525890653	0.0650688129091504	0.017625049473906	0.0118937344017504	0.0313940707669415	0.0524438402116901	0.0326651789135102	0.0355148322202943	0.0337822774443964	0.0100587671975408	0.0651124835465894	0.066025523562925	0.0545842832311837	0.017547141487776	0.0496832099602078	0.0266543838543573	0.0630570157910838	0.0662910269215854	0.0146064091793666	0.0643494068974196	0.0063111623949042	0.0646540118061533	0.0656133652335466	0.0556712701465144	0.065592080429949	0.0641515098060622	0.0639659068500153	0.0101601652803389	0.0647675774690479	0.0627944145464536	0.0484975371133498	0.065580691728327	0.0332520807331259	0	0.0670045715088796	0.0570475062110809	0.0642010568443573	0.0559780468994921	0.0822445480811475	0.0609950761527124	0.0652278953730458	0.0625972830210671	0.0581441762095148	0.0667525591949622	0.0641177691368744	0.0193198531151119	0.0632380867997805	0.123789598092888	0.066008979435822	0.0110769681961774	0.0495347732282949	0.0588332129397778	0.0249413085085425	0.0230994519843447	0.0172918602033998	0.0597006315083215	0.0191761094540583	0.0165410293313214	0.032089700357932	0.0081544621457167	0.0293769896914712	0.00947385251926578	0.00955196979545019	0.00903848966705905	0.0158029479783668	0.0187755456344798	0.0409898861791148	0.0168431540386695	0.0671027753916052	0.0793513242493976	0.0815040017619277	0.0182383343097613	0.0786175848257662	0.0224422406536913	0.00918538537290361	0.0102832230522928	0.0228226128307105	0.00974725871205781	0.00864728999963839	0.0215928386567593	0.0418671215084767	0.0250465030490298	0.0217271381989121	0.0186504170656054	0.0147658685772595	0.0219886551676977	0.00857855243410802	0.0162533708739875	0.0613163249059157	0.0616590740780036	0.0800760310858187	0.0356725562326234	0.0249021923301196	0.0130314539078473	0.0105446632681038	0.0216440043054672	0.020412161231342	0.0314089834991128	0.0284918731718202	0.00677074874619568	0.0135028690730005	0.0347623738149802	0.0742906894948747	0.0118047173341943	0.0411109456773659	0.0354576562578329	0.00876152425924448	0.0141833928799388
GB147	0.0192058989989825	0.0149506051669537	0.130200212727291	0.127865044230765	0.0437296095558188	0.129467487711497	0.0289782620778288	0.0645860036966777	0.065931441093033	0.129533090449945	0.130264370429395	0.0634792800804581	0.090391029312153	0.0905806044436464	0.129389423011529	0.0807256613566418	0.0562382680599136	0.0693491494490041	0.0150520081650654	0.0430876959040008	0.0498937764252075	0.0993385775522752	0.0638056549083705	0.129147766741237	0.129334095376309	0.0138995601969649	0.0510678221894936	0.104518346714251	0.0407622910358689	0.128769562626728	0.128916944668751	0.0791559774767269	0.129383115906908	0.0654079025667725	0.130197944815713	0.129276972301681	0.121918553505281	0.128704424157287	0.130383565269335	0.128811113310583	0.0576930481075036	0.129407527847121	0.126662532187471	0.019162369061807	0.129183276509396	0.0981527578951132	0.0670045715088796	0	0.0109990451745383	0.128956435982025	0.121866937689107	0.0166790657300464	0.127011718774083	0.129189319758102	0.12795997817408	0.124376232199597	0.129345514783354	0.128380496243034	0.0822012702925037	0.129693059382415	0.138547477999119	0.129206603825694	0.0733877719201223	0.0177777963008431	0.125158604648378	0.0429715848894733	0.08569240539965	0.0552133049703006	0.0099708071196654	0.0827425137312725	0.051008342398387	0.0945661568430939	0.0648355112232343	0.0931356285858636	0.0606902694386063	0.0718899056541197	0.0695396843883726	0.079808251762932	0.0488033842558813	0.0264386457833226	0.0800059114893277	0.00749880055111428	0.0183370090230848	0.0158838964669467	0.0550335631376565	0.0128055246372829	0.0853902279879108	0.0606977079026025	0.0711510982552562	0.0446960102917269	0.0588002189843342	0.0698626604721402	0.0518748920900051	0.0569785699022539	0.0878003305859036	0.0845087030620286	0.0490130075262954	0.0771775280285363	0.0490900595681836	0.0608997683633458	0.0789589570327239	0.00882768242283621	0.00976899366077939	0.0144772924526331	0.0321242291612005	0.0425827347043187	0.0549525476691097	0.0729575788207126	0.0458377680242664	0.0829027422299289	0.0361506057188216	0.0398701964266071	0.0658330287445675	0.0763543163134594	0.0976992667172894	0.00897004347496826	0.0741225283856344	0.0264183050068566	0.0321866784037815	0.0629847206250586	0.0788311749094665
GB149	0.0108766140039385	0.00831537639176605	0.120190131393346	0.117854963950437	0.0338292006177433	0.119457408183753	0.0190401238323462	0.0546339039098133	0.0559363330930772	0.119523009341775	0.120287139533144	0.0539009406635858	0.0804451026323468	0.0808872720508864	0.119408600709655	0.070993499510517	0.0465466540419694	0.0593764166338275	0.00815333236324027	0.0330854086863874	0.0399289273591054	0.0893451396865074	0.0537966886403585	0.119215352742961	0.119534819339863	0.00782246055226124	0.0410633091861852	0.09451659806449	0.0309929618555488	0.118773570039658	0.119337988321227	0.0692128523657418	0.119412302218302	0.055459713657396	0.120197977306265	0.119427768494746	0.111908472020819	0.11904329445326	0.120373488450893	0.118812130331391	0.0478480522605506	0.119447377444518	0.116860795276936	0.0106640437352142	0.119328525782836	0.0881704157500556	0.0570475062110809	0.0109990451745383	0	0.118985188203027	0.111856859139722	0.0261821058588197	0.11709436300126	0.119347408639662	0.11804262225074	0.114366151994527	0.119762588254731	0.118436986749822	0.0724964388693222	0.119682979704154	0.135234989602156	0.119435064193576	0.0636615747905741	0.00901608699650475	0.115148522260815	0.0330514530792381	0.0760983814946329	0.0453271726428559	0.00734610104657372	0.0728640628207212	0.0413073035653191	0.0850554855182917	0.0551930380364259	0.0832561667669903	0.0509594499011232	0.0621140662467841	0.0599403926970983	0.069960442042411	0.0388766973646301	0.0168924580053003	0.0701960844523979	0.0110528308679491	0.0255320474430166	0.0251594092790978	0.045087158266041	0.0219852999864014	0.075714943497771	0.0507010895420205	0.0615348854299748	0.0350004993567262	0.0489466279143035	0.0598648242050349	0.0418746922579077	0.0475199562168182	0.0781678949492146	0.0748980388496861	0.0391695032065565	0.0676500771307584	0.0394687106588272	0.0511617882158419	0.0692999990600528	0.00841345111580773	0.00767635518562688	0.0234208810801684	0.0221680995744813	0.0329638957563374	0.0451814409420647	0.0631437040489129	0.0360739959610833	0.0733364577019456	0.0261934310988043	0.030125335225779	0.0561830955698635	0.0666515724827545	0.087961010409124	0.0174678678323298	0.0645784335304992	0.0168148574020685	0.0224341475687018	0.0530437781955257	0.0688799912429819
GB151	0.110977988426733	0.116154761702725	0.00604295008110278	0.00754645002789494	0.0879400489155692	0.0037786912371762	0.102502659339495	0.065709900299106	0.0775381332696086	0.00422802096999467	0.00395742037940319	0.066356105334831	0.0398863127285784	0.03865944889534	0.00186540575815903	0.0491584108935462	0.0729158050709903	0.0937704656912823	0.114419334163569	0.0958651811486543	0.0988010887545769	0.0312710179749763	0.0720896399156614	0.00173692860695118	0.00236033990374996	0.116631679236889	0.0800155170939185	0.0831800162641689	0.0887320773920627	0.00274946393075898	0.00293818266080126	0.0511529342544199	0.00176918377838783	0.0646613886711573	0.00339257126354208	0.00208225877246481	0.0138374978789326	0.00251810307993149	0.00731243460316851	0.00163508108784703	0.0714608983259008	0.00198835253284396	0.00432373262527916	0.110358421022844	0.00204460030114444	0.0315202830754446	0.0642010568443573	0.128956435982025	0.118985188203027	0	0.0100291047969626	0.144247593000682	0.0122500713444268	0.00196701181038857	0.00259080375227231	0.0127797284436346	0.00315204729217885	0.00176635206588973	0.0470611828971993	0.0159250046926165	0.132509770492713	0.00236970519575272	0.0569421232423999	0.111381648842132	0.0138795989085779	0.0871884999702675	0.0439152984005032	0.0795651814251235	0.121682380109724	0.0466923370505824	0.0782712983212086	0.0348899758825398	0.0654352984268858	0.0366232457072145	0.0693036918010977	0.0572662704219722	0.0597807312704096	0.0504960342489108	0.0807490324733233	0.10284282530498	0.0492673006021615	0.129043544934253	0.142489178313149	0.143546022098474	0.0812592646389297	0.140566946280123	0.043699901701525	0.0709080409747784	0.0596627017690076	0.0845975503325462	0.0710429086754418	0.0654350552293989	0.0848558904847713	0.104120948097923	0.0414780772507492	0.0448881340297786	0.0804919859375617	0.0529185084983556	0.0835995622205012	0.0682539759260235	0.05041973928761	0.123280598283416	0.123591611933227	0.142041039737788	0.098283142980301	0.0866149402025974	0.0745500675355545	0.0563438896353197	0.0833841754180012	0.0463654963356076	0.0935377997129855	0.0904221172736149	0.0634389675852626	0.052905475589061	0.0315052109083744	0.136237284149786	0.0552905798710958	0.1029441550073	0.0972260321029509	0.0682118288570582	0.0508012016388503
GB155	0.103636927977957	0.108586500088374	0.00898032039497988	0.00675519220907279	0.0802833507909919	0.0087573553924684	0.093645370066768	0.057919187076164	0.0686521066559686	0.00864934822252829	0.0108329670155665	0.0592257883211579	0.0319752176903715	0.0315642644359608	0.0107852589677681	0.0420359014110132	0.065837404380242	0.0845885291093528	0.107263700077028	0.0863350663672794	0.0892709826279168	0.0229561502922966	0.0626293633020285	0.0109906009012702	0.0118522394937698	0.109450428473829	0.0718810866502198	0.0739661014892838	0.0814514137578733	0.00869548239867495	0.0121265222139732	0.0437316856902055	0.00995481393365848	0.0572099821134047	0.0102560388752156	0.0114034394959383	0.00628349376428458	0.0113660461372799	0.00899165440727063	0.00978082095301061	0.0642246128332735	0.010571932669428	0.00870898265786695	0.103274468972225	0.011416246968726	0.0238351940431378	0.0559780468994921	0.121866937689107	0.111856859139722	0.0100291047969626	0	0.137251810895072	0.00738641453173124	0.0110657292775659	0.00834343191048112	0.00569407181517983	0.012627436892327	0.00987688852285947	0.0399708515879783	0.0131776556560788	0.123915614880095	0.0118347401354424	0.0498243324232824	0.104312755920068	0.0070121971880923	0.0796657032286278	0.0368283084132756	0.071996650724399	0.114577763309382	0.0395602592728054	0.0711455611568509	0.0278129661549823	0.0584049402839608	0.0294676972459061	0.0621866973662617	0.0500950915268575	0.0527037224459528	0.043177095063106	0.0734246399140719	0.0957442682349321	0.0421033278860227	0.121968133431492	0.134134358303113	0.136277333504022	0.0719225035246575	0.133490127445471	0.0365876610757727	0.0622702114886106	0.0525849954121643	0.0774858653394863	0.0639285753020132	0.0565800730778713	0.0756258560777313	0.0964970116813978	0.0343935732362848	0.0377946207958339	0.0732311683170723	0.0458392928345035	0.0765608730867054	0.0611002211919939	0.0433370338545905	0.116177505013919	0.116539419299424	0.134898302756777	0.0903210321610624	0.079537797305319	0.0675127719237347	0.0491753989322619	0.0762464891780506	0.0392877916156343	0.0860604197539464	0.0832912324353902	0.0563156163000097	0.0457721580986423	0.0244213665713264	0.129153336238379	0.0482164929912548	0.0958657521340582	0.0900967320559001	0.060575893468628	0.0432058073429748
GB157	0.0346965391489893	0.029871243663659	0.1455862860788	0.143251119388474	0.0592736204841522	0.144853564524891	0.044363923333209	0.0799721276970825	0.0810061051990047	0.144698853595088	0.145287017629604	0.0795503841957661	0.105868861304991	0.1066657687829	0.145017894982088	0.0967583912942145	0.0723936280066317	0.0847573007899101	0.030745997441688	0.0584737758970622	0.0652784610712769	0.114763492135086	0.0791917315336189	0.144761285998605	0.145302648496146	0.0291267821584085	0.0664873420063293	0.118975467829391	0.0565853129432659	0.144181743715749	0.14526761631773	0.0943597844905323	0.144754857426942	0.0809737170735995	0.145596199565464	0.145073557140851	0.137304631297034	0.144772729939885	0.14576964531884	0.144285947535977	0.0733709113314898	0.14496002730095	0.142472915426649	0.0351003762522731	0.145024240619004	0.113599861887368	0.0822445480811475	0.0166790657300464	0.0261821058588197	0.144247593000682	0.137251810895072	0	0.14249052303006	0.14493217417086	0.143455423339449	0.139762313528494	0.145680199066798	0.143932996374188	0.0983140598041843	0.144742809762858	0.145006092058288	0.145152969191773	0.0894461758811064	0.033648608910917	0.140245794948905	0.0584797740283639	0.102049283005975	0.0707025114785541	0.0243116565086324	0.0984475725527966	0.0670111722717382	0.111006249607813	0.0809050442443954	0.108677117887771	0.0767872838510407	0.08784778498941	0.0858632740047243	0.0954661531129269	0.0644291911763374	0.0425647749669022	0.0959478181720984	0.0166956474287247	0.0182968243542645	0.00706214821812781	0.0700117120462837	0.00858466288385292	0.101508565773868	0.0760837875381865	0.0874746912206062	0.0606866200840232	0.0742357016512842	0.0847781153038295	0.0668972504485135	0.0723710267080201	0.104073998602954	0.100732441953938	0.0647731969001317	0.0935565945174959	0.0652524002573707	0.0768901281284563	0.0951848683333156	0.0224052579283263	0.0226840532262518	0.00752326329720837	0.0475622502466043	0.0588557060544539	0.0707131241532889	0.0887498546278838	0.0617078265758476	0.099237428771125	0.0517284765162251	0.0557526196870539	0.0820478405615296	0.0924338176846504	0.113812061346541	0.00990887472848173	0.0904794046373078	0.0425932115188452	0.0482100139588419	0.0785563009405377	0.0943777420454555
GB164	0.108535556329621	0.113690533421256	0.010092969946187	0.00725404099288462	0.0848547163033726	0.00973649817810516	0.0984735692089254	0.0628516456921293	0.0715918863813082	0.0102405074908577	0.0119967118112577	0.063961467169451	0.0370524661671935	0.0367986532210401	0.0129266793021198	0.047103564396049	0.0710749081288925	0.0880887150914982	0.112495222100706	0.0907867504189713	0.0931911835014218	0.0280810329084746	0.0670615049699942	0.0132128083043628	0.0137537780001458	0.114547733480882	0.0769304650449994	0.0772950566477246	0.086604532418829	0.0107493060029516	0.014395237185362	0.0489615011922639	0.0122104767484195	0.0621766653476339	0.0116536575981011	0.0137125588389057	0.00920767612247305	0.0134661454387536	0.00950626982375979	0.0119483068472508	0.0694480304314633	0.0125417570687003	0.0109577460985894	0.108512391044636	0.0136986141836252	0.0290662073577293	0.0609950761527124	0.127011718774083	0.11709436300126	0.0122500713444268	0.00738641453173124	0.14249052303006	0	0.0132416001887936	0.0100531251301443	0.00822953315395297	0.0148879589908051	0.0121728478733337	0.0452635947878313	0.0145012802077514	0.127364354678477	0.0141418748300033	0.0550516967219536	0.109547268937935	0.0086707866449624	0.0846994770596726	0.0421127766144998	0.0767851883564332	0.119699987949747	0.0448140966320279	0.0763101996195437	0.0331023955209689	0.0635108117653866	0.0346132040851646	0.0672278457669297	0.055348459330171	0.0579655763100494	0.0484101048322639	0.078507840181842	0.100963502670779	0.0472730111067343	0.127193195350242	0.137246889297408	0.141609616652884	0.0762847369216909	0.137491931668436	0.0418356001527622	0.0667695439223087	0.0578318217186013	0.082656294860021	0.0692087796074573	0.0608364889266515	0.0788928260556375	0.101095753260935	0.0396494439078702	0.0430527179304397	0.0783533048674916	0.0511068500427887	0.0816383877336377	0.066374802190547	0.04845153299546	0.121179142308356	0.121709878471765	0.140172842325586	0.0954127988279468	0.084779474771384	0.0727508319824031	0.0543579756461009	0.0813635065399035	0.0446022413671017	0.0912339597037344	0.0883286809830955	0.0616037940437143	0.0510160621218007	0.0298276350203187	0.134390840777243	0.0534954627957007	0.100996683191771	0.0953350703072066	0.0653398483991623	0.048462924030092
GB165	0.11166794951817	0.116805446945658	0.00668422049828664	0.00865892596034841	0.0886466428637505	0.00456531459790175	0.103574946974263	0.0666689475001109	0.0786897178099613	0.00488914359029326	0.00432618234231315	0.0665984804356339	0.0406774582360128	0.0389917172642067	0.00141999232338011	0.0495245442020171	0.0732336446943909	0.0948067141903771	0.11488140517413	0.0969541106711734	0.0998900253513847	0.0321479142652919	0.073155269365419	0.00106604249128276	0.00137316273738712	0.117047934745899	0.080872713992692	0.0845441542039014	0.0891648964448409	0.00351491000743188	0.00189128549898283	0.0519533772209678	0.0018176443847937	0.0653687181948411	0.00379363886278236	0.00113537038038949	0.0149080026518516	0.00195023551857572	0.00797002014675827	0.00185687815371579	0.0720228242001148	0.00160872400481068	0.00467994819969089	0.110642976080528	0.0010003510509558	0.0324043763067686	0.0652278953730458	0.129189319758102	0.119347408639662	0.00196701181038857	0.0110657292775659	0.14493217417086	0.0132416001887936	0	0.00335274046555049	0.0138735286985533	0.00190900036103252	0.00179083624530132	0.0473963610752664	0.0171418150209568	0.133867046748749	0.00121163168130972	0.057321554633102	0.111828052410574	0.0150518020276319	0.0879490414653162	0.044194604674674	0.0803788602352142	0.122001199032923	0.0471969040656331	0.0786081286090793	0.0351675929445209	0.0657943335521703	0.0372033139709571	0.0696517189569545	0.0575848043792778	0.0600651489815327	0.0511189799642924	0.0813524613175729	0.103194495117424	0.0496349452872469	0.129339194583772	0.143625393208831	0.143995760215653	0.0824800811030648	0.140864391820599	0.044028279983034	0.0718960304829207	0.0599417111488304	0.0850540743482233	0.0717808890222299	0.0666890194018682	0.0860893024940683	0.104854701820648	0.0417641632710442	0.0452141648515908	0.0809947144654062	0.0531987687478764	0.0839697499618386	0.0686524202953083	0.0507138653686552	0.123582775168347	0.123921519653364	0.14239129710077	0.0990016531161588	0.0869329202205244	0.0750538009134206	0.0568085981137825	0.0838687334096793	0.046655340929224	0.0942439576893142	0.0907954313237258	0.0637566351303549	0.0532342727211389	0.0318553794664566	0.136538481772548	0.055577086642234	0.103278637684957	0.0975872800506727	0.0688724809072234	0.0515932894942134
GB169	0.109899984616222	0.114901542663574	0.00559102286198976	0.00606312280088061	0.0866242811986894	0.00327639738003714	0.100739079292374	0.0644231478900018	0.0760380468434758	0.00389268849223777	0.00428898319028167	0.0650968439877033	0.0384819577024742	0.0377518222902459	0.00320487901112159	0.0482258054267879	0.0720231694856075	0.0920875793454623	0.113471223624668	0.0940849513116509	0.0970208166223584	0.0296562647804467	0.07029318775643	0.00331663879779911	0.00415772443514957	0.115661304030153	0.0784841042124864	0.0816916670612614	0.0876176805809291	0.00234352522165129	0.00446309223818132	0.0500529227082175	0.00276363475572769	0.0634912995226455	0.00352402999079927	0.00372097578494706	0.0120532334255374	0.00368818346495655	0.00677347161120387	0.00230104571050786	0.0704129255856528	0.00307582903681605	0.00379769937041206	0.10946023787814	0.00372917320805066	0.0302129834137782	0.0625972830210671	0.12795997817408	0.11804262225074	0.00259080375227231	0.00834343191048112	0.143455423339449	0.0100531251301443	0.00335274046555049	0	0.0110018721339528	0.004926644503186	0.00239121272802503	0.0461605075709145	0.0146664811034847	0.131159823651266	0.00414366775422799	0.0560093870141892	0.110495531649301	0.0121836195455281	0.0859428799212581	0.0430135131634847	0.0783745991912755	0.120763525818333	0.0457601596535456	0.0773288441276309	0.0339970625560693	0.0645954328579734	0.0356459404633503	0.0683778881123572	0.0562959449986617	0.0588884909797196	0.049420441641952	0.0796431948741277	0.101940616589002	0.0482918591887662	0.128150905924614	0.141183425982793	0.142568103141255	0.0795903754505244	0.139272164365258	0.042773424036274	0.0691914396981398	0.0587711515977527	0.0836827186773522	0.0701961135773948	0.0638552041291588	0.083221656957058	0.103152787444567	0.0405800306812079	0.0439784390230974	0.0794908259854172	0.0520215615103341	0.0827462103481245	0.0673260689910614	0.049523334235254	0.122367290384842	0.122733230843689	0.141121099091539	0.096771795791809	0.0857222912588505	0.0736985249877578	0.0553786887815504	0.0824295220652012	0.0454745276106728	0.092329916177374	0.0894795401078282	0.0625400827313312	0.0519572035456547	0.0306123502627768	0.135339099876206	0.0544009793436889	0.102051517803862	0.0962824830503175	0.0670184159293921	0.049534549993096
GB175	0.106133057086757	0.110980985968402	0.00916787887914012	0.00712472218973092	0.0825978935968996	0.0104714372016565	0.0953983835349179	0.0602330748706755	0.068280277303373	0.00975660734217275	0.0135333438055834	0.0617509576482604	0.0343239379839765	0.0340755100766517	0.0136403448202393	0.044543947384815	0.0683467000572368	0.0825473370425629	0.10976701214759	0.0832024048825707	0.0864551758976898	0.025140939035801	0.0623776695568754	0.0137950061923928	0.0146958126470146	0.111973099335276	0.074090000279624	0.0732474636399385	0.0839358051918974	0.0112503459865246	0.0149728647630775	0.0462233238674776	0.0126992569991736	0.0597659958658194	0.0128259029088899	0.0142455002236547	0.00664354988721886	0.0142392566371145	0.00695533839741139	0.0124806466634677	0.0667198228113579	0.0133136340765038	0.0115858797651876	0.10578376280539	0.0142453308546483	0.0262325172961661	0.0581441762095148	0.124376232199597	0.114366151994527	0.0127797284436346	0.00569407181517983	0.139762313528494	0.00822953315395297	0.0138735286985533	0.0110018721339528	0	0.0154480333392969	0.0127019247491703	0.0424840444266194	0.00823681197608962	0.120639193840701	0.0146789905530485	0.0523348818674232	0.106819059436369	0.00441609693201955	0.0820940167012841	0.0393479015264246	0.0744177535778344	0.117087058421939	0.0420708101656702	0.0736677365170585	0.0303233747154173	0.0609181359636061	0.031973390021559	0.0647008668142136	0.0526028599477176	0.0552113496444442	0.0456727237788716	0.0759244162702199	0.0982641441502956	0.0446147119833363	0.124474436420985	0.135605468217171	0.138881406549251	0.0717301287434318	0.136015292972025	0.0390969571666886	0.0640098405907853	0.0550937361714214	0.0799951583448082	0.0664708538338391	0.0575599314814264	0.074995993589512	0.0973342831688698	0.0369032871053375	0.0403035002751182	0.0757452973136396	0.0483449718566856	0.0790697502517941	0.063640054390587	0.0458477226772694	0.118686798395533	0.119048711326387	0.137444630792045	0.0926281407174438	0.0820458388388759	0.0700220670362916	0.0516760194993982	0.0787527920170264	0.0418000107988565	0.088497162768335	0.0857919894083582	0.0588640374592458	0.0482807593288446	0.0269673269317307	0.131662629996285	0.0507257925816859	0.0983750460424809	0.0926060262653563	0.0631151508276511	0.0457065109953736
GB178	0.11276579196706	0.118008361546078	0.00837761676409329	0.0102481506717852	0.0898545593625367	0.00619439528596522	0.105116251818459	0.0678826891111605	0.0801578038419136	0.00655888732184063	0.00578757510591073	0.0671285765640663	0.0420283952520953	0.0393672794893836	0.00243480990085494	0.0499929003793784	0.0734548061107746	0.0963062486714787	0.115365407834149	0.0985120612412992	0.101393058896065	0.0336468620508006	0.0747143289808071	0.00184849099517151	0.00150637328025745	0.117685803259262	0.0823506861172541	0.0860519165342504	0.0901196919607394	0.0050470518134064	0.00105069066227651	0.0531825542148918	0.00328816132116687	0.0664875976214505	0.00542809736369309	0.00159259657775325	0.016456598171381	0.00221060261405496	0.00966842559100401	0.00312254649253016	0.0729428186561122	0.00277931898546574	0.0056673664331549	0.110730858689005	0.00151215830695524	0.0337453145496171	0.0667525591949622	0.129345514783354	0.119762588254731	0.00315204729217885	0.012627436892327	0.145680199066798	0.0148879589908051	0.00190900036103252	0.004926644503186	0.0154480333392969	0	0.00290193897436815	0.0476205814441647	0.0187064402764945	0.135425136396379	0.00120997713200249	0.057703182929092	0.112337538539761	0.0166308980510391	0.089172079331345	0.0440825385351976	0.0815654956933224	0.122369205710864	0.0479112313025528	0.0791508185893598	0.0348871566468116	0.0659489668529443	0.0380012704943768	0.069951227104122	0.0581972078241483	0.0600683097962779	0.052119006826119	0.0823692056265744	0.103411166806414	0.0501746231633605	0.12928839246131	0.144921176812866	0.144678373529453	0.0840965203113026	0.141199553855742	0.0443608068456553	0.0734187600889591	0.0598362693657177	0.0854699507054656	0.0727283702504755	0.0682141709357801	0.0876472493012746	0.105107373285173	0.0418571769965417	0.0453987190067166	0.081839049855868	0.0531171894811019	0.0840840825829843	0.0691989190274417	0.0508322109929239	0.123750715695246	0.123956542123448	0.142713812114012	0.10041150706585	0.0870550654903807	0.0756348479125235	0.0576511178203303	0.084441638128324	0.046602209032786	0.0954967979529891	0.0915545502094307	0.0638584208608878	0.0535769132953702	0.0321439319111482	0.136659648081269	0.0554980105447649	0.103444184317733	0.0980523855547712	0.0700269082203658	0.0528590916985213
GB189	0.110578726788964	0.115784078911699	0.0064728300797405	0.00757301119955802	0.0875879627737132	0.00405169552370831	0.10240379826288	0.0655079138926183	0.0775509818334772	0.00473450846567919	0.00424952564685784	0.0658405503314553	0.0395658680736417	0.0381081815846641	0.0019492243435422	0.0485948132670889	0.072367604558516	0.0936592547881483	0.113909964308594	0.095794059637219	0.0987299670173664	0.0309732877884549	0.0720061677122357	0.0016816962690262	0.00216813914092273	0.116119697012685	0.0797826547664825	0.0833825699307702	0.0882171574566099	0.00288860065065268	0.002560077377976	0.0509192238401885	0.00206724517141478	0.0643190698265427	0.00364619261712175	0.00184446873037924	0.0137484996306776	0.00223314567259454	0.00778135416483638	0.00162880340150253	0.0710070004517382	0.0019434785367272	0.00392576883020199	0.109788029257095	0.0018693791242902	0.0312017327870684	0.0641177691368744	0.128380496243034	0.118436986749822	0.00176635206588973	0.00987688852285947	0.143932996374188	0.0121728478733337	0.00179083624530132	0.00239121272802503	0.0127019247491703	0.00290193897436815	0	0.0464888433690625	0.0161074521584493	0.132802846832107	0.00217560198771852	0.0563894915159302	0.110900988708241	0.0138885465149551	0.086853055716163	0.0433401964755371	0.0793046259669342	0.121114490384405	0.0462436928517289	0.0777784345878495	0.034321096885686	0.0649218386547132	0.0361530728487655	0.068721642999938	0.0567236111471147	0.0592156104517706	0.0500976091081446	0.080340929856204	0.102297179024629	0.0487121708992154	0.128489793551089	0.142507450598659	0.143028068572584	0.0813779633755636	0.140081556156428	0.0431400500614234	0.070728898462322	0.0590978588419731	0.0840937270961627	0.0707392143932256	0.0655123184275146	0.0849292470951273	0.103955987050678	0.0409290420286583	0.044327863313333	0.0800588092569149	0.0523468677443687	0.0830780388128878	0.0677522742989087	0.0498566899185229	0.122727827366554	0.123052974316207	0.141511602835222	0.0979756040856092	0.086061193560711	0.074120634056703	0.055912334095649	0.0828938130477462	0.0458034001892865	0.0931671127074897	0.0899349337424895	0.0628896375948733	0.05235158847739	0.0309342078563541	0.135672440131505	0.0547257359657023	0.102395953177804	0.0966990426784814	0.0677797187759419	0.0505040932559606
GB98	0.0653432021764192	0.0705870267267179	0.0483034293383661	0.0459302856464579	0.0424384979926275	0.0475636654806258	0.0576730101472802	0.0204808177200682	0.0327392437805732	0.0476900143078481	0.0483823878069719	0.0198885328771377	0.009012847242764	0.00902341665156806	0.0475169938020032	0.00683720345033281	0.0262630234632378	0.04886202495357	0.0680644202488239	0.0510690987411171	0.0540050089434542	0.0174915203730566	0.0272987723406969	0.0472815583525884	0.0474983338981566	0.0703231970393899	0.0349174627300465	0.0493150032830961	0.0427724252821821	0.0468857027590275	0.0472173748368567	0.00746916121958445	0.0474955823009062	0.0191280091230786	0.0482971141810971	0.0474344108517122	0.0400956536483283	0.0470082396359155	0.0484841421547562	0.0469125387343493	0.0255562994309297	0.0475497171282768	0.0448671606453982	0.0636420914470547	0.0473346300799437	0.0162960338415672	0.0193198531151119	0.0822012702925037	0.0724964388693222	0.0470611828971993	0.0399708515879783	0.0983140598041843	0.0452635947878313	0.0473963610752664	0.0461605075709145	0.0424840444266194	0.0476205814441647	0.0464888433690625	0	0.0478153386802384	0.125178216834261	0.0474110474866448	0.0109986027037123	0.0650519864878269	0.0432875635045947	0.0417501922282908	0.00581528284208322	0.0341731684677529	0.0751218138770624	0.00628287448581441	0.0318694691352471	0.0130116117922965	0.0188287360819452	0.0114998900004653	0.0227458925372121	0.0113852354356869	0.0131034257885238	0.00708559515175758	0.0349632596709963	0.0562132207883729	0.00578956813210471	0.0822384547103535	0.0975091296313989	0.0973455234609469	0.0366566155500936	0.0939726448721356	0.00575191867561315	0.0259915157926805	0.0129882222431891	0.0382315635191973	0.0253454124404475	0.0208738052775387	0.0402085983730627	0.0580787054366536	0.00713224423228471	0.00537203794999067	0.0344983147588944	0.00779993102692933	0.0369627403302325	0.0219172625755421	0.00609624281177542	0.0765808018846343	0.0768302753943988	0.0955026147492004	0.052985759094508	0.0398624663739794	0.0283497335069408	0.0109155102717605	0.037103548984636	0.005216021773951	0.0480925272209476	0.044227385291397	0.0167954197468594	0.00780443908209263	0.0158862564736281	0.089482120191208	0.00906303458531961	0.056256818876724	0.0508281549796312	0.0226465226668451	0.0071163888141099
GCDF194	0.111228369928972	0.116297812022344	0.012243409655198	0.0112797111047037	0.0878290801939338	0.0137806863364096	0.100715211094028	0.0653772854970561	0.0728147372302383	0.0128002447085549	0.0158431571955332	0.066998877233327	0.0395361264471454	0.0393759601871775	0.0167280812888886	0.0497910789769105	0.0736635226116638	0.0846205561450033	0.115067027132921	0.0870599934097492	0.0903896937015081	0.0304415338117667	0.0676181954190587	0.01707052788462	0.0179589502325263	0.117115988800622	0.0792555179860857	0.0767243593329131	0.0891974661687408	0.0142228680173631	0.0182794413783334	0.0511804419485005	0.0157904501703351	0.064832254265896	0.0158284284701251	0.0175071042595488	0.0129068722534511	0.0175662278244742	0.0098233709483398	0.0158048099979307	0.0720366434466959	0.0165808055775635	0.0157072098474159	0.111100590063466	0.0175151474811513	0.0315728571002532	0.0632380867997805	0.129693059382415	0.119682979704154	0.0159250046926165	0.0131776556560788	0.144742809762858	0.0145012802077514	0.0171418150209568	0.0146664811034847	0.00823681197608962	0.0187064402764945	0.0161074521584493	0.0478153386802384	0	0.120025681952635	0.0179303467856965	0.0576333492768533	0.112082996527956	0.010153005638094	0.0872901324370895	0.0446796091743792	0.0794496187055954	0.12234459185239	0.0472593818499584	0.0789405061590551	0.0356549475191519	0.0659833024020749	0.0370429541087813	0.0698662835615452	0.0579224627352122	0.06051169388523	0.0509888484622493	0.081162722198048	0.103552564376532	0.0498742346435484	0.129791263453286	0.139880553113692	0.143831447820471	0.0757615570016582	0.141246376314549	0.0444178134202957	0.0691752735939291	0.0604129234197164	0.085313793459926	0.0714451876478364	0.062336166248177	0.0795262613982865	0.100257812199569	0.0422265106868563	0.0456261669821811	0.081016563932703	0.0536704196999169	0.084217945960435	0.0688802365100745	0.0510699257931926	0.123929809967075	0.124248818165124	0.142700665827953	0.0978420816286646	0.0873587522091288	0.0751603503871446	0.0569572496519546	0.0839782255617055	0.047138400940281	0.0938139873171094	0.0910845994949341	0.0641294723433076	0.0535677137850511	0.0323097537074125	0.136969235057783	0.0560531873970923	0.103691872021165	0.0979231294206899	0.0681428769321153	0.0508947766790486
GCDF197	0.132334170994735	0.13334406016752	0.128788718445735	0.126750090808579	0.12876727409435	0.130291024317043	0.1282060426293	0.125199484403687	0.121497682098186	0.129177136628917	0.131764386112642	0.127685510449939	0.121447027406909	0.12385000777666	0.133414538596014	0.125176982747184	0.128824908323962	0.116492398384244	0.13423681740809	0.119885372393059	0.121232968388182	0.119734972489603	0.12161548435688	0.13374608973361	0.134633226527108	0.134481263431636	0.126735105357989	0.12497905416019	0.129930331625722	0.130615711437933	0.134941641278941	0.123330180843671	0.132454686995709	0.126027584602736	0.132014149668241	0.134252519092777	0.120336180534026	0.134021668271585	0.126398129746167	0.132466369205051	0.127565903720832	0.133242135999179	0.129983225856164	0.134296101602641	0.13423732359602	0.120829489420761	0.123789598092888	0.138547477999119	0.135234989602156	0.132509770492713	0.123915614880095	0.145006092058288	0.127364354678477	0.133867046748749	0.131159823651266	0.120639193840701	0.135425136396379	0.132802846832107	0.125178216834261	0.120025681952635	0	0.134681418989644	0.126569777802385	0.133806634882484	0.120829932843194	0.128913571587717	0.125183959199925	0.12811866169325	0.135754579847509	0.124265563307386	0.129134037804724	0.124155940958346	0.127545705121575	0.122581047015359	0.128102233689843	0.126177232825395	0.12719518239751	0.124397799748965	0.128565889341061	0.132950267406425	0.125086831625062	0.13845099523814	0.139204074939092	0.144911564811312	0.121133407784833	0.143827081930758	0.124575959085816	0.124292305849417	0.127662297752168	0.130078877388227	0.12697111167992	0.121687803981882	0.121953195017396	0.124573684476241	0.124608047532313	0.12499281177015	0.128863620411868	0.126605370204256	0.130899086519323	0.127666982436421	0.125811579402047	0.136377647067561	0.13655699654059	0.144503381667715	0.129746288211659	0.130850681828128	0.128166939574059	0.125665568266854	0.129713932597878	0.125521091574972	0.129974113419803	0.130731459970426	0.127559250051325	0.125802826700789	0.123106291197767	0.141568092685757	0.126793785904995	0.133050602945414	0.131957714455296	0.126163245526829	0.123654003621954
GCDF202	0.112167278323511	0.117375729887774	0.00748193390300554	0.00941746799990234	0.0891775473801777	0.00536050575766524	0.10437267251087	0.0671794643682061	0.0794264067604084	0.00571691515418052	0.00494404276597756	0.0668155727813942	0.0413103951047165	0.0391187769821798	0.00163832050191448	0.0495942001691972	0.073232543626518	0.0955718316213049	0.114995757287199	0.097768481482159	0.100655443815872	0.0328891737518286	0.073970052968673	0.00110568183453958	0.00109314378623638	0.117260817099701	0.0816089835281324	0.0853083188636134	0.0895647249288029	0.00423141456717117	0.00126972260918454	0.0524946203587031	0.00243751666955241	0.0658264061944051	0.00449260579177527	0.00102075959474483	0.0157075921412219	0.0017717975849401	0.00878846744602226	0.00231841455612507	0.0723323764072524	0.00201615715610902	0.00506732464918509	0.1106363262492	0.000971667588564374	0.0330156970844425	0.066008979435822	0.129206603825694	0.119435064193576	0.00236970519575272	0.0118347401354424	0.145152969191773	0.0141418748300033	0.00121163168130972	0.00414366775422799	0.0146789905530485	0.00120997713200249	0.00217560198771852	0.0474110474866448	0.0179303467856965	0.134681418989644	0	0.057351933999194	0.111926802857356	0.0158575422629112	0.0885313976593692	0.0440968124929703	0.0809674223866126	0.122041219111645	0.0474336163865195	0.0788100726074643	0.0350434733460648	0.0657447584048666	0.0374014635918417	0.069699027622589	0.0578338954635341	0.0600300676217585	0.0515061985663693	0.081742229184719	0.103171202495243	0.0497630407111813	0.129288165707781	0.144245792217929	0.144168412143534	0.0833526623218951	0.140953730904695	0.0440882005625301	0.0726740670324576	0.0598573972932016	0.0851417316330804	0.0721711698881905	0.0674752255130296	0.0869036695421344	0.105000549720393	0.0417444713865266	0.0451987675494618	0.0812779366217478	0.0531295699001563	0.0839509525232845	0.0688062131480135	0.0506597894686039	0.12360331935413	0.12388397783342	0.142488745125857	0.0997152980981451	0.0868875815561323	0.0751963763525992	0.0571608066634096	0.0839914961746245	0.0466151097507188	0.0948086923571548	0.0910217712322871	0.0637120092381733	0.0533024028244645	0.0318102234541768	0.136509642607034	0.0555168923856032	0.10327753492377	0.0976749347014861	0.0693772922486368	0.0521494383839044
GCDF209	0.0563882367704252	0.0615586557547853	0.0581592674734014	0.0558197889288869	0.0334707586414585	0.0574198919489528	0.0486721107077719	0.0119133629633885	0.0238689720216725	0.057522486932952	0.0582212262006119	0.0114790839519389	0.018463221183423	0.0188074500977316	0.0574054465149388	0.00962951425180742	0.0174442297318066	0.0400686737977796	0.059245083029523	0.0420677831979713	0.0449907582704768	0.0273259637708014	0.0184075443328104	0.0572179409515376	0.0574647220924045	0.0614858271949219	0.025926918026549	0.0514702148585006	0.0338227087537749	0.0567263148047707	0.0572832897681781	0.00891719984756124	0.057358524225878	0.0108679815094372	0.0581346782620507	0.0573562689200796	0.0498702348106437	0.0569703394189627	0.0583031677989045	0.0567952951773851	0.0167308787984604	0.0574305288945184	0.0548060203742499	0.0548040392347659	0.0572856094951581	0.0261663882663906	0.0110769681961774	0.0733877719201223	0.0636615747905741	0.0569421232423999	0.0498243324232824	0.0894461758811064	0.0550516967219536	0.057321554633102	0.0560093870141892	0.0523348818674232	0.057703182929092	0.0563894915159302	0.0109986027037123	0.0576333492768533	0.126569777802385	0.057351933999194	0	0.0561424986732127	0.0530879458017421	0.0327159952221796	0.0141098721533769	0.0251955755732276	0.0662646935970494	0.0114932338380245	0.0230472422242541	0.0230497111509921	0.0104247658899186	0.0212763331247249	0.0140760551169138	0.00658505520726921	0.00629551462344637	0.00989130263527234	0.0260136856443503	0.0473847277274336	0.00926963664294982	0.0734723807510101	0.0884925698993182	0.088453697887334	0.0276469867817606	0.085179334713353	0.0138799024280161	0.0170284740466888	0.00612150361900208	0.0293935151544936	0.0164131943766743	0.0132723048451648	0.0311787359962108	0.0485031528944018	0.0163776728729106	0.01300834856029	0.0255298428237438	0.0073966747379128	0.0270086820284375	0.0131599886138274	0.00876088815181507	0.0677364992749209	0.0680271538369583	0.0866852009838278	0.0439998582193647	0.0311212216908432	0.0194565993145748	0.00768385601530999	0.0283106358420819	0.0115334273485298	0.0391118929655564	0.0353391256484419	0.00881742460258079	0.0068634777962503	0.0259325471847798	0.0807089768726416	0.00581415021272301	0.0474896297385596	0.0416071580892259	0.0138413588436452	0.00824941786692826
GCDF213	0.00786043947646065	0.00859936597143215	0.112642574566181	0.110307871542796	0.0262976265747589	0.111910317431797	0.012347833552125	0.0470500250506883	0.0483440096405419	0.111957570293335	0.112687699722521	0.0463686894738313	0.0728688223494424	0.073420890202426	0.111922856307391	0.0634867529375385	0.0391051568692983	0.0518504323983433	0.00731658394921176	0.0256192524155433	0.0325436784010945	0.0817818249566386	0.0462461456543568	0.111651616791884	0.112032105600593	0.0086896687544967	0.0335202526978471	0.0869120997611922	0.0234454417968112	0.111220600854869	0.111913914331282	0.0615991548531585	0.111827909720666	0.0479127598380802	0.112640894497886	0.111864033672545	0.104360674442065	0.111551243849475	0.112826395892736	0.111281679962019	0.0403290504796637	0.111928021064912	0.109321974217892	0.00709329301319697	0.111842454984935	0.0806122300299731	0.0495347732282949	0.0177777963008431	0.00901608699650475	0.111381648842132	0.104312755920068	0.033648608910917	0.109547268937935	0.111828052410574	0.110495531649301	0.106819059436369	0.112337538539761	0.110900988708241	0.0650519864878269	0.112082996527956	0.133806634882484	0.111926802857356	0.0561424986732127	0	0.107571193214619	0.0255198453769389	0.0686637713677353	0.0377910973485371	0.011760148048081	0.0653779104427256	0.0338223967701197	0.0776422278146551	0.0477483626078777	0.0756921021248957	0.0435331803981704	0.0546231674350271	0.0524820552931892	0.0623781363470386	0.0314131578562236	0.0105639191572507	0.0627433097723759	0.0178418060096752	0.0327441856415585	0.0327176343875401	0.0375268917079225	0.0295120981907604	0.0682200053048254	0.0431567984774257	0.0541110904981392	0.0275263788620706	0.041360270664698	0.0522815284102854	0.034325035260708	0.0407352031142724	0.0706948679354456	0.0674469239181942	0.0316395385548322	0.0601978481116921	0.0320318983679619	0.0436607985710255	0.0618272500131467	0.0131043350521588	0.0127091656822354	0.030954486605796	0.0150325070546865	0.025542345373054	0.0376297538309838	0.0555303467795102	0.028550065884536	0.0659005921522174	0.0187591631623982	0.0226057937669784	0.0487367426882489	0.0591545651356379	0.0804860360092587	0.0250420197185994	0.0571203787218441	0.0102348570203917	0.015227015598235	0.0455307773116863	0.0613465209801992
GCDF215	0.106677340287151	0.111671672927009	0.0104958432481972	0.00847825094718825	0.0827731216194654	0.0115427142338395	0.0961962750915325	0.0608391149929076	0.0686667756074005	0.0108990532703547	0.0138757307449299	0.0624804234489648	0.0350801416418769	0.0348323007311785	0.0146124697657246	0.0451342087953982	0.069129070323525	0.083883139596443	0.110549384370597	0.0851793427660008	0.0879500211037771	0.0259419385193273	0.0634047027790185	0.0149693834087388	0.0158047047161469	0.112644193449406	0.0748122968908512	0.0730992927394732	0.0847065977827467	0.0122624953333853	0.016100832477513	0.046765096523244	0.0138102042808602	0.0604672198644792	0.0133910457453117	0.0154289217910381	0.00755212042066786	0.0152073146944696	0.00852762017342629	0.0136568325317719	0.0675024694640829	0.0144354253348829	0.0127116652450176	0.106566134125295	0.0154204037078101	0.0270525966441692	0.0588332129397778	0.125158604648378	0.115148522260815	0.0138795989085779	0.0070121971880923	0.140245794948905	0.0086707866449624	0.0150518020276319	0.0121836195455281	0.00441609693201955	0.0166308980510391	0.0138885465149551	0.0432875635045947	0.010153005638094	0.120829932843194	0.0158575422629112	0.0530879458017421	0.107571193214619	0	0.082738992842761	0.0400772720876366	0.0747968749792287	0.117688144171479	0.0428017432792018	0.0744175799943582	0.0311282867697453	0.0614558734150246	0.0325792934933696	0.06529190910585	0.0533955233792464	0.0560038670746967	0.0464574591905782	0.0765574093569409	0.0990038327496461	0.0453492762389207	0.125251558242422	0.134990118970775	0.139588954322266	0.0723412105004595	0.136751456543653	0.039886006972555	0.0646057439347108	0.0558848709545352	0.0807115194773433	0.0670592849980099	0.0579300272193822	0.0754634622823108	0.0978494710241905	0.0376913624091281	0.0411000631824888	0.0764883693796818	0.0491483532870659	0.0797042328901965	0.0643982334118901	0.0465220088760058	0.119379558421747	0.119641665331643	0.138200550594113	0.0933817169732518	0.0828283448712994	0.0707013481719927	0.0524162449168436	0.0794399248229133	0.0426114621487531	0.0892806475361188	0.0863288762894544	0.0596303925896534	0.0490692519780361	0.0277985370144097	0.132445001240933	0.0515316760524957	0.099083586925208	0.0933886773959555	0.06358061949111	0.0464661792296954
GCDF217	0.0250979561565651	0.0302477843607917	0.0876947490855901	0.0855828245179822	0.00775643611195112	0.0871954271287629	0.0167932035119245	0.0227296838743819	0.0238918790574929	0.0872604508291591	0.0881897867327989	0.0229485554366627	0.0485441205703249	0.0499841946393552	0.0878662665685018	0.0400351549903251	0.0160100387428144	0.0313102560625835	0.0284502010350351	0.0122551695829389	0.0195256435509884	0.0572562350167169	0.021534888261948	0.0877867492310929	0.0885312988451033	0.0306766649632893	0.0102445124213424	0.0627323449636349	0.00695650797158555	0.0866544124002409	0.088722433179918	0.0374659463913754	0.0874940777065778	0.0238766805268824	0.0880561353582324	0.0882442301571971	0.0795764940405133	0.0880651683969931	0.0879842200965592	0.0869619170523653	0.0165300820001655	0.0877595661264477	0.085506002484548	0.0244405848289266	0.0881283450307268	0.0563595901535015	0.0249413085085425	0.0429715848894733	0.0330514530792381	0.0871884999702675	0.0796657032286278	0.0584797740283639	0.0846994770596726	0.0879490414653162	0.0859428799212581	0.0820940167012841	0.089172079331345	0.086853055716163	0.0417501922282908	0.0872901324370895	0.128913571587717	0.0885313976593692	0.0327159952221796	0.0255198453769389	0.082738992842761	0	0.0455051655081486	0.0139693498912484	0.0357095764742957	0.0417563750248666	0.0110949698241665	0.0545117263164785	0.0244681996886026	0.0519646300059376	0.0201563948784212	0.0310997458532302	0.0293042495131794	0.0384358776488689	0.00879274798919343	0.0169425522155984	0.0392443609772005	0.0430734078917238	0.0566810202794244	0.0575835914774375	0.0138485050487398	0.0546276448200447	0.04489755077344	0.018528219693425	0.0309043280460467	0.00782013821798951	0.0175261207964422	0.0274599155204164	0.0117659278383309	0.0312593801680839	0.0474907267989233	0.0441046450098958	0.00931783566002104	0.0369724980132146	0.0105606489720745	0.0201301680633215	0.0385878499823086	0.0372932811427598	0.0376649755194332	0.0560849880931353	0.0129003860221028	0.00734181541860141	0.0143016780599613	0.0318540161325022	0.00793035288407195	0.042725701562383	0.00873951519065715	0.00724417235610555	0.0254946226874987	0.0358053412137911	0.0571945139931308	0.0502657570847959	0.0339246977572188	0.0171459551219772	0.0115251732399838	0.0214638455084177	0.0371287163121231
GCDF218	0.0691217202128786	0.0742881210012869	0.0451453974225906	0.0427998775484586	0.0461302958993298	0.0444164271983835	0.0614631475146973	0.0242361215724036	0.0364788939442598	0.0445676480579858	0.0451826869011527	0.0235097839995617	0.00693290758609885	0.00669355502803669	0.044323032025737	0.0075417349598314	0.0298157167065926	0.0526427686816514	0.0717100464936459	0.054858957501975	0.057716601801039	0.0143732497929548	0.0310725032474206	0.0441207396938945	0.0442183667586909	0.0740268791865821	0.0387053732393366	0.049561173852646	0.0464672827246514	0.0437487404078546	0.0436651381579312	0.0101041932181088	0.0443450573342617	0.0228650436802494	0.0451090198875678	0.0441591286222742	0.0369737030317386	0.0436587106775154	0.0453397896554735	0.0437786055709979	0.0292858306243263	0.0443550505195603	0.0416755979560842	0.0670832971280271	0.0441203874093716	0.0132228146857497	0.0230994519843447	0.08569240539965	0.0760983814946329	0.0439152984005032	0.0368283084132756	0.102049283005975	0.0421127766144998	0.044194604674674	0.0430135131634847	0.0393479015264246	0.0440825385351976	0.0433401964755371	0.00581528284208322	0.0446796091743792	0.125183959199925	0.0440968124929703	0.0141098721533769	0.0686637713677353	0.0400772720876366	0.0455051655081486	0	0.0378647539764643	0.078707005828619	0.0065659938986893	0.0355119853647369	0.00945242445073984	0.0223211843068853	0.00893519862526745	0.0263201560392374	0.0146187134651524	0.0164574469378538	0.00929375294586549	0.0387352540938541	0.0597974078146496	0.00761153010005893	0.0856841595636474	0.101206640402476	0.10099291455264	0.0404463368797242	0.0975758279062281	0.00513540122380499	0.0297766455609088	0.0161151071384813	0.041810915099852	0.0290897842120342	0.0245718894611028	0.0439892506057566	0.0613843940875747	0.00531495422021382	0.00501263798908283	0.0381760615291017	0.00956257288414759	0.040356766282007	0.0255800697369256	0.00741023374215766	0.0801044808644237	0.0802810974042825	0.0991029606925117	0.0567573535096164	0.0434207088981915	0.0319880015132102	0.0142423397540397	0.0408045138147744	0.00551170989285421	0.0518449461369803	0.0478641183839904	0.0202341643867619	0.0101618222184385	0.0126450929621404	0.0930176326873327	0.0119202198846397	0.0597913711886815	0.0543099414895881	0.0263502806368651	0.00955255906041147
GCDF220	0.0373170926150951	0.0424730900223508	0.080080716898947	0.0777285145313451	0.0144936743008932	0.0794157356475339	0.0288694435072066	0.0155818777939662	0.0177043177601364	0.0794484209683206	0.0801068553418824	0.015853507491299	0.0407865957140622	0.0424088439480825	0.0802635667149467	0.0323137401443238	0.010875119260898	0.02865199505756	0.0407273700140943	0.0222396728667346	0.0255281471299252	0.0495700614921974	0.0146027385783993	0.0802412397331662	0.0808401929609703	0.0428146059728331	0.00992300967930468	0.0562792662719283	0.0155352939701065	0.0788690467374493	0.081102571327879	0.0299186781895432	0.0798684646836435	0.0164284864417042	0.0797751987672815	0.0806048225724336	0.0718230164863847	0.0801913662239759	0.0803334198214791	0.0793747627975965	0.0102600254085517	0.0800622456302546	0.0778032436665863	0.0366498621161839	0.0805102014029869	0.0487529181244999	0.0172918602033998	0.0552133049703006	0.0453271726428559	0.0795651814251235	0.071996650724399	0.0707025114785541	0.0767851883564332	0.0803788602352142	0.0783745991912755	0.0744177535778344	0.0815654956933224	0.0793046259669342	0.0341731684677529	0.0794496187055954	0.12811866169325	0.0809674223866126	0.0251955755732276	0.0377910973485371	0.0747968749792287	0.0139693498912484	0.0378647539764643	0	0.0476680874372974	0.0341048422034341	0.00988635528983191	0.046902466640629	0.0170570244975012	0.0443839819706751	0.0135504347483882	0.0235023657142213	0.0216789287609058	0.0308547198038661	0.010283658692538	0.0291268041808948	0.0316492157019298	0.0552949603233072	0.067579824063513	0.069885903273267	0.0121188216461715	0.0668733962105982	0.0373456895991106	0.0126606359504013	0.0234274458271837	0.0120565886044818	0.0111860783036911	0.0200263653985328	0.0130362969428075	0.033808939836242	0.0398789384788034	0.0365645009271725	0.0101644868040551	0.0294205522296405	0.0123752441934564	0.0135277583395517	0.0309959745006354	0.0494842734375987	0.0496646746842548	0.0683393256381305	0.0246038090606982	0.0137604449233605	0.0101453423161398	0.0242401911416138	0.0116076079700518	0.0351183254347004	0.0197976319156963	0.0164450143859016	0.0179753698681415	0.0282093504481394	0.0496362810107795	0.0624927796348177	0.0263461911524035	0.029235942251604	0.0236723622815175	0.014117891650948	0.0295168997324777
GCDF222	0.0130631847405863	0.00962265676611827	0.122847642711919	0.120500346325865	0.0363359244709665	0.122076410612073	0.0218199755940022	0.0573110434819352	0.0584364110472226	0.122225233325453	0.12285244713227	0.0564182173423093	0.0830743206721364	0.083457459404011	0.122123939671902	0.073588520401355	0.0492163857426306	0.0619368949397044	0.0092971099798116	0.0358045053188548	0.0424575101245533	0.0920578606351457	0.0564381637507015	0.121883284940262	0.122176366773519	0.00952276020578927	0.0437678259731543	0.0967655643218696	0.0335557697354957	0.121424718637659	0.121951788739123	0.0718701795270347	0.122094694186341	0.0581282821643834	0.122646179163095	0.12205230151162	0.114591178719444	0.121530198313371	0.123087005031229	0.121521940511284	0.0504604975758779	0.122103804139176	0.11944266077545	0.0125720182050377	0.121964153015252	0.0908771812012701	0.0597006315083215	0.0099708071196654	0.00734610104657372	0.121682380109724	0.114577763309382	0.0243116565086324	0.119699987949747	0.122001199032923	0.120763525818333	0.117087058421939	0.122369205710864	0.121114490384405	0.0751218138770624	0.12234459185239	0.135754579847509	0.122041219111645	0.0662646935970494	0.011760148048081	0.117688144171479	0.0357095764742957	0.078707005828619	0.0476680874372974	0	0.0755367181969411	0.0438436481048061	0.0876747666284291	0.057698699485774	0.0859496047852015	0.0535927954873051	0.0647290343362274	0.062523398999915	0.0725826032911286	0.0415472992498315	0.0195946355580794	0.0728637062088408	0.010409617115687	0.0236128992542173	0.0232998497332587	0.0478001957138379	0.0199868932549813	0.0783595897332586	0.0534046422690153	0.0641513192141899	0.0375993192910847	0.0515973855073404	0.0625047626143152	0.044490224408983	0.0500044494942583	0.0807622066802449	0.0774212841207933	0.0417579859118871	0.0702036865657628	0.0420227316443366	0.053770828540578	0.0719022729782143	0.00828895822015704	0.00731503682603796	0.0215453373766833	0.0248726002490995	0.0355780196630142	0.0477786740720874	0.0657864921171256	0.0386527847461026	0.0759604469393239	0.028897801616389	0.0325193606373487	0.0587555758956105	0.0692808304094907	0.0906182843627352	0.0157794783366938	0.0671493074282853	0.0193502913097465	0.0251678360221588	0.0555808833903737	0.0715515735850792
GCDF224	0.0654040349628588	0.0706251960887451	0.047882561317899	0.0455554421577189	0.0424598388072818	0.0471514563894633	0.0576097627330308	0.0204645502945465	0.0326120387762785	0.047190192785829	0.047824684605755	0.0203089381173027	0.00915291436214113	0.00928375151918524	0.0472544888128536	0.00572944287859807	0.0267316285765382	0.0487555118296484	0.0684666465779748	0.0509993839971345	0.0539107442353711	0.0171450481449037	0.0272119126724775	0.0470297598477566	0.0474483171346212	0.0706385584040122	0.0348751258029781	0.0488731545781848	0.0429957605747864	0.0464396942218747	0.0474391552158678	0.00785181043855375	0.0471481595075492	0.0191805635324933	0.0478679335704356	0.0473002296204519	0.0396373609287871	0.0469929263974079	0.0480532890392674	0.0465478903867982	0.025686634699767	0.0472270532539397	0.0446442070633474	0.0641500557763408	0.0472021424258598	0.0159356725211679	0.0191761094540583	0.0827425137312725	0.0728640628207212	0.0466923370505824	0.0395602592728054	0.0984475725527966	0.0448140966320279	0.0471969040656331	0.0457601596535456	0.0420708101656702	0.0479112313025528	0.0462436928517289	0.00628287448581441	0.0472593818499584	0.124265563307386	0.0474336163865195	0.0114932338380245	0.0653779104427256	0.0428017432792018	0.0417563750248666	0.0065659938986893	0.0341048422034341	0.0755367181969411	0	0.032241297302523	0.0134000644308863	0.0192616075945247	0.0114747127506299	0.0231748154678504	0.0114427914212674	0.0138250398214417	0.00671309107535923	0.0350919463906926	0.0566875156052787	0.00611837329478191	0.0828091840852391	0.0973235037591722	0.0976080327774539	0.036495719443668	0.0944237774520209	0.00574522259271224	0.025934168767899	0.0136127271289664	0.038583210359017	0.0254362368711618	0.0205349861926427	0.0399816375075266	0.0583670006105394	0.00733884043445942	0.00584008118768006	0.0346535232971714	0.00765317574618478	0.0374809809856945	0.0222885937081895	0.00657141828288341	0.0770778061840871	0.0773437449125328	0.095914995278975	0.0529445140726037	0.0404424044407076	0.0285678071468466	0.0111290305074436	0.0374890110558934	0.00542606402781199	0.0481442232249361	0.0444716047119312	0.0173035176868334	0.00798089285569284	0.01602662195254	0.0900344579207777	0.00966142628205507	0.0567984651736539	0.0511921814294777	0.0227113698298732	0.00686704072127627
GCDF225	0.0339431927417113	0.0391550441131447	0.0794230427103813	0.0771102994830921	0.0115835665586414	0.078698155329083	0.0262476503660884	0.0140762948078301	0.0175633278835301	0.0788128188613689	0.0795042617152436	0.0135258893868086	0.0397117079959975	0.0402454866491484	0.0787872882804485	0.0303505433140078	0.00813937864226355	0.0299141340409264	0.0367957325370023	0.0198663101258754	0.0238424561485046	0.048643932160404	0.0143101823356266	0.0785322867409147	0.0788932627800739	0.0390429655748485	0.00800770808674508	0.0575633466319002	0.0121787952022825	0.0780344164431697	0.0787084685883137	0.0285141953652856	0.0786863046162056	0.0148228337562577	0.0794518047360459	0.0787138524982664	0.0712021977236175	0.078388448616471	0.0796689150309322	0.0781315279879955	0.00851148405957366	0.078752973013454	0.0761290155351162	0.0324883803612355	0.0786645368042618	0.047460906696741	0.0165410293313214	0.051008342398387	0.0413073035653191	0.0782712983212086	0.0711455611568509	0.0670111722717382	0.0763101996195437	0.0786081286090793	0.0773288441276309	0.0736677365170585	0.0791508185893598	0.0777784345878495	0.0318694691352471	0.0789405061590551	0.129134037804724	0.0788100726074643	0.0230472422242541	0.0338223967701197	0.0744175799943582	0.0110949698241665	0.0355119853647369	0.00988635528983191	0.0438436481048061	0.032241297302523	0	0.0444719074011752	0.014798500765623	0.042635301353805	0.0113215609582969	0.0214531699458909	0.0193289260949112	0.0292465664973163	0.00729393979917854	0.0250398131167384	0.0295998766510324	0.0510964968213529	0.0660168548500297	0.066020823337815	0.0112224123393646	0.0627571700347794	0.0351035365778388	0.0117584458232453	0.0210935367116084	0.00866641751106341	0.0093284615261405	0.0193775064744657	0.0120938237276718	0.0325694056698168	0.0375466082583774	0.0342870816738919	0.00749262304026445	0.0270622829633831	0.00962450612110622	0.0109705469974392	0.0287086881245628	0.0454128649123389	0.045703848729832	0.0642604577270421	0.0216421338028717	0.01016810809843	0.0073795468708726	0.0224042727489664	0.00784893539402578	0.0327279864612854	0.0169504901671763	0.0134840401435139	0.0155513952827232	0.0260296362837908	0.0473777920459256	0.0583244959137054	0.0239467534114315	0.0251201513938305	0.0196902387577927	0.0129124562072596	0.028132502554041
GCDF226	0.0781050220583424	0.0833454990025723	0.0361465190283277	0.033805086268018	0.0551917026139269	0.0354132385303577	0.0704536731496002	0.0332347185285103	0.0455249184084059	0.0355385305416403	0.0362108851397278	0.0324282788041264	0.00843582952258676	0.00640458376570181	0.0353124223536614	0.015317829114131	0.0387199887008679	0.0616442262373789	0.0806670081284311	0.0638500409144344	0.0667860980211484	0.00728786183812778	0.0400766549876543	0.0350937095630651	0.0351944074335724	0.0829936812321345	0.0476965943746495	0.0527514433394177	0.0554553237602566	0.034723244118269	0.03452523562568	0.0185473380219944	0.0353228991493733	0.0318850579323492	0.0361365974325724	0.0351410221045065	0.0279334573395023	0.0346013659404384	0.0363252817493196	0.0347604800316721	0.0382591614480874	0.0353383053696216	0.0326361752143412	0.075959414996282	0.0350818635162079	0.0063806201632351	0.032089700357932	0.0945661568430939	0.0850554855182917	0.0348899758825398	0.0278129661549823	0.111006249607813	0.0331023955209689	0.0351675929445209	0.0339970625560693	0.0303233747154173	0.0348871566468116	0.034321096885686	0.0130116117922965	0.0356549475191519	0.124155940958346	0.0350434733460648	0.0230497111509921	0.0776422278146551	0.0311282867697453	0.0545117263164785	0.00945242445073984	0.046902466640629	0.0876747666284291	0.0134000644308863	0.0444719074011752	0	0.0312407964633571	0.00670140400009155	0.0352572751880595	0.0235419363698292	0.0253281937159523	0.0174711767696973	0.047700397858415	0.0686882627808084	0.0155190669136555	0.0945147215717971	0.110260538455814	0.109967067912974	0.0494408983022276	0.106490916901767	0.00982674567860912	0.0387770505904248	0.0250619970864118	0.0507739669822081	0.0380691982467066	0.033576648117918	0.0529874535747851	0.0703517562436937	0.00797521996322427	0.0108366416710796	0.0471624721293197	0.0183468693726216	0.049363976494983	0.0345220971814912	0.0161201398669168	0.0890042388228455	0.0891614127339739	0.108017235392272	0.0657490689044047	0.052288079766011	0.0409388622325478	0.023017701669361	0.0497578875434519	0.0119657498593865	0.0608346386238782	0.0568528629162095	0.0291306665167212	0.0189236857965965	0.00539625124120085	0.101885839092611	0.0207533758731013	0.0687042193656618	0.0633608388780343	0.0353703178615883	0.0182307410392572
GCDF227	0.0480045478866257	0.0533148485678013	0.0666851181574542	0.064352543403705	0.0250521835181956	0.0659715375590204	0.0404487336148517	0.00777881680176396	0.0175403597190826	0.0660131458531727	0.0665142114716347	0.00720581797544252	0.0269008634818925	0.0271977012450195	0.065897945164129	0.0173107513457048	0.00989904189529368	0.0332491367001726	0.0507802336354448	0.0338466322858526	0.0364757228567444	0.0358704605487862	0.0123355341510791	0.0656820604144925	0.065881055713904	0.0530099270282069	0.0179023320029367	0.0529831481928175	0.0254699774886096	0.0652479611412443	0.0655394736865554	0.015796889964905	0.0658917283695756	0.00708788521046929	0.0665632396409608	0.0658520883457227	0.0583595819394998	0.0652067109641403	0.0668486612990047	0.0653546842737029	0.0094140731850686	0.0659190501001748	0.0632214099921361	0.0462779610069713	0.0657220017353092	0.0347038453651799	0.0081544621457167	0.0648355112232343	0.0551930380364259	0.0654352984268858	0.0584049402839608	0.0809050442443954	0.0635108117653866	0.0657943335521703	0.0645954328579734	0.0609181359636061	0.0659489668529443	0.0649218386547132	0.0188287360819452	0.0659833024020749	0.127545705121575	0.0657447584048666	0.0104247658899186	0.0477483626078777	0.0614558734150246	0.0244681996886026	0.0223211843068853	0.0170570244975012	0.057698699485774	0.0192616075945247	0.014798500765623	0.0312407964633571	0	0.0295944606339691	0.00785796578521981	0.00947664260059934	0.00800311173526382	0.0165557966290061	0.0177779084946396	0.0388966753815461	0.0166149807604726	0.0648788485788938	0.0797644834777321	0.0799960903447084	0.0195171959096133	0.076693580758692	0.0220833713132324	0.010467257943343	0.00912859898196966	0.0209361654659263	0.00897370970624527	0.0109994369700099	0.0228503598935074	0.0405866473988451	0.0244776224858607	0.0211714993776622	0.0173186073220815	0.0139657253931004	0.0197699155677298	0.00714947917202318	0.0155434045526716	0.0592443026376493	0.0594610119182052	0.0782584455428701	0.0357278720804989	0.0226514003865157	0.0116308853818066	0.0104733129064882	0.0198976513976702	0.0195707473997967	0.030842758188344	0.026782333107684	0.00660888576289789	0.0131713027802456	0.0342778782125073	0.072203455173006	0.0109442989424229	0.0389391404548378	0.03352218902096	0.00846586146184968	0.0155522694594857
GCDF228	0.0756470302138666	0.0809839150369769	0.0377635583281517	0.035437291506866	0.0527694778836737	0.0370455079834269	0.0678185352096052	0.030634155120663	0.0426640797105401	0.0371113460172306	0.0376399065546616	0.0306633390072319	0.00736456118039599	0.00597535044947319	0.0371850225133727	0.013580073046291	0.0371410550380295	0.0590093588136663	0.0787952774853417	0.0612146240668465	0.0641059794961804	0.00753542870010315	0.0374155736556559	0.0370798680856071	0.0375107178709122	0.0809937511580159	0.0451291723910606	0.050280255425458	0.0532845571411378	0.0363689697150028	0.0375277191174753	0.0159633156674152	0.0370062558225008	0.0294401549329661	0.0376498287336694	0.0372593196278269	0.0295264294013532	0.0370217055797276	0.0378023120339471	0.0365182221537889	0.036001972684806	0.0371183648592595	0.0347218106152734	0.0745610630120894	0.0372467763119876	0.00717064771316757	0.0293769896914712	0.0931356285858636	0.0832561667669903	0.0366232457072145	0.0294676972459061	0.108677117887771	0.0346132040851646	0.0372033139709571	0.0356459404633503	0.031973390021559	0.0380012704943768	0.0361530728487655	0.0114998900004653	0.0370429541087813	0.122581047015359	0.0374014635918417	0.0212763331247249	0.0756921021248957	0.0325792934933696	0.0519646300059376	0.00893519862526745	0.0443839819706751	0.0859496047852015	0.0114747127506299	0.042635301353805	0.00670140400009155	0.0295944606339691	0	0.0335034044704052	0.0216717865280431	0.0239689069884745	0.0151510875157052	0.0453936644651071	0.067067527823677	0.0136626723488191	0.0932126416250913	0.107422172797449	0.10791955948478	0.0465870934228102	0.104805818260318	0.00848950852988043	0.0360699818290845	0.0238414296711033	0.0489261562776084	0.0357121332652039	0.0306439301883331	0.050004913970226	0.0685824458346222	0.00706265785383305	0.00965425474310501	0.045057489263891	0.0171204546061956	0.0477770226019801	0.0326399787733651	0.0145593058444898	0.0874740805740308	0.0877465896985748	0.106318355735504	0.0632702350014388	0.0508300966837189	0.0388366576622833	0.0208939727950804	0.0477544067408701	0.0107463633128903	0.058393407801185	0.0548643031430365	0.0276364181943313	0.0171446674033021	0.00690165820479807	0.100418228618424	0.0194931418136364	0.0671707783082519	0.0615161091390282	0.0329586357405089	0.0158364012310601
GCDF229	0.0437756054705442	0.0490111185783389	0.0705054821164319	0.0681679513719347	0.0210082225085264	0.0696791159835729	0.0360895092363911	0.00722823173720201	0.0162436269656426	0.0698503693095361	0.0704687813842537	0.00767176428273546	0.0307621233861404	0.0310867556154427	0.0696562202365109	0.0211625697627438	0.00693048235214776	0.031249201997663	0.0465128350476123	0.0294811442833055	0.0323206032579294	0.0396762010688433	0.0110061929768158	0.0695225123052645	0.0697497743925061	0.048784561304733	0.0137861585385646	0.0541284228816177	0.0212097988308718	0.0690458523429403	0.0695281578510097	0.0195638417275717	0.0697169065701239	0.00793703722137243	0.0702805343751955	0.069644788863382	0.0621156896831411	0.0692837265404788	0.0705048795601334	0.0691442132146672	0.00739034434317169	0.0697611659163176	0.0671250652333703	0.0421302114058324	0.0695695894008333	0.0384862874117163	0.00947385251926578	0.0606902694386063	0.0509594499011232	0.0693036918010977	0.0621866973662617	0.0767872838510407	0.0672278457669297	0.0696517189569545	0.0683778881123572	0.0647008668142136	0.069951227104122	0.068721642999938	0.0227458925372121	0.0698662835615452	0.128102233689843	0.069699027622589	0.0140760551169138	0.0435331803981704	0.06529190910585	0.0201563948784212	0.0263201560392374	0.0135504347483882	0.0535927954873051	0.0231748154678504	0.0113215609582969	0.0352572751880595	0.00785796578521981	0.0335034044704052	0	0.0124808950702462	0.0102558706538996	0.020197483130044	0.0138837019113278	0.034692076100695	0.0204443630310848	0.0607402945934522	0.075618811779552	0.075754112930912	0.0158617552228724	0.0724860357139448	0.0260281675222396	0.00921047818282563	0.0124547555889803	0.0168174858665978	0.00677201572354093	0.0122360799442789	0.0188548414300036	0.0377084542856072	0.0284089973440977	0.0251610372403655	0.0137402387338836	0.0178681574291503	0.0162149401372205	0.00640783892977381	0.0194915842154355	0.0550395796131907	0.0552824811652453	0.0739768790175216	0.0313836330303339	0.0184471649682206	0.00854242512029643	0.0133850470425166	0.0159530961918974	0.0235486968486297	0.026487119773384	0.0226928207345984	0.00755899406809623	0.0170018971683646	0.0382331299096948	0.0679843331301453	0.0148177041561634	0.0347738894116547	0.0293039936158392	0.00785585880782831	0.0192078053763117
GCDF230	0.0547386488754942	0.0599652811358071	0.058427660227424	0.05609165914733	0.0318067641176208	0.05769619484893	0.0469483685388108	0.0103804024848899	0.0223885825788132	0.0577786366521108	0.0585382259027524	0.010519367571558	0.018688214110267	0.0193168298162595	0.0577524071465237	0.00984345231383964	0.0159501101788735	0.0383254371846866	0.0576246280712311	0.0403457073438348	0.0432816089667154	0.0275782649828629	0.0167951306582175	0.0574916002500539	0.0578938425339834	0.0598757560506012	0.0242213203449442	0.0511199706657366	0.032178712585433	0.0570129009735103	0.0577599854782374	0.00892017450715142	0.057659626759664	0.00932854553802183	0.0584321769725795	0.057753229344433	0.0501781492823302	0.0574553591584918	0.0586101933937482	0.057068258712087	0.0149884796442671	0.0577065438182667	0.0551546653638584	0.0533024486191947	0.0576552404749273	0.0264215754965941	0.00955196979545019	0.0718899056541197	0.0621140662467841	0.0572662704219722	0.0500950915268575	0.08784778498941	0.055348459330171	0.0575848043792778	0.0562959449986617	0.0526028599477176	0.0581972078241483	0.0567236111471147	0.0113852354356869	0.0579224627352122	0.126177232825395	0.0578338954635341	0.00658505520726921	0.0546231674350271	0.0533955233792464	0.0310997458532302	0.0146187134651524	0.0235023657142213	0.0647290343362274	0.0114427914212674	0.0214531699458909	0.0235419363698292	0.00947664260059934	0.0216717865280431	0.0124808950702462	0	0.00690279453273332	0.00937863512463266	0.0244187593902226	0.0458463899640724	0.00936380975451697	0.0719549619413988	0.0868563881576663	0.0868723993048523	0.0259344817675424	0.0836178348070443	0.0141986192267557	0.0154433213574153	0.00682226562816085	0.0277589582226644	0.0148040087954753	0.0126165787905756	0.0294906325788811	0.0476963336043286	0.0166323854672638	0.0134248212403194	0.023938890819372	0.00750383519569901	0.026656806544222	0.0116676036209677	0.00848504738391829	0.0662281010111775	0.0665625700294369	0.085128100156182	0.0422684561385952	0.0296068888044719	0.0180691900954704	0.00584142652135625	0.0266526922150844	0.0121351398899211	0.0374024360054972	0.0337135605325904	0.00770701004416832	0.00706855481669231	0.0263656698581245	0.0792262283238498	0.00585807018649924	0.0459339560357609	0.0403845178508999	0.0126773777601281	0.00800261363702252
GCDF231	0.0528979588187102	0.0581415084501108	0.0610161158773634	0.0586995988181143	0.0299828003885017	0.0603041298536941	0.0452512101166778	0.00912198408346887	0.0209190629686069	0.0603749772364443	0.0610759765888103	0.00900333763024948	0.0212594575690802	0.0214075214050785	0.0602156050653771	0.0117452264953913	0.014011540299639	0.036816616909522	0.0555295868202893	0.0386474368849186	0.0415542986469738	0.0301680972404552	0.0151297524477346	0.0599725012752143	0.0601242735530391	0.057817746292461	0.0225044257346202	0.052296177794536	0.0302581775162106	0.0595757887519971	0.0596798557524729	0.0106016548433943	0.0602151862524375	0.00828156442230925	0.0610054075115859	0.0600731149692126	0.0527618974070958	0.0595629462087997	0.0612181269686029	0.0596491426154219	0.0133121202975004	0.0602275296819933	0.057504572651603	0.0509440352519353	0.0599851060771581	0.0290059642489962	0.00903848966705905	0.0695396843883726	0.0599403926970983	0.0597807312704096	0.0527037224459528	0.0858632740047243	0.0579655763100494	0.0600651489815327	0.0588884909797196	0.0552113496444442	0.0600683097962779	0.0592156104517706	0.0131034257885238	0.06051169388523	0.12719518239751	0.0600300676217585	0.00629551462344637	0.0524820552931892	0.0560038670746967	0.0293042495131794	0.0164574469378538	0.0216789287609058	0.062523398999915	0.0138250398214417	0.0193289260949112	0.0253281937159523	0.00800311173526382	0.0239689069884745	0.0102558706538996	0.00690279453273332	0	0.0112351293503918	0.0225062577025683	0.0435955922561462	0.0113461803729561	0.0695768648175278	0.0850329469099189	0.0848022289197854	0.0242427311451974	0.081421583138331	0.0163003778922362	0.0139294806491546	0.00614556128328497	0.0256673406263945	0.0129352515302316	0.0113223645168197	0.0277499693323566	0.0454747155308723	0.0186112700359463	0.0153788198996806	0.0219903584767246	0.00887839575274612	0.0243833321946287	0.00982602676312025	0.0101795544226964	0.0639431121749709	0.0641818665193789	0.0829135291278362	0.0405450759436747	0.0272672727252498	0.01579090443468	0.00632192191169268	0.0246264283084358	0.0137785640756854	0.0356364843783656	0.0316768444961671	0.00656691145779791	0.00842508953829023	0.0284958319042367	0.0768427230944537	0.00653344976675763	0.043647100866744	0.038233709436926	0.0110941569984072	0.0100931323467368
GCDF232	0.0622883258820182	0.0673455322782199	0.0514966853790813	0.0491235217060706	0.0391820037756303	0.0507757485740715	0.0540989657318351	0.017140806337461	0.0292639984758665	0.0508444661067592	0.0517709480993675	0.0173342079088807	0.0120059238309323	0.0130602863224487	0.0510894030407824	0.00617509516518792	0.0238189985364149	0.045300882742411	0.0653551989658312	0.0474893650171733	0.0504256869957905	0.0207482440434773	0.0237791039886875	0.0509680777487129	0.0515338351404426	0.0675903101536361	0.0314268374984915	0.0479601426332286	0.039740911863669	0.0501296541305503	0.0516750037369102	0.00634402363923275	0.0508538942896959	0.0159837425982749	0.0515435984866186	0.0513213843182482	0.0432353355366774	0.0510935432682134	0.0516790828921578	0.0502734615872003	0.0225293593518812	0.050985957900382	0.048657722244359	0.0612364831672172	0.0512111887636811	0.019627063506932	0.0158029479783668	0.079808251762932	0.069960442042411	0.0504960342489108	0.043177095063106	0.0954661531129269	0.0484101048322639	0.0511189799642924	0.049420441641952	0.0456727237788716	0.052119006826119	0.0500976091081446	0.00708559515175758	0.0509888484622493	0.124397799748965	0.0515061985663693	0.00989130263527234	0.0623781363470386	0.0464574591905782	0.0384358776488689	0.00929375294586549	0.0308547198038661	0.0725826032911286	0.00671309107535923	0.0292465664973163	0.0174711767696973	0.0165557966290061	0.0151510875157052	0.020197483130044	0.00937863512463266	0.0112351293503918	0	0.0319186551026022	0.0537350357256152	0.00597547566297116	0.0799064563606122	0.0941415001647641	0.0945237578466685	0.0330864866687493	0.0915144809117221	0.0082984920791021	0.0224795442643679	0.0116357568162258	0.0355879884363726	0.0223284589333667	0.0173499107530171	0.0366366583139005	0.0554535408890007	0.010616568991952	0.00769058576164146	0.0315976901676017	0.00745482593680723	0.0345844323417605	0.0193398147280507	0.00657178697322091	0.0741394918524858	0.0744887890689301	0.092941915898612	0.0495809004689106	0.0375429037770238	0.0256626150486144	0.00894430691448059	0.0344099069409298	0.0074033825199656	0.0448131992698017	0.0413409391737948	0.0148584325938965	0.00686247900335325	0.0201877571755286	0.0871334800666029	0.00775281721820133	0.0538399754600091	0.0481762637318385	0.0195773953802394	0.00638503516551502
GCDF235	0.0312586722312251	0.0363867695095262	0.0817483945025338	0.0794146938456429	0.0102838402275335	0.0810158826184995	0.0231428298666471	0.0163843731532306	0.0186416767255375	0.0810862115085727	0.0819454351157853	0.0163596791469238	0.0421720009033728	0.0432074292177203	0.081261343125141	0.0332946357401935	0.00987638064279136	0.0294139663491285	0.0343647370999209	0.0169968677195485	0.0218652885106176	0.0509819415106316	0.0161184546504772	0.081214036453854	0.0818077205407499	0.0365656072255036	0.00813663161460856	0.0584453561089256	0.0100444682874961	0.0803510092876174	0.0819226181266284	0.0310367366129702	0.0811162561629758	0.0175035991423735	0.0816717241900136	0.0815519767277169	0.0733948908746243	0.0813706251557427	0.0817867471563696	0.080556842112782	0.0104357160415002	0.0812661492764348	0.0789160341626466	0.0302548652345484	0.0814814507359206	0.0498798897094799	0.0187755456344798	0.0488033842558813	0.0388766973646301	0.0807490324733233	0.0734246399140719	0.0644291911763374	0.078507840181842	0.0813524613175729	0.0796431948741277	0.0759244162702199	0.0823692056265744	0.080340929856204	0.0349632596709963	0.081162722198048	0.128565889341061	0.081742229184719	0.0260136856443503	0.0314131578562236	0.0765574093569409	0.00879274798919343	0.0387352540938541	0.010283658692538	0.0415472992498315	0.0350919463906926	0.00729393979917854	0.047700397858415	0.0177779084946396	0.0453936644651071	0.0138837019113278	0.0244187593902226	0.0225062577025683	0.0319186551026022	0	0.0227740067245458	0.0324957589477752	0.0488969942159725	0.0628232392999861	0.0634961103399595	0.0112988008515477	0.0604720157430027	0.0381271425408847	0.012665795123515	0.0241558289700987	0.00734701348619178	0.0115853575307575	0.0215230037815718	0.0109636156815057	0.0321286415700058	0.0406897874605475	0.0373555713079192	0.00674638477909012	0.0302266109207965	0.00817485684246728	0.013924578110678	0.0317792147021703	0.0431253287677813	0.0434355076703459	0.0619484422860122	0.0186778344049335	0.00805255046791651	0.00930420043784184	0.0252186639347311	0.00711109896714921	0.0359145150228281	0.0139778189160014	0.0110142771207558	0.0187596281416564	0.0290490956600718	0.0504224215718833	0.0560980956587527	0.0271591402195168	0.0228535144571027	0.0172584130983762	0.0152144958406235	0.0307277649866812
GCDF236	0.0108966039131499	0.0153091590124832	0.104071243017009	0.101737123772953	0.0180849431957485	0.103347253317785	0.00856353837592207	0.0384967024202901	0.0398081037206481	0.103416824506389	0.104126864460984	0.0375929430051885	0.0642826852548604	0.0645975440815844	0.103308896825771	0.0547517108721565	0.0302922967445068	0.0436077316413925	0.0130485180857112	0.0177780353943958	0.0255194545883422	0.0732264945829156	0.0376386121103559	0.103032689127657	0.103303664486216	0.0154209765799654	0.0249579614780919	0.0783966689398794	0.014869506296824	0.102650953814237	0.10295699649688	0.0530660578774081	0.10325669519829	0.0392996866933324	0.104070108496782	0.1031921339607	0.0957890995072596	0.102711789008945	0.104255313223059	0.10270305158514	0.0316383898860276	0.103290769186887	0.100626189600338	0.00968098460527306	0.103115080281942	0.0720449770716104	0.0409898861791148	0.0264386457833226	0.0168924580053003	0.10284282530498	0.0957442682349321	0.0425647749669022	0.100963502670779	0.103194495117424	0.101940616589002	0.0982641441502956	0.103411166806414	0.102297179024629	0.0562132207883729	0.103552564376532	0.132950267406425	0.103171202495243	0.0473847277274336	0.0105639191572507	0.0990038327496461	0.0169425522155984	0.0597974078146496	0.0291268041808948	0.0195946355580794	0.0566875156052787	0.0250398131167384	0.0686882627808084	0.0388966753815461	0.067067527823677	0.034692076100695	0.0458463899640724	0.0435955922561462	0.0537350357256152	0.0227740067245458	0	0.053995709038443	0.0265191911268189	0.041701794197463	0.0415435642982372	0.0289996676805495	0.0382794029822554	0.0594662933638602	0.0345878560622834	0.0452045292565317	0.0188226880025909	0.0327715279929566	0.0437527856215684	0.0259005539401463	0.0350034387048447	0.0618427299113587	0.058594788340005	0.0229659782007638	0.0512592358270077	0.0231632754216065	0.0349261432208798	0.0529707283007376	0.0209162749862769	0.0211123420029051	0.0397470251779364	0.00933927165537207	0.016877988254595	0.0289510270919312	0.046895872161846	0.0198614188267689	0.0570061977087247	0.0109639208542766	0.014308115978951	0.0398454677238308	0.0503456663678993	0.0716992229449026	0.0337393193910218	0.0482309972397005	0.00632014000145107	0.00829839394039785	0.0368723543454902	0.0527267675056602
GCDF237	0.062878952258163	0.0681236980464121	0.0504466652719661	0.0481000347721456	0.0399261833065086	0.0497021484329845	0.0551207727479814	0.0179460891851723	0.0301485411408875	0.0498064912554592	0.0504824547755598	0.0175980113886504	0.0111663169180504	0.0113774225847194	0.0497252831254343	0.0056689329888681	0.0240204858715938	0.0463256183823552	0.0658044114031575	0.0485151909442261	0.0514019197135261	0.0196178545234631	0.0247582224470497	0.0494761419567195	0.0498905911514855	0.0679486363072588	0.0323909960047464	0.0494316709463042	0.0403705415400592	0.0490127629177137	0.0497541219522857	0.00665953347572323	0.0496930364481728	0.016679743220183	0.0503848655657335	0.0497312567225008	0.0421365335809462	0.0493509702836022	0.0505227790863225	0.0490903737719613	0.023115718182214	0.0497285242785107	0.0471595285291022	0.061423586173491	0.0496439462283043	0.0184441573842607	0.0168431540386695	0.0800059114893277	0.0701960844523979	0.0492673006021615	0.0421033278860227	0.0959478181720984	0.0472730111067343	0.0496349452872469	0.0482918591887662	0.0446147119833363	0.0501746231633605	0.0487121708992154	0.00578956813210471	0.0498742346435484	0.125086831625062	0.0497630407111813	0.00926963664294982	0.0627433097723759	0.0453492762389207	0.0392443609772005	0.00761153010005893	0.0316492157019298	0.0728637062088408	0.00611837329478191	0.0295998766510324	0.0155190669136555	0.0166149807604726	0.0136626723488191	0.0204443630310848	0.00936380975451697	0.0113461803729561	0.00597547566297116	0.0324957589477752	0.053995709038443	0	0.0800551681431255	0.0949294057608855	0.0949465608355975	0.0340736697268004	0.0917482826896388	0.00706104717965266	0.0234107814089517	0.0113178604738693	0.0359285843154096	0.0229399713094939	0.0183006065587203	0.0375829712120873	0.0558212724975263	0.00904667038573987	0.00661134831442714	0.0321071393449198	0.00671562708231075	0.0347290238215014	0.019612357772962	0.00557610027743692	0.0743762740884164	0.0746598337786366	0.093255258419297	0.0504561262487462	0.0377220357721201	0.0260051359714131	0.00938732952180535	0.0348104738413987	0.00643556855673046	0.0455780228731608	0.0418664160175155	0.0149971057479787	0.00667803072443495	0.0183760216459632	0.0873185223100161	0.00782112829237847	0.0540925255703806	0.0485060543875502	0.0201503404420848	0.00598085115045177
GCDF238	0.0194296994143062	0.0149968088548066	0.130294214670706	0.12795484743335	0.0438250476174583	0.129561492740506	0.0290777186834902	0.0646897553268707	0.066020768323932	0.129631294520816	0.130350134062647	0.0636444733374649	0.0904871338997224	0.0906273590193854	0.129492140328041	0.0808293412279601	0.0562582521351299	0.069441255595949	0.0155611746953894	0.0431867346092306	0.0499772396728848	0.0994367822252139	0.0638921302225855	0.129234876972858	0.129414608532732	0.0137543841198997	0.0511676201389896	0.104606125390891	0.0408989963958962	0.128867767751217	0.12893650793668	0.0792541821872947	0.129475772004537	0.0654923183975196	0.130291948866363	0.129341891016623	0.122016756974085	0.128820879742353	0.130481771748475	0.128909317230937	0.0577685057439587	0.129488337521601	0.126800923786982	0.0191806008653584	0.129275934337968	0.0982509628690855	0.0671027753916052	0.00749880055111428	0.0110528308679491	0.129043544934253	0.121968133431492	0.0166956474287247	0.127193195350242	0.129339194583772	0.128150905924614	0.124474436420985	0.12928839246131	0.128489793551089	0.0822384547103535	0.129791263453286	0.13845099523814	0.129288165707781	0.0734723807510101	0.0178418060096752	0.125251558242422	0.0430734078917238	0.0856841595636474	0.0552949603233072	0.010409617115687	0.0828091840852391	0.0510964968213529	0.0945147215717971	0.0648788485788938	0.0932126416250913	0.0607402945934522	0.0719549619413988	0.0695768648175278	0.0799064563606122	0.0488969942159725	0.0265191911268189	0.0800551681431255	0	0.0188671188297296	0.0160348535993964	0.0551852840892594	0.0130650774937951	0.0854884331876581	0.0607959120111032	0.0711383548649875	0.044776028774754	0.0588970147449561	0.0699302168055014	0.0519695923560195	0.0569988664503049	0.0878042294220491	0.0846013610411172	0.0491037863974619	0.0772036181179562	0.0491432018502794	0.0609749132259326	0.0789351175830822	0.00856348900818219	0.00949229916611762	0.0137612170156449	0.0322199069490336	0.0426195001210829	0.0550281443078109	0.0730439172775456	0.0458986632375404	0.0829066412165912	0.036253799439756	0.0399572614843797	0.0658497107074116	0.0764084195323063	0.0977309024845711	0.00944085681290707	0.074115332140766	0.0264481185944845	0.03227891934791	0.0630656245230424	0.078923832888555
GCDF239	0.032991032332483	0.0281995523278837	0.141556150684453	0.139036502952528	0.056868778221836	0.141338786693534	0.0412346123708318	0.0778055617002526	0.0747972868683964	0.141186022773536	0.142292805618108	0.0786188493924912	0.1036979101523	0.105725552773837	0.1432142567755	0.095582749355923	0.0715752982280471	0.0799487598917701	0.0297510631928089	0.0543121722611514	0.0602276776023585	0.112206266985999	0.0749558999833435	0.14348269728097	0.144196473889881	0.0281209894503006	0.0639466244463969	0.111676880506554	0.0552597301024379	0.141140081966766	0.144421712316648	0.0926912286215358	0.14262801770008	0.0793360725346238	0.141501166904816	0.143922125450288	0.132879199779997	0.143490612958417	0.141028226475523	0.142447376191014	0.0722132725547058	0.143115036114298	0.140994945183547	0.0343330720383109	0.143898163630505	0.111724717297939	0.0793513242493976	0.0183370090230848	0.0255320474430166	0.142489178313149	0.134134358303113	0.0182968243542645	0.137246889297408	0.143625393208831	0.141183425982793	0.135605468217171	0.144921176812866	0.142507450598659	0.0975091296313989	0.139880553113692	0.139204074939092	0.144245792217929	0.0884925698993182	0.0327441856415585	0.134990118970775	0.0566810202794244	0.101206640402476	0.067579824063513	0.0236128992542173	0.0973235037591722	0.0660168548500297	0.110260538455814	0.0797644834777321	0.107422172797449	0.075618811779552	0.0868563881576663	0.0850329469099189	0.0941415001647641	0.0628232392999861	0.041701794197463	0.0949294057608855	0.0188671188297296	0	0.0181469514947196	0.0658988902213598	0.0175603476748096	0.100670151111453	0.0728749190692348	0.0867012414817858	0.0596790607981008	0.0729210687932944	0.0807961677059983	0.0622166031313063	0.0692279004689419	0.103243958016839	0.0999203615567901	0.0634993716999136	0.0927804128238649	0.0642739677368993	0.0758999611693199	0.0942556554018849	0.0223867069233698	0.0223726918732729	0.018083783082965	0.045422535333218	0.0580377313825819	0.0696727573269545	0.087582782813997	0.0606633126359395	0.098485737135916	0.0500792568229666	0.0540276900912174	0.0812279251639289	0.0915388884869489	0.112970510591762	0.0163324244950682	0.0897064966083777	0.0417232788120857	0.0472884945044614	0.0761932321645395	0.0926025302873717
GCDF240	0.0339302402177844	0.0289826444444256	0.144642251158001	0.14226053399269	0.0583664088914491	0.143972660555984	0.0434855742173062	0.0791586740977234	0.080303782841774	0.14399448714473	0.144687170934195	0.078601882689529	0.104929774096518	0.105663608571496	0.143977651391367	0.0957185498843289	0.0713674037369213	0.0838565062543358	0.0297279537871781	0.0575928690307068	0.064374152194671	0.113875733782547	0.0783108269250152	0.143853322725103	0.144251600058392	0.0281269391010882	0.0654926716604016	0.118710790168155	0.0555917966094884	0.143132375195773	0.144189658941645	0.0936849373910162	0.143863434442366	0.0797979912222034	0.144704640363202	0.14412088842705	0.136375462391762	0.143748711154918	0.144888739092181	0.143379381058192	0.0724326737902381	0.14402056086545	0.141377497351531	0.0340962585795558	0.14401832900264	0.11271264893238	0.0815040017619277	0.0158838964669467	0.0251594092790978	0.143546022098474	0.136277333504022	0.00706214821812781	0.141609616652884	0.143995760215653	0.142568103141255	0.138881406549251	0.144678373529453	0.143028068572584	0.0973455234609469	0.143831447820471	0.144911564811312	0.144168412143534	0.088453697887334	0.0327176343875401	0.139588954322266	0.0575835914774375	0.10099291455264	0.069885903273267	0.0232998497332587	0.0976080327774539	0.066020823337815	0.109967067912974	0.0799960903447084	0.10791955948478	0.075754112930912	0.0868723993048523	0.0848022289197854	0.0945237578466685	0.0634961103399595	0.0415435642982372	0.0949465608355975	0.0160348535993964	0.0181469514947196	0	0.0693223754113371	0.00762610223186626	0.100487978921996	0.0752054373498517	0.0864368108938439	0.0597179113614439	0.0734736526554281	0.0843657420741187	0.0663758921954367	0.071905203013107	0.103018221680564	0.0997116867490489	0.0638386220718273	0.0925161578890049	0.0642870932140134	0.075850346774766	0.0941410588495659	0.0213974692712942	0.0218343300076973	0.00706996038353842	0.0466100452561872	0.057824132869942	0.069907758573089	0.0877641288168503	0.0607627216688912	0.0982226063356255	0.0507659712486496	0.0547472705142667	0.0809833685858081	0.0914296023171357	0.112790760969875	0.0092073127020602	0.0894439738206189	0.0416033709553456	0.0471798046256858	0.0774911640569417	0.0933626857821387
GCDF241	0.0366068611278979	0.041706010473497	0.0787258094759903	0.0763849175036556	0.0145822548486217	0.079380477919723	0.0262990256658558	0.0167607238652617	0.0153693798788343	0.0786116434016613	0.0814667931861348	0.0180555405659658	0.0423888464768728	0.044893350997808	0.0821585039598773	0.0349114236769953	0.0130983054440356	0.025344317684872	0.0404832881847114	0.0169489323443761	0.0202972314254654	0.050603259580605	0.0127884186757258	0.0824180309369106	0.0833689279929556	0.042593915485824	0.00984856825688797	0.0531908444909736	0.0158616906840994	0.0796767792316398	0.0835883225304912	0.0315262249510999	0.0811880920270477	0.0183941621869577	0.0814129541618655	0.0829234853988946	0.0711392954819732	0.0827849601404835	0.0776171898751548	0.0811469255372731	0.0126083282509235	0.0819883943356649	0.0800428750990617	0.0365216066929126	0.0829074541577185	0.0503785461939947	0.0182383343097613	0.0550335631376565	0.045087158266041	0.0812592646389297	0.0719225035246575	0.0700117120462837	0.0762847369216909	0.0824800811030648	0.0795903754505244	0.0717301287434318	0.0840965203113026	0.0813779633755636	0.0366566155500936	0.0757615570016582	0.121133407784833	0.0833526623218951	0.0276469867817606	0.0375268917079225	0.0723412105004595	0.0138485050487398	0.0404463368797242	0.0121188216461715	0.0478001957138379	0.036495719443668	0.0112224123393646	0.0494408983022276	0.0195171959096133	0.0465870934228102	0.0158617552228724	0.0259344817675424	0.0242427311451974	0.0330864866687493	0.0112988008515477	0.0289996676805495	0.0340736697268004	0.0551852840892594	0.0658988902213598	0.0693223754113371	0	0.0665557729174392	0.0398035942191126	0.012708005876365	0.0259145839478482	0.0136212879942373	0.0129174513206112	0.0189095565230783	0.00953109209623301	0.0314680702720929	0.0423972820016471	0.0390669631047381	0.0115200644594175	0.0319519978806828	0.014201676962201	0.015623792902463	0.0334786485993501	0.0493722783420423	0.0496579982114561	0.06808628096725	0.0233468169092455	0.0144341579318573	0.0120393497577746	0.0266690214230406	0.0123676417978725	0.0376489004778742	0.019771055896964	0.0172558528173602	0.0204554945136411	0.0306971310684928	0.0521057800888413	0.0623731986440793	0.0288792410583207	0.0291417772044437	0.0234487471782198	0.0159329904944194	0.0312627544391411
GCDF243	0.0308371374402383	0.0260215393606235	0.141831336448891	0.139461161211284	0.0553675450836167	0.141091246044997	0.0406173214391626	0.0762395602133539	0.0775298055148486	0.141148319298571	0.141816203040306	0.0749514144704197	0.102042566044162	0.102387789900255	0.141067960346588	0.092525685375387	0.0680758148582295	0.0809891097097084	0.026527768461918	0.054726755905031	0.0615216939512527	0.110992759240396	0.0754447140627437	0.140826203004278	0.141081656319926	0.0249243531343198	0.0627045455304059	0.116068688606975	0.0524211398354082	0.140388257575758	0.140787528018759	0.0907811171027145	0.141018035887468	0.0770486493152801	0.141816166013178	0.140982056205923	0.13353901996155	0.1404548738942	0.141997647857425	0.140440583229065	0.0693897266655859	0.141045064787672	0.13834169491975	0.0307382357899438	0.140900543994374	0.109791820247968	0.0786175848257662	0.0128055246372829	0.0219852999864014	0.140566946280123	0.133490127445471	0.00858466288385292	0.137491931668436	0.140864391820599	0.139272164365258	0.136015292972025	0.141199553855742	0.140081556156428	0.0939726448721356	0.141246376314549	0.143827081930758	0.140953730904695	0.085179334713353	0.0295120981907604	0.136751456543653	0.0546276448200447	0.0975758279062281	0.0668733962105982	0.0199868932549813	0.0944237774520209	0.0627571700347794	0.106490916901767	0.076693580758692	0.104805818260318	0.0724860357139448	0.0836178348070443	0.081421583138331	0.0915144809117221	0.0604720157430027	0.0382794029822554	0.0917482826896388	0.0130650774937951	0.0175603476748096	0.00762610223186626	0.0665557729174392	0	0.0972408013361873	0.072320114708308	0.0830074247687754	0.0564889868326259	0.0704440255508278	0.0814330793089337	0.063444317064502	0.0687273295991349	0.0996312717295656	0.0963910924966889	0.0607089181289528	0.0890846095903955	0.0609838225399003	0.0726516259965873	0.0907627279409255	0.0182153555362325	0.0184797021428669	0.00824867295232987	0.0437525069773799	0.0544805821746287	0.0666906056982098	0.084666797759557	0.0575450199345748	0.0948264647011805	0.0477977069565142	0.05161586298485	0.077634275110081	0.0881745942463778	0.109491756317591	0.00760156683731975	0.0860159570219541	0.0382233144658985	0.0439723781639277	0.0746681416275525	0.0904751170163203
GCDF244	0.068555057312202	0.0737424196317942	0.0449212124251356	0.042585764456578	0.0455975015882892	0.044188906824348	0.0608123367031415	0.0236428060164355	0.0359030418436636	0.0442689748273955	0.0450021593709185	0.0231260104913904	0.0068953708425691	0.00658310395286235	0.044170716307079	0.00714830951553515	0.0294851251699106	0.0520049951443768	0.071247829331292	0.0542060574422581	0.0571442018780443	0.0140891458481701	0.0304785908924209	0.0439146766909445	0.0442104230851236	0.0735862401850296	0.0380780778147958	0.0489930667434678	0.0459415759665496	0.0434920867585173	0.0439850274059508	0.00941555715410622	0.0441189957688553	0.0223836862021173	0.0449186653049305	0.0441086417572065	0.0366556893544968	0.0436930070170248	0.0451042904622025	0.0435379378949151	0.028721554091934	0.044167499763496	0.0415268571238325	0.0668517253314606	0.0439930356135874	0.012958915465549	0.0224422406536913	0.0853902279879108	0.075714943497771	0.043699901701525	0.0365876610757727	0.101508565773868	0.0418356001527622	0.044028279983034	0.042773424036274	0.0390969571666886	0.0443608068456553	0.0431400500614234	0.00575191867561315	0.0444178134202957	0.124575959085816	0.0440882005625301	0.0138799024280161	0.0682200053048254	0.039886006972555	0.04489755077344	0.00513540122380499	0.0373456895991106	0.0783595897332586	0.00574522259271224	0.0351035365778388	0.00982674567860912	0.0220833713132324	0.00848950852988043	0.0260281675222396	0.0141986192267557	0.0163003778922362	0.0082984920791021	0.0381271425408847	0.0594662933638602	0.00706104717965266	0.0854884331876581	0.100670151111453	0.100487978921996	0.0398035942191126	0.0972408013361873	0	0.0291551934235325	0.0161295223444926	0.0414520505288936	0.0285348102563258	0.0239355872300538	0.0433536298347242	0.0613096723652849	0.00491222389856109	0.00444852063847433	0.0376669329525244	0.00959807331673801	0.0402394261662707	0.0251866700315867	0.00765520545966792	0.0798059449051366	0.0800972996336041	0.0987103364684365	0.0561195206311014	0.0431738156787675	0.0315560826636625	0.0136890762459179	0.0403544366021048	0.00538990778832066	0.051216482363566	0.0474345342002132	0.0200936235722644	0.00982840158600323	0.0126030578682519	0.0927598357501656	0.0118830192274405	0.0594878239237299	0.0540529570419981	0.0257967409649582	0.00901213714693005
GCDF245	0.0424504880087845	0.0474068668266438	0.0700244083248003	0.0677132210270925	0.0191077371692341	0.0696469086664494	0.0326995858358163	0.00847485041683257	0.0135017905779409	0.0695525134979474	0.0715534227589766	0.0101337767361353	0.0319775370786888	0.0342228458347646	0.0716099267957186	0.0242491136069852	0.00887128227564384	0.0276824389443253	0.0461203857616644	0.0254339426379613	0.0284282385155258	0.0403943832662672	0.00855354152648061	0.071767862810932	0.0726906103317184	0.0482608746699613	0.0116877315855218	0.0516540293365416	0.0205823418359752	0.0696572086425743	0.0729440152645111	0.0214037706257042	0.070919278858587	0.00962946898506183	0.0709882553553942	0.0722762293963119	0.0616981487984609	0.0722305773183553	0.069706241176887	0.0705781396892336	0.00819575907709547	0.0713742533416459	0.0695768636133936	0.0421131719468218	0.072250347584486	0.0398222878387179	0.00918538537290361	0.0606977079026025	0.0507010895420205	0.0709080409747784	0.0622702114886106	0.0760837875381865	0.0667695439223087	0.0718960304829207	0.0691914396981398	0.0640098405907853	0.0734187600889591	0.070728898462322	0.0259915157926805	0.0691752735939291	0.124292305849417	0.0726740670324576	0.0170284740466888	0.0431567984774257	0.0646057439347108	0.018528219693425	0.0297766455609088	0.0126606359504013	0.0534046422690153	0.025934168767899	0.0117584458232453	0.0387770505904248	0.010467257943343	0.0360699818290845	0.00921047818282563	0.0154433213574153	0.0139294806491546	0.0224795442643679	0.012665795123515	0.0345878560622834	0.0234107814089517	0.0607959120111032	0.0728749190692348	0.0752054373498517	0.012708005876365	0.072320114708308	0.0291551934235325	0	0.0157682228612365	0.0167516729467539	0.00771909711336849	0.0114861300257458	0.0152325516218564	0.036756273979942	0.0317524987451657	0.0284082639887176	0.0128566653343068	0.021292788606852	0.0158049009147693	0.00864806246351112	0.0227910985916176	0.0549837852818797	0.0553592863784294	0.0737661048393659	0.0292032681019845	0.0185044990156335	0.00897887704607024	0.0160616066958285	0.0154372502748638	0.02697475601665	0.0249462524344298	0.0221260444218801	0.0113315545822108	0.0200692895244845	0.0414280176840045	0.0679841046833029	0.0182117751347973	0.0347100225832276	0.0289654827893081	0.008765278511088	0.0208283107600768
GCDF246	0.0545543203826504	0.0597265419183355	0.0609182564899175	0.0585824010348079	0.0316328257886749	0.0601869306028491	0.0468988321495779	0.0110410938904894	0.0224327030168338	0.0602725722046211	0.0609809537277077	0.00989707387899133	0.02113691758308	0.0212220099114935	0.0600951575119086	0.0117225505886693	0.015497635686629	0.0385376957593241	0.0571410021547115	0.0402928314952537	0.0432298479018488	0.0300609518990222	0.0167998541334663	0.0598561221150437	0.060001670636914	0.0594520190297955	0.0241876725116839	0.0527089716433877	0.0319094892045615	0.0594884518421058	0.0594631441012777	0.0107299718638938	0.0600968749836238	0.00984653887560008	0.060915301996048	0.0599444082213773	0.0526594197885557	0.059442674082638	0.0611009306904644	0.0595309765576714	0.01476621338298	0.0601137964562936	0.0574275509576605	0.0525178710431463	0.0598691640929742	0.0288779150243058	0.0102832230522928	0.0711510982552562	0.0615348854299748	0.0596627017690076	0.0525849954121643	0.0874746912206062	0.0578318217186013	0.0599417111488304	0.0587711515977527	0.0550937361714214	0.0598362693657177	0.0590978588419731	0.0129882222431891	0.0604129234197164	0.127662297752168	0.0598573972932016	0.00612150361900208	0.0541110904981392	0.0558848709545352	0.0309043280460467	0.0161151071384813	0.0234274458271837	0.0641513192141899	0.0136127271289664	0.0210935367116084	0.0250619970864118	0.00912859898196966	0.0238414296711033	0.0124547555889803	0.00682226562816085	0.00614556128328497	0.0116357568162258	0.0241558289700987	0.0452045292565317	0.0113178604738693	0.0711383548649875	0.0867012414817858	0.0864368108938439	0.0259145839478482	0.0830074247687754	0.0161295223444926	0.0157682228612365	0	0.0273023730595455	0.0146074174371821	0.0128464679600614	0.0294373375975122	0.0462018978415114	0.0184228564118684	0.0149235715242949	0.0236263596876101	0.00802908742075993	0.0244553310213366	0.0113372746772707	0.0102537287695503	0.0655357722155373	0.0657653256197168	0.0845112910475394	0.0421896353928429	0.0288818355254603	0.0174511780379095	0.00762560691877334	0.0262599435512616	0.0136263943430168	0.0372806222770702	0.0333177238476999	0.00768667438674267	0.00884278805578372	0.0283008330040658	0.0784596845959172	0.00682593296949912	0.0452044353340611	0.0395418369785102	0.0126227957568122	0.0102401797582085
GCDF247	0.0276730102157653	0.0328401127416227	0.0857867676049772	0.0834300202703235	0.00866511894620466	0.0850459510328794	0.0199809735311628	0.0202997984327	0.022123831032653	0.0851546590677415	0.0858450905993731	0.019576174980782	0.0460476575400492	0.0465943649636977	0.0851293534341485	0.0366929796985304	0.0124609760500284	0.0311098980783212	0.0305233864828643	0.0148748750469149	0.0209406462752006	0.054980253932452	0.0195898525322778	0.0848725111496569	0.0851866232626366	0.0327362055805596	0.00909074914825121	0.0612463140954273	0.00752698673603285	0.084404453484699	0.0850565168592665	0.0348814286460931	0.0850642474010737	0.0210251326512809	0.0857536150801061	0.0851122469010979	0.0775433197768048	0.0846548757769845	0.0860024945753993	0.0844855118881572	0.0135468044541682	0.0850769919578475	0.0825260582596365	0.0261668464770973	0.0850074568180123	0.0538119109667311	0.0228226128307105	0.0446960102917269	0.0350004993567262	0.0845975503325462	0.0774858653394863	0.0606866200840232	0.082656294860021	0.0850540743482233	0.0836827186773522	0.0799951583448082	0.0854699507054656	0.0840937270961627	0.0382315635191973	0.085313793459926	0.130078877388227	0.0851417316330804	0.0293935151544936	0.0275263788620706	0.0807115194773433	0.00782013821798951	0.041810915099852	0.0120565886044818	0.0375993192910847	0.038583210359017	0.00866641751106341	0.0507739669822081	0.0209361654659263	0.0489261562776084	0.0168174858665978	0.0277589582226644	0.0256673406263945	0.0355879884363726	0.00734701348619178	0.0188226880025909	0.0359285843154096	0.044776028774754	0.0596790607981008	0.0597179113614439	0.0136212879942373	0.0564889868326259	0.0414520505288936	0.0167516729467539	0.0273023730595455	0	0.0146620942143291	0.0256060311297952	0.0119487028286764	0.0316632226147134	0.0439319040889692	0.0406272155656056	0.00841641432847922	0.0333719137642119	0.00849816455938524	0.0168534606916247	0.0350171019595982	0.0390541405802724	0.0393731362289853	0.0580243265839538	0.0156126143504875	0.0063925660285873	0.0112087739357546	0.0287442173564223	0.00655186906293569	0.0390481387236805	0.0108109435073636	0.00803980777952044	0.0219195416441771	0.0323271547829864	0.0536843268482974	0.0520491155635829	0.0302894150631295	0.0188326295371158	0.013815708305555	0.0186859402956084	0.0345046047610466
GCDF248	0.0411530645620642	0.0464435720985586	0.0722527382048694	0.0699058812149245	0.0182707007701575	0.0715819320293388	0.0332841341468421	0.00807599990153591	0.0147071226189534	0.0715463953939351	0.0722148957276585	0.00856604668631623	0.0326270367009471	0.0336126118070549	0.0718188568422891	0.0237027992673143	0.006762111871127	0.029471236252875	0.0444030279688763	0.0266850929933064	0.0296745169155224	0.0414689754258202	0.009672501655954	0.0715720677240328	0.072180567328075	0.0465949793920071	0.0112972894866923	0.0535850772878738	0.0188407544940334	0.0708400087073596	0.0722880107962122	0.0213226799881368	0.0714956401198199	0.00849688218817152	0.0723399012302509	0.0719337796773573	0.064031157266311	0.071713498182068	0.0724781870540946	0.0710407213279695	0.00554600790230618	0.0717449265748563	0.0693092152777344	0.0402222046572151	0.0718686583668295	0.0403745251547809	0.00974725871205781	0.0588002189843342	0.0489466279143035	0.0710429086754418	0.0639285753020132	0.0742357016512842	0.0692087796074573	0.0717808890222299	0.0701961135773948	0.0664708538338391	0.0727283702504755	0.0707392143932256	0.0253454124404475	0.0714451876478364	0.12697111167992	0.0721711698881905	0.0164131943766743	0.041360270664698	0.0670592849980099	0.0175261207964422	0.0290897842120342	0.0111860783036911	0.0515973855073404	0.0254362368711618	0.0093284615261405	0.0380691982467066	0.00897370970624527	0.0357121332652039	0.00677201572354093	0.0148040087954753	0.0129352515302316	0.0223284589333667	0.0115853575307575	0.0327715279929566	0.0229399713094939	0.0588970147449561	0.0729210687932944	0.0734736526554281	0.0129174513206112	0.0704440255508278	0.0285348102563258	0.00771909711336849	0.0146074174371821	0.0146620942143291	0	0.0128343138570963	0.0159453733758342	0.0353193369816349	0.0310551124916534	0.0277530659987318	0.0112571566967726	0.0206034225599859	0.0140744968966553	0.00693854863515519	0.0222071569055469	0.053136758976663	0.0534190109206571	0.0719377369516426	0.0286626426521877	0.016568922564726	0.00660465887601892	0.015654923050956	0.0135413179987797	0.0262919123369184	0.0239343794834132	0.0204397807970191	0.00962530038639376	0.0194486740299247	0.0408119322412243	0.0661188062619079	0.0175120608476602	0.0328535009175539	0.0271911861544306	0.00814251961054826	0.0210383054753295
GCDF249	0.0513571979421558	0.0564768361398066	0.063811381018222	0.0614795899300864	0.0281313656913963	0.0638213027080502	0.0412874297060148	0.00877848047424446	0.0164246220950677	0.06336931827845	0.0657184401696378	0.0108300773568	0.0265550202539548	0.0290244425073116	0.0663882661422696	0.0190641762726385	0.0144146849057929	0.0321724431946723	0.0552620996504721	0.0333564824076614	0.0359590704543422	0.0348355334929445	0.0114444966046986	0.0665600092122049	0.0674644347769443	0.0570691343434531	0.0200163238173859	0.0480024055624851	0.0294164121527262	0.0641071644018997	0.0677590903007623	0.0157603338793522	0.0654771005490212	0.0101689221854839	0.0655076544769485	0.0670578451168658	0.0556651722978462	0.067009721591015	0.0632902116260745	0.065346863835749	0.0132268046927309	0.0661030812847494	0.0643312094187496	0.0512928734298306	0.0670418142143524	0.0345778369504695	0.00864728999963839	0.0698626604721402	0.0598648242050349	0.0654350552293989	0.0565800730778713	0.0847781153038295	0.0608364889266515	0.0666890194018682	0.0638552041291588	0.0575599314814264	0.0682141709357801	0.0655123184275146	0.0208738052775387	0.062336166248177	0.121687803981882	0.0674752255130296	0.0132723048451648	0.0522815284102854	0.0579300272193822	0.0274599155204164	0.0245718894611028	0.0200263653985328	0.0625047626143152	0.0205349861926427	0.0193775064744657	0.033576648117918	0.0109994369700099	0.0306439301883331	0.0122360799442789	0.0126165787905756	0.0113223645168197	0.0173499107530171	0.0215230037815718	0.0437527856215684	0.0183006065587203	0.0699302168055014	0.0807961677059983	0.0843657420741187	0.0189095565230783	0.0814330793089337	0.0239355872300538	0.0114861300257458	0.0128464679600614	0.0256060311297952	0.0128343138570963	0	0.0222062560296947	0.0433308915093993	0.0265374844423448	0.0232038260625694	0.0213274163654958	0.016759246028019	0.0245796586151677	0.0114051172900192	0.0177221295066328	0.0641061872093364	0.0643720035676402	0.0829316135307755	0.0381114700000093	0.0276184000093678	0.0161842364545046	0.0127217342296258	0.0242659078929761	0.0218000431836705	0.0339746447562268	0.0312400846883203	0.0106738184465829	0.0152945164073673	0.0362401377372067	0.0771498911158003	0.013844850270849	0.0438746661512238	0.0381675942452869	0.0110604941487463	0.0156460786579327
GCDF251	0.0333058086948262	0.038472831719602	0.0819143369191825	0.0796495473219289	0.0122324382754588	0.0826588717825485	0.022994364912838	0.0200905064403108	0.0179057072688158	0.0820710713965724	0.0848091187501195	0.0215376890875926	0.0458161677374984	0.0484260282657965	0.0857295241169255	0.0383834328050866	0.0151877350249149	0.0254309089346366	0.0372704046336238	0.0138068967240138	0.0176835673804762	0.0541134981645478	0.0156339792689929	0.085968480868773	0.0867881306042575	0.0393146897355715	0.0108471461383607	0.0558485027139235	0.0131043306730612	0.0832782508899467	0.0871598484239193	0.0351854193616997	0.0848430186660603	0.0217921058882517	0.0845798774048536	0.0864747701720758	0.0743948963254389	0.0864113476691824	0.0805443845162488	0.0846943142588693	0.0154533319250502	0.0854370926666741	0.0836568654637144	0.0333060794180692	0.0864587387051245	0.0539201641398849	0.0215928386567593	0.0518748920900051	0.0418746922579077	0.0848558904847713	0.0756258560777313	0.0668972504485135	0.0788928260556375	0.0860893024940683	0.083221656957058	0.074995993589512	0.0876472493012746	0.0849292470951273	0.0402085983730627	0.0795262613982865	0.121953195017396	0.0869036695421344	0.0311787359962108	0.034325035260708	0.0754634622823108	0.0117659278383309	0.0439892506057566	0.0130362969428075	0.044490224408983	0.0399816375075266	0.0120938237276718	0.0529874535747851	0.0228503598935074	0.050004913970226	0.0188548414300036	0.0294906325788811	0.0277499693323566	0.0366366583139005	0.0109636156815057	0.0259005539401463	0.0375829712120873	0.0519695923560195	0.0622166031313063	0.0663758921954367	0.00953109209623301	0.063444317064502	0.0433536298347242	0.0152325516218564	0.0294373375975122	0.0119487028286764	0.0159453733758342	0.0222062560296947	0	0.0308074288521752	0.0459559440537535	0.0426136567774746	0.0114591506432102	0.0355036973275922	0.0135803136250211	0.0188429456044252	0.036942811325343	0.0460177746347406	0.0463995768340549	0.0649420394740923	0.0203859232944634	0.0126027943133706	0.0140318467488719	0.03014880382089	0.0113116532630014	0.0411994883019214	0.0165465007385596	0.0146306341965542	0.0240218372394641	0.0342442440151265	0.0556570661414151	0.059161150357639	0.0324270431178086	0.0258922244732579	0.0204241976584073	0.0192182485080051	0.0349506713600472
GCDF252	0.0402539757202671	0.0452675304629586	0.103964214147341	0.101692476131097	0.0315896623175253	0.103905068202452	0.0337462205665581	0.0399476672438058	0.0379561525440276	0.103549682356492	0.104521252365425	0.0398193272677335	0.0656019278773756	0.0664115237692992	0.104880085948742	0.0565411909812629	0.0348073711073158	0.0402332462483283	0.0432664318518205	0.0294726447136414	0.0311321862644017	0.0743650856869991	0.0378315001914296	0.104793479722558	0.105106731556883	0.045224919275503	0.03189476122233	0.0739961538200427	0.0315466626838903	0.103619623891633	0.104759374652246	0.0540961063645705	0.104494039458458	0.0411433962296055	0.104947005859529	0.104993621809314	0.0959710097222617	0.104418787540811	0.103515335029424	0.104184494175092	0.03521111236904	0.104772747691834	0.102236670752366	0.0396731748725429	0.104946571769136	0.0734927375434023	0.0418671215084767	0.0569785699022539	0.0475199562168182	0.104120948097923	0.0964970116813978	0.0723710267080201	0.101095753260935	0.104854701820648	0.103152787444567	0.0973342831688698	0.105107373285173	0.103955987050678	0.0580787054366536	0.100257812199569	0.124573684476241	0.105000549720393	0.0485031528944018	0.0407352031142724	0.0978494710241905	0.0312593801680839	0.0613843940875747	0.033808939836242	0.0500044494942583	0.0583670006105394	0.0325694056698168	0.0703517562436937	0.0405866473988451	0.0685824458346222	0.0377084542856072	0.0476963336043286	0.0454747155308723	0.0554535408890007	0.0321286415700058	0.0350034387048447	0.0558212724975263	0.0569988664503049	0.0692279004689419	0.071905203013107	0.0314680702720929	0.0687273295991349	0.0613096723652849	0.036756273979942	0.0462018978415114	0.0316632226147134	0.0353193369816349	0.0433308915093993	0.0308074288521752	0	0.0636730002935487	0.0601651321983699	0.031975838195796	0.0524355472263062	0.032064989773613	0.0376056784556972	0.0548017919063568	0.0514735497459017	0.0515229354302088	0.0703372511297765	0.0330446092317803	0.0317138969108011	0.0337455852916746	0.0487174678480986	0.0315631313456429	0.0587872891790337	0.0318432579927071	0.0320771127149011	0.0419021427179828	0.0521323266392103	0.0735749711442475	0.0643272388613585	0.0498619480717062	0.0349969242445447	0.0326179263153763	0.0387741354566933	0.0542177271210786
GCDF254	0.0710898409738685	0.0763086826361791	0.0427267054716746	0.0403912593093183	0.0481566959860349	0.0419949570463763	0.0634139551207273	0.0262175227487178	0.038498794998635	0.0420860215419471	0.0428072988911711	0.025579310887766	0.00633072803464878	0.00557500224988531	0.0419119937025537	0.00908511128709322	0.0319143729754771	0.0546081425114111	0.0737016146080662	0.0568096247511079	0.0597480451594097	0.011935968328305	0.0330749224081184	0.0416658106401111	0.041860312524468	0.0760135261925182	0.0406792784542447	0.049540285848909	0.0484429200678462	0.0413022451855318	0.0414495267011602	0.0117831740674158	0.0419114747583264	0.0249101436235989	0.0427241585772447	0.0417809990055934	0.0344748235486373	0.0412888151377138	0.0429097856536056	0.0413493975771196	0.0312775426516027	0.041934441097758	0.0392530708940643	0.0692163352111373	0.0417211446346659	0.010865402142188	0.0250465030490298	0.0878003305859036	0.0781678949492146	0.0414780772507492	0.0343935732362848	0.104073998602954	0.0396494439078702	0.0417641632710442	0.0405800306812079	0.0369032871053375	0.0418571769965417	0.0409290420286583	0.00713224423228471	0.0422265106868563	0.124608047532313	0.0417444713865266	0.0163776728729106	0.0706948679354456	0.0376913624091281	0.0474907267989233	0.00531495422021382	0.0398789384788034	0.0807622066802449	0.00733884043445942	0.0375466082583774	0.00797521996322427	0.0244776224858607	0.00706265785383305	0.0284089973440977	0.0166323854672638	0.0186112700359463	0.010616568991952	0.0406897874605475	0.0618427299113587	0.00904667038573987	0.0878042294220491	0.103243958016839	0.103018221680564	0.0423972820016471	0.0996312717295656	0.00491222389856109	0.0317524987451657	0.0184228564118684	0.0439319040889692	0.0310551124916534	0.0265374844423448	0.0459559440537535	0.0636730002935487	0	0.00557064974323066	0.0402010770872085	0.0118852159304714	0.0426123190595947	0.0276407166713416	0.00969124079042237	0.082215103085595	0.0824211780169998	0.101120440722114	0.0587114357963355	0.0455327032303268	0.033995398423738	0.0160667411412696	0.0428589712075814	0.00622027475537375	0.0538106045939706	0.0498455916013983	0.0223574152573793	0.0122400426436357	0.0103316728920544	0.0950756324361069	0.0141293195316173	0.0618753032476613	0.0564537560473187	0.0283556845170831	0.0114873753439616
GCDF255	0.0677880855898062	0.0729712025083677	0.0461277571516206	0.0437892461289661	0.0448628419050665	0.0453932234885717	0.0600809904586787	0.0228997721346189	0.0351574994021594	0.0454854000397403	0.0461971767698274	0.0222276647509349	0.0078174631108972	0.00726477754586894	0.0453094864132428	0.00666505465933094	0.028668360097917	0.0512744220669823	0.0704320384697481	0.0534768010480235	0.056414388421208	0.0152886692208774	0.0297184429046783	0.0450897620181845	0.0452999135460516	0.0727332795810218	0.0373382261116998	0.0494377413256602	0.0451311751673318	0.0446997503891136	0.0450007965167364	0.00910982839772572	0.0453137745986683	0.0215589680962942	0.0461225657526291	0.0452511018951132	0.0378899279643189	0.044762257524211	0.0463084680865509	0.0447657159106298	0.0279293273942489	0.0453393664399181	0.0426856469400603	0.0659751912409609	0.04515450297281	0.0141139221612853	0.0217271381989121	0.0845087030620286	0.0748980388496861	0.0448881340297786	0.0377946207958339	0.100732441953938	0.0430527179304397	0.0452141648515908	0.0439784390230974	0.0403035002751182	0.0453987190067166	0.044327863313333	0.00537203794999067	0.0456261669821811	0.12499281177015	0.0451987675494618	0.01300834856029	0.0674469239181942	0.0411000631824888	0.0441046450098958	0.00501263798908283	0.0365645009271725	0.0774212841207933	0.00584008118768006	0.0342870816738919	0.0108366416710796	0.0211714993776622	0.00965425474310501	0.0251610372403655	0.0134248212403194	0.0153788198996806	0.00769058576164146	0.0373555713079192	0.058594788340005	0.00661134831442714	0.0846013610411172	0.0999203615567901	0.0997116867490489	0.0390669631047381	0.0963910924966889	0.00444852063847433	0.0284082639887176	0.0149235715242949	0.0406272155656056	0.0277530659987318	0.0232038260625694	0.0426136567774746	0.0601651321983699	0.00557064974323066	0	0.0368904252959923	0.00866941872730174	0.0390437797201101	0.0242839249772857	0.00681927052533461	0.0789603503665539	0.0792274258353493	0.0979056070850353	0.0554061396931759	0.042266571010002	0.030733993728504	0.0129589123711357	0.0395091938400509	0.00527638872536229	0.0504645985560586	0.0465807285950039	0.0191131377818458	0.00941053039107397	0.0136997655899537	0.0919004992553682	0.0109588216531333	0.0586427487056665	0.0529427157733778	0.0250345475388446	0.00848800629128072
GCDF256	0.0316714732766603	0.0367429747876495	0.0815351025925742	0.0791056274314119	0.0103500491158679	0.0807640675944511	0.0236729225896374	0.0162402176288794	0.0187315132440717	0.0808889609996719	0.0816743983463808	0.0157845111227491	0.0418547043068842	0.0428050302646377	0.0810395316644148	0.0329038523363345	0.00975888987269365	0.0296410491708854	0.0346575922360926	0.0174684544103314	0.0220673253214118	0.0507636748329558	0.0157969925467941	0.0808085152747655	0.0813581698169612	0.0369157743630837	0.00805942093567791	0.0583950842570777	0.010187377192852	0.0801374554032027	0.08138292177458	0.0307392486361693	0.0808550082523413	0.0172646827525412	0.0815620306465361	0.0811580367612116	0.0732757642564147	0.0808103975623545	0.0817470912529965	0.0802876401429224	0.0102922417225805	0.0809852839118302	0.0785146765034608	0.0304084505246143	0.0810688007811103	0.0496476544161337	0.0186504170656054	0.0490130075262954	0.0391695032065565	0.0804919859375617	0.0732311683170723	0.0647731969001317	0.0783533048674916	0.0809947144654062	0.0794908259854172	0.0757452973136396	0.081839049855868	0.0800588092569149	0.0344983147588944	0.081016563932703	0.128863620411868	0.0812779366217478	0.0255298428237438	0.0316395385548322	0.0764883693796818	0.00931783566002104	0.0381760615291017	0.0101644868040551	0.0417579859118871	0.0346535232971714	0.00749262304026445	0.0471624721293197	0.0173186073220815	0.045057489263891	0.0137402387338836	0.023938890819372	0.0219903584767246	0.0315976901676017	0.00674638477909012	0.0229659782007638	0.0321071393449198	0.0491037863974619	0.0634993716999136	0.0638386220718273	0.0115200644594175	0.0607089181289528	0.0376669329525244	0.0128566653343068	0.0236263596876101	0.00841641432847922	0.0112571566967726	0.0213274163654958	0.0114591506432102	0.031975838195796	0.0402010770872085	0.0368904252959923	0	0.0297031358749879	0.00893208061373144	0.0132363431068664	0.031315874545882	0.0433534721307682	0.0436541896050025	0.0621973757039417	0.0192252760753036	0.00867689067305	0.00915054153801516	0.0248070489521129	0.00750459283249302	0.0353987855516901	0.0145268914527307	0.0117349936432826	0.018268897153456	0.0285903149275015	0.0499495091387118	0.0562915622510693	0.0266339686567509	0.0230375427324701	0.0174958052282984	0.0147368490479586	0.0303884250196544
GCDF257	0.0606242422428396	0.0658276911937829	0.0541674113559602	0.0518309910490055	0.0377087683200535	0.0534345482410205	0.0529672778917081	0.0159029530577663	0.0280850178308108	0.0535434301227632	0.0542362958117567	0.0152386548773696	0.0145205481147224	0.0145784183311267	0.0533682158724828	0.00726670479623018	0.0213245594441289	0.0441816954713578	0.0632340031290295	0.0463616924002917	0.0492978757153256	0.0233191435103013	0.0226288497203378	0.0531219302328548	0.0532619139236031	0.065548683130982	0.0302127039323401	0.0510947449941828	0.0379773779123118	0.0527438592504371	0.0527265328876298	0.00736011433617372	0.0533470000431995	0.0144232270011509	0.0541640312382669	0.0531996580762695	0.0459379292271956	0.052686641162092	0.0543500787456228	0.0527842933631907	0.0208048828256627	0.0533640573196339	0.0506584537827005	0.0585800739325056	0.0531126256241943	0.0221464048149158	0.0147658685772595	0.0771775280285363	0.0676500771307584	0.0529185084983556	0.0458392928345035	0.0935565945174959	0.0511068500427887	0.0531987687478764	0.0520215615103341	0.0483449718566856	0.0531171894811019	0.0523468677443687	0.00779993102692933	0.0536704196999169	0.126605370204256	0.0531295699001563	0.0073966747379128	0.0601978481116921	0.0491483532870659	0.0369724980132146	0.00956257288414759	0.0294205522296405	0.0702036865657628	0.00765317574618478	0.0270622829633831	0.0183468693726216	0.0139657253931004	0.0171204546061956	0.0178681574291503	0.00750383519569901	0.00887839575274612	0.00745482593680723	0.0302266109207965	0.0512592358270077	0.00671562708231075	0.0772036181179562	0.0927804128238649	0.0925161578890049	0.0319519978806828	0.0890846095903955	0.00959807331673801	0.021292788606852	0.00802908742075993	0.0333719137642119	0.0206034225599859	0.016759246028019	0.0355036973275922	0.0524355472263062	0.0118852159304714	0.00866941872730174	0.0297031358749879	0	0.0312148058373067	0.0171080846057245	0.00601164216641337	0.071608945275798	0.0718483406711708	0.0906209343611592	0.0482601666390294	0.0349358035571346	0.0234947737560353	0.00763950581107326	0.0323268273337321	0.00782842904851405	0.0433503229246296	0.0394120991531045	0.0120524916176995	0.00605244889580221	0.0215741176478038	0.0845304954082075	0.00605648414424686	0.0513334855286762	0.0456267045152308	0.0179208564440334	0.00615831975227767
GCDF259	0.0322943746272211	0.0375274299371122	0.0848944182648803	0.082558559197368	0.011856956673184	0.0841560758123494	0.0246807363618052	0.0194754657392023	0.0218550574899924	0.0842057288897158	0.0848028397168776	0.0185969004717966	0.0451131849878966	0.0452979025101722	0.0840511354382592	0.0354970992740357	0.0123982412006819	0.0322838907854425	0.0350138228951078	0.018698140847111	0.0237526285716078	0.0540437581337462	0.0190350998268284	0.0838476795740802	0.0840814558394027	0.0372888240398783	0.0104298901678336	0.0612466004159715	0.0115273917220872	0.0834544172341173	0.083692918070639	0.033851906092781	0.0840331664440608	0.0202819007646405	0.0848190947012468	0.0839855012418044	0.0765220927018108	0.083523482987375	0.0849192112383216	0.083509209556411	0.0133557642946453	0.0841131172697954	0.0814408782606173	0.0305067763635606	0.0839320155556756	0.0528554519393829	0.0219886551676977	0.0490900595681836	0.0394687106588272	0.0835995622205012	0.0765608730867054	0.0652524002573707	0.0816383877336377	0.0839697499618386	0.0827462103481245	0.0790697502517941	0.0840840825829843	0.0830780388128878	0.0369627403302325	0.084217945960435	0.130899086519323	0.0839509525232845	0.0270086820284375	0.0320318983679619	0.0797042328901965	0.0105606489720745	0.040356766282007	0.0123752441934564	0.0420227316443366	0.0374809809856945	0.00962450612110622	0.049363976494983	0.0197699155677298	0.0477770226019801	0.0162149401372205	0.026656806544222	0.0243833321946287	0.0345844323417605	0.00817485684246728	0.0231632754216065	0.0347290238215014	0.0491432018502794	0.0642739677368993	0.0642870932140134	0.014201676962201	0.0609838225399003	0.0402394261662707	0.0158049009147693	0.0244553310213366	0.00849816455938524	0.0140744968966553	0.0245796586151677	0.0135803136250211	0.032064989773613	0.0426123190595947	0.0390437797201101	0.00893208061373144	0.0312148058373067	0	0.0161255197082129	0.0336736351853669	0.04350996160447	0.0437136199701615	0.0625074165261755	0.0202940788044773	0.00913280819665001	0.0118068520995704	0.0277102945861642	0.00907427640255503	0.0376963579293453	0.0152302491196403	0.0118918033467248	0.0206875525969974	0.0311367110057612	0.0524349932492983	0.0564251253099153	0.0287940306494934	0.0232278462405307	0.0175200361438622	0.0180254730659377	0.0335493984848562
GCDF260	0.0438181817757361	0.049035358948238	0.0694347193671597	0.0670925357727089	0.0208809672045813	0.0687300534636685	0.0360373481355532	0.00662409196810025	0.015707731679684	0.0687951248778839	0.0695182970452188	0.00737455663990907	0.0297251331215404	0.0303041715024397	0.0687707706232264	0.0204258855394643	0.0071999723655939	0.0307601653227601	0.0467079073717498	0.0294297680145863	0.0324136397302753	0.0386486060240052	0.0107173699076579	0.0685506227492082	0.0689042794584024	0.0489345107490968	0.0136500667766527	0.0538862548919037	0.0212766376479604	0.0680043815136558	0.068773921278089	0.0185653267080209	0.0686389458074112	0.00729478030310323	0.0694661140441895	0.068789991879403	0.0611946152692491	0.0683968341109729	0.0696461358004146	0.0680989664085586	0.00646455152750467	0.0687449077765147	0.0661092553325374	0.042360235946347	0.0686912734174367	0.037457830432539	0.00857855243410802	0.0608997683633458	0.0511617882158419	0.0682539759260235	0.0611002211919939	0.0768901281284563	0.066374802190547	0.0686524202953083	0.0673260689910614	0.063640054390587	0.0691989190274417	0.0677522742989087	0.0219172625755421	0.0688802365100745	0.127666982436421	0.0688062131480135	0.0131599886138274	0.0436607985710255	0.0643982334118901	0.0201301680633215	0.0255800697369256	0.0135277583395517	0.053770828540578	0.0222885937081895	0.0109705469974392	0.0345220971814912	0.00714947917202318	0.0326399787733651	0.00640783892977381	0.0116676036209677	0.00982602676312025	0.0193398147280507	0.013924578110678	0.0349261432208798	0.019612357772962	0.0609749132259326	0.0758999611693199	0.075850346774766	0.015623792902463	0.0726516259965873	0.0251866700315867	0.00864806246351112	0.0113372746772707	0.0168534606916247	0.00693854863515519	0.0114051172900192	0.0188429456044252	0.0376056784556972	0.0276407166713416	0.0242839249772857	0.0132363431068664	0.0171080846057245	0.0161255197082129	0	0.0187528999451774	0.0552932337453269	0.0556041239337488	0.0741864782616948	0.0313591572521913	0.0186632732517378	0.0086421561580283	0.0126287570385488	0.0159255261103754	0.0227648438086188	0.0264838377032617	0.0227992297573523	0.00721537888242929	0.01614090447982	0.037350494226422	0.0682478817273872	0.013983029913336	0.0350209600056964	0.029429305975109	0.00716041097702045	0.0181372734774469
GCDF261	0.0622050227465654	0.0674374345125574	0.0516707127669243	0.0493333278355574	0.0392905443041313	0.0509321939839859	0.0545413036915389	0.017323822383957	0.0295516481679497	0.0510374082986152	0.051672956934481	0.0168161861095201	0.0121349356457064	0.012240690422583	0.0508183340984161	0.00556412650415711	0.0230205370668284	0.0457318492346641	0.0648799010298469	0.0479372500846482	0.0508176955686073	0.020812712487473	0.0241823397068815	0.0506227588412738	0.0508151561623872	0.0671180012174929	0.031787842991903	0.0502432122299767	0.0395785864593104	0.050233696973083	0.0504358954577133	0.00715528404565923	0.0508493316745517	0.0160440041852946	0.0515577168476702	0.0507673264076613	0.0433615752016053	0.0502569769894836	0.0516996312171522	0.0502856557041106	0.0223799398865062	0.050877210505382	0.0482032117669028	0.060378562809542	0.0506653152406216	0.0196503893368774	0.0162533708739875	0.0789589570327239	0.0692999990600528	0.05041973928761	0.0433370338545905	0.0951848683333156	0.04845153299546	0.0507138653686552	0.049523334235254	0.0458477226772694	0.0508322109929239	0.0498566899185229	0.00609624281177542	0.0510699257931926	0.125811579402047	0.0506597894686039	0.00876088815181507	0.0618272500131467	0.0465220088760058	0.0385878499823086	0.00741023374215766	0.0309959745006354	0.0719022729782143	0.00657141828288341	0.0287086881245628	0.0161201398669168	0.0155434045526716	0.0145593058444898	0.0194915842154355	0.00848504738391829	0.0101795544226964	0.00657178697322091	0.0317792147021703	0.0529707283007376	0.00557610027743692	0.0789351175830822	0.0942556554018849	0.0941410588495659	0.0334786485993501	0.0907627279409255	0.00765520545966792	0.0227910985916176	0.0102537287695503	0.0350171019595982	0.0222071569055469	0.0177221295066328	0.036942811325343	0.0548017919063568	0.00969124079042237	0.00681927052533461	0.031315874545882	0.00601164216641337	0.0336736351853669	0.0187528999451774	0	0.073330663821914	0.073546084415431	0.0923100648955865	0.0498380261764984	0.036634276536378	0.0251090334201551	0.00846781072764178	0.0339050926456247	0.00607306271676219	0.0449274027099212	0.0410040206454619	0.013582583532123	0.00650669758283354	0.0191674720721714	0.086226753438964	0.006278463880087	0.0530382039947341	0.0475892652616356	0.0194858347249189	0.00605609912937977
GCDF262	0.0141886139542542	0.0105044998433159	0.124410658021166	0.122068295499893	0.0380066671135901	0.123679228954845	0.0233321305072744	0.0588842481751033	0.060091049984248	0.123825153166598	0.124437434881022	0.05796230351082	0.0846657564844748	0.0849939795455547	0.123706310460664	0.0750904368104959	0.0506517962185722	0.0635917181845265	0.0104975425544185	0.0374048020728309	0.0441406463846715	0.0936422033442391	0.0580824968790767	0.123475955441745	0.123661796854	0.0102624932675613	0.0453849154326952	0.0987550918050487	0.0351516467265107	0.123041562811293	0.123377432952626	0.073485157556004	0.123697651305584	0.0596898180818317	0.124402433483288	0.123647473827757	0.116164251710429	0.123146193497109	0.124582093698208	0.123132774850937	0.0520421993551832	0.123678775447788	0.121055469895252	0.0140353331960869	0.123533111329031	0.0924713733521375	0.0613163249059157	0.00882768242283621	0.00841345111580773	0.123280598283416	0.116177505013919	0.0224052579283263	0.121179142308356	0.123582775168347	0.122367290384842	0.118686798395533	0.123750715695246	0.122727827366554	0.0765808018846343	0.123929809967075	0.136377647067561	0.12360331935413	0.0677364992749209	0.0131043350521588	0.119379558421747	0.0372932811427598	0.0801044808644237	0.0494842734375987	0.00828895822015704	0.0770778061840871	0.0454128649123389	0.0890042388228455	0.0592443026376493	0.0874740805740308	0.0550395796131907	0.0662281010111775	0.0639431121749709	0.0741394918524858	0.0431253287677813	0.0209162749862769	0.0743762740884164	0.00856348900818219	0.0223867069233698	0.0213974692712942	0.0493722783420423	0.0182153555362325	0.0798059449051366	0.0549837852818797	0.0655357722155373	0.0390541405802724	0.053136758976663	0.0641061872093364	0.0460177746347406	0.0514735497459017	0.082215103085595	0.0789603503665539	0.0433534721307682	0.071608945275798	0.04350996160447	0.0552932337453269	0.073330663821914	0	0.00774140617306899	0.0196038879768104	0.0264465735491478	0.0370371052336813	0.0493032673016341	0.0672396255487746	0.0402280120461276	0.0773427506363151	0.0304975248073613	0.0342584895064132	0.0602379651608491	0.0707219199776047	0.0920969606800513	0.0138774565027114	0.0685751549146994	0.021050725829543	0.0266033770478886	0.0572598985198772	0.0731365570441039
GCDF263	0.0144622261175002	0.0105841821012548	0.124843326030356	0.122515944368912	0.0383660970914243	0.124096578871361	0.0236607603540625	0.0592331549510209	0.0603784028854635	0.124125845579788	0.124768058534222	0.0582400548337686	0.0850288560896209	0.0852452351739912	0.124025270794377	0.0753731238796855	0.0508926946933221	0.0639666192459338	0.010329229177465	0.0377679679241746	0.0445223679258065	0.0940004160458391	0.0584307745701135	0.123803605109152	0.123984431001273	0.00965029005116473	0.0456932912571262	0.0986596590491256	0.0354512179402089	0.123349599088683	0.123547172456077	0.0737389896554176	0.124040509790483	0.0600562786514109	0.124758542637632	0.123917582962248	0.116545201401518	0.123415832116146	0.125024032637928	0.12349164410673	0.052371409956855	0.124059451499371	0.121358470633776	0.0137671781010041	0.123881862771631	0.0928292613890436	0.0616590740780036	0.00976899366077939	0.00767635518562688	0.123591611933227	0.116539419299424	0.0226840532262518	0.121709878471765	0.123921519653364	0.122733230843689	0.119048711326387	0.123956542123448	0.123052974316207	0.0768302753943988	0.124248818165124	0.13655699654059	0.12388397783342	0.0680271538369583	0.0127091656822354	0.119641665331643	0.0376649755194332	0.0802810974042825	0.0496646746842548	0.00731503682603796	0.0773437449125328	0.045703848729832	0.0891614127339739	0.0594610119182052	0.0877465896985748	0.0552824811652453	0.0665625700294369	0.0641818665193789	0.0744887890689301	0.0434355076703459	0.0211123420029051	0.0746598337786366	0.00949229916611762	0.0223726918732729	0.0218343300076973	0.0496579982114561	0.0184797021428669	0.0800972996336041	0.0553592863784294	0.0657653256197168	0.0393731362289853	0.0534190109206571	0.0643720035676402	0.0463995768340549	0.0515229354302088	0.0824211780169998	0.0792274258353493	0.0436541896050025	0.0718483406711708	0.0437136199701615	0.0556041239337488	0.073546084415431	0.00774140617306899	0	0.0201184874061834	0.0268266405910254	0.037249488925392	0.0495906176440644	0.0675692183501793	0.0405050407003875	0.0775374822092779	0.0307960915144044	0.0344771682237736	0.0604685866697268	0.0710274220792332	0.0923598917445751	0.0143329579808815	0.0687471308717222	0.0210605100869681	0.0268853091013928	0.0575804763445348	0.0735013213272047
GCDF265	0.0323446557828874	0.0274645643534534	0.143234219514962	0.140893760955695	0.0568150528001063	0.14253588607817	0.0420469393520945	0.0776710278458065	0.0789931144828748	0.142582968178422	0.14329790918514	0.0768707109370617	0.103456952806675	0.103879068310213	0.142498345537619	0.0939887148713825	0.0695505517374988	0.0824267543626554	0.0280577251123208	0.0561577649504849	0.0629624505009916	0.112418073521118	0.076874052823493	0.142243033256194	0.142509967239216	0.0264537915436908	0.0641173774169551	0.117544407269569	0.0539486489512704	0.141782406454134	0.14228475304565	0.0922335962002928	0.142444167925854	0.0784485167024112	0.143266341451443	0.142443486084842	0.13498695066782	0.142041315484529	0.143451964764884	0.141890170447754	0.0708823428310529	0.142511332576925	0.13987702056013	0.0322424135914054	0.142369424002339	0.111242914816948	0.0800760310858187	0.0144772924526331	0.0234208810801684	0.142041039737788	0.134898302756777	0.00752326329720837	0.140172842325586	0.14239129710077	0.141121099091539	0.137444630792045	0.142713812114012	0.141511602835222	0.0955026147492004	0.142700665827953	0.144503381667715	0.142488745125857	0.0866852009838278	0.030954486605796	0.138200550594113	0.0560849880931353	0.0991029606925117	0.0683393256381305	0.0215453373766833	0.095914995278975	0.0642604577270421	0.108017235392272	0.0782584455428701	0.106318355735504	0.0739768790175216	0.085128100156182	0.0829135291278362	0.092941915898612	0.0619484422860122	0.0397470251779364	0.093255258419297	0.0137612170156449	0.018083783082965	0.00706996038353842	0.06808628096725	0.00824867295232987	0.0987103364684365	0.0737661048393659	0.0845112910475394	0.0580243265839538	0.0719377369516426	0.0829316135307755	0.0649420394740923	0.0703372511297765	0.101120440722114	0.0979056070850353	0.0621973757039417	0.0906209343611592	0.0625074165261755	0.0741864782616948	0.0923100648955865	0.0196038879768104	0.0201184874061834	0	0.0451611819291356	0.0559490834823763	0.0681305951391808	0.086151113790093	0.0590793021926374	0.0963017669591037	0.04925255123714	0.0530884490545952	0.0791432826657488	0.0896586293373445	0.111030905084176	0.00829814467520331	0.0875719138468155	0.0397442378517654	0.045491009800121	0.0760287440786458	0.0918973396823864
GCDF266	0.0147840408420171	0.0192002242000661	0.0984637978101018	0.0961131071954062	0.0138832072685049	0.097891821779988	0.00830899405638885	0.0337200010515223	0.0344061567589189	0.0978501153865246	0.099215753000192	0.0341825280338526	0.0593995167450471	0.0612508321576046	0.098885998957687	0.0512604756337224	0.0270527369634371	0.0384236775865458	0.0176127966084151	0.0134376893290366	0.0214616623189714	0.0681165806723363	0.0320393833510502	0.0988755786057675	0.0997379614849283	0.0198028690141692	0.0197934314298133	0.0727230798867014	0.0116390616402519	0.0973039873772197	0.0999445961129786	0.0485785852252233	0.0983958947989676	0.034888904861579	0.0989092550795488	0.0993205521895428	0.0902246863703535	0.0992109898966972	0.0986354780016523	0.0979189161549915	0.027695402672345	0.098760171219556	0.0966524979231334	0.0146262961253994	0.0993100683948006	0.0672200461379205	0.0356725562326234	0.0321242291612005	0.0221680995744813	0.098283142980301	0.0903210321610624	0.0475622502466043	0.0954127988279468	0.0990016531161588	0.096771795791809	0.0926281407174438	0.10041150706585	0.0979756040856092	0.052985759094508	0.0978420816286646	0.129746288211659	0.0997152980981451	0.0439998582193647	0.0150325070546865	0.0933817169732518	0.0129003860221028	0.0567573535096164	0.0246038090606982	0.0248726002490995	0.0529445140726037	0.0216421338028717	0.0657490689044047	0.0357278720804989	0.0632702350014388	0.0313836330303339	0.0422684561385952	0.0405450759436747	0.0495809004689106	0.0186778344049335	0.00933927165537207	0.0504561262487462	0.0322199069490336	0.045422535333218	0.0466100452561872	0.0233468169092455	0.0437525069773799	0.0561195206311014	0.0292032681019845	0.0421896353928429	0.0156126143504875	0.0286626426521877	0.0381114700000093	0.0203859232944634	0.0330446092317803	0.0587114357963355	0.0554061396931759	0.0192252760753036	0.0482601666390294	0.0202940788044773	0.0313591572521913	0.0498380261764984	0.0264465735491478	0.0268266405910254	0.0451611819291356	0	0.0141219640470514	0.025379512374374	0.0430159169352717	0.0165472269067635	0.0539631926727415	0.00853396576095485	0.0113510474882493	0.0366860872905965	0.0470006569580297	0.0684576003313667	0.0394038260735647	0.045191514860801	0.00882362016427302	0.00835137935755116	0.0323789241262759	0.0480996371256282
GCDF267	0.0259029254543059	0.0311301946640015	0.0878632709082931	0.0855346477091914	0.00826626250078205	0.0871370865239037	0.0183066602542319	0.0223083494494509	0.023939981717955	0.0871993938479761	0.087921636950488	0.0213659720899857	0.0480679067397358	0.0483126437874755	0.0870534798713646	0.038450962910899	0.0141286740821523	0.0322612375961711	0.0285727773426157	0.0140338445345711	0.0208305683118677	0.0570053960187267	0.0215657468640594	0.0868133554855983	0.087020342699205	0.0308277167172896	0.0108087096372713	0.0629750479652424	0.00668686983408406	0.086431437971616	0.0866364212048174	0.0368791399053251	0.0870622315190055	0.0230871818752752	0.0878605398565832	0.0869854089587626	0.0795928691372727	0.0864216810224032	0.0880531734137824	0.0864815415457042	0.0155069010727333	0.0871000176276824	0.0843855635535837	0.0240267715746104	0.0868698022130764	0.0558359683162034	0.0249021923301196	0.0425827347043187	0.0329638957563374	0.0866149402025974	0.079537797305319	0.0588557060544539	0.084779474771384	0.0869329202205244	0.0857222912588505	0.0820458388388759	0.0870550654903807	0.086061193560711	0.0398624663739794	0.0873587522091288	0.130850681828128	0.0868875815561323	0.0311212216908432	0.025542345373054	0.0828283448712994	0.00734181541860141	0.0434207088981915	0.0137604449233605	0.0355780196630142	0.0404424044407076	0.01016810809843	0.052288079766011	0.0226514003865157	0.0508300966837189	0.0184471649682206	0.0296068888044719	0.0272672727252498	0.0375429037770238	0.00805255046791651	0.016877988254595	0.0377220357721201	0.0426195001210829	0.0580377313825819	0.057824132869942	0.0144341579318573	0.0544805821746287	0.0431738156787675	0.0185044990156335	0.0288818355254603	0.0063925660285873	0.016568922564726	0.0276184000093678	0.0126027943133706	0.0317138969108011	0.0455327032303268	0.042266571010002	0.00867689067305	0.0349358035571346	0.00913280819665001	0.0186632732517378	0.036634276536378	0.0370371052336813	0.037249488925392	0.0559490834823763	0.0141219640470514	0	0.0128077690223834	0.0306660250356101	0.00685121726851459	0.0406318622443712	0.00980511730692039	0.00726111734996202	0.0235637504833214	0.0341233985329216	0.0553855205500367	0.049896173442554	0.0318526392520377	0.0167182066614241	0.0118008412754709	0.0207398674977623	0.0365222543289866
GCDF269	0.0376988119549221	0.0430553813436718	0.0757970542016655	0.0735108748529897	0.0150070215876431	0.0751133187100141	0.0300447620790113	0.0110231038921447	0.0156902680455735	0.0750514537923866	0.075707239258771	0.0109050213394574	0.0360281799139097	0.0366771733388305	0.0751453898470811	0.0267894707568404	0.00621569034234254	0.0297136979572701	0.0407545327425304	0.0234817715192383	0.0268481076892578	0.0449710133852381	0.0116578341518162	0.0749109303860953	0.0752850357029173	0.0429408857787047	0.00981116082491071	0.0555872942386854	0.015348767552459	0.0743639998965793	0.0751764179028646	0.0247375936426147	0.0750196936229865	0.0113319711432783	0.0757869403019096	0.0751502487545062	0.0675243915557259	0.074746143938315	0.0760294013101645	0.074479134772161	0.00645947788907874	0.0751587610804673	0.0725322379307313	0.0363820461989051	0.0750178587105539	0.0438712660336133	0.0130314539078473	0.0549525476691097	0.0451814409420647	0.0745500675355545	0.0675127719237347	0.0707131241532889	0.0727508319824031	0.0750538009134206	0.0736985249877578	0.0700220670362916	0.0756348479125235	0.074120634056703	0.0283497335069408	0.0751603503871446	0.128166939574059	0.0751963763525992	0.0194565993145748	0.0376297538309838	0.0707013481719927	0.0143016780599613	0.0319880015132102	0.0101453423161398	0.0477786740720874	0.0285678071468466	0.0073795468708726	0.0409388622325478	0.0116308853818066	0.0388366576622833	0.00854242512029643	0.0180691900954704	0.01579090443468	0.0256626150486144	0.00930420043784184	0.0289510270919312	0.0260051359714131	0.0550281443078109	0.0696727573269545	0.069907758573089	0.0120393497577746	0.0666906056982098	0.0315560826636625	0.00897887704607024	0.0174511780379095	0.0112087739357546	0.00660465887601892	0.0161842364545046	0.0140318467488719	0.0337455852916746	0.033995398423738	0.030733993728504	0.00915054153801516	0.0234947737560353	0.0118068520995704	0.0086421561580283	0.0251090334201551	0.0493032673016341	0.0495906176440644	0.0681305951391808	0.025379512374374	0.0128077690223834	0	0.0188153020030998	0.0102550864250239	0.0291884778857683	0.0204938128802248	0.0168115449528389	0.0123306203114969	0.0224533574702689	0.0438221801411022	0.0622431004815029	0.0204551081464748	0.0290034153978481	0.0234994629793095	0.0101564397830798	0.0245568810990362
GCDF271	0.0556193644726517	0.060753704735426	0.0574906209126265	0.0551617434530547	0.0325917455490039	0.0567617455892491	0.0476773951691811	0.0110553200427217	0.0230005445485615	0.0568484954836995	0.0575661296118992	0.0115632284273901	0.0178087068077252	0.0186501138918854	0.0568729163420321	0.00976159282480225	0.0169627393426543	0.0389248981996618	0.058599270616818	0.0410675169956504	0.0439349035497266	0.0266808544784182	0.017549650578976	0.0566609391585143	0.0571965232039943	0.0608180820791408	0.0249652791900015	0.050590673480371	0.0330752500925552	0.0560888429031228	0.0572434691618187	0.00823008536709228	0.0567492641358062	0.00980765782202585	0.0574589519187658	0.0570009235631336	0.0492089660556027	0.0567154638619736	0.0576164513976887	0.0561838327257922	0.0159784033294824	0.0568912616281798	0.0543965742067255	0.0543508356192497	0.0569396506280008	0.0255388707637486	0.0105446632681038	0.0729575788207126	0.0631437040489129	0.0563438896353197	0.0491753989322619	0.0887498546278838	0.0543579756461009	0.0568085981137825	0.0553786887815504	0.0516760194993982	0.0576511178203303	0.055912334095649	0.0109155102717605	0.0569572496519546	0.125665568266854	0.0571608066634096	0.00768385601530999	0.0555303467795102	0.0524162449168436	0.0318540161325022	0.0142423397540397	0.0242401911416138	0.0657864921171256	0.0111290305074436	0.0224042727489664	0.023017701669361	0.0104733129064882	0.0208939727950804	0.0133850470425166	0.00584142652135625	0.00632192191169268	0.00894430691448059	0.0252186639347311	0.046895872161846	0.00938732952180535	0.0730439172775456	0.087582782813997	0.0877641288168503	0.0266690214230406	0.084666797759557	0.0136890762459179	0.0160616066958285	0.00762560691877334	0.0287442173564223	0.015654923050956	0.0127217342296258	0.03014880382089	0.0487174678480986	0.0160667411412696	0.0129589123711357	0.0248070489521129	0.00763950581107326	0.0277102945861642	0.0126287570385488	0.00846781072764178	0.0672396255487746	0.0675692183501793	0.086151113790093	0.0430159169352717	0.0306660250356101	0.0188153020030998	0	0.0276111054111912	0.0118681543537256	0.0381802628663453	0.0346411729062145	0.00906920633537488	0.00665228183186058	0.0257943338253582	0.0802573639184538	0.00654615832591486	0.0469947605008128	0.0413770473214111	0.0132340375672687	0.00767988918320925
GCDF272	0.0286939880443793	0.0338523570222385	0.0845770403140723	0.0822416028440601	0.00808742945082486	0.0838379649200825	0.0208675031164529	0.0190649359355295	0.0211051302877339	0.0839150736879821	0.0846298870564711	0.0184961007743359	0.0448060330154017	0.0455184346723436	0.0838170055337627	0.0355505256001094	0.0117234012230789	0.0306501148851833	0.0315403052972573	0.0153527890868259	0.0210043581466031	0.0537557895436431	0.018458623674256	0.0836544420683023	0.0841139847732554	0.0337590918302385	0.00830562365584715	0.0604806070150149	0.00781270162898558	0.083158341095303	0.083994372700802	0.0337227629779866	0.0838051678405868	0.0198991061705682	0.0845068665315406	0.0838879365662132	0.0762450741698043	0.0835749229999504	0.0846429951865264	0.0832252555874863	0.0126904846413644	0.0839065642218397	0.0813412201976535	0.0272542319538053	0.0838345959030016	0.0525902319661897	0.0216440043054672	0.0458377680242664	0.0360739959610833	0.0833841754180012	0.0762464891780506	0.0617078265758476	0.0813635065399035	0.0838687334096793	0.0824295220652012	0.0787527920170264	0.084441638128324	0.0828938130477462	0.037103548984636	0.0839782255617055	0.129713932597878	0.0839914961746245	0.0283106358420819	0.028550065884536	0.0794399248229133	0.00793035288407195	0.0408045138147744	0.0116076079700518	0.0386527847461026	0.0374890110558934	0.00784893539402578	0.0497578875434519	0.0198976513976702	0.0477544067408701	0.0159530961918974	0.0266526922150844	0.0246264283084358	0.0344099069409298	0.00711109896714921	0.0198614188267689	0.0348104738413987	0.0458986632375404	0.0606633126359395	0.0607627216688912	0.0123676417978725	0.0575450199345748	0.0403544366021048	0.0154372502748638	0.0262599435512616	0.00655186906293569	0.0135413179987797	0.0242659078929761	0.0113116532630014	0.0315631313456429	0.0428589712075814	0.0395091938400509	0.00750459283249302	0.0323268273337321	0.00907427640255503	0.0159255261103754	0.0339050926456247	0.0402280120461276	0.0405050407003875	0.0590793021926374	0.0165472269067635	0.00685121726851459	0.0102550864250239	0.0276111054111912	0	0.0380135832373241	0.0118016946356452	0.00921485830813345	0.0208645529428854	0.0312686246641056	0.0525963704920176	0.0531491216911812	0.0292178479898157	0.019870447742781	0.0145619875972507	0.0175950808046066	0.0332898467854418
GCDF273	0.0663248343825942	0.0715600421482867	0.0476210652803532	0.0452757385192495	0.0434062440286983	0.0468907048455392	0.0586679371619465	0.021438267430046	0.0337320855169585	0.0470328369375431	0.047686681715828	0.0207081186782682	0.00883071372671185	0.0083408536068446	0.0467984831769659	0.00622677726487657	0.0270013593400669	0.0498579303649339	0.0689370254374514	0.0520637469234491	0.05499966115211	0.016817522606803	0.0282768646462096	0.046584240301992	0.0467008481724094	0.071233460322173	0.0359034842501084	0.0496950774933353	0.0436833062858293	0.046206835807875	0.0461920999141053	0.00876984876025506	0.0468042646393631	0.0200632835333847	0.0476058576293666	0.0466244204553089	0.0394408397301279	0.0461421488511442	0.0477959339817365	0.0462376699980461	0.0264897887604405	0.0468136860490447	0.0441166860512411	0.0643047301305665	0.0465946864675392	0.0156791661254535	0.020412161231342	0.0829027422299289	0.0733364577019456	0.0463654963356076	0.0392877916156343	0.099237428771125	0.0446022413671017	0.046655340929224	0.0454745276106728	0.0418000107988565	0.046602209032786	0.0458034001892865	0.005216021773951	0.047138400940281	0.125521091574972	0.0466151097507188	0.0115334273485298	0.0659005921522174	0.0426114621487531	0.042725701562383	0.00551170989285421	0.0351183254347004	0.0759604469393239	0.00542606402781199	0.0327279864612854	0.0119657498593865	0.0195707473997967	0.0107463633128903	0.0235486968486297	0.0121351398899211	0.0137785640756854	0.0074033825199656	0.0359145150228281	0.0570061977087247	0.00643556855673046	0.0829066412165912	0.098485737135916	0.0982226063356255	0.0376489004778742	0.0948264647011805	0.00538990778832066	0.02697475601665	0.0136263943430168	0.0390481387236805	0.0262919123369184	0.0218000431836705	0.0411994883019214	0.0587872891790337	0.00622027475537375	0.00527638872536229	0.0353987855516901	0.00782842904851405	0.0376963579293453	0.0227648438086188	0.00607306271676219	0.0773427506363151	0.0775374822092779	0.0963017669591037	0.0539631926727415	0.0406318622443712	0.0291884778857683	0.0118681543537256	0.0380135832373241	0	0.0490544484269739	0.0450952796246668	0.0174634201814317	0.00794920609732431	0.0150373308728872	0.0902501609590318	0.00941366860478401	0.0570457949105537	0.0516086623561804	0.0235852753517754	0.00751411910004199
GCDF274	0.0184314307166414	0.0233502034803457	0.094329668942726	0.0920081589408595	0.0101426041654471	0.0936125431096915	0.0106859795744484	0.0291472987243623	0.0302262192385064	0.0936619317290759	0.0946313298561356	0.0292919764031816	0.054950764459191	0.0563458948574885	0.0942120897498998	0.0464361553842371	0.0221832097705567	0.0350251345885823	0.0216413208970217	0.0116317528205914	0.019648247332585	0.0636316233813161	0.0279313191733878	0.094106356077122	0.0948363291946324	0.0238308731014981	0.0157079050961807	0.068790975581817	0.00742300747566847	0.093042325868149	0.0950352654162079	0.0438637243151063	0.093876588299419	0.0302166122228208	0.0944851812238645	0.094501834701408	0.0860426708905384	0.094375147361948	0.0945044983216006	0.0932485208366856	0.0228437935754732	0.0940610063497466	0.0918840172164368	0.0177940777455917	0.0944375486084909	0.0626251293026438	0.0314089834991128	0.0361506057188216	0.0261934310988043	0.0935377997129855	0.0860604197539464	0.0517284765162251	0.0912339597037344	0.0942439576893142	0.092329916177374	0.088497162768335	0.0954967979529891	0.0931671127074897	0.0480925272209476	0.0938139873171094	0.129974113419803	0.0948086923571548	0.0391118929655564	0.0187591631623982	0.0892806475361188	0.00873951519065715	0.0518449461369803	0.0197976319156963	0.028897801616389	0.0481442232249361	0.0169504901671763	0.0608346386238782	0.030842758188344	0.058393407801185	0.026487119773384	0.0374024360054972	0.0356364843783656	0.0448131992698017	0.0139778189160014	0.0109639208542766	0.0455780228731608	0.036253799439756	0.0500792568229666	0.0507659712486496	0.019771055896964	0.0477977069565142	0.051216482363566	0.0249462524344298	0.0372806222770702	0.0108109435073636	0.0239343794834132	0.0339746447562268	0.0165465007385596	0.0318432579927071	0.0538106045939706	0.0504645985560586	0.0145268914527307	0.0433503229246296	0.0152302491196403	0.0264838377032617	0.0449274027099212	0.0304975248073613	0.0307960915144044	0.04925255123714	0.00853396576095485	0.00980511730692039	0.0204938128802248	0.0381802628663453	0.0118016946356452	0.0490544484269739	0	0.00786134536434529	0.0318184622158908	0.042154911115314	0.0635232592396664	0.043434358926283	0.0402747865088961	0.0109895395427811	0.00751600169219227	0.0277812262771256	0.0434271944404551
GCDF275	0.0226670073561671	0.0278363667259162	0.0915253352035176	0.0891459319326613	0.00886047237101152	0.0907834407055017	0.0151535759614122	0.0260601408233998	0.0272198497797504	0.0909427553415298	0.091495332543296	0.0254745132788414	0.0517988886420775	0.0525026897890399	0.0909397807536703	0.0425356650405159	0.0182804563788302	0.0336113226308365	0.0255762619163954	0.0130437828619221	0.0202021233530508	0.0607541337458774	0.0251341708606542	0.0906744701693756	0.0910951653213212	0.0277777611738955	0.0128340336395371	0.0654478271802266	0.00683041490059384	0.0901541723446413	0.0910789320866267	0.0406927086149502	0.0908433810779543	0.026854953248844	0.091164212184723	0.0909811923600206	0.0833247297942036	0.0903939525737907	0.0917993237574895	0.0902767954300148	0.0194002211098606	0.0908473055019523	0.0883260558199401	0.0213602526266113	0.0908708549810178	0.0596184456212954	0.0284918731718202	0.0398701964266071	0.030125335225779	0.0904221172736149	0.0832912324353902	0.0557526196870539	0.0883286809830955	0.0907954313237258	0.0894795401078282	0.0857919894083582	0.0915545502094307	0.0899349337424895	0.044227385291397	0.0910845994949341	0.130731459970426	0.0910217712322871	0.0353391256484419	0.0226057937669784	0.0863288762894544	0.00724417235610555	0.0478641183839904	0.0164450143859016	0.0325193606373487	0.0444716047119312	0.0134840401435139	0.0568528629162095	0.026782333107684	0.0548643031430365	0.0226928207345984	0.0337135605325904	0.0316768444961671	0.0413409391737948	0.0110142771207558	0.014308115978951	0.0418664160175155	0.0399572614843797	0.0540276900912174	0.0547472705142667	0.0172558528173602	0.05161586298485	0.0474345342002132	0.0221260444218801	0.0333177238476999	0.00803980777952044	0.0204397807970191	0.0312400846883203	0.0146306341965542	0.0320771127149011	0.0498455916013983	0.0465807285950039	0.0117349936432826	0.0394120991531045	0.0118918033467248	0.0227992297573523	0.0410040206454619	0.0342584895064132	0.0344771682237736	0.0530884490545952	0.0113510474882493	0.00726111734996202	0.0168115449528389	0.0346411729062145	0.00921485830813345	0.0450952796246668	0.00786134536434529	0	0.02793800576844	0.0383377528815257	0.0596753175210471	0.0471826599101828	0.036323803467582	0.01411709773961	0.00918396032236592	0.0244127068706233	0.0403045460468892
GCDF277	0.0490925353058059	0.0543336193594668	0.0646605853631039	0.0623259744559876	0.0261710758198692	0.063955704860314	0.0414237945782717	0.00743164811571448	0.018313939043443	0.0640140637905911	0.0647094998922613	0.0065173904259802	0.0248961160335727	0.0251297947922439	0.0638378252359954	0.0153374124666431	0.0103130082263508	0.0339231355435619	0.0517589326646894	0.0348143188489808	0.037800862801948	0.0338342945006761	0.0124901165630706	0.0636312051704436	0.0638312727513939	0.054037946003555	0.0186733609310003	0.053095735534273	0.0264797011540845	0.0632048728264341	0.0634165247055617	0.0141253055148579	0.0638360313393853	0.0064359643858754	0.064685329079929	0.063733180175827	0.0564282007440172	0.0633077631243552	0.0648709538985382	0.0633017507315886	0.00957934093788605	0.0638890697649031	0.0611867057253616	0.0472451004604197	0.0637026441970257	0.0326477986374738	0.00677074874619568	0.0658330287445675	0.0561830955698635	0.0634389675852626	0.0563156163000097	0.0820478405615296	0.0616037940437143	0.0637566351303549	0.0625400827313312	0.0588640374592458	0.0638584208608878	0.0628896375948733	0.0167954197468594	0.0641294723433076	0.127559250051325	0.0637120092381733	0.00881742460258079	0.0487367426882489	0.0596303925896534	0.0254946226874987	0.0202341643867619	0.0179753698681415	0.0587555758956105	0.0173035176868334	0.0155513952827232	0.0291306665167212	0.00660888576289789	0.0276364181943313	0.00755899406809623	0.00770701004416832	0.00656691145779791	0.0148584325938965	0.0187596281416564	0.0398454677238308	0.0149971057479787	0.0658497107074116	0.0812279251639289	0.0809833685858081	0.0204554945136411	0.077634275110081	0.0200936235722644	0.0113315545822108	0.00768667438674267	0.0219195416441771	0.00962530038639376	0.0106738184465829	0.0240218372394641	0.0419021427179828	0.0223574152573793	0.0191131377818458	0.018268897153456	0.0120524916176995	0.0206875525969974	0.00721537888242929	0.013582583532123	0.0602379651608491	0.0604685866697268	0.0791432826657488	0.0366860872905965	0.0235637504833214	0.0123306203114969	0.00906920633537488	0.0208645529428854	0.0174634201814317	0.0318184622158908	0.02793800576844	0	0.0112515585313285	0.0322130405710954	0.0731330761177973	0.0091561971151745	0.0399438195457362	0.0344725193248855	0.00861185327209909	0.0133746760083607
GCDF278	0.0594126088450653	0.0646355047897257	0.054105280098891	0.0517695595820745	0.0364794906209966	0.0533721480857242	0.0516943245599366	0.0146050691731613	0.0268088418971559	0.0534534735812081	0.0541724843358753	0.0141217416524093	0.0143572861996639	0.0148691793508602	0.0533740552085819	0.0070803577134461	0.0204595087397129	0.0429685543846301	0.0621848557182033	0.0450933312225823	0.0479381340320664	0.0232576792871561	0.0213839550022826	0.0531209481861254	0.0533717584730399	0.0644735933253259	0.0289954935868431	0.0502923897119484	0.0368379965386908	0.0526841431856155	0.0531809460183587	0.0070665624307826	0.0533108225449769	0.0133152819883003	0.0541024647954136	0.0532813508326959	0.0458144544802531	0.0528520600061224	0.0542880937156051	0.0527220157285531	0.0195880139980352	0.0533289726108614	0.050706070932475	0.0577807559283695	0.0532270438141293	0.0220670073876402	0.0135028690730005	0.0763543163134594	0.0666515724827545	0.052905475589061	0.0457721580986423	0.0924338176846504	0.0510160621218007	0.0532342727211389	0.0519572035456547	0.0482807593288446	0.0535769132953702	0.05235158847739	0.00780443908209263	0.0535677137850511	0.125802826700789	0.0533024028244645	0.0068634777962503	0.0591545651356379	0.0490692519780361	0.0358053412137911	0.0101618222184385	0.0282093504481394	0.0692808304094907	0.00798089285569284	0.0260296362837908	0.0189236857965965	0.0131713027802456	0.0171446674033021	0.0170018971683646	0.00706855481669231	0.00842508953829023	0.00686247900335325	0.0290490956600718	0.0503456663678993	0.00667803072443495	0.0764084195323063	0.0915388884869489	0.0914296023171357	0.0306971310684928	0.0881745942463778	0.00982840158600323	0.0200692895244845	0.00884278805578372	0.0323271547829864	0.0194486740299247	0.0152945164073673	0.0342442440151265	0.0521323266392103	0.0122400426436357	0.00941053039107397	0.0285903149275015	0.00605244889580221	0.0311367110057612	0.01614090447982	0.00650669758283354	0.0707219199776047	0.0710274220792332	0.0896586293373445	0.0470006569580297	0.0341233985329216	0.0224533574702689	0.00665228183186058	0.0312686246641056	0.00794920609732431	0.042154911115314	0.0383377528815257	0.0112515585313285	0	0.0218860887442574	0.0836573550195405	0.00537696079504024	0.0504571792453226	0.0449603667501548	0.0167316708789028	0.00585724000649696
GCDF279	0.0807971051245025	0.0860403623394292	0.0327348144856667	0.0303697281827529	0.0579158260364725	0.0320171162749481	0.0731260683575664	0.0359091459575928	0.048187432490816	0.0322407843037085	0.032868001873445	0.0353713827489903	0.010321730814258	0.0080037715909871	0.0319474023399931	0.0182012932920697	0.041747539181902	0.0643195006055663	0.0835282938799473	0.0665218774041142	0.0694577973524127	0.00552041497965804	0.0427253960133201	0.0317766881839495	0.0319506192034242	0.0858448501488175	0.050359389396629	0.0543974224816669	0.0582182681695981	0.0313567594070025	0.0316965642451036	0.0212057587653022	0.031955266296111	0.0345160515245163	0.0326952539723028	0.0318750079457808	0.0246693828905171	0.0314539706503803	0.0329298574402176	0.0313834044517893	0.0409859173526668	0.0319738180536513	0.0293322216267839	0.0791456322703097	0.0318299939272681	0.00533234458792992	0.0347623738149802	0.0976992667172894	0.087961010409124	0.0315052109083744	0.0244213665713264	0.113812061346541	0.0298276350203187	0.0318553794664566	0.0306123502627768	0.0269673269317307	0.0321439319111482	0.0309342078563541	0.0158862564736281	0.0323097537074125	0.123106291197767	0.0318102234541768	0.0259325471847798	0.0804860360092587	0.0277985370144097	0.0571945139931308	0.0126450929621404	0.0496362810107795	0.0906182843627352	0.01602662195254	0.0473777920459256	0.00539625124120085	0.0342778782125073	0.00690165820479807	0.0382331299096948	0.0263656698581245	0.0284958319042367	0.0201877571755286	0.0504224215718833	0.0716992229449026	0.0183760216459632	0.0977309024845711	0.112970510591762	0.112790760969875	0.0521057800888413	0.109491756317591	0.0126030578682519	0.0414280176840045	0.0283008330040658	0.0536843268482974	0.0408119322412243	0.0362401377372067	0.0556570661414151	0.0735749711442475	0.0103316728920544	0.0136997655899537	0.0499495091387118	0.0215741176478038	0.0524349932492983	0.037350494226422	0.0191674720721714	0.0920969606800513	0.0923598917445751	0.111030905084176	0.0684576003313667	0.0553855205500367	0.0438221801411022	0.0257943338253582	0.0525963704920176	0.0150373308728872	0.0635232592396664	0.0596753175210471	0.0322130405710954	0.0218860887442574	0	0.105024496563757	0.0239538267405346	0.0717424653997325	0.0662674593428771	0.0380816909700933	0.0208867314186963
GCDF280	0.026533755172759	0.0216866315888109	0.137486609846655	0.135151439318151	0.0510256248291093	0.136753885432927	0.0362659107254009	0.0718834951444708	0.0732208822637495	0.136819486214657	0.137547776705087	0.070887666571923	0.097677426582033	0.0978866890825407	0.136671739545735	0.0880448002405841	0.0635397767629286	0.0766376344618773	0.0220781678823058	0.050374092741145	0.0571798948251238	0.106624975649997	0.0710920507859702	0.136417520919231	0.136620491743088	0.020544901160956	0.0583487750981191	0.111787446671062	0.0481371158790408	0.136055961326517	0.13626594246939	0.086453469112666	0.136663964450961	0.0727083841432827	0.137484341859818	0.13653563143629	0.129204950398869	0.136058108222605	0.13766996276499	0.136097509451587	0.0649740363311286	0.136699472563435	0.134016853992385	0.0261956412119396	0.13645303068739	0.105444702686686	0.0742906894948747	0.00897004347496826	0.0174678678323298	0.136237284149786	0.129153336238379	0.00990887472848173	0.134390840777243	0.136538481772548	0.135339099876206	0.131662629996285	0.136659648081269	0.135672440131505	0.089482120191208	0.136969235057783	0.141568092685757	0.136509642607034	0.0807089768726416	0.0250420197185994	0.132445001240933	0.0502657570847959	0.0930176326873327	0.0624927796348177	0.0157794783366938	0.0900344579207777	0.0583244959137054	0.101885839092611	0.072203455173006	0.100418228618424	0.0679843331301453	0.0792262283238498	0.0768427230944537	0.0871334800666029	0.0560980956587527	0.0337393193910218	0.0873185223100161	0.00944085681290707	0.0163324244950682	0.0092073127020602	0.0623731986440793	0.00760156683731975	0.0927598357501656	0.0679841046833029	0.0784596845959172	0.0520491155635829	0.0661188062619079	0.0771498911158003	0.059161150357639	0.0643272388613585	0.0950756324361069	0.0919004992553682	0.0562915622510693	0.0845304954082075	0.0564251253099153	0.0682478817273872	0.086226753438964	0.0138774565027114	0.0143329579808815	0.00829814467520331	0.0394038260735647	0.049896173442554	0.0622431004815029	0.0802573639184538	0.0531491216911812	0.0902501609590318	0.043434358926283	0.0471826599101828	0.0731330761177973	0.0836573550195405	0.105024496563757	0	0.0814422093557589	0.0337296560914679	0.039489022879438	0.0702725631570575	0.0861145810346411
GCDF281	0.0575501619640625	0.0627773851532527	0.0565500334657804	0.0542087491714593	0.0346426685161964	0.0558173152232411	0.0498932683558175	0.0126879792448811	0.0249895615070456	0.0559291208181718	0.0566175877671651	0.0122162714786357	0.016829833717584	0.0168841836428401	0.0557281531468786	0.00775918984054258	0.0182445851187551	0.0410845076872243	0.0601346223342298	0.0432890748435801	0.0462252531915602	0.0257059472020377	0.0195642146705226	0.0555043004528441	0.0556538275847531	0.0624617542883362	0.027141269936104	0.0514610014253795	0.0348986546800594	0.0551246763630347	0.0551133455727438	0.00748029018686426	0.0557254542681304	0.011676142989385	0.0565412363244428	0.0555778378714817	0.0483326658305496	0.0550505232555096	0.0567288128941348	0.0551635934547944	0.0177091520886417	0.0557396025820212	0.0530527944892946	0.0555315933218508	0.0555100869951826	0.024525416337631	0.0118047173341943	0.0741225283856344	0.0645784335304992	0.0552905798710958	0.0482164929912548	0.0904794046373078	0.0534954627957007	0.055577086642234	0.0544009793436889	0.0507257925816859	0.0554980105447649	0.0547257359657023	0.00906303458531961	0.0560531873970923	0.126793785904995	0.0555168923856032	0.00581415021272301	0.0571203787218441	0.0515316760524957	0.0339246977572188	0.0119202198846397	0.0263461911524035	0.0671493074282853	0.00966142628205507	0.0239467534114315	0.0207533758731013	0.0109442989424229	0.0194931418136364	0.0148177041561634	0.00585807018649924	0.00653344976675763	0.00775281721820133	0.0271591402195168	0.0482309972397005	0.00782112829237847	0.074115332140766	0.0897064966083777	0.0894439738206189	0.0288792410583207	0.0860159570219541	0.0118830192274405	0.0182117751347973	0.00682593296949912	0.0302894150631295	0.0175120608476602	0.013844850270849	0.0324270431178086	0.0498619480717062	0.0141293195316173	0.0109588216531333	0.0266339686567509	0.00605648414424686	0.0287940306494934	0.013983029913336	0.006278463880087	0.0685751549146994	0.0687471308717222	0.0875719138468155	0.045191514860801	0.0318526392520377	0.0204551081464748	0.00654615832591486	0.0292178479898157	0.00941366860478401	0.0402747865088961	0.036323803467582	0.0091561971151745	0.00537696079504024	0.0239538267405346	0.0814422093557589	0	0.0482379814440554	0.0427616676974176	0.0149107847946009	0.00709426766990524
GCDF282	0.0110298741839337	0.0151023350131576	0.10412489359427	0.101776074881505	0.0180118166126612	0.103395759532548	0.00789283559366007	0.038601361102227	0.0398529315875335	0.103532460678105	0.104195835162895	0.0376617388254163	0.0643756272591124	0.0646778769189059	0.103413906211805	0.0548184622417797	0.0303263715891676	0.043607462253986	0.0126311716293173	0.017639180466608	0.0258971178678401	0.073337396324584	0.0377928323930863	0.103146582390323	0.1033415717609	0.0149226890938037	0.0250708312337108	0.0784645387620637	0.0149860915779654	0.102768377824263	0.103037802333182	0.0531791630342151	0.103377135489324	0.0393617777059777	0.104161547139438	0.103281334494099	0.0959173653914471	0.102777586064555	0.104382383401948	0.102809927529759	0.0317293309013952	0.103379664246482	0.100758309842962	0.00956232864803616	0.103198733669941	0.0721517158954433	0.0411109456773659	0.0264183050068566	0.0168148574020685	0.1029441550073	0.0958657521340582	0.0425932115188452	0.100996683191771	0.103278637684957	0.102051517803862	0.0983750460424809	0.103444184317733	0.102395953177804	0.056256818876724	0.103691872021165	0.133050602945414	0.10327753492377	0.0474896297385596	0.0102348570203917	0.099083586925208	0.0171459551219772	0.0597913711886815	0.029235942251604	0.0193502913097465	0.0567984651736539	0.0251201513938305	0.0687042193656618	0.0389391404548378	0.0671707783082519	0.0347738894116547	0.0459339560357609	0.043647100866744	0.0538399754600091	0.0228535144571027	0.00632014000145107	0.0540925255703806	0.0264481185944845	0.0417232788120857	0.0416033709553456	0.0291417772044437	0.0382233144658985	0.0594878239237299	0.0347100225832276	0.0452044353340611	0.0188326295371158	0.0328535009175539	0.0438746661512238	0.0258922244732579	0.0349969242445447	0.0618753032476613	0.0586427487056665	0.0230375427324701	0.0513334855286762	0.0232278462405307	0.0350209600056964	0.0530382039947341	0.021050725829543	0.0210605100869681	0.0397442378517654	0.00882362016427302	0.0167182066614241	0.0290034153978481	0.0469947605008128	0.019870447742781	0.0570457949105537	0.0109895395427811	0.01411709773961	0.0399438195457362	0.0504571792453226	0.0717424653997325	0.0337296560914679	0.0482379814440554	0	0.00837806101966028	0.0369588041847402	0.0528519903544826
GCDF284	0.0153292398535261	0.02033048883231	0.098429998288853	0.0960948368666148	0.0126021475392403	0.097697415812449	0.00932858793789314	0.0329063401152991	0.034220697621655	0.0977676139034406	0.0985213472987666	0.0321120372361908	0.0586592811300899	0.0590987113690135	0.0976720224275733	0.0492393814704635	0.0249384131771748	0.0386729884629298	0.0180427191762555	0.0138952581381256	0.0222674641062063	0.0675816973953536	0.0320507565400366	0.0974452425584649	0.0977525011909128	0.0203332140514947	0.0193382489984159	0.0728184967631041	0.0102814648093449	0.0970044242161693	0.0976135885775691	0.0474811099808324	0.0976373532203713	0.0336763058045898	0.0984332821134365	0.097645450421054	0.0901522404617733	0.0972579880946814	0.0986133626464641	0.0970630952806184	0.0261379456937765	0.0976706055378673	0.0950814630046035	0.0140692476615912	0.0976238714324103	0.0664127998129286	0.0354576562578329	0.0321866784037815	0.0224341475687018	0.0972260321029509	0.0900967320559001	0.0482100139588419	0.0953350703072066	0.0975872800506727	0.0962824830503175	0.0926060262653563	0.0980523855547712	0.0966990426784814	0.0508281549796312	0.0979231294206899	0.131957714455296	0.0976749347014861	0.0416071580892259	0.015227015598235	0.0933886773959555	0.0115251732399838	0.0543099414895881	0.0236723622815175	0.0251678360221588	0.0511921814294777	0.0196902387577927	0.0633608388780343	0.03352218902096	0.0615161091390282	0.0293039936158392	0.0403845178508999	0.038233709436926	0.0481762637318385	0.0172584130983762	0.00829839394039785	0.0485060543875502	0.03227891934791	0.0472884945044614	0.0471798046256858	0.0234487471782198	0.0439723781639277	0.0540529570419981	0.0289654827893081	0.0395418369785102	0.013815708305555	0.0271911861544306	0.0381675942452869	0.0204241976584073	0.0326179263153763	0.0564537560473187	0.0529427157733778	0.0174958052282984	0.0456267045152308	0.0175200361438622	0.029429305975109	0.0475892652616356	0.0266033770478886	0.0268853091013928	0.045491009800121	0.00835137935755116	0.0118008412754709	0.0234994629793095	0.0413770473214111	0.0145619875972507	0.0516086623561804	0.00751600169219227	0.00918396032236592	0.0344725193248855	0.0449603667501548	0.0662674593428771	0.039489022879438	0.0427616676974176	0.00837806101966028	0	0.0313823907024632	0.0471050579364252
GCDF285	0.0451263210576291	0.0502979524358354	0.0686735884860308	0.0661055761380027	0.0217922091074852	0.0679504312951155	0.0368695322687578	0.00759203604427213	0.0149970608481178	0.0682200103847667	0.0689506170650323	0.0082887567208158	0.0294721584974064	0.030892593522716	0.0687941714669719	0.0208923853933811	0.00870869755086423	0.0302279103885997	0.0485382647526385	0.0302135281151894	0.0329519070289803	0.0383045072996556	0.0103378244840324	0.0687245413886778	0.0692923346327411	0.0506634484938901	0.0145954776818704	0.0521993985155014	0.0229006047464079	0.0674390556535335	0.0695654519203335	0.018549154609009	0.068473616934786	0.00758651285808571	0.0688426257158169	0.0691183986462126	0.060655190374213	0.0687535251631881	0.0690984724070689	0.0679820677020935	0.00779838156545384	0.0686322517994076	0.0663256447649363	0.0444070474254061	0.069062612010072	0.0373466680710665	0.00876152425924448	0.0629847206250586	0.0530437781955257	0.0682118288570582	0.060575893468628	0.0785563009405377	0.0653398483991623	0.0688724809072234	0.0670184159293921	0.0631151508276511	0.0700269082203658	0.0677797187759419	0.0226465226668451	0.0681428769321153	0.126163245526829	0.0693772922486368	0.0138413588436452	0.0455307773116863	0.06358061949111	0.0214638455084177	0.0263502806368651	0.014117891650948	0.0555808833903737	0.0227113698298732	0.0129124562072596	0.0353703178615883	0.00846586146184968	0.0329586357405089	0.00785585880782831	0.0126773777601281	0.0110941569984072	0.0195773953802394	0.0152144958406235	0.0368723543454902	0.0201503404420848	0.0630656245230424	0.0761932321645395	0.0774911640569417	0.0159329904944194	0.0746681416275525	0.0257967409649582	0.008765278511088	0.0126227957568122	0.0186859402956084	0.00814251961054826	0.0110604941487463	0.0192182485080051	0.0387741354566933	0.0283556845170831	0.0250345475388446	0.0147368490479586	0.0179208564440334	0.0180254730659377	0.00716041097702045	0.0194858347249189	0.0572598985198772	0.0575804763445348	0.0760287440786458	0.0323789241262759	0.0207398674977623	0.0101564397830798	0.0132340375672687	0.0175950808046066	0.0235852753517754	0.0277812262771256	0.0244127068706233	0.00861185327209909	0.0167316708789028	0.0380816909700933	0.0702725631570575	0.0149107847946009	0.0369588041847402	0.0313823907024632	0	0.0180679875675288
GCDF286	0.0609936250956974	0.0660219310284263	0.0514841477828796	0.049146637997844	0.0378665452390307	0.0508702184741545	0.0524378683831957	0.0158241912863697	0.0275928217334428	0.0508514212237464	0.0519284106264211	0.0162695748308165	0.0123233997987376	0.0137210549490357	0.051527209467057	0.006732186351931	0.0228070191371095	0.0437010018474827	0.0643004908630944	0.0458097799558832	0.0487465178876212	0.0209302708431326	0.0220546261454471	0.0514282137155533	0.0521736683869603	0.0664670944138609	0.0298749913527357	0.0481730650621231	0.0385592348045773	0.0501327951899683	0.0523861809210344	0.00573387026264699	0.0511275667584304	0.0145550324191161	0.0516810782554776	0.0518975633789193	0.043296981753424	0.0517162336318782	0.0517118964532409	0.0506204359534413	0.0213528006441063	0.0513379416155695	0.0491115797800247	0.0602443274298702	0.0517949696743127	0.019902147399732	0.0141833928799388	0.0788311749094665	0.0688799912429819	0.0508012016388503	0.0432058073429748	0.0943777420454555	0.048462924030092	0.0515932894942134	0.049534549993096	0.0457065109953736	0.0528590916985213	0.0505040932559606	0.0071163888141099	0.0508947766790486	0.123654003621954	0.0521494383839044	0.00824941786692826	0.0613465209801992	0.0464661792296954	0.0371287163121231	0.00955255906041147	0.0295168997324777	0.0715515735850792	0.00686704072127627	0.028132502554041	0.0182307410392572	0.0155522694594857	0.0158364012310601	0.0192078053763117	0.00800261363702252	0.0100931323467368	0.00638503516551502	0.0307277649866812	0.0527267675056602	0.00598085115045177	0.078923832888555	0.0926025302873717	0.0933626857821387	0.0312627544391411	0.0904751170163203	0.00901213714693005	0.0208283107600768	0.0102401797582085	0.0345046047610466	0.0210383054753295	0.0156460786579327	0.0349506713600472	0.0542177271210786	0.0114873753439616	0.00848800629128072	0.0303884250196544	0.00615831975227767	0.0335493984848562	0.0181372734774469	0.00605609912937977	0.0731365570441039	0.0735013213272047	0.0918973396823864	0.0480996371256282	0.0365222543289866	0.0245568810990362	0.00767988918320925	0.0332898467854418	0.00751411910004199	0.0434271944404551	0.0403045460468892	0.0133746760083607	0.00585724000649696	0.0208867314186963	0.0861145810346411	0.00709426766990524	0.0528519903544826	0.0471050579364252	0.0180679875675288	0
