	GA1	GA15	GA2	GA21	GA22	GA23	GA25	GA30	GA31	GA32	GA34	GA36	GA38	GA43	GA46	GA47	GA50	GA51	GA53	GA57	GA6	GA64	GA66	GA68	GA69	GA70	GA73	GA74	GA75	GA78	GA80	GA84	GA88	GA90	GA91	GA93	GB104	GB105	GB106	GB107	GB108	GB110	GB111	GB112	GB114	GB117	GB120	GB123	GB124	GB129	GB131	GB132	GB133	GB134	GB135	GB136	GB139	GB140	GB141	GB142	GB145	GB148	GB153	GB154	GB156	GB158	GB160	GB161	GB162	GB163	GB166	GB167	GB168	GB170	GB171	GB172	GB173	GB174	GB176	GB177	GB180	GB181	GB182	GB183	GB185	GB188	GB190	GB191	GB192	GB99	GCDF193	GCDF195	GCDF198	GCDF199	GCDF200	GCDF203	GCDF204	GCDF205	GCDF206	GCDF208	GCDF209	GCDF210	GCDF212	GCDF214	GCDF216	GCDF218	GCDF221	GCDF223	GCDF226	GCDF230	GCDF244	GCDF246	GCDF252	GCDF254	GCDF255	GCDF257	GCDF259	GCDF261	GCDF273	GCDF279	GCDF281	GCDF284	GCDF287	GCDF288
GA1	0	0.0326761932987155	0.0428203790251053	0.0468616476752842	0.0762123535528327	0.00932636112268694	0.0436385361609435	0.0637748611319547	0.0226696938031701	0.0611354233038546	0.0322947411826163	0.0522815742426448	0.124788366107628	0.0461958217425178	0.0391296779435843	0.0673512526308045	0.060074798123102	0.0241920814380247	0.0312409978077719	0.0384776836468114	0.0285768203456143	0.0543307711304438	0.057118308213022	0.0609247842521378	0.146335837064367	0.0581688798512473	0.158415638136141	0.0317798998733663	0.0357525503695613	0.0325956213748967	0.050243280414078	0.0661289880447316	0.0551587189312535	0.0403525504763379	0.00832711976148527	0.00997315483953277	0.0121921211560615	0.0211206581725767	0.00819559842453931	0.0112713237794003	0.0243602615000323	0.109697963252212	0.0386731386222322	0.0327925417346485	0.117186979889268	0.0322584773818351	0.0607541375464261	0.0244004140052982	0.0136028642935509	0.00846560627828832	0.027416059737931	0.057797920937189	0.0289860389317677	0.0568938981553521	0.0385212640682555	0.0860673621146366	0.0376801966228569	0.0114006900388484	0.0617233708952412	0.031965007949056	0.035355396060781	0.0289637377824296	0.0276520622499061	0.037924663775196	0.00562228989726252	0.0467971656283345	0.0381437226320908	0.074866629610158	0.0451108774904049	0.0588634127393515	0.0534023570668216	0.0181374743632558	0.0702258652885153	0.0343847490207414	0.0088491862918476	0.0270751087051449	0.033252922733399	0.0399535326193077	0.034865989208673	0.0488976108832191	0.0355996346439828	0.0456793628482506	0.00929965342470266	0.0337684329862546	0.0172808280572145	0.00689360219632473	0.0414292968132279	0.0614897011957987	0.0634284640728223	0.0472619515100513	0.0632013126530431	0.049944132942744	0.0536470761654353	0.0184302299878457	0.0523191195244741	0.00965946499314724	0.128399333568534	0.0284399444406683	0.0601532173277152	0.0473733172573224	0.0575890706268826	0.0525046480499735	0.0194849821861194	0.130209072972789	0.0346469586771546	0.0699768706102564	0.0394130731283715	0.0407160137488384	0.0797462825371762	0.0544462399651306	0.0700452114747028	0.0556604116778783	0.0416426222696148	0.0726226716104782	0.0682514344878269	0.0616102829726055	0.0331599305223937	0.0639305964789607	0.0670052297187574	0.0821362504302853	0.0577355744034955	0.0161328654021326	0.0546156032142615	0.0568492143518395
GA15	0.0326761932987155	0	0.0731968873302744	0.0775496758746378	0.0440257539916219	0.0388339109944575	0.0743764922624887	0.031979649882726	0.0534298299162677	0.091762432997877	0.0150709682134817	0.0200879251527967	0.0925234508032751	0.0766896912545869	0.0190715724696415	0.0977008935779032	0.0287341048395393	0.0545551615080448	0.061679397719075	0.0189196724501072	0.0136276203057155	0.0850757947473815	0.0365890064323791	0.0287227415564385	0.114070932070414	0.0273976890450212	0.126122993426492	0.0620902958090859	0.0162372180458271	0.0630900470370596	0.0199808003286822	0.096667241342742	0.0858736163889519	0.0711500551739726	0.0308614323536555	0.0402773034693015	0.0422906809947406	0.0410764851804936	0.0273556075143543	0.0257074219560382	0.0137310078193556	0.0891327524576524	0.0690996068896669	0.0632542651334796	0.0848943242671514	0.00816550960698438	0.0911814389054221	0.013616800355264	0.0227638571852385	0.0372264220219369	0.0577680455012755	0.0883249397380183	0.0595857339977014	0.0247190226753703	0.0690495345854398	0.116794232692983	0.0683127547228577	0.0413814884883286	0.0924668704168965	0.00973937839899927	0.0656773003965917	0.0592868959888665	0.00981158087961376	0.0682460095620517	0.0339125829438368	0.0753398315247261	0.0684994654824035	0.105499196609463	0.0756650736009834	0.0266259198519166	0.0837242554384049	0.0487901021660578	0.100547771261196	0.0648732149992326	0.0389639830047434	0.0484868176469598	0.0635511077413655	0.0625393867793709	0.0567242199122304	0.0793304575437849	0.0660545371021285	0.0140637885391091	0.0278784199288548	0.05979818041728	0.0198679199686857	0.0359688847692627	0.0719786419185123	0.0918171536741835	0.093933430359219	0.0268698302332801	0.0937981272135118	0.0806891567478276	0.0839800711232002	0.0488129176876762	0.0814820205171903	0.0267344449195221	0.107995010761902	0.0587622670814244	0.0905084032753501	0.0218613821721513	0.0869519595395435	0.0204810672862963	0.0500854036272174	0.109671615139403	0.0651852120880527	0.100210935554721	0.0700900106493271	0.0660026990855583	0.110068195922808	0.0848846350504894	0.1004004020131	0.0845955887978727	0.0707307057549255	0.102977865723648	0.098274577597175	0.0911447561599992	0.0604713371757305	0.0942716415632855	0.0973493229560178	0.11247480284385	0.0879735724643023	0.0460872226253603	0.0850096199699123	0.0875896680535692
GA2	0.0428203790251053	0.0731968873302744	0	0.00763538952933323	0.112271064835967	0.0362783017370737	0.00784673974990393	0.102379680432455	0.0237002536240551	0.0196721168103242	0.0742340809242292	0.0913244484349935	0.16069370086747	0.00682709749900933	0.08088017480843	0.0252701733167274	0.101351182493899	0.0191049254452339	0.0122248550154965	0.080930703818196	0.0708825821151035	0.014570729675317	0.0989222199176297	0.0992618418402142	0.182233369711674	0.100264078288367	0.194252313839065	0.0120986106968955	0.0776805975521454	0.0113997475168846	0.086485201662237	0.024467541798573	0.0139895125710866	0.00808021674788736	0.0466571032925688	0.0349074396107233	0.0318899188717507	0.0359555935731741	0.0485441014170647	0.0533809416146591	0.0619544330796208	0.151377152914953	0.00680937232464938	0.0114795159445041	0.153001712578716	0.0708933994174004	0.0187926370170758	0.0621817538307773	0.0529203255745498	0.0374805677983195	0.0162311571713706	0.0161462966305665	0.0146239533658243	0.0927915754492837	0.0194003163799267	0.0447234919652192	0.00679111787214442	0.0332969836091077	0.0204354063607752	0.0699748892449971	0.00910224108027784	0.0147295340159532	0.0696729946919162	0.00740345386932886	0.0417763591188975	0.00777907450236568	0.0076376337974304	0.0333982374368593	0.00620633318803903	0.0961615304001654	0.011408899092313	0.0270760038942851	0.0280149180743128	0.00991135032440658	0.0351537863413493	0.0268219268852563	0.010848546966868	0.0149965982630172	0.0197176369838417	0.00819724544910996	0.0087876353957314	0.0863737922650997	0.0464680454872473	0.0153189094906504	0.0542756725817618	0.0394807727160779	0.00621399727051447	0.0192923470108648	0.0216475668071647	0.0893694344494078	0.0216433356534878	0.0115383723539046	0.0120518291886482	0.0249542502799269	0.0107290223511312	0.0495265853600671	0.170544772738158	0.0151998311796548	0.0181970433332026	0.0891479274088686	0.0157198391459656	0.0916709431042575	0.0241989758632362	0.172007592037471	0.0092769485346813	0.0277880637652495	0.00746560432228514	0.0115861639596823	0.0375239275245353	0.0128705343925347	0.0280778993372664	0.0137221413626891	0.0372853997831393	0.0305124858601226	0.0262331352145834	0.0194644256626641	0.0144896746655418	0.0218191071074795	0.0248477212106339	0.0401262873877781	0.0156124015644456	0.0276290924391813	0.0128220988242332	0.015554500136976
GA21	0.0468616476752842	0.0775496758746378	0.00763538952933323	0	0.116261482389286	0.0400804020088128	0.00780428468480217	0.105354613050668	0.0268315452931806	0.0148453386006595	0.0787489455983494	0.0960232075115647	0.164801258330393	0.0055150706079939	0.085722384202962	0.0216802406228251	0.105875651568475	0.0238956320146569	0.0166005292140662	0.0842175883325663	0.0747159075631638	0.0109776796566115	0.103722984742637	0.10387540631222	0.186365379679083	0.104248516863645	0.198456272332355	0.0164996894650312	0.0821838510608432	0.0152900080546981	0.0899184013556952	0.0202727018940178	0.0093481296178358	0.00892203666312112	0.0504180012703544	0.0384523732343105	0.0363961101293263	0.040248940557693	0.052938855883449	0.0563795197416436	0.0669083364232622	0.15632997814453	0.00958997972669419	0.0153933931424311	0.15723678138521	0.0748183356240542	0.0150845298741126	0.0671287691879152	0.0569641365848406	0.0423989425780195	0.0211072877294036	0.012116029645749	0.0183792277662592	0.0970860566906255	0.0230998892920336	0.0396674091767783	0.00947465312860041	0.0382542877806106	0.0150076305620711	0.0749059024859558	0.0133854291387693	0.0195927062880888	0.0737894985335644	0.010714526292915	0.045272700319236	0.0067291071878351	0.01098546719489	0.0286263046654487	0.0051223323914173	0.100689276526071	0.00889611700338058	0.0309136415822337	0.0245791272721206	0.0130307136610329	0.0398905039247539	0.0306653299303067	0.0150927875644875	0.0185927997738349	0.0233909875116866	0.00634685193536559	0.0119820654373428	0.0905099673704668	0.0512325358812255	0.0185281749993487	0.0592254355474554	0.042897205799818	0.00719403979401433	0.0158446349810357	0.0175315531657425	0.0935987156599459	0.0170727521416289	0.00865965347849961	0.00880334931872597	0.0297781828358167	0.00863630544497735	0.0543180436949537	0.174859387404991	0.0201400172416911	0.0144750029319013	0.093939555940604	0.011975984834017	0.0959225801205394	0.028201579624279	0.176813358760843	0.0130622785731285	0.0243245675745938	0.0085004314743782	0.0144305885769427	0.034095372063945	0.00908602689947895	0.024321784538151	0.0105916324113919	0.040567949658843	0.0269572243583624	0.022533276682776	0.0159588704906366	0.0185231435432503	0.0182562350963402	0.0213419701809985	0.0364229257284391	0.0122017956202417	0.0321803223717995	0.00922851177341672	0.0104114544116939
GA22	0.0762123535528327	0.0440257539916219	0.112271064835967	0.116261482389286	0	0.0822817434114639	0.113690843260047	0.0334670702654003	0.0955878107084168	0.129255596736465	0.0495157333260233	0.0247072057441027	0.0490963821948478	0.115311909203578	0.0430498675565527	0.134817071710572	0.0187758826556606	0.0961590027718833	0.102374445308339	0.0456520993676451	0.0524830186005795	0.123007038702266	0.0299441767762406	0.0172466204802722	0.0705977735495326	0.0216466988521543	0.0825867481303938	0.102625210553107	0.0462008956819773	0.103619965564723	0.028628038138979	0.133973322432451	0.123830621140172	0.110669765358019	0.0745727800284371	0.0837773281817484	0.0854981253393973	0.0770978036176677	0.0709838769727885	0.0695323864694196	0.0527184867497646	0.0722431112268958	0.108690210815632	0.103769397720544	0.0415703291920098	0.0444090797782245	0.128448420928584	0.0525742580719066	0.0656375249452663	0.0804017344583767	0.098887760229785	0.125869458672976	0.100704859001468	0.0205969371517763	0.109524407170036	0.154301375602231	0.108259252752319	0.0842897867915606	0.130096580042984	0.045065669737982	0.105644625244719	0.100149251746409	0.0500455273296496	0.107846295743278	0.0776980020331614	0.113286937351781	0.108097241532923	0.14300956930777	0.11456856394958	0.0178897872924654	0.121444344069019	0.0915844960495679	0.137502650720905	0.105310921867688	0.0822657458107881	0.0860962864726481	0.103841514223152	0.099579910437266	0.0941320810504634	0.117558328491269	0.106168248587184	0.0310506059251951	0.0711430717222016	0.0982942370453266	0.0606197781409278	0.0797258370151423	0.111316092161819	0.12896192216813	0.131273461712731	0.0361851430262881	0.131255188298346	0.119201131014511	0.121688640177852	0.0911325202746825	0.118981475255104	0.0700964582613622	0.0914983570274681	0.0997029983184554	0.127897525074506	0.0331947754014923	0.124311078527961	0.0243081694581743	0.0924808931621638	0.0929005246872854	0.105432121515876	0.137216546544523	0.109843720841889	0.103450285816433	0.147015812571603	0.122623592765644	0.137555609372529	0.121804433714862	0.109556334036769	0.140002428431704	0.135422462164754	0.128220107142973	0.0994550372765522	0.131413445027188	0.134395921696918	0.14965247460688	0.125316924217975	0.0886931952201959	0.122772081557548	0.125388039031414
GA23	0.00932636112268694	0.0388339109944575	0.0362783017370737	0.0400804020088128	0.0822817434114639	0	0.0367086067080799	0.0693339188065794	0.0159424611230879	0.0543054688834783	0.0395752641965042	0.0583067798629554	0.130847526469616	0.039699961384288	0.0465227543103574	0.0608929775730528	0.0666835865363328	0.0177760811768369	0.0247248698736193	0.0453462560821061	0.035755835962717	0.0475401945713192	0.064507886692129	0.0669664001148759	0.152406090738797	0.064924298851478	0.164491438504421	0.0253157154045472	0.043005735999105	0.026024734902412	0.0560523282096844	0.0595651731421851	0.0482046316293153	0.0335370305775091	0.012203642301205	0.00659147856611232	0.00795678351123845	0.0163105162462652	0.0139996532363714	0.017686507462364	0.0303247125085556	0.117118429881756	0.0321817524411311	0.0262389706654681	0.12327942116694	0.0381233850023662	0.0543172170191702	0.0304622642338426	0.0187742361996436	0.00846147527941738	0.0209720352372964	0.0512511662085249	0.0223588248987616	0.0629562223800505	0.0319250222916404	0.0792705512257537	0.0309771927581592	0.0080045466981546	0.0547372554664058	0.0380044567088286	0.0289014318600447	0.0225302278101821	0.0345072212318579	0.0314867007310944	0.00795476045694691	0.0400704200934581	0.0316808895405495	0.0680802223658321	0.0384508112276142	0.0648255492325383	0.0469425648375593	0.012008241295457	0.0637678657517289	0.0276756034411415	0.00638462553821467	0.0204481454613158	0.026775413738432	0.033286956110687	0.0280762748284773	0.042345441783769	0.0290730339051648	0.0518386325036938	0.0130221071051001	0.026892211862059	0.0224384440560684	0.00681650399517343	0.0348703302631173	0.0550260195753189	0.0567893501032483	0.0545258411403858	0.0564218754268656	0.0430142473090779	0.0471466448948239	0.0123274601781929	0.0456069132331947	0.0153555947007856	0.135708850065265	0.0220209366366775	0.0536728887019133	0.0545262204803	0.050883933563124	0.0584357253680325	0.0131550416523224	0.137635083361105	0.0280339100558047	0.063440380862566	0.0325164292760269	0.0340583425843053	0.0732871706813875	0.0478562147855157	0.0635368692679237	0.0489652631333982	0.0370510724382569	0.0661652299265067	0.061585322022438	0.0549396190303143	0.0264213534937513	0.0574689822440798	0.0605350236850555	0.075632758024666	0.0511920545814615	0.0103207283883798	0.0480302905645033	0.0498844137923284
GA25	0.0436385361609435	0.0743764922624887	0.00784673974990393	0.00780428468480217	0.113690843260047	0.0367086067080799	0	0.100467272178091	0.0224466856305647	0.0210600490258499	0.0754277371246405	0.0928924663951903	0.162176043848799	0.00881182511261843	0.0826324099543119	0.028296619691331	0.102729224571676	0.0208104324828118	0.0137594044867038	0.0801420540294864	0.071297810497609	0.0142459347420795	0.100627462897036	0.100742786069109	0.183831820734824	0.100981023651783	0.195922717602566	0.0135906255766373	0.0789602951268957	0.0124263105152006	0.0871875584125519	0.0268908637867431	0.0140295675297202	0.00732731213322794	0.0464291381038199	0.0347904611868088	0.0332331872460517	0.0377000350919035	0.0498318231166011	0.0518971467108438	0.0638164150895494	0.153240010744393	0.00805762100898933	0.0122624398608965	0.154710694093897	0.0716285105757039	0.0216579881609615	0.0640387965196913	0.0536527743167949	0.0392981356555464	0.0181121633698543	0.0185326030313254	0.0151441832510472	0.0943217903676659	0.0190755379988313	0.0455888243711958	0.00686676310130743	0.0351640369479704	0.019937426642035	0.0718159285383393	0.0109241697513922	0.0165455801873421	0.0706107685285987	0.00884688005199411	0.0418097797141533	0.0094057378533174	0.00934552822280863	0.0349385004603502	0.0066655757213764	0.0975949985511375	0.0145867316692014	0.0265385742026447	0.0312289031166019	0.0101833881062427	0.0367999759436858	0.0280723523235682	0.0124414759838596	0.0166138451019622	0.0208160369045506	0.0107495625823209	0.00927812215928553	0.0873201382581634	0.0481356235239843	0.0157565268913679	0.0561357409966112	0.039474250259574	0.00734246391309143	0.0224869170724744	0.0240630794297716	0.0904199778281077	0.0233516426042023	0.00969912798021628	0.0149042139751743	0.0266683143516532	0.0135060621924096	0.0512165507358132	0.17165846851739	0.0170951851671844	0.0211046509576416	0.0908440317619931	0.0185144564296787	0.0927161061854073	0.0248914637809826	0.173723392715358	0.0102921177543737	0.0308540266082443	0.00610003093930168	0.0130910460103416	0.0407451477202803	0.0152734761323893	0.0309521505101161	0.0167447739384241	0.0372100372356598	0.0336065818790836	0.0291647409004244	0.0225933366878466	0.0156940682603027	0.0248972641003102	0.0279888193678073	0.0430624229889928	0.0187263865014444	0.0290429936157483	0.0153827365309075	0.0156556202917162
GA30	0.0637748611319547	0.031979649882726	0.102379680432455	0.105354613050668	0.0334670702654003	0.0693339188065794	0.100467272178091	0	0.0802756750372925	0.119694949325287	0.0382849967878575	0.0211249822280323	0.0811403800893312	0.105687325876771	0.034732004458254	0.127025816025156	0.0241446231463642	0.0846658881113987	0.0909462744238401	0.0328523004709771	0.0395354613323103	0.110435730580128	0.0374515241369455	0.0228291718157554	0.102698944132737	0.0252884228459813	0.114789843559265	0.0916307038731045	0.0357987108555707	0.0921647435035368	0.0301335684089649	0.125587202683844	0.111987459238129	0.0987325417574006	0.0615484533135337	0.0702333302058355	0.0734815867335507	0.0690748208776267	0.0589308662697522	0.0541309881390947	0.0415892016819932	0.0874826114888143	0.0982825270656383	0.0923433614650158	0.0735785157767811	0.0319404844006505	0.120406502500327	0.0414235674296365	0.0530430684336508	0.0689447595916613	0.087625868166938	0.117189423905479	0.0883977782696184	0.0254923795547449	0.0978672218443167	0.144138723009765	0.0968333063553078	0.0729355594199715	0.116089048484961	0.0338537622280795	0.0950765645865238	0.0890289240262725	0.0378459415614906	0.097634563617634	0.0643895001649255	0.104193232652515	0.0978668603782702	0.13362032318055	0.104177297892595	0.0222568910079773	0.1130991097201	0.0787369626941103	0.129928164936677	0.0935254079675434	0.0706523567287609	0.0775599273467305	0.0929915085434914	0.0919197842930302	0.0857574762117983	0.108472324531488	0.0951457743843396	0.0226134603673762	0.0595155239029966	0.088159223247056	0.0494588105516	0.0663188621401787	0.100771018953034	0.121186458176435	0.122742442169575	0.0334162542013207	0.122010553575525	0.105852672698522	0.113282804236268	0.0796458628216777	0.110707092089484	0.0584794200128979	0.105895523922612	0.088581219917596	0.119805580588302	0.0301858931591715	0.116129172495519	0.0203808215870099	0.0799141334313335	0.107965993158745	0.0940418636256998	0.129574688847619	0.0975712765798424	0.0953657583455847	0.13944858583537	0.113909995089276	0.12964765539374	0.113953788247373	0.0944626564630354	0.132302780419287	0.127532929483086	0.120508510280739	0.0896964315513168	0.123601676162445	0.126696430899278	0.141771981963004	0.117326233874668	0.076801024753638	0.11406271806871	0.113900707752416
GA31	0.0226696938031701	0.0534298299162677	0.0237002536240551	0.0268315452931806	0.0955878107084168	0.0159424611230879	0.0224466856305647	0.0802756750372925	0	0.0411206627960759	0.0546208127505249	0.0722152773629535	0.144204350583481	0.0270274524633406	0.0616635705786522	0.0483180556559201	0.081753603022809	0.00897854871840941	0.0126676805848914	0.0591939360354886	0.0503328785375513	0.0337850832559093	0.0796457149765708	0.0804811128687979	0.165762919518683	0.0800392394038764	0.177853812472989	0.013365905120442	0.0580584718422456	0.0136745412119034	0.0691396004398062	0.0468876289410724	0.0340901927533324	0.0201755173438501	0.0258543329040586	0.0141719620359704	0.0129191464688064	0.0199997469387723	0.0288568378962351	0.0310250346106712	0.0437200961803848	0.132271166251163	0.0196095832689392	0.0140100415529109	0.136641792125172	0.0512997401934682	0.0417152117523882	0.0438943593339487	0.0327474601435089	0.018373973916915	0.0102832989809527	0.0385168370687299	0.0104679732590519	0.0763176229566035	0.0196705787263886	0.065640277182213	0.0182321710004048	0.0148276558000068	0.0398300383239985	0.0515274990989704	0.0164548511560442	0.010975379118169	0.0496460084963326	0.0190757514410323	0.0208670834709674	0.0275535506638463	0.0193308424698471	0.0549422773447904	0.0256405288372377	0.0781566806965404	0.0344152516224469	0.00908355904752483	0.051229566900116	0.0148857688775869	0.0158724796962971	0.0139869506273306	0.0144091646934888	0.0210557021388803	0.0166584264882135	0.0297802557058708	0.0165667980956384	0.0663705666859945	0.0271745931470033	0.0146249174046321	0.0359191997635244	0.0185106850718383	0.0220757466646833	0.0424907724890444	0.044064395769377	0.0694504060377978	0.0433576931668953	0.0282663394781676	0.0346000624839405	0.00839551467439066	0.0332195019123681	0.0302386105323982	0.150689616046771	0.0110706939771207	0.0411072575835267	0.0698751913703451	0.0384821030076104	0.0720772786874964	0.0079722789555995	0.15275453783647	0.0154857485263486	0.0509663965891708	0.0190635786410609	0.0218046412737382	0.0607426117992762	0.0352177926800167	0.050948919559067	0.036633462598077	0.0319994817478488	0.0536054363003885	0.0491626188158989	0.0425925998562815	0.0144244398042146	0.0448880917533781	0.0479890675933072	0.0630646170389773	0.0387088688786584	0.0101765023657318	0.0353668726453877	0.0356194769606145
GA32	0.0611354233038546	0.091762432997877	0.0196721168103242	0.0148453386006595	0.129255596736465	0.0543054688834783	0.0210600490258499	0.119694949325287	0.0411206627960759	0	0.0929617025334426	0.110230416586303	0.176688352167004	0.0157152679678278	0.0999295956107101	0.00873409209930517	0.120074265533023	0.0380207610250723	0.0306568286861434	0.0984614596824453	0.0889884236485067	0.0172449092079669	0.117919097569856	0.118071952100956	0.198248361246754	0.118489007305617	0.210333721956821	0.0305683098808684	0.0963633260642639	0.0293951361825821	0.101967835140349	0.00668649436644928	0.00920269990015323	0.0225676586098894	0.0646534958722615	0.0526358637620102	0.050604830900527	0.0533807656229144	0.0671913963225153	0.0707087626661917	0.0811079049652273	0.170531638794475	0.0233085727356751	0.0295176227492365	0.169875034629697	0.0890810178084807	0.00644843387793787	0.0813304237043015	0.0712095322557772	0.056578918087362	0.0352685966274955	0.00583528478705145	0.0325984653235987	0.110851568104041	0.0372575884214555	0.025603481126253	0.0236219262534922	0.0524549748409878	0.00662813337303397	0.0891075642271475	0.027402850658153	0.0337775287905125	0.0880410847338763	0.0248220320226568	0.0595769437425064	0.016798883380199	0.0246606131996771	0.0145073320076923	0.0163445049388842	0.11489503657577	0.00985040174058704	0.0451962559888459	0.0106806689614637	0.0271562098459613	0.0540911950020477	0.0438674365292595	0.0292678711691288	0.0308031344203034	0.0356865973597524	0.0130588376560634	0.0260633702361674	0.104728269381355	0.0654379336370362	0.0324182358918467	0.0734262535668383	0.0572816567740055	0.0202539765906304	0.00629330804627953	0.00613655730954964	0.107883588758984	0.00644334942817387	0.0173064307168578	0.00963097847080931	0.043947003198543	0.011417477368142	0.06852954129378	0.189061051366305	0.0343074469516675	0.00623426723148147	0.108141219977177	0.0074417694316556	0.110146431158287	0.0424276466735385	0.191020573329444	0.0271161484503836	0.010356624101552	0.0224368972327523	0.0269566854894763	0.0199519356505738	0.00860394472244544	0.0103392767775192	0.00914298765351902	0.0543584870644892	0.0129205541299524	0.00883777476694303	0.00687444361392409	0.0325113685256002	0.00704157966861708	0.00830463237820588	0.0222486198098973	0.00754577640063045	0.0463165832551742	0.00781696346456731	0.0105358500014802
GA34	0.0322947411826163	0.0150709682134817	0.0742340809242292	0.0787489455983494	0.0495157333260233	0.0395752641965042	0.0754277371246405	0.0382849967878575	0.0546208127505249	0.0929617025334426	0	0.0260281276541075	0.0979935606621733	0.0777453125426264	0.00927944468277947	0.0986788071917765	0.0332607196060696	0.0555853869276817	0.062762173814605	0.0104291348017263	0.00789128431951571	0.0862545156569192	0.0258898560776178	0.0342710318438935	0.119539815292816	0.0307049875458082	0.131614065606787	0.0631123269447173	0.00796125929466345	0.064233843500566	0.0273843593142851	0.0978110378438776	0.0871121531935653	0.0723369900099557	0.0300407205717732	0.0409815901457661	0.0430099134229951	0.0521953300845743	0.0261273275063646	0.0243231585399822	0.0249457276717882	0.0783697861162099	0.0701556197094797	0.0643704285600571	0.0903687568174468	0.0182968635168491	0.0921817688327847	0.0246586526057335	0.0295094673926331	0.0372082583530985	0.0587347425294645	0.089429905393509	0.0607142794990178	0.0307726597770898	0.069672915896382	0.118015692541094	0.0694787417246838	0.0417738774170478	0.0936994282434685	0.0197458407192519	0.0666380316922159	0.0602462360955248	0.0126981361947878	0.0692067419865517	0.0338250955736095	0.0785005661950569	0.0694696649231694	0.10670956276884	0.0768585165943762	0.0321744366953469	0.0847071772723487	0.0497906699663762	0.101508503610438	0.0661009181704786	0.039365502488282	0.0585170899226208	0.0645523418982824	0.0712361680061528	0.0663483300895402	0.080352209508419	0.0671987497069017	0.020028031036032	0.0308199183394512	0.0655185823714492	0.0302815534776509	0.0362494243402975	0.0731168911613599	0.0928111707020288	0.0950106595351238	0.0164970366938058	0.0949513301855386	0.0819200787580374	0.0850073724533572	0.0497213122293805	0.0836683221236624	0.0252024396793033	0.0973873709638913	0.0597217470181711	0.0915689883810101	0.016969790127166	0.089154077976039	0.0264235075582007	0.0511389939923479	0.098953025359096	0.0662513444520006	0.101277377644573	0.0712955243358708	0.0720274987621139	0.111028927519466	0.0860117887607729	0.10148317713027	0.0869874234753426	0.0724148759712474	0.103977429370085	0.0996727571643964	0.0929262020973244	0.064582336280081	0.0952999223061282	0.0983211504991608	0.113557576756887	0.0890514910823167	0.0473203263574778	0.0861423224812806	0.088819177614318
GA36	0.0522815742426448	0.0200879251527967	0.0913244484349935	0.0960232075115647	0.0247072057441027	0.0583067798629554	0.0928924663951903	0.0211249822280323	0.0722152773629535	0.110230416586303	0.0260281276541075	0	0.0728828102877044	0.0949664894830097	0.0208429230866258	0.115810695546444	0.012391621580893	0.0728819517399928	0.0799497358425699	0.0228287565305528	0.0286652397627782	0.103528297233461	0.0258197271726047	0.0108245043954201	0.0943941501806481	0.0145062436984683	0.106429574766544	0.0802716655336847	0.0231364456127689	0.0814034738248647	0.0197125934675863	0.115002090280706	0.104424811297595	0.0896033545335134	0.0505945308115145	0.059822699224407	0.061527568470649	0.0577075228922897	0.0469581154033993	0.0455439486211599	0.0300100995980278	0.077583421435621	0.087257660097546	0.0815757623676098	0.0651842614617011	0.0214145944096299	0.109316842348287	0.0297857218450218	0.0418351561094474	0.056431311098012	0.0759463094626412	0.106632044821075	0.077999092713751	0.0124230746019895	0.0874133449085433	0.135312133289949	0.0867807369190033	0.0604035607492081	0.111018067884325	0.0221486670162642	0.083699826038245	0.0773643575458214	0.0263210545209321	0.0862599979295875	0.0536934743550691	0.0936746780167926	0.0865634116108971	0.124006006603289	0.0941696628326117	0.00961627846000472	0.101776182275228	0.0677522706112476	0.118560867703924	0.083363246059779	0.0582779033692798	0.0666705364304962	0.081647439436479	0.0805524796473257	0.0749560105755474	0.0975155256161786	0.0843391750346531	0.00910248499683509	0.0471376236151866	0.078207204212444	0.0377176442757399	0.0557181181179153	0.0902802011731899	0.109857988477957	0.112207258665803	0.0204601332996831	0.11223765319646	0.099222079747253	0.10215404133002	0.0674866699811184	0.0996393538033119	0.0461027115169499	0.0967618775638667	0.0768205797807737	0.10871010695142	0.0154992414619585	0.105188477370474	0.00747595512486919	0.0689592316671453	0.0981888464002898	0.08347883481871	0.118237977903901	0.0886134649015436	0.0840095489314108	0.128081284162372	0.103164008244722	0.118596560500487	0.102675253393674	0.0888746158041135	0.1210852637887	0.116420811625442	0.109224426249663	0.0786401889089382	0.112393622672317	0.115406799647543	0.130687596972543	0.106019957122779	0.0649880609954848	0.10335001356975	0.106137822448003
GA38	0.124788366107628	0.0925234508032751	0.16069370086747	0.164801258330393	0.0490963821948478	0.130847526469616	0.162176043848799	0.0811403800893312	0.144204350583481	0.176688352167004	0.0979935606621733	0.0728828102877044	0	0.163830816444724	0.0914443102900428	0.181613524002258	0.0652408086967589	0.144615906356561	0.150847990705509	0.0942095918486817	0.101045157496977	0.171502548636812	0.0762153089498029	0.0642315384866011	0.0220176788667838	0.0682071475218041	0.0339594315737486	0.15104632651565	0.0946423661979762	0.152171931634046	0.0754838251706326	0.181025267700956	0.172063956959079	0.159367126346839	0.123123630279242	0.132368246187465	0.133951306042045	0.125111077996818	0.119462579187721	0.11814092641527	0.101047917297392	0.0443612636640818	0.157189423839251	0.152253982846183	0.0109672454595001	0.0930298015926823	0.176085566781988	0.100901600161586	0.114162746628728	0.12874976184332	0.147240779767133	0.173855510926006	0.149233773802266	0.0687028429273403	0.157996418500187	0.199751830010703	0.156854186244685	0.132618382874161	0.177744266661731	0.0934095162183347	0.153975027227643	0.1484796543314	0.0986051925204017	0.156170888380571	0.126285876815367	0.161543238644648	0.15651442742709	0.18896535370085	0.163146875873961	0.066127516818468	0.169505736894078	0.140065640211105	0.183933867950632	0.153888236994695	0.130723635807182	0.13434335536728	0.152275245298039	0.146891408947983	0.141813716202071	0.165960397533696	0.154689108783549	0.0795080652366383	0.11952577847423	0.146842472029455	0.108950185730602	0.128309546697019	0.159856118487589	0.176466469511841	0.178613662117659	0.0846066631452002	0.178749201273677	0.16773651043574	0.1699154407087	0.139568760915838	0.167032000392374	0.118503053907794	0.0631096457893198	0.148033401580772	0.175520611531807	0.0815320239976199	0.17192319366667	0.0726543483935823	0.141056686715044	0.0643668522437413	0.153922747030403	0.183659665060766	0.158452249837644	0.151397971643342	0.192441919385785	0.170869182908174	0.184070883525742	0.16955189632647	0.158010016788136	0.186212211245238	0.181991230056743	0.17547129124704	0.147950872026309	0.178681889567712	0.181246705278002	0.195061998836922	0.173102173088777	0.137180779016379	0.171013870022514	0.173762450465048
GA43	0.0461958217425178	0.0766896912545869	0.00682709749900933	0.0055150706079939	0.115311909203578	0.039699961384288	0.00881182511261843	0.105687325876771	0.0270274524633406	0.0157152679678278	0.0777453125426264	0.0949664894830097	0.163830816444724	0	0.0845073643281604	0.021583717250538	0.104895582704833	0.0227437137221598	0.0158413803037915	0.0843236264255312	0.0743401990168625	0.0119403720259516	0.102528088622623	0.102847263141714	0.185356107023027	0.103704734432577	0.197397074013045	0.015253017335481	0.0812133150269287	0.0144169091369317	0.0894342475768292	0.0205998368504824	0.0105591714217544	0.00968679840173196	0.0500131456012076	0.0382910840815366	0.0354560965371102	0.0391247177289592	0.0520319879581832	0.0566900371752604	0.0656357596092152	0.155059484520344	0.00903577633164447	0.0145172476980158	0.15617110015768	0.074274551763077	0.0151184419160615	0.0658582749616618	0.0563733289112346	0.0411560112478757	0.019883607843458	0.0123464296615419	0.0178703521542966	0.0960072052448687	0.0223683364209578	0.0407560515132817	0.00914004235175636	0.0369829607732368	0.0164626018670999	0.0736354089746572	0.0122499101150856	0.0183084389063144	0.0731181255494705	0.00966384688173562	0.0450886281188389	0.0066058453163038	0.00962423863162221	0.0294766492219736	0.00508698004161506	0.0996669657302625	0.00853949507540844	0.0304656882553992	0.0244078118250602	0.0127294010334564	0.038757861921131	0.029823545818076	0.0140392739217578	0.0177412099120292	0.0225852600232971	0.00602504117073341	0.0113613212297699	0.0897942152288225	0.0501100134217378	0.0182305964867048	0.057954804651966	0.0428246764296835	0.0068628094932229	0.0157697695669615	0.0178501357352643	0.0928385832695046	0.0177743560669831	0.0100533100141382	0.00921999466502004	0.0285679616617283	0.00823074791020704	0.0531680884611125	0.174060421309086	0.0188504619044111	0.0144867750420941	0.0927911050090886	0.0123079238116101	0.0951735402146975	0.0276050166217516	0.175653815721021	0.0124668374497707	0.0241589860313318	0.0088429283862228	0.0133879873901606	0.0339172381832443	0.00954942145758788	0.0243389417389126	0.010574707519169	0.0401079670309719	0.0268588596672723	0.022523930898369	0.015806210236718	0.0175401870975026	0.0181466299297307	0.0211976778851069	0.0364132835859	0.0121655826118182	0.0311443811621178	0.00944152117396394	0.0118206347188338
GA46	0.0391296779435843	0.0190715724696415	0.08088017480843	0.085722384202962	0.0430498675565527	0.0465227543103574	0.0826324099543119	0.034732004458254	0.0616635705786522	0.0999295956107101	0.00927944468277947	0.0208429230866258	0.0914443102900428	0.0845073643281604	0	0.105241198732395	0.026971934805389	0.062137219490427	0.0694637842325851	0.00826840278824246	0.0119118701420828	0.0932325837437553	0.0182836667494613	0.0282927936112339	0.112991508961928	0.0247296735625526	0.124915981006743	0.0696583323255934	0.00834235277160946	0.0709690182196974	0.0287740941563941	0.104629151447855	0.0941350847633198	0.079303510562338	0.0371249943896376	0.0479464007710869	0.0497744428276113	0.0585904439365623	0.0329067242717502	0.0313380141131053	0.0312931180433041	0.0706075995859474	0.0767790114111973	0.0711285263450459	0.0836817681638881	0.024550812347143	0.098838244273205	0.0310011216712118	0.0363689038450971	0.0436863058030304	0.0652703475395236	0.0962868512730406	0.067596728189124	0.0266867371821644	0.0770716064731882	0.125022410067043	0.0764854606052842	0.0481740783222697	0.100728343607801	0.0248873280737587	0.0730345348893392	0.066642182756855	0.0180934475019875	0.0756043590454742	0.0408480396927005	0.0852687482279961	0.075955998453528	0.113699643073058	0.0838193284592243	0.0260027771571068	0.0911647070838947	0.0568704867001736	0.107905010382334	0.0729903061356809	0.0459619754116342	0.0652525237187593	0.0710633909235699	0.0776326698862543	0.0731442479247397	0.087064919447658	0.073960686873908	0.0168368306876433	0.0373413516302602	0.0724553926048255	0.0366722138391601	0.0432262840972404	0.0799239049430447	0.0992465127598156	0.101817677869941	0.01036859985742	0.101915619514807	0.0889323496758336	0.091603587296876	0.0562562243354441	0.0903311055718046	0.0317882308548298	0.0900578789337717	0.0661175533978626	0.0981873940638821	0.0116347626764139	0.095748771170173	0.0214117299294984	0.0580609324529315	0.0913073306131845	0.0730694520353067	0.107728132470088	0.0783237384425269	0.0784345410688959	0.117425429474826	0.0927633333838347	0.108107129356476	0.0934394055394211	0.0791081867434762	0.110479335893284	0.106246783275797	0.0993948274790639	0.0711845291232822	0.101803790740292	0.104817511758419	0.120187071161439	0.0955145684908135	0.0540835194741235	0.0929271501272616	0.0958480893662482
GA47	0.0673512526308045	0.0977008935779032	0.0252701733167274	0.0216802406228251	0.134817071710572	0.0608929775730528	0.028296619691331	0.127025816025156	0.0483180556559201	0.00873409209930517	0.0986788071917765	0.115810695546444	0.181613524002258	0.021583717250538	0.105241198732395	0	0.125837599011985	0.0434251015422621	0.0363919463083901	0.105647607659451	0.0954928061727321	0.0239334576245811	0.123269420380544	0.123683020397268	0.203142887564621	0.12482133206695	0.215084016624123	0.0358733933682394	0.102208374275102	0.035356607250493	0.107929133932398	0.00500522777314693	0.0156614141223595	0.0294216589701146	0.0712321356239945	0.0595451210333843	0.0564324842634225	0.0584706558723642	0.0730631453822358	0.078028527173129	0.0862031627183009	0.175626891279461	0.0289549521838475	0.0353654708261743	0.17497014186599	0.0954965572014	0.00834905600934901	0.0864256825109925	0.0774679469941842	0.0617908060249656	0.0404803288366758	0.0103672876098014	0.0389747561303654	0.116081080954484	0.0434545178831828	0.0207009374262822	0.0301930703636673	0.0575231820946992	0.0116564858460216	0.0942360997350529	0.0324875302424636	0.0388709750741419	0.0941848014340256	0.0299143652252928	0.0664015962093165	0.022937322141264	0.0299198520981302	0.0094679921707891	0.0228540711198943	0.120617147271681	0.0143309099766699	0.0516545476034434	0.00579962193303873	0.0335723070070298	0.0595692194471456	0.0495919607805483	0.0345325906469364	0.0357272520736612	0.0414627395908941	0.0186994620810517	0.0319480100326767	0.110871987812447	0.0708549334996879	0.0388721434230154	0.0785215078580259	0.064124340962882	0.0263359211479323	0.00779492854472306	0.0062087348619984	0.113916356831488	0.0077176815603808	0.0244583929418539	0.014103121325289	0.0492687313017821	0.0168761144500376	0.0739685176975197	0.195093827867749	0.0393974145102983	0.00857404128100366	0.113552676833639	0.0119227720542124	0.116218030151695	0.0487162646169614	0.196348828047213	0.0330903279886703	0.00573776064280684	0.0294609855898101	0.032109819390256	0.0130975005155749	0.0134323100145492	0.00591551808750897	0.0135855742099911	0.0600354650405922	0.00704412333222783	0.00611779477030998	0.00861097768776947	0.0379987432800158	0.0061131999216447	0.00580040139917548	0.0158618139620456	0.0109082711895815	0.0520630805104068	0.0133431605527864	0.0177022206380662
GA50	0.060074798123102	0.0287341048395393	0.101351182493899	0.105875651568475	0.0187758826556606	0.0666835865363328	0.102729224571676	0.0241446231463642	0.081753603022809	0.120074265533023	0.0332607196060696	0.012391621580893	0.0652408086967589	0.104895582704833	0.026971934805389	0.125837599011985	0	0.082669626281719	0.0898212132730869	0.0292740083308985	0.0361315478768313	0.11336811722228	0.0184248185556645	0.0113728214760847	0.0867741439077589	0.00849537595146985	0.0988095620966921	0.0902159027378969	0.0298935850480139	0.0913055013075019	0.0304050487701339	0.124827766508767	0.114234888643929	0.0993471951647238	0.0583097800386674	0.0681925346002434	0.0702223592259065	0.0677544465194447	0.0547756582423292	0.0531210842156651	0.0400193236542471	0.0662958486513658	0.0972156487029008	0.0914739020394556	0.0575810385247072	0.0312456326051192	0.11928943228541	0.0398005690952443	0.0507599887146492	0.0646795952560926	0.0858445652958119	0.116521258396332	0.0878459592961302	0.019568142645776	0.0972746599352721	0.145119208880145	0.0966150125469824	0.0690687078643929	0.120825155064313	0.0321126871064983	0.0937373202406999	0.0873449656999472	0.033840271164522	0.0963054745636805	0.0614693509885157	0.103532125100945	0.0965690482595954	0.133828202507111	0.103978149291843	0.0121985626374042	0.111806473497188	0.0770636698362803	0.128607785611442	0.0932120976574493	0.0666365742758669	0.0765836094364975	0.0916542484603747	0.090599407376063	0.0848699075856594	0.107472281188074	0.0942641674268125	0.0159016083443838	0.0555120890941283	0.088018594667165	0.0476944371305331	0.063646989187809	0.100194646252526	0.119904916921649	0.122122128654008	0.0205733012690237	0.122037420895967	0.109017761141965	0.112128423169406	0.0768541240631932	0.109598065942827	0.053906104028827	0.0853150578008758	0.086820335023933	0.11867687505002	0.0175175654673667	0.115117554712777	0.0125976806210185	0.0783008143606812	0.0868685298194789	0.0933562859591812	0.128276499232861	0.0984285982570263	0.0940509291760849	0.138128203274024	0.113076385148246	0.128530577201434	0.112703037457635	0.0988544831522788	0.131080300142669	0.126396159632037	0.119263301293055	0.0885248961623269	0.122372472903343	0.125422504213121	0.140639232189366	0.116018479219591	0.0741606642200489	0.113259346497179	0.115876998940502
GA51	0.0241920814380247	0.0545551615080448	0.0191049254452339	0.0238956320146569	0.0961590027718833	0.0177760811768369	0.0208104324828118	0.0846658881113987	0.00897854871840941	0.0380207610250723	0.0555853869276817	0.0728819517399928	0.144615906356561	0.0227437137221598	0.062137219490427	0.0434251015422621	0.082669626281719	0	0.00869145265173618	0.0624770567272649	0.0523346028281282	0.0313623478880735	0.0801820799407333	0.0811750333041254	0.16610790804179	0.0816396833444485	0.178098951475789	0.00932802308193229	0.0590813126828935	0.0101975661313227	0.0705943218987398	0.0427441756908942	0.0322411213295929	0.017552490999941	0.0280850027367999	0.016514301538759	0.013609796861831	0.0200546253848859	0.0298932966860858	0.0348579815278451	0.043916289591127	0.132539560096432	0.0151461895809255	0.0104330765445613	0.136848096368891	0.0529193864251026	0.0369687969373031	0.0441250200900767	0.0343995217911222	0.0187047382703785	0.0064932779064155	0.0344817501238801	0.00794351007319009	0.0765849476811862	0.0162905551530797	0.0631057695683205	0.0147945647871103	0.0149264756738293	0.0388173980431424	0.051796313450493	0.0114221097172398	0.00712680956019889	0.051041992945653	0.0139599181194272	0.0232346665838526	0.0234665329558681	0.0144746129934892	0.0517676883198396	0.0222100412868189	0.07892140121472	0.0293902143403286	0.0097457301483085	0.0460930891109235	0.0116985674989833	0.0164158681214721	0.0133197879926725	0.00977894109426856	0.0161627684625788	0.0139976041344455	0.0252360181948829	0.0122969469897487	0.0677526556331702	0.0277077208480073	0.0121421306252931	0.0361067414697674	0.0209537943815718	0.0180389170541964	0.0374299945742494	0.0399853453002494	0.0707790874170535	0.0400374127043919	0.0270823655330171	0.0298256169948162	0.00785825340161947	0.0284884444936508	0.0308639790223102	0.151945454002631	0.00713131497196637	0.0363304125088634	0.0704098601985459	0.0338997871643215	0.0733106488154994	0.0081063026134301	0.153222640054395	0.0117816761674917	0.0459420848449673	0.0166628115170758	0.0168052390547037	0.0556025195377644	0.0308997133803187	0.0462871927278812	0.031630250521832	0.0327561243314936	0.0487187331674075	0.0444270675682058	0.0375738596976405	0.0108021114802345	0.0399947402001631	0.0429769621014294	0.0582995033550142	0.0336775004844924	0.0102958160871757	0.0310258932806777	0.0339322877916122
GA53	0.0312409978077719	0.061679397719075	0.0122248550154965	0.0166005292140662	0.102374445308339	0.0247248698736193	0.0137594044867038	0.0909462744238401	0.0126676805848914	0.0306568286861434	0.062762173814605	0.0799497358425699	0.150847990705509	0.0158413803037915	0.0694637842325851	0.0363919463083901	0.0898212132730869	0.00869145265173618	0	0.0693855683385122	0.0593418081601461	0.0240287128647771	0.0874623116670233	0.0879359350285747	0.172367729321875	0.088661146886421	0.184441984753416	0.00695589197402105	0.0662309172177556	0.00623669271884166	0.076579743789302	0.0354535915333815	0.0247993688710561	0.0108864438729455	0.0350601609532881	0.0233028361272782	0.020450232414096	0.0261578251974601	0.037055945832922	0.041757400119395	0.0507479955188253	0.139960430035687	0.00858228248861534	0.00643405741706227	0.143180034076325	0.0594577798713939	0.0299042856057334	0.0509391982823309	0.0413732437623872	0.026054886875279	0.00702014936881585	0.0271437110360524	0.00689977937586126	0.0828835977373099	0.0140307375342783	0.0557124479250474	0.00789495567424279	0.021888995291477	0.0313812136706529	0.0586822455504326	0.00664961050003485	0.00626578345288704	0.0581355700363414	0.0084352939644819	0.0301919408293083	0.0162229295514261	0.00869791250149108	0.044402277097106	0.0147498289000883	0.0852300278616674	0.0224043071279396	0.0157559568890267	0.0391805810910283	0.0066868344342995	0.0236866836991123	0.0173436566679315	0.00604397800722809	0.0122922405581733	0.0126950433948124	0.0180958439819421	0.00703311875883509	0.0747950120706751	0.0349793405544878	0.00904957471989246	0.0430358292516133	0.0278978684653688	0.0114850714288868	0.0304818614527132	0.032699417981385	0.0778338311597554	0.0326469134953287	0.0196393668472842	0.0227351431697231	0.0136777024746713	0.0214376539942065	0.0381516960421295	0.159000201959803	0.006608545805464	0.0292993270876733	0.0777475233330871	0.026794669331249	0.0801781603332722	0.0127182890263602	0.160549212585796	0.00664793923991083	0.0389759480727441	0.00975484317968214	0.0112784384900347	0.0486955769886874	0.0236716843774599	0.0391398841007189	0.0246617322778235	0.0327846399800043	0.0416463230068635	0.0373280548462362	0.030585517975116	0.008450611193448	0.0329516050076545	0.0359753168404403	0.0512225601558733	0.0267299383718784	0.0161543212315971	0.023848367450439	0.0264992906965993
GA57	0.0384776836468114	0.0189196724501072	0.080930703818196	0.0842175883325663	0.0456520993676451	0.0453462560821061	0.0801420540294864	0.0328523004709771	0.0591939360354886	0.0984614596824453	0.0104291348017263	0.0228287565305528	0.0942095918486817	0.0843236264255312	0.00826840278824246	0.105647607659451	0.0292740083308985	0.0624770567272649	0.0693855683385122	0	0.0114795941732485	0.0911579679961156	0.0214799790304493	0.0302467594920385	0.115768163192152	0.0262050642584911	0.127859058103176	0.0700537885605085	0.00811154683087623	0.0706825917868903	0.0284878659353714	0.104220526236476	0.0915067691845123	0.0776498009535399	0.0359580872222932	0.0463426430907213	0.0496423029801761	0.0592349763169433	0.0326933727101094	0.0287120753823958	0.031945581895986	0.0740722137870211	0.0768999591319248	0.0707845761243141	0.0866470348955405	0.0237738167716548	0.0990283005315848	0.0316941647254156	0.0356107484925576	0.0441970044577664	0.0657363673201715	0.0958201916831912	0.0667498745400496	0.0277086566531598	0.0764653803874748	0.123121241051139	0.0754726032416026	0.0488318278632983	0.0978941401146879	0.0257668514839477	0.0736794855934803	0.0672871329341874	0.0179575977687056	0.0762476385994391	0.0393461905833748	0.0848409267838555	0.0764567170555543	0.112322389402173	0.0828387824573902	0.0284923331981355	0.0917217316049518	0.0558431506006405	0.108549960559667	0.0721686175751566	0.0462591087426802	0.0652334528288456	0.0715363710892923	0.0782776223213384	0.0729600752543921	0.0870941034471146	0.0737577355419747	0.0173505516816871	0.0376732994736445	0.0714587569989339	0.0373193887861991	0.0416753072141096	0.079406890002164	0.0998082486818535	0.101404369253703	0.0120411044377081	0.100757516017466	0.0862443057274578	0.0919075888214689	0.0566717309858462	0.0905463442657933	0.0320655776545255	0.0924881209026683	0.0667629212592587	0.0984273767381003	0.0136659667084012	0.0958122681788724	0.0227228518048621	0.0571846035168026	0.0945555975641867	0.0726557147849088	0.108295418472603	0.076443840156902	0.0790401017575553	0.118070382436719	0.0925347768899166	0.108269452070347	0.0939512136157113	0.0785486119413617	0.110924579504162	0.106486771895428	0.0999177292440877	0.0714009483580035	0.102223465840022	0.10531822780166	0.120393775027208	0.0960374727393642	0.0540012003421181	0.0926930501003458	0.0933280385503865
GA6	0.0285768203456143	0.0136276203057155	0.0708825821151035	0.0747159075631638	0.0524830186005795	0.035755835962717	0.071297810497609	0.0395354613323103	0.0503328785375513	0.0889884236485067	0.00789128431951571	0.0286652397627782	0.101045157496977	0.0743401990168625	0.0119118701420828	0.0954928061727321	0.0361315478768313	0.0523346028281282	0.0593418081601461	0.0114795941732485	0	0.0821640491485596	0.0295320803562951	0.0371770500911005	0.122603731399233	0.0332090546743888	0.13468353089058	0.0599086366292804	0.00902950608599555	0.0606648841440076	0.0279518965857499	0.0942105987306797	0.0828099457377737	0.068241192423033	0.0263165719148637	0.0369138455940316	0.039569111522099	0.0490815615789457	0.0227164125465082	0.0199765971664226	0.0218880041173161	0.0820985167014478	0.0667708581972002	0.0608259402591773	0.0934659566993665	0.0160741693613054	0.0889251238167888	0.0216501410768339	0.0257869288137164	0.0340534312876336	0.0556139818797208	0.0858558453995772	0.0569582350100532	0.0331708674855304	0.0665141446045553	0.113893724375903	0.0656278822006601	0.0386658913333609	0.0893495459899758	0.0180546648217121	0.063525935804302	0.0571335817150997	0.0106282910529637	0.0660945064943246	0.0298503811348869	0.0749098526483232	0.0663117019064499	0.102741284201844	0.0730428763411262	0.0350808458346309	0.0815673405774916	0.0461135065992071	0.0983964046745589	0.0623464654340889	0.0361148391031858	0.0551686670744058	0.0613829615441236	0.0681240705378128	0.0628979713326753	0.0769883722367913	0.0636774043392653	0.0220205555905146	0.0275382770300664	0.0617004271333266	0.0271640285811942	0.0321668640456416	0.0694620465539923	0.089654690538994	0.0914634549708077	0.0195068983911452	0.0911483302561924	0.0775861053755789	0.0817777263847264	0.0465201755439994	0.08042347611803	0.0219740211385105	0.10071035700314	0.0566089535602415	0.0882960153047485	0.020282156925385	0.0857224284548952	0.02866779159604	0.047435021009108	0.102583407979421	0.0627297567523489	0.0981418631895624	0.0672071212996738	0.0688865508771304	0.107916827906262	0.082534142892168	0.0981425816814105	0.0838039603949797	0.0690066063720168	0.10077657144178	0.0963458140390088	0.0897641767456074	0.0613195304241445	0.0921051560929327	0.0951676633622911	0.110271704994669	0.0858839167789979	0.0439213988267713	0.0826442937056224	0.0845206062300037
GA64	0.0543307711304438	0.0850757947473815	0.014570729675317	0.0109776796566115	0.123007038702266	0.0475401945713192	0.0142459347420795	0.110435730580128	0.0337850832559093	0.0172449092079669	0.0862545156569192	0.103528297233461	0.171502548636812	0.0119403720259516	0.0932325837437553	0.0239334576245811	0.11336811722228	0.0313623478880735	0.0240287128647771	0.0911579679961156	0.0821640491485596	0	0.111107041137387	0.111282498472267	0.193070092586556	0.111797404936468	0.205149022166175	0.0239128290082921	0.0897022512073469	0.0226091557191779	0.09663202854419	0.0226066169620614	0.0116955120154101	0.0157089749059518	0.0578976048137804	0.0459417871039624	0.0438761493623859	0.0470764526363575	0.060477550696544	0.0635042281238118	0.0744104684904368	0.163834199760899	0.0169072144693046	0.0227173641512189	0.164000772918114	0.082406004119401	0.0175554410582691	0.0746329870037358	0.0644474457761254	0.0498838400976224	0.0284328862196869	0.0144864394649336	0.0259325244849679	0.10426170958413	0.0306078278356128	0.0418919078591797	0.0169752133878494	0.0457575340200253	0.015895023763255	0.0824101211296187	0.0208430420795474	0.0270791161767762	0.0813878267025105	0.018257634751875	0.0528993711929129	0.013063304751848	0.0181831544020561	0.0309810948868593	0.011341396441702	0.108196339598208	0.0129158300432292	0.038514245489631	0.026837823460951	0.0205996906234309	0.0474057123064995	0.0375336103442341	0.0225705003855054	0.0253318611701781	0.0299664160255531	0.0113418591726157	0.0194915057432772	0.098079692911018	0.0587503333961723	0.02575112121048	0.0667288167157559	0.0505725316552803	0.0142934007730072	0.0182592944627759	0.0198308593508872	0.101159033224438	0.0195078044856964	0.0116947544973833	0.0131988231647722	0.0372640320636106	0.0126507675152912	0.0618207885159387	0.182363750356616	0.0276115388901095	0.0169034369120544	0.101447201362162	0.0152194631953884	0.103439341816637	0.0357081642694244	0.184323562516106	0.0205123804867117	0.0265723587662885	0.0158225215990284	0.0210124175769813	0.0363466926295348	0.0130205540588558	0.0265760973396927	0.0138739589460646	0.0447043490906556	0.0292248919493321	0.0248016202728255	0.0184571645740006	0.0258077418695044	0.0205832438336478	0.0235955870117654	0.0386811484479242	0.0153212567810157	0.0396608265700063	0.0124681907085081	0.0125162494509961
GA66	0.057118308213022	0.0365890064323791	0.0989222199176297	0.103722984742637	0.0299441767762406	0.064507886692129	0.100627462897036	0.0374515241369455	0.0796457149765708	0.117919097569856	0.0258898560776178	0.0258197271726047	0.0762153089498029	0.102528088622623	0.0182836667494613	0.123269420380544	0.0184248185556645	0.0801820799407333	0.0874623116670233	0.0214799790304493	0.0295320803562951	0.111107041137387	0	0.0235672144576757	0.0977405945610518	0.0166714741293379	0.109695306706308	0.0876628423128465	0.0219970819107586	0.0889507452345858	0.0438270012688155	0.122626696873193	0.112130135975101	0.0972499365758414	0.0551090441418417	0.0659378288746482	0.0678056793080436	0.0766250570916166	0.0509023212573745	0.0493294434490228	0.0493257852515789	0.0528177158775354	0.0948113881126799	0.0891450815128558	0.0684419636699286	0.0424849584021352	0.116877562620423	0.049016395339159	0.0543503494500512	0.0616701471459384	0.0832578524044066	0.114252639840348	0.0855871895045945	0.0326440173267114	0.0950789973892347	0.143017448334381	0.094480510236639	0.0662056325812532	0.118723395496908	0.0427899514748292	0.0910702665345837	0.0846779111659888	0.0357251430889874	0.0936384225885073	0.0588430894745721	0.103249662678049	0.0939892294882524	0.131694680136262	0.101817434333792	0.0255539734104667	0.109167156797467	0.0748735773894522	0.125940733485752	0.0909989507812442	0.0639972606617393	0.0832776782488582	0.0890870488653279	0.0956684022840827	0.0911664886004997	0.105080097161158	0.0919789053273923	0.0270042234203882	0.055348025578441	0.0904439187260589	0.0547054394552804	0.0612145150550688	0.0979486521747377	0.117301927446717	0.1198374147367	0.0111655431136376	0.119924608279358	0.106907000972165	0.109623766984	0.0742693239390248	0.108356833006396	0.0497843053831597	0.0722449304855833	0.0841532808662665	0.116229759698564	0.0155505303086506	0.113808687362406	0.025766254967135	0.0760751189381787	0.0735457218205086	0.0910987629733904	0.125766901506318	0.0963187870202643	0.0964964750138196	0.135461148589548	0.110772960941599	0.126124795112345	0.111497873233424	0.0970486784824217	0.128537789815002	0.124278048072198	0.117424032980143	0.0891964409236956	0.119865044198855	0.122838660397313	0.1382168066321	0.113535725257613	0.0720608187369024	0.110953420551136	0.113832678006153
GA68	0.0609247842521378	0.0287227415564385	0.0992618418402142	0.10387540631222	0.0172466204802722	0.0669664001148759	0.100742786069109	0.0228291718157554	0.0804811128687979	0.118071952100956	0.0342710318438935	0.0108245043954201	0.0642315384866011	0.102847263141714	0.0282927936112339	0.123683020397268	0.0113728214760847	0.0811750333041254	0.0879359350285747	0.0302467594920385	0.0371770500911005	0.111282498472267	0.0235672144576757	0	0.085762371920576	0.0133273256989666	0.0977636402604556	0.0882392071112238	0.0309795972260863	0.0893309582965543	0.023739073538419	0.122855104204982	0.112178462096537	0.0974380308479974	0.0592311826543977	0.0684390019512538	0.0701511077432319	0.065566840647447	0.0556512184140056	0.0541884066781612	0.0380727494455347	0.0731423219872846	0.0951663449858174	0.0894808863299062	0.0565316902868675	0.0295010407953852	0.117205394262617	0.0378497317809649	0.0503221365689027	0.0651309793495169	0.0840610166390737	0.114485938064378	0.0860318987056462	0.0135903544794542	0.0953209134514886	0.143137457169066	0.0946144278753887	0.0690460801877157	0.118837854251115	0.0302558412229774	0.0916059012665893	0.0854740776497908	0.0347511629677481	0.0941363183988465	0.0623421378885255	0.101524707419102	0.0944550847164308	0.131822793471693	0.101965830633135	0.00746655390442659	0.109627699234871	0.0762850295639399	0.126419766232221	0.0912481742073791	0.0669527287134016	0.0745326483791525	0.0896306113913806	0.0884113811483287	0.0828273562770901	0.105347173758829	0.0922606366150307	0.0162756629617452	0.0558380491730541	0.0860172833005587	0.0458496955571452	0.0643889377213488	0.0981094056759218	0.117734400310902	0.119994573972442	0.0230207679736795	0.120092737855333	0.106982484535135	0.109965193075965	0.0759522313948232	0.10745947213486	0.054825697094202	0.092300369582995	0.0849625107013818	0.116515280471908	0.0197834275907489	0.113058467781303	0.0104994038090514	0.0772509752876229	0.0937716711049128	0.0913540136181947	0.126141395532724	0.0964354234512406	0.0918906426640472	0.135940181787568	0.111029810977705	0.126478565235933	0.110545688205295	0.0967253065018943	0.12898429776683	0.1242797586954	0.11705091256987	0.0865021937272765	0.120249088364418	0.123291311917281	0.138578958658859	0.113871190734584	0.0734445363885224	0.111188515870258	0.113957602794122
GA69	0.146335837064367	0.114070932070414	0.182233369711674	0.186365379679083	0.0705977735495326	0.152406090738797	0.183831820734824	0.102698944132737	0.165762919518683	0.198248361246754	0.119539815292816	0.0943941501806481	0.0220176788667838	0.185356107023027	0.112991508961928	0.203142887564621	0.0867741439077589	0.16610790804179	0.172367729321875	0.115768163192152	0.122603731399233	0.193070092586556	0.0977405945610518	0.085762371920576	0	0.0897712649570571	0.0126645347289271	0.1725827064177	0.116242161904923	0.173702768454648	0.0970079894318725	0.202583117918535	0.19362253010875	0.180913083932616	0.144719070256358	0.153932362794876	0.155504326778229	0.146630809614153	0.141021146994046	0.139699496253572	0.122567658547801	0.0527111555666032	0.178664784088279	0.173817668599312	0.0295111253631837	0.11457173902579	0.197619102217934	0.122421343895522	0.135720957409252	0.150275047379311	0.168777157260914	0.195419627458158	0.170792340178682	0.0901859509523469	0.179658773571554	0.220546032443191	0.178412763608827	0.154138118179158	0.19930284553104	0.114912618516069	0.175494765994525	0.169999390991047	0.120163768379375	0.177690628050554	0.147844444170143	0.183107360444888	0.177996766236093	0.210393571642914	0.1847109967711	0.0876694463118158	0.191036570252794	0.161698192358017	0.205423137304759	0.175413524111112	0.152215633880008	0.155868639097069	0.173806083774326	0.168409696733109	0.16330017119345	0.187502326387348	0.176253230132238	0.101066635865154	0.141034417757482	0.168384399980006	0.130469920132497	0.149868115481704	0.181386953351474	0.197991760391178	0.200177782563248	0.106143042294666	0.200295321116544	0.189293562462836	0.191396345243309	0.16108295110741	0.188540647126207	0.140075762840835	0.0497485820316907	0.169553137487835	0.197045900454425	0.103046212382991	0.193505476972069	0.0942184673716324	0.16262634790907	0.0509889409548104	0.175481317019222	0.205172833017629	0.180010823438866	0.172923257405108	0.213638731174999	0.192394466111154	0.205568601236199	0.19105499275405	0.17959612653111	0.207648509229072	0.20350418563443	0.197011044531158	0.169494752480526	0.200190350413322	0.202787188869534	0.21608707925888	0.194638551636176	0.158772629469332	0.192533616014201	0.195321024969371
GA70	0.0581688798512473	0.0273976890450212	0.100264078288367	0.104248516863645	0.0216466988521543	0.064924298851478	0.100981023651783	0.0252884228459813	0.0800392394038764	0.118489007305617	0.0307049875458082	0.0145062436984683	0.0682071475218041	0.103704734432577	0.0247296735625526	0.12482133206695	0.00849537595146985	0.0816396833444485	0.088661146886421	0.0262050642584911	0.0332090546743888	0.111797404936468	0.0166714741293379	0.0133273256989666	0.0897712649570571	0	0.101828875716286	0.0892218250517893	0.0273166167728528	0.0900551542037665	0.031840543939986	0.123543594521706	0.112509748475118	0.0978197413261491	0.0559710973516257	0.0664532508588198	0.068941848747658	0.0669182442655467	0.0524436211157026	0.050174522975629	0.0393022485453673	0.0651196866776004	0.0960762306596294	0.0902144647005833	0.0606007668556589	0.0305355237326538	0.118257505950904	0.0390060667719955	0.0493617292794615	0.0633911575106057	0.0849049821345493	0.115223486691412	0.0863530617771727	0.0215545211627026	0.0958793980605674	0.143454222591838	0.0950559691497774	0.0679619425926546	0.119065860229911	0.0319820730053265	0.0928143793434808	0.0864220231470436	0.0315025596211504	0.0953825348705956	0.0593924102834379	0.102238377462132	0.0956027050210972	0.132225759252153	0.102422151300642	0.0145113171840256	0.110861341911133	0.0755463857015576	0.127684847273008	0.0918048996515948	0.065441451853875	0.0754498837120605	0.0906879062754939	0.0896764639200586	0.0836972241299321	0.106290026897132	0.0930526518460476	0.0154802701318392	0.0542469370846797	0.0865879751215077	0.0467713566101862	0.0616795813871755	0.0988050693965921	0.118965334287195	0.120809784892834	0.0180370550640304	0.120589323116071	0.107304189918619	0.111117157219636	0.075836355374618	0.108574726966896	0.051766456829177	0.0838321557249686	0.0858973935246468	0.117595562353881	0.0152498643158587	0.114047711244737	0.0142164486930753	0.0768144968708958	0.0856252532414716	0.0920449166436388	0.127348013071701	0.0966889892112125	0.0931224393272641	0.137205264484039	0.111855297678649	0.127465363027471	0.111716032103457	0.0976896209999768	0.130081655777464	0.125328444320746	0.118281841804885	0.0875066016057525	0.121406221329564	0.124464212719238	0.139578586500702	0.115094017500829	0.0729204087772153	0.111991378544557	0.114188658543909
GA73	0.158415638136141	0.126122993426492	0.194252313839065	0.198456272332355	0.0825867481303938	0.164491438504421	0.195922717602566	0.114789843559265	0.177853812472989	0.210333721956821	0.131614065606787	0.106429574766544	0.0339594315737486	0.197397074013045	0.124915981006743	0.215084016624123	0.0988095620966921	0.178098951475789	0.184441984753416	0.127859058103176	0.13468353089058	0.205149022166175	0.109695306706308	0.0977636402604556	0.0126645347289271	0.101828875716286	0	0.184501635456326	0.128255393845264	0.185754828681849	0.109075969743608	0.214657383284183	0.205713427729077	0.193000931781952	0.156819538034574	0.166017708453265	0.16754529361773	0.158477618688285	0.153073209102708	0.151790389960462	0.134414461300229	0.0644637801580959	0.190716847927883	0.185850098578617	0.0413784516617806	0.126651535506802	0.209632344920226	0.134268145443815	0.147782426139321	0.162216157774733	0.180723823230676	0.207482794017503	0.182866596964875	0.102149257831501	0.191727483212346	0.232668606018779	0.190503658369334	0.165984928607941	0.211393746613252	0.126798257984296	0.187341574617107	0.181846203677582	0.132210279579717	0.189537436221585	0.159935339532717	0.195181610909375	0.189921241065468	0.222476021207944	0.196790796036672	0.099732602937053	0.202933312064469	0.173783542381393	0.217270681051293	0.18749887262932	0.164245506880259	0.167898510893186	0.1857416510883	0.180256506860858	0.175368874512538	0.199543292474265	0.188310841869826	0.113140889339977	0.153025460965706	0.180475296396198	0.142316725368452	0.161959007081359	0.193472305482084	0.20991069891236	0.21222431054621	0.11819510613427	0.212362889840145	0.201384459180061	0.203359659121494	0.173024064964718	0.200576069228577	0.152046572830942	0.0496797620347052	0.181399947314551	0.209048053531936	0.115026163633424	0.20549500590623	0.106270532415371	0.174683959496142	0.0484517092129799	0.187566665386913	0.217069580398425	0.192101719252991	0.184819995002313	0.225486996047425	0.204435447099233	0.21759848311694	0.20299056684128	0.191506274721839	0.219625558365475	0.21548969351282	0.208885605889137	0.181481232697313	0.212168246206611	0.214711674837151	0.228114518854353	0.206529746754001	0.170774766291031	0.204591226096105	0.207411932975355
GA74	0.0317798998733663	0.0620902958090859	0.0120986106968955	0.0164996894650312	0.102625210553107	0.0253157154045472	0.0135906255766373	0.0916307038731045	0.013365905120442	0.0305683098808684	0.0631123269447173	0.0802716655336847	0.15104632651565	0.015253017335481	0.0696583323255934	0.0358733933682394	0.0902159027378969	0.00932802308193229	0.00695589197402105	0.0700537885605085	0.0599086366292804	0.0239128290082921	0.0876628423128465	0.0882392071112238	0.1725827064177	0.0892218250517893	0.184501635456326	0	0.0666086694056338	0.00718905286370812	0.0770950140525596	0.0352998982287116	0.0247877005374793	0.0106927976894164	0.0356589950940976	0.0239671299144663	0.0208744845033219	0.0261685829421487	0.0374472967226698	0.0424345732299667	0.0507728998934982	0.139994101918707	0.00858471899133439	0.00670049216062056	0.14322858785439	0.0600286165271143	0.0295022098592134	0.0509764991625391	0.0418818379667672	0.0262211781180925	0.00761366660490331	0.0269368715734795	0.0067639267442494	0.0829931767751472	0.0132573575200043	0.0556666609087978	0.00779785730316294	0.0219192487867361	0.0313696828153398	0.0587809240125646	0.00634628174915027	0.0064063189742908	0.0586241914166345	0.00745669755482907	0.0308326653985664	0.0159729340659323	0.00835635018125741	0.0443365254411192	0.0146182142762524	0.0855447599532628	0.0217686480668496	0.0161744395701328	0.0385251349835384	0.00659267634807173	0.0239267247268046	0.0176796746355566	0.00595421318642118	0.0119329243757282	0.0130229139502979	0.0176978343650887	0.00681260587280673	0.0753057606217235	0.0352736030695866	0.0098992862992666	0.043031337830906	0.0285363474653827	0.0109614929086717	0.0299043519554114	0.0324901295731766	0.0783168453760821	0.0325837035785721	0.0196889522720617	0.0222444494908694	0.0141047472463488	0.021029972856996	0.038400219828643	0.159488762719463	0.006660003611357	0.0288449776537641	0.077947618232833	0.0264831753165433	0.0806817060167139	0.0134979963874106	0.16075485658766	0.00685978704955278	0.038370845989898	0.00967544429427521	0.0108678224073215	0.0480417978357185	0.0234292324801738	0.0387986902749599	0.0241130579385267	0.0328958257656507	0.0411638187037574	0.036917807910629	0.0300066207225124	0.00896967558961625	0.0324784154730915	0.0354274979068173	0.0508461530611973	0.0261259487726622	0.0165693450700304	0.0235665604152312	0.0264874901528461
GA75	0.0357525503695613	0.0162372180458271	0.0776805975521454	0.0821838510608432	0.0462008956819773	0.043005735999105	0.0789602951268957	0.0357987108555707	0.0580584718422456	0.0963633260642639	0.00796125929466345	0.0231364456127689	0.0946423661979762	0.0812133150269287	0.00834235277160946	0.102208374275102	0.0298935850480139	0.0590813126828935	0.0662309172177556	0.00811154683087623	0.00902950608599555	0.0897022512073469	0.0219970819107586	0.0309795972260863	0.116242161904923	0.0273166167728528	0.128255393845264	0.0666086694056338	0	0.0676364363970781	0.0264266228886566	0.101196018734364	0.0905410798661637	0.0757488813063111	0.033537409785721	0.0443822364840243	0.0465073718153166	0.055729114347034	0.0296485053158995	0.0277493336247374	0.0284445911100266	0.0745370747013526	0.0736461360797738	0.0678285146602477	0.0870267271694511	0.0211166512465688	0.0956274146082425	0.0281780579155593	0.0329926994657426	0.0407186010382091	0.062280455961673	0.0928870017329852	0.0641676347439337	0.0277001339415408	0.0734766246468732	0.121422859529654	0.0729248792008318	0.0453268032746785	0.0971232404311498	0.0221735912497447	0.0701727895724653	0.0637812725070751	0.0149406560583774	0.0727410828224336	0.0372824686758145	0.0818689026766353	0.0729832746690572	0.110138921800888	0.0803164470225874	0.0287967562449701	0.0882308412380893	0.0533198437305412	0.105043262092754	0.0695349865715311	0.0428746113120907	0.0620095375360865	0.0680753079929737	0.074770926036919	0.0698664462325549	0.083820400514988	0.070639758286151	0.0178852597006945	0.03426327471706	0.0689752580541553	0.0338179815485321	0.0396545051098472	0.0765240586767293	0.0963348357966452	0.0984122808081935	0.0125096729577924	0.0984225669744039	0.0853409538365374	0.0885033011436462	0.0532526110082564	0.0871919876698292	0.0287073770011164	0.0934603528091402	0.0632560866122896	0.0950704644424747	0.0139939148646939	0.0926031249791685	0.0228912875319671	0.0545671985606955	0.0950925771636192	0.0697195322977172	0.104813915461001	0.0747297328680453	0.0755449185768763	0.114563686001782	0.0894577908094483	0.104934725948054	0.0905055419513674	0.0759739504769595	0.107501093335826	0.103135402154441	0.0964554165198345	0.0680652091072665	0.0988034656403041	0.101828171975083	0.117031314231531	0.0925640618861324	0.0507774232990212	0.0896049670950331	0.0922445129565518
GA78	0.0325956213748967	0.0630900470370596	0.0113997475168846	0.0152900080546981	0.103619965564723	0.026024734902412	0.0124263105152006	0.0921647435035368	0.0136745412119034	0.0293951361825821	0.064233843500566	0.0814034738248647	0.152171931634046	0.0144169091369317	0.0709690182196974	0.035356607250493	0.0913055013075019	0.0101975661313227	0.00623669271884166	0.0706825917868903	0.0606648841440076	0.0226091557191779	0.0889507452345858	0.0893309582965543	0.173702768454648	0.0900551542037665	0.185754828681849	0.00718905286370812	0.0676364363970781	0	0.0777920087931132	0.0342913567079137	0.0234703835419784	0.00972197389564091	0.0363760706827496	0.0245916012937974	0.0218629697996258	0.0275024879498012	0.0385173562199178	0.0430407367195144	0.0522341928397766	0.14150975945622	0.0078847277187893	0.00638867838947911	0.14452616464008	0.0607140062734334	0.0288227376142385	0.0524435387642095	0.0427444219363458	0.0275954916659329	0.00847800150913459	0.0259111491173054	0.00749906245784421	0.0842231303603962	0.0137524540780695	0.0544138732131081	0.00684366175655577	0.0234349094086675	0.0300991462468348	0.0601925840883544	0.006501388135178	0.00712852494384284	0.0595079428243517	0.00749617997636887	0.0314942845754852	0.0151767565955812	0.00815530732565682	0.0431304501576556	0.0135405036888904	0.0865065195795262	0.0213645131825799	0.0169081812056553	0.0381654824760526	0.00636997154027205	0.025171536256117	0.018240635476141	0.00607672209893777	0.0121328581707797	0.0129119281214897	0.0171468169545999	0.00615776692957481	0.0762223036903324	0.0365444816686589	0.00907896871847863	0.0445629346062138	0.0291709453149727	0.00993067443175618	0.0294459629521677	0.0315227875053281	0.0792389333323397	0.0314650760512009	0.0184312440064557	0.0217428178281871	0.0150337704431473	0.0203324991814566	0.0396169897808571	0.160427490418608	0.00724299528313838	0.0281706395925898	0.0792528953817156	0.0257034199923804	0.0815310142181738	0.0140418930977555	0.162059715299895	0.00648606946336745	0.0379432147237087	0.00878849050095963	0.0114547633942254	0.0476753294016376	0.0225237254429646	0.0380328262431754	0.0236000256669341	0.0327837768791601	0.0406007229378729	0.0362566290517347	0.0295525068567708	0.00898727365637744	0.0319133300635249	0.0349560439247977	0.0501726280634451	0.0256467188398043	0.0176141411865676	0.0227181819276978	0.0252173601489778
GA80	0.050243280414078	0.0199808003286822	0.086485201662237	0.0899184013556952	0.028628038138979	0.0560523282096844	0.0871875584125519	0.0301335684089649	0.0691396004398062	0.101967835140349	0.0273843593142851	0.0197125934675863	0.0754838251706326	0.0894342475768292	0.0287740941563941	0.107929133932398	0.0304050487701339	0.0705943218987398	0.076579743789302	0.0284878659353714	0.0279518965857499	0.09663202854419	0.0438270012688155	0.023739073538419	0.0970079894318725	0.031840543939986	0.109075969743608	0.0770950140525596	0.0264266228886566	0.0777920087931132	0	0.106754964876055	0.0970311879810661	0.0844660280930876	0.0484615594825961	0.0574976130943708	0.0596065897155892	0.051358029961285	0.0450797327841171	0.0430633482720816	0.0273048905467596	0.096362917034915	0.0829991185755441	0.07786910273511	0.0690870305353945	0.0186859506154151	0.102054353314217	0.027281749814824	0.0396061545294343	0.0549097667739849	0.0734004158187996	0.0994203973448638	0.0745976342245786	0.0133604649948238	0.0834780435896281	0.12628004489222	0.0820506995525023	0.0588791123920619	0.102682999965518	0.0202720035526036	0.0802193361550871	0.0747270260119077	0.0253646030288303	0.0824152019740355	0.0513757976392905	0.0871379761533304	0.0826045845193092	0.115085636726534	0.0884055231857781	0.0194399168366811	0.0956941216883033	0.0653189809033365	0.110586763858193	0.0792198430257614	0.0566436734539692	0.0600969749643947	0.0783738632771102	0.0732365959521496	0.0675457447315707	0.0917746298240893	0.0802633371015992	0.0191207678066661	0.0455559269158226	0.0721355146079352	0.0352042323787405	0.0534118498967151	0.0853645121960929	0.102710048282387	0.104226284857952	0.0341972908136821	0.104059027075165	0.0926902501119508	0.0958597377845735	0.0656012238727676	0.0929750714338187	0.0444765922171299	0.115132749532208	0.0742777128035974	0.101484095734177	0.0294297722855	0.0978000054154733	0.019396936991299	0.0664549640408068	0.116878853076034	0.0795143473931033	0.110260082841522	0.083479900176477	0.0776061661014653	0.119940995116426	0.0964791528654821	0.11038657676692	0.0956648182537821	0.0839018437145936	0.112922819274845	0.108342896431986	0.101743054736142	0.0738736558517422	0.104841184059177	0.107619335931359	0.122332607104321	0.0993057785913198	0.0629325244914402	0.0966361292985955	0.098686535475832
GA84	0.0661289880447316	0.096667241342742	0.024467541798573	0.0202727018940178	0.133973322432451	0.0595651731421851	0.0268908637867431	0.125587202683844	0.0468876289410724	0.00668649436644928	0.0978110378438776	0.115002090280706	0.181025267700956	0.0205998368504824	0.104629151447855	0.00500522777314693	0.124827766508767	0.0427441756908942	0.0354535915333815	0.104220526236476	0.0942105987306797	0.0226066169620614	0.122626696873193	0.122855104204982	0.202583117918535	0.123543594521706	0.214657383284183	0.0352998982287116	0.101196018734364	0.0342913567079137	0.106754964876055	0	0.0141555240067343	0.0280568493398452	0.069903438816769	0.0581564343336857	0.0554264294679719	0.058060252079458	0.0720405880399425	0.0765899160895685	0.0858019155384314	0.175225642142874	0.0280970256737988	0.0343896751339086	0.174487981982905	0.0941744374506401	0.00708947212769264	0.0860244362342237	0.0763175164659818	0.061275009931338	0.0399752289545958	0.0087441710715248	0.0377685762753691	0.115562220263963	0.042262252043895	0.0204267237862252	0.0287594472932996	0.0571489839466533	0.00963696206901034	0.0938071179570574	0.0320967176759785	0.0384695871987126	0.0930069146132228	0.0295110293334783	0.0649959880745772	0.0217806640259846	0.0293607233713071	0.00918910303741054	0.0215042148142903	0.119650063189593	0.0138998066164516	0.0504007708996233	0.00532300549505203	0.0323048279329081	0.0588129384800641	0.0486319495948276	0.0339578419660378	0.0353561344961024	0.0404451171105558	0.0178141133069541	0.0308823248352667	0.109738482143542	0.0701707695620229	0.0375500249704628	0.0781202612049652	0.0627023718423314	0.0252132203919117	0.0068226118696703	0.00478957406235765	0.11282168193297	0.00581712661766108	0.0230534316294573	0.0134227966273561	0.0486844185401093	0.0159829862114757	0.073268904980987	0.193965866860717	0.0390008973578612	0.007233674132331	0.112890703810586	0.0105351765329639	0.115084526063216	0.0475116446990557	0.195725680752234	0.0320105594629892	0.00514305706894098	0.0280258336828815	0.0316227221805038	0.0139101656116169	0.0123091185138551	0.00493455301465924	0.0129480248110162	0.0594132954273561	0.00700556140186058	0.00450497649309009	0.00781210638451004	0.0372539887938536	0.00516785402497691	0.00474673488960517	0.0162568993894666	0.010011983736691	0.051164828730051	0.0120877566008894	0.0162317266104498
GA88	0.0551587189312535	0.0858736163889519	0.0139895125710866	0.0093481296178358	0.123830621140172	0.0482046316293153	0.0140295675297202	0.111987459238129	0.0340901927533324	0.00920269990015323	0.0871121531935653	0.104424811297595	0.172063956959079	0.0105591714217544	0.0941350847633198	0.0156614141223595	0.114234888643929	0.0322411213295929	0.0247993688710561	0.0915067691845123	0.0828099457377737	0.0116955120154101	0.112130135975101	0.112178462096537	0.19362253010875	0.112509748475118	0.205713427729077	0.0247877005374793	0.0905410798661637	0.0234703835419784	0.0970311879810661	0.0141555240067343	0	0.0161002570471604	0.0584900435624701	0.04629406551219	0.0447301003668043	0.0478392826637836	0.0613102196066669	0.063471737571738	0.0753189466818415	0.164742677952304	0.0175109604218354	0.0235312578169573	0.164649444547566	0.0831290589589061	0.00982677077314807	0.0755414645930733	0.0652041529314687	0.0507945472920182	0.0294843663113436	0.00748164125487698	0.0265881999188827	0.105127921685426	0.0313427226824893	0.0328968229769456	0.0176589946742311	0.0466660129640138	0.00786010705574293	0.0833068739509944	0.0216218205309953	0.0279873165894638	0.082110882407487	0.0190864127138724	0.0533331100161027	0.0114671392084071	0.0189409191470894	0.0221785486421802	0.0105714312298317	0.109083883539595	0.00817272008039208	0.0391099822679252	0.0184800829362087	0.0212096621416453	0.0483022308108783	0.038288420743563	0.023481692940072	0.0258213153221842	0.0305119196912556	0.00852112746280101	0.0202224151457124	0.0988202604531038	0.0596378786922103	0.0263553603241841	0.0676377136824709	0.0509870598337265	0.0145844773182438	0.0106737568734609	0.0115119120825759	0.101928639366771	0.0112426324719281	0.0110322066742663	0.00775096648974777	0.0381611026635375	0.00832258531296946	0.0627174148655901	0.183164560734624	0.0285219650602702	0.00967948860606423	0.10234670754936	0.0081385066615173	0.104222208637782	0.0363935913627196	0.185226056310866	0.0211615687179746	0.0181940954385532	0.0159193801016293	0.0214880754644371	0.0279750384183394	0.00716607401504962	0.0182075076830583	0.00891185923234908	0.0478834859424769	0.020858319071733	0.0164063195415744	0.0110751766067074	0.0267721774677436	0.0128529947909592	0.0152946160494754	0.030283965847709	0.00853373735879708	0.0405126876677528	0.0064558155912285	0.00660289983462655
GA90	0.0403525504763379	0.0711500551739726	0.00808021674788736	0.00892203666312112	0.110669765358019	0.0335370305775091	0.00732731213322794	0.0987325417574006	0.0201755173438501	0.0225676586098894	0.0723369900099557	0.0896033545335134	0.159367126346839	0.00968679840173196	0.079303510562338	0.0294216589701146	0.0993471951647238	0.017552490999941	0.0108864438729455	0.0776498009535399	0.068241192423033	0.0157089749059518	0.0972499365758414	0.0974380308479974	0.180913083932616	0.0978197413261491	0.193000931781952	0.0106927976894164	0.0757488813063111	0.00972197389564091	0.0844660280930876	0.0280568493398452	0.0161002570471604	0	0.0438629125028548	0.0318967836786701	0.0299469834720396	0.0347739755919184	0.0465433819765093	0.0497507060115988	0.0604943246251405	0.149911097956426	0.0067052268223235	0.00960257353209373	0.15179670052697	0.0684253501922193	0.0228429105923031	0.0607098988210312	0.0504527798656261	0.0359685316004536	0.0147538498994151	0.0197043838449801	0.0120957035658354	0.0914931863997922	0.0172596809435448	0.0472833372351497	0.00513756124307449	0.031834578075719	0.0225550834879731	0.0684921106304785	0.00861316407099366	0.0133088970124119	0.0674393698949404	0.0075881060864306	0.0388324934650551	0.0100687682661557	0.00751344433449434	0.036324508826841	0.00787541200171667	0.0943141635319199	0.015553746993343	0.0245247037347519	0.0323275011409112	0.00752115589707638	0.033474538475275	0.0251734216857438	0.00993860020852563	0.014044712410506	0.0179509572647136	0.011563996328135	0.00730233847027212	0.0841099093056688	0.0448268141898543	0.0131081452151064	0.0528092338430761	0.0365062541130817	0.00696470650769018	0.0235873111852943	0.0252250358086042	0.0872036594935138	0.0245927183728929	0.0117511051786932	0.0158927934667604	0.0233430313699023	0.0144592546434565	0.0478087276446097	0.168384599565256	0.0138982147039526	0.0222244785458903	0.0875197039409117	0.0195959726056893	0.0894493175425915	0.021688672450531	0.17039600556547	0.00820025066360643	0.0320629415036452	0.00582035820337691	0.0109026865008278	0.0418392936652056	0.0164185974445909	0.0320657089616012	0.0177320950815097	0.0353509858438764	0.0347057334664795	0.0302844173792336	0.0236883015616449	0.012901869795351	0.025943845896182	0.0290906036065684	0.0441773700142148	0.0198793966944019	0.0257280460568239	0.0164996153261099	0.0174337389333305
GA91	0.00832711976148527	0.0308614323536555	0.0466571032925688	0.0504180012703544	0.0745727800284371	0.012203642301205	0.0464291381038199	0.0615484533135337	0.0258543329040586	0.0646534958722615	0.0300407205717732	0.0505945308115145	0.123123630279242	0.0500131456012076	0.0371249943896376	0.0712321356239945	0.0583097800386674	0.0280850027367999	0.0350601609532881	0.0359580872222932	0.0263165719148637	0.0578976048137804	0.0551090441418417	0.0592311826543977	0.144719070256358	0.0559710973516257	0.156819538034574	0.0356589950940976	0.033537409785721	0.0363760706827496	0.0484615594825961	0.069903438816769	0.0584900435624701	0.0438629125028548	0	0.0129338951870761	0.0158167553270668	0.0249005446323391	0.00745760119282593	0.00871604879156244	0.022687827603835	0.107729965839723	0.042516434960293	0.0365833859100486	0.115594897682619	0.0303969074304056	0.0646042534422995	0.0228750602238708	0.0128176099423206	0.0115913766144653	0.0313550563378617	0.0615789113622723	0.0327112024856938	0.0551889528605071	0.0417650832484166	0.0895229845185472	0.0413191513619339	0.0151796926734875	0.0650068036083019	0.0303274314060356	0.0392745542857382	0.0329012632972062	0.0256553808358884	0.0418549538448904	0.00709576322579512	0.0505904830766447	0.0420520232068469	0.0784002444659821	0.048747244432117	0.0571464314454734	0.0573173604454055	0.0212738188218815	0.0741427956581718	0.0380804260741129	0.0120720169530485	0.0309233663584849	0.0371445008751118	0.043871439410129	0.0386332722775864	0.052721756651546	0.0394436281851747	0.0439071616327221	0.00894997808188576	0.0374665726728813	0.0158999069509181	0.00865135314013583	0.0451561852612279	0.0654026119772232	0.0671541012372031	0.0451127905774899	0.0667478261571942	0.0528029501438141	0.0575276780309099	0.0222804875658693	0.0561744729151027	0.00863929723055488	0.126299396157265	0.032365919739911	0.064047538270854	0.0453500635357517	0.061484616099283	0.0507410602888676	0.0231399707851292	0.128217908318597	0.0383835449777167	0.073832748476604	0.0427989570442775	0.0446436610825435	0.0836632156913931	0.0582107343155928	0.073905688908064	0.0595551562881229	0.0447483966221111	0.0765204585411332	0.0721066443230769	0.0655176443508779	0.0370136730448164	0.0678107219964567	0.0709110657976131	0.0860007539993585	0.0616319801921796	0.0196980162561316	0.0583687265111942	0.0600814812562682
GA93	0.00997315483953277	0.0402773034693015	0.0349074396107233	0.0384523732343105	0.0837773281817484	0.00659147856611232	0.0347904611868088	0.0702333302058355	0.0141719620359704	0.0526358637620102	0.0409815901457661	0.059822699224407	0.132368246187465	0.0382910840815366	0.0479464007710869	0.0595451210333843	0.0681925346002434	0.016514301538759	0.0233028361272782	0.0463426430907213	0.0369138455940316	0.0459417871039624	0.0659378288746482	0.0684390019512538	0.153932362794876	0.0664532508588198	0.166017708453265	0.0239671299144663	0.0443822364840243	0.0245916012937974	0.0574976130943708	0.0581564343336857	0.04629406551219	0.0318967836786701	0.0129338951870761	0	0.00708945281686017	0.0155247087317585	0.0154141659726097	0.0185003732942572	0.0318760085813325	0.11855039008037	0.0307983658229462	0.0248144711744078	0.124805692846727	0.0394459317504156	0.0529374667640888	0.0319963084402108	0.0200318641433812	0.00802958063484932	0.0197461630650467	0.0497543625909873	0.0207816864166296	0.0644830466069356	0.0304419860300241	0.0774235657293989	0.0294488599768492	0.00795913898889352	0.0527855636495532	0.0395451779618408	0.0275783896672003	0.0211971673804025	0.036024509091871	0.0301509961918598	0.00809813788950895	0.0387554129378663	0.0303574282149173	0.06644473473231	0.0368715406894082	0.0663315760667878	0.0456200783150365	0.0105848868172898	0.0624474687031423	0.0261855830127994	0.00558709717271003	0.0195836975483807	0.0254408410195299	0.0321751345381743	0.026883728388283	0.0410082612863996	0.0276705012421566	0.0532334411911892	0.0138393511520605	0.0255586807192727	0.023995734073899	0.00652994932324597	0.033390170226645	0.0537057612655741	0.0553340032094657	0.0558357549962973	0.0548337892902018	0.0411240300445846	0.045802108491912	0.0115454269436687	0.0444527980354097	0.0167026945502695	0.137040953744542	0.0206668333319778	0.0523248913914266	0.0561671728512856	0.0497249604550877	0.059821131968438	0.011970674801345	0.139033758279049	0.026635570065918	0.0621984741001418	0.0307939740255325	0.0329391462634308	0.0719678852368485	0.0464681339911138	0.0621725087515031	0.0478487287394025	0.0357988250225481	0.0648276331373537	0.060389827786371	0.0538152440855599	0.0253335920237757	0.0561290305070203	0.0592157390683588	0.0742912823428409	0.0499349849279782	0.00939083200728878	0.0466042146312468	0.0479854748706625
GB104	0.0121921211560615	0.0422906809947406	0.0318899188717507	0.0363961101293263	0.0854981253393973	0.00795678351123845	0.0332331872460517	0.0734815867335507	0.0129191464688064	0.050604830900527	0.0430099134229951	0.061527568470649	0.133951306042045	0.0354560965371102	0.0497744428276113	0.0564324842634225	0.0702223592259065	0.013609796861831	0.020450232414096	0.0496423029801761	0.039569111522099	0.0438761493623859	0.0678056793080436	0.0701511077432319	0.155504326778229	0.068941848747658	0.16754529361773	0.0208744845033219	0.0465073718153166	0.0218629697996258	0.0596065897155892	0.0554264294679719	0.0447301003668043	0.0299469834720396	0.0158167553270668	0.00708945281686017	0	0.0150718821137391	0.0174109754187873	0.022024150382765	0.0333847810391976	0.120313927606501	0.0278120674851416	0.0220655342469914	0.126311086343996	0.0417387996696764	0.0498962490772358	0.0334967322685201	0.022382025047196	0.00862575485635633	0.0166692302604629	0.0471244877712293	0.0183795154438062	0.0660335159286706	0.0278358172173753	0.0756314904852347	0.0271424066011954	0.00680938771822386	0.0513206444906466	0.0410519642849462	0.024358821929329	0.0179759292402352	0.0383355515736221	0.0269337939945134	0.0109182096968671	0.0361284443149061	0.0271751639348539	0.0643471359378762	0.034502796490084	0.0680909177119082	0.0424114651978016	0.00903657929397969	0.0592292916744646	0.0237114550310629	0.00609893775886075	0.0168594507444086	0.0222820165388361	0.0289576539130072	0.0239870232821564	0.038034170753125	0.0248249749925853	0.0555110382612305	0.0157482558743784	0.0232053066726134	0.0255129640037664	0.0088334502793397	0.0307322819105754	0.0505042245818509	0.0526378401978449	0.0581043886039594	0.0526296407962688	0.039538370708775	0.0427059742876075	0.0087897842297227	0.0414058964398473	0.0187052062670277	0.139281571137183	0.0174661401172423	0.0492345831836715	0.0580283589284829	0.0467836069639283	0.0618775885062988	0.00970518792276224	0.140897150894608	0.0238667335502352	0.0590024869700875	0.0289234007435917	0.0297347086604045	0.0687497088478671	0.0436549158108355	0.059138370809531	0.0447026665200188	0.0348877841700809	0.0617149963673919	0.0573549933280006	0.0506420013203163	0.0222802350081202	0.0530080963866879	0.0560308464172513	0.0712284324220335	0.0467556402877425	0.00771365196778053	0.0438020911556904	0.0464401179642388
GB105	0.0211206581725767	0.0410764851804936	0.0359555935731741	0.040248940557693	0.0770978036176677	0.0163105162462652	0.0377000350919035	0.0690748208776267	0.0199997469387723	0.0533807656229144	0.0521953300845743	0.0577075228922897	0.125111077996818	0.0391247177289592	0.0585904439365623	0.0584706558723642	0.0677544465194447	0.0200546253848859	0.0261578251974601	0.0592349763169433	0.0490815615789457	0.0470764526363575	0.0766250570916166	0.065566840647447	0.146630809614153	0.0669182442655467	0.158477618688285	0.0261685829421487	0.055729114347034	0.0275024879498012	0.051358029961285	0.058060252079458	0.0478392826637836	0.0347739755919184	0.0249005446323391	0.0155247087317585	0.0150718821137391	0	0.0265731858371785	0.0316170134177112	0.027970824964495	0.12870321159411	0.0324147140437906	0.0276219460812181	0.117287623611363	0.037547069046684	0.0521780965153617	0.0282363637416351	0.0251828362939484	0.0167048751762269	0.0223724532665478	0.0498063742286629	0.0246779045202967	0.057846663990105	0.0335596425439974	0.078464463353157	0.0322930787624133	0.0149507687210736	0.0541725770542116	0.0358588576806013	0.0288700777661018	0.0234067080674147	0.0422702364698805	0.0310852822066859	0.0201137191474889	0.0371016358222925	0.0315501721237193	0.0671416934993532	0.0386203352286659	0.0625830783010131	0.0447113709806493	0.0165553580536836	0.0608534844159478	0.0292770273494299	0.0140348398173698	0.0101259720213053	0.0274084764485708	0.0228824400239521	0.0179993851354929	0.0412790821394836	0.0300822137017744	0.0529451370991842	0.0215867205118441	0.0223312441146735	0.0219338202209334	0.0179613782657367	0.0352146322227488	0.0524391805508522	0.0552357337014242	0.0674309083683924	0.0554012179826245	0.0432070219004997	0.0452766897476683	0.0158795617859472	0.0426418406117444	0.0273552615233142	0.148602822513291	0.0229633074216168	0.0515364826553398	0.0618195382106786	0.0480865593058894	0.0582061545415358	0.0173473096349173	0.1496636614655	0.029313863960631	0.060732858236691	0.0338809879289733	0.0267706135419583	0.0703737613453407	0.0464637879696157	0.0614382342407198	0.0453179920412073	0.0385810830677399	0.0637164121926433	0.0591848201372407	0.0517366711765227	0.0231752629683475	0.0550406984232291	0.0579561700649334	0.0735237226642744	0.0486926343856436	0.014910080949917	0.0465886282800424	0.0494316628183981
GB106	0.00819559842453931	0.0273556075143543	0.0485441014170647	0.052938855883449	0.0709838769727885	0.0139996532363714	0.0498318231166011	0.0589308662697522	0.0288568378962351	0.0671913963225153	0.0261273275063646	0.0469581154033993	0.119462579187721	0.0520319879581832	0.0329067242717502	0.0730631453822358	0.0547756582423292	0.0298932966860858	0.037055945832922	0.0326933727101094	0.0227164125465082	0.060477550696544	0.0509023212573745	0.0556512184140056	0.141021146994046	0.0524436211157026	0.153073209102708	0.0374472967226698	0.0296485053158995	0.0385173562199178	0.0450797327841171	0.0720405880399425	0.0613102196066669	0.0465433819765093	0.00745760119282593	0.0154141659726097	0.0174109754187873	0.0265731858371785	0	0.0068388254372309	0.0192522081649966	0.10343470221216	0.0444387176422158	0.038692757863589	0.11182790535568	0.02723693064969	0.0665611724058787	0.0194679820308029	0.0112816300243139	0.0120919428288353	0.0331429412042854	0.0637154908794345	0.0349742658624444	0.0515116431910281	0.0444448685292343	0.092234144457663	0.0437019310251932	0.0162950813502186	0.0679012468141137	0.0266179444099014	0.0410023916587986	0.0346168551706907	0.0220329514328353	0.0435754166671423	0.00879645378639301	0.0527557926722849	0.0438453579566093	0.0808947294047384	0.0511259895307247	0.0535548892286089	0.0590610048837132	0.0241693281145258	0.0758711894353231	0.0403419813385817	0.0137509972073439	0.0328696104838993	0.0389207340400628	0.0455991372165054	0.0406803808203249	0.0546763548721569	0.0414432938201259	0.04054435636058	0.00786413692144884	0.0397908134254241	0.0136223888927788	0.0108069709685603	0.0473974873170708	0.0671516717082322	0.0692689214089904	0.041180779122644	0.069207779423456	0.0561203027539181	0.0593652157395175	0.0241020528101033	0.0580310181460597	0.00649120516409495	0.122352425347675	0.0340865217337404	0.0658983967144682	0.0411531441478115	0.0634406297420612	0.0473715898326852	0.0254414746481361	0.124017930316805	0.0405141806813201	0.075644383790216	0.0455051143136289	0.0463807655479571	0.0853916086783313	0.060319149923144	0.0757959376681935	0.0613334753898659	0.0469476350329139	0.0783349824222651	0.0739910651487534	0.0672777983350585	0.0389208856480892	0.0696101846417995	0.0726838369261135	0.0878647877411409	0.0634030894272857	0.0216303253334693	0.060382975020794	0.0630209979911645
GB107	0.0112713237794003	0.0257074219560382	0.0533809416146591	0.0563795197416436	0.0695323864694196	0.017686507462364	0.0518971467108438	0.0541309881390947	0.0310250346106712	0.0707087626661917	0.0243231585399822	0.0455439486211599	0.11814092641527	0.0566900371752604	0.0313380141131053	0.078028527173129	0.0531210842156651	0.0348579815278451	0.041757400119395	0.0287120753823958	0.0199765971664226	0.0635042281238118	0.0493294434490228	0.0541884066781612	0.139699496253572	0.050174522975629	0.151790389960462	0.0424345732299667	0.0277493336247374	0.0430407367195144	0.0430633482720816	0.0765899160895685	0.063471737571738	0.0497507060115988	0.00871604879156244	0.0185003732942572	0.022024150382765	0.0316170134177112	0.0068388254372309	0	0.0180668756647995	0.101942000440275	0.0492676242508671	0.0432322471957616	0.110578368634287	0.0251402512681906	0.0714092215504309	0.0180052546031698	0.011103519125644	0.0166881075364095	0.038134372445068	0.068192140923606	0.0390868034552444	0.050255028173478	0.0488024492080163	0.0951747254590796	0.0478360194976282	0.0212230496908152	0.0693939503545713	0.0253598141681516	0.0460604115041217	0.0396680566999647	0.0199520254949804	0.0486285675204161	0.0116274921891439	0.0572023461337643	0.0488376441891446	0.0846230385429931	0.0551814052342164	0.0520953875825261	0.0641018211691066	0.028148922260211	0.0809308756331001	0.0444961912327945	0.0186419797346297	0.0376178563544244	0.0439172969623046	0.0506585488340469	0.0453324629501863	0.0594750367707074	0.0461267151239544	0.0386614428851942	0.0107768943575634	0.043765326397437	0.0137573438085089	0.0139228382119627	0.0517737312298833	0.0721891684965654	0.0737451578330512	0.0391053239993676	0.07301326464824	0.0581035143272443	0.0642855200126316	0.0290498001820812	0.0629187343698559	0.00759169329522234	0.120354914529757	0.039143427773708	0.0708082993750018	0.0395467150015662	0.0681917279055624	0.045533193858585	0.0295891436193176	0.122425382260722	0.0450024873469815	0.0806763350512042	0.0485814559565048	0.0514210306785323	0.0904512978111855	0.0649127148919635	0.0806503701541159	0.0663321411820373	0.0508282604166354	0.0833054957064715	0.0788676887750626	0.0722986513541804	0.043794562306368	0.0746043881382605	0.0776991451328451	0.0927746977017383	0.0684183957525576	0.0263821243524852	0.0650654359146802	0.0650804988437831
GB108	0.0243602615000323	0.0137310078193556	0.0619544330796208	0.0669083364232622	0.0527184867497646	0.0303247125085556	0.0638164150895494	0.0415892016819932	0.0437200961803848	0.0811079049652273	0.0249457276717882	0.0300100995980278	0.101047917297392	0.0656357596092152	0.0312931180433041	0.0862031627183009	0.0400193236542471	0.043916289591127	0.0507479955188253	0.031945581895986	0.0218880041173161	0.0744104684904368	0.0493257852515789	0.0380727494455347	0.122567658547801	0.0393022485453673	0.134414461300229	0.0507728998934982	0.0284445911100266	0.0522341928397766	0.0273048905467596	0.0858019155384314	0.0753189466818415	0.0604943246251405	0.022687827603835	0.0318760085813325	0.0333847810391976	0.027970824964495	0.0192522081649966	0.0180668756647995	0	0.101403243990258	0.0578385824055383	0.0523721579123627	0.0931192299332282	0.0101681022429745	0.0798556741439935	0.0048930519516227	0.0143417615274137	0.0278771851362303	0.0466160378371826	0.0774263288411829	0.0490767614106939	0.0329514974446008	0.0583086415297455	0.106206279360887	0.057669333172868	0.0316161156509711	0.0819121968716082	0.00896745793123946	0.0537667778330018	0.0476929491216486	0.0159832752601366	0.0563079911575775	0.0257748756087338	0.0644037875939499	0.0568456979035729	0.0948835010028849	0.0650061212781102	0.0356139844528051	0.0719501317826786	0.0396087405205977	0.0885951504713357	0.0542251547102374	0.0300277962038914	0.0373127591053043	0.052104843799213	0.0505867702416097	0.0456615350952353	0.0681322921782431	0.0551575991992999	0.0252581731312805	0.0191192586031376	0.0490332828326659	0.00855942022918507	0.0278333093067913	0.0610855861068374	0.0800975271397167	0.0829682517232317	0.0401309400495857	0.0830983356996016	0.0701162167119257	0.0725433581480474	0.038727234503386	0.0701174306297543	0.0186244539276819	0.121302867853882	0.0472547892819751	0.0792103801110778	0.0345215154717667	0.0757825085987346	0.0305007197000463	0.0405394946497799	0.122363704849373	0.0542718207444807	0.0884746626922579	0.0595076042368557	0.0541998649561646	0.0981155740793305	0.0738639798429277	0.0891800397122749	0.0729758152455995	0.059220487195434	0.0914579394339311	0.0869266238025945	0.0794639592670431	0.0490898860787803	0.0827646634042865	0.0856907171281901	0.101265537994679	0.0762428490049911	0.0365550143813545	0.074061081415475	0.0770319550476893
GB110	0.109697963252212	0.0891327524576524	0.151377152914953	0.15632997814453	0.0722431112268958	0.117118429881756	0.153240010744393	0.0874826114888143	0.132271166251163	0.170531638794475	0.0783697861162099	0.077583421435621	0.0443612636640818	0.155059484520344	0.0706075995859474	0.175626891279461	0.0662958486513658	0.132539560096432	0.139960430035687	0.0740722137870211	0.0820985167014478	0.163834199760899	0.0528177158775354	0.0731423219872846	0.0527111555666032	0.0651196866776004	0.0644637801580959	0.139994101918707	0.0745370747013526	0.14150975945622	0.096362917034915	0.175225642142874	0.164742677952304	0.149911097956426	0.107729965839723	0.11855039008037	0.120313927606501	0.12870321159411	0.10343470221216	0.101942000440275	0.101403243990258	0	0.147258594632149	0.141665554558388	0.042658132924275	0.0950929225243703	0.16927941038151	0.101088566536253	0.106919278324854	0.113953014741642	0.135533029232362	0.166850061729701	0.138184342420462	0.084532953046187	0.147661305587701	0.195630014243752	0.147093053869527	0.118282955930089	0.171335936194718	0.094927035196863	0.143148409597801	0.136756059271519	0.088285930078439	0.145716563920782	0.111455648159138	0.155831966285754	0.146241842345758	0.184307229187753	0.154425949008778	0.0773259819005475	0.161372885559544	0.127472537936586	0.178018878204654	0.143586808232346	0.116440460386902	0.135769276230624	0.141415803269906	0.147746545798851	0.143657539378513	0.157556019347123	0.144534996212131	0.079483973182211	0.10774629337318	0.143039823029981	0.106783595575829	0.113826934812647	0.150509309738573	0.169521257130787	0.172391983746278	0.0628366816525507	0.172522063207145	0.159539946853512	0.161967093444834	0.126586453932704	0.160750088667629	0.102188246117698	0.0199014276167321	0.136231431380065	0.168634108672238	0.067466160451824	0.166266083566829	0.0780155394564975	0.128662983350682	0.020960458252118	0.143638211819861	0.177997328115232	0.148931330502635	0.148675451676051	0.187539302791008	0.163287714424759	0.178603765940425	0.163775174605726	0.149364051042181	0.180881666715699	0.176682399830433	0.16967512065112	0.141610471362417	0.172188395502591	0.175114445463575	0.190689268888849	0.165756032021359	0.124585160552853	0.163484816448857	0.166455680974806
GB111	0.0386731386222322	0.0690996068896669	0.00680937232464938	0.00958997972669419	0.108690210815632	0.0321817524411311	0.00805762100898933	0.0982825270656383	0.0196095832689392	0.0233085727356751	0.0701556197094797	0.087257660097546	0.157189423839251	0.00903577633164447	0.0767790114111973	0.0289549521838475	0.0972156487029008	0.0151461895809255	0.00858228248861534	0.0768999591319248	0.0667708581972002	0.0169072144693046	0.0948113881126799	0.0951663449858174	0.178664784088279	0.0960762306596294	0.190716847927883	0.00858471899133439	0.0736461360797738	0.0078847277187893	0.0829991185755441	0.0280970256737988	0.0175109604218354	0.0067052268223235	0.042516434960293	0.0307983658229462	0.0278120674851416	0.0324147140437906	0.0444387176422158	0.0492676242508671	0.0578385824055383	0.147258594632149	0	0.00785038874700967	0.149460445299293	0.0667565857822245	0.022437882346261	0.0580697310241786	0.0488036360704538	0.0333974706479395	0.012265505776576	0.0197675617298845	0.0108804332458113	0.0891881683709645	0.0161007885430761	0.0483814079051066	0.00422650721906614	0.0291849946358589	0.0240812383102949	0.0658720814519458	0.00592027027592812	0.0109597098927785	0.0655613266909965	0.0054525482348364	0.0376682000404054	0.00938966087620668	0.00569804289379402	0.0370763699627585	0.00743414465610803	0.0921051662528154	0.0149074035215737	0.0230073406633855	0.0316685486321497	0.00656850905759693	0.0310414396602698	0.0232563240528859	0.00715906359631055	0.0120441712711872	0.0164929980299238	0.0108862023558374	0.00571229103911489	0.0822485055435788	0.0423791718415239	0.0119369497635599	0.0501710725854142	0.0353682841729335	0.00559490784059627	0.0229741416335332	0.0253166640459588	0.0852429480715231	0.0253337035143767	0.0129617516308872	0.0154681889824757	0.020848790912729	0.0140999162268609	0.0454884404034326	0.16642041323763	0.0113596462261289	0.0217836948224541	0.0850734296772215	0.0193660001921928	0.0875834560755527	0.0201009963027606	0.167875119682514	0.00656898148155611	0.0314433934976055	0.00561807475128032	0.00908142844487847	0.0411896629616468	0.016279065515846	0.0316858098964498	0.0171496987888458	0.0343248540290979	0.0341907564099088	0.0298569418508748	0.0231186996656235	0.0110045184306048	0.02545414558339	0.0284994892173945	0.0437912470802213	0.0192147210437917	0.0235095722836	0.016398071436061	0.0191993187040542
GB112	0.0327925417346485	0.0632542651334796	0.0114795159445041	0.0153933931424311	0.103769397720544	0.0262389706654681	0.0122624398608965	0.0923433614650158	0.0140100415529109	0.0295176227492365	0.0643704285600571	0.0815757623676098	0.152253982846183	0.0145172476980158	0.0711285263450459	0.0353654708261743	0.0914739020394556	0.0104330765445613	0.00643405741706227	0.0707845761243141	0.0608259402591773	0.0227173641512189	0.0891450815128558	0.0894808863299062	0.173817668599312	0.0902144647005833	0.185850098578617	0.00670049216062056	0.0678285146602477	0.00638867838947911	0.07786910273511	0.0343896751339086	0.0235312578169573	0.00960257353209373	0.0365833859100486	0.0248144711744078	0.0220655342469914	0.0276219460812181	0.038692757863589	0.0432322471957616	0.0523721579123627	0.141665554558388	0.00785038874700967	0	0.14462099833922	0.0608758427804769	0.028924098332422	0.0525457676161419	0.0428544226093124	0.02780746547811	0.00783982010607636	0.0260791259469709	0.00707428435903193	0.08433565888742	0.0128706469426327	0.0545086396688765	0.00661999591675615	0.0236216117251627	0.0301975592444039	0.0603519300318728	0.00580255022375948	0.00761860121403717	0.059684716992908	0.00708528556931538	0.0317203426978203	0.0152337064148124	0.00807285219821326	0.0432668493853675	0.013502803831032	0.0866640568381608	0.0214223003278327	0.0171648707673556	0.0382294278742388	0.00618930151827182	0.0253537405997214	0.0182615998059963	0.00584816503587809	0.0121128152952426	0.0130260067126441	0.0170666020989155	0.006017822926309	0.0763773203573444	0.0367004268924997	0.00959959787062623	0.044674621970214	0.0293942665248507	0.0102264417554111	0.0295091566225194	0.0316451510997734	0.0794378951417677	0.0315341574299817	0.0184012760944439	0.0217599858755641	0.015470467752429	0.020387093828182	0.0397848381914876	0.160607259080868	0.00771547196141322	0.0282333277711513	0.0793878144086009	0.0257397272031416	0.0816940676533815	0.0143509705649745	0.162230460932761	0.00616152791866111	0.0379999942626014	0.00847821902822364	0.0112274044071033	0.0477452567129424	0.0226110017134084	0.0381375470509132	0.0236892221504916	0.0326120237434151	0.0406955854045321	0.0363313365125596	0.0296234256315111	0.00931232881196069	0.0320000828930525	0.0350268240077327	0.0502457850885512	0.0257633560139573	0.0178681912366301	0.0227534459489915	0.0253167545818018
GB114	0.117186979889268	0.0848943242671514	0.153001712578716	0.15723678138521	0.0415703291920098	0.12327942116694	0.154710694093897	0.0735785157767811	0.136641792125172	0.169875034629697	0.0903687568174468	0.0651842614617011	0.0109672454595001	0.15617110015768	0.0836817681638881	0.17497014186599	0.0575810385247072	0.136848096368891	0.143180034076325	0.0866470348955405	0.0934659566993665	0.164000772918114	0.0684419636699286	0.0565316902868675	0.0295111253631837	0.0606007668556589	0.0413784516617806	0.14322858785439	0.0870267271694511	0.14452616464008	0.0690870305353945	0.174487981982905	0.164649444547566	0.15179670052697	0.115594897682619	0.124805692846727	0.126311086343996	0.117287623611363	0.11182790535568	0.110578368634287	0.0931192299332282	0.042658132924275	0.149460445299293	0.14462099833922	0	0.085439507708405	0.168910780789876	0.0929729134747476	0.106557808741175	0.120926480853196	0.139434131934787	0.16651589190117	0.141660120752123	0.0608888675994945	0.150515454285073	0.194848073401836	0.149291631398779	0.124689696939907	0.170724543357136	0.0855030190914568	0.146046336175817	0.140550965161035	0.0909816132049368	0.148242203424675	0.118723321743686	0.154038368300958	0.148648192786207	0.183525298129429	0.1555838496095	0.0584928448302577	0.161721314896237	0.132565974286108	0.17742467709262	0.146292395513467	0.122989110046565	0.126784516931182	0.144468601153354	0.139559985034996	0.134614409370856	0.158294871750504	0.147093267151804	0.0719179095267647	0.111791251057928	0.139278511206309	0.101021496183944	0.120746992227405	0.152238810604269	0.169098258771078	0.171748405604651	0.0769664426193093	0.171911401279045	0.160199280339058	0.162215733768964	0.131739926609126	0.15951801445147	0.110801269384948	0.0621923870134233	0.140104714969192	0.168213270980902	0.07375935999432	0.164777113331689	0.0650474136375418	0.133471941481335	0.0633297767678295	0.146343544878141	0.177261469791634	0.150889693185537	0.143662643402514	0.186918244217381	0.163310336645203	0.177883169717259	0.162063211503655	0.150253510535365	0.1801824810529	0.175602222783397	0.168388541298683	0.140224548677603	0.17165769215184	0.174486119187239	0.18993506497807	0.165554396883406	0.129518368930528	0.163467058328667	0.166292056591824
GB117	0.0322584773818351	0.00816550960698438	0.0708933994174004	0.0748183356240542	0.0444090797782245	0.0381233850023662	0.0716285105757039	0.0319404844006505	0.0512997401934682	0.0890810178084807	0.0182968635168491	0.0214145944096299	0.0930298015926823	0.074274551763077	0.024550812347143	0.0954965572014	0.0312456326051192	0.0529193864251026	0.0594577798713939	0.0237738167716548	0.0160741693613054	0.082406004119401	0.0424849584021352	0.0295010407953852	0.11457173902579	0.0305355237326538	0.126651535506802	0.0600286165271143	0.0211166512465688	0.0607140062734334	0.0186859506154151	0.0941744374506401	0.0831290589589061	0.0684253501922193	0.0303969074304056	0.0394459317504156	0.0417387996696764	0.037547069046684	0.02723693064969	0.0251402512681906	0.0101681022429745	0.0950929225243703	0.0667565857822245	0.0608758427804769	0.085439507708405	0	0.0888994377520349	0.0100538588241872	0.0216080260397208	0.0370965515724336	0.0559081848748405	0.0858099457591471	0.0571275844492696	0.0251228496752153	0.066506249773683	0.11404070235563	0.0655758663861438	0.0410936759841262	0.0897133405310939	0.0055358492218974	0.0635381313511218	0.0573707503652332	0.0113283151977065	0.0660953979675818	0.033372568079468	0.0728858618648967	0.0663303419420816	0.102778949972355	0.0730308019603142	0.0269999679065112	0.0815642975797557	0.0474171599354407	0.0983933602469136	0.0624264122711288	0.038809975157633	0.0460866976792764	0.061445559591356	0.060384978361503	0.0543558127576053	0.0769985299369301	0.0636765506457199	0.0163618208337199	0.0276986862429314	0.0571517025807289	0.017733249963835	0.0353873692490537	0.0695246712803239	0.089651646186607	0.0914461740640679	0.0325117091827019	0.0911561011364966	0.0779356269372834	0.0817479978155608	0.0478040985386781	0.0792111147834797	0.0266488499168043	0.113677811818291	0.0568954697010493	0.0882874216244678	0.0276508041554027	0.0846689780703699	0.0213939773690219	0.0485011613880745	0.11558740322638	0.0627216480371326	0.0980398811475195	0.0673309317742935	0.0638309523764283	0.107913781973449	0.0824694969136305	0.0981294958278386	0.0824245344659295	0.0683837922459299	0.100767979718218	0.0960203119450145	0.0889737029569318	0.0581848767369685	0.0920804647935761	0.0951616279404573	0.110259371950771	0.0858025206911443	0.0450241485742306	0.0826277671889825	0.0848330922349535
GB120	0.0607541375464261	0.0911814389054221	0.0187926370170758	0.0150845298741126	0.128448420928584	0.0543172170191702	0.0216579881609615	0.120406502500327	0.0417152117523882	0.00644843387793787	0.0921817688327847	0.109316842348287	0.176085566781988	0.0151184419160615	0.098838244273205	0.00834905600934901	0.11928943228541	0.0369687969373031	0.0299042856057334	0.0990283005315848	0.0889251238167888	0.0175554410582691	0.116877562620423	0.117205394262617	0.197619102217934	0.118257505950904	0.209632344920226	0.0295022098592134	0.0956274146082425	0.0288227376142385	0.102054353314217	0.00708947212769264	0.00982677077314807	0.0228429105923031	0.0646042534422995	0.0529374667640888	0.0498962490772358	0.0521780965153617	0.0665611724058787	0.0714092215504309	0.0798556741439935	0.16927941038151	0.022437882346261	0.028924098332422	0.168910780789876	0.0888994377520349	0	0.0800781940119435	0.0709107351498772	0.0554172572011899	0.0340952858554594	0.00589700243459318	0.0324188360775059	0.109712138621494	0.0368181019080709	0.0267101345828386	0.0235798683751262	0.0512034442238133	0.0081189362746146	0.0878775232669079	0.0261599437775786	0.032526693673748	0.0876431578036511	0.0235686921091242	0.059796589417289	0.0163940905235858	0.0235282052684613	0.0153599146029188	0.0162465562103222	0.114092148990944	0.00889595095573859	0.0450571175250742	0.0101335656498747	0.0269941981091644	0.0530830531785584	0.0431228780535736	0.028125200890983	0.0298301097137308	0.035267297498355	0.0122649573081295	0.0254008377610584	0.104330345461465	0.0643854114518623	0.03230613283813	0.0721747205790245	0.0575105862485038	0.0198537498533801	0.00567185742127347	0.0060125210156636	0.107363619738155	0.00692790092293625	0.0179875441215406	0.00825533706158625	0.0428747989500713	0.0109312664611604	0.0675758180217911	0.188557724760036	0.0330550795646779	0.00566701940074335	0.107171913514836	0.00729892060108897	0.109693032096733	0.042179238991906	0.189879293995674	0.0265799558561559	0.010142406192373	0.0228495804988074	0.025841154271003	0.0193761734108469	0.00781502193451455	0.0101103107198	0.00800988583524495	0.0536536509641493	0.012461064391619	0.00896602089756705	0.00548106263452821	0.0315578186677562	0.00649598882606516	0.00758938335242089	0.0220129360124996	0.00644753390548026	0.0455277117364334	0.00758301342644663	0.0113923806283209
GB123	0.0244004140052982	0.013616800355264	0.0621817538307773	0.0671287691879152	0.0525742580719066	0.0304622642338426	0.0640387965196913	0.0414235674296365	0.0438943593339487	0.0813304237043015	0.0246586526057335	0.0297857218450218	0.100901600161586	0.0658582749616618	0.0310011216712118	0.0864256825109925	0.0398005690952443	0.0441250200900767	0.0509391982823309	0.0316941647254156	0.0216501410768339	0.0746329870037358	0.049016395339159	0.0378497317809649	0.122421343895522	0.0390060667719955	0.134268145443815	0.0509764991625391	0.0281780579155593	0.0524435387642095	0.027281749814824	0.0860244362342237	0.0755414645930733	0.0607098988210312	0.0228750602238708	0.0319963084402108	0.0334967322685201	0.0282363637416351	0.0194679820308029	0.0180052546031698	0.0048930519516227	0.101088566536253	0.0580697310241786	0.0525457676161419	0.0929729134747476	0.0100538588241872	0.0800781940119435	0	0.0141146788467663	0.0280154344127184	0.0467940992628685	0.0776488494240876	0.0492546571926637	0.0328131109814752	0.0585401048037139	0.10642879907832	0.0578918530031888	0.0317309223717511	0.0821347167395582	0.00901122324314495	0.0539892969107387	0.0479010146750946	0.0153918315684705	0.0565276980550602	0.02591129414963	0.0646249157461253	0.057071119885553	0.0951060207203181	0.0652247444547788	0.0354558319756479	0.0721716740441443	0.0397539499846071	0.0888176704145441	0.05441462892023	0.0301510178192396	0.0375340531457855	0.0523205530086551	0.050809291125548	0.0458840563554655	0.0683548095626662	0.0553628194588001	0.0250217323614792	0.0189340089899347	0.0492466168120654	0.00883270836684552	0.0279399729851219	0.06130810492117	0.0803200429437136	0.0831907706128226	0.0398196015281208	0.0833208530840248	0.070338737595864	0.0727658801984907	0.038875851178109	0.070339949481716	0.018694473073037	0.120988191001945	0.0474046881903302	0.0794328972697258	0.0342224211704851	0.0760050236501477	0.0303088469581321	0.0406896736510474	0.122049027545886	0.054496517912908	0.0886971830870166	0.0597337563004759	0.0544216887592667	0.0983380910122033	0.0740865008021244	0.089402558827641	0.0731983322537307	0.0594105462760034	0.0916804592266227	0.0871491417890847	0.0796864810164529	0.0493160325544651	0.0829871834980117	0.0859132345878717	0.101488057862629	0.0764653696631542	0.0367046842219854	0.0742836017349754	0.0772544741630554
GB124	0.0136028642935509	0.0227638571852385	0.0529203255745498	0.0569641365848406	0.0656375249452663	0.0187742361996436	0.0536527743167949	0.0530430684336508	0.0327474601435089	0.0712095322557772	0.0295094673926331	0.0418351561094474	0.114162746628728	0.0563733289112346	0.0363689038450971	0.0774679469941842	0.0507599887146492	0.0343995217911222	0.0413732437623872	0.0356107484925576	0.0257869288137164	0.0644474457761254	0.0543503494500512	0.0503221365689027	0.135720957409252	0.0493617292794615	0.147782426139321	0.0418818379667672	0.0329926994657426	0.0427444219363458	0.0396061545294343	0.0763175164659818	0.0652041529314687	0.0504527798656261	0.0128176099423206	0.0200318641433812	0.022382025047196	0.0251828362939484	0.0112816300243139	0.011103519125644	0.0143417615274137	0.106919278324854	0.0488036360704538	0.0428544226093124	0.106557808741175	0.0216080260397208	0.0709107351498772	0.0141146788467663	0	0.0179201777403553	0.0375688589657798	0.0679375275668472	0.0391194273839996	0.0462549574146367	0.048660452637558	0.0961394755527227	0.04780062329438	0.02164883842466	0.0717397544043835	0.0213835762597319	0.0454651065208394	0.039075256466414	0.0194804325906767	0.0480340974348964	0.0141556280843838	0.0549414714403225	0.0482686806018605	0.0849663712310069	0.0551755056914055	0.0482275918351881	0.0635168283349938	0.0284223734410574	0.0803355751465065	0.0444927845865187	0.0192106631067064	0.0313557662972898	0.0433470180465115	0.0442354546841046	0.0391503396923795	0.0590273711190681	0.0457647672355777	0.0357522169184504	0.0102631532177893	0.0393107297519843	0.00923124158453911	0.0159235014392044	0.0515967817092785	0.0716110475812897	0.073566706606535	0.0444870551464835	0.0731172039352282	0.0599638570212957	0.0637796232947195	0.0287494507025589	0.0612254946520834	0.0112561834317566	0.125669263679572	0.0385598140495895	0.070301756413296	0.0396586801819127	0.0666875068963778	0.0419323627620634	0.0297336717032724	0.127453837506097	0.0447423268824515	0.0799924054305361	0.0494496104392138	0.0458801882623723	0.0898559970988168	0.0645736375767173	0.0801631553907587	0.064382966795955	0.0502220843777512	0.082764631645246	0.0780268437934644	0.0709376808519315	0.0401876138128114	0.0740434785157141	0.0771256041045141	0.0922926741868559	0.0677531144083148	0.0259187937516606	0.0647066387940537	0.0668640384695145
GB129	0.00846560627828832	0.0372264220219369	0.0374805677983195	0.0423989425780195	0.0804017344583767	0.00846147527941738	0.0392981356555464	0.0689447595916613	0.018373973916915	0.056578918087362	0.0372082583530985	0.056431311098012	0.12874976184332	0.0411560112478757	0.0436863058030304	0.0617908060249656	0.0646795952560926	0.0187047382703785	0.026054886875279	0.0441970044577664	0.0340534312876336	0.0498838400976224	0.0616701471459384	0.0651309793495169	0.150275047379311	0.0633911575106057	0.162216157774733	0.0262211781180925	0.0407186010382091	0.0275954916659329	0.0549097667739849	0.061275009931338	0.0507945472920182	0.0359685316004536	0.0115913766144653	0.00802958063484932	0.00862575485635633	0.0167048751762269	0.0120919428288353	0.0166881075364095	0.0278771851362303	0.113953014741642	0.0333974706479395	0.02780746547811	0.120926480853196	0.0370965515724336	0.0554172572011899	0.0280154344127184	0.0179201777403553	0	0.0217815772724347	0.0529153908442969	0.0242851864584167	0.0607192158096969	0.0337904839108538	0.0816769973196165	0.0331656558984759	0.00812960185599748	0.0573830749049331	0.0356025607560319	0.0294930579027895	0.0231218535001531	0.0327979504140188	0.0320730396649904	0.0077037537268203	0.0419104751952068	0.0324585206731401	0.0703542260735324	0.0405325012450868	0.0631396874710165	0.0476383391692482	0.0137649061266483	0.0643567086545506	0.029650640250607	0.00599246303786596	0.022243810620046	0.0276384644887664	0.0340831239397327	0.0297529686223527	0.0436557267952447	0.0306242229981404	0.0504084132009684	0.0106204255681598	0.0291529137152012	0.0204702480272813	0.00684177137868987	0.0365622726391361	0.0557355148473171	0.0584643727375401	0.0524144332968827	0.0585729541501614	0.0455929287191894	0.048177351874083	0.0132925852103102	0.0469169211809081	0.0130615338913607	0.133586349812421	0.0225881805615217	0.0547676607213839	0.0519786374361226	0.0523921367194917	0.0570691270433893	0.0150869752720205	0.134752588440674	0.0297157323608796	0.0642662241377614	0.034997810242754	0.0349513205765474	0.0738747609083099	0.0493821534657418	0.0647077721854051	0.0499999703594831	0.0380891412872859	0.0670425371464455	0.0628208024709514	0.0559329219689273	0.0277688351619725	0.0583524361553818	0.0613399366236696	0.0767917306435229	0.0519860951286374	0.0114511473167857	0.0495605254263589	0.0525029631651411
GB131	0.027416059737931	0.0577680455012755	0.0162311571713706	0.0211072877294036	0.098887760229785	0.0209720352372964	0.0181121633698543	0.087625868166938	0.0102832989809527	0.0352685966274955	0.0587347425294645	0.0759463094626412	0.147240779767133	0.019883607843458	0.0652703475395236	0.0404803288366758	0.0858445652958119	0.0064932779064155	0.00702014936881585	0.0657363673201715	0.0556139818797208	0.0284328862196869	0.0832578524044066	0.0840610166390737	0.168777157260914	0.0849049821345493	0.180723823230676	0.00761366660490331	0.062280455961673	0.00847800150913459	0.0734004158187996	0.0399752289545958	0.0294843663113436	0.0147538498994151	0.0313550563378617	0.0197461630650467	0.0166692302604629	0.0223724532665478	0.0331429412042854	0.038134372445068	0.0466160378371826	0.135533029232362	0.012265505776576	0.00783982010607636	0.139434131934787	0.0559081848748405	0.0340952858554594	0.0467940992628685	0.0375688589657798	0.0217815772724347	0	0.0316207917463599	0.00731521298711404	0.0792042720648977	0.0145329570896321	0.060353048710209	0.0119233431736703	0.0177976454189518	0.0360656518376235	0.0545558467544992	0.00865180378533489	0.00599658053877904	0.0542687337205868	0.0110398006009295	0.0265298401560597	0.0206374285620346	0.0115011869159508	0.0490331742724385	0.0193025908536381	0.0816835558625183	0.0263298288213484	0.0123379185144329	0.0430617619945545	0.00905841929459418	0.0195760406280934	0.0143222649007885	0.0076221034185143	0.013614208818498	0.0129372692253027	0.0223468017336357	0.00999373791126694	0.0709812456384452	0.0308858970594075	0.0106074884910174	0.0388262981003282	0.0242308797785128	0.0152805698718029	0.0344759143813692	0.0371417210935944	0.0739667193606646	0.0372540138360828	0.0243014399188034	0.0268653974106366	0.0101521733861341	0.0255642907054286	0.0339641301619886	0.155133087978219	0.00617853617542564	0.0334373386670845	0.0735532523631447	0.0310550101402432	0.0763890716538887	0.0100159780004748	0.156327060828305	0.00910673122923595	0.0429278535185137	0.0137478876153402	0.0141169602248931	0.0525763412617674	0.0280630858050603	0.0434139573739635	0.0286897523987173	0.0327116646662806	0.0457625833499913	0.041519890755716	0.0345941301096569	0.00948264818836116	0.0370846511702044	0.0400183286254454	0.0554484966201614	0.0306643663312901	0.0125063922858298	0.0282431082856474	0.0311844359819937
GB132	0.057797920937189	0.0883249397380183	0.0161462966305665	0.012116029645749	0.125869458672976	0.0512511662085249	0.0185326030313254	0.117189423905479	0.0385168370687299	0.00583528478705145	0.089429905393509	0.106632044821075	0.173855510926006	0.0123464296615419	0.0962868512730406	0.0103672876098014	0.116521258396332	0.0344817501238801	0.0271437110360524	0.0958201916831912	0.0858558453995772	0.0144864394649336	0.114252639840348	0.114485938064378	0.195419627458158	0.115223486691412	0.207482794017503	0.0269368715734795	0.0928870017329852	0.0259111491173054	0.0994203973448638	0.0087441710715248	0.00748164125487698	0.0197043838449801	0.0615789113622723	0.0497543625909873	0.0471244877712293	0.0498063742286629	0.0637154908794345	0.068192140923606	0.0774263288411829	0.166850061729701	0.0197675617298845	0.0260791259469709	0.16651589190117	0.0858099457591471	0.00589700243459318	0.0776488494240876	0.0679375275668472	0.0529153908442969	0.0316207917463599	0	0.0293451700585358	0.107187151081032	0.0339730739254843	0.0288295243688003	0.0204245029205475	0.0487733955560911	0.00690571292811497	0.085431530695371	0.023763569956175	0.030099152267506	0.0846923505417024	0.0211496374503982	0.0566316601453405	0.0135262468347627	0.0210348724227662	0.0175182375953429	0.0131175364344146	0.11132995490775	0.00664567627421947	0.0420223485226884	0.0127467234722442	0.0240362474525517	0.0504373533256126	0.0403863142310369	0.0256050395769904	0.0276556662142728	0.0326130489508311	0.00981924206375925	0.0225872221882596	0.101412821448211	0.0618069786013979	0.0292482362269904	0.0697450908371294	0.0543378786832997	0.0169729870635866	0.006000875900476	0.00652797003699975	0.104473832204486	0.00792619605092132	0.0150910455714723	0.00663770296766112	0.0402999992548215	0.0088199982513683	0.0648934630432514	0.185618007423902	0.0306446545879648	0.00530815167667702	0.104520662490166	0.00576821602104853	0.106797701105325	0.0391670596983397	0.187372278535005	0.0237531834752346	0.0125068348028104	0.0196607085791501	0.0234856427355547	0.0222621348244373	0.00603877637250763	0.0125289250358074	0.00702269979743193	0.0510315754723669	0.0151442422512731	0.0108465911430128	0.00646602922187403	0.0289553174316281	0.00758386989867296	0.00956524749912058	0.024688011439837	0.00520705596327481	0.0428174960078916	0.00533126962942664	0.00848563832484863
GB133	0.0289860389317677	0.0595857339977014	0.0146239533658243	0.0183792277662592	0.100704859001468	0.0223588248987616	0.0151441832510472	0.0883977782696184	0.0104679732590519	0.0325984653235987	0.0607142794990178	0.077999092713751	0.149233773802266	0.0178703521542966	0.067596728189124	0.0389747561303654	0.0878459592961302	0.00794351007319009	0.00689977937586126	0.0667498745400496	0.0569582350100532	0.0259325244849679	0.0855871895045945	0.0860318987056462	0.170792340178682	0.0863530617771727	0.182866596964875	0.0067639267442494	0.0641676347439337	0.00749906245784421	0.0745976342245786	0.0377685762753691	0.0265881999188827	0.0120957035658354	0.0327112024856938	0.0207816864166296	0.0183795154438062	0.0246779045202967	0.0349742658624444	0.0390868034552444	0.0490767614106939	0.138184342420462	0.0108804332458113	0.00707428435903193	0.141660120752123	0.0571275844492696	0.0324188360775059	0.0492546571926637	0.0391194273839996	0.0242851864584167	0.00731521298711404	0.0293451700585358	0	0.0813193063468042	0.0132936789240274	0.0575512093727035	0.0093051292780655	0.020265010571239	0.0331515969915522	0.0570325284744754	0.0081656976341919	0.00597391835286875	0.0558897592503615	0.0101896716185347	0.0277041571139537	0.018373420170386	0.0104254963372674	0.0463447880865347	0.0166480483491952	0.0833734546345894	0.0250368298906269	0.0133955472071345	0.0418485314632305	0.00743483793051594	0.0218055257667797	0.0158427435989407	0.00751430732009914	0.0138876616032888	0.0132716720491046	0.0204939306643086	0.00787739232511758	0.0725991255932986	0.0331551696954653	0.00912298622654017	0.0413317385345998	0.025360290130431	0.0130801128048327	0.0331073799782028	0.0349879014409251	0.0756527802935152	0.0346985094512653	0.0214446820694991	0.0252510321684031	0.0118801302848045	0.023943457004586	0.0362062883949039	0.156902361698825	0.00730640054950867	0.0317876713557376	0.0758664494737832	0.0292224230131868	0.0780345828394697	0.01120890390523	0.158712102608247	0.00777432862730965	0.0416103534852013	0.0109072097299639	0.0131863534422309	0.0513686744703187	0.0260825040609096	0.0416555502310847	0.0272747659961684	0.0324870565849723	0.0442407666094074	0.0398481729054692	0.0332235253858145	0.00881998076319996	0.0355674157182526	0.0386278950280011	0.0537641904871873	0.0293413191337628	0.014495868657979	0.0261776672600947	0.0282809045918361
GB134	0.0568938981553521	0.0247190226753703	0.0927915754492837	0.0970860566906255	0.0205969371517763	0.0629562223800505	0.0943217903676659	0.0254923795547449	0.0763176229566035	0.110851568104041	0.0307726597770898	0.0124230746019895	0.0687028429273403	0.0960072052448687	0.0266867371821644	0.116081080954484	0.019568142645776	0.0765849476811862	0.0828835977373099	0.0277086566531598	0.0331708674855304	0.10426170958413	0.0326440173267114	0.0135903544794542	0.0901859509523469	0.0215545211627026	0.102149257831501	0.0829931767751472	0.0277001339415408	0.0842231303603962	0.0133604649948238	0.115562220263963	0.105127921685426	0.0914931863997922	0.0551889528605071	0.0644830466069356	0.0660335159286706	0.057846663990105	0.0515116431910281	0.050255028173478	0.0329514974446008	0.084532953046187	0.0891881683709645	0.08433565888742	0.0608888675994945	0.0251228496752153	0.109712138621494	0.0328131109814752	0.0462549574146367	0.0607192158096969	0.0792042720648977	0.107187151081032	0.0813193063468042	0	0.0899776694449511	0.135949927673797	0.0889674611765929	0.0645223816085343	0.111655866708418	0.0253297114330861	0.0858774952816241	0.0803821219714603	0.0311195725631533	0.0880784395367208	0.0583991457266037	0.0942838356801958	0.0884371930451104	0.12462716030352	0.0953511223949567	0.00980663225007704	0.102095622456435	0.0721078691157428	0.118655012788797	0.085975222816371	0.0627093160844812	0.0671494601651876	0.0842276452617212	0.0806524304277969	0.0754486367557988	0.0982319157984522	0.0867912856617359	0.0149926537215108	0.0515367075274087	0.0791880369487435	0.040854180344578	0.0604239266478654	0.0919704772155694	0.110046701900887	0.11274519901384	0.0260644722729921	0.112849067783717	0.100226360138017	0.102596718027736	0.0714989662396185	0.100055948501886	0.0505265999547761	0.104144106534394	0.0799358690326864	0.109050058957302	0.0214590116996657	0.105619281981931	0.0112796380382144	0.073158865023141	0.105338083147401	0.0860304672158126	0.118422521635739	0.090572057122534	0.0842749260441221	0.128175430451379	0.103745380585844	0.118990270326836	0.102897507825283	0.0900143989258342	0.121318097668465	0.116753497358524	0.109410234548227	0.0800313537921568	0.112658650887133	0.115617442161146	0.13107575739574	0.106229969272108	0.0692274818817775	0.103896604418153	0.106791579587893
GB135	0.0385212640682555	0.0690495345854398	0.0194003163799267	0.0230998892920336	0.109524407170036	0.0319250222916404	0.0190755379988313	0.0978672218443167	0.0196705787263886	0.0372575884214555	0.069672915896382	0.0874133449085433	0.157996418500187	0.0223683364209578	0.0770716064731882	0.0434545178831828	0.0972746599352721	0.0162905551530797	0.0140307375342783	0.0764653803874748	0.0665141446045553	0.0306078278356128	0.0950789973892347	0.0953209134514886	0.179658773571554	0.0958793980605674	0.191727483212346	0.0132573575200043	0.0734766246468732	0.0137524540780695	0.0834780435896281	0.042262252043895	0.0313427226824893	0.0172596809435448	0.0417650832484166	0.0304419860300241	0.0278358172173753	0.0335596425439974	0.0444448685292343	0.0488024492080163	0.0583086415297455	0.147661305587701	0.0161007885430761	0.0128706469426327	0.150515454285073	0.066506249773683	0.0368181019080709	0.0585401048037139	0.048660452637558	0.0337904839108538	0.0145329570896321	0.0339730739254843	0.0132936789240274	0.0899776694449511	0	0.0622782910412008	0.0142246489130864	0.0296458707219272	0.0379231953334929	0.0663176010353397	0.014015562745338	0.0137092376908645	0.0654015400343471	0.0149953959396843	0.0373455318387109	0.0230341061310034	0.0158577029089998	0.051021945897979	0.0213124955900841	0.0924538906776544	0.0295549002146781	0.0219744253160451	0.0463822924654291	0.0132831764699082	0.0312557302960994	0.0240898240414081	0.0137478344405841	0.0196258872182983	0.01951045958758	0.0251033198972694	0.0133259697262235	0.0821020217104392	0.0426149381832643	0.0160075037015809	0.0506502591976614	0.034984391653026	0.0177721754704235	0.0376405797785882	0.039533847303252	0.085174126983291	0.0393235512416471	0.0261867222931198	0.0297684329044488	0.021404754638559	0.0284861772499903	0.0457121164660261	0.166340496052395	0.0147569040118745	0.0362875895066695	0.085293626845485	0.0337653272230216	0.087482210888405	0.0201055976524573	0.168166878699052	0.0131524447963169	0.046056219988098	0.016014814927158	0.0187157119407949	0.0559021581453506	0.0305298439161193	0.0461456083664388	0.031799076068582	0.0381130151864555	0.0487953251735731	0.0443687504815935	0.0377600475054498	0.0157672581027704	0.0400793806207601	0.0431660897653512	0.0582804731046311	0.0338742420679391	0.0237753543993364	0.0306999093636569	0.0330458596687425
GB136	0.0860673621146366	0.116794232692983	0.0447234919652192	0.0396674091767783	0.154301375602231	0.0792705512257537	0.0455888243711958	0.144138723009765	0.065640277182213	0.025603481126253	0.118015692541094	0.135312133289949	0.199751830010703	0.0407560515132817	0.125022410067043	0.0207009374262822	0.145119208880145	0.0631057695683205	0.0557124479250474	0.123121241051139	0.113893724375903	0.0418919078591797	0.143017448334381	0.143137457169066	0.220546032443191	0.143454222591838	0.232668606018779	0.0556666609087978	0.121422859529654	0.0544138732131081	0.12628004489222	0.0204267237862252	0.0328968229769456	0.0472833372351497	0.0895229845185472	0.0774235657293989	0.0756314904852347	0.078464463353157	0.092234144457663	0.0951747254590796	0.106206279360887	0.195630014243752	0.0483814079051066	0.0545086396688765	0.194848073401836	0.11404070235563	0.0267101345828386	0.10642879907832	0.0961394755527227	0.0816769973196165	0.060353048710209	0.0288295243688003	0.0575512093727035	0.135949927673797	0.0622782910412008	0	0.0485813249692772	0.0775533353138452	0.028068661144135	0.114205934784629	0.0524937014537628	0.0588739473335069	0.113034055991606	0.0499137157593111	0.084396399858624	0.041852990014836	0.0497554967349226	0.0117355868093331	0.041298354119815	0.139976747108228	0.0342775836887986	0.0700763275451732	0.0176539789706544	0.0521902162393536	0.0791895522011651	0.0689253557586309	0.0543598358453524	0.0556503997532406	0.060585022123173	0.038106629568519	0.0511122079885969	0.129771155766164	0.0905307465129429	0.0573333530037692	0.0985246193077829	0.0820804529569366	0.0452170596655571	0.0261713788289614	0.0233346102759242	0.132882093164054	0.023667782742643	0.0417667976345378	0.0336829806405185	0.0690449498819582	0.036260322752324	0.0936047346754508	0.214081764070675	0.0594005254332465	0.0270370967178182	0.133234029466456	0.0305643795114575	0.1351560297789	0.0673690130840046	0.21611340163332	0.0520900527034143	0.0180157102889033	0.0472100379340576	0.0520101722442743	0.0087541009139533	0.0323822388256138	0.0170682394227973	0.0332751551624199	0.0792597490880224	0.014855428815189	0.0193558657174986	0.026837458862274	0.0575724048069631	0.0236426054622338	0.0206214498276963	0.00620707340957127	0.0300633383519722	0.0713909319554916	0.0322187441880956	0.0349016442819677
GB139	0.0376801966228569	0.0683127547228577	0.00679111787214442	0.00947465312860041	0.108259252752319	0.0309771927581592	0.00686676310130743	0.0968333063553078	0.0182321710004048	0.0236219262534922	0.0694787417246838	0.0867807369190033	0.156854186244685	0.00914004235175636	0.0764854606052842	0.0301930703636673	0.0966150125469824	0.0147945647871103	0.00789495567424279	0.0754726032416026	0.0656278822006601	0.0169752133878494	0.094480510236639	0.0946144278753887	0.178412763608827	0.0950559691497774	0.190503658369334	0.00779785730316294	0.0729248792008318	0.00684366175655577	0.0820506995525023	0.0287594472932996	0.0176589946742311	0.00513756124307449	0.0413191513619339	0.0294488599768492	0.0271424066011954	0.0322930787624133	0.0437019310251932	0.0478360194976282	0.057669333172868	0.147093053869527	0.00422650721906614	0.00661999591675615	0.149291631398779	0.0655758663861438	0.0235798683751262	0.0578918530031888	0.04780062329438	0.0331656558984759	0.0119233431736703	0.0204245029205475	0.0093051292780655	0.0889674611765929	0.0142246489130864	0.0485813249692772	0	0.0290168090770491	0.0242428797664064	0.0656689824254224	0.0052137934388781	0.0103861601656359	0.0646191474163171	0.00434186530882737	0.036312347974139	0.0097076833186991	0.00490576348201645	0.0373140236720292	0.0076826055360149	0.091471268522619	0.0162694205699319	0.0218862611800432	0.0330948591081783	0.00473888793365202	0.0306535834691139	0.0226618894705116	0.00659009416333654	0.0115105605900589	0.0155713078942188	0.0116976632494385	0.00414662173187191	0.0813118747689507	0.0419900631249854	0.0104834867307371	0.0499912138388614	0.0340039449922665	0.00491489226297203	0.0243532919616561	0.0260431146098658	0.0844117155430293	0.0256940580133085	0.0127146079468381	0.0164622713886954	0.0205612965210369	0.0151054347333771	0.0450732069786149	0.165589183869988	0.0109647408885072	0.0229725645516406	0.0847026323429262	0.0203763777578268	0.0866856559207945	0.0190924791233482	0.167576440807545	0.0048936322258522	0.0328403186767992	0.00358600953107022	0.00883561394393745	0.0426152782194843	0.0171324481689042	0.032819901263774	0.0184961224087712	0.0336726967696891	0.035469477582309	0.0310429064086591	0.0244626367201257	0.0104670664295554	0.0267683733819109	0.0298631303012371	0.0449386770376051	0.0205823786914198	0.0229779644728158	0.0172739373708163	0.0193626305671653
GB140	0.0114006900388484	0.0413814884883286	0.0332969836091077	0.0382542877806106	0.0842897867915606	0.0080045466981546	0.0351640369479704	0.0729355594199715	0.0148276558000068	0.0524549748409878	0.0417738774170478	0.0604035607492081	0.132618382874161	0.0369829607732368	0.0481740783222697	0.0575231820946992	0.0690687078643929	0.0149264756738293	0.021888995291477	0.0488318278632983	0.0386658913333609	0.0457575340200253	0.0662056325812532	0.0690460801877157	0.154138118179158	0.0679619425926546	0.165984928607941	0.0219192487867361	0.0453268032746785	0.0234349094086675	0.0588791123920619	0.0571489839466533	0.0466660129640138	0.031834578075719	0.0151796926734875	0.00795913898889352	0.00680938771822386	0.0149507687210736	0.0162950813502186	0.0212230496908152	0.0316161156509711	0.118282955930089	0.0291849946358589	0.0236216117251627	0.124689696939907	0.0410936759841262	0.0512034442238133	0.0317309223717511	0.02164883842466	0.00812960185599748	0.0177976454189518	0.0487733955560911	0.020265010571239	0.0645223816085343	0.0296458707219272	0.0775533353138452	0.0290168090770491	0	0.0532592717896808	0.0393737290769514	0.0250724432566626	0.018723897645344	0.0373633871927406	0.0276421284905136	0.010826723661857	0.0377585009831672	0.02816601606989	0.0662305658739625	0.0363586088360259	0.0671227327877223	0.0432962221140512	0.0107140233399196	0.0599422169980979	0.0255116729178663	0.0057650694912864	0.0185367752412202	0.023340394024295	0.029669883501048	0.0255947641209897	0.0394793543964624	0.026460005055097	0.0545885265249797	0.0144570605650619	0.0250033104905125	0.0238236711558067	0.00904751658402007	0.0324326466505576	0.0514445947389109	0.0543153198868638	0.0570106493177438	0.0544454033176104	0.0414632817899639	0.0438904285223948	0.0100736524492286	0.0426734238674845	0.0172712727393391	0.138182563914193	0.01817508093834	0.0505574453584474	0.0564718186253249	0.0481894179576575	0.0610929745240043	0.0113911384627261	0.139243401511751	0.0255615508720053	0.0599206671344511	0.0308552258647978	0.0306012914421959	0.0694626339833544	0.0452110490978065	0.0605271051854196	0.0456985092975877	0.0356788570531691	0.0628050057725473	0.0586057399785278	0.0515984551172064	0.0235338103157854	0.0541117355377987	0.0570377824884473	0.0726125955280632	0.0476793675410627	0.00912278501382756	0.0454081511971625	0.048379020897126
GB141	0.0617233708952412	0.0924668704168965	0.0204354063607752	0.0150076305620711	0.130096580042984	0.0547372554664058	0.019937426642035	0.116089048484961	0.0398300383239985	0.00662813337303397	0.0936994282434685	0.111018067884325	0.177744266661731	0.0164626018670999	0.100728343607801	0.0116564858460216	0.120825155064313	0.0388173980431424	0.0313812136706529	0.0978941401146879	0.0893495459899758	0.015895023763255	0.118723395496908	0.118837854251115	0.19930284553104	0.119065860229911	0.211393746613252	0.0313696828153398	0.0971232404311498	0.0300991462468348	0.102682999965518	0.00963696206901034	0.00786010705574293	0.0225550834879731	0.0650068036083019	0.0527855636495532	0.0513206444906466	0.0541725770542116	0.0679012468141137	0.0693939503545713	0.0819121968716082	0.171335936194718	0.0240812383102949	0.0301975592444039	0.170724543357136	0.0897133405310939	0.0081189362746146	0.0821347167395582	0.0717397544043835	0.0573830749049331	0.0360656518376235	0.00690571292811497	0.0331515969915522	0.111655866708418	0.0379231953334929	0.028068661144135	0.0242428797664064	0.0532592717896808	0	0.0899118579397298	0.0282017189557805	0.0345798777886713	0.0887011458175351	0.025621320205656	0.0598803046300556	0.0175263464657797	0.0254610078127095	0.0175313303867976	0.0169099852715553	0.11567714689958	0.0107057291845029	0.0456607672903273	0.013886715755845	0.027752749113874	0.0548954907466065	0.0446160952701713	0.0300672980721551	0.0316586237814691	0.0364499974506672	0.0138687474483793	0.0268023325826484	0.105404977470335	0.0662311342629519	0.0328892256424885	0.0742305451721856	0.0575090230564878	0.0208863209312161	0.00852391701850175	0.00795955075694229	0.108499276743393	0.00798081377088422	0.0153529783710837	0.0104010860492108	0.0447506031228436	0.0124001851201885	0.0693106684796136	0.189748850585234	0.0351081266246661	0.00774012680043175	0.108939973091838	0.00858348739483968	0.110806496381158	0.0429307043815803	0.191819319821367	0.027726388169509	0.0136343989370748	0.0224054520855648	0.0277532930627014	0.0233719780232118	0.00913353723407996	0.0136685369658576	0.010253461618729	0.053834835274352	0.0162664951163937	0.0118993946017152	0.00886829048301084	0.0332880699630789	0.00916004151275212	0.0110523132231049	0.0256829934589791	0.00879190723656329	0.0470875750361669	0.00882914484092834	0.00941141221126673
GB142	0.031965007949056	0.00973937839899927	0.0699748892449971	0.0749059024859558	0.045065669737982	0.0380044567088286	0.0718159285383393	0.0338537622280795	0.0515274990989704	0.0891075642271475	0.0197458407192519	0.0221486670162642	0.0934095162183347	0.0736354089746572	0.0248873280737587	0.0942360997350529	0.0321126871064983	0.051796313450493	0.0586822455504326	0.0257668514839477	0.0180546648217121	0.0824101211296187	0.0427899514748292	0.0302558412229774	0.114912618516069	0.0319820730053265	0.126798257984296	0.0587809240125646	0.0221735912497447	0.0601925840883544	0.0202720035526036	0.0938071179570574	0.0833068739509944	0.0684921106304785	0.0303274314060356	0.0395451779618408	0.0410519642849462	0.0358588576806013	0.0266179444099014	0.0253598141681516	0.00896745793123946	0.094927035196863	0.0658720814519458	0.0603519300318728	0.0855030190914568	0.0055358492218974	0.0878775232669079	0.00901122324314495	0.0213835762597319	0.0356025607560319	0.0545558467544992	0.085431530695371	0.0570325284744754	0.0253297114330861	0.0663176010353397	0.114205934784629	0.0656689824254224	0.0393737290769514	0.0899118579397298	0	0.0618355638074754	0.055701594799757	0.0129876949429286	0.0643957634691638	0.0334511190615218	0.0724141150712967	0.0648839214459212	0.102883159662738	0.0730036818469414	0.027923447757282	0.0800042814678616	0.0473155482399343	0.0966835646617292	0.062193939142456	0.0376966864134025	0.0453155479873672	0.0601187228328652	0.0586751825881727	0.0536667379089678	0.076137490156624	0.0631397558808929	0.0177547123419554	0.0265040141389225	0.0570286241820966	0.016126406996398	0.0354976083029701	0.0690852356227961	0.0881637492113643	0.0909679060933566	0.0335679239960331	0.0910979891666258	0.0781160102724427	0.0805541121146896	0.0464763900998867	0.0780789894663324	0.0255752661161953	0.114743449094922	0.0552206182419652	0.0872322202029854	0.0280019413265917	0.083804350760248	0.0225941417127321	0.0482821670934708	0.115837572650476	0.0622438949843248	0.0965408873979491	0.0675174175112536	0.0622764837485973	0.106203988721274	0.0818636372233882	0.0971907909319858	0.0810253950532037	0.0672220233263391	0.0994797869764193	0.0949540178884159	0.0875079956921664	0.0571021587032862	0.0908061962085541	0.0937458458873961	0.109276285978279	0.0843146219097003	0.0442982134456285	0.0820607351835328	0.0850316079126464
GB145	0.035355396060781	0.0656773003965917	0.00910224108027784	0.0133854291387693	0.105644625244719	0.0289014318600447	0.0109241697513922	0.0950765645865238	0.0164548511560442	0.027402850658153	0.0666380316922159	0.083699826038245	0.153975027227643	0.0122499101150856	0.0730345348893392	0.0324875302424636	0.0937373202406999	0.0114221097172398	0.00664961050003485	0.0736794855934803	0.063525935804302	0.0208430420795474	0.0910702665345837	0.0916059012665893	0.175494765994525	0.0928143793434808	0.187341574617107	0.00634628174915027	0.0701727895724653	0.006501388135178	0.0802193361550871	0.0320967176759785	0.0216218205309953	0.00861316407099366	0.0392745542857382	0.0275783896672003	0.024358821929329	0.0288700777661018	0.0410023916587986	0.0460604115041217	0.0537667778330018	0.143148409597801	0.00592027027592812	0.00580255022375948	0.146046336175817	0.0635381313511218	0.0261599437775786	0.0539892969107387	0.0454651065208394	0.0294930579027895	0.00865180378533489	0.023763569956175	0.0081656976341919	0.0858774952816241	0.014015562745338	0.0524937014537628	0.0052137934388781	0.0250724432566626	0.0282017189557805	0.0618355638074754	0	0.00774913079886123	0.0621889469147933	0.00478563338173894	0.0344365359180503	0.0127982428506713	0.00586292865611742	0.04115881851752	0.0115753419255142	0.0888110999808167	0.0182710896255543	0.0197314010236901	0.0348871681801598	0.00597276637034321	0.0274241367787725	0.0203104088920159	0.00513754854200854	0.0101660541635044	0.0139701874794984	0.0144516022974682	0.00539940090925254	0.0788927673164642	0.0386649190890368	0.0102138590594434	0.0460868211030358	0.0321566389892438	0.00801282847121433	0.0263885729805087	0.029285733089453	0.0818761141613276	0.029394946164555	0.0168174892344108	0.0189969294934976	0.0170217448742025	0.017663631127263	0.0417903118550476	0.163048033912977	0.00788443854730988	0.0255005895865686	0.0813349173451313	0.0231251878419308	0.0841961402182627	0.0167586266796923	0.164108873316736	0.0050376934973015	0.0348497554471697	0.00735820666651684	0.00897077936679125	0.0443967349187593	0.0201633776152375	0.0354784581659719	0.0206447170125415	0.0334723020593325	0.0377537150011219	0.0335437334660027	0.026534644435301	0.00892696269279854	0.0290462511657464	0.0319671495017981	0.04754085451214	0.022612352836689	0.0200512639547915	0.0203514357727736	0.0233161829581315
GB148	0.0289637377824296	0.0592868959888665	0.0147295340159532	0.0195927062880888	0.100149251746409	0.0225302278101821	0.0165455801873421	0.0890289240262725	0.010975379118169	0.0337775287905125	0.0602462360955248	0.0773643575458214	0.1484796543314	0.0183084389063144	0.066642182756855	0.0388709750741419	0.0873449656999472	0.00712680956019889	0.00626578345288704	0.0672871329341874	0.0571335817150997	0.0270791161767762	0.0846779111659888	0.0854740776497908	0.169999390991047	0.0864220231470436	0.181846203677582	0.0064063189742908	0.0637812725070751	0.00712852494384284	0.0747270260119077	0.0384695871987126	0.0279873165894638	0.0133088970124119	0.0329012632972062	0.0211971673804025	0.0179759292402352	0.0234067080674147	0.0346168551706907	0.0396680566999647	0.0476929491216486	0.136756059271519	0.0109597098927785	0.00761860121403717	0.140550965161035	0.0573707503652332	0.032526693673748	0.0479010146750946	0.039075256466414	0.0231218535001531	0.00599658053877904	0.030099152267506	0.00597391835286875	0.0803821219714603	0.0137092376908645	0.0588739473335069	0.0103861601656359	0.018723897645344	0.0345798777886713	0.055701594799757	0.00774913079886123	0	0.0557965927879618	0.00918769769387754	0.0280835606496442	0.0191889992759873	0.0100349602007279	0.0475511717600654	0.0177407173882003	0.0830566483465108	0.0246251780219903	0.0134813511565403	0.0412628214919206	0.00794777596331757	0.0210366526411639	0.0152235926044258	0.00632897462796194	0.0125404224787472	0.012863734638262	0.020807139246226	0.00841232231992175	0.0725004148829465	0.0322795222146493	0.00998461635011916	0.0399630181679521	0.025765677208476	0.0137545061697525	0.0327656174247915	0.0356385680762204	0.0754837604484173	0.0357682336159427	0.0227877873776838	0.0252154902037647	0.0110200992879467	0.0239961188041953	0.0354039406949523	0.156655677942315	0.00577146252386467	0.0318802791562947	0.0749425633688166	0.0295114160016781	0.0778712783799027	0.0111011121153944	0.157716515539873	0.00811204715335572	0.0412412711579089	0.0123680968924115	0.012721867930859	0.0507836618056201	0.0265351358631795	0.0418496594547924	0.0270200923104027	0.0326649140980509	0.0441268650871335	0.0399269002931889	0.0329190627906961	0.00806988931891292	0.035432478356542	0.038358388054702	0.053933207585354	0.0289999735306459	0.0140270818944437	0.0267288987665917	0.0296996288528346
GB153	0.0276520622499061	0.00981158087961376	0.0696729946919162	0.0737894985335644	0.0500455273296496	0.0345072212318579	0.0706107685285987	0.0378459415614906	0.0496460084963326	0.0880410847338763	0.0126981361947878	0.0263210545209321	0.0986051925204017	0.0731181255494705	0.0180934475019875	0.0941848014340256	0.033840271164522	0.051041992945653	0.0581355700363414	0.0179575977687056	0.0106282910529637	0.0813878267025105	0.0357251430889874	0.0347511629677481	0.120163768379375	0.0315025596211504	0.132210279579717	0.0586241914166345	0.0149406560583774	0.0595079428243517	0.0253646030288303	0.0930069146132228	0.082110882407487	0.0674393698949404	0.0256553808358884	0.036024509091871	0.0383355515736221	0.0422702364698805	0.0220329514328353	0.0199520254949804	0.0159832752601366	0.088285930078439	0.0655613266909965	0.059684716992908	0.0909816132049368	0.0113283151977065	0.0876431578036511	0.0153918315684705	0.0194804325906767	0.0327979504140188	0.0542687337205868	0.0846923505417024	0.0558897592503615	0.0311195725631533	0.0654015400343471	0.113034055991606	0.0646191474163171	0.0373633871927406	0.0887011458175351	0.0129876949429286	0.0621889469147933	0.0557965927879618	0	0.0647573789412325	0.0290013063473232	0.0717405298292035	0.0649883653780427	0.101816682126185	0.0719639682258018	0.0326525211672891	0.0802303524781959	0.0450485456320975	0.0970594150700955	0.0612682263658504	0.0348392490184668	0.0484505298575669	0.060068022384487	0.0613198042141669	0.056225484933215	0.0757422488972996	0.0624826940698455	0.0199676661027802	0.0236470287693947	0.0561772166102222	0.0204439797636234	0.0312938957540977	0.0683072218389222	0.0883509876451107	0.0902952943185363	0.0259111169302328	0.0900968432878003	0.0769325139170343	0.0804917179048061	0.0452109231905203	0.077977023529585	0.0213570205513576	0.107064978642897	0.05527196433207	0.0869867612767701	0.0212092136592614	0.083424772502798	0.0264726357459269	0.0463721311905167	0.108791508533136	0.0615248882559815	0.0967281259069539	0.0663131914957605	0.0627154617974855	0.106579838903865	0.0812853306080356	0.096873213997995	0.0810905887623026	0.0671435277720894	0.0994839612582717	0.0947584829697705	0.0876564014740665	0.0569265278601887	0.0908069991403156	0.0938387773554735	0.108980898679507	0.0844685742349336	0.0423615466276504	0.081471338642366	0.0838239425511071
GB154	0.037924663775196	0.0682460095620517	0.00740345386932886	0.010714526292915	0.107846295743278	0.0314867007310944	0.00884688005199411	0.097634563617634	0.0190757514410323	0.0248220320226568	0.0692067419865517	0.0862599979295875	0.156170888380571	0.00966384688173562	0.0756043590454742	0.0299143652252928	0.0963054745636805	0.0139599181194272	0.0084352939644819	0.0762476385994391	0.0660945064943246	0.018257634751875	0.0936384225885073	0.0941363183988465	0.177690628050554	0.0953825348705956	0.189537436221585	0.00745669755482907	0.0727410828224336	0.00749617997636887	0.0824152019740355	0.0295110293334783	0.0190864127138724	0.0075881060864306	0.0418549538448904	0.0301509961918598	0.0269337939945134	0.0310852822066859	0.0435754166671423	0.0486285675204161	0.0563079911575775	0.145716563920782	0.0054525482348364	0.00708528556931538	0.148242203424675	0.0660953979675818	0.0235686921091242	0.0565276980550602	0.0480340974348964	0.0320730396649904	0.0110398006009295	0.0211496374503982	0.0101896716185347	0.0880784395367208	0.0149953959396843	0.0499137157593111	0.00434186530882737	0.0276421284905136	0.025621320205656	0.0643957634691638	0.00478563338173894	0.00918769769387754	0.0647573789412325	0	0.0370311270270384	0.010463104757358	0.0054232727999639	0.0385906612030183	0.00906448439233983	0.091271123425527	0.015673992943108	0.022352427987363	0.0323088546142434	0.00624359603806615	0.0299941007649959	0.0225147606353417	0.00651716871641728	0.0109557525885075	0.0157098198177839	0.0121986297396661	0.00554042128843698	0.0814609240853425	0.0412351607975334	0.0116588285926617	0.0486455508931117	0.0347256272128134	0.0061204655429894	0.0238074763122984	0.0266880800928732	0.0844442696131841	0.0268099537363859	0.0144310139467695	0.0163379823636132	0.0196281638433875	0.0152089379238661	0.0443625014200054	0.165616187031823	0.00993395155062605	0.0229231107584906	0.0839030722325498	0.0205513246856028	0.0867570370736748	0.019372000932844	0.166677024027314	0.00599901124745645	0.0322811828568728	0.0059360002045228	0.00912883390456137	0.0418230126226189	0.0175778286042388	0.0328927703502804	0.0180625074420764	0.0343050892192005	0.0351691392786575	0.0309672289424472	0.023958695610289	0.0103207037741826	0.0264737812444718	0.0293978820884168	0.0449726973293406	0.0200394668964425	0.022727984817454	0.0177717306933394	0.0207402346787429
GB156	0.00562228989726252	0.0339125829438368	0.0417763591188975	0.045272700319236	0.0776980020331614	0.00795476045694691	0.0418097797141533	0.0643895001649255	0.0208670834709674	0.0595769437425064	0.0338250955736095	0.0536934743550691	0.126285876815367	0.0450886281188389	0.0408480396927005	0.0664015962093165	0.0614693509885157	0.0232346665838526	0.0301919408293083	0.0393461905833748	0.0298503811348869	0.0528993711929129	0.0588430894745721	0.0623421378885255	0.147844444170143	0.0593924102834379	0.159935339532717	0.0308326653985664	0.0372824686758145	0.0314942845754852	0.0513757976392905	0.0649959880745772	0.0533331100161027	0.0388324934650551	0.00709576322579512	0.00809813788950895	0.0109182096968671	0.0201137191474889	0.00879645378639301	0.0116274921891439	0.0257748756087338	0.111455648159138	0.0376682000404054	0.0317203426978203	0.118723321743686	0.033372568079468	0.059796589417289	0.02591129414963	0.0141556280843838	0.0077037537268203	0.0265298401560597	0.0566316601453405	0.0277041571139537	0.0583991457266037	0.0373455318387109	0.084396399858624	0.036312347974139	0.010826723661857	0.0598803046300556	0.0334511190615218	0.0344365359180503	0.0280835606496442	0.0290013063473232	0.0370311270270384	0	0.0456735056382839	0.03722114183686	0.0732898373871741	0.0437870158842116	0.060241571430004	0.0524879497184296	0.0167213141344337	0.0693057525639582	0.0330612434055468	0.00746204347627219	0.0260932758506952	0.0323188854475515	0.0390342547736987	0.0337424314759596	0.0478555946940123	0.0345395191412683	0.0469665319630594	0.00867158859130936	0.0324412874237757	0.0179282108679263	0.00439355489567852	0.0402523336950878	0.0605619613344621	0.0621662239233653	0.048724371450718	0.0617340345951644	0.0481615389010521	0.0526677533005825	0.0174650097750315	0.0513004104070591	0.0100655126129042	0.129929574601578	0.0275425126098774	0.0591871987162816	0.0490596660535143	0.056585325323271	0.0537369423592933	0.0183013428868067	0.131939019368152	0.0334505895999345	0.0690491237122603	0.0376486777130401	0.0398096759624854	0.0788249200341677	0.0533211540543672	0.0690296801428	0.0547114524877433	0.0403909946255612	0.0716788390594901	0.0672571201893416	0.0606714446059983	0.0321812366107197	0.0629771802235733	0.066071937030012	0.0811474811699655	0.0567911868971406	0.0147819881000547	0.0534555651247501	0.0550168060293101
GB158	0.0467971656283345	0.0753398315247261	0.00777907450236568	0.0067291071878351	0.113286937351781	0.0400704200934581	0.0094057378533174	0.104193232652515	0.0275535506638463	0.016798883380199	0.0785005661950569	0.0936746780167926	0.161543238644648	0.0066058453163038	0.0852687482279961	0.022937322141264	0.103532125100945	0.0234665329558681	0.0162229295514261	0.0848409267838555	0.0749098526483232	0.013063304751848	0.103249662678049	0.101524707419102	0.183107360444888	0.102238377462132	0.195181610909375	0.0159729340659323	0.0818689026766353	0.0151767565955812	0.0871379761533304	0.0217806640259846	0.0114671392084071	0.0100687682661557	0.0505904830766447	0.0387554129378663	0.0361284443149061	0.0371016358222925	0.0527557926722849	0.0572023461337643	0.0644037875939499	0.155831966285754	0.00938966087620668	0.0152337064148124	0.154038368300958	0.0728858618648967	0.0163940905235858	0.0646249157461253	0.0549414714403225	0.0419104751952068	0.0206374285620346	0.0135262468347627	0.018373420170386	0.0942838356801958	0.0230341061310034	0.041852990014836	0.0097076833186991	0.0377585009831672	0.0175263464657797	0.0724141150712967	0.0127982428506713	0.0191889992759873	0.0717405298292035	0.010463104757358	0.0456735056382839	0	0.0105097859197136	0.0305698665630336	0.00597642588833667	0.0983503891362084	0.00969728105936689	0.0310749199730579	0.0257418975986616	0.013171915585796	0.0394937353152217	0.0278068749102378	0.0146996351288199	0.0154781809471773	0.020271678252917	0.00722358170003075	0.0118796323835285	0.088455447945932	0.0488753485860247	0.0164360603073029	0.0567225532022992	0.0433978658131879	0.00794657478297148	0.0170824688652323	0.0190508272169591	0.0935666830551745	0.0189399297462043	0.0102115637538108	0.0103151929386035	0.0293579538155234	0.00817391551758228	0.0539162957081289	0.174694217967265	0.019649758205909	0.015775283415228	0.0915191874209076	0.0123643896370806	0.0937238304000912	0.0281801897975983	0.176370819108655	0.012883311111687	0.0253938093235848	0.00931422083845569	0.0112965869566783	0.0352586991332396	0.0105285548682635	0.0255878684628341	0.0102442596672159	0.0397280130836398	0.0281715904635311	0.0234418014167911	0.0163627123563654	0.0159975799315637	0.0194815505305399	0.0225342863587418	0.0377007999052905	0.0133854041576875	0.0315394401738439	0.0105303477970977	0.0128352755135057
GB160	0.0381437226320908	0.0684994654824035	0.0076376337974304	0.01098546719489	0.108097241532923	0.0316808895405495	0.00934552822280863	0.0978668603782702	0.0193308424698471	0.0246606131996771	0.0694696649231694	0.0865634116108971	0.15651442742709	0.00962423863162221	0.075955998453528	0.0299198520981302	0.0965690482595954	0.0144746129934892	0.00869791250149108	0.0764567170555543	0.0663117019064499	0.0181831544020561	0.0939892294882524	0.0944550847164308	0.177996766236093	0.0956027050210972	0.189921241065468	0.00835635018125741	0.0729832746690572	0.00815530732565682	0.0826045845193092	0.0293607233713071	0.0189409191470894	0.00751344433449434	0.0420520232068469	0.0303574282149173	0.0271751639348539	0.0315501721237193	0.0438453579566093	0.0488376441891446	0.0568456979035729	0.146241842345758	0.00569804289379402	0.00807285219821326	0.148648192786207	0.0663303419420816	0.0235282052684613	0.057071119885553	0.0482686806018605	0.0324585206731401	0.0115011869159508	0.0210348724227662	0.0104254963372674	0.0884371930451104	0.0158577029089998	0.0497554967349226	0.00490576348201645	0.02816601606989	0.0254610078127095	0.0648839214459212	0.00586292865611742	0.0100349602007279	0.0649883653780427	0.0054232727999639	0.03722114183686	0.0105097859197136	0	0.0384311684491959	0.00903441429119369	0.091537433215464	0.0160031692463566	0.022526730712729	0.032460853777299	0.00664097288237753	0.0302905441459381	0.0227476510717863	0.00696639565285295	0.0115046742927245	0.015981514759437	0.012164073002012	0.00648134379989275	0.0816977343173942	0.0415869402614507	0.0118904689002331	0.0492017992932086	0.0349334522874819	0.00685835808910655	0.0238547903306858	0.0265491444504622	0.0846810788668767	0.0266608823316567	0.0142645441028619	0.0164481040697093	0.0200753421922487	0.0149947415632807	0.044679176927817	0.165869644193938	0.0104950987122426	0.0228718051762141	0.0842397395860065	0.0204849015789652	0.0869837413081015	0.0195973772706106	0.167046978467643	0.00667597462759457	0.0323599749385859	0.00669330475038162	0.00952487044516161	0.0419773773826433	0.0174565109720623	0.032801937415368	0.0180994224466496	0.0344708837531131	0.0351540999806891	0.03092508874081	0.024019312964884	0.0110296698550534	0.0264435324516862	0.0294160474317543	0.0448797768866173	0.020104516255246	0.0229323345866769	0.0176390211187265	0.020577702972323
GB161	0.074866629610158	0.105499196609463	0.0333982374368593	0.0286263046654487	0.14300956930777	0.0680802223658321	0.0349385004603502	0.13362032318055	0.0549422773447904	0.0145073320076923	0.10670956276884	0.124006006603289	0.18896535370085	0.0294766492219736	0.113699643073058	0.0094679921707891	0.133828202507111	0.0517676883198396	0.044402277097106	0.112322389402173	0.102741284201844	0.0309810948868593	0.131694680136262	0.131822793471693	0.210393571642914	0.132225759252153	0.222476021207944	0.0443365254411192	0.110138921800888	0.0431304501576556	0.115085636726534	0.00918910303741054	0.0221785486421802	0.036324508826841	0.0784002444659821	0.06644473473231	0.0643471359378762	0.0671416934993532	0.0808947294047384	0.0846230385429931	0.0948835010028849	0.184307229187753	0.0370763699627585	0.0432668493853675	0.183525298129429	0.102778949972355	0.0153599146029188	0.0951060207203181	0.0849663712310069	0.0703542260735324	0.0490331742724385	0.0175182375953429	0.0463447880865347	0.12462716030352	0.051021945897979	0.0117355868093331	0.0373140236720292	0.0662305658739625	0.0175313303867976	0.102883159662738	0.04115881851752	0.0475511717600654	0.101816682126185	0.0385906612030183	0.0732898373871741	0.0305698665630336	0.0384311684491959	0	0.0300532471426208	0.128665075157628	0.0229343600063161	0.0588790591091219	0.00699910664380613	0.0409423207506688	0.0678667812561146	0.0576247771957306	0.0430423278700222	0.0442967330190268	0.0492685462790306	0.026768693107773	0.0397944229495044	0.118520503844878	0.0792024246219433	0.0461656253483861	0.0872018445621837	0.0709740277191605	0.0339331470166493	0.0147875230218463	0.0120591767416853	0.121614798075623	0.0125238290926761	0.0311073810991013	0.0223518197302415	0.0577263375273859	0.0249242771021796	0.0822875101608459	0.20282001025749	0.0480758014953498	0.0156738593812204	0.121911264504447	0.0191908710720864	0.123888733411076	0.0561317965915107	0.204796169141326	0.0408028524670035	0.00718092619714261	0.0361969376904796	0.0406843357804147	0.00682405255278667	0.0210497901502131	0.00631181915605798	0.0219111978170471	0.0681791733385939	0.00557917759358657	0.00844698203045574	0.0155252250137203	0.0462426438250325	0.0123820745861252	0.00956773675385524	0.00842574228840701	0.0186538818348764	0.0600764547107798	0.0208676689106858	0.0242332174734335
GB162	0.0451108774904049	0.0756650736009834	0.00620633318803903	0.0051223323914173	0.11456856394958	0.0384508112276142	0.0066655757213764	0.104177297892595	0.0256405288372377	0.0163445049388842	0.0768585165943762	0.0941696628326117	0.163146875873961	0.00508698004161506	0.0838193284592243	0.0228540711198943	0.103978149291843	0.0222100412868189	0.0147498289000883	0.0828387824573902	0.0730428763411262	0.011341396441702	0.101817434333792	0.101965830633135	0.1847109967711	0.102422151300642	0.196790796036672	0.0146182142762524	0.0803164470225874	0.0135405036888904	0.0884055231857781	0.0215042148142903	0.0105714312298317	0.00787541200171667	0.048747244432117	0.0368715406894082	0.034502796490084	0.0386203352286659	0.0511259895307247	0.0551814052342164	0.0650061212781102	0.154425949008778	0.00743414465610803	0.013502803831032	0.1555838496095	0.0730308019603142	0.0162465562103222	0.0652247444547788	0.0551755056914055	0.0405325012450868	0.0193025908536381	0.0131175364344146	0.0166480483491952	0.0953511223949567	0.0213124955900841	0.041298354119815	0.0076826055360149	0.0363586088360259	0.0169099852715553	0.0730036818469414	0.0115753419255142	0.0177407173882003	0.0719639682258018	0.00906448439233983	0.0437870158842116	0.00597642588833667	0.00903441429119369	0.0300532471426208	0	0.0988138490403541	0.00919489518414731	0.0293839704715694	0.0257508708352242	0.0113624897397434	0.0379931550811638	0.0290153635138966	0.0132641749517672	0.017180573021184	0.0217886135414845	0.00565533834565995	0.010170429248852	0.0887446233419457	0.0493573936248066	0.016993932195497	0.0573379673590564	0.041401200109359	0.00592244472581014	0.0170148495264878	0.0187760918975027	0.0917889914578862	0.0184304661192752	0.00820553338042263	0.00971635566516356	0.0279405263694699	0.00842181585183499	0.0524355475273397	0.17300528363146	0.0183169699104672	0.0156449392517897	0.0920521707245798	0.0131844337277039	0.0941074485279093	0.0264922474520375	0.17492042632416	0.0114555160592621	0.0255018775398382	0.00711730736453099	0.0123707979324866	0.0352712893914996	0.00995276117523323	0.025481459054381	0.0112534671212838	0.0389044629315836	0.0281310362007582	0.0236991943528104	0.01711864688556	0.0168091003768936	0.019428407994447	0.022524687837847	0.0376335188671194	0.0132383892425534	0.0304254682057283	0.0100664956509277	0.0120321115657612
GB163	0.0588634127393515	0.0266259198519166	0.0961615304001654	0.100689276526071	0.0178897872924654	0.0648255492325383	0.0975949985511375	0.0222568910079773	0.0781566806965404	0.11489503657577	0.0321744366953469	0.00961627846000472	0.066127516818468	0.0996669657302625	0.0260027771571068	0.120617147271681	0.0121985626374042	0.07892140121472	0.0852300278616674	0.0284923331981355	0.0350808458346309	0.108196339598208	0.0255539734104667	0.00746655390442659	0.0876694463118158	0.0145113171840256	0.099732602937053	0.0855447599532628	0.0287967562449701	0.0865065195795262	0.0194399168366811	0.119650063189593	0.109083883539595	0.0943141635319199	0.0571464314454734	0.0663315760667878	0.0680909177119082	0.0625830783010131	0.0535548892286089	0.0520953875825261	0.0356139844528051	0.0773259819005475	0.0921051662528154	0.0866640568381608	0.0584928448302577	0.0269999679065112	0.114092148990944	0.0354558319756479	0.0482275918351881	0.0631396874710165	0.0816835558625183	0.11132995490775	0.0833734546345894	0.00980663225007704	0.0924538906776544	0.139976747108228	0.091471268522619	0.0671227327877223	0.11567714689958	0.027923447757282	0.0888110999808167	0.0830566483465108	0.0326525211672891	0.091271123425527	0.060241571430004	0.0983503891362084	0.091537433215464	0.128665075157628	0.0988138490403541	0	0.10660722580823	0.0741341540382968	0.123436282605234	0.0883166452850958	0.0649067746719929	0.0713735641629407	0.0868570897916351	0.0854278962419491	0.0796650053952077	0.10221897464509	0.0892663503987621	0.0144543707126168	0.0538240586115856	0.0828392303200683	0.0435118751619199	0.0622626160732423	0.094995052826525	0.114711217431709	0.116905159119404	0.0223024221080722	0.116902660164568	0.103881150484085	0.106918516785207	0.0738850385703222	0.104392728194444	0.0527702202324313	0.0963435613296249	0.082595881262813	0.113457944507551	0.0183095364558576	0.109956973505141	0.00890300510159571	0.0751066907788768	0.0978925735360444	0.0884428142447664	0.123099447425568	0.0933288830247792	0.0888738706707954	0.132956697934806	0.10786745832725	0.123322197584191	0.107484106614132	0.0937156962475391	0.125866372401666	0.121207469716819	0.114049916992886	0.0833918874462446	0.117169730816827	0.120226741965973	0.135413229841777	0.110862089979528	0.0712973513838017	0.107992445880716	0.110796892131218
GB166	0.0534023570668216	0.0837242554384049	0.011408899092313	0.00889611700338058	0.121444344069019	0.0469425648375593	0.0145867316692014	0.1130991097201	0.0344152516224469	0.00985040174058704	0.0847071772723487	0.101776182275228	0.169505736894078	0.00853949507540844	0.0911647070838947	0.0143309099766699	0.111806473497188	0.0293902143403286	0.0224043071279396	0.0917217316049518	0.0815673405774916	0.0129158300432292	0.109167156797467	0.109627699234871	0.191036570252794	0.110861341911133	0.202933312064469	0.0217686480668496	0.0882308412380893	0.0213645131825799	0.0956941216883033	0.0138998066164516	0.00817272008039208	0.015553746993343	0.0573173604454055	0.0456200783150365	0.0424114651978016	0.0447113709806493	0.0590610048837132	0.0641018211691066	0.0719501317826786	0.161372885559544	0.0149074035215737	0.0214223003278327	0.161721314896237	0.0815642975797557	0.00889595095573859	0.0721716740441443	0.0635168283349938	0.0476383391692482	0.0263298288213484	0.00664567627421947	0.0250368298906269	0.102095622456435	0.0295549002146781	0.0342775836887986	0.0162694205699319	0.0432962221140512	0.0107057291845029	0.0800042814678616	0.0182710896255543	0.0246251780219903	0.0802303524781959	0.015673992943108	0.0524879497184296	0.00969728105936689	0.0160031692463566	0.0229343600063161	0.00919489518414731	0.10660722580823	0	0.0377741791307926	0.0168641392950608	0.0196267834681114	0.045499248561835	0.0360224297778173	0.0204086970970637	0.0228246053248042	0.0285739682407843	0.00590150698263467	0.0180243208470538	0.0969341837547042	0.0567751277351018	0.0250409076818162	0.0642688976920614	0.0501981884090587	0.0125672742242295	0.0091656639201436	0.0113933927666471	0.0999286251537728	0.0119679563636468	0.011878735710387	0.00587977515404951	0.0351495460955182	0.00637418032280461	0.0598767860369249	0.181094988729015	0.0251595486576358	0.00817189894491957	0.0994262597476593	0.00739703929366901	0.102230298549238	0.0348048884459216	0.182239036367397	0.0191966937731415	0.0167473753704925	0.0155545730164952	0.0185322400483519	0.0263609058327145	0.00584383165014607	0.0173189519984516	0.00642830071820304	0.0459964665763005	0.01962806875206	0.0153677224209814	0.00910199517466485	0.0239653654321276	0.0111331400529698	0.0138506146490038	0.0293441289339704	0.00647432603985024	0.0380977850332104	0.00530546979456576	0.00872850650921464
GB167	0.0181374743632558	0.0487901021660578	0.0270760038942851	0.0309136415822337	0.0915844960495679	0.012008241295457	0.0265385742026447	0.0787369626941103	0.00908355904752483	0.0451962559888459	0.0497906699663762	0.0677522706112476	0.140065640211105	0.0304656882553992	0.0568704867001736	0.0516545476034434	0.0770636698362803	0.0097457301483085	0.0157559568890267	0.0558431506006405	0.0461135065992071	0.038514245489631	0.0748735773894522	0.0762850295639399	0.161698192358017	0.0755463857015576	0.173783542381393	0.0161744395701328	0.0533198437305412	0.0169081812056553	0.0653189809033365	0.0504007708996233	0.0391099822679252	0.0245247037347519	0.0212738188218815	0.0105848868172898	0.00903657929397969	0.0165553580536836	0.0241693281145258	0.028148922260211	0.0396087405205977	0.127472537936586	0.0230073406633855	0.0171648707673556	0.132565974286108	0.0474171599354407	0.0450571175250742	0.0397539499846071	0.0284223734410574	0.0137649061266483	0.0123379185144329	0.0420223485226884	0.0133955472071345	0.0721078691157428	0.0219744253160451	0.0700763275451732	0.0218862611800432	0.0107140233399196	0.0456607672903273	0.0473155482399343	0.0197314010236901	0.0134813511565403	0.0450485456320975	0.022352427987363	0.0167213141344337	0.0310749199730579	0.022526730712729	0.0588790591091219	0.0293839704715694	0.0741341540382968	0.0377741791307926	0	0.0545840610307877	0.0185913434393252	0.0111206788710798	0.0135055896637942	0.0176400482005468	0.0243397017922064	0.0193417976337551	0.0331784333525734	0.0199331970875989	0.0618828529059285	0.0224175149377323	0.0180301775807759	0.0317248351345159	0.0145001597843613	0.0256780522282828	0.04585427847324	0.0476111249264443	0.0648965935288656	0.0472625631726149	0.0339226446518994	0.0379853368633323	0.00749014598914808	0.036620043443911	0.0254895802577863	0.146085148959449	0.013111564340164	0.044469781558622	0.0650821067392826	0.0419034165226751	0.0678460058389288	0.00701696261373831	0.147955908016725	0.0188870033475034	0.054248832768262	0.0234442684197366	0.0251166469351661	0.0640994699088612	0.038687112919911	0.054329499451801	0.0399948769070283	0.0333904406864836	0.0569658946960863	0.0525449913258504	0.0459472389910558	0.0175796470115657	0.0482649080681078	0.0513455096368838	0.0664537849676127	0.0420654508463963	0.00756112113124644	0.0387776838145172	0.0407913161272352
GB168	0.0702258652885153	0.100547771261196	0.0280149180743128	0.0245791272721206	0.137502650720905	0.0637678657517289	0.0312289031166019	0.129928164936677	0.051229566900116	0.0106806689614637	0.101508503610438	0.118560867703924	0.183933867950632	0.0244078118250602	0.107905010382334	0.00579962193303873	0.128607785611442	0.0460930891109235	0.0391805810910283	0.108549960559667	0.0983964046745589	0.026837823460951	0.125940733485752	0.126419766232221	0.205423137304759	0.127684847273008	0.217270681051293	0.0385251349835384	0.105043262092754	0.0381654824760526	0.110586763858193	0.00532300549505203	0.0184800829362087	0.0323275011409112	0.0741427956581718	0.0624474687031423	0.0592292916744646	0.0608534844159478	0.0758711894353231	0.0809308756331001	0.0885951504713357	0.178018878204654	0.0316685486321497	0.0382294278742388	0.17742467709262	0.0983933602469136	0.0101335656498747	0.0888176704145441	0.0803355751465065	0.0643567086545506	0.0430617619945545	0.0127467234722442	0.0418485314632305	0.118655012788797	0.0463822924654291	0.0176539789706544	0.0330948591081783	0.0599422169980979	0.013886715755845	0.0966835646617292	0.0348871681801598	0.0412628214919206	0.0970594150700955	0.0323088546142434	0.0693057525639582	0.0257418975986616	0.032460853777299	0.00699910664380613	0.0257508708352242	0.123436282605234	0.0168641392950608	0.0545840610307877	0	0.0364403956089959	0.0622944670042606	0.0523685237976036	0.0371607497259222	0.0380654304542325	0.0441956419798762	0.0214792286337476	0.0348079260062389	0.113763244239369	0.0735353862847945	0.0417689430442723	0.0809134963636446	0.0670266906269873	0.0292083605973407	0.00919219060281216	0.00759530511585939	0.116746589089885	0.00891108088656282	0.0273607894966398	0.0166728059159159	0.0518833104182373	0.0194090403959795	0.0766605016860095	0.19791851320652	0.0417910703843591	0.01031599816457	0.11620539268761	0.0139575105935401	0.119059358808127	0.0516118428698092	0.19897935261028	0.035963879314938	0.00393113190618507	0.03236277789028	0.0345699235684041	0.00971979163281356	0.0160577198010728	0.00454604596774461	0.0160431941910035	0.0626725574786013	0.00531966446762472	0.00462401070619693	0.00999131965664959	0.0407017140526964	0.00724811128678295	0.00522490663776137	0.0126731668156807	0.0127513317733467	0.0548876443821372	0.0159275445456833	0.0205589133418269
GB170	0.0343847490207414	0.0648732149992326	0.00991135032440658	0.0130307136610329	0.105310921867688	0.0276756034411415	0.0101833881062427	0.0935254079675434	0.0148857688775869	0.0271562098459613	0.0661009181704786	0.083363246059779	0.153888236994695	0.0127294010334564	0.0729903061356809	0.0335723070070298	0.0932120976574493	0.0116985674989833	0.0066868344342995	0.0721686175751566	0.0623464654340889	0.0205996906234309	0.0909989507812442	0.0912481742073791	0.175413524111112	0.0918048996515948	0.18749887262932	0.00659267634807173	0.0695349865715311	0.00636997154027205	0.0792198430257614	0.0323048279329081	0.0212096621416453	0.00752115589707638	0.0380804260741129	0.0261855830127994	0.0237114550310629	0.0292770273494299	0.0403419813385817	0.0444961912327945	0.0542251547102374	0.143586808232346	0.00656850905759693	0.00618930151827182	0.146292395513467	0.0624264122711288	0.0269941981091644	0.05441462892023	0.0444927845865187	0.029650640250607	0.00905841929459418	0.0240362474525517	0.00743483793051594	0.085975222816371	0.0132831764699082	0.0521902162393536	0.00473888793365202	0.0255116729178663	0.027752749113874	0.062193939142456	0.00597276637034321	0.00794777596331757	0.0612682263658504	0.00624359603806615	0.0330612434055468	0.013171915585796	0.00664097288237753	0.0409423207506688	0.0113624897397434	0.0883166452850958	0.0196267834681114	0.0185913434393252	0.0364403956089959	0	0.0271813134013703	0.0197584326708257	0.00583549972677679	0.0112101859977525	0.0134202435734973	0.0151420320781663	0.00496537379704115	0.0779886893702276	0.0385208353023938	0.0093437368661692	0.0465417382392016	0.0307589805299284	0.00842075836680115	0.0277092448256985	0.0296154535102724	0.0810996262036791	0.0292659461159598	0.0160819609988142	0.0198889927670472	0.0172025852041752	0.0185260275976187	0.0416426932382764	0.162216069270866	0.00878453002936875	0.0263447247520842	0.0812352131864037	0.0238095551089506	0.0833755321424417	0.0159687244420344	0.16410347458088	0.00513137021525928	0.0361805667893754	0.00659666429015083	0.0103151409256488	0.0459573378015046	0.0206429128243466	0.0362500559275198	0.0218659352059617	0.0329655437833733	0.0388334650132391	0.0344525058048241	0.0278223081576553	0.00886236279591391	0.0301254184427436	0.0332255676351111	0.0483117953620174	0.0239292876606788	0.0195350950434475	0.0207618974111598	0.0228784449793624
GB171	0.0088491862918476	0.0389639830047434	0.0351537863413493	0.0398905039247539	0.0822657458107881	0.00638462553821467	0.0367999759436858	0.0706523567287609	0.0158724796962971	0.0540911950020477	0.039365502488282	0.0582779033692798	0.130723635807182	0.038757861921131	0.0459619754116342	0.0595692194471456	0.0666365742758669	0.0164158681214721	0.0236866836991123	0.0462591087426802	0.0361148391031858	0.0474057123064995	0.0639972606617393	0.0669527287134016	0.152215633880008	0.065441451853875	0.164245506880259	0.0239267247268046	0.0428746113120907	0.025171536256117	0.0566436734539692	0.0588129384800641	0.0483022308108783	0.033474538475275	0.0120720169530485	0.00558709717271003	0.00609893775886075	0.0140348398173698	0.0137509972073439	0.0186419797346297	0.0300277962038914	0.116440460386902	0.0310414396602698	0.0253537405997214	0.122989110046565	0.038809975157633	0.0530830531785584	0.0301510178192396	0.0192106631067064	0.00599246303786596	0.0195760406280934	0.0504373533256126	0.0218055257667797	0.0627093160844812	0.0312557302960994	0.0791895522011651	0.0306535834691139	0.0057650694912864	0.0548954907466065	0.0376966864134025	0.0274241367787725	0.0210366526411639	0.0348392490184668	0.0299941007649959	0.00746204347627219	0.0394937353152217	0.0302905441459381	0.0678667812561146	0.0379931550811638	0.0649067746719929	0.045499248561835	0.0111206788710798	0.0622944670042606	0.0271813134013703	0	0.0194986840954634	0.025355365409544	0.0320217160489222	0.0273234653145526	0.0412598035740431	0.0281590520771164	0.0521785827221894	0.0120948673004868	0.026641602373936	0.02214639679049	0.00562751510843747	0.0341021475767848	0.0535856277653665	0.0560181085584742	0.0545080125030845	0.0560953838355613	0.0431010220199823	0.0458594921675294	0.0107678093858101	0.0446036528570182	0.0147164277485431	0.135718756778674	0.0205099362447256	0.0524432991791253	0.0542387791881056	0.0500364374331754	0.0588516258455888	0.0125100774281291	0.137068062794931	0.0272754313838151	0.0621005296330861	0.0324925554897448	0.0328026481650092	0.071814465853903	0.0469695884320471	0.0623796727846969	0.0477785215985895	0.0359937975164315	0.0647962561460456	0.060530422198953	0.0537561318564295	0.0254681724396468	0.0561237617800332	0.0591566264253072	0.0744263273899001	0.0498536836468812	0.00863412298459673	0.0471164851327135	0.050015238198367
GB172	0.0270751087051449	0.0484868176469598	0.0268219268852563	0.0306653299303067	0.0860962864726481	0.0204481454613158	0.0280723523235682	0.0775599273467305	0.0139869506273306	0.0438674365292595	0.0585170899226208	0.0666705364304962	0.13434335536728	0.029823545818076	0.0652525237187593	0.0495919607805483	0.0765836094364975	0.0133197879926725	0.0173436566679315	0.0652334528288456	0.0551686670744058	0.0375336103442341	0.0832776782488582	0.0745326483791525	0.155868639097069	0.0754498837120605	0.167898510893186	0.0176796746355566	0.0620095375360865	0.018240635476141	0.0600969749643947	0.0486319495948276	0.038288420743563	0.0251734216857438	0.0309233663584849	0.0195836975483807	0.0168594507444086	0.0101259720213053	0.0328696104838993	0.0376178563544244	0.0373127591053043	0.135769276230624	0.0232563240528859	0.0182615998059963	0.126784516931182	0.0460866976792764	0.0431228780535736	0.0375340531457855	0.0313557662972898	0.022243810620046	0.0143222649007885	0.0403863142310369	0.0158427435989407	0.0671494601651876	0.0240898240414081	0.0689253557586309	0.0226618894705116	0.0185367752412202	0.0446160952701713	0.0453155479873672	0.0203104088920159	0.0152235926044258	0.0484505298575669	0.0225147606353417	0.0260932758506952	0.0278068749102378	0.0227476510717863	0.0576247771957306	0.0290153635138966	0.0713735641629407	0.0360224297778173	0.0135055896637942	0.0523685237976036	0.0197584326708257	0.0194986840954634	0	0.0185130632886983	0.0145285888527981	0.0097499419300055	0.0320743910893045	0.0207149701268233	0.061561422855264	0.0281774177582878	0.0129992978416872	0.0298253544935524	0.0237347623897773	0.0258077696774795	0.0436860129538209	0.0458688184317916	0.0736981480561121	0.0458900036685395	0.0336365579166497	0.0363170683308683	0.0125347726338665	0.0336228008993497	0.0339830637053408	0.154864516071599	0.0151068414514414	0.0425024942842999	0.0684480533154324	0.0389560483057391	0.0669020562235153	0.0125580972549741	0.156358050126018	0.0199821627266103	0.0520591458136385	0.0242578689516945	0.0181538711885235	0.0618889433792745	0.0372243400926542	0.052337790303158	0.0365615248153306	0.035853859357009	0.0548149801865973	0.0502226412145778	0.0430304469220867	0.0145014129823657	0.0461762167438112	0.0492045339761358	0.0644228633004005	0.0400089697743004	0.0134117331713288	0.0372522722252391	0.0398860726919439
GB173	0.033252922733399	0.0635511077413655	0.010848546966868	0.0150927875644875	0.103841514223152	0.026775413738432	0.0124414759838596	0.0929915085434914	0.0144091646934888	0.0292678711691288	0.0645523418982824	0.081647439436479	0.152275245298039	0.0140392739217578	0.0710633909235699	0.0345325906469364	0.0916542484603747	0.00977894109426856	0.00604397800722809	0.0715363710892923	0.0613829615441236	0.0225705003855054	0.0890870488653279	0.0896306113913806	0.173806083774326	0.0906879062754939	0.1857416510883	0.00595421318642118	0.0680753079929737	0.00607672209893777	0.0783738632771102	0.0339578419660378	0.023481692940072	0.00993860020852563	0.0371445008751118	0.0254408410195299	0.0222820165388361	0.0274084764485708	0.0389207340400628	0.0439172969623046	0.052104843799213	0.141415803269906	0.00715906359631055	0.00584816503587809	0.144468601153354	0.061445559591356	0.028125200890983	0.0523205530086551	0.0433470180465115	0.0276384644887664	0.0076221034185143	0.0256050395769904	0.00751430732009914	0.0842276452617212	0.0137478344405841	0.0543598358453524	0.00659009416333654	0.023340394024295	0.0300672980721551	0.0601187228328652	0.00513754854200854	0.00632897462796194	0.060068022384487	0.00651716871641728	0.0323188854475515	0.0146996351288199	0.00696639565285295	0.0430423278700222	0.0132641749517672	0.0868570897916351	0.0204086970970637	0.0176400482005468	0.0371607497259222	0.00583549972677679	0.025355365409544	0.0185130632886983	0	0.0110869671528538	0.0132046004456252	0.0163573083100897	0.00636589352213166	0.0767718445923593	0.0366857407068965	0.00947681820311706	0.0444256515439713	0.0300142204182016	0.00956702715719608	0.0285302685630141	0.0311558307383699	0.0797496430500589	0.0312666094231636	0.0184511999609043	0.0210004760930785	0.0151505074975307	0.0195811832831665	0.0398082013495944	0.160954844319459	0.00688796219441833	0.0274448066272519	0.0793637739437999	0.0251121292869099	0.0820824749993555	0.0147185458641763	0.16217100936355	0.00596786601729973	0.036998704696695	0.00859466027891771	0.00998626022853635	0.0466793620526189	0.0220760813951869	0.037399491502179	0.0226959842492384	0.0330181677044943	0.0397940263942336	0.0355409361948871	0.0286505689863304	0.00868610733405057	0.0311098679467434	0.0340769899011862	0.0494964806118397	0.0247582425222252	0.0180077854558035	0.0222396205527463	0.0251855181360787
GB174	0.0399535326193077	0.0625393867793709	0.0149965982630172	0.0185927997738349	0.099579910437266	0.033286956110687	0.0166138451019622	0.0919197842930302	0.0210557021388803	0.0308031344203034	0.0712361680061528	0.0805524796473257	0.146891408947983	0.0177412099120292	0.0776326698862543	0.0357272520736612	0.090599407376063	0.0161627684625788	0.0122922405581733	0.0782776223213384	0.0681240705378128	0.0253318611701781	0.0956684022840827	0.0884113811483287	0.168409696733109	0.0896764639200586	0.180256506860858	0.0119329243757282	0.074770926036919	0.0121328581707797	0.0732365959521496	0.0353561344961024	0.0258213153221842	0.014044712410506	0.043871439410129	0.0321751345381743	0.0289576539130072	0.0228824400239521	0.0455991372165054	0.0506585488340469	0.0505867702416097	0.147746545798851	0.0120441712711872	0.0121128152952426	0.139559985034996	0.060384978361503	0.0298301097137308	0.050809291125548	0.0442354546841046	0.0340831239397327	0.013614208818498	0.0276556662142728	0.0138876616032888	0.0806524304277969	0.0196258872182983	0.0556503997532406	0.0115105605900589	0.029669883501048	0.0316586237814691	0.0586751825881727	0.0101660541635044	0.0125404224787472	0.0613198042141669	0.0109557525885075	0.0390342547736987	0.0154781809471773	0.0115046742927245	0.0442967330190268	0.017180573021184	0.0854278962419491	0.0228246053248042	0.0243397017922064	0.0380654304542325	0.0112101859977525	0.0320217160489222	0.0145285888527981	0.0110869671528538	0	0.00806929099472296	0.0197016731036281	0.011066303480266	0.0757548554301864	0.0406215764544528	0.00907820276445662	0.0429254454381839	0.0367543575062294	0.0138773266084944	0.0300226136665754	0.032662118775676	0.0864742484809172	0.0328443638716984	0.0216524699853376	0.0233645246392398	0.0216490316458724	0.0206239264872339	0.0463881702209362	0.167646170264543	0.0130841498065627	0.0292327055764018	0.0808764298756917	0.0257237588591648	0.081050970412866	0.0213625603308431	0.168707009818819	0.0113908159499518	0.0379253357197299	0.0135208649579624	0.00730967179712172	0.047545087194503	0.0244807960427921	0.0386852491647005	0.0230096672388791	0.0370089156421447	0.0409203638332059	0.0364221875941513	0.0292096972427886	0.0100497962069707	0.0324806110049137	0.0352385746823116	0.0506791874691091	0.0264641217925031	0.0242941101561442	0.0246265187596131	0.0274479706592933
GB176	0.034865989208673	0.0567242199122304	0.0197176369838417	0.0233909875116866	0.0941320810504634	0.0280762748284773	0.0208160369045506	0.0857574762117983	0.0166584264882135	0.0356865973597524	0.0663483300895402	0.0749560105755474	0.141813716202071	0.0225852600232971	0.0731442479247397	0.0414627395908941	0.0848699075856594	0.0139976041344455	0.0126950433948124	0.0729600752543921	0.0628979713326753	0.0299664160255531	0.0911664886004997	0.0828273562770901	0.16330017119345	0.0836972241299321	0.175368874512538	0.0130229139502979	0.0698664462325549	0.0129119281214897	0.0675457447315707	0.0404451171105558	0.0305119196912556	0.0179509572647136	0.0386332722775864	0.026883728388283	0.0239870232821564	0.0179993851354929	0.0406803808203249	0.0453324629501863	0.0456615350952353	0.143657539378513	0.0164929980299238	0.0130260067126441	0.134614409370856	0.0543558127576053	0.035267297498355	0.0458840563554655	0.0391503396923795	0.0297529686223527	0.0129372692253027	0.0326130489508311	0.0132716720491046	0.0754486367557988	0.01951045958758	0.060585022123173	0.0155713078942188	0.0255947641209897	0.0364499974506672	0.0536667379089678	0.0139701874794984	0.012863734638262	0.056225484933215	0.0157098198177839	0.0337424314759596	0.020271678252917	0.015981514759437	0.0492685462790306	0.0217886135414845	0.0796650053952077	0.0285739682407843	0.0193417976337551	0.0441956419798762	0.0134202435734973	0.0273234653145526	0.0097499419300055	0.0132046004456252	0.00806929099472296	0	0.0246749678156292	0.0143875787881288	0.069886562310987	0.0360554889258411	0.0088536694923397	0.0380620388784493	0.0314504652086532	0.0185654092241417	0.0358067382540968	0.0378330995451019	0.081503199356975	0.0377494870600375	0.026188126370085	0.028805831804721	0.0176601947021831	0.0259305590039326	0.0417890138924122	0.162625191639168	0.0126680815921664	0.0346348699408047	0.0762912437244497	0.0310324281642232	0.0751882223694613	0.0169489294281135	0.164235224928519	0.0136515870831455	0.0438732833347537	0.0171968472199609	0.0115403557993528	0.0536939194331868	0.0294945480095016	0.0441551635963748	0.0287276342736952	0.0363403108685908	0.0466456538009824	0.0419658416637568	0.0350079668140171	0.0106166645489407	0.0381214775972896	0.0410422332622487	0.056175548169348	0.032246136398177	0.0194572380301778	0.0295901472275757	0.0321266796214111
GB177	0.0488976108832191	0.0793304575437849	0.00819724544910996	0.00634685193536559	0.117558328491269	0.042345441783769	0.0107495625823209	0.108472324531488	0.0297802557058708	0.0130588376560634	0.080352209508419	0.0975155256161786	0.165960397533696	0.00602504117073341	0.087064919447658	0.0186994620810517	0.107472281188074	0.0252360181948829	0.0180958439819421	0.0870941034471146	0.0769883722367913	0.0113418591726157	0.105080097161158	0.105347173758829	0.187502326387348	0.106290026897132	0.199543292474265	0.0176978343650887	0.083820400514988	0.0171468169545999	0.0917746298240893	0.0178141133069541	0.00852112746280101	0.011563996328135	0.052721756651546	0.0410082612863996	0.038034170753125	0.0412790821394836	0.0546763548721569	0.0594750367707074	0.0681322921782431	0.157556019347123	0.0108862023558374	0.0170666020989155	0.158294871750504	0.0769985299369301	0.0122649573081295	0.0683548095626662	0.0590273711190681	0.0436557267952447	0.0223468017336357	0.00981924206375925	0.0204939306643086	0.0982319157984522	0.0251033198972694	0.038106629568519	0.0116976632494385	0.0394793543964624	0.0138687474483793	0.076137490156624	0.0144516022974682	0.020807139246226	0.0757422488972996	0.0121986297396661	0.0478555946940123	0.00722358170003075	0.012164073002012	0.026768693107773	0.00565533834565995	0.10221897464509	0.00590150698263467	0.0331784333525734	0.0214792286337476	0.0151420320781663	0.0412598035740431	0.0320743910893045	0.0163573083100897	0.0197016731036281	0.0246749678156292	0	0.0137839214147228	0.092451623593918	0.0526012787689464	0.0206528725902164	0.0604507802336505	0.04557639049987	0.00882689908765388	0.012803392755244	0.0150911359262248	0.095473804106616	0.0150652768494881	0.00977700508453629	0.00695799607277914	0.0310845605916146	0.00609754128122909	0.0557353597021464	0.176645712720023	0.0213341939173676	0.0117045510183982	0.0953264717351307	0.00945256498167197	0.0977588338833867	0.0302563022464664	0.178122610305295	0.0148511531791001	0.0212394655446964	0.0113184464180541	0.0150168764715393	0.0309867085042325	0.00700862515386138	0.0214805817607828	0.00811788337799071	0.042217210273851	0.0239591450345787	0.0196295878261967	0.0129839020917625	0.0199333632910492	0.0152828375940597	0.0182622763295329	0.0335494423228683	0.00948772950490673	0.0337258790610264	0.00664282817866258	0.00950065750459378
GB180	0.0355996346439828	0.0660545371021285	0.0087876353957314	0.0119820654373428	0.106168248587184	0.0290730339051648	0.00927812215928553	0.0951457743843396	0.0165667980956384	0.0260633702361674	0.0671987497069017	0.0843391750346531	0.154689108783549	0.0113613212297699	0.073960686873908	0.0319480100326767	0.0942641674268125	0.0122969469897487	0.00703311875883509	0.0737577355419747	0.0636774043392653	0.0194915057432772	0.0919789053273923	0.0922606366150307	0.176253230132238	0.0930526518460476	0.188310841869826	0.00681260587280673	0.070639758286151	0.00615776692957481	0.0802633371015992	0.0308823248352667	0.0202224151457124	0.00730233847027212	0.0394436281851747	0.0276705012421566	0.0248249749925853	0.0300822137017744	0.0414432938201259	0.0461267151239544	0.0551575991992999	0.144534996212131	0.00571229103911489	0.006017822926309	0.147093267151804	0.0636765506457199	0.0254008377610584	0.0553628194588001	0.0457647672355777	0.0306242229981404	0.00999373791126694	0.0225872221882596	0.00787739232511758	0.0867912856617359	0.0133259697262235	0.0511122079885969	0.00414662173187191	0.026460005055097	0.0268023325826484	0.0631397558808929	0.00539940090925254	0.00841232231992175	0.0624826940698455	0.00554042128843698	0.0345395191412683	0.0118796323835285	0.00648134379989275	0.0397944229495044	0.010170429248852	0.0892663503987621	0.0180243208470538	0.0199331970875989	0.0348079260062389	0.00496537379704115	0.0281590520771164	0.0207149701268233	0.00636589352213166	0.011066303480266	0.0143875787881288	0.0137839214147228	0	0.079225345806341	0.0394944180969638	0.00990475714912243	0.0474829717981394	0.0322458276318179	0.00752227090127446	0.0260834149602387	0.0281302399387715	0.0821975975325613	0.0280580532012714	0.0153761668074312	0.0182398513919025	0.0180711875354514	0.0170479954591943	0.0426067005880553	0.163408349860798	0.00917574366192437	0.0247612071289408	0.0822000489240945	0.0222573914856772	0.0845043522239936	0.0170250256719877	0.165057215877254	0.00547810873816923	0.0345607221389961	0.00589889730503218	0.00915229016670374	0.044325702870735	0.0191807240398243	0.0346387836404822	0.0202370609881149	0.033648484395911	0.0372213755329751	0.032868988661453	0.026177491362423	0.00917210162739561	0.0285363728462747	0.0315950452114898	0.0467700304256545	0.0222982088870585	0.0206211718279078	0.0193220555848169	0.0219206922414778
GB181	0.0456793628482506	0.0140637885391091	0.0863737922650997	0.0905099673704668	0.0310506059251951	0.0518386325036938	0.0873201382581634	0.0226134603673762	0.0663705666859945	0.104728269381355	0.020028031036032	0.00910248499683509	0.0795080652366383	0.0897942152288225	0.0168368306876433	0.110871987812447	0.0159016083443838	0.0677526556331702	0.0747950120706751	0.0173505516816871	0.0220205555905146	0.098079692911018	0.0270042234203882	0.0162756629617452	0.101066635865154	0.0154802701318392	0.113140889339977	0.0753057606217235	0.0178852597006945	0.0762223036903324	0.0191207678066661	0.109738482143542	0.0988202604531038	0.0841099093056688	0.0439071616327221	0.0532334411911892	0.0555110382612305	0.0529451370991842	0.04054435636058	0.0386614428851942	0.0252581731312805	0.079483973182211	0.0822485055435788	0.0763773203573444	0.0719179095267647	0.0163618208337199	0.104330345461465	0.0250217323614792	0.0357522169184504	0.0504084132009684	0.0709812456384452	0.101412821448211	0.0725991255932986	0.0149926537215108	0.0821020217104392	0.129771155766164	0.0813118747689507	0.0545885265249797	0.105404977470335	0.0177547123419554	0.0788927673164642	0.0725004148829465	0.0199676661027802	0.0814609240853425	0.0469665319630594	0.088455447945932	0.0816977343173942	0.118520503844878	0.0887446233419457	0.0144543707126168	0.0969341837547042	0.0618828529059285	0.113763244239369	0.0779886893702276	0.0521785827221894	0.061561422855264	0.0767718445923593	0.0757548554301864	0.069886562310987	0.092451623593918	0.079225345806341	0	0.0411369316091742	0.072759838417323	0.0328503045526267	0.0489416772669012	0.0850609750910239	0.105021534167757	0.106993575589825	0.0189194572863705	0.106854428621856	0.0936272592857631	0.0972066371127813	0.0620277034814912	0.0946697577683613	0.0399059841992578	0.0982519196289958	0.0719902994431028	0.10370723067811	0.0137469740960785	0.100077694714671	0.0097142178871001	0.0631371266914137	0.100011734649388	0.0782564455511594	0.113415313338993	0.083039203376481	0.0792008293698532	0.123283662353501	0.0980723671840899	0.11359923129732	0.0978221518523765	0.0838458221970182	0.116204431412196	0.111467858832894	0.104360229890756	0.0736071801170556	0.107474496268263	0.110542604944321	0.125684719645616	0.10116130941444	0.0592047549558408	0.0981696190858128	0.10052777172038
GB182	0.00929965342470266	0.0278784199288548	0.0464680454872473	0.0512325358812255	0.0711430717222016	0.0130221071051001	0.0481356235239843	0.0595155239029966	0.0271745931470033	0.0654379336370362	0.0308199183394512	0.0471376236151866	0.11952577847423	0.0501100134217378	0.0373413516302602	0.0708549334996879	0.0555120890941283	0.0277077208480073	0.0349793405544878	0.0376732994736445	0.0275382770300664	0.0587503333961723	0.055348025578441	0.0558380491730541	0.141034417757482	0.0542469370846797	0.153025460965706	0.0352736030695866	0.03426327471706	0.0365444816686589	0.0455559269158226	0.0701707695620229	0.0596378786922103	0.0448268141898543	0.00894997808188576	0.0138393511520605	0.0157482558743784	0.0215867205118441	0.00786413692144884	0.0107768943575634	0.0191192586031376	0.10774629337318	0.0423791718415239	0.0367004268924997	0.111791251057928	0.0276986862429314	0.0643854114518623	0.0189340089899347	0.0102631532177893	0.0106204255681598	0.0308858970594075	0.0618069786013979	0.0331551696954653	0.0515367075274087	0.0426149381832643	0.0905307465129429	0.0419900631249854	0.0144570605650619	0.0662311342629519	0.0265040141389225	0.0386649190890368	0.0322795222146493	0.0236470287693947	0.0412351607975334	0.00867158859130936	0.0488753485860247	0.0415869402614507	0.0792024246219433	0.0493573936248066	0.0538240586115856	0.0567751277351018	0.0224175149377323	0.0735353862847945	0.0385208353023938	0.0120948673004868	0.0281774177582878	0.0366857407068965	0.0406215764544528	0.0360554889258411	0.0526012787689464	0.0394944180969638	0.0411369316091742	0	0.0353243955495683	0.0125775269345578	0.0100010211598316	0.0454932676458901	0.0648713442638065	0.0673540279720769	0.0459303397760548	0.0674407631911413	0.0544352865204065	0.0571678203314242	0.0219203633058703	0.0547122507158554	0.00868457226985783	0.127141092612286	0.0317508583568563	0.0637789432222795	0.0429951740297103	0.0602943654162715	0.0476909463453774	0.0236157557851814	0.128429374234243	0.0386443605289014	0.0732817600923355	0.0438265309226934	0.0414463320201395	0.0830558060546114	0.0583160533146425	0.0737097664087108	0.0577106760683084	0.0441918493521334	0.0761152568715389	0.0715562059647507	0.064243325417993	0.03427300959675	0.0674286216798455	0.0704534361233013	0.0857730695996622	0.0610333103498425	0.0193627603243886	0.0584909655153751	0.0613508846874189
GB183	0.0337684329862546	0.05979818041728	0.0153189094906504	0.0185281749993487	0.0982942370453266	0.026892211862059	0.0157565268913679	0.088159223247056	0.0146249174046321	0.0324182358918467	0.0655185823714492	0.078207204212444	0.146842472029455	0.0182305964867048	0.0724553926048255	0.0388721434230154	0.088018594667165	0.0121421306252931	0.00904957471989246	0.0714587569989339	0.0617004271333266	0.02575112121048	0.0904439187260589	0.0860172833005587	0.168384399980006	0.0865879751215077	0.180475296396198	0.0098992862992666	0.0689752580541553	0.00907896871847863	0.0721355146079352	0.0375500249704628	0.0263553603241841	0.0131081452151064	0.0374665726728813	0.0255586807192727	0.0232053066726134	0.0223312441146735	0.0397908134254241	0.043765326397437	0.0490332828326659	0.143039823029981	0.0119369497635599	0.00959959787062623	0.139278511206309	0.0571517025807289	0.03230613283813	0.0492466168120654	0.0393107297519843	0.0291529137152012	0.0106074884910174	0.0292482362269904	0.00912298622654017	0.0791880369487435	0.0160075037015809	0.0573333530037692	0.0104834867307371	0.0250033104905125	0.0328892256424885	0.0570286241820966	0.0102138590594434	0.00998461635011916	0.0561772166102222	0.0116588285926617	0.0324412874237757	0.0164360603073029	0.0118904689002331	0.0461656253483861	0.016993932195497	0.0828392303200683	0.0250409076818162	0.0180301775807759	0.0417689430442723	0.0093437368661692	0.026641602373936	0.0129992978416872	0.00947681820311706	0.00907820276445662	0.0088536694923397	0.0206528725902164	0.00990475714912243	0.072759838417323	0.0353243955495683	0	0.0413674897693022	0.0300755573041511	0.0138726942523411	0.0330419590922468	0.0348163542121348	0.0804860733750493	0.034534821079837	0.0214858181454768	0.0252680629962171	0.0167570262959208	0.0226300668554625	0.0410501386481102	0.161652445943669	0.0101473905531821	0.0316826959112377	0.0762655483652847	0.0280437762425704	0.0781280689618804	0.0154655187748222	0.163528755909265	0.00974901151053156	0.0414265597972906	0.0118873335698601	0.0087438327333222	0.0512893662007168	0.0259554746626603	0.0415383641692725	0.0258027157943809	0.0334884222182963	0.0441507798516088	0.0394347277705116	0.0323548380925198	0.00735138985210785	0.0354505047917065	0.0385430379573143	0.0536571448725281	0.0291950569930251	0.018723508230213	0.026042980875707	0.0280324003536894
GB185	0.0172808280572145	0.0198679199686857	0.0542756725817618	0.0592254355474554	0.0606197781409278	0.0224384440560684	0.0561357409966112	0.0494588105516	0.0359191997635244	0.0734262535668383	0.0302815534776509	0.0377176442757399	0.108950185730602	0.057954804651966	0.0366722138391601	0.0785215078580259	0.0476944371305331	0.0361067414697674	0.0430358292516133	0.0373193887861991	0.0271640285811942	0.0667288167157559	0.0547054394552804	0.0458496955571452	0.130469920132497	0.0467713566101862	0.142316725368452	0.043031337830906	0.0338179815485321	0.0445629346062138	0.0352042323787405	0.0781202612049652	0.0676377136824709	0.0528092338430761	0.0158999069509181	0.023995734073899	0.0255129640037664	0.0219338202209334	0.0136223888927788	0.0137573438085089	0.00855942022918507	0.106783595575829	0.0501710725854142	0.044674621970214	0.101021496183944	0.017733249963835	0.0721747205790245	0.00883270836684552	0.00923124158453911	0.0204702480272813	0.0388262981003282	0.0697450908371294	0.0413317385345998	0.040854180344578	0.0506502591976614	0.0985246193077829	0.0499912138388614	0.0238236711558067	0.0742305451721856	0.016126406996398	0.0460868211030358	0.0399630181679521	0.0204439797636234	0.0486455508931117	0.0179282108679263	0.0567225532022992	0.0492017992932086	0.0872018445621837	0.0573379673590564	0.0435118751619199	0.0642688976920614	0.0317248351345159	0.0809134963636446	0.0465417382392016	0.02214639679049	0.0298253544935524	0.0444256515439713	0.0429254454381839	0.0380620388784493	0.0604507802336505	0.0474829717981394	0.0328503045526267	0.0125775269345578	0.0413674897693022	0	0.0199627045993552	0.0534126405989883	0.0724160130126308	0.0752865949438678	0.0455112887753381	0.0754169595964027	0.062434981755837	0.0648617089697809	0.030849737011724	0.0624359172176231	0.013144556908031	0.126683211838356	0.0395010782951357	0.0715287246487357	0.0399001936117808	0.0681008539266056	0.0382545507240175	0.0326844138573065	0.12774404778023	0.046592340475381	0.0807930085845668	0.051831355976938	0.0465176528451419	0.0904339159829448	0.0661823293100102	0.0814983871097517	0.065294162417301	0.0515727885443755	0.0837765648359	0.0792449696949034	0.0717823065892614	0.0414111359665791	0.0750830113662012	0.0780090623431736	0.0935838796725177	0.0685611989236239	0.0286985735098521	0.0663794317856582	0.0693503051544681
GB188	0.00689360219632473	0.0359688847692627	0.0394807727160779	0.042897205799818	0.0797258370151423	0.00681650399517343	0.039474250259574	0.0663188621401787	0.0185106850718383	0.0572816567740055	0.0362494243402975	0.0557181181179153	0.128309546697019	0.0428246764296835	0.0432262840972404	0.064124340962882	0.063646989187809	0.0209537943815718	0.0278978684653688	0.0416753072141096	0.0321668640456416	0.0505725316552803	0.0612145150550688	0.0643889377213488	0.149868115481704	0.0616795813871755	0.161959007081359	0.0285363474653827	0.0396545051098472	0.0291709453149727	0.0534118498967151	0.0627023718423314	0.0509870598337265	0.0365062541130817	0.00865135314013583	0.00652994932324597	0.0088334502793397	0.0179613782657367	0.0108069709685603	0.0139228382119627	0.0278333093067913	0.113826934812647	0.0353682841729335	0.0293942665248507	0.120746992227405	0.0353873692490537	0.0575105862485038	0.0279399729851219	0.0159235014392044	0.00684177137868987	0.0242308797785128	0.0543378786832997	0.025360290130431	0.0604239266478654	0.034984391653026	0.0820804529569366	0.0340039449922665	0.00904751658402007	0.0575090230564878	0.0354976083029701	0.0321566389892438	0.025765677208476	0.0312938957540977	0.0347256272128134	0.00439355489567852	0.0433978658131879	0.0349334522874819	0.0709740277191605	0.041401200109359	0.0622626160732423	0.0501981884090587	0.0145001597843613	0.0670266906269873	0.0307589805299284	0.00562751510843747	0.0237347623897773	0.0300142204182016	0.0367543575062294	0.0314504652086532	0.04557639049987	0.0322458276318179	0.0489416772669012	0.0100010211598316	0.0300755573041511	0.0199627045993552	0	0.0379416556520896	0.0582849840172614	0.0599075413186743	0.0510679228664047	0.0594367817270033	0.0458036338854017	0.0503813318832956	0.0152197150781638	0.0490200934611788	0.0119275810594454	0.132311955545888	0.0252407692993681	0.056904117454483	0.0514330404876459	0.0542971137346643	0.0557730975325661	0.015916367103769	0.134310306774245	0.031203698761987	0.0667721482388901	0.0353100879512953	0.0375168386357601	0.0765471070854351	0.0510639997970576	0.066757277519715	0.052427952789297	0.0384771826893392	0.0694013073513604	0.0649635027153323	0.0583944671006516	0.0298959229216732	0.0607002050136075	0.0637949613308666	0.0788705041914275	0.0545142106711864	0.0126485751137476	0.0512056257763896	0.0526485669642988
GB190	0.0414292968132279	0.0719786419185123	0.00621399727051447	0.00719403979401433	0.111316092161819	0.0348703302631173	0.00734246391309143	0.100771018953034	0.0220757466646833	0.0202539765906304	0.0731168911613599	0.0902802011731899	0.159856118487589	0.0068628094932229	0.0799239049430447	0.0263359211479323	0.100194646252526	0.0180389170541964	0.0114850714288868	0.079406890002164	0.0694620465539923	0.0142934007730072	0.0979486521747377	0.0981094056759218	0.181386953351474	0.0988050693965921	0.193472305482084	0.0109614929086717	0.0765240586767293	0.00993067443175618	0.0853645121960929	0.0252132203919117	0.0145844773182438	0.00696470650769018	0.0451561852612279	0.033390170226645	0.0307322819105754	0.0352146322227488	0.0473974873170708	0.0517737312298833	0.0610855861068374	0.150509309738573	0.00559490784059627	0.0102264417554111	0.152238810604269	0.0695246712803239	0.0198537498533801	0.06130810492117	0.0515967817092785	0.0365622726391361	0.0152805698718029	0.0169729870635866	0.0130801128048327	0.0919704772155694	0.0177721754704235	0.0452170596655571	0.00491489226297203	0.0324326466505576	0.0208863209312161	0.0690852356227961	0.00801282847121433	0.0137545061697525	0.0683072218389222	0.0061204655429894	0.0402523336950878	0.00794657478297148	0.00685835808910655	0.0339331470166493	0.00592244472581014	0.094995052826525	0.0125672742242295	0.0256780522282828	0.0292083605973407	0.00842075836680115	0.0341021475767848	0.0258077696774795	0.00956702715719608	0.0138773266084944	0.0185654092241417	0.00882689908765388	0.00752227090127446	0.0850609750910239	0.0454932676458901	0.0138726942523411	0.0534126405989883	0.0379416556520896	0	0.0204602521891245	0.0224731195191241	0.0880942466584119	0.0222868504604757	0.0113388110337911	0.0130811378729031	0.0239701699841805	0.011716047965103	0.0485525745334047	0.169293900932929	0.0142847826478608	0.0191752556758472	0.0881577186060674	0.0166605895413368	0.0904070177313053	0.022810559343509	0.171020429393258	0.00810624329511998	0.0289276236988077	0.0058085015878514	0.0103581501170993	0.0386983068528199	0.0136661449967027	0.0290334301276339	0.0146656632729138	0.0362135900203327	0.0316506968152643	0.0272072867744348	0.0205627422817428	0.0133282944296647	0.022909268633359	0.0259529388218065	0.0410643591536115	0.0168017792430791	0.0264913410588045	0.0136190373168299	0.0160113203602683
GB191	0.0614897011957987	0.0918171536741835	0.0192923470108648	0.0158446349810357	0.12896192216813	0.0550260195753189	0.0224869170724744	0.121186458176435	0.0424907724890444	0.00629330804627953	0.0928111707020288	0.109857988477957	0.176466469511841	0.0157697695669615	0.0992465127598156	0.00779492854472306	0.119904916921649	0.0374299945742494	0.0304818614527132	0.0998082486818535	0.089654690538994	0.0182592944627759	0.117301927446717	0.117734400310902	0.197991760391178	0.118965334287195	0.20991069891236	0.0299043519554114	0.0963348357966452	0.0294459629521677	0.102710048282387	0.0068226118696703	0.0106737568734609	0.0235873111852943	0.0654026119772232	0.0537057612655741	0.0505042245818509	0.0524391805508522	0.0671516717082322	0.0721891684965654	0.0800975271397167	0.169521257130787	0.0229741416335332	0.0295091566225194	0.169098258771078	0.089651646186607	0.00567185742127347	0.0803200429437136	0.0716110475812897	0.0557355148473171	0.0344759143813692	0.006000875900476	0.0331073799782028	0.110046701900887	0.0376405797785882	0.0261713788289614	0.0243532919616561	0.0514445947389109	0.00852391701850175	0.0881637492113643	0.0263885729805087	0.0327656174247915	0.0883509876451107	0.0238074763122984	0.0605619613344621	0.0170824688652323	0.0238547903306858	0.0147875230218463	0.0170148495264878	0.114711217431709	0.0091656639201436	0.04585427847324	0.00919219060281216	0.0277092448256985	0.0535856277653665	0.0436860129538209	0.0285302685630141	0.0300226136665754	0.0358067382540968	0.012803392755244	0.0260834149602387	0.105021534167757	0.0648713442638065	0.0330419590922468	0.0724160130126308	0.0582849840172614	0.0204602521891245	0	0.00579802646546277	0.108021523991618	0.006451627104355	0.0187344983539949	0.00897679714369294	0.0432922126668872	0.0110565951997132	0.0680096166377718	0.189198986448423	0.0332920565975435	0.00554827683090204	0.107546893334148	0.00714460910107432	0.110323197462342	0.0428859550091955	0.190331939494971	0.0272331079327022	0.00931818626534119	0.0236217648336532	0.0260898959399624	0.0183033374128769	0.0086060511101169	0.00947979053557672	0.00829124667169056	0.0541014375560211	0.011587542071915	0.00810666011312431	0.00618739115459976	0.0320598376030573	0.00620070951992253	0.0071437115595215	0.0212108923047028	0.00638290226057929	0.046187943430862	0.00811305121230058	0.0121256090239669
GB192	0.0634284640728223	0.093933430359219	0.0216475668071647	0.0175315531657425	0.131273461712731	0.0567893501032483	0.0240630794297716	0.122742442169575	0.044064395769377	0.00613655730954964	0.0950106595351238	0.112207258665803	0.178613662117659	0.0178501357352643	0.101817677869941	0.0062087348619984	0.122122128654008	0.0399853453002494	0.032699417981385	0.101404369253703	0.0914634549708077	0.0198308593508872	0.1198374147367	0.119994573972442	0.200177782563248	0.120809784892834	0.21222431054621	0.0324901295731766	0.0984122808081935	0.0315227875053281	0.104226284857952	0.00478957406235765	0.0115119120825759	0.0252250358086042	0.0671541012372031	0.0553340032094657	0.0526378401978449	0.0552357337014242	0.0692689214089904	0.0737451578330512	0.0829682517232317	0.172391983746278	0.0253166640459588	0.0316451510997734	0.171748405604651	0.0914461740640679	0.0060125210156636	0.0831907706128226	0.073566706606535	0.0584643727375401	0.0371417210935944	0.00652797003699975	0.0349879014409251	0.11274519901384	0.039533847303252	0.0233346102759242	0.0260431146098658	0.0543153198868638	0.00795955075694229	0.0909679060933566	0.029285733089453	0.0356385680762204	0.0902952943185363	0.0266880800928732	0.0621662239233653	0.0190508272169591	0.0265491444504622	0.0120591767416853	0.0187760918975027	0.116905159119404	0.0113933927666471	0.0476111249264443	0.00759530511585939	0.0296154535102724	0.0560181085584742	0.0458688184317916	0.0311558307383699	0.032662118775676	0.0378330995451019	0.0150911359262248	0.0281302399387715	0.106993575589825	0.0673540279720769	0.0348163542121348	0.0752865949438678	0.0599075413186743	0.0224731195191241	0.00579802646546277	0	0.110026850167549	0.0054998886089471	0.0202556215508869	0.0108192556906924	0.0458463566998641	0.0133777441141769	0.07043301946286	0.191215409774973	0.0361772528238068	0.00597924163278117	0.110051493677828	0.00853705530482899	0.112273052410044	0.0447046378759122	0.192908656868068	0.0292757467714825	0.00759804340707364	0.0252217448062517	0.028826785810066	0.0167127005200871	0.00973808854604328	0.00761732460420598	0.0103200437428166	0.056576566714229	0.00981586195606118	0.00654519264847322	0.00682228523297141	0.0344751788623104	0.00586703927503109	0.00611645086477934	0.0191294120135482	0.00783779345172918	0.0483803109011867	0.00952060094615915	0.0134596282174115
GB99	0.0472619515100513	0.0268698302332801	0.0893694344494078	0.0935987156599459	0.0361851430262881	0.0545258411403858	0.0904199778281077	0.0334162542013207	0.0694504060377978	0.107883588758984	0.0164970366938058	0.0204601332996831	0.0846066631452002	0.0928385832695046	0.01036859985742	0.113916356831488	0.0205733012690237	0.0707790874170535	0.0778338311597554	0.0120411044377081	0.0195068983911452	0.101159033224438	0.0111655431136376	0.0230207679736795	0.106143042294666	0.0180370550640304	0.11819510613427	0.0783168453760821	0.0125096729577924	0.0792389333323397	0.0341972908136821	0.11282168193297	0.101928639366771	0.0872036594935138	0.0451127905774899	0.0558357549962973	0.0581043886039594	0.0674309083683924	0.041180779122644	0.0391053239993676	0.0401309400495857	0.0628366816525507	0.0852429480715231	0.0794378951417677	0.0769664426193093	0.0325117091827019	0.107363619738155	0.0398196015281208	0.0444870551464835	0.0524144332968827	0.0739667193606646	0.104473832204486	0.0756527802935152	0.0260644722729921	0.085174126983291	0.132882093164054	0.0844117155430293	0.0570106493177438	0.108499276743393	0.0335679239960331	0.0818761141613276	0.0754837604484173	0.0259111169302328	0.0844442696131841	0.048724371450718	0.0935666830551745	0.0846810788668767	0.121614798075623	0.0917889914578862	0.0223024221080722	0.0999286251537728	0.0648965935288656	0.116746589089885	0.0810996262036791	0.0545080125030845	0.0736981480561121	0.0797496430500589	0.0864742484809172	0.081503199356975	0.095473804106616	0.0821975975325613	0.0189194572863705	0.0459303397760548	0.0804860733750493	0.0455112887753381	0.0510679228664047	0.0880942466584119	0.108021523991618	0.110026850167549	0	0.109895573721992	0.0967319947902602	0.100178894897302	0.0648980952724062	0.0988176531261868	0.0403525367981256	0.0817266677816709	0.0749591308260205	0.106740510147629	0.0102115120983334	0.104239886683045	0.0197640966360617	0.0661480607408466	0.0833588904804654	0.0813174565332104	0.116508689116348	0.0861501386671355	0.0872422800672175	0.126267005623591	0.101094551835999	0.116554840646609	0.102186684129816	0.087620707172336	0.119171134073927	0.114755515949895	0.108119909585726	0.0797423173983892	0.110477533153813	0.113537046493906	0.128701349249994	0.10425629421617	0.06245855659698	0.101263919186713	0.103622070391371
GCDF193	0.0632013126530431	0.0937981272135118	0.0216433356534878	0.0170727521416289	0.131255188298346	0.0564218754268656	0.0233516426042023	0.122010553575525	0.0433576931668953	0.00644334942817387	0.0949513301855386	0.11223765319646	0.178749201273677	0.0177743560669831	0.101915619514807	0.0077176815603808	0.122037420895967	0.0400374127043919	0.0326469134953287	0.100757516017466	0.0911483302561924	0.0195078044856964	0.119924608279358	0.120092737855333	0.200295321116544	0.120589323116071	0.212362889840145	0.0325837035785721	0.0984225669744039	0.0314650760512009	0.104059027075165	0.00581712661766108	0.0112426324719281	0.0245927183728929	0.0667478261571942	0.0548337892902018	0.0526296407962688	0.0554012179826245	0.069207779423456	0.07301326464824	0.0830983356996016	0.172522063207145	0.0253337035143767	0.0315341574299817	0.171911401279045	0.0911561011364966	0.00692790092293625	0.0833208530840248	0.0731172039352282	0.0585729541501614	0.0372540138360828	0.00792619605092132	0.0346985094512653	0.112849067783717	0.0393235512416471	0.023667782742643	0.0256940580133085	0.0544454033176104	0.00798081377088422	0.0910979891666258	0.029394946164555	0.0357682336159427	0.0900968432878003	0.0268099537363859	0.0617340345951644	0.0189399297462043	0.0266608823316567	0.0125238290926761	0.0184304661192752	0.116902660164568	0.0119679563636468	0.0472625631726149	0.00891108088656282	0.0292659461159598	0.0560953838355613	0.0458900036685395	0.0312666094231636	0.0328443638716984	0.0377494870600375	0.0150652768494881	0.0280580532012714	0.106854428621856	0.0674407631911413	0.034534821079837	0.0754169595964027	0.0594367817270033	0.0222868504604757	0.006451627104355	0.0054998886089471	0.109895573721992	0	0.0195371281835392	0.0111945090895387	0.0459524146610438	0.0135621588907647	0.0704593100030013	0.191147819462449	0.0362959252011896	0.00716888464309952	0.110133169501117	0.00907155900789105	0.112158415368711	0.0445131573336895	0.193008120613869	0.029100630168963	0.00870518630365794	0.0246436764119249	0.0289503284588908	0.0178250019306863	0.00998249827975859	0.00863848983738195	0.010647848768235	0.05641572557465	0.0110324396289687	0.00751391122813779	0.00752073299901729	0.0344492956393897	0.00620984048653168	0.00705991898936154	0.0201490569031901	0.00885743435444028	0.0483643360849884	0.0100074361673453	0.0127291839118257
GCDF195	0.049944132942744	0.0806891567478276	0.0115383723539046	0.00865965347849961	0.119201131014511	0.0430142473090779	0.00969912798021628	0.105852672698522	0.0282663394781676	0.0173064307168578	0.0819200787580374	0.099222079747253	0.16773651043574	0.0100533100141382	0.0889323496758336	0.0244583929418539	0.109017761141965	0.0270823655330171	0.0196393668472842	0.0862443057274578	0.0775861053755789	0.0116947544973833	0.106907000972165	0.106982484535135	0.189293562462836	0.107304189918619	0.201384459180061	0.0196889522720617	0.0853409538365374	0.0184312440064557	0.0926902501119508	0.0230534316294573	0.0110322066742663	0.0117511051786932	0.0528029501438141	0.0411240300445846	0.039538370708775	0.0432070219004997	0.0561203027539181	0.0581035143272443	0.0701162167119257	0.159539946853512	0.0129617516308872	0.0184012760944439	0.160199280339058	0.0779356269372834	0.0179875441215406	0.070338737595864	0.0599638570212957	0.0455929287191894	0.0243014399188034	0.0150910455714723	0.0214446820694991	0.100226360138017	0.0261867222931198	0.0417667976345378	0.0127146079468381	0.0414632817899639	0.0153529783710837	0.0781160102724427	0.0168174892344108	0.0227877873776838	0.0769325139170343	0.0144310139467695	0.0481615389010521	0.0102115637538108	0.0142645441028619	0.0311073810991013	0.00820553338042263	0.103881150484085	0.011878735710387	0.0339226446518994	0.0273607894966398	0.0160819609988142	0.0431010220199823	0.0336365579166497	0.0184511999609043	0.0216524699853376	0.026188126370085	0.00977700508453629	0.0153761668074312	0.0936272592857631	0.0544352865204065	0.0214858181454768	0.062434981755837	0.0458036338854017	0.0113388110337911	0.0187344983539949	0.0202556215508869	0.0967319947902602	0.0195371281835392	0	0.0125525890793087	0.0329629513952467	0.0118213679707336	0.0574965044254004	0.177963520390819	0.0233374388295818	0.0173901028771217	0.0971470225338984	0.0151180589308191	0.0990211627248562	0.0311838801987845	0.180023326115175	0.016376429093964	0.0270775849413541	0.011335453945165	0.0172459242225747	0.0368560234818495	0.0123114737475084	0.0270894461574804	0.0141027435857916	0.0422850404913076	0.029750713589366	0.0252988577180664	0.0188501849347218	0.0216924345327748	0.0210608207818234	0.0241096996598774	0.0391686922409619	0.0152516760957437	0.0353195744971133	0.0120737850313272	0.0117429248504153
GCDF198	0.0536470761654353	0.0839800711232002	0.0120518291886482	0.00880334931872597	0.121688640177852	0.0471466448948239	0.0149042139751743	0.113282804236268	0.0346000624839405	0.00963097847080931	0.0850073724533572	0.10215404133002	0.1699154407087	0.00921999466502004	0.091603587296876	0.014103121325289	0.112128423169406	0.0298256169948162	0.0227351431697231	0.0919075888214689	0.0817777263847264	0.0131988231647722	0.109623766984	0.109965193075965	0.191396345243309	0.111117157219636	0.203359659121494	0.0222444494908694	0.0885033011436462	0.0217428178281871	0.0958597377845735	0.0134227966273561	0.00775096648974777	0.0158927934667604	0.0575276780309099	0.045802108491912	0.0427059742876075	0.0452766897476683	0.0593652157395175	0.0642855200126316	0.0725433581480474	0.161967093444834	0.0154681889824757	0.0217599858755641	0.162215733768964	0.0817479978155608	0.00825533706158625	0.0727658801984907	0.0637796232947195	0.048177351874083	0.0268653974106366	0.00663770296766112	0.0252510321684031	0.102596718027736	0.0297684329044488	0.0336829806405185	0.0164622713886954	0.0438904285223948	0.0104010860492108	0.0805541121146896	0.0189969294934976	0.0252154902037647	0.0804917179048061	0.0163379823636132	0.0526677533005825	0.0103151929386035	0.0164481040697093	0.0223518197302415	0.00971635566516356	0.106918516785207	0.00587977515404951	0.0379853368633323	0.0166728059159159	0.0198889927670472	0.0458594921675294	0.0363170683308683	0.0210004760930785	0.0233645246392398	0.028805831804721	0.00695799607277914	0.0182398513919025	0.0972066371127813	0.0571678203314242	0.0252680629962171	0.0648617089697809	0.0503813318832956	0.0130811378729031	0.00897679714369294	0.0108192556906924	0.100178894897302	0.0111945090895387	0.0125525890793087	0	0.0356159054514284	0.00726877848354328	0.0603030307049101	0.181350803887001	0.0257544523867017	0.00812958517516646	0.0998706876328497	0.00727313431979373	0.102480565959757	0.0350256222817633	0.182672371617471	0.0195335219096806	0.016558989884821	0.0157714240967926	0.0190577600574629	0.0261759712370207	0.00543715096622085	0.0168653803382473	0.00686088603370908	0.0466260303827849	0.0192915269954488	0.0150878929975207	0.00923508662151907	0.0243755529183104	0.0109542176677761	0.0136348986351449	0.0289386940950697	0.00616605256789516	0.038414201595717	0.00554357531699211	0.00877335966291903
GCDF199	0.0184302299878457	0.0488129176876762	0.0249542502799269	0.0297781828358167	0.0911325202746825	0.0123274601781929	0.0266683143516532	0.0796458628216777	0.00839551467439066	0.043947003198543	0.0497213122293805	0.0674866699811184	0.139568760915838	0.0285679616617283	0.0562562243354441	0.0492687313017821	0.0768541240631932	0.00785825340161947	0.0136777024746713	0.0566717309858462	0.0465201755439994	0.0372640320636106	0.0742693239390248	0.0759522313948232	0.16108295110741	0.075836355374618	0.173024064964718	0.0141047472463488	0.0532526110082564	0.0150337704431473	0.0656012238727676	0.0486844185401093	0.0381611026635375	0.0233430313699023	0.0222804875658693	0.0115454269436687	0.0087897842297227	0.0158795617859472	0.0241020528101033	0.0290498001820812	0.038727234503386	0.126586453932704	0.020848790912729	0.015470467752429	0.131739926609126	0.0478040985386781	0.0428747989500713	0.038875851178109	0.0287494507025589	0.0132925852103102	0.0101521733861341	0.0402999992548215	0.0118801302848045	0.0714989662396185	0.021404754638559	0.0690449498819582	0.0205612965210369	0.0100736524492286	0.0447506031228436	0.0464763900998867	0.0170217448742025	0.0110200992879467	0.0452109231905203	0.0196281638433875	0.0174650097750315	0.0293579538155234	0.0200753421922487	0.0577263375273859	0.0279405263694699	0.0738850385703222	0.0351495460955182	0.00749014598914808	0.0518833104182373	0.0172025852041752	0.0107678093858101	0.0125347726338665	0.0151505074975307	0.0216490316458724	0.0176601947021831	0.0310845605916146	0.0180711875354514	0.0620277034814912	0.0219203633058703	0.0167570262959208	0.030849737011724	0.0152197150781638	0.0239701699841805	0.0432922126668872	0.0458463566998641	0.0648980952724062	0.0459524146610438	0.0329629513952467	0.0356159054514284	0	0.0343370236117731	0.0249922965380429	0.146070003961072	0.0108652923472527	0.0422285208008205	0.0645732473619659	0.0398176383189481	0.0679558630694043	0.00692949933705456	0.147313907441467	0.0171061513305764	0.0517492806444866	0.0223771720804801	0.0225265849231168	0.0614035905084827	0.0367668826095384	0.0521574239763949	0.0374634773329352	0.0335411254805748	0.0545142224867537	0.0502741739078604	0.0433968452717921	0.0155546371613375	0.0458496282949592	0.0487831857695122	0.0642248631426782	0.0395145019459905	0.0067388520989393	0.0369840872031872	0.0398697991751962
GCDF200	0.0523191195244741	0.0814820205171903	0.0107290223511312	0.00863630544497735	0.118981475255104	0.0456069132331947	0.0135060621924096	0.110707092089484	0.0332195019123681	0.011417477368142	0.0836683221236624	0.0996393538033119	0.167032000392374	0.00823074791020704	0.0903311055718046	0.0168761144500376	0.109598065942827	0.0284884444936508	0.0214376539942065	0.0905463442657933	0.08042347611803	0.0126507675152912	0.108356833006396	0.10745947213486	0.188540647126207	0.108574726966896	0.200576069228577	0.021029972856996	0.0871919876698292	0.0203324991814566	0.0929750714338187	0.0159829862114757	0.00832258531296946	0.0144592546434565	0.0561744729151027	0.0444527980354097	0.0414058964398473	0.0426418406117444	0.0580310181460597	0.0629187343698559	0.0701174306297543	0.160750088667629	0.0140999162268609	0.020387093828182	0.15951801445147	0.0792111147834797	0.0109312664611604	0.070339949481716	0.0612254946520834	0.0469169211809081	0.0255642907054286	0.0088199982513683	0.023943457004586	0.100055948501886	0.0284861772499903	0.036260322752324	0.0151054347333771	0.0426734238674845	0.0124001851201885	0.0780789894663324	0.017663631127263	0.0239961188041953	0.077977023529585	0.0152089379238661	0.0513004104070591	0.00817391551758228	0.0149947415632807	0.0249242771021796	0.00842181585183499	0.104392728194444	0.00637418032280461	0.036620043443911	0.0194090403959795	0.0185260275976187	0.0446036528570182	0.0336228008993497	0.0195811832831665	0.0206239264872339	0.0259305590039326	0.00609754128122909	0.0170479954591943	0.0946697577683613	0.0547122507158554	0.0226300668554625	0.0624359172176231	0.0490200934611788	0.011716047965103	0.0110565951997132	0.0133777441141769	0.0988176531261868	0.0135621588907647	0.0118213679707336	0.00726877848354328	0.0343370236117731	0	0.0590105718283942	0.180017301831583	0.0245295153328716	0.0103687128461333	0.0973892747753798	0.00761379318128368	0.0999270406636325	0.0336820880101636	0.181422077796676	0.0183732571230844	0.0190673283480033	0.0145203842278194	0.016361723320013	0.0288891998034987	0.00680485933153617	0.0194921109900631	0.00621357687626674	0.0446000088081516	0.0219865570272874	0.0173221182858929	0.0105644592984739	0.0219044516502757	0.0133994412549649	0.016248272506125	0.0315374940671403	0.00825834822031961	0.0367924803962009	0.00620904071209482	0.00942618616226346
GCDF203	0.00965946499314724	0.0267344449195221	0.0495265853600671	0.0543180436949537	0.0700964582613622	0.0153555947007856	0.0512165507358132	0.0584794200128979	0.0302386105323982	0.06852954129378	0.0252024396793033	0.0461027115169499	0.118503053907794	0.0531680884611125	0.0317882308548298	0.0739685176975197	0.053906104028827	0.0308639790223102	0.0381516960421295	0.0320655776545255	0.0219740211385105	0.0618207885159387	0.0497843053831597	0.054825697094202	0.140075762840835	0.051766456829177	0.152046572830942	0.038400219828643	0.0287073770011164	0.0396169897808571	0.0444765922171299	0.073268904980987	0.0627174148655901	0.0478087276446097	0.00863929723055488	0.0167026945502695	0.0187052062670277	0.0273552615233142	0.00649120516409495	0.00759169329522234	0.0186244539276819	0.102188246117698	0.0454884404034326	0.0397848381914876	0.110801269384948	0.0266488499168043	0.0675758180217911	0.018694473073037	0.0112561834317566	0.0130615338913607	0.0339641301619886	0.0648934630432514	0.0362062883949039	0.0505265999547761	0.0457121164660261	0.0936047346754508	0.0450732069786149	0.0172712727393391	0.0693106684796136	0.0255752661161953	0.0417903118550476	0.0354039406949523	0.0213570205513576	0.0443625014200054	0.0100655126129042	0.0539162957081289	0.044679176927817	0.0822875101608459	0.0524355475273397	0.0527702202324313	0.0598767860369249	0.0254895802577863	0.0766605016860095	0.0416426932382764	0.0147164277485431	0.0339830637053408	0.0398082013495944	0.0463881702209362	0.0417890138924122	0.0557353597021464	0.0426067005880553	0.0399059841992578	0.00868457226985783	0.0410501386481102	0.013144556908031	0.0119275810594454	0.0485525745334047	0.0680096166377718	0.07043301946286	0.0403525367981256	0.0704593100030013	0.0574965044254004	0.0603030307049101	0.0249922965380429	0.0590105718283942	0	0.121519738225022	0.0348761109353015	0.0668890441984239	0.0400529434772754	0.0644579088748103	0.0466856403332768	0.0266944587305941	0.122913748778478	0.0416981243349687	0.0764887339689515	0.0469074580028202	0.047205837255325	0.0861809210042761	0.0614000482842176	0.0768093188678977	0.0621950105961525	0.0480001275662822	0.0792445043722789	0.0749681169411751	0.0681514082608199	0.0398278199136257	0.0705217642690798	0.0735639744635784	0.0888902432087696	0.0642327541353727	0.0227274593304504	0.0615648435748587	0.0643269449773461
GCDF204	0.128399333568534	0.107995010761902	0.170544772738158	0.174859387404991	0.0914983570274681	0.135708850065265	0.17165846851739	0.105895523922612	0.150689616046771	0.189061051366305	0.0973873709638913	0.0967618775638667	0.0631096457893198	0.174060421309086	0.0900578789337717	0.195093827867749	0.0853150578008758	0.151945454002631	0.159000201959803	0.0924881209026683	0.10071035700314	0.182363750356616	0.0722449304855833	0.092300369582995	0.0497485820316907	0.0838321557249686	0.0496797620347052	0.159488762719463	0.0934603528091402	0.160427490418608	0.115132749532208	0.193965866860717	0.183164560734624	0.168384599565256	0.126299396157265	0.137040953744542	0.139281571137183	0.148602822513291	0.122352425347675	0.120354914529757	0.121302867853882	0.0199014276167321	0.16642041323763	0.160607259080868	0.0621923870134233	0.113677811818291	0.188557724760036	0.120988191001945	0.125669263679572	0.133586349812421	0.155133087978219	0.185618007423902	0.156902361698825	0.104144106534394	0.166340496052395	0.214081764070675	0.165589183869988	0.138182563914193	0.189748850585234	0.114743449094922	0.163048033912977	0.156655677942315	0.107064978642897	0.165616187031823	0.129929574601578	0.174694217967265	0.165869644193938	0.20282001025749	0.17300528363146	0.0963435613296249	0.181094988729015	0.146085148959449	0.19791851320652	0.162216069270866	0.135718756778674	0.154864516071599	0.160954844319459	0.167646170264543	0.162625191639168	0.176645712720023	0.163408349860798	0.0982519196289958	0.127141092612286	0.161652445943669	0.126683211838356	0.132311955545888	0.169293900932929	0.189198986448423	0.191215409774973	0.0817266677816709	0.191147819462449	0.177963520390819	0.181350803887001	0.146070003961072	0.180017301831583	0.121519738225022	0	0.156131047040525	0.187901325147561	0.0868609642440623	0.185433987264681	0.0968112233612272	0.147353254032857	0.00516744670364065	0.162483828537392	0.197680614211343	0.16736643829129	0.168408650942523	0.207438935836156	0.182244270889446	0.197771143582132	0.183353045071014	0.168816010157267	0.200365249556724	0.195977364676167	0.189336204769635	0.160918803829135	0.191660545239545	0.194720063998242	0.209895468872003	0.185428206216205	0.143586088461105	0.182402541240056	0.184870119046683
GCDF205	0.0284399444406683	0.0587622670814244	0.0151998311796548	0.0201400172416911	0.0997029983184554	0.0220209366366775	0.0170951851671844	0.088581219917596	0.0110706939771207	0.0343074469516675	0.0597217470181711	0.0768205797807737	0.148033401580772	0.0188504619044111	0.0661175533978626	0.0393974145102983	0.086820335023933	0.00713131497196637	0.006608545805464	0.0667629212592587	0.0566089535602415	0.0276115388901095	0.0841532808662665	0.0849625107013818	0.169553137487835	0.0858973935246468	0.181399947314551	0.006660003611357	0.0632560866122896	0.00724299528313838	0.0742777128035974	0.0390008973578612	0.0285219650602702	0.0138982147039526	0.032365919739911	0.0206668333319778	0.0174661401172423	0.0229633074216168	0.0340865217337404	0.039143427773708	0.0472547892819751	0.136231431380065	0.0113596462261289	0.00771547196141322	0.140104714969192	0.0568954697010493	0.0330550795646779	0.0474046881903302	0.0385598140495895	0.0225881805615217	0.00617853617542564	0.0306446545879648	0.00730640054950867	0.0799358690326864	0.0147569040118745	0.0594005254332465	0.0109647408885072	0.01817508093834	0.0351081266246661	0.0552206182419652	0.00788443854730988	0.00577146252386467	0.05527196433207	0.00993395155062605	0.0275425126098774	0.019649758205909	0.0104950987122426	0.0480758014953498	0.0183169699104672	0.082595881262813	0.0251595486576358	0.013111564340164	0.0417910703843591	0.00878453002936875	0.0205099362447256	0.0151068414514414	0.00688796219441833	0.0130841498065627	0.0126680815921664	0.0213341939173676	0.00917574366192437	0.0719902994431028	0.0317508583568563	0.0101473905531821	0.0395010782951357	0.0252407692993681	0.0142847826478608	0.0332920565975435	0.0361772528238068	0.0749591308260205	0.0362959252011896	0.0233374388295818	0.0257544523867017	0.0108652923472527	0.0245295153328716	0.0348761109353015	0.156131047040525	0	0.0324078321344022	0.0744179344613745	0.0300386904108554	0.0774061580499013	0.0105761067208016	0.157191885842217	0.00882346193468424	0.0417668764488866	0.0130228153053633	0.0129368192130568	0.0513099627663391	0.0270647751637782	0.0423772120377933	0.0275477821647067	0.0327009422459988	0.0446548348273894	0.0404534788256643	0.0334442511125646	0.00911997449631342	0.0359585002403368	0.0388832968104668	0.0544578379603347	0.0295285001171358	0.0133820422619318	0.0272549190417384	0.0302262072347932
GCDF206	0.0601532173277152	0.0905084032753501	0.0181970433332026	0.0144750029319013	0.127897525074506	0.0536728887019133	0.0211046509576416	0.119805580588302	0.0411072575835267	0.00623426723148147	0.0915689883810101	0.10871010695142	0.175520611531807	0.0144867750420941	0.0981873940638821	0.00857404128100366	0.11867687505002	0.0363304125088634	0.0292993270876733	0.0984273767381003	0.0882960153047485	0.0169034369120544	0.116229759698564	0.116515280471908	0.197045900454425	0.117595562353881	0.209048053531936	0.0288449776537641	0.0950704644424747	0.0281706395925898	0.101484095734177	0.007233674132331	0.00967948860606423	0.0222244785458903	0.064047538270854	0.0523248913914266	0.0492345831836715	0.0515364826553398	0.0658983967144682	0.0708082993750018	0.0792103801110778	0.168634108672238	0.0217836948224541	0.0282333277711513	0.168213270980902	0.0882874216244678	0.00566701940074335	0.0794328972697258	0.070301756413296	0.0547676607213839	0.0334373386670845	0.00530815167667702	0.0317876713557376	0.109050058957302	0.0362875895066695	0.0270370967178182	0.0229725645516406	0.0505574453584474	0.00774012680043175	0.0872322202029854	0.0255005895865686	0.0318802791562947	0.0869867612767701	0.0229231107584906	0.0591871987162816	0.015775283415228	0.0228718051762141	0.0156738593812204	0.0156449392517897	0.113457944507551	0.00817189894491957	0.044469781558622	0.01031599816457	0.0263447247520842	0.0524432991791253	0.0425024942842999	0.0274448066272519	0.0292327055764018	0.0346348699408047	0.0117045510183982	0.0247612071289408	0.10370723067811	0.0637789432222795	0.0316826959112377	0.0715287246487357	0.056904117454483	0.0191752556758472	0.00554827683090204	0.00597924163278117	0.106740510147629	0.00716888464309952	0.0173901028771217	0.00812958517516646	0.0422285208008205	0.0103687128461333	0.0668890441984239	0.187901325147561	0.0324078321344022	0	0.106415665134637	0.0066230248488166	0.109031087521351	0.0415400201736978	0.189272819444387	0.0259428290612619	0.0102064098052756	0.0222414370080588	0.025173695706245	0.0196675404181911	0.00729848364264601	0.0103390237887983	0.00781326801539634	0.0530663397577074	0.0129632961353043	0.00896080725090202	0.00614353814256387	0.0308925405408096	0.00677057226409552	0.0082207294827741	0.0223002697463439	0.00617570206418579	0.0449122366580096	0.00684384526092882	0.0109080884633868
GCDF208	0.0473733172573224	0.0218613821721513	0.0891479274088686	0.093939555940604	0.0331947754014923	0.0545262204803	0.0908440317619931	0.0301858931591715	0.0698751913703451	0.108141219977177	0.016969790127166	0.0154992414619585	0.0815320239976199	0.0927911050090886	0.0116347626764139	0.113552676833639	0.0175175654673667	0.0704098601985459	0.0777475233330871	0.0136659667084012	0.020282156925385	0.101447201362162	0.0155505303086506	0.0197834275907489	0.103046212382991	0.0152498643158587	0.115026163633424	0.077947618232833	0.0139939148646939	0.0792528953817156	0.0294297722855	0.112890703810586	0.10234670754936	0.0875197039409117	0.0453500635357517	0.0561671728512856	0.0580283589284829	0.0618195382106786	0.0411531441478115	0.0395467150015662	0.0345215154717667	0.067466160451824	0.0850734296772215	0.0793878144086009	0.07375935999432	0.0276508041554027	0.107171913514836	0.0342224211704851	0.0396586801819127	0.0519786374361226	0.0735532523631447	0.104520662490166	0.0758664494737832	0.0214590116996657	0.085293626845485	0.133234029466456	0.0847026323429262	0.0564718186253249	0.108939973091838	0.0280019413265917	0.0813349173451313	0.0749425633688166	0.0212092136592614	0.0839030722325498	0.0490596660535143	0.0915191874209076	0.0842397395860065	0.121911264504447	0.0920521707245798	0.0183095364558576	0.0994262597476593	0.0650821067392826	0.11620539268761	0.0812352131864037	0.0542387791881056	0.0684480533154324	0.0793637739437999	0.0808764298756917	0.0762912437244497	0.0953264717351307	0.0822000489240945	0.0137469740960785	0.0429951740297103	0.0762655483652847	0.0399001936117808	0.0514330404876459	0.0881577186060674	0.107546893334148	0.110051493677828	0.0102115120983334	0.110133169501117	0.0971470225338984	0.0998706876328497	0.0645732473619659	0.0973892747753798	0.0400529434772754	0.0868609642440623	0.0744179344613745	0.106415665134637	0	0.102989305751492	0.0155984402511909	0.0663169339073427	0.0881714358775303	0.0813143596504674	0.115940672580642	0.0865353610780504	0.0820604444603727	0.12572580854399	0.100997146708195	0.116385321123431	0.100386350970678	0.0866186962735773	0.118813001597771	0.114181831554331	0.106918876670828	0.0763522649202684	0.110078935972368	0.113128988806045	0.12848745038112	0.103725505146113	0.0619956937552703	0.101155419692849	0.104059717646151
GCDF209	0.0575890706268826	0.0869519595395435	0.0157198391459656	0.011975984834017	0.124311078527961	0.050883933563124	0.0185144564296787	0.116129172495519	0.0384821030076104	0.0074417694316556	0.089154077976039	0.105188477370474	0.17192319366667	0.0123079238116101	0.095748771170173	0.0119227720542124	0.115117554712777	0.0338997871643215	0.026794669331249	0.0958122681788724	0.0857224284548952	0.0152194631953884	0.113808687362406	0.113058467781303	0.193505476972069	0.114047711244737	0.20549500590623	0.0264831753165433	0.0926031249791685	0.0257034199923804	0.0978000054154733	0.0105351765329639	0.0081385066615173	0.0195959726056893	0.061484616099283	0.0497249604550877	0.0467836069639283	0.0480865593058894	0.0634406297420612	0.0681917279055624	0.0757825085987346	0.166266083566829	0.0193660001921928	0.0257397272031416	0.164777113331689	0.0846689780703699	0.00729892060108897	0.0760050236501477	0.0666875068963778	0.0523921367194917	0.0310550101402432	0.00576821602104853	0.0292224230131868	0.105619281981931	0.0337653272230216	0.0305643795114575	0.0203763777578268	0.0481894179576575	0.00858348739483968	0.083804350760248	0.0231251878419308	0.0295114160016781	0.083424772502798	0.0205513246856028	0.056585325323271	0.0123643896370806	0.0204849015789652	0.0191908710720864	0.0131844337277039	0.109956973505141	0.00739703929366901	0.0419034165226751	0.0139575105935401	0.0238095551089506	0.0500364374331754	0.0389560483057391	0.0251121292869099	0.0257237588591648	0.0310324281642232	0.00945256498167197	0.0222573914856772	0.100077694714671	0.0602943654162715	0.0280437762425704	0.0681008539266056	0.0542971137346643	0.0166605895413368	0.00714460910107432	0.00853705530482899	0.104239886683045	0.00907155900789105	0.0151180589308191	0.00727313431979373	0.0398176383189481	0.00761379318128368	0.0644579088748103	0.185433987264681	0.0300386904108554	0.0066230248488166	0.102989305751492	0	0.105405569753864	0.039026487468168	0.186859431441384	0.0234005332200064	0.0136127897027899	0.0196297214615789	0.0217361103936164	0.0234127877882183	0.00705594062391255	0.0139905137499098	0.00657302599854184	0.0499319515068724	0.0164650958266598	0.0119043432535942	0.00730226905793046	0.0273976182339318	0.00889555815574384	0.0110360953176037	0.0259777793491429	0.00681438800382588	0.0421592883314147	0.00593622931105207	0.00936194062421117
GCDF210	0.0525046480499735	0.0204810672862963	0.0916709431042575	0.0959225801205394	0.0243081694581743	0.0584357253680325	0.0927161061854073	0.0203808215870099	0.0720772786874964	0.110146431158287	0.0264235075582007	0.00747595512486919	0.0726543483935823	0.0951735402146975	0.0214117299294984	0.116218030151695	0.0125976806210185	0.0733106488154994	0.0801781603332722	0.0227228518048621	0.02866779159604	0.103439341816637	0.025766254967135	0.0104994038090514	0.0942184673716324	0.0142164486930753	0.106270532415371	0.0806817060167139	0.0228912875319671	0.0815310142181738	0.019396936991299	0.115084526063216	0.104222208637782	0.0894493175425915	0.0507410602888676	0.059821131968438	0.0618775885062988	0.0582061545415358	0.0473715898326852	0.045533193858585	0.0305007197000463	0.0780155394564975	0.0875834560755527	0.0816940676533815	0.0650474136375418	0.0213939773690219	0.109693032096733	0.0303088469581321	0.0419323627620634	0.0570691270433893	0.0763890716538887	0.106797701105325	0.0780345828394697	0.0112796380382144	0.087482210888405	0.1351560297789	0.0866856559207945	0.0610929745240043	0.110806496381158	0.0225941417127321	0.0841961402182627	0.0778712783799027	0.0264726357459269	0.0867570370736748	0.0537369423592933	0.0937238304000912	0.0869837413081015	0.123888733411076	0.0941074485279093	0.00890300510159571	0.102230298549238	0.0678460058389288	0.119059358808127	0.0833755321424417	0.0588516258455888	0.0669020562235153	0.0820824749993555	0.081050970412866	0.0751882223694613	0.0977588338833867	0.0845043522239936	0.0097142178871001	0.0476909463453774	0.0781280689618804	0.0382545507240175	0.0557730975325661	0.0904070177313053	0.110323197462342	0.112273052410044	0.0197640966360617	0.112158415368711	0.0990211627248562	0.102480565959757	0.0679558630694043	0.0999270406636325	0.0466856403332768	0.0968112233612272	0.0774061580499013	0.109031087521351	0.0155984402511909	0.105405569753864	0	0.0688917898017951	0.0985266575307557	0.0835665598361179	0.118716974977893	0.0884462647666835	0.0845024922881464	0.1285797750408	0.103324108804115	0.118862063369968	0.103101627769494	0.0891764542520648	0.121489450561278	0.116752881594379	0.109656347319333	0.0789304888534425	0.11276963029546	0.115838724555391	0.131019667167254	0.106479617456595	0.0653143122114919	0.103471282606173	0.105930812957913
GCDF212	0.0194849821861194	0.0500854036272174	0.0241989758632362	0.028201579624279	0.0924808931621638	0.0131550416523224	0.0248914637809826	0.0799141334313335	0.0079722789555995	0.0424276466735385	0.0511389939923479	0.0689592316671453	0.141056686715044	0.0276050166217516	0.0580609324529315	0.0487162646169614	0.0783008143606812	0.0081063026134301	0.0127182890263602	0.0571846035168026	0.047435021009108	0.0357081642694244	0.0760751189381787	0.0772509752876229	0.16262634790907	0.0768144968708958	0.174683959496142	0.0134979963874106	0.0545671985606955	0.0140418930977555	0.0664549640408068	0.0475116446990557	0.0363935913627196	0.021688672450531	0.0231399707851292	0.011970674801345	0.00970518792276224	0.0173473096349173	0.0254414746481361	0.0295891436193176	0.0405394946497799	0.128662983350682	0.0201009963027606	0.0143509705649745	0.133471941481335	0.0485011613880745	0.042179238991906	0.0406896736510474	0.0297336717032724	0.0150869752720205	0.0100159780004748	0.0391670596983397	0.01120890390523	0.073158865023141	0.0201055976524573	0.0673690130840046	0.0190924791233482	0.0113911384627261	0.0429307043815803	0.0482821670934708	0.0167586266796923	0.0111011121153944	0.0463721311905167	0.019372000932844	0.0183013428868067	0.0281801897975983	0.0195973772706106	0.0561317965915107	0.0264922474520375	0.0751066907788768	0.0348048884459216	0.00701696261373831	0.0516118428698092	0.0159687244420344	0.0125100774281291	0.0125580972549741	0.0147185458641763	0.0213625603308431	0.0169489294281135	0.0302563022464664	0.0170250256719877	0.0631371266914137	0.0236157557851814	0.0154655187748222	0.0326844138573065	0.015916367103769	0.022810559343509	0.0428859550091955	0.0447046378759122	0.0661480607408466	0.0445131573336895	0.0311838801987845	0.0350256222817633	0.00692949933705456	0.0336820880101636	0.0266944587305941	0.147353254032857	0.0105761067208016	0.0415400201736978	0.0663169339073427	0.039026487468168	0.0688917898017951	0	0.149162996748481	0.0160498850934226	0.0513649171199461	0.0206700492970119	0.0221479552130055	0.061130315667451	0.0358071179514883	0.0513822367094984	0.037039184453662	0.0328421873614343	0.0540049118977605	0.0495934499559378	0.0429879236740596	0.0148598411557914	0.04531753526041	0.0483824562544775	0.063529009507461	0.0391186258257037	0.0069118201752626	0.0359424974844612	0.0380645715302289
GCDF214	0.130209072972789	0.109671615139403	0.172007592037471	0.176813358760843	0.0929005246872854	0.137635083361105	0.173723392715358	0.107965993158745	0.15275453783647	0.191020573329444	0.098953025359096	0.0981888464002898	0.0643668522437413	0.175653815721021	0.0913073306131845	0.196348828047213	0.0868685298194789	0.153222640054395	0.160549212585796	0.0945555975641867	0.102583407979421	0.184323562516106	0.0735457218205086	0.0937716711049128	0.0509889409548104	0.0856252532414716	0.0484517092129799	0.16075485658766	0.0950925771636192	0.162059715299895	0.116878853076034	0.195725680752234	0.185226056310866	0.17039600556547	0.128217908318597	0.139033758279049	0.140897150894608	0.1496636614655	0.124017930316805	0.122425382260722	0.122363704849373	0.020960458252118	0.167875119682514	0.162230460932761	0.0633297767678295	0.11558740322638	0.189879293995674	0.122049027545886	0.127453837506097	0.134752588440674	0.156327060828305	0.187372278535005	0.158712102608247	0.105338083147401	0.168166878699052	0.21611340163332	0.167576440807545	0.139243401511751	0.191819319821367	0.115837572650476	0.164108873316736	0.157716515539873	0.108791508533136	0.166677024027314	0.131939019368152	0.176370819108655	0.167046978467643	0.204796169141326	0.17492042632416	0.0978925735360444	0.182239036367397	0.147955908016725	0.19897935261028	0.16410347458088	0.137068062794931	0.156358050126018	0.16217100936355	0.168707009818819	0.164235224928519	0.178122610305295	0.165057215877254	0.100011734649388	0.128429374234243	0.163528755909265	0.12774404778023	0.134310306774245	0.171020429393258	0.190331939494971	0.192908656868068	0.0833588904804654	0.193008120613869	0.180023326115175	0.182672371617471	0.147313907441467	0.181422077796676	0.122913748778478	0.00516744670364065	0.157191885842217	0.189272819444387	0.0881714358775303	0.186859431441384	0.0985266575307557	0.149162996748481	0	0.164193714056352	0.198819115005358	0.169414717741687	0.16955824693044	0.208499772530614	0.18386540163045	0.199159280970843	0.184530377237484	0.170180855977415	0.201575868659549	0.197326670541908	0.19051353859179	0.162285073839053	0.192909888546876	0.19591403910608	0.211294700099964	0.186599991237274	0.145157289173868	0.184029218373877	0.186939060838536
GCDF216	0.0346469586771546	0.0651852120880527	0.0092769485346813	0.0130622785731285	0.105432121515876	0.0280339100558047	0.0102921177543737	0.0940418636256998	0.0154857485263486	0.0271161484503836	0.0662513444520006	0.08347883481871	0.153922747030403	0.0124668374497707	0.0730694520353067	0.0330903279886703	0.0933562859591812	0.0117816761674917	0.00664793923991083	0.0726557147849088	0.0627297567523489	0.0205123804867117	0.0910987629733904	0.0913540136181947	0.175481317019222	0.0920449166436388	0.187566665386913	0.00685978704955278	0.0697195322977172	0.00648606946336745	0.0795143473931033	0.0320105594629892	0.0211615687179746	0.00820025066360643	0.0383835449777167	0.026635570065918	0.0238667335502352	0.029313863960631	0.0405141806813201	0.0450024873469815	0.0542718207444807	0.143638211819861	0.00656898148155611	0.00616152791866111	0.146343544878141	0.0627216480371326	0.0265799558561559	0.054496517912908	0.0447423268824515	0.0297157323608796	0.00910673122923595	0.0237531834752346	0.00777432862730965	0.0860304672158126	0.0131524447963169	0.0520900527034143	0.0048936322258522	0.0255615508720053	0.027726388169509	0.0622438949843248	0.0050376934973015	0.00811204715335572	0.0615248882559815	0.00599901124745645	0.0334505895999345	0.012883311111687	0.00667597462759457	0.0408028524670035	0.0114555160592621	0.0884428142447664	0.0191966937731415	0.0188870033475034	0.035963879314938	0.00513137021525928	0.0272754313838151	0.0199821627266103	0.00596786601729973	0.0113908159499518	0.0136515870831455	0.0148511531791001	0.00547810873816923	0.0782564455511594	0.0386443605289014	0.00974901151053156	0.046592340475381	0.031203698761987	0.00810624329511998	0.0272331079327022	0.0292757467714825	0.0813174565332104	0.029100630168963	0.016376429093964	0.0195335219096806	0.0171061513305764	0.0183732571230844	0.0416981243349687	0.162483828537392	0.00882346193468424	0.0259428290612619	0.0813143596504674	0.0234005332200064	0.0835665598361179	0.0160498850934226	0.164193714056352	0	0.0357010735744479	0.0066475935616634	0.0102053092877296	0.0454627328335938	0.0203007888166479	0.0358086162895867	0.0214062175440668	0.0332415003818695	0.0383935537226874	0.033984422721345	0.0273274458154584	0.00937833200970834	0.0296872823564994	0.0327177623644321	0.0478665241313101	0.0235059951253311	0.0196736484020478	0.020413208089656	0.022854170540931
GCDF218	0.0699768706102564	0.100210935554721	0.0277880637652495	0.0243245675745938	0.137216546544523	0.063440380862566	0.0308540266082443	0.129574688847619	0.0509663965891708	0.010356624101552	0.101277377644573	0.118237977903901	0.183659665060766	0.0241589860313318	0.107728132470088	0.00573776064280684	0.128276499232861	0.0459420848449673	0.0389759480727441	0.108295418472603	0.0981418631895624	0.0265723587662885	0.125766901506318	0.126141395532724	0.205172833017629	0.127348013071701	0.217069580398425	0.038370845989898	0.104813915461001	0.0379432147237087	0.110260082841522	0.00514305706894098	0.0181940954385532	0.0320629415036452	0.073832748476604	0.0621984741001418	0.0590024869700875	0.060732858236691	0.075644383790216	0.0806763350512042	0.0884746626922579	0.177997328115232	0.0314433934976055	0.0379999942626014	0.177261469791634	0.0980398811475195	0.010142406192373	0.0886971830870166	0.0799924054305361	0.0642662241377614	0.0429278535185137	0.0125068348028104	0.0416103534852013	0.118422521635739	0.046056219988098	0.0180157102889033	0.0328403186767992	0.0599206671344511	0.0136343989370748	0.0965408873979491	0.0348497554471697	0.0412412711579089	0.0967281259069539	0.0322811828568728	0.0690491237122603	0.0253938093235848	0.0323599749385859	0.00718092619714261	0.0255018775398382	0.123099447425568	0.0167473753704925	0.054248832768262	0.00393113190618507	0.0361805667893754	0.0621005296330861	0.0520591458136385	0.036998704696695	0.0379253357197299	0.0438732833347537	0.0212394655446964	0.0345607221389961	0.113415313338993	0.0732817600923355	0.0414265597972906	0.0807930085845668	0.0667721482388901	0.0289276236988077	0.00931818626534119	0.00759804340707364	0.116508689116348	0.00870518630365794	0.0270775849413541	0.016558989884821	0.0517492806444866	0.0190673283480033	0.0764887339689515	0.197680614211343	0.0417668764488866	0.0102064098052756	0.115940672580642	0.0136127897027899	0.118716974977893	0.0513649171199461	0.198819115005358	0.0357010735744479	0	0.0321062883606764	0.0343885363051386	0.0101579179872072	0.0158585898902719	0.00503893717894133	0.0157765569071276	0.0624518735767013	0.00559761654938374	0.00482013836094987	0.00992617940511366	0.0404149806973609	0.00744063996961528	0.00534877080981184	0.0130129791643339	0.0126277925670237	0.0545637908984314	0.0156447042468841	0.0202807179003051
GCDF221	0.0394130731283715	0.0700900106493271	0.00746560432228514	0.0085004314743782	0.109843720841889	0.0325164292760269	0.00610003093930168	0.0975712765798424	0.0190635786410609	0.0224368972327523	0.0712955243358708	0.0886134649015436	0.158452249837644	0.0088429283862228	0.0783237384425269	0.0294609855898101	0.0984285982570263	0.0166628115170758	0.00975484317968214	0.076443840156902	0.0672071212996738	0.0158225215990284	0.0963187870202643	0.0964354234512406	0.180010823438866	0.0966889892112125	0.192101719252991	0.00967544429427521	0.0747297328680453	0.00878849050095963	0.083479900176477	0.0280258336828815	0.0159193801016293	0.00582035820337691	0.0427989570442775	0.0307939740255325	0.0289234007435917	0.0338809879289733	0.0455051143136289	0.0485814559565048	0.0595076042368557	0.148931330502635	0.00561807475128032	0.00847821902822364	0.150889693185537	0.0673309317742935	0.0228495804988074	0.0597337563004759	0.0494496104392138	0.034997810242754	0.0137478876153402	0.0196607085791501	0.0109072097299639	0.090572057122534	0.016014814927158	0.0472100379340576	0.00358600953107022	0.0308552258647978	0.0224054520855648	0.0675174175112536	0.00735820666651684	0.0123680968924115	0.0663131914957605	0.0059360002045228	0.0376486777130401	0.00931422083845569	0.00669330475038162	0.0361969376904796	0.00711730736453099	0.0933288830247792	0.0155545730164952	0.0234442684197366	0.03236277789028	0.00659666429015083	0.0324925554897448	0.0242578689516945	0.00859466027891771	0.0135208649579624	0.0171968472199609	0.0113184464180541	0.00589889730503218	0.083039203376481	0.0438265309226934	0.0118873335698601	0.051831355976938	0.0353100879512953	0.0058085015878514	0.0236217648336532	0.0252217448062517	0.0861501386671355	0.0246436764119249	0.011335453945165	0.0157714240967926	0.0223771720804801	0.0145203842278194	0.0469074580028202	0.16736643829129	0.0130228153053633	0.0222414370080588	0.0865353610780504	0.0196297214615789	0.0884462647666835	0.0206700492970119	0.169414717741687	0.0066475935616634	0.0321062883606764	0	0.00996831780995684	0.0418816638752969	0.0163752652135574	0.032086028143613	0.0177670949599659	0.0345773310447582	0.0347389246365338	0.0303005623546514	0.0237287438728593	0.0122650937586458	0.0260353072856863	0.0291288215949228	0.0442043689239507	0.0198489021500478	0.0247708746805938	0.0165102357077742	0.0176163263374356
GCDF223	0.0407160137488384	0.0660026990855583	0.0115861639596823	0.0144305885769427	0.103450285816433	0.0340583425843053	0.0130910460103416	0.0953657583455847	0.0218046412737382	0.0269566854894763	0.0720274987621139	0.0840095489314108	0.151397971643342	0.0133879873901606	0.0784345410688959	0.032109819390256	0.0940509291760849	0.0168052390547037	0.0112784384900347	0.0790401017575553	0.0688865508771304	0.0210124175769813	0.0964964750138196	0.0918906426640472	0.172923257405108	0.0931224393272641	0.184819995002313	0.0108678224073215	0.0755449185768763	0.0114547633942254	0.0776061661014653	0.0316227221805038	0.0214880754644371	0.0109026865008278	0.0446436610825435	0.0329391462634308	0.0297347086604045	0.0267706135419583	0.0463807655479571	0.0514210306785323	0.0541998649561646	0.148675451676051	0.00908142844487847	0.0112274044071033	0.143662643402514	0.0638309523764283	0.025841154271003	0.0544216887592667	0.0458801882623723	0.0349513205765474	0.0141169602248931	0.0234856427355547	0.0131863534422309	0.0842749260441221	0.0187157119407949	0.0520101722442743	0.00883561394393745	0.0306012914421959	0.0277532930627014	0.0622764837485973	0.00897077936679125	0.012721867930859	0.0627154617974855	0.00912883390456137	0.0398096759624854	0.0112965869566783	0.00952487044516161	0.0406843357804147	0.0123707979324866	0.0888738706707954	0.0185322400483519	0.0251166469351661	0.0345699235684041	0.0103151409256488	0.0328026481650092	0.0181538711885235	0.00998626022853635	0.00730967179712172	0.0115403557993528	0.0150168764715393	0.00915229016670374	0.0792008293698532	0.0414463320201395	0.0087438327333222	0.0465176528451419	0.0375168386357601	0.0103581501170993	0.0260898959399624	0.028826785810066	0.0872422800672175	0.0289503284588908	0.0172459242225747	0.0190577600574629	0.0225265849231168	0.016361723320013	0.047205837255325	0.168408650942523	0.0129368192130568	0.025173695706245	0.0820604444603727	0.0217361103936164	0.0845024922881464	0.0221479552130055	0.16955824693044	0.0102053092877296	0.0343885363051386	0.00996831780995684	0	0.0440858913717246	0.0201546365366966	0.0350153596902435	0.0190255556895275	0.0362360318276015	0.0373312085490636	0.0327803890286672	0.0254153639473247	0.0101934327694559	0.0286784213262074	0.0315961688098432	0.0470830125339103	0.0224143834784627	0.025127118030055	0.0202804507047992	0.0230957103253464
GCDF226	0.0797462825371762	0.110068195922808	0.0375239275245353	0.034095372063945	0.147015812571603	0.0732871706813875	0.0407451477202803	0.13944858583537	0.0607426117992762	0.0199519356505738	0.111028927519466	0.128081284162372	0.192441919385785	0.0339172381832443	0.117425429474826	0.0130975005155749	0.138128203274024	0.0556025195377644	0.0486955769886874	0.118070382436719	0.107916827906262	0.0363466926295348	0.135461148589548	0.135940181787568	0.213638731174999	0.137205264484039	0.225486996047425	0.0480417978357185	0.114563686001782	0.0476753294016376	0.119940995116426	0.0139101656116169	0.0279750384183394	0.0418392936652056	0.0836632156913931	0.0719678852368485	0.0687497088478671	0.0703737613453407	0.0853916086783313	0.0904512978111855	0.0981155740793305	0.187539302791008	0.0411896629616468	0.0477452567129424	0.186918244217381	0.107913781973449	0.0193761734108469	0.0983380910122033	0.0898559970988168	0.0738747609083099	0.0525763412617674	0.0222621348244373	0.0513686744703187	0.128175430451379	0.0559021581453506	0.0087541009139533	0.0426152782194843	0.0694626339833544	0.0233719780232118	0.106203988721274	0.0443967349187593	0.0507836618056201	0.106579838903865	0.0418230126226189	0.0788249200341677	0.0352586991332396	0.0419773773826433	0.00682405255278667	0.0352712893914996	0.132956697934806	0.0263609058327145	0.0640994699088612	0.00971979163281356	0.0459573378015046	0.071814465853903	0.0618889433792745	0.0466793620526189	0.047545087194503	0.0536939194331868	0.0309867085042325	0.044325702870735	0.123283662353501	0.0830558060546114	0.0512893662007168	0.0904339159829448	0.0765471070854351	0.0386983068528199	0.0183033374128769	0.0167127005200871	0.126267005623591	0.0178250019306863	0.0368560234818495	0.0261759712370207	0.0614035905084827	0.0288891998034987	0.0861809210042761	0.207438935836156	0.0513099627663391	0.0196675404181911	0.12572580854399	0.0234127877882183	0.1285797750408	0.061130315667451	0.208499772530614	0.0454627328335938	0.0101579179872072	0.0418816638752969	0.0440858913717246	0	0.0255607471265125	0.0100400646116039	0.0255258539033057	0.0721929754045877	0.0075443935401372	0.0120015484116257	0.0190089256032323	0.0502032120947284	0.0160248850465216	0.012952444683925	0.00499785256647326	0.0221859547921052	0.0644012444248103	0.0254166579212655	0.0300613840797333
GCDF230	0.0544462399651306	0.0848846350504894	0.0128705343925347	0.00908602689947895	0.122623592765644	0.0478562147855157	0.0152734761323893	0.113909995089276	0.0352177926800167	0.00860394472244544	0.0860117887607729	0.103164008244722	0.170869182908174	0.00954942145758788	0.0927633333838347	0.0134323100145492	0.113076385148246	0.0308997133803187	0.0236716843774599	0.0925347768899166	0.082534142892168	0.0130205540588558	0.110772960941599	0.111029810977705	0.192394466111154	0.111855297678649	0.204435447099233	0.0234292324801738	0.0894577908094483	0.0225237254429646	0.0964791528654821	0.0123091185138551	0.00716607401504962	0.0164185974445909	0.0582107343155928	0.0464681339911138	0.0436549158108355	0.0464637879696157	0.060319149923144	0.0649127148919635	0.0738639798429277	0.163287714424759	0.016279065515846	0.0226110017134084	0.163310336645203	0.0824694969136305	0.00781502193451455	0.0740865008021244	0.0645736375767173	0.0493821534657418	0.0280630858050603	0.00603877637250763	0.0260825040609096	0.103745380585844	0.0305298439161193	0.0323822388256138	0.0171324481689042	0.0452110490978065	0.00913353723407996	0.0818636372233882	0.0201633776152375	0.0265351358631795	0.0812853306080356	0.0175778286042388	0.0533211540543672	0.0105285548682635	0.0174565109720623	0.0210497901502131	0.00995276117523323	0.10786745832725	0.00584383165014607	0.038687112919911	0.0160577198010728	0.0206429128243466	0.0469695884320471	0.0372243400926542	0.0220760813951869	0.0244807960427921	0.0294945480095016	0.00700862515386138	0.0191807240398243	0.0980723671840899	0.0583160533146425	0.0259554746626603	0.0661823293100102	0.0510639997970576	0.0136661449967027	0.0086060511101169	0.00973808854604328	0.101094551835999	0.00998249827975859	0.0123114737475084	0.00543715096622085	0.0367668826095384	0.00680485933153617	0.0614000482842176	0.182244270889446	0.0270647751637782	0.00729848364264601	0.100997146708195	0.00705594062391255	0.103324108804115	0.0358071179514883	0.18386540163045	0.0203007888166479	0.0158585898902719	0.0163752652135574	0.0201546365366966	0.0255607471265125	0	0.0159558971186705	0.00596262509887568	0.047591051105598	0.0185319862958759	0.0141555271287816	0.00846101422065098	0.0253916900285115	0.0099979464148143	0.0128983216350804	0.028034546487786	0.00636044900154112	0.0393889967465039	0.00516158071552513	0.0078035473842362
GCDF244	0.0700452114747028	0.1004004020131	0.0280778993372664	0.024321784538151	0.137555609372529	0.0635368692679237	0.0309521505101161	0.12964765539374	0.050948919559067	0.0103392767775192	0.10148317713027	0.118596560500487	0.184070883525742	0.0243389417389126	0.108107129356476	0.00591551808750897	0.128530577201434	0.0462871927278812	0.0391398841007189	0.108269452070347	0.0981425816814105	0.0265760973396927	0.126124795112345	0.126478565235933	0.205568601236199	0.127465363027471	0.21759848311694	0.0387986902749599	0.104934725948054	0.0380328262431754	0.11038657676692	0.00493455301465924	0.0182075076830583	0.0320657089616012	0.073905688908064	0.0621725087515031	0.059138370809531	0.0614382342407198	0.0757959376681935	0.0806503701541159	0.0891800397122749	0.178603765940425	0.0316858098964498	0.0381375470509132	0.177883169717259	0.0981294958278386	0.0101103107198	0.089402558827641	0.0801631553907587	0.0647077721854051	0.0434139573739635	0.0125289250358074	0.0416555502310847	0.118990270326836	0.0461456083664388	0.0170682394227973	0.032819901263774	0.0605271051854196	0.0136685369658576	0.0971907909319858	0.0354784581659719	0.0418496594547924	0.096873213997995	0.0328927703502804	0.0690296801428	0.0255878684628341	0.032801937415368	0.00631181915605798	0.025481459054381	0.123322197584191	0.0173189519984516	0.054329499451801	0.00454604596774461	0.0362500559275198	0.0623796727846969	0.052337790303158	0.037399491502179	0.0386852491647005	0.0441551635963748	0.0214805817607828	0.0346387836404822	0.11359923129732	0.0737097664087108	0.0415383641692725	0.0814983871097517	0.066757277519715	0.0290334301276339	0.00947979053557672	0.00761732460420598	0.116554840646609	0.00863848983738195	0.0270894461574804	0.0168653803382473	0.0521574239763949	0.0194921109900631	0.0768093188678977	0.197771143582132	0.0423772120377933	0.0103390237887983	0.116385321123431	0.0139905137499098	0.118862063369968	0.0513822367094984	0.199159280970843	0.0358086162895867	0.00503893717894133	0.032086028143613	0.0350153596902435	0.0100400646116039	0.0159558971186705	0	0.0163478759620715	0.0629971506017627	0.00513472617398054	0.00490791888906376	0.010226143761585	0.0408255966436682	0.00784942292926699	0.00566283077419351	0.0123521908641454	0.0131775990782324	0.0548379208252888	0.0158187861582547	0.0202873123790881
GCDF246	0.0556604116778783	0.0845955887978727	0.0137221413626891	0.0105916324113919	0.121804433714862	0.0489652631333982	0.0167447739384241	0.113953788247373	0.036633462598077	0.00914298765351902	0.0869874234753426	0.102675253393674	0.16955189632647	0.010574707519169	0.0934394055394211	0.0135855742099911	0.112703037457635	0.031630250521832	0.0246617322778235	0.0939512136157113	0.0838039603949797	0.0138739589460646	0.111497873233424	0.110545688205295	0.19105499275405	0.111716032103457	0.20299056684128	0.0241130579385267	0.0905055419513674	0.0236000256669341	0.0956648182537821	0.0129480248110162	0.00891185923234908	0.0177320950815097	0.0595551562881229	0.0478487287394025	0.0447026665200188	0.0453179920412073	0.0613334753898659	0.0663321411820373	0.0729758152455995	0.163775174605726	0.0171496987888458	0.0236892221504916	0.162063211503655	0.0824245344659295	0.00800988583524495	0.0731983322537307	0.064382966795955	0.0499999703594831	0.0286897523987173	0.00702269979743193	0.0272747659961684	0.102897507825283	0.031799076068582	0.0332751551624199	0.0184961224087712	0.0456985092975877	0.010253461618729	0.0810253950532037	0.0206447170125415	0.0270200923104027	0.0810905887623026	0.0180625074420764	0.0547114524877433	0.0102442596672159	0.0180994224466496	0.0219111978170471	0.0112534671212838	0.107484106614132	0.00642830071820304	0.0399948769070283	0.0160431941910035	0.0218659352059617	0.0477785215985895	0.0365615248153306	0.0226959842492384	0.0230096672388791	0.0287276342736952	0.00811788337799071	0.0202370609881149	0.0978221518523765	0.0577106760683084	0.0258027157943809	0.065294162417301	0.052427952789297	0.0146656632729138	0.00829124667169056	0.0103200437428166	0.102186684129816	0.010647848768235	0.0141027435857916	0.00686088603370908	0.0374634773329352	0.00621357687626674	0.0621950105961525	0.183353045071014	0.0275477821647067	0.00781326801539634	0.100386350970678	0.00657302599854184	0.103101627769494	0.037039184453662	0.184530377237484	0.0214062175440668	0.0157765569071276	0.0177670949599659	0.0190255556895275	0.0255258539033057	0.00596262509887568	0.0163478759620715	0	0.0476059915893006	0.0187097629297036	0.0141431564568645	0.00773018090856365	0.0248553469645405	0.0106150448613922	0.0129980492391482	0.0283742173377312	0.00657776430498508	0.0400206310618104	0.00632706000834158	0.00926010031723464
GCDF252	0.0416426222696148	0.0707307057549255	0.0372853997831393	0.040567949658843	0.109556334036769	0.0370510724382569	0.0372100372356598	0.0944626564630354	0.0319994817478488	0.0543584870644892	0.0724148759712474	0.0888746158041135	0.158010016788136	0.0401079670309719	0.0791081867434762	0.0600354650405922	0.0988544831522788	0.0327561243314936	0.0327846399800043	0.0785486119413617	0.0690066063720168	0.0447043490906556	0.0970486784824217	0.0967253065018943	0.17959612653111	0.0976896209999768	0.191506274721839	0.0328958257656507	0.0759739504769595	0.0327837768791601	0.0839018437145936	0.0594132954273561	0.0478834859424769	0.0353509858438764	0.0447483966221111	0.0357988250225481	0.0348877841700809	0.0385810830677399	0.0469476350329139	0.0508282604166354	0.059220487195434	0.149364051042181	0.0343248540290979	0.0326120237434151	0.150253510535365	0.0683837922459299	0.0536536509641493	0.0594105462760034	0.0502220843777512	0.0380891412872859	0.0327116646662806	0.0510315754723669	0.0324870565849723	0.0900143989258342	0.0381130151864555	0.0792597490880224	0.0336726967696891	0.0356788570531691	0.053834835274352	0.0672220233263391	0.0334723020593325	0.0326649140980509	0.0671435277720894	0.0343050892192005	0.0403909946255612	0.0397280130836398	0.0344708837531131	0.0681791733385939	0.0389044629315836	0.0937156962475391	0.0459964665763005	0.0333904406864836	0.0626725574786013	0.0329655437833733	0.0359937975164315	0.035853859357009	0.0330181677044943	0.0370089156421447	0.0363403108685908	0.042217210273851	0.033648484395911	0.0838458221970182	0.0441918493521334	0.0334884222182963	0.0515727885443755	0.0384771826893392	0.0362135900203327	0.0541014375560211	0.056576566714229	0.087620707172336	0.05641572557465	0.0422850404913076	0.0466260303827849	0.0335411254805748	0.0446000088081516	0.0480001275662822	0.168816010157267	0.0327009422459988	0.0530663397577074	0.0866186962735773	0.0499319515068724	0.0891764542520648	0.0328421873614343	0.170180855977415	0.0332415003818695	0.0624518735767013	0.0345773310447582	0.0362360318276015	0.0721929754045877	0.047591051105598	0.0629971506017627	0.0476059915893006	0	0.0653883555170262	0.0608041896814048	0.053613079843497	0.0330753276745478	0.0566817117158813	0.0596695730857777	0.075094054707072	0.0502878797024187	0.0337528743301377	0.0477889564753783	0.0496330587851881
GCDF254	0.0726226716104782	0.102977865723648	0.0305124858601226	0.0269572243583624	0.140002428431704	0.0661652299265067	0.0336065818790836	0.132302780419287	0.0536054363003885	0.0129205541299524	0.103977429370085	0.1210852637887	0.186212211245238	0.0268588596672723	0.110479335893284	0.00704412333222783	0.131080300142669	0.0487187331674075	0.0416463230068635	0.110924579504162	0.10077657144178	0.0292248919493321	0.128537789815002	0.12898429776683	0.207648509229072	0.130081655777464	0.219625558365475	0.0411638187037574	0.107501093335826	0.0406007229378729	0.112922819274845	0.00700556140186058	0.020858319071733	0.0347057334664795	0.0765204585411332	0.0648276331373537	0.0617149963673919	0.0637164121926433	0.0783349824222651	0.0833054957064715	0.0914579394339311	0.180881666715699	0.0341907564099088	0.0406955854045321	0.1801824810529	0.100767979718218	0.012461064391619	0.0916804592266227	0.082764631645246	0.0670425371464455	0.0457625833499913	0.0151442422512731	0.0442407666094074	0.121318097668465	0.0487953251735731	0.014855428815189	0.035469477582309	0.0628050057725473	0.0162664951163937	0.0994797869764193	0.0377537150011219	0.0441268650871335	0.0994839612582717	0.0351691392786575	0.0716788390594901	0.0281715904635311	0.0351540999806891	0.00557917759358657	0.0281310362007582	0.125866372401666	0.01962806875206	0.0569658946960863	0.00531966446762472	0.0388334650132391	0.0647962561460456	0.0548149801865973	0.0397940263942336	0.0409203638332059	0.0466456538009824	0.0239591450345787	0.0372213755329751	0.116204431412196	0.0761152568715389	0.0441507798516088	0.0837765648359	0.0694013073513604	0.0316506968152643	0.011587542071915	0.00981586195606118	0.119171134073927	0.0110324396289687	0.029750713589366	0.0192915269954488	0.0545142224867537	0.0219865570272874	0.0792445043722789	0.200365249556724	0.0446548348273894	0.0129632961353043	0.118813001597771	0.0164650958266598	0.121489450561278	0.0540049118977605	0.201575868659549	0.0383935537226874	0.00559761654938374	0.0347389246365338	0.0373312085490636	0.0075443935401372	0.0185319862958759	0.00513472617398054	0.0187097629297036	0.0653883555170262	0	0.00667030347136056	0.0123272419382696	0.0432696593266846	0.00944615223014614	0.00719220548923447	0.0101173722486228	0.0154970297907394	0.0573692121213735	0.0183604570050404	0.0229456372878919
GCDF255	0.0682514344878269	0.098274577597175	0.0262331352145834	0.022533276682776	0.135422462164754	0.061585322022438	0.0291647409004244	0.127532929483086	0.0491626188158989	0.00883777476694303	0.0996727571643964	0.116420811625442	0.181991230056743	0.022523930898369	0.106246783275797	0.00611779477030998	0.126396159632037	0.0444270675682058	0.0373280548462362	0.106486771895428	0.0963458140390088	0.0248016202728255	0.124278048072198	0.1242797586954	0.20350418563443	0.125328444320746	0.21548969351282	0.036917807910629	0.103135402154441	0.0362566290517347	0.108342896431986	0.00450497649309009	0.0164063195415744	0.0302844173792336	0.0721066443230769	0.060389827786371	0.0573549933280006	0.0591848201372407	0.0739910651487534	0.0788676887750626	0.0869266238025945	0.176682399830433	0.0298569418508748	0.0363313365125596	0.175602222783397	0.0960203119450145	0.00896602089756705	0.0871491417890847	0.0780268437934644	0.0628208024709514	0.041519890755716	0.0108465911430128	0.0398481729054692	0.116753497358524	0.0443687504815935	0.0193558657174986	0.0310429064086591	0.0586057399785278	0.0118993946017152	0.0949540178884159	0.0335437334660027	0.0399269002931889	0.0947584829697705	0.0309672289424472	0.0672571201893416	0.0234418014167911	0.03092508874081	0.00844698203045574	0.0236991943528104	0.121207469716819	0.0153677224209814	0.0525449913258504	0.00462401070619693	0.0344525058048241	0.060530422198953	0.0502226412145778	0.0355409361948871	0.0364221875941513	0.0419658416637568	0.0196295878261967	0.032868988661453	0.111467858832894	0.0715562059647507	0.0394347277705116	0.0792449696949034	0.0649635027153323	0.0272072867744348	0.00810666011312431	0.00654519264847322	0.114755515949895	0.00751391122813779	0.0252988577180664	0.0150878929975207	0.0502741739078604	0.0173221182858929	0.0749681169411751	0.195977364676167	0.0404534788256643	0.00896080725090202	0.114181831554331	0.0119043432535942	0.116752881594379	0.0495934499559378	0.197326670541908	0.033984422721345	0.00482013836094987	0.0303005623546514	0.0327803890286672	0.0120015484116257	0.0141555271287816	0.00490791888906376	0.0141431564568645	0.0608041896814048	0.00667030347136056	0	0.00864966417488764	0.0386295513899037	0.00689254428972631	0.00485215587318038	0.0145737135246622	0.0114662206932818	0.0527986744889105	0.013964694596573	0.0184911334924776
GCDF257	0.0616102829726055	0.0911447561599992	0.0194644256626641	0.0159588704906366	0.128220107142973	0.0549396190303143	0.0225933366878466	0.120508510280739	0.0425925998562815	0.00687444361392409	0.0929262020973244	0.109224426249663	0.17547129124704	0.015806210236718	0.0993948274790639	0.00861097768776947	0.119263301293055	0.0375738596976405	0.030585517975116	0.0999177292440877	0.0897641767456074	0.0184571645740006	0.117424032980143	0.11705091256987	0.197011044531158	0.118281841804885	0.208885605889137	0.0300066207225124	0.0964554165198345	0.0295525068567708	0.101743054736142	0.00781210638451004	0.0110751766067074	0.0236883015616449	0.0655176443508779	0.0538152440855599	0.0506420013203163	0.0517366711765227	0.0672777983350585	0.0722986513541804	0.0794639592670431	0.16967512065112	0.0231186996656235	0.0296234256315111	0.168388541298683	0.0889737029569318	0.00548106263452821	0.0796864810164529	0.0709376808519315	0.0559329219689273	0.0345941301096569	0.00646602922187403	0.0332235253858145	0.109410234548227	0.0377600475054498	0.026837458862274	0.0244626367201257	0.0515984551172064	0.00886829048301084	0.0875079956921664	0.026534644435301	0.0329190627906961	0.0876564014740665	0.023958695610289	0.0606714446059983	0.0163627123563654	0.024019312964884	0.0155252250137203	0.01711864688556	0.114049916992886	0.00910199517466485	0.0459472389910558	0.00999131965664959	0.0278223081576553	0.0537561318564295	0.0430304469220867	0.0286505689863304	0.0292096972427886	0.0350079668140171	0.0129839020917625	0.026177491362423	0.104360229890756	0.064243325417993	0.0323548380925198	0.0717823065892614	0.0583944671006516	0.0205627422817428	0.00618739115459976	0.00682228523297141	0.108119909585726	0.00752073299901729	0.0188501849347218	0.00923508662151907	0.0433968452717921	0.0105644592984739	0.0681514082608199	0.189336204769635	0.0334442511125646	0.00614353814256387	0.106918876670828	0.00730226905793046	0.109656347319333	0.0429879236740596	0.19051353859179	0.0273274458154584	0.00992617940511366	0.0237287438728593	0.0254153639473247	0.0190089256032323	0.00846101422065098	0.010226143761585	0.00773018090856365	0.053613079843497	0.0123272419382696	0.00864966417488764	0	0.0313557651872286	0.00685422653285316	0.00747961807535077	0.0219100799759605	0.00676573477003422	0.0459785175820192	0.00837535393892345	0.0122601695434012
GCDF259	0.0331599305223937	0.0604713371757305	0.0144896746655418	0.0185231435432503	0.0994550372765522	0.0264213534937513	0.0156940682603027	0.0896964315513168	0.0144244398042146	0.0325113685256002	0.064582336280081	0.0786401889089382	0.147950872026309	0.0175401870975026	0.0711845291232822	0.0379987432800158	0.0885248961623269	0.0108021114802345	0.008450611193448	0.0714009483580035	0.0613195304241445	0.0258077418695044	0.0891964409236956	0.0865021937272765	0.169494752480526	0.0875066016057525	0.181481232697313	0.00896967558961625	0.0680652091072665	0.00898727365637744	0.0738736558517422	0.0372539887938536	0.0267721774677436	0.012901869795351	0.0370136730448164	0.0253335920237757	0.0222802350081202	0.0231752629683475	0.0389208856480892	0.043794562306368	0.0490898860787803	0.141610471362417	0.0110045184306048	0.00931232881196069	0.140224548677603	0.0581848767369685	0.0315578186677562	0.0493160325544651	0.0401876138128114	0.0277688351619725	0.00948264818836116	0.0289553174316281	0.00881998076319996	0.0800313537921568	0.0157672581027704	0.0575724048069631	0.0104670664295554	0.0235338103157854	0.0332880699630789	0.0571021587032862	0.00892696269279854	0.00806988931891292	0.0569265278601887	0.0103207037741826	0.0321812366107197	0.0159975799315637	0.0110296698550534	0.0462426438250325	0.0168091003768936	0.0833918874462446	0.0239653654321276	0.0175796470115657	0.0407017140526964	0.00886236279591391	0.0254681724396468	0.0145014129823657	0.00868610733405057	0.0100497962069707	0.0106166645489407	0.0199333632910492	0.00917210162739561	0.0736071801170556	0.03427300959675	0.00735138985210785	0.0414111359665791	0.0298959229216732	0.0133282944296647	0.0320598376030573	0.0344751788623104	0.0797423173983892	0.0344492956393897	0.0216924345327748	0.0243755529183104	0.0155546371613375	0.0219044516502757	0.0398278199136257	0.160918803829135	0.00911997449631342	0.0308925405408096	0.0763522649202684	0.0273976182339318	0.0789304888534425	0.0148598411557914	0.162285073839053	0.00937833200970834	0.0404149806973609	0.0122650937586458	0.0101934327694559	0.0502032120947284	0.0253916900285115	0.0408255966436682	0.0248553469645405	0.0330753276745478	0.0432696593266846	0.0386295513899037	0.0313557651872286	0	0.0344850551431077	0.037565703456751	0.0528661747547713	0.0281701501496512	0.0177634768258554	0.0255624582718192	0.028302437108424
GCDF261	0.0639305964789607	0.0942716415632855	0.0218191071074795	0.0182562350963402	0.131413445027188	0.0574689822440798	0.0248972641003102	0.123601676162445	0.0448880917533781	0.00704157966861708	0.0952999223061282	0.112393622672317	0.178681889567712	0.0181466299297307	0.101803790740292	0.0061131999216447	0.122372472903343	0.0399947402001631	0.0329516050076545	0.102223465840022	0.0921051560929327	0.0205832438336478	0.119865044198855	0.120249088364418	0.200190350413322	0.121406221329564	0.212168246206611	0.0324784154730915	0.0988034656403041	0.0319133300635249	0.104841184059177	0.00516785402497691	0.0128529947909592	0.025943845896182	0.0678107219964567	0.0561290305070203	0.0530080963866879	0.0550406984232291	0.0696101846417995	0.0746043881382605	0.0827646634042865	0.172188395502591	0.02545414558339	0.0320000828930525	0.17165769215184	0.0920804647935761	0.00649598882606516	0.0829871834980117	0.0740434785157141	0.0583524361553818	0.0370846511702044	0.00758386989867296	0.0355674157182526	0.112658650887133	0.0400793806207601	0.0236426054622338	0.0267683733819109	0.0541117355377987	0.00916004151275212	0.0908061962085541	0.0290462511657464	0.035432478356542	0.0908069991403156	0.0264737812444718	0.0629771802235733	0.0194815505305399	0.0264435324516862	0.0123820745861252	0.019428407994447	0.117169730816827	0.0111331400529698	0.0482649080681078	0.00724811128678295	0.0301254184427436	0.0561237617800332	0.0461762167438112	0.0311098679467434	0.0324806110049137	0.0381214775972896	0.0152828375940597	0.0285363728462747	0.107474496268263	0.0674286216798455	0.0354505047917065	0.0750830113662012	0.0607002050136075	0.022909268633359	0.00620070951992253	0.00586703927503109	0.110477533153813	0.00620984048653168	0.0210608207818234	0.0109542176677761	0.0458496282949592	0.0133994412549649	0.0705217642690798	0.191660545239545	0.0359585002403368	0.00677057226409552	0.110078935972368	0.00889555815574384	0.11276963029546	0.04531753526041	0.192909888546876	0.0296872823564994	0.00744063996961528	0.0260353072856863	0.0286784213262074	0.0160248850465216	0.0099979464148143	0.00784942292926699	0.0106150448613922	0.0566817117158813	0.00944615223014614	0.00689254428972631	0.00685422653285316	0.0344850551431077	0	0.00607807730557397	0.0187614385104465	0.00803394056033494	0.0486304951888142	0.0101645946834293	0.0142502432096411
GCDF273	0.0670052297187574	0.0973493229560178	0.0248477212106339	0.0213419701809985	0.134395921696918	0.0605350236850555	0.0279888193678073	0.126696430899278	0.0479890675933072	0.00830463237820588	0.0983211504991608	0.115406799647543	0.181246705278002	0.0211976778851069	0.104817511758419	0.00580040139917548	0.125422504213121	0.0429769621014294	0.0359753168404403	0.10531822780166	0.0951676633622911	0.0235955870117654	0.122838660397313	0.123291311917281	0.202787188869534	0.124464212719238	0.214711674837151	0.0354274979068173	0.101828171975083	0.0349560439247977	0.107619335931359	0.00474673488960517	0.0152946160494754	0.0290906036065684	0.0709110657976131	0.0592157390683588	0.0560308464172513	0.0579561700649334	0.0726838369261135	0.0776991451328451	0.0856907171281901	0.175114445463575	0.0284994892173945	0.0350268240077327	0.174486119187239	0.0951616279404573	0.00758938335242089	0.0859132345878717	0.0771256041045141	0.0613399366236696	0.0400183286254454	0.00956524749912058	0.0386278950280011	0.115617442161146	0.0431660897653512	0.0206214498276963	0.0298631303012371	0.0570377824884473	0.0110523132231049	0.0937458458873961	0.0319671495017981	0.038358388054702	0.0938387773554735	0.0293978820884168	0.066071937030012	0.0225342863587418	0.0294160474317543	0.00956773675385524	0.022524687837847	0.120226741965973	0.0138506146490038	0.0513455096368838	0.00522490663776137	0.0332255676351111	0.0591566264253072	0.0492045339761358	0.0340769899011862	0.0352385746823116	0.0410422332622487	0.0182622763295329	0.0315950452114898	0.110542604944321	0.0704534361233013	0.0385430379573143	0.0780090623431736	0.0637949613308666	0.0259529388218065	0.0071437115595215	0.00611645086477934	0.113537046493906	0.00705991898936154	0.0241096996598774	0.0136348986351449	0.0487831857695122	0.016248272506125	0.0735639744635784	0.194720063998242	0.0388832968104668	0.0082207294827741	0.113128988806045	0.0110360953176037	0.115838724555391	0.0483824562544775	0.19591403910608	0.0327177623644321	0.00534877080981184	0.0291288215949228	0.0315961688098432	0.012952444683925	0.0128983216350804	0.00566283077419351	0.0129980492391482	0.0596695730857777	0.00719220548923447	0.00485215587318038	0.00747961807535077	0.037565703456751	0.00607807730557397	0	0.0156548711932217	0.00988068397514372	0.0516959607149615	0.012709136644256	0.0173036678120343
GCDF279	0.0821362504302853	0.11247480284385	0.0401262873877781	0.0364229257284391	0.14965247460688	0.075632758024666	0.0430624229889928	0.141771981963004	0.0630646170389773	0.0222486198098973	0.113557576756887	0.130687596972543	0.195061998836922	0.0364132835859	0.120187071161439	0.0158618139620456	0.140639232189366	0.0582995033550142	0.0512225601558733	0.120393775027208	0.110271704994669	0.0386811484479242	0.1382168066321	0.138578958658859	0.21608707925888	0.139578586500702	0.228114518854353	0.0508461530611973	0.117031314231531	0.0501726280634451	0.122332607104321	0.0162568993894666	0.030283965847709	0.0441773700142148	0.0860007539993585	0.0742912823428409	0.0712284324220335	0.0735237226642744	0.0878647877411409	0.0927746977017383	0.101265537994679	0.190689268888849	0.0437912470802213	0.0502457850885512	0.18993506497807	0.110259371950771	0.0220129360124996	0.101488057862629	0.0922926741868559	0.0767917306435229	0.0554484966201614	0.024688011439837	0.0537641904871873	0.13107575739574	0.0582804731046311	0.00620707340957127	0.0449386770376051	0.0726125955280632	0.0256829934589791	0.109276285978279	0.04754085451214	0.053933207585354	0.108980898679507	0.0449726973293406	0.0811474811699655	0.0377007999052905	0.0448797768866173	0.00842574228840701	0.0376335188671194	0.135413229841777	0.0293441289339704	0.0664537849676127	0.0126731668156807	0.0483117953620174	0.0744263273899001	0.0644228633004005	0.0494964806118397	0.0506791874691091	0.056175548169348	0.0335494423228683	0.0467700304256545	0.125684719645616	0.0857730695996622	0.0536571448725281	0.0935838796725177	0.0788705041914275	0.0410643591536115	0.0212108923047028	0.0191294120135482	0.128701349249994	0.0201490569031901	0.0391686922409619	0.0289386940950697	0.0642248631426782	0.0315374940671403	0.0888902432087696	0.209895468872003	0.0544578379603347	0.0223002697463439	0.12848745038112	0.0259777793491429	0.131019667167254	0.063529009507461	0.211294700099964	0.0478665241313101	0.0130129791643339	0.0442043689239507	0.0470830125339103	0.00499785256647326	0.028034546487786	0.0123521908641454	0.0283742173377312	0.075094054707072	0.0101173722486228	0.0145737135246622	0.0219100799759605	0.0528661747547713	0.0187614385104465	0.0156548711932217	0	0.0250865180007737	0.0668911834934143	0.0278112460586308	0.0323757380247116
GCDF281	0.0577355744034955	0.0879735724643023	0.0156124015644456	0.0122017956202417	0.125316924217975	0.0511920545814615	0.0187263865014444	0.117326233874668	0.0387088688786584	0.00754577640063045	0.0890514910823167	0.106019957122779	0.173102173088777	0.0121655826118182	0.0955145684908135	0.0109082711895815	0.116018479219591	0.0336775004844924	0.0267299383718784	0.0960374727393642	0.0858839167789979	0.0153212567810157	0.113535725257613	0.113871190734584	0.194638551636176	0.115094017500829	0.206529746754001	0.0261259487726622	0.0925640618861324	0.0256467188398043	0.0993057785913198	0.010011983736691	0.00853373735879708	0.0198793966944019	0.0616319801921796	0.0499349849279782	0.0467556402877425	0.0486926343856436	0.0634030894272857	0.0684183957525576	0.0762428490049911	0.165756032021359	0.0192147210437917	0.0257633560139573	0.165554396883406	0.0858025206911443	0.00644753390548026	0.0764653696631542	0.0677531144083148	0.0519860951286374	0.0306643663312901	0.00520705596327481	0.0293413191337628	0.106229969272108	0.0338742420679391	0.0300633383519722	0.0205823786914198	0.0476793675410627	0.00879190723656329	0.0843146219097003	0.022612352836689	0.0289999735306459	0.0844685742349336	0.0200394668964425	0.0567911868971406	0.0133854041576875	0.020104516255246	0.0186538818348764	0.0132383892425534	0.110862089979528	0.00647432603985024	0.0420654508463963	0.0127513317733467	0.0239292876606788	0.0498536836468812	0.0400089697743004	0.0247582425222252	0.0264641217925031	0.032246136398177	0.00948772950490673	0.0222982088870585	0.10116130941444	0.0610333103498425	0.0291950569930251	0.0685611989236239	0.0545142106711864	0.0168017792430791	0.00638290226057929	0.00783779345172918	0.10425629421617	0.00885743435444028	0.0152516760957437	0.00616605256789516	0.0395145019459905	0.00825834822031961	0.0642327541353727	0.185428206216205	0.0295285001171358	0.00617570206418579	0.103725505146113	0.00681438800382588	0.106479617456595	0.0391186258257037	0.186599991237274	0.0235059951253311	0.0126277925670237	0.0198489021500478	0.0224143834784627	0.0221859547921052	0.00636044900154112	0.0131775990782324	0.00657776430498508	0.0502878797024187	0.0154970297907394	0.0114662206932818	0.00676573477003422	0.0281701501496512	0.00803394056033494	0.00988068397514372	0.0250865180007737	0	0.0423477788389933	0.0061299705947279	0.00960569752079218
GCDF284	0.0161328654021326	0.0460872226253603	0.0276290924391813	0.0321803223717995	0.0886931952201959	0.0103207283883798	0.0290429936157483	0.076801024753638	0.0101765023657318	0.0463165832551742	0.0473203263574778	0.0649880609954848	0.137180779016379	0.0311443811621178	0.0540835194741235	0.0520630805104068	0.0741606642200489	0.0102958160871757	0.0161543212315971	0.0540012003421181	0.0439213988267713	0.0396608265700063	0.0720608187369024	0.0734445363885224	0.158772629469332	0.0729204087772153	0.170774766291031	0.0165693450700304	0.0507774232990212	0.0176141411865676	0.0629325244914402	0.051164828730051	0.0405126876677528	0.0257280460568239	0.0196980162561316	0.00939083200728878	0.00771365196778053	0.014910080949917	0.0216303253334693	0.0263821243524852	0.0365550143813545	0.124585160552853	0.0235095722836	0.0178681912366301	0.129518368930528	0.0450241485742306	0.0455277117364334	0.0367046842219854	0.0259187937516606	0.0114511473167857	0.0125063922858298	0.0428174960078916	0.014495868657979	0.0692274818817775	0.0237753543993364	0.0713909319554916	0.0229779644728158	0.00912278501382756	0.0470875750361669	0.0442982134456285	0.0200512639547915	0.0140270818944437	0.0423615466276504	0.022727984817454	0.0147819881000547	0.0315394401738439	0.0229323345866769	0.0600764547107798	0.0304254682057283	0.0712973513838017	0.0380977850332104	0.00756112113124644	0.0548876443821372	0.0195350950434475	0.00863412298459673	0.0134117331713288	0.0180077854558035	0.0242941101561442	0.0194572380301778	0.0337258790610264	0.0206211718279078	0.0592047549558408	0.0193627603243886	0.018723508230213	0.0286985735098521	0.0126485751137476	0.0264913410588045	0.046187943430862	0.0483803109011867	0.06245855659698	0.0483643360849884	0.0353195744971133	0.038414201595717	0.0067388520989393	0.0367924803962009	0.0227274593304504	0.143586088461105	0.0133820422619318	0.0449122366580096	0.0619956937552703	0.0421592883314147	0.0653143122114919	0.0069118201752626	0.145157289173868	0.0196736484020478	0.0545637908984314	0.0247708746805938	0.025127118030055	0.0644012444248103	0.0393889967465039	0.0548379208252888	0.0400206310618104	0.0337528743301377	0.0573692121213735	0.0527986744889105	0.0459785175820192	0.0177634768258554	0.0486304951888142	0.0516959607149615	0.0668911834934143	0.0423477788389933	0	0.0394948376060435	0.0422057995779647
GCDF287	0.0546156032142615	0.0850096199699123	0.0128220988242332	0.00922851177341672	0.122772081557548	0.0480302905645033	0.0153827365309075	0.11406271806871	0.0353668726453877	0.00781696346456731	0.0861423224812806	0.10335001356975	0.171013870022514	0.00944152117396394	0.0929271501272616	0.0133431605527864	0.113259346497179	0.0310258932806777	0.023848367450439	0.0926930501003458	0.0826442937056224	0.0124681907085081	0.110953420551136	0.111188515870258	0.192533616014201	0.111991378544557	0.204591226096105	0.0235665604152312	0.0896049670950331	0.0227181819276978	0.0966361292985955	0.0120877566008894	0.0064558155912285	0.0164996153261099	0.0583687265111942	0.0466042146312468	0.0438020911556904	0.0465886282800424	0.060382975020794	0.0650654359146802	0.074061081415475	0.163484816448857	0.016398071436061	0.0227534459489915	0.163467058328667	0.0826277671889825	0.00758301342644663	0.0742836017349754	0.0647066387940537	0.0495605254263589	0.0282431082856474	0.00533126962942664	0.0261776672600947	0.103896604418153	0.0306999093636569	0.0322187441880956	0.0172739373708163	0.0454081511971625	0.00882914484092834	0.0820607351835328	0.0203514357727736	0.0267288987665917	0.081471338642366	0.0177717306933394	0.0534555651247501	0.0105303477970977	0.0176390211187265	0.0208676689106858	0.0100664956509277	0.107992445880716	0.00530546979456576	0.0387776838145172	0.0159275445456833	0.0207618974111598	0.0471164851327135	0.0372522722252391	0.0222396205527463	0.0246265187596131	0.0295901472275757	0.00664282817866258	0.0193220555848169	0.0981696190858128	0.0584909655153751	0.026042980875707	0.0663794317856582	0.0512056257763896	0.0136190373168299	0.00811305121230058	0.00952060094615915	0.101263919186713	0.0100074361673453	0.0120737850313272	0.00554357531699211	0.0369840872031872	0.00620904071209482	0.0615648435748587	0.182402541240056	0.0272549190417384	0.00684384526092882	0.101155419692849	0.00593622931105207	0.103471282606173	0.0359424974844612	0.184029218373877	0.020413208089656	0.0156447042468841	0.0165102357077742	0.0202804507047992	0.0254166579212655	0.00516158071552513	0.0158187861582547	0.00632706000834158	0.0477889564753783	0.0183604570050404	0.013964694596573	0.00837535393892345	0.0255624582718192	0.0101645946834293	0.012709136644256	0.0278112460586308	0.0061299705947279	0.0394948376060435	0	0.00721133698831604
GCDF288	0.0568492143518395	0.0875896680535692	0.015554500136976	0.0104114544116939	0.125388039031414	0.0498844137923284	0.0156556202917162	0.113900707752416	0.0356194769606145	0.0105358500014802	0.088819177614318	0.106137822448003	0.173762450465048	0.0118206347188338	0.0958480893662482	0.0177022206380662	0.115876998940502	0.0339322877916122	0.0264992906965993	0.0933280385503865	0.0845206062300037	0.0125162494509961	0.113832678006153	0.113957602794122	0.195321024969371	0.114188658543909	0.207411932975355	0.0264874901528461	0.0922445129565518	0.0252173601489778	0.098686535475832	0.0162317266104498	0.00660289983462655	0.0174337389333305	0.0600814812562682	0.0479854748706625	0.0464401179642388	0.0494316628183981	0.0630209979911645	0.0650804988437831	0.0770319550476893	0.166455680974806	0.0191993187040542	0.0253167545818018	0.166292056591824	0.0848330922349535	0.0113923806283209	0.0772544741630554	0.0668640384695145	0.0525029631651411	0.0311844359819937	0.00848563832484863	0.0282809045918361	0.106791579587893	0.0330458596687425	0.0349016442819677	0.0193626305671653	0.048379020897126	0.00941141221126673	0.0850316079126464	0.0233161829581315	0.0296996288528346	0.0838239425511071	0.0207402346787429	0.0550168060293101	0.0128352755135057	0.020577702972323	0.0242332174734335	0.0120321115657612	0.110796892131218	0.00872850650921464	0.0407913161272352	0.0205589133418269	0.0228784449793624	0.050015238198367	0.0398860726919439	0.0251855181360787	0.0274479706592933	0.0321266796214111	0.00950065750459378	0.0219206922414778	0.10052777172038	0.0613508846874189	0.0280324003536894	0.0693503051544681	0.0526485669642988	0.0160113203602683	0.0121256090239669	0.0134596282174115	0.103622070391371	0.0127291839118257	0.0117429248504153	0.00877335966291903	0.0398697991751962	0.00942618616226346	0.0643269449773461	0.184870119046683	0.0302262072347932	0.0109080884633868	0.104059717646151	0.00936194062421117	0.105930812957913	0.0380645715302289	0.186939060838536	0.022854170540931	0.0202807179003051	0.0176163263374356	0.0230957103253464	0.0300613840797333	0.0078035473842362	0.0202873123790881	0.00926010031723464	0.0496330587851881	0.0229456372878919	0.0184911334924776	0.0122601695434012	0.028302437108424	0.0142502432096411	0.0173036678120343	0.0323757380247116	0.00960569752079218	0.0422057995779647	0.00721133698831604	0
