Eigvals	124
0.3151866866446653	0.01667891786893358	0.011347046127572726	0.0031882401233347506	0.001665482711064207	0.0013985898752439958	0.0010177606135009275	0.0007272899392733977	0.0005633561595611361	0.0005140668803665649	0.00045359384044576893	0.0003732522435576091	0.00021906993595156334	0.00017613989809509793	0.00014731490198063336	0.0001147624855582256	9.126802178514252e-05	7.957749824810852e-05	7.189352078726014e-05	6.691807348633522e-05	5.8341483995224964e-05	5.3598280431445776e-05	4.955844321152601e-05	4.743012253208685e-05	4.592817650813954e-05	4.031168888373776e-05	3.63821227099699e-05	3.576487192951881e-05	3.45422781492536e-05	3.301450946655181e-05	3.217806974960525e-05	3.2017220894370885e-05	3.0968351793139316e-05	2.9703102309137667e-05	2.9084778638363212e-05	2.78125962204487e-05	2.7162674650280176e-05	2.61742194395082e-05	2.5258957331057168e-05	2.4902061720009772e-05	2.4429336824928943e-05	2.34123985626242e-05	2.2350343353806163e-05	2.1086034547991998e-05	2.0470821273433116e-05	2.0346951188856004e-05	1.9495047504664836e-05	1.902312560519684e-05	1.8655075236534047e-05	1.7881474208919488e-05	1.7452725797579286e-05	1.7004585049932317e-05	1.6348429890221145e-05	1.5687149408609536e-05	1.5278674472198468e-05	1.445709044291403e-05	1.391946041604985e-05	1.3184996718708498e-05	1.2861113294515524e-05	1.232609710777293e-05	1.202971227509954e-05	1.1650071781316336e-05	1.1325926575621579e-05	1.0944249164321949e-05	1.017847708518229e-05	9.84991485454573e-06	9.276516867448774e-06	8.763983748244741e-06	8.581904673909378e-06	8.021115985958295e-06	7.676680952440227e-06	7.184042747644601e-06	6.507996528684161e-06	6.156803071502032e-06	5.760244019954063e-06	5.240465607969115e-06	4.837241794785774e-06	4.566560756352909e-06	3.828284614023462e-06	3.1997303376100173e-06	2.5253911017329903e-06	2.3308752975513647e-06	1.684314545640117e-06	1.1628290755611947e-06	5.617020104953859e-07	5.989458647072469e-08	0.0	0.0	0.0	0.0	0.0	0.0	0.0	0.0	0.0	0.0	0.0	0.0	0.0	0.0	0.0	0.0	0.0	0.0	0.0	0.0	0.0	0.0	0.0	0.0	0.0	0.0	0.0	0.0	0.0	0.0	0.0	0.0	0.0	0.0	0.0	0.0	0.0	0.0

Proportion explained	124
0.8870478871788554	0.04694043080806504	0.03193463975377832	0.00897284620530723	0.004687263081159148	0.003936131335596574	0.002864341801586478	0.0020468535992645637	0.0015854854035483989	0.0014467677710381008	0.0012765750422014924	0.0010504650991360286	0.0006165410281092229	0.0004957205715649476	0.00041459673929439034	0.00032298261524156584	0.00025686080447546306	0.00022395949663808073	0.00020233404016865893	0.00018833135476643308	0.00016419376929834302	0.00015084470070505902	0.0001394751561705961	0.00013348530177022936	0.000129258289324424	0.00011345148754091946	0.00010239228510734715	0.00010065512099522234	9.721430551787032e-05	9.291461888923909e-05	9.056057883898026e-05	9.010789272234984e-05	8.7156000527666e-05	8.359513666794626e-05	8.185495305932988e-05	7.827457744787714e-05	7.644546606697704e-05	7.366360013342412e-05	7.108772572654713e-05	7.008329403213387e-05	6.875287737062355e-05	6.5890849958959e-05	6.290184734886006e-05	5.93436308934695e-05	5.7612201050504475e-05	5.726358639936387e-05	5.486602522320418e-05	5.3537868478092494e-05	5.250204331246361e-05	5.0324853773241356e-05	4.911820264067185e-05	4.7856974548867465e-05	4.601031962102313e-05	4.414924020713437e-05	4.299964587253151e-05	4.068741503221601e-05	3.9174332152698854e-05	3.7107289036532246e-05	3.6195765424348315e-05	3.4690038824317325e-05	3.385590606822415e-05	3.2787462151753833e-05	3.187520179294354e-05	3.080102526321301e-05	2.864586918066186e-05	2.7721177736376626e-05	2.610743104427607e-05	2.4664979824844717e-05	2.4152544290501377e-05	2.2574284668889817e-05	2.160492148922916e-05	2.0218461663277812e-05	1.8315826191747933e-05	1.73274423945108e-05	1.621138361499182e-05	1.4748541554431606e-05	1.3613725755730932e-05	1.28519326552757e-05	1.0774159957515162e-05	9.005183771352962e-06	7.107352359771527e-06	6.559915426571584e-06	4.740262588372139e-06	3.2726162567569784e-06	1.5808300373923187e-06	1.6856475426642782e-07	0.0	0.0	0.0	0.0	0.0	0.0	0.0	0.0	0.0	0.0	0.0	0.0	0.0	0.0	0.0	0.0	0.0	0.0	0.0	0.0	0.0	0.0	0.0	0.0	0.0	0.0	0.0	0.0	0.0	0.0	0.0	0.0	0.0	0.0	0.0	0.0	0.0	0.0

Species	0	0

Site	124	124
GA1	-0.011803740919933569	-0.011599978677587417	0.003543119690351207	-0.00022835753060520717	0.0002961501684522047	0.0032476118737323847	0.0018592652584432281	0.0007219536755245351	0.0016561828761728781	-0.0005134592682359542	0.0010359755459653736	0.0004789341991753035	-0.0007794810825644102	-0.000672184782386953	-0.0002886544255701695	0.0007140727737059208	0.0003421698626293155	0.0005649064346157674	0.0011476864270630622	0.0005199043735921437	-0.0006239569834092134	-0.00041162981380302697	7.166214472856689e-05	0.00027401236011277377	-0.0007777951076170946	-8.541434182368331e-05	-0.0004685083124037026	-0.0003511411621885797	0.001874379703731783	0.00021447681860203602	0.00017650873246277142	0.0004604123778102392	0.00019531557004243252	0.0011816597203582393	0.0010304500842637262	-0.0011479660770313859	0.0002878646480328506	0.00022030051663713494	-0.00013411305648377653	0.0001232563805863242	0.00020393994120165756	0.001245399058149133	0.00014792166098025056	-0.0009569139681164819	-0.00026922453475677845	0.00028811720993592103	-9.916229785826428e-05	-6.13800078118387e-05	0.00027432047304623276	0.0004766125062925957	-0.0006029209259158618	0.0001248587951617877	-6.668245977150209e-05	-0.000576040542037264	-0.00047824018123157456	0.00015642648775014286	1.351364864445331e-06	-0.0005106519691656405	0.00028360150270830405	0.0009142751287803987	-3.909562959089162e-05	-0.0004858052119946922	0.0003400922091930572	0.0002696287752354219	-0.0001685546553047234	-0.0004363793538425034	-6.094176971195348e-05	0.0003552555568447025	0.00028637679408452917	-8.474872577564215e-05	-0.00036335843145478416	-1.7522286150862265e-05	-0.000131808129559947	-0.000465754893514874	-0.00012412946519541087	0.00010681534761403147	-9.490655521706968e-05	-5.369385873134692e-05	0.0002947111985129561	3.238229463547076e-05	-7.574507714594432e-05	-0.00010337826822214964	4.9016142717988624e-05	-9.408441829240763e-05	-4.9749559639827265e-05	-3.961557885209079e-06	0.0	0.0	0.0	0.0	0.0	0.0	0.0	0.0	0.0	0.0	0.0	0.0	0.0	0.0	0.0	0.0	0.0	0.0	0.0	0.0	0.0	0.0	0.0	0.0	0.0	0.0	0.0	0.0	0.0	0.0	0.0	0.0	0.0	0.0	0.0	0.0	0.0	0.0
GA15	-0.04259925690566515	0.002047548743812242	0.010676203484552484	0.00032481874475563026	0.000757889527167849	0.004547924498441491	-0.0013782144285151407	4.23196420753951e-05	0.0007718917360643767	0.00041737869467786524	-0.0019006273549645905	0.001315612482373781	0.0025531423593438424	-0.0021449371790745013	-4.198294904892108e-05	0.0026389600401437955	0.0005872894509259221	0.0012000464254274125	-0.002966698754223777	-0.0018646499635797014	0.00014857095975660117	-0.00019138096728736148	-0.0013668201647584898	0.00011291154037817453	-0.00012145342437292525	-7.507232104705473e-05	-0.0008044234986824324	0.0002951761886282589	5.028083096472442e-05	6.489118815757249e-05	0.00015494593060059471	-0.00042115625221314675	-0.00036610773882445275	-0.000382342470836025	-0.0002016532994277583	0.00017806856757331778	0.00040805487818086405	0.0003128280197528585	-0.000173807717166784	0.0001383642339140835	-0.00016528282125728212	0.00025426012878248286	-0.00019387100938711896	-0.0001177007802523854	0.0001780100145875965	-0.00015647886751007326	-0.00013117659112524488	0.00018523949790212962	-5.7589861295916295e-05	-0.0002343455618447372	-9.086775941404258e-05	-0.00027465811722913417	-1.970451224372137e-05	-0.00026308012687642116	-1.2890533716956978e-06	-0.00023383784545709691	-0.00010623267616360023	8.104169782406046e-05	2.1478715712793034e-05	-0.0001131868616223948	3.689492943861848e-05	-3.833080889226819e-05	-0.00029519614000674276	-1.5025644297771335e-05	-7.425911364215899e-06	-0.00011715517258766837	3.5156540061854104e-05	2.5160031140673888e-05	-0.00016345844511616979	-0.0002712472918508546	-0.00011922886089479668	6.26002778580948e-05	6.87531829349996e-05	0.00019968296355067083	-0.0001115767970763644	-6.521416927014935e-05	-7.066398669720036e-05	-1.942966112649897e-05	-8.942472166922228e-06	9.306943192362767e-05	4.5609876910730644e-05	-5.145999547916958e-05	3.292173316755602e-05	-4.4038003399670235e-05	1.9182708776119356e-05	-9.790051827170633e-06	0.0	0.0	0.0	0.0	0.0	0.0	0.0	0.0	0.0	0.0	0.0	0.0	0.0	0.0	0.0	0.0	0.0	0.0	0.0	0.0	0.0	0.0	0.0	0.0	0.0	0.0	0.0	0.0	0.0	0.0	0.0	0.0	0.0	0.0	0.0	0.0	0.0	0.0
GA2	0.029389125590645347	-0.0016950692329510538	-0.001617206500282615	-0.0013416466223550498	-0.001273100916459208	-0.0021941625122876185	8.443902797654433e-06	-0.0014089518950599253	-0.0003586832349350053	-0.00026818084565343245	0.00038218543545191986	-0.00043646380636903746	-0.00023097728562313478	-0.00023916167357340603	0.000571290370123615	-0.00011978946013857723	-0.00045919667489452865	7.930220044105331e-06	-0.0010162069021048806	0.00024144607035808175	-0.0006081270973480194	-0.0005936243846273191	-4.269582047571349e-05	0.000667004470627108	6.460903290170529e-05	0.00013460129579775888	0.0011738695132842711	-0.00017266228057190845	0.00022424849181963436	-0.00033965974442629195	-0.0004646879003777606	0.0001587708281819702	0.0007488633090586223	0.0002680851670537465	-8.774393667731354e-05	0.0020157515282029073	-0.0014576373640389957	0.00035666423513732684	8.588455445605618e-06	-0.0001343694841558212	0.0004526807048437486	0.00016504137601908934	-0.00015894906766718595	-0.00035886581318373247	-0.0004202298784255973	-0.000940655410960012	0.0002008767253817303	0.0006581863205894754	0.00035791200276809933	0.00015982988223911163	0.0007936678971111863	-0.0005135930267208832	-0.0006258033960864582	-0.00029787201318340106	-0.0006295244220542038	-0.0005392441233995683	-0.0006105595032604377	-0.0007785322863899062	0.0005088117537793094	0.00023049341287983247	0.00024282081032668516	-0.00011365050048077088	-0.00013703057544001758	0.0003959012918948309	-0.00015917422025186253	0.00013788364134767082	-0.0004432691694239271	0.00015696434622951448	1.3126972518828353e-05	-0.00019197618786837028	0.0001667915844049372	-0.0002404200964724615	-0.0001721359426805357	-0.00013084158883936163	-0.0003010638524647468	-2.2580937412482947e-06	0.0001404296213702042	-0.00017144768545247264	-4.7536180218628995e-05	-7.880725733664385e-05	3.1322977714361615e-06	-6.886151331033738e-05	-3.105483913633746e-05	5.326357802952056e-06	-0.00014219597698484818	1.2399765204864305e-05	0.0	0.0	0.0	0.0	0.0	0.0	0.0	0.0	0.0	0.0	0.0	0.0	0.0	0.0	0.0	0.0	0.0	0.0	0.0	0.0	0.0	0.0	0.0	0.0	0.0	0.0	0.0	0.0	0.0	0.0	0.0	0.0	0.0	0.0	0.0	0.0	0.0	0.0
GA21	0.03379224183694596	-0.0010975164558908786	-0.00096625137060927	0.0010537285593494139	0.003405684184213267	-0.0022635040297706516	0.0008386269278964751	-0.0005358072013740612	0.0006660922950241689	-0.0005248481746914573	0.00020960819680646649	-0.00017489505431390371	-0.0009115610288920133	0.0005885207843564196	0.0014078175341112184	0.0005158285950231228	0.00054664197274363	-9.753737328594019e-05	0.0008944554766559741	-0.0007467244368077352	-4.290476869467608e-05	-0.0007631697115114483	3.5600641582988334e-05	0.0005449298885608406	-0.00021485922714018958	0.0002782498660947526	-0.00018629681495410877	0.00047532937110210605	-0.0002025990704341309	0.00042432343928054987	5.019829582169411e-05	8.248424790006849e-05	8.41516802641567e-05	1.4037931391088113e-05	0.0006695856696150436	-0.00047249172710766424	0.0004822636913759799	0.000504070383169884	-0.0011325368250142873	-0.0003474302760567912	-0.0009888622235497996	-0.0012331434986533728	-9.940622835206538e-05	0.0003487380527037119	-0.00042723676752706583	-0.00012259772196751223	0.0002245927211299214	6.801503400964766e-05	9.169350308696794e-05	0.00012724156253791037	6.937274650427059e-05	0.0004919705069387527	0.0003349056995925917	0.0004061410354369542	-0.00017466791983497356	-4.758616123212213e-05	-0.0007460852509422871	-0.00036704703044355616	-0.00022523319653958745	0.0005959101855436207	-3.668836030507244e-05	0.00017745306557200347	0.00017978039167808362	-0.000345866953427783	-0.00014265108970681602	0.0002426744604906898	-0.0005804663920551054	-0.0004409932644588629	0.0003150138255344416	-8.830992388619479e-05	6.326552234574006e-05	-0.00026904717267931975	0.00033479880222191404	1.8569569205032427e-05	0.00032728984118151445	-0.00024042888784359462	-0.00013463525842352233	0.0004085363420133257	-0.00025300698275154427	-0.0002070042350069529	-0.00013756075956267914	-3.370752726985604e-05	-2.10629802976192e-05	-1.2012004356955487e-05	-2.514172160545944e-05	5.794902240155087e-05	0.0	0.0	0.0	0.0	0.0	0.0	0.0	0.0	0.0	0.0	0.0	0.0	0.0	0.0	0.0	0.0	0.0	0.0	0.0	0.0	0.0	0.0	0.0	0.0	0.0	0.0	0.0	0.0	0.0	0.0	0.0	0.0	0.0	0.0	0.0	0.0	0.0	0.0
GA22	-0.08002986364760241	0.024319567685380877	0.006798899692769409	0.008199788584808116	-0.0036083375764726384	-0.008188043417511453	0.0013653712287066795	-0.0015304247457671692	0.006880591935342848	0.0017139708240499227	0.0045368792130684975	0.0012851875696335455	-0.001796158498387756	0.0015088052051320036	-0.0036107242980742953	1.3468305542168432e-05	-4.8457016448957716e-05	-0.0001671396648321011	0.00021337785882581363	0.0005557347418294762	-0.0008298365603611037	0.0003263840590289403	-0.0011725039652077348	0.00014391091651458286	0.0001065388088997397	0.00018862635476990164	-0.00013838823042332666	-2.991295469588349e-05	-1.4521783014657359e-05	-0.00022949831545818672	-0.00014027436879359814	0.00015324855499804297	-7.5361273812694774e-06	2.9469671474662147e-05	-1.2996523553418052e-05	-0.00011255614872795734	7.030272814321162e-07	-0.00016901872927447374	-0.00019599374598243863	-0.00016116764916393638	-0.00018847287871113401	-0.00020073221018465447	-0.0001501739125094581	-0.00012647829535723364	-4.1400171527700074e-05	-8.976607960823548e-05	-0.00013346675837675186	-9.477089185817983e-05	3.7650174957588483e-05	7.618272680964933e-05	6.350833333162934e-05	4.332539868002174e-05	-0.00010248338240021486	0.00015457300257211602	-1.7392074522818298e-05	-7.3431105889509545e-06	0.0001293391284164906	-5.138624455675524e-05	-7.51093943403967e-05	-6.1611316718494e-05	-6.619276470374296e-06	-4.199370789320577e-05	-1.4624155217720731e-06	-0.00010736111034928352	1.2277299085481134e-05	-2.5572000963166726e-05	0.00012702204374551385	-5.30690510230785e-05	4.225068607780099e-05	-6.0768803488754756e-05	8.13857968949557e-05	-6.0381995115332086e-05	-6.709383157122001e-05	-9.17464208526402e-06	2.8123133798871367e-05	6.50178028302956e-05	1.4659587388319589e-05	2.0391733647003085e-05	6.938436221744163e-06	-3.205851836651289e-05	9.019062946979329e-06	6.990262443630913e-05	3.174155588092877e-05	1.6298446524078616e-05	-1.8216074777903995e-05	2.956488122870655e-06	0.0	0.0	0.0	0.0	0.0	0.0	0.0	0.0	0.0	0.0	0.0	0.0	0.0	0.0	0.0	0.0	0.0	0.0	0.0	0.0	0.0	0.0	0.0	0.0	0.0	0.0	0.0	0.0	0.0	0.0	0.0	0.0	0.0	0.0	0.0	0.0	0.0	0.0
GA23	-0.0049049314913338655	-0.010151612510936799	0.004235073040623218	-0.0011026646677278406	0.0019118366364715388	0.0028921888862871044	0.0004524174143344944	0.0013926518364067264	0.0020712078294221315	-0.0005686659026581243	0.0012024979510948486	0.0004129735032928597	0.0008350355186297226	-0.00030957504394407817	0.00036405031308459263	-0.0002939424149206329	0.0002983879217788744	-0.0009464431297312287	-0.00014040370523327327	-0.0004503227092777668	5.704883975690008e-05	-0.0008346017191338184	0.0006445036536624952	-0.0009026971664070633	-0.00023004020495498946	0.001895444276571643	-0.0006272145762316846	-0.0012641448380866043	-0.0006408620657417707	-0.0007527383362153451	-0.0019878795129701795	0.0010655298753634037	0.0005220123021037909	0.0011637222287499483	0.00010496848507465514	-0.00041688361950350936	0.0006358113083324219	0.0002301089778380239	0.00018499133841098656	-0.00025726047122731264	0.00040119525215147534	0.00010508307605580912	0.00024307377684157746	0.00014632979936368123	0.00076056435549834	5.4774786451733124e-05	0.0009079807017347676	-4.5613730951333964e-05	0.0006831317513447066	-0.00032007293294020943	0.0007739382205852223	-0.00022647359758829494	0.00040148915194570227	0.00026257438889673264	0.0004918379993169431	-0.0001675401597177244	-0.00041838371222791367	0.0003923804686108506	3.309781148185898e-05	-0.0003743755916817201	5.6425732185723044e-05	-0.00019246720356635888	-7.045181435563935e-05	-0.00012916107081695834	0.00029905177365102323	6.797004620608162e-05	8.743431044212556e-05	5.679771698981228e-05	-6.216011012203245e-05	-0.00018944116794987224	-0.00010097388558910118	0.0002351510057861123	5.6367287827165663e-05	0.00026540923010595196	-0.00010952357307271792	0.00011948889817276768	-0.00012229958214473512	-2.9887682213934216e-05	-0.0001561115797849116	-4.0824774156432665e-05	-0.000183298516181599	0.00013685634653626174	-1.2166867123490228e-05	7.819662631976605e-05	-4.713728125513377e-05	-2.755241278935575e-06	0.0	0.0	0.0	0.0	0.0	0.0	0.0	0.0	0.0	0.0	0.0	0.0	0.0	0.0	0.0	0.0	0.0	0.0	0.0	0.0	0.0	0.0	0.0	0.0	0.0	0.0	0.0	0.0	0.0	0.0	0.0	0.0	0.0	0.0	0.0	0.0	0.0	0.0
GA25	0.030308013492682837	-0.0032295628943982747	0.002506024433670846	-0.000883233548968281	0.006344711414576652	-0.004283608565259564	0.0002511331931203341	4.7610365903406634e-05	-0.0021185834435571566	-0.0005124451044597926	-0.0008273916101840408	-0.0011912668853293672	-0.0003041852804189043	0.002664802485311181	1.3115272290991103e-05	0.0013092141180585193	-0.0010708228960710632	-0.0007699946573041484	-0.0009346695866755877	0.0004204810246681949	0.0013628105441721029	0.0002833534955308012	-0.00024351700293489512	0.0029337893770002422	0.0011056882104704627	-0.00048054828387201164	0.0001731655145757758	-0.0006909224990262232	0.00023734030952807624	-0.0003152020469451134	-0.00022050232053100107	0.0001484395666106398	-0.00023976300926831698	-0.0001623311997840555	0.00037499301103770163	4.172177902830397e-05	0.00014065526697908145	0.00015029582736734003	0.000402445758013273	-0.00031940108223903153	-1.688314379681321e-05	0.00032807842913840194	-5.763640243496153e-06	-0.00011852643787949334	0.00010446605484522977	0.00040168185788857954	-8.46710110384667e-05	0.00011070273771904194	7.418181969793325e-05	-0.0003607675988487596	0.0003358312255898197	-0.00026461814377444227	-6.438118344543783e-05	0.00034770590413387716	-0.00011214026716289668	8.33803573835249e-05	3.5034701779919215e-05	-5.473463439204016e-05	-0.00018192236921684413	-0.00010531582940001757	7.035044450542489e-06	5.80230961331441e-05	0.0001560101794705515	-6.485313528514987e-05	-0.0003041163177184156	-3.183609122549512e-05	0.00025132945247017364	-3.402532655789169e-05	-3.4929939648883636e-05	9.947223436754916e-05	-0.00022759390716854477	-0.0002633708663187796	-8.945877511594823e-05	-5.754161127679713e-06	0.00013037617191318573	-2.6125472441042987e-05	3.2113979928564206e-05	5.200201653040693e-06	-0.00021918717628803926	0.00015630519504899044	-9.651909362390536e-05	0.00015161927817289206	-3.719319552385934e-05	-1.8602390359030825e-05	-0.00011076650059901908	9.2555093135789e-06	0.0	0.0	0.0	0.0	0.0	0.0	0.0	0.0	0.0	0.0	0.0	0.0	0.0	0.0	0.0	0.0	0.0	0.0	0.0	0.0	0.0	0.0	0.0	0.0	0.0	0.0	0.0	0.0	0.0	0.0	0.0	0.0	0.0	0.0	0.0	0.0	0.0	0.0
GA30	-0.06606280489761077	0.006021105685279744	0.03614732873351856	0.012049600026837175	0.007727081946158622	-0.004463690987066679	-0.0010542997810754496	0.004636414772919953	-0.006193605378010591	0.0046550951575705345	0.0013369547307019892	-0.002519858230779997	0.001295417089743854	-0.0016190120324027135	-0.0009211636072246257	0.0004652718862060438	-0.0008536457069593613	0.00047939153701234146	0.0006639035729248392	-0.00010997300925769991	0.0003354535843602463	1.6128762725863763e-06	0.00014464531745851276	0.0001952143843684215	-4.035650062777828e-05	-3.231348618211805e-05	-7.171035984723219e-05	-0.0001366121160661963	-9.419984128616905e-05	-0.0001428805771033869	-5.0586826840544756e-05	-1.8662331463691383e-05	-9.623564357154243e-06	-7.017644392618687e-05	-3.082500881860478e-05	3.23203863970218e-06	-3.239134516158632e-05	-3.2656056190244806e-05	-1.4387922242571195e-05	-0.00015720472160983838	-8.700109716138618e-05	-4.445993512014537e-05	-3.340527834962286e-05	-1.838188366709607e-05	-3.156111974393362e-05	-6.616136479606673e-05	-2.2114503703656674e-05	3.560127231091131e-05	-1.0951703368833985e-05	3.7704047507795654e-05	9.101142324569883e-06	2.731524297312046e-05	-3.428647596421696e-07	-2.9164469881958284e-05	-2.8628409558069615e-06	3.890088929415932e-05	2.3567934819535254e-05	1.2761651112095588e-05	-2.368648957050915e-06	-4.677590302619624e-05	4.494322693884687e-05	-3.8191136481078244e-05	-1.4443746008300687e-05	1.2404004875513145e-05	1.279862422806491e-05	2.7897590572071915e-05	-5.885289399217238e-07	6.951559410467414e-06	4.1119637267390825e-05	-2.207652313632297e-05	8.060453919174374e-06	-1.5842353762795118e-06	-8.164678244397044e-06	2.032442779988972e-05	-4.208519685512244e-06	-7.733777166077676e-06	2.3738086050802452e-05	-3.1679854297310776e-05	3.2690205352066684e-06	-1.440696659225145e-05	-2.5996468898594066e-06	-1.0936999412687655e-05	-5.593177353951364e-06	-3.7131585363500163e-06	-5.497516175071631e-06	4.842994659023487e-08	0.0	0.0	0.0	0.0	0.0	0.0	0.0	0.0	0.0	0.0	0.0	0.0	0.0	0.0	0.0	0.0	0.0	0.0	0.0	0.0	0.0	0.0	0.0	0.0	0.0	0.0	0.0	0.0	0.0	0.0	0.0	0.0	0.0	0.0	0.0	0.0	0.0	0.0
GA31	0.00950785882300186	-0.008514706853351293	0.006079691526793061	-0.002080172073001914	0.006233391407309912	0.0002741625413644565	-0.0017568197463269945	0.0026683562694196977	-0.0025237798768469044	-5.242789395056549e-05	0.0012570491977371644	-0.0007939842305982233	0.0030636979698816648	0.0011505237267255585	-0.0010825812090634382	-0.0015805396906823535	-0.0005042741308500007	0.0012439350742251445	0.00046027076730224906	0.0002501885695516968	-0.0006091804345120137	-0.0002564744965168478	-0.0006248421591163608	-0.0008539483157847149	-0.0004544973549057589	0.0012271799408590982	0.0005266076177282092	0.0006108095440556476	3.755117989417268e-05	0.000401829264954347	-2.0616866721880723e-06	-0.0005590036991096648	-0.00026912037902336936	2.1664149567493574e-05	0.00020497478119844425	3.6837955344746616e-05	-0.00019373079771071685	-3.568561730590697e-05	2.7977425408570746e-05	0.0008200308199574397	-0.00013940519203142036	2.6291922870837614e-05	-0.0004182832718568215	0.00018734177045790637	-0.00019131260809012582	-0.0002703033644360146	0.00017524914911426292	-0.0003690603327868009	7.586412009633215e-05	-8.365478424113794e-05	-2.210717037601183e-05	0.00010907135971344019	0.00034558187904352696	-0.00024124641333639465	-0.00011926879407447115	-0.00016228431188852153	0.00033138046904660005	-0.00028731612626974544	5.254178846104489e-05	7.472707857069516e-05	-0.0001345596664089382	3.9747712290550446e-05	7.047449873881949e-05	0.00011334905602695726	-0.000183443495896136	-4.901675802524343e-05	0.00028022260693951926	3.4601742729823475e-05	-0.00016231073164763694	0.00019012584388240932	0.00023327675813606465	0.00011703395220297015	-4.6305430886468925e-05	-0.00024886145787698303	3.216520810732591e-05	0.00011872035018246556	-0.00027194602859483425	0.0002133222134570053	-0.0003143224814814378	0.000225659086675486	0.00023916369707709982	1.27316554650359e-05	-8.607146279368534e-05	0.00015744194020490089	2.5915158390060902e-05	9.022595958830477e-06	0.0	0.0	0.0	0.0	0.0	0.0	0.0	0.0	0.0	0.0	0.0	0.0	0.0	0.0	0.0	0.0	0.0	0.0	0.0	0.0	0.0	0.0	0.0	0.0	0.0	0.0	0.0	0.0	0.0	0.0	0.0	0.0	0.0	0.0	0.0	0.0	0.0	0.0
GA32	0.047472316283645836	0.003421204505194704	-0.005198193348117486	0.003961767352521053	0.004096828858184904	-5.017950839592399e-05	0.0017074884943210208	0.0003946552264027554	0.0015424315237731973	-0.0016171563793725779	-0.00016949924946399583	0.0008681042073406228	0.0002664740712900161	0.0005868960857083171	-0.0010294601670148196	-0.00025570000575394976	0.0010107062406939668	-0.0008179218275350663	5.952079522114437e-05	-0.00023320212137315654	-0.00043175072012509666	0.00011573742281820366	-0.0001250697699513511	-0.0006314462489520993	0.00044644755145043625	0.00013971338827175695	0.00022799299272773093	3.5641483044933005e-05	0.00031693843516309984	6.309583671760459e-06	-0.0005870357024411676	0.00016521963327881988	0.0005909126022194781	-0.0006284852229901144	-0.00012287394712136334	-0.0008323133119765423	-0.0003341215740817208	-0.0007876765770416442	5.2352144078668324e-05	-0.0006059773042779858	-0.00024079173632532392	0.0002415257567216876	0.0002718190583183109	0.0005561459767383714	-0.00066922314849355	5.128292042784194e-05	-0.0006612987336086164	-0.00027711254609989934	-0.00025913074267052745	-0.00033365439862006015	0.0009927819531475464	-0.00026899555369943494	0.00025071763124641296	0.0004615461780977111	0.0002866525356702759	2.2155237893834915e-05	0.00021054485191784972	4.0579404749898005e-05	-0.0003001554796098061	0.0004798696915441336	0.0002329473537955271	-0.0003156579285389119	0.00012820198150930467	0.0006055770992239307	-0.00035759807494985496	0.000337762909094411	-0.0005800766243343218	0.0001828031663995525	-0.0002331106678346139	-0.0001148742448713483	0.00012127736303287431	-0.00018453307456462698	0.0002808323490703186	-0.00018803512940831766	6.46585036611436e-05	-0.00037142920646773505	0.00011639331292931252	-0.00011425539058523844	-0.0001484724453418664	0.0001952168300913966	9.002418313354646e-06	-0.00026882910382372587	0.00023306857412056507	6.463854653745725e-05	8.442838902636251e-05	-4.511505937009215e-05	0.0	0.0	0.0	0.0	0.0	0.0	0.0	0.0	0.0	0.0	0.0	0.0	0.0	0.0	0.0	0.0	0.0	0.0	0.0	0.0	0.0	0.0	0.0	0.0	0.0	0.0	0.0	0.0	0.0	0.0	0.0	0.0	0.0	0.0	0.0	0.0	0.0	0.0
GA34	-0.043492848837354006	-0.014977897978199059	0.003975065156926592	0.007960888964458053	-0.0038754466656858084	0.0014551280946916126	0.0020647617913415652	-0.003534161005154895	-0.002156236603330325	-0.0019076910949921103	-0.002556634896629521	0.001710293565053017	0.0001880711719911966	-0.0014247216235469744	-0.0005786732757296057	0.0005830938657347595	-0.0013436983026152342	-3.0386947682757528e-05	0.0007395252263406114	0.0009840966228939225	-0.00034273668837804153	-0.0005005153955717027	-0.0005531030714005288	0.0003093597452067934	0.0015319072250303213	0.00017498152034794474	-0.0007793206863003084	-0.0014597596647362516	-0.0009777900716199223	-0.0006619613172487268	0.000863458886331431	-0.00013313963162064332	-0.0011968619294160832	0.0001046799510920101	0.0009646726649198195	0.0003890013641008159	-0.0003688663594382813	-0.0007066950178229542	-0.0001528025251883865	-1.9612377567941818e-05	-0.0001656521152179284	4.4696737429075696e-05	5.696719373720214e-05	-0.0004178927009255333	0.0007099710329726289	0.00016633602782507588	-0.0006434474685964639	7.470773805294488e-05	0.0003468805709378833	0.0005092614206861849	-8.737801471009812e-06	0.0005191570685570938	0.0003121656326258755	0.00013349071550377968	0.0002911781993706345	-0.0005164456818933976	6.857579040274662e-05	-0.00017241275829642266	0.00023438060927319165	0.00012532537402427417	-4.334397628495451e-05	6.631269154302307e-05	0.00020229060266186504	0.00023476677593173626	0.00015573310824005466	0.00010757172953712035	-0.0002358272306844567	-4.564382761242929e-05	-0.00032319038783959345	0.00016430072832502535	-0.00010690357343262135	0.0001649741820924976	-0.00010785965914303688	0.00011745256626191847	0.00020004727925159658	5.8459138303886454e-05	-0.0002669933035757322	4.7577066272411694e-05	-0.00025860401496898385	1.758822283192086e-05	7.564183075419684e-05	-0.00018210925300336827	-2.4714716621888262e-05	-2.2831289387527364e-05	4.7836768673508946e-05	-3.9036263991100603e-05	0.0	0.0	0.0	0.0	0.0	0.0	0.0	0.0	0.0	0.0	0.0	0.0	0.0	0.0	0.0	0.0	0.0	0.0	0.0	0.0	0.0	0.0	0.0	0.0	0.0	0.0	0.0	0.0	0.0	0.0	0.0	0.0	0.0	0.0	0.0	0.0	0.0	0.0
GA36	-0.06108667704598426	0.008101991793351955	0.011309051265940527	0.0013666481329303452	-0.0030840949013437773	0.00044317630120195394	-0.004558318540905617	-0.0009461914041078939	-0.0020054792103528546	-0.00010935659366659488	0.0012052889901181258	-0.0004177435303936686	0.002534496486805728	-0.0009644698981983737	0.0007198830685916099	-0.0010821470584991505	0.0008223715907692654	-0.0002859364625754181	-0.0009066770117641426	0.000800472285818283	-0.0010574823599543658	-1.0532977923607512e-05	-4.490693834729138e-05	0.0007125258455141111	0.001934757088510069	2.9090619080853226e-05	0.00030457552925448444	0.0009353341680761877	-0.000145089520202623	0.00020364856645515932	-0.001633474977791483	0.0005722563226455418	0.0002919021956908025	0.0007509725858741731	-0.0006606070840951155	0.00022485126645160392	-0.00043836320516095706	0.00036483310255492767	-0.0005528507393776288	8.755439355555897e-06	-0.000330039877976129	-4.431263579095433e-05	0.0008046288740162562	-6.132871384581154e-05	-0.00045118307896872345	-0.0004790609702890476	-5.4176651943469564e-05	-0.0006823978392094791	7.358619392010663e-05	0.0007079648964248321	-0.0003935476539778346	0.0002842653527437774	-5.742288154076757e-05	0.0002256092826693401	-4.520141474147371e-05	0.00016443775141144595	0.00017314330276894772	0.0002840670806831863	0.00018931115550106537	0.0002925633329726472	-0.0003270171448177794	0.000275342345624362	0.00022518207312497134	4.7246630309996594e-05	0.0001795520731922105	-0.0003059721362338126	0.00021578310410211253	-0.0002940793490788104	0.00014772673671491023	-2.6805876330955733e-05	0.0004018930294664118	-4.705211745432942e-05	-1.5259936065962983e-05	-0.00013203558940936433	0.000252197976431051	-2.384973196060003e-06	0.00011334946183263523	-6.972513681220679e-05	-6.607694831130177e-05	0.00023404085122714913	-2.3296435476506494e-05	0.00017169481574853511	5.0208480059423824e-05	-0.0001481319105522079	7.632033834257008e-05	-5.662009036079636e-06	0.0	0.0	0.0	0.0	0.0	0.0	0.0	0.0	0.0	0.0	0.0	0.0	0.0	0.0	0.0	0.0	0.0	0.0	0.0	0.0	0.0	0.0	0.0	0.0	0.0	0.0	0.0	0.0	0.0	0.0	0.0	0.0	0.0	0.0	0.0	0.0	0.0	0.0
GA38	-0.12718333556565767	0.03248238057173433	-0.015120955750825955	0.0015713774469360673	-0.0019520002251013837	-0.001090755914955337	0.002551632476516537	0.008767914613419848	0.0008049959959027456	-0.007089354610805655	-0.001998671513527113	-0.004679594376710147	0.000752789443644399	0.001022083762963269	-0.0018225115846850779	0.0012686554670325286	0.0003137128834582972	-0.0014782049902450896	-0.00016768141527891332	4.2774436889881356e-05	0.0005742330926725256	1.8424787507920794e-05	0.0005396106865800714	-8.214947302849359e-05	-0.0005147640336523366	7.083944533339934e-05	0.0005869626374622007	0.00022497282606267444	0.00047617809240554855	-0.00029832862864132193	-3.376515673551951e-05	-0.00022677761440662657	-0.00047531791057222526	0.0003822398740065103	2.6298447327848955e-05	0.0003418811944319796	-0.00021603445383979776	-3.2382767915930954e-05	-7.078769687686826e-05	1.6009154370726714e-05	-0.00010322875097108504	-5.7482044505831816e-05	6.168642958051641e-05	-4.581719216031313e-05	7.856494153121519e-05	-2.6453141421178098e-05	0.00010459682962646422	0.00012299164483094328	6.561867072292035e-05	-7.286915744234063e-05	-0.0001559307182740041	2.878035009587783e-05	6.690665700376433e-05	-7.695860708494668e-05	2.8990254620745778e-05	2.5419694001933102e-05	0.00011427129601912905	-7.473216208761391e-05	0.00016121733595061673	-3.8448022438237624e-05	-5.977434062341878e-05	-1.7499711430466336e-05	-3.4028154910386296e-06	7.258689811606843e-05	-8.958076954134867e-05	4.6175233513563084e-05	7.658029195119162e-05	7.946074794542707e-05	-2.1142950548547213e-06	0.00014749278975078052	-9.28582512117308e-05	5.609358051241136e-06	3.0440325629870456e-05	2.314367968507612e-05	8.767045282666572e-05	-2.0170717071133545e-05	-8.775782271241816e-06	3.3001059774459814e-06	-5.679209522182806e-08	-5.85353709175659e-07	-3.531495153917488e-05	9.66320067018486e-06	-2.743879362288663e-05	-9.550100994973086e-06	2.7397204810670867e-05	5.810696953090899e-06	0.0	0.0	0.0	0.0	0.0	0.0	0.0	0.0	0.0	0.0	0.0	0.0	0.0	0.0	0.0	0.0	0.0	0.0	0.0	0.0	0.0	0.0	0.0	0.0	0.0	0.0	0.0	0.0	0.0	0.0	0.0	0.0	0.0	0.0	0.0	0.0	0.0	0.0
GA43	0.03289277560243418	-0.0007719531314493167	-0.002191786535498822	-0.00018766166106885956	-0.0003952000999808246	-0.0021831159254174265	0.0003515757078711861	-0.0013750221097175467	0.0005020109405954173	-0.0003509469503078889	0.0004851201503624312	0.00017108742362499015	-0.0005915899009982251	-0.0002527760535770165	0.0007034252156260853	0.0005903030295056019	-0.0004812442751398433	0.0001255235174667106	9.07869766244496e-05	0.00033769673411818504	-0.00025298803988195646	-0.0008864374313992667	0.0005806655513877081	0.0004435966989619068	-9.673625103937483e-06	-6.633281146103182e-05	-9.662555543279159e-05	-0.00039299702379641587	0.0004725221423900222	0.0006265115879371461	7.815397651779059e-05	-0.0006935058555520533	9.691236544118306e-05	0.00022006812885331058	6.818494745893116e-05	-0.00026631754217908095	0.00048755183823431477	-0.0018577531812012653	-0.0005951021879569047	0.000409925135829181	-7.329584486819985e-05	-0.0004554179825928909	0.00045385345903629573	-0.0002539982651552831	0.0006208623547393418	-0.0005003953497075226	-0.00011071035365738276	-0.0005424049688812842	-0.0002873462318884854	0.00041207567895991035	-2.06184954477311e-05	-6.304265728155005e-05	0.0008570852488622646	-9.743124732635912e-05	-0.00018268652405067709	0.0005331683549351125	0.00031064804931796823	-0.0002395922742991373	-0.00012095992054162881	-0.000800896367571466	2.2392492264040286e-05	-0.00026825349091208673	-0.0008666531485240441	-0.00045690121768500073	-0.000372058587458794	0.00016601163152722408	0.0007442723007701355	0.00040435295946809	0.00024281712594512517	-0.00010174348887662076	0.0005232828611361254	-0.0005807562681385251	3.491291437005618e-05	-0.00017508370017802838	-0.00021203992713959052	8.906859830424134e-05	0.0003009461852348842	-0.0002670116869396778	2.2388962913383265e-05	0.00024123344451084812	-0.0002432938980316376	-0.00021639291582735139	-2.9560121897185676e-05	-4.188880154964595e-06	1.0162129673033933e-05	-1.7429494685624727e-05	0.0	0.0	0.0	0.0	0.0	0.0	0.0	0.0	0.0	0.0	0.0	0.0	0.0	0.0	0.0	0.0	0.0	0.0	0.0	0.0	0.0	0.0	0.0	0.0	0.0	0.0	0.0	0.0	0.0	0.0	0.0	0.0	0.0	0.0	0.0	0.0	0.0	0.0
GA46	-0.050586035988405935	-0.015000979704011933	0.001921652944462148	0.008631430229577663	-0.006804889644262495	-0.001062850867843059	0.0009506222033444411	-0.0029971597718308897	-0.002619241798825106	0.00014792230525822406	0.0004985590155574942	-2.864027789746606e-05	0.0019069765076029997	-0.0007985167692452585	0.00017956303135526855	0.000254187239462762	0.00032362175867622293	0.0003047273498698246	-1.577267660590929e-05	-0.0010033690059407623	-0.0009646467555769018	0.00029676523706462194	0.0011574948622294703	-5.544835899139681e-05	0.0014557105332718531	0.0010123157152909278	-9.663503660701661e-05	0.0005395931464272231	0.00046689223005704714	-0.0002766483126014991	0.0008195241854181471	0.0010033251083164192	0.0002944713684935766	0.0005083467700116431	-0.0006158419393474173	-0.00024153802337184677	0.00039760285137413313	-0.00033416590058816165	-0.00023040387230609233	-0.00016097107531821116	-0.00016663116648998736	-0.000387851507611573	0.00022184675320471902	0.00012286849061891685	-1.93412682621094e-05	0.000983559601094235	8.872718029635541e-06	0.0005546184927554577	-0.00023569435769697149	-0.0002177328169279615	3.134843682971658e-05	-0.00019748514175357032	-0.0007583813502459516	-0.00031590734702030223	-0.00024609754737263195	0.0005377975147013711	2.6322093927165473e-05	-1.9366950292562348e-06	-7.404833166307329e-05	-6.7516361782681e-05	0.0003562101544385378	-0.00011934587025363493	-7.359778259158731e-05	8.305046040182564e-05	-2.9163729712913008e-05	3.13227288614825e-05	-5.358720486632614e-05	0.0003081565853408369	0.0001524513614303866	-5.891570823212574e-05	8.139482917102921e-05	-6.40704568603939e-05	-0.00034699136493649194	-0.00011431433175326045	-8.834117213845613e-05	6.1588720287122e-05	0.00014789576088910603	-3.446737563344784e-05	9.757952260765607e-05	-6.94467266980897e-05	0.0001628550104858789	3.687089471493191e-05	1.5184173045975907e-05	3.651267877376971e-05	-2.0496764041172247e-05	5.525914039061148e-05	0.0	0.0	0.0	0.0	0.0	0.0	0.0	0.0	0.0	0.0	0.0	0.0	0.0	0.0	0.0	0.0	0.0	0.0	0.0	0.0	0.0	0.0	0.0	0.0	0.0	0.0	0.0	0.0	0.0	0.0	0.0	0.0	0.0	0.0	0.0	0.0	0.0	0.0
GA47	0.052990546528167884	0.0054294369504340355	-0.008524598645795921	0.0024989539139768494	-0.002941424109366985	0.0009920048797304433	0.0006611338003953888	0.00010908701474105922	-0.0002831055656845934	-0.00018671336732479853	5.284033376642912e-05	0.0008298692109533738	0.0004718362489376364	-0.0001174338893276603	-0.0007802055488716621	-0.00015308027321178088	0.00039426421028760744	0.0003982185897892438	2.530904798512679e-06	-1.673929519093507e-05	9.69056082642943e-05	1.832599184448116e-05	-5.61446305890766e-05	0.00011910455222127419	0.000809432443114785	-0.00014741208896317014	-2.6591943815778132e-05	0.0001216548462591354	0.0001283184963107546	4.3475629065391215e-05	0.001570673199581867	-0.0010477057344686325	0.00019912699915173985	0.0005706968653686095	0.0001653725294500514	0.00022299285239462608	-0.0004773877503911394	5.305059923106053e-05	0.0003673630788053689	-0.001350522198684388	0.00014507642007506786	0.0006694690232985761	3.1724928613762135e-05	0.0004775891626294833	0.00030669826888449534	-0.0005179698380806059	0.001417706666120953	-2.9461693200781176e-06	0.0011199299776697735	4.491650320174084e-05	0.00010362752060608483	6.814451609994332e-05	0.0005277713988543701	0.00045250062649597955	-0.00011432934993779883	0.0008958693922735003	0.0006828203068049222	0.0009434065487376347	-0.00028001267025108933	0.0007344136405948374	-0.0005697119152369996	8.50943958434066e-05	-0.00044924685473262635	8.472408984650129e-05	-0.00020794854889050543	0.00024809096645257527	-0.0003833665234619474	-1.1380526391745552e-05	1.97693754248172e-05	-0.00031754313811197687	0.00039127631550102296	-0.00013635760882217695	-0.000131329835414516	3.0421421615151597e-05	0.0001526784722840404	4.5675603252432076e-05	-0.00020943410458595571	-0.00010270102716761438	0.00024657939607807813	6.281127735123045e-05	-2.5615851985944158e-05	0.00010372397258343151	2.1333927000771884e-05	-2.6341736175661827e-05	1.695424963922912e-05	2.090272860800332e-05	0.0	0.0	0.0	0.0	0.0	0.0	0.0	0.0	0.0	0.0	0.0	0.0	0.0	0.0	0.0	0.0	0.0	0.0	0.0	0.0	0.0	0.0	0.0	0.0	0.0	0.0	0.0	0.0	0.0	0.0	0.0	0.0	0.0	0.0	0.0	0.0	0.0	0.0
GA50	-0.07136617522752647	0.0037191503591165963	0.009816672817160116	0.0007736356867013339	-0.00215560250340024	0.0024223687874760183	-0.00656754208178534	0.004480186110057024	0.0032317605539828372	0.0022237879567136524	0.002632196554198396	0.0020947368855796455	-0.00013955731985942514	-0.0011903845982233782	0.0002182532411070002	0.00041774538224554605	-0.0005876536849799775	-0.0007730225296163235	0.0001935405705664995	0.00026406617381038425	-0.0020785390772235807	0.0016684199308613804	0.0009790857104668442	0.0011550830072533818	-0.0012587855873257877	-0.0010893042841123228	-0.00033196048715959686	-0.0007717847069485693	0.00032572214328933767	0.00037088345398141644	-0.0004983484803267597	-0.00029761419704534497	-0.00029768254100669296	-0.00021050878676995679	0.00033619404331437823	0.0006772660027351142	0.00018429877341582325	-0.00011439230993468951	0.0003059497595883786	0.0004689431791485727	-0.00024239413740905855	-0.00012387585761901697	1.410711340064782e-05	0.0005494004453044953	0.00021241893901146605	0.00016565933453968477	0.00017533528765355797	-7.080669735494442e-05	0.000245943226658511	-4.92643409484578e-05	-0.00013368679328780282	-0.00028290790868007416	0.00025354468316064364	-6.913775964351682e-05	-0.00029944689162008325	-0.00022932901283401053	-0.0001282146415342351	0.0002253244289310532	9.448069443802942e-05	0.00011434411653224704	6.711582864883795e-05	4.294344551582187e-05	-0.00029366931929941876	-0.00013046790600247212	-7.434328388987118e-05	0.00014708337428447763	-0.00016515525814903223	9.107615640807584e-05	-0.0003095501007989864	-5.4877135085202854e-05	-2.5582704551086614e-06	0.00031355759570079295	0.00010417689562176778	0.00033794196256760285	-0.00011378284006337081	-0.0002240251949719334	-0.0001868478445103571	-0.0001490348631537082	0.00013651579988679805	-9.88367330804445e-05	-7.043517990229074e-05	-1.5134968302397858e-05	0.00013867421555628285	-4.2440353321447105e-05	-4.455103893432101e-05	-2.448228974560486e-06	0.0	0.0	0.0	0.0	0.0	0.0	0.0	0.0	0.0	0.0	0.0	0.0	0.0	0.0	0.0	0.0	0.0	0.0	0.0	0.0	0.0	0.0	0.0	0.0	0.0	0.0	0.0	0.0	0.0	0.0	0.0	0.0	0.0	0.0	0.0	0.0	0.0	0.0
GA51	0.011205916249392028	-0.00620078342019097	0.0008325160800351228	-0.0024861761736125346	-0.0018930995423651928	0.00047575634732936907	-0.0024766810122059395	0.00018964213579562581	-0.001018521809763344	7.640749552626751e-05	0.00023890242078812232	0.0001582404246331178	0.0010049340647236304	-0.00048525941468891324	-0.0002653907635999427	-0.00020221604413946757	8.824417166642125e-05	-0.00011307023611900644	-0.00047081784488377834	0.0004947068150976424	-0.0006645537554802171	8.921049589436116e-05	1.8557805230817136e-05	0.0003231363899852118	4.679775089835986e-05	-0.0004672636152578222	-0.00021079720370344713	0.0013012319968135793	-0.0006580233372249945	-0.0006064666511305264	-0.0002593851497950234	0.001133954521866544	0.001124593578065716	-0.00036232338741664565	0.00038929878762349865	-0.0009316966075112524	-0.0006054047369197946	0.0004543939942891145	0.0003054591398705448	-0.0007180142288974854	-0.0008360041476090775	-0.00015377313202110483	-0.00016852756220440949	-0.0005517217279277891	0.0016762446361866113	-0.0009432354434298347	9.870727830234436e-06	0.0002698685598048037	1.756617589854426e-05	-0.00014789998397633395	-0.00047211963636430973	0.00046545735776799314	0.0004669120987587175	5.788441907916136e-05	-0.0001492866247855516	0.0004713860446727947	-0.00040724101539089616	-9.508335459774193e-05	-8.495045307239664e-05	-0.00044890978953375727	0.00043874217948414954	-1.1408703616341677e-05	-3.18272497252406e-05	-3.716169884882377e-05	-8.954464937930208e-05	9.462360779943214e-05	-0.00024046838590384783	0.000392772689903403	-0.00011637138383880079	0.00045164153646642084	-8.461775737405672e-06	1.9140183807781465e-05	-2.3740751789507254e-05	-0.00031795807156030165	-0.0004279278879687428	-2.9011706059270702e-05	6.357397457328061e-06	4.603909388303589e-05	0.00011219976149619835	5.8065055613662784e-05	0.0002847215000614292	0.00013676642090362643	8.036927046429708e-06	-1.2890231401295503e-05	4.74461057532536e-05	-9.725136978534802e-06	0.0	0.0	0.0	0.0	0.0	0.0	0.0	0.0	0.0	0.0	0.0	0.0	0.0	0.0	0.0	0.0	0.0	0.0	0.0	0.0	0.0	0.0	0.0	0.0	0.0	0.0	0.0	0.0	0.0	0.0	0.0	0.0	0.0	0.0	0.0	0.0	0.0	0.0
GA53	0.018254452362986607	-0.004615712667155492	0.00042875008944999644	-0.0017591189120600879	-0.0003808278221756947	-0.0005712018023454569	-0.0019523285568936806	-0.0004609139174329969	-0.0007303385421881025	-0.00037574677171297677	0.00042070833597058734	-0.0008470235225660248	-6.519230647305975e-05	-0.0012966867470405794	9.265406815080654e-05	-0.0004507189757471851	-0.0002939176055983349	0.0003084598828359465	-0.0005070103746783326	0.0005406575401669838	-0.00017753929930710386	0.0006469980109125507	-0.0002568563181829711	-0.0005445228056644877	-3.651027096502648e-05	-0.0002581688141344377	0.000716838284007976	-0.0005589783536855291	-0.0005399628807635459	0.00046760661837408454	0.0005347664048107096	0.001203378630845303	5.26135920324044e-05	0.0002724105064957509	0.00055248380707867	0.0005752751406117106	-0.0013470420785922483	0.0010165567844212823	-0.0006764620187560532	-0.0008450209324912924	0.0005767320077480998	0.0003919479661041596	-0.00011864140063674775	0.0002555334070495428	-0.0005329569839410146	0.0008193902051932917	-0.0005429710224929743	-7.506098296118906e-05	-0.000651663258352811	-0.0007318381900531878	1.0682058386740057e-07	-0.00019143152321627658	0.0010792915193316333	0.00010872959625237939	-0.00011155711731752384	0.0006360763024047669	-0.0004855357508398466	-0.0004916102331733018	-1.1065331902064404e-05	4.9448107891664974e-05	-0.00030575998140975756	-0.0006744133110944306	-0.0011474956389914994	-0.00035352133166719586	-3.62814707483304e-05	-0.0002765130022176333	0.0002944630900638619	6.697577231591382e-05	0.00013856576063276592	9.592933490810005e-05	-0.0002538747899937515	0.00020931107987663396	-0.00011691005113656951	0.00022440825082610253	0.00039879637000368945	8.201684363661987e-05	-4.52533302232268e-05	0.0001502118886866338	-0.00012783913501743222	0.00012633571934819013	6.926051693747457e-06	-3.5893064016402005e-05	1.7409489648720833e-05	1.9930129853664914e-05	0.00010292313833397437	1.6522524329417905e-05	0.0	0.0	0.0	0.0	0.0	0.0	0.0	0.0	0.0	0.0	0.0	0.0	0.0	0.0	0.0	0.0	0.0	0.0	0.0	0.0	0.0	0.0	0.0	0.0	0.0	0.0	0.0	0.0	0.0	0.0	0.0	0.0	0.0	0.0	0.0	0.0	0.0	0.0
GA57	-0.049362846006020505	-0.016633923104312658	0.00661741109617654	0.012771989784467622	0.006029888283820726	-0.0030725693309906405	0.0027204943927308586	-0.000743585503071414	-0.0017493997633683336	-0.001195467234430071	-0.0005269088574722436	-0.0005514478068171377	0.0019006386622790685	0.0035947536341171616	0.0017614002445002347	0.00018664247957588177	0.0017158307906854845	-0.0011230196816189376	-0.0010651588215703294	4.95764852389716e-05	-0.0010571483581894622	-0.00020801942853651158	-0.00010407326292703456	-0.0004791592480709727	0.0004870474622078337	8.779295252803631e-06	2.4571115904613312e-05	-5.8813103767012934e-05	-0.00021499455742195463	0.00025795997476440677	0.00013253610568797483	-0.00017159879294807473	0.00047654607245626175	0.0004719959364436709	-0.00019190261020978118	0.0003492825301645706	1.5340905490180614e-05	2.8209858599267334e-05	0.0001223131845465161	0.0005076911863669909	0.00035194204887606514	4.51618339186836e-05	0.0001604624234819978	-6.06254086867202e-05	0.00031111003144577857	0.00013517060753935603	-5.021598888602828e-05	-0.00024257144340739188	-1.3278417018749871e-06	0.0001364127272640601	-0.00015545734745594494	-0.000104720035227384	4.0746097552348895e-05	0.00010194296189445316	9.199291029587683e-06	-0.00015818978165665413	-0.0001056433498236494	-2.2475538223105208e-05	9.760254117584955e-05	0.00016354992142930216	-9.858566772466872e-05	0.00017591742442704607	7.274730471669345e-05	7.20864046111079e-05	-1.915166360942459e-05	-6.103674024410858e-05	-5.037876628590283e-05	-6.91689541479117e-05	-6.233217862836369e-05	0.00015714241876590388	-0.00018469624400491527	0.00012370885856291324	-5.0371117517434155e-05	-1.4381135071095588e-05	5.538763796065852e-05	-2.1755860935891284e-05	-8.714986482230466e-05	3.525383641409198e-05	-2.5941229114602295e-05	2.022729831443328e-05	-5.9117524986736385e-05	-3.9824260060005555e-06	1.5056865081064594e-05	-5.428003623037963e-05	3.189940793313158e-05	-9.907871525920617e-06	0.0	0.0	0.0	0.0	0.0	0.0	0.0	0.0	0.0	0.0	0.0	0.0	0.0	0.0	0.0	0.0	0.0	0.0	0.0	0.0	0.0	0.0	0.0	0.0	0.0	0.0	0.0	0.0	0.0	0.0	0.0	0.0	0.0	0.0	0.0	0.0	0.0	0.0
GA6	-0.039946357634424993	-0.014912562133443419	0.0047320474870849215	0.008291178395198419	0.0013125531882299875	0.0015007313045026151	0.0033222519073662373	-0.0023510160076103425	-0.002064224298969182	-0.0017276726597501783	-0.0024996244394517855	0.000850031865080115	-0.0011341012777606385	-0.0017687470022472549	0.0002480566560091617	0.00021853751011896016	0.000311359964509365	-0.0004340795147654231	0.0011629413286565419	-0.0005587725994395622	-0.000267991326115171	0.0007371147063508411	-0.001361982161407906	-0.00019716320012225062	-0.0002416960874665884	0.0006076456846856933	0.00029297923272150224	0.0006051793979798229	0.0013127544280052048	-0.00033276713025522765	-0.0002885879098821541	9.17361402611366e-05	-0.0003318058915513256	-0.001042462442565742	-0.0002715541021685269	4.470867221036759e-05	0.0004553642727710007	0.0008548397293552374	-0.00045851375018654913	-7.691416238505775e-05	-0.0007766724842508769	-0.00014403874446434068	-0.0007757658261524795	0.00028576880416173887	-0.0005506510453461601	-0.000558559165854584	0.0003319437464103877	0.0005362130016310468	-4.323102795771455e-05	-0.0005893401179700637	-3.3940571508747564e-05	-0.0001381565663784035	-0.00014637586354859005	3.078736060373855e-06	-0.0004220319333498147	0.00024422694755334276	9.242605507653785e-05	0.00026455088335354256	-0.00029803036520231746	-0.0002832672450723691	0.0001080167011039391	-0.00028408774024137566	-0.00019461621801585363	-0.00027662514878560836	-6.784779311815996e-05	-0.00015216024910819976	0.0004256956987513325	0.00020127525176346956	1.915409173792548e-05	-0.0005121454285003502	0.0002212894597322241	1.6301016040807648e-05	0.00030558367267716127	-0.00011134632264726774	1.3156803670831279e-05	1.7146269561231008e-05	0.00028203209672982276	1.3654865666476236e-05	7.4882009163961e-05	-9.915877084955147e-05	-2.5309203791188485e-05	0.0001950204470923354	8.026824136179586e-05	0.0001092853654209627	-9.270612241358699e-05	-2.950205820429196e-05	0.0	0.0	0.0	0.0	0.0	0.0	0.0	0.0	0.0	0.0	0.0	0.0	0.0	0.0	0.0	0.0	0.0	0.0	0.0	0.0	0.0	0.0	0.0	0.0	0.0	0.0	0.0	0.0	0.0	0.0	0.0	0.0	0.0	0.0	0.0	0.0	0.0	0.0
GA64	0.040274190702316616	-0.0010188546477735295	0.002070995307497606	-0.002194782147571821	0.0066673327052098755	-0.009636642103807953	0.0027738461713379212	-0.0005856666377328514	-0.00119647569207906	0.002450738288880557	-0.00016272556924140088	0.001476786685594914	0.0008922737872169758	-0.004462303794381743	-0.0016515708162074183	0.0037441487506847536	0.0016859444618817553	-0.0034076488499150707	0.0004527988052913592	0.002989406143718466	0.00023439553665961416	-0.0015270520416144594	0.0010337116808236562	-1.794296363673962e-05	-0.0008637007667307977	0.0002650980784308457	-0.00030036631417257884	0.00024622437659260765	-0.0003500434380654564	0.0006721231007784865	0.0003999199544498757	4.4765938287970035e-06	0.00028891697017942975	-0.00023861824817127646	-0.0006086333710760398	0.0001733635858945976	4.477988374959362e-05	0.00016250316914284056	4.3432159816291216e-05	0.00024178438834937158	4.547210813505286e-05	-7.110120535245467e-05	-0.00012156716576705699	0.00026639737362185565	-0.000271945878053636	0.00019865606535590565	-8.955760528180415e-06	-2.7564055085726412e-05	-0.0002784062891918723	-9.602115151938473e-05	-1.836766644686527e-05	-0.0001274609994284063	-1.5343834005967266e-05	-9.987090179586539e-05	0.00012443033310191774	-3.995776974712433e-05	-9.008368302185358e-05	-8.388625233081828e-06	8.83104693979409e-05	0.0001469894261043164	8.686607443952745e-05	-5.946426446192237e-06	-1.9097224002961772e-05	5.584105106828134e-05	-4.61339273600486e-05	5.734247670847734e-05	-9.743224681730494e-05	-4.8541829792088653e-05	-0.00020165796482522663	-1.33425100079597e-05	0.0001345890281891547	1.879111370753697e-05	-6.143831286400885e-05	-3.469327689920534e-05	-6.841915676218656e-05	3.4904082753968706e-05	-0.00011057927649009811	2.198830840694943e-05	6.654161214265765e-05	-0.00010978991748378654	0.00011468068040855311	-3.018536452863429e-05	-3.494918696739734e-05	2.9290517890859755e-06	3.966124063244818e-05	8.96441476504653e-06	0.0	0.0	0.0	0.0	0.0	0.0	0.0	0.0	0.0	0.0	0.0	0.0	0.0	0.0	0.0	0.0	0.0	0.0	0.0	0.0	0.0	0.0	0.0	0.0	0.0	0.0	0.0	0.0	0.0	0.0	0.0	0.0	0.0	0.0	0.0	0.0	0.0	0.0
GA66	-0.06851563715916761	-0.017338189497796083	-0.002080902356734069	0.009878609973622148	-0.007970852032184877	-0.007654067736503329	-0.0025206090160740237	0.001181875598976214	0.003315011910707169	0.00048325934460827826	0.005827898510201518	-0.0008780027190030865	-0.0019449120794574686	0.0010381623029957641	-0.003292506644240415	-0.0006012616330743702	9.848361202549436e-05	-0.0004740051213973842	0.0002836079380237582	0.0006705403566378806	-0.0005398293520392863	0.00040006194695236456	-0.001469811645250581	7.012917326675571e-05	0.00042337453355693693	1.6365881293215657e-05	-0.00019913033637938732	-0.0002262162807291384	0.00030702298350714026	-0.0002596451239493864	-9.470687204963878e-05	-0.0004654228499773699	0.0006300638385776696	6.367219036780886e-05	-5.1745182111313836e-05	7.401824026594346e-05	0.00011493221470395431	-0.00011830072567859958	1.1121739064157153e-05	0.00011176707455998333	-0.00014890772489475093	-7.907140985819377e-05	-0.0001993886585660211	7.375570110449747e-05	3.3002736091285635e-05	-5.9952573198287376e-05	-0.00010014187117408256	4.419370023246391e-06	0.00013680729713479978	-0.0001371347875171269	2.229678053114985e-05	-7.760164635466779e-05	4.9375293318609724e-05	0.00021966382104676946	8.801343028329571e-05	-2.734093048301036e-06	1.2996295348794796e-05	-0.00012017671545137305	-0.00016406185904429006	-0.00020675131710596456	1.5320633095793272e-06	-6.284417847340944e-05	-0.00017421368882110413	-1.797937234219988e-05	-0.0001332710084737136	5.1128395156149815e-05	3.311908355040925e-05	-9.256056601453969e-05	-6.428706238916853e-05	4.69390194231466e-06	-0.0002367506145401995	-3.4280625435014695e-05	-6.216663557197978e-05	0.00016434910448400784	6.57533744047783e-05	3.886661533453885e-05	-4.926333415066015e-05	-1.026582921135327e-05	-1.8586129693830634e-05	-4.158143383154857e-05	1.4339455027672687e-05	9.030395569252091e-05	1.1523588517690516e-05	-4.201457194249848e-05	-6.589063299731196e-05	5.050991519289631e-06	0.0	0.0	0.0	0.0	0.0	0.0	0.0	0.0	0.0	0.0	0.0	0.0	0.0	0.0	0.0	0.0	0.0	0.0	0.0	0.0	0.0	0.0	0.0	0.0	0.0	0.0	0.0	0.0	0.0	0.0	0.0	0.0	0.0	0.0	0.0	0.0	0.0	0.0
GA68	-0.06895988397261488	0.011033757200659801	0.01070844986795473	0.0013363804199445026	-0.003009160798469408	-0.0029849570873521592	-0.005788640462488053	-0.001672676535400401	-0.0019939500199739626	-0.001279534637255828	0.002191109634501161	-0.002242369234180224	-0.0007633311242093891	-0.0001041837077724953	8.181253420536382e-05	-0.003022503704514461	0.0016372842139967738	-0.0005505422396208079	-0.0003132623778441672	0.0013904629017716262	0.001597521481033262	-0.0010820391597262911	-0.001181752228353777	-0.0018849795778604016	0.0008162454343195423	-0.0007099000769496536	-0.0006794303385086653	0.00030019563130029086	-0.00019339812278336112	0.0006206099691327262	0.0003272884210802461	-0.0006549494274106304	-0.0002633554719022279	-0.0007255589262882599	0.0010502018817841207	-0.00013046220813734503	-1.077913883159847e-05	0.0005901483417718995	0.0003761595319679186	0.00014876508632944533	-0.00010717570528075082	0.00037308306235845045	-0.00010240920906037611	-0.0004533233723400145	8.410033586380488e-05	0.0002004756186554294	0.0003048991873119077	-5.793072075047679e-06	4.260352066596195e-06	-0.00021218533079478652	9.962786360681651e-05	-0.00011319890511353644	5.991165971778791e-05	-0.00030093893418539386	-0.00013829803455714073	-0.00010249460696116462	-0.000429131493848893	-9.365865789501016e-05	-2.9387619626110554e-05	-0.00039284326503956476	0.000124062112091484	-1.9346690773812246e-05	-6.233681695875712e-06	-0.0001789673460567803	-0.00019019504556511322	9.289859826855272e-05	-0.0002049773150484463	0.0001240983616293272	6.660511598482894e-05	4.9299858560726965e-05	-0.00025126848688526027	-2.8026384090668652e-05	0.0002246141890332697	3.5366350130166694e-05	-0.00011249901699844239	-7.512986670066454e-05	0.0001310799339251185	4.8619080697076107e-05	-3.0406977280371398e-05	5.696321585938336e-06	-8.475044386921715e-05	-0.00011874478498751543	-0.00011130053149400814	-6.582008562566932e-05	-8.032960212548573e-05	9.378585154121791e-06	0.0	0.0	0.0	0.0	0.0	0.0	0.0	0.0	0.0	0.0	0.0	0.0	0.0	0.0	0.0	0.0	0.0	0.0	0.0	0.0	0.0	0.0	0.0	0.0	0.0	0.0	0.0	0.0	0.0	0.0	0.0	0.0	0.0	0.0	0.0	0.0	0.0	0.0
GA69	-0.14877536932626018	0.03361514616272746	-0.025764646770960246	-0.00456995563066499	0.005564495714859451	0.0023708355026368874	0.001051903425856417	-0.0004075249653730149	-0.0006044226911194944	-0.001850351448517728	0.0002034747815392118	-0.0029228549104060313	0.00012110633370945196	-0.0006992428505285013	0.0010370499226197987	0.0008299919740361696	-0.0019813487095793085	0.0008869460062656147	-0.0005364046518430026	0.0016240703208878838	-0.0016317177795191224	-0.00041557579783622754	-0.000896754345663193	-0.00035454208795416143	-2.076641186485991e-05	-3.848844299858065e-05	-0.0005798757305596656	1.7388216710189453e-05	-0.000649004662610642	0.0002889816408252438	5.809714133562802e-05	0.00044066348552036755	0.0003106671871302512	-0.0003069465418036388	-0.0001254202315190954	-0.0006137754248473631	0.0001460889078504733	-1.374985353109698e-05	2.0577445700733843e-06	-0.00026083286152695255	-0.00013458404641029836	-8.64380155849199e-05	-3.963150017627917e-05	-0.0001953842003042239	-0.00022474648934772497	0.0001139217032703813	-9.139819534057416e-05	-0.00018875518759841944	4.25203644756234e-05	0.000107757186620714	0.00027516516508396095	1.3056357669441516e-05	-0.00015308214056228314	9.138714160992375e-05	-9.746199883027733e-05	-5.755394402754672e-05	2.2945661534937355e-05	-7.939192099343255e-06	-0.0001954023714742765	-8.387854781365632e-05	-8.918562543561263e-06	2.419132016909142e-05	-4.731335176746831e-05	-0.0002011033970102154	0.00014895948309111574	-0.00010418794493666942	-4.912124797781846e-05	-0.00010118108254468988	1.189444472627137e-06	-0.00015853298974427142	0.00019897824795425562	3.170146722188388e-05	-0.00015765651784759374	-1.99276128704321e-05	-0.00015389605165478997	6.398954569030668e-05	4.021191346082952e-05	-2.3275692303214403e-05	5.3621361343412345e-05	-9.354753222868508e-05	5.3354282961827456e-05	2.424553963462604e-05	4.0734760829067947e-05	4.006862721008304e-05	-5.4522470440952596e-05	6.982887011535105e-06	0.0	0.0	0.0	0.0	0.0	0.0	0.0	0.0	0.0	0.0	0.0	0.0	0.0	0.0	0.0	0.0	0.0	0.0	0.0	0.0	0.0	0.0	0.0	0.0	0.0	0.0	0.0	0.0	0.0	0.0	0.0	0.0	0.0	0.0	0.0	0.0	0.0	0.0
GA70	-0.07008322499534278	0.0001544394421085276	0.009618324003291467	0.0018669767972291117	0.002520838967927151	0.002379910344521672	-0.005765146964801752	0.005816335552923995	0.0054529762953727965	0.0019530873384776362	0.0009115367979779172	0.0027468487842251467	-0.0040162450204975905	0.00045907063330712013	-0.00021249033032647754	0.0027649108532038637	-0.00013340064593946502	9.730744514357968e-05	0.0004588863272009444	-0.0015789557999693604	0.0014723596515637553	-0.0008784780816470679	-0.0008070806999845748	-0.000610989675746052	0.0006309408861222413	0.0007742027601428297	0.0007689362227780746	0.0005814854658605661	-0.000566229951755063	-0.0004039912834002484	0.00023725700978616192	0.0003856668112942273	3.6043051235089854e-05	0.00030527243338184646	-0.00043378431653851073	-0.0003232775670370355	-0.00018667937796658273	0.00024135449087994535	4.861684437008868e-05	-0.00011424523795403908	0.0004117097270344895	0.00020183465455488934	0.00010354048045884812	-0.0004484610576856682	-8.368422428809681e-05	-6.205756145896739e-05	-2.4395076736699293e-05	-2.681668278038355e-05	-0.00016483952364845214	0.00011879622566910679	7.621869121875874e-05	4.367030560073925e-05	-0.0001612847999606517	3.002718602258392e-08	0.00017734518832544603	0.00013427561288768404	9.451617234837989e-05	-0.00015873647483472385	-6.300202187139439e-05	0.00013895353696513315	-0.0001967314058123301	0.0001082902184383681	0.00020994799884653295	4.944982091975239e-05	5.903810212826788e-05	-0.00019828302370214097	7.866976229899993e-05	-1.0351416929637845e-06	0.0002201124375451713	0.00012110420305426412	5.686927983178468e-05	-0.00021835192570811317	-5.935606163336759e-05	-0.0003597650223511872	6.23912195606823e-05	0.00012860905138570582	0.00020231632864095448	8.102476096497677e-05	-0.00011823924198307151	0.00011843091202091989	3.9902032552006946e-05	-2.856994456826839e-05	-6.713939173971686e-05	5.080124373576218e-05	5.747834716610764e-05	7.408027378335795e-07	0.0	0.0	0.0	0.0	0.0	0.0	0.0	0.0	0.0	0.0	0.0	0.0	0.0	0.0	0.0	0.0	0.0	0.0	0.0	0.0	0.0	0.0	0.0	0.0	0.0	0.0	0.0	0.0	0.0	0.0	0.0	0.0	0.0	0.0	0.0	0.0	0.0	0.0
GA73	-0.16060268716320175	0.03537548738825157	-0.030031080942507837	-0.008363564457191714	0.006804283698404803	0.004530667269960219	0.00021859952164652403	-0.008070726447552197	-0.00236161846412469	0.004415597392146948	0.003020098183687762	0.0011379536265919438	0.0002542346470965376	0.001197882262498788	-0.0013056978764800305	-0.0004374320995999701	0.00111408273032235	-0.0005817272328950344	0.000507633494389439	-0.0008051253084495734	0.0009205460456066504	0.00026542309285613043	0.000503969255369492	0.00023299119291279782	-4.4048389529956504e-05	8.23905177204685e-06	0.00026567011367552073	-8.359005465435887e-05	0.00034278708861759183	-0.00017593906975165986	-9.565600600345843e-05	-0.00026162473580755504	-0.00018474526384698833	0.00016341005632122802	7.104322420460228e-05	0.0003462161854619054	-0.00012525817730243182	-2.849947075190501e-05	-1.1403787744627676e-05	0.00014738793466560795	1.4930269097853086e-06	3.938740666151086e-05	4.151137937763192e-05	0.00010598779055003926	0.00011066327202590821	-6.997910741947475e-05	3.6107288990426565e-05	9.664297585333671e-05	-2.4343623721521656e-05	-4.6166633144459284e-05	-0.0001457006865109221	1.5114869937496409e-06	7.153485371154771e-05	-4.613854902248866e-05	5.277563903672584e-05	3.546765665940732e-05	-2.606441534157475e-06	9.71915503097138e-06	0.00011418555899590369	1.7342649956662825e-05	1.6653943128429444e-05	-2.7331447544179582e-05	1.1100173609263502e-06	9.314375329971469e-05	-8.236264018000687e-05	6.249320281257622e-05	4.009434021177593e-05	4.467472030195242e-05	1.0456723708766634e-06	8.736017212380477e-05	-0.00011770476172244822	-1.887954872528504e-05	7.60167155120203e-05	3.8455482532896646e-05	7.768931582732139e-05	-3.427169815914953e-05	-4.5649577629085184e-05	-2.4784234575230485e-06	-2.2356222266948557e-05	4.6455708485492565e-05	-3.1635848946398285e-05	1.2906189781687507e-07	-2.207949206369074e-05	-2.4289382013394873e-05	2.801982737919359e-05	-7.267721289835768e-07	0.0	0.0	0.0	0.0	0.0	0.0	0.0	0.0	0.0	0.0	0.0	0.0	0.0	0.0	0.0	0.0	0.0	0.0	0.0	0.0	0.0	0.0	0.0	0.0	0.0	0.0	0.0	0.0	0.0	0.0	0.0	0.0	0.0	0.0	0.0	0.0	0.0	0.0
GA74	0.018540598849842965	-0.004307599392165996	-0.00012952456384976197	-0.0024641264543882003	-0.00201396220065196	-0.0009560146449980149	-0.0017079720255012065	-0.00036425195278553526	-0.0017579040615881426	2.380427842729121e-05	0.00011105258603563363	-0.0002681880531950623	-0.00021306453811997358	-2.6236762032585414e-05	-0.00021090000947634636	-0.00012725628514590636	-0.00011368449961895696	4.250690634135516e-05	-0.0001251275887893819	-3.9574149738779086e-05	0.0002965150581704108	-0.00018714268737111248	0.0005889335393677014	-9.414466055688909e-05	0.0005813358673960279	-0.0009346040428326245	-0.0011731123161244576	-0.00031192158221013963	0.0008242653715199623	-0.0005987500671992487	-0.0006347644865094935	-0.0019136441696803617	-0.0005123309795476009	6.555001547746791e-05	-0.0020011817277124466	-0.0008351046157682028	-0.000560652326062464	-0.00014709935261504842	0.0001786379701455378	0.0003957796297732852	-5.2151455916175766e-05	-0.00033401103988024597	-0.0005939677133241665	-2.1848006694136458e-05	0.0003081648157844139	0.0004970713473245063	0.00036175183916425143	6.144423665545828e-05	0.0011582481462115238	-0.0006506590545304151	0.0002854520244966381	0.00027296695181183993	-0.0001139328779449466	-0.0004285976797293949	-0.0002825223389086068	-0.000430280819486947	-0.000904482416360246	-0.0005605665959441638	-0.0002978534091892562	0.00015245360887490916	-0.0004338491177629299	-0.0006258154289579985	-0.00010714871443617561	0.00018389516024502954	0.00017834634830800886	0.00012887677010588378	8.022485101416403e-05	7.021365317636753e-05	9.654137127951352e-05	0.00014638231950614127	0.00043249160843541947	0.0001584972492748551	0.00012886571997350473	-0.0004621606851657025	0.00019167735056599143	5.4228541063124375e-05	-1.8589796079786457e-05	0.00018057916000507526	-0.00015748621237372573	3.1788524734345664e-05	0.00011648332283235711	3.4226633137613137e-06	6.550607717835857e-06	-7.246095527714818e-05	7.838036833378435e-05	1.4243574572263724e-05	0.0	0.0	0.0	0.0	0.0	0.0	0.0	0.0	0.0	0.0	0.0	0.0	0.0	0.0	0.0	0.0	0.0	0.0	0.0	0.0	0.0	0.0	0.0	0.0	0.0	0.0	0.0	0.0	0.0	0.0	0.0	0.0	0.0	0.0	0.0	0.0	0.0	0.0
GA75	-0.04717627252381909	-0.01507258655036302	0.0033008057801549727	0.00915852873759368	-0.0032736942170617247	-4.018758991862815e-05	0.0017181170359207693	-0.003809001051425162	-0.0012263608881669733	-0.0021299639262466153	-0.0012078005910413228	0.0006409996868769714	0.00127370468858351	-0.0016221503405129624	0.0005619696586582645	0.00015177579440623235	-0.0006601807952199723	0.00032095135303817366	-0.0002119332644728669	-0.00031840283836162303	0.0015654895422016184	0.00044806275851343565	-0.00040192995749417713	0.00026728965637983724	-0.002154592173337438	-0.0010746604423409523	0.0005977069722260377	0.00019315981059687287	-0.000256300307412232	0.0005117322339736964	-0.001118892334753251	-0.001046832476875224	0.0014303365351282767	0.00027700734610582516	-0.0004035127924539643	-0.0005997954920578256	-0.00030589306754230075	3.2928381200227255e-05	0.0006360640652967403	-0.00023751741548852913	0.0008262371951319564	0.00024699366427890693	-6.561461241992254e-05	8.191680993663228e-05	-0.00033506733637768773	-0.000712375848902519	0.00013467544842647383	-0.0007094085022879731	-0.00011777173532038808	4.869625046711603e-05	9.258605647691718e-05	-6.509450182479738e-05	0.0003417265931351013	0.00029038923597466104	0.0003860629190963802	-7.199930451068602e-05	0.00010699776755803981	-0.0002474649110523352	-5.4641098156506036e-05	-5.004313448415565e-05	-0.00023926356547037254	3.163910459347429e-05	4.8055737677306805e-05	3.6101134544859275e-05	-4.998159940636401e-05	1.51791587228159e-05	0.0001556159405399681	-0.00035998751919808793	0.00015606062175592013	0.00023897707372835282	-0.0003201807167597912	-0.0002667830176336141	0.00011280733681226945	0.00015514751192612805	-0.00011430952432556603	5.4352932834565666e-05	-3.947321893576124e-05	-7.53034282208843e-05	5.295060433026299e-05	0.00013102585197911036	-3.0864289396482555e-05	9.476284474702278e-05	-0.00011045441270250982	-7.145636784248484e-05	-2.0038753789939013e-05	1.7041535665196446e-05	0.0	0.0	0.0	0.0	0.0	0.0	0.0	0.0	0.0	0.0	0.0	0.0	0.0	0.0	0.0	0.0	0.0	0.0	0.0	0.0	0.0	0.0	0.0	0.0	0.0	0.0	0.0	0.0	0.0	0.0	0.0	0.0	0.0	0.0	0.0	0.0	0.0	0.0
GA78	0.019636279245672267	-0.004476467489140286	0.0006977968913049934	-0.0017479634383668324	0.00032339934715255	-0.0008910760514387636	-0.001880119021349688	-0.0008639130843386787	-0.00047541137197665913	-0.0008470678424303036	0.0005863821018535001	-0.0009733037851067789	-0.00036608857559295214	-0.0013359587446619553	-7.423529787233592e-05	-0.0004244374026537433	0.00011059133324290361	0.00015715987068438074	-0.00025577893408363993	0.00013685651163766204	0.0003861120034337054	0.00019213575031250908	-0.0006333254335007711	0.0001974161144912016	-0.0002288306814329295	0.0007128935744024036	0.0016015813482863049	-0.0002667274986662937	0.0005569736039061993	0.002410937617879426	-9.995942779720872e-05	0.0005538548815452447	1.3325988390396692e-05	-0.0007072658785757917	-0.0001740131983516011	0.0003078324430109998	0.0008252832806131266	-0.0007678192114879851	-0.0005317415184599446	-0.0004911552213267148	-6.959188540740652e-05	0.00031337469707708534	-9.642962616200081e-05	-0.00030078044656919943	0.001191004624564424	0.00011550304325016079	4.620615285173387e-05	0.00040933661136888146	0.00071473309928024	0.0004471094173533756	1.8265202292110872e-06	-6.458912353922306e-05	-0.0003020574881733594	-0.0003969466162901059	0.0003276651206748847	-0.00020270190694361427	0.0002692192876756107	0.00010916775608237249	-0.0005543821078407561	-0.000440470022150502	-0.00035779780217829566	-3.2709617467252934e-05	9.66677149702277e-05	0.0007767851395254228	0.0007090489938133399	0.00010358611272460724	-0.0005405638203196758	-0.00014691802153420945	-0.0001883979622815605	0.000448569260728705	-0.00030467358030634116	-0.00032903618283348934	0.00014004808478465904	1.1599413225079914e-07	6.206148581504588e-05	-0.00020969516476684533	0.00019054775253999335	-6.046172995785024e-05	-5.471893962161131e-05	-1.3739720843137886e-05	4.5602856684813734e-05	3.580588320732688e-05	7.351527092407243e-05	-2.0558918274967538e-07	-2.8570652827300003e-05	3.7448921305209794e-05	0.0	0.0	0.0	0.0	0.0	0.0	0.0	0.0	0.0	0.0	0.0	0.0	0.0	0.0	0.0	0.0	0.0	0.0	0.0	0.0	0.0	0.0	0.0	0.0	0.0	0.0	0.0	0.0	0.0	0.0	0.0	0.0	0.0	0.0	0.0	0.0	0.0	0.0
GA80	-0.05216094968108131	0.025439716514485924	0.013134721078556233	0.011806119801520841	0.001487380083547897	0.007511284214890681	0.011151850213679747	-0.005211658236321767	0.0006544196786682916	-0.004987950480378839	-0.0034271808710808773	0.0021680281744907975	0.0021510898135561757	0.0005040336157113463	-0.003090389414038356	-0.001055989001140652	0.0005897406980573971	-0.00010352190364949233	-0.00017675413784164784	0.00021233900764165326	-0.00032035502695239337	6.745610577609602e-05	0.0002697493681368394	-0.00022484315419331094	6.826546052027328e-05	-1.3619206359553461e-05	-0.00012422831748477644	0.00017863452878894468	-9.599713591738177e-05	0.00038225556314693795	9.488104397334595e-05	2.0897298441660687e-05	0.0001200460655876362	-0.00013579394241898467	-1.4762227600428102e-05	-0.00012013724324148908	7.889242698502301e-05	7.052461060850135e-05	0.00018768475560476552	9.897827806443414e-05	0.00014053937650880316	1.2492136926713894e-05	0.00011177850529928867	1.0609883159311256e-05	-3.761651418100457e-05	0.0001344015516843384	-1.8457145033231575e-05	-1.6457082231162507e-06	-0.0001219037430173271	-0.00010124423402030839	6.023209932564264e-05	-4.7751649985671864e-05	-1.8084115816876778e-05	-9.669991322646688e-05	-7.490468335249591e-06	-0.00012476726869168876	-0.00011658896348617328	-2.0522995923322457e-05	-2.264685957503022e-05	2.4521961450887825e-05	-1.4980878684452362e-05	3.057550720216365e-05	-2.1084294890970566e-06	-0.00010494346474310073	3.810478359880845e-05	-1.5922569026082968e-05	-3.290478370753352e-05	-1.6837887120908903e-05	-4.069964722479965e-05	-2.994496625521341e-05	-5.2853927077188276e-05	1.2243403501897842e-05	-1.0983228816015529e-05	4.6657649534544474e-05	-3.530916978562557e-05	2.6434849263373687e-05	-2.3761144328119753e-05	1.7267385798233735e-05	6.06590362897683e-05	-1.700264670483793e-05	1.0854128569878412e-05	-9.283586155905422e-06	2.244872187079583e-06	-6.423963948831969e-06	-2.773336530988575e-06	8.407888286324733e-06	0.0	0.0	0.0	0.0	0.0	0.0	0.0	0.0	0.0	0.0	0.0	0.0	0.0	0.0	0.0	0.0	0.0	0.0	0.0	0.0	0.0	0.0	0.0	0.0	0.0	0.0	0.0	0.0	0.0	0.0	0.0	0.0	0.0	0.0	0.0	0.0	0.0	0.0
GA84	0.05226028487325391	0.004746867951957174	-0.007364166666034304	0.004224562813290827	0.0006516330691681907	0.0015343314270778244	4.894118819017194e-05	-0.0002677672355752728	0.002334030930883468	-0.001708596713694239	8.81728034380646e-05	0.0008783398639992571	-8.220328113868663e-05	-0.0015616722130629241	-0.0008362885351708538	-0.00047578341165098383	-2.88225445241808e-05	0.0007531465205802428	0.00040944238663330137	-0.0004992066803184742	0.00035917249359559863	0.00046395599481854124	0.0003868373458202233	0.0002422509126509259	5.8087930182703474e-05	-0.0002166963195194588	-8.29691880532815e-05	-0.00024628885152278154	0.0005576912253953477	0.0004631484115610361	-0.00021277588214336387	0.0002790779906672951	0.0006542933363298415	-3.819248246843089e-06	0.000305770770921039	-9.709479525013633e-05	2.641710409587592e-05	-6.125878774798287e-05	0.0002760323311468504	-1.4698392255728091e-05	0.00031499765400334016	4.410760087173222e-05	0.00011290265146092488	0.000467187801236097	-0.0001481993335086022	0.0001215166292997647	0.00033217412922385554	-0.00032335568820052705	-0.0001393099579753475	5.487817625731659e-05	9.798902137664407e-05	-0.00032645277093230007	-5.933401013414157e-05	9.853867628237928e-05	-0.00016639823415275814	0.00015622454808100807	-0.00037077142021629453	2.7930204420420104e-05	7.100089352572185e-05	-0.00013713198585536493	0.0009527694443747146	-0.00011603318142137032	0.00013181309887476354	0.0001350349730888824	-4.8052691819463716e-05	-0.0002603443818542296	-0.000235361143311994	-0.0001650183572755035	0.0002693024673169752	0.00035545475815149645	-2.910508657310501e-05	0.0003480648123122688	0.0003550318381881941	-0.00017043695330262902	-2.2783753839681143e-05	0.00017614706347778618	-0.0003561504612052128	-9.717890773495225e-05	-0.0001427908467838703	0.0002410155158296189	0.00013603387297716671	-3.61143789330788e-05	-0.00023409163409725606	-0.00012637737421894652	9.088056245743282e-06	-4.3173357127978355e-05	0.0	0.0	0.0	0.0	0.0	0.0	0.0	0.0	0.0	0.0	0.0	0.0	0.0	0.0	0.0	0.0	0.0	0.0	0.0	0.0	0.0	0.0	0.0	0.0	0.0	0.0	0.0	0.0	0.0	0.0	0.0	0.0	0.0	0.0	0.0	0.0	0.0	0.0
GA88	0.04174271355460649	0.0007142010431699646	-0.001530464301851182	0.003204320424790312	0.006615240966719435	-0.0032433674873426233	0.002256034839552394	0.0015737734934627504	-0.0009057650916741186	0.0009912236557764456	0.00014475506561900707	0.0006990885595625104	0.0002484269251296858	0.0016139506907844518	0.0005516189695889625	-0.0007170347911577959	0.0006529978074467726	5.1017974491215325e-05	-2.0871503092581155e-05	-0.0002311011732237634	-0.0006697649732238598	-0.0015290385055724907	-0.0009501581174379352	-0.000240126683207011	0.0002953082121393299	-0.0013152398640436515	5.3144363697764306e-05	-0.0003258209750255222	9.386387715859709e-05	0.00012432630112180852	0.00018210569143911948	0.0005955996170454611	0.0006610887939089196	0.00011660482175922971	-0.000381340789362091	0.001003380037179291	0.000733803953297668	0.00044520323748081477	0.00033485176978381286	0.0005998674510876557	0.0014894997796548815	0.00011422826372450732	-0.0007211318309850764	-4.8232303733358406e-05	0.0009127069787543405	0.00014403237617308969	0.0003577123108955202	0.00021619476220462403	0.00014277260954967768	-0.0001446399905176086	-0.0010149245358723866	-0.00047973977982478116	-0.00040417329717395506	-1.0612727152633072e-05	-8.711788614480215e-05	0.00041063788329811043	-0.00012581355429183605	0.0004988985134176772	-0.000396637759821323	0.00023000949788702028	0.0002822004447992611	0.00024886408163588334	-0.00020896583583249065	-0.00010651158789734273	-0.00018179787208783398	0.00013221188647624278	0.00018478591343521822	4.5622164878639875e-06	1.4898893802747749e-05	-2.9684983754767916e-05	0.00030049474079485124	0.0001522796668453751	-3.394967903808021e-05	-0.00010212676104438153	6.225102032865866e-05	-4.556275263775118e-06	-1.5505178564699775e-05	5.5581274932702576e-05	-0.00011321720530065648	0.00015908185658313007	-5.910433257853421e-05	-0.0002305680716238595	0.00012580457743757248	0.0001802376226863353	1.0758446454057423e-05	-1.8362453839508503e-05	0.0	0.0	0.0	0.0	0.0	0.0	0.0	0.0	0.0	0.0	0.0	0.0	0.0	0.0	0.0	0.0	0.0	0.0	0.0	0.0	0.0	0.0	0.0	0.0	0.0	0.0	0.0	0.0	0.0	0.0	0.0	0.0	0.0	0.0	0.0	0.0	0.0	0.0
GA90	0.027353497977600186	-0.0033791229705934156	0.0014238753598300213	-0.0010387601378370993	0.003942917817967594	-0.002644832050966563	-0.0004936565365288495	-0.0007641375601572085	-0.00019541440427715964	-0.0007982408337067195	0.00013818601193813196	-0.0012367924009289127	-0.0012102678493160772	0.00042685439001036044	5.495874164909145e-05	-0.00015002586152543842	0.0013083139956201412	-0.0004053153292491268	-0.00012357276118018183	-0.0003183850245175521	-0.0020088015125828036	0.0005792828875413663	-0.0003402183241293673	0.00024513327494578627	-0.0012070012715299802	0.0008381520357913782	-0.0004165251359265214	-0.0006580644657878703	0.00023621876840903742	-0.0004256524695072724	-0.00024199834484026517	-0.000808816766970431	-0.0001653003925091729	-0.0006083325691630702	-0.0007179243087982648	-0.0005817066014303531	0.00015583216674612207	0.001081938120563775	0.00031016363821285053	-0.0008325129139035278	0.0009558372548607275	1.0201845889722423e-05	0.00037804341633328805	0.0005121070957170301	-7.438463650040572e-05	0.0005844170642949855	0.00017283016956421346	0.0010796781515039584	-0.00011471458675902002	0.0008861497610282665	-0.00045570396210439904	0.001342446536462292	8.760719303098145e-05	0.00024891053419288646	-0.0003565539472891958	-3.430729391805005e-05	1.0269904738472445e-05	0.00012902677587293046	0.0004962388275178107	-0.0003981657103490321	5.329611014219974e-05	0.00043586830719100767	-0.0002748827802332734	-0.00014206212116660817	0.0004959600756981717	0.00012304633207306493	-0.00010918888056845543	0.00010272246168204219	0.0002300006206270468	0.00018602897726861494	-0.0003309142586201841	-0.00024199195755782513	6.633177483241862e-05	-5.247032055264633e-05	6.953507746867627e-05	5.807533107506832e-06	0.0001702621593301814	-3.0387941865482805e-05	6.423478093488056e-05	0.00025788556720265124	-1.7974058976400696e-05	-9.057341229767914e-05	-0.00016538215052825544	-6.40439640658121e-05	8.491386162367693e-05	-1.784152992979536e-05	0.0	0.0	0.0	0.0	0.0	0.0	0.0	0.0	0.0	0.0	0.0	0.0	0.0	0.0	0.0	0.0	0.0	0.0	0.0	0.0	0.0	0.0	0.0	0.0	0.0	0.0	0.0	0.0	0.0	0.0	0.0	0.0	0.0	0.0	0.0	0.0	0.0	0.0
GA91	-0.014598223278758003	-0.012978800011383018	0.005845348779626775	0.0003268584503424542	0.001461258977792799	0.0045197683647745825	0.002328730814633976	0.001321225056784559	0.0012167207645149502	-0.0008454350645641281	-0.00024126659088437053	0.00194862542189758	-0.002522613242981056	0.0015771417449479096	-5.901903227053688e-05	0.0004612540634025802	-0.0009632148956726308	-0.0006451865389413751	-0.0018490981118284007	0.0015496140611369377	0.0018651110754961766	0.002173588160213867	0.0007835453628109972	-0.00011876556218174967	0.0009648407069598633	0.0004622027009160924	-0.0001798547191525806	0.00012777762653983424	-0.0004240290545033744	0.0007779270502656939	-3.167397512622203e-05	-5.013957075223278e-06	0.0005744332508670349	-0.00036989011382348606	4.074458673034295e-05	-1.7327005792218666e-05	0.0004070496072206471	-0.0003149571968299756	0.0002851489344493823	-0.0002018019579950664	0.00010469927810952405	-0.0004036463700319742	-0.0007223790842299046	0.0004291207018105897	-0.00034986425307854355	0.0005024318801758164	0.00010533795720279694	-2.5763902301495023e-05	-0.00014794618056763843	0.00018770606601319832	1.3070276714765334e-05	0.00027492815090406243	-0.00028668347212223473	0.00014458637461936592	-0.00048047914351212955	6.743808423943783e-05	6.604814638928755e-05	0.0002772172888586575	0.00047930523038454924	-0.0002420329767839571	0.0004877318590757805	8.217098656387598e-05	-0.0003547347020527824	0.0003266393352656346	-0.000149410389733372	8.18544466082877e-05	0.00016812638175726108	-3.955764449825376e-05	-8.882935815931233e-05	-3.2924294773361406e-05	0.00041272019163413233	-0.00012511653726272269	-0.0001588037732658705	-0.00020441487404453083	0.00011534865767537754	0.00019034648830910123	-8.372186936943612e-05	4.106094961316152e-05	-4.460499062083531e-05	-1.495601927665698e-05	0.00018791078561644032	7.860893384542418e-06	-0.0003378655088256606	5.390340750094778e-05	-1.9637142114282912e-05	6.543676265244727e-07	0.0	0.0	0.0	0.0	0.0	0.0	0.0	0.0	0.0	0.0	0.0	0.0	0.0	0.0	0.0	0.0	0.0	0.0	0.0	0.0	0.0	0.0	0.0	0.0	0.0	0.0	0.0	0.0	0.0	0.0	0.0	0.0	0.0	0.0	0.0	0.0	0.0	0.0
GA93	-0.003387376499261789	-0.010508648273324058	0.0044457368474026485	-0.0008331010288938833	0.0034302959853842836	0.002603110861592252	0.0006040110653092307	0.0019426668171598962	0.0015299999429040036	-0.0007365003130320091	0.0018618252635772175	0.00016730531015516885	0.0011993129810285365	0.0006808320162441046	0.0007284697301345687	-0.0001945456964559776	0.00026955621503730427	-0.00035371179373648527	0.0007814210189063082	-0.000605958153555192	-0.000709119190744913	0.00045508918771308075	3.583593283106841e-05	9.512730515217653e-05	0.00023492016939905555	-0.0010316610290242766	-5.4275787515111626e-05	0.00020338500676429745	-0.00020083016279503409	-0.00017667610430250298	0.00045988642173516557	-8.425845358655997e-05	0.0004542977916218341	-0.0005905603798072107	-0.0005410808633147485	-0.00012202928721850182	0.00011620031210076657	0.00011982518130061146	0.00014575291601200984	-0.0006875713918057545	-4.69846134340244e-05	0.0008539691245120685	4.073898683957501e-05	-0.0005399555782441226	0.00016317251450029846	-0.00041048458542595107	-0.0010393955832874071	0.0005546378764280504	-0.0002461604122731952	-0.00017954209842771233	7.526230392435056e-05	-0.0004677711162228669	-0.0001592014438159398	-0.0009107121829993862	0.0007163981478062686	-0.000188758568239648	0.0006657856780115751	0.0002340316642006916	0.001072589244246421	-0.00020428541679891454	3.3584032532315785e-05	-0.0003324529231429769	-0.00020650619024215175	-9.666599095738062e-05	-0.0003007784719479116	0.0006859837660010007	-8.348989126473138e-05	-0.00019541871592123364	0.00031907240480390063	0.000170476131598873	0.0005540800125766035	-0.00016282571298792815	0.0004833027048807879	0.00010124034862019903	0.0003275375000098932	-0.0001426992751310151	-0.0001515281591530629	0.000384964064326961	9.202675122178274e-05	-0.00033962346806855706	-6.875456791502425e-05	-5.295665566722164e-07	-7.323443968169589e-05	-0.00010065034774229046	4.785599698250422e-05	1.30888356709571e-05	0.0	0.0	0.0	0.0	0.0	0.0	0.0	0.0	0.0	0.0	0.0	0.0	0.0	0.0	0.0	0.0	0.0	0.0	0.0	0.0	0.0	0.0	0.0	0.0	0.0	0.0	0.0	0.0	0.0	0.0	0.0	0.0	0.0	0.0	0.0	0.0	0.0	0.0
GB104	-0.001128895516162607	-0.009407466562974696	0.002612874459900742	-0.002046485488133615	-0.0008747269988573406	0.002412249357246912	-0.0004585477337770995	0.0006877033535561442	0.0015702375814960427	-0.0007011342477063834	0.0013721787687784302	0.00047191457002834384	0.0016848799636546578	-0.0008971087681150204	-1.1590461492495749e-05	0.00038271526231761164	-7.099328659224133e-05	0.0008678209158860418	-0.0002608898559109441	0.00010462393806028257	-0.00034847444477497215	3.029986327361981e-05	-0.0002591849867188695	1.4272830968641024e-05	-0.00044193111928599114	-0.0005113316615326683	-0.0008040584964810298	0.0007955496206763835	0.00038237183326654545	0.0004617021144560942	0.00019384834937678837	0.00039762229036674376	-0.000672703344117445	-7.392595321121067e-05	1.4898114081111181e-05	0.0011753050516355482	-0.000923681677570895	-0.0004390458528687561	0.0010959786652205844	0.0013105765905261047	-0.00039233628056771	-0.0005417105639890302	0.0006769950711819117	0.00020563305219700178	-0.00016015295334640396	0.00023969733807040664	0.000593331108434024	0.0006340336764706768	-0.000264807911298901	0.0003275812793006486	0.00016403149079324543	0.0004252638710199952	-0.0006572781333223699	0.0010152942201522718	0.0006759337502076907	0.0004645522299093936	9.741658885084155e-05	0.00028779932691296056	-0.00017237425304122509	7.330301073618997e-05	0.00024786577379259727	-0.0009318432436733506	0.00013635891679169863	-9.65291092411334e-05	-0.0001633953195657565	-9.788709767790959e-05	-4.388977189293113e-05	0.00016413619842171737	-0.00034283016754011576	0.0004901980119261899	-0.0003068757107559254	-0.0003298826152125721	0.0003065208384631624	-0.00031803693510124085	0.0003455870279643972	0.000291898120058344	0.00018298371975722355	0.00016542324621150845	-2.2772335050092422e-05	9.00890829822937e-05	-0.00022950261590383916	0.0001035841884518569	-8.420818664199723e-05	7.327141504293993e-06	1.642102982489155e-05	1.4686586087720913e-05	0.0	0.0	0.0	0.0	0.0	0.0	0.0	0.0	0.0	0.0	0.0	0.0	0.0	0.0	0.0	0.0	0.0	0.0	0.0	0.0	0.0	0.0	0.0	0.0	0.0	0.0	0.0	0.0	0.0	0.0	0.0	0.0	0.0	0.0	0.0	0.0	0.0	0.0
GB105	-0.0028999571923090405	0.017084491178315907	0.007996490509737114	-0.009837539684275927	0.0005352352563405908	0.004144788017063501	0.0013327964194456848	0.004236480309773467	0.0003646261711736657	-0.0009001232837799333	0.006284308185598558	0.004246402736022416	0.002005815423918354	0.0017277318375093376	0.001533330241582742	-0.0003770719353638299	-0.0011739217806861402	-0.001042645327897739	0.0020285581693776466	0.0008270690660117494	0.00015148426346948683	3.964691902844037e-05	0.0012470710240814697	-0.0005539139321032929	0.00011021366146250492	-9.715103004807525e-05	0.00031447693884184243	-1.0551173378735405e-05	-0.0003027176630135212	-2.3264459014629782e-05	0.00018120959385452805	0.00017700269905056204	0.0003615726429631883	-7.731544555529864e-05	-0.0003822770633525516	-0.00026375238691632615	-0.0002465519773157029	0.00028466813488552676	0.00022006281685665614	-1.7154221424905604e-05	-6.90807264859064e-05	7.13884420801003e-05	0.00016674170077780371	-0.0002942413382745697	0.00011326179899318201	-6.48088898290325e-05	0.00011401124060581453	0.0002886075077776364	-0.00010224850600300253	-9.139219060951805e-05	7.886702275881606e-05	-0.00011657254086422619	-0.0001508656978722519	-5.285067031465996e-05	1.8014612626112878e-05	6.679647801716887e-05	-1.198906010872423e-05	1.2589699741148311e-05	-2.2705526720253388e-05	7.565130892415343e-05	-0.0001673976518193266	0.00013471878186847077	0.00017738025157719493	0.00010617639937791536	2.075692183086922e-05	-0.00014808605115356575	0.00014107850128463895	-1.3741368794702079e-05	-1.9225618613696397e-05	6.578005571648616e-05	-2.656238618992327e-05	-6.396429635238779e-05	-8.867637687795773e-05	-5.1237800856086916e-05	-2.7531593113634986e-05	7.421416219430015e-05	6.570264760134126e-05	-3.305720143540786e-05	-9.404941057694207e-05	9.319672442516168e-05	-6.017629489182153e-05	-2.51003070754645e-05	-5.437045463779032e-05	8.856825965195505e-07	-1.9585157281130295e-05	1.7177122012514769e-06	0.0	0.0	0.0	0.0	0.0	0.0	0.0	0.0	0.0	0.0	0.0	0.0	0.0	0.0	0.0	0.0	0.0	0.0	0.0	0.0	0.0	0.0	0.0	0.0	0.0	0.0	0.0	0.0	0.0	0.0	0.0	0.0	0.0	0.0	0.0	0.0	0.0	0.0
GB106	-0.017810930214748034	-0.01230774669291939	0.0031760058749246947	0.0006829423505012303	-0.0017291136342459797	0.0038154306093154686	0.002752156503019054	0.00011286050140727471	0.000468568576206767	-2.6096746115461253e-05	-0.00013488181458632892	0.0008116451975815696	-0.002224653108693512	-0.0007737536669665793	-0.0007760875053738046	0.0005129282217277415	-0.00030083302288028493	0.0006833684944293378	-0.000145340573606515	0.0001522981999571018	0.0005541612676985743	-0.0012624063157985397	0.00017577921980620103	-0.0005708398156596487	-1.2102520854305824e-05	5.928637414492851e-05	-0.0005659345088845417	3.8515774041811054e-05	0.00021019961521650778	-0.0001187248942534964	3.379676378229385e-05	0.001023912530263232	0.0003136535423081374	0.00010105773326550077	-0.00042827762952271165	-0.00031048010470049276	-0.0012398306982939775	-5.303183129586322e-05	-0.000841149954681662	0.0006589118589103726	0.00041664842237840383	-0.00034794659894767126	-0.00011917637999105244	0.0011891700858327053	0.0005569736241216894	-0.00044370888801378627	0.0004914792111137916	1.9180050601677748e-05	-0.0003876374353236198	0.00025869430961888014	0.00018490229491326154	-0.0002560018441809221	3.752448735998967e-05	-0.00020435071938043557	-7.964927868247351e-05	-0.0005866978107104752	0.00047628346044721365	-6.160755854869557e-06	0.0003391476374907981	-3.3223179847569905e-05	-0.0005652201719810967	0.0007622621273356532	-0.0001254011581804513	-7.34113083757687e-05	-0.0002430815261392197	0.0002513674770316165	5.5923879628535694e-05	-0.00010903653168941265	0.00018475896025313185	0.0005414111329277308	-2.0712403233209556e-06	-0.00013813173323819216	-3.558588459247944e-05	8.876871507062596e-06	0.00025292332342031674	-0.00011602305176391233	0.00015489637835959728	0.00023567086210232537	-6.965040122971988e-06	-0.00014252457168844175	-5.88680149353928e-05	0.00012042809502515179	0.0002022087233991076	-0.00010021055366540267	3.3939962620105424e-06	-2.8393160560925596e-05	0.0	0.0	0.0	0.0	0.0	0.0	0.0	0.0	0.0	0.0	0.0	0.0	0.0	0.0	0.0	0.0	0.0	0.0	0.0	0.0	0.0	0.0	0.0	0.0	0.0	0.0	0.0	0.0	0.0	0.0	0.0	0.0	0.0	0.0	0.0	0.0	0.0	0.0
GB107	-0.020902965927460822	-0.014201727190770348	0.007607432566816606	0.003461750195805042	0.006162852934364368	0.003954212333819752	0.004562924868839611	0.003336302496808444	-0.002711253189072114	0.0020459171891453456	-0.0013826720297312664	0.0014703203746902792	-0.003513416677542292	0.0025422993637063225	-0.0012752389730497113	-0.0011317706544529983	-0.0010683315299897583	0.0001494825427155008	-0.0012315519918316817	0.0005240212752280197	-0.000405784508638375	-0.0010924408034189508	-6.605734237244853e-05	0.00023265908940562903	-0.0007039469472761285	-0.000587840303873538	-7.337293617856903e-05	0.000102269897501586	0.000537597626037516	9.947786582518631e-05	8.385178645451288e-05	0.0003770639913954499	-0.00033087554257330915	0.0002510213284788932	3.633418342925735e-05	-0.00027760393060670527	4.9829168445246406e-05	-2.139791146156011e-05	-7.031740981163894e-05	-9.786354370847883e-05	0.00010375091465167675	2.1539740635912444e-05	0.00038832247072196073	1.1291587313537917e-05	-3.862635993224229e-05	0.00020556825903179425	7.921432090017384e-05	6.097860005901317e-05	0.00013496708526883485	-0.00011034808087205731	5.806421764873198e-05	-1.8026144601198633e-05	-0.00011747926433840206	0.00011098792170815586	0.0001356044035079724	3.574779957747062e-05	-4.176891620643136e-05	1.7333507908785347e-05	-8.690386887233655e-05	8.179711531593301e-06	-3.4673351892506885e-05	-5.706590897881352e-05	-9.114048285917366e-05	-6.26650548349034e-05	2.567679113553112e-05	1.830648691384669e-06	-0.00012429869080867416	-2.6939788952558443e-05	-6.808110766638408e-05	2.1925160680323353e-05	-0.0001515666805975565	-5.6606522709123164e-05	-3.212274159051543e-05	0.00012742732219351874	-3.1978774597908396e-05	-4.486041231297623e-05	2.0553102967121637e-05	-6.05729634846998e-05	0.00013257948897286187	-4.329870126106625e-05	-5.48744087926771e-05	5.715190050592432e-06	7.024604698589558e-05	-1.597908954013776e-05	4.273160045508358e-06	1.4640360617914674e-05	0.0	0.0	0.0	0.0	0.0	0.0	0.0	0.0	0.0	0.0	0.0	0.0	0.0	0.0	0.0	0.0	0.0	0.0	0.0	0.0	0.0	0.0	0.0	0.0	0.0	0.0	0.0	0.0	0.0	0.0	0.0	0.0	0.0	0.0	0.0	0.0	0.0	0.0
GB108	-0.03108438455425708	0.008142708941875344	0.010774982962539328	-0.004228244418537263	-0.0029118034750398192	0.004809604441857983	0.0009498060562910338	0.0006600451567962851	-0.004137432657324038	0.001198278047104274	-0.0003935337811444379	0.0009852555837390094	-0.00321153889650367	-6.420400325941702e-07	-4.445863558462987e-05	-8.290597999597268e-05	-0.00044552780997277795	-0.0003243921168141272	-6.45176848861952e-05	0.00017023108881841328	9.452728123459697e-06	-0.0002711276507316867	0.00027938361953283456	-0.0001521784984780717	-0.00021564970091723535	6.703253078312961e-05	-7.199655504088347e-05	0.00010737836271087353	0.0004201708707933984	9.201639373170731e-06	0.0001825348314470399	0.0003483261712191201	0.0002699675223318173	-0.0002837909283490424	-0.00017623354462428982	-7.433776783739802e-05	-0.0001370202787767082	0.00018590634408107709	-0.0005045093233022374	0.00022076322140824028	5.3231077115325646e-05	-7.57417021795424e-05	-0.00022430756363182896	0.00036607163788959015	0.0002591454297157973	-0.00029255685989607857	4.1465561931153834e-05	0.0002931776109894616	0.00016150231660164169	-0.000324314904095087	-0.00034371419696002154	-0.00025348045454601383	7.99678369323374e-05	0.00028891653800094616	-0.0005400159127948165	-0.000560370917842618	0.0004003447237326899	0.0006790580234030142	0.0004668828314121378	-0.0005848827283635288	-0.0004955465502476922	-0.0009332499420408593	0.0006325744456543281	-0.00028794173907681185	-0.00044018344144962194	-0.0007894775953534235	-0.0004407067931102654	-0.0003099950836575227	1.766357419932172e-05	-0.00046547694436904774	-0.0002297026288555738	-0.0002103857276850263	-0.00022970372246143065	0.00012624505594381453	-5.7757072724221715e-05	-9.488943342735968e-05	4.6009389830675444e-05	-0.00024013928812759936	-0.00020623638554452146	0.00024813983092331006	7.980281615654247e-05	-0.00029081354208021173	-0.00012626717449555104	-8.412763989537374e-05	0.00011884032694314234	1.7500149246239308e-05	0.0	0.0	0.0	0.0	0.0	0.0	0.0	0.0	0.0	0.0	0.0	0.0	0.0	0.0	0.0	0.0	0.0	0.0	0.0	0.0	0.0	0.0	0.0	0.0	0.0	0.0	0.0	0.0	0.0	0.0	0.0	0.0	0.0	0.0	0.0	0.0	0.0	0.0
GB110	-0.1194844958474584	-0.02746997575108475	-0.026853253429240526	-0.0038858353422986697	-0.00664883703073788	-0.005721022097138611	0.003376225165705984	0.011949189751898757	-0.002226306374123046	-0.005016826364924015	-0.004117663577401608	-0.0020832557931443575	0.00032855351184184623	-0.0002959600318239049	0.0008818390398830203	0.0003126511240456876	-0.00012240809181175819	-1.0502269467156317e-07	1.9054119834457574e-05	5.527434631332038e-05	-0.00013063846840667736	-2.830705814708564e-05	-3.5718215542148385e-05	-4.1065923932233585e-05	-0.00010498620103125523	6.752564287913089e-05	-2.6342686117665253e-05	7.146520239038052e-05	-3.286466814533075e-05	5.456632266830796e-05	2.071199311295383e-06	-2.6739210746167593e-05	-7.281509785066423e-05	4.418458965871415e-05	-3.4404737092115627e-05	-6.249450964674847e-05	6.0858744792359384e-05	-2.1962118290431674e-05	-5.843456945777001e-06	-2.066492271700014e-05	2.8896863207473775e-05	-5.565196157812672e-05	-3.308796426324955e-05	-4.1398277679718336e-05	1.3918602676351498e-05	-1.7805589128860556e-05	-6.604071858728485e-07	2.7001005295224926e-06	-2.0610764736550063e-05	1.1201268651135876e-05	1.4756641006872547e-05	9.255639378462713e-06	-1.2006881054502497e-05	-8.068582717344514e-06	1.6110373122048324e-05	-1.8985700585039748e-05	1.0120964966762964e-05	-2.4041879762072253e-05	2.4793956250133542e-05	-6.5671863755558e-06	2.570279484163291e-07	-8.91967203655882e-06	-1.2874699778991383e-05	-1.20486845351182e-05	-1.1033313967853305e-06	5.647063674508185e-06	-1.7495889544747888e-05	-1.6457848478069864e-07	-1.748882731193351e-05	-1.221020374684417e-05	1.9157339408356217e-05	-1.0997624695475256e-05	-6.343358037283787e-06	-2.323157518740833e-05	-1.221579163313778e-05	-1.8114130026671318e-05	-4.158418148487928e-06	1.4702345878092613e-05	4.799185482688007e-06	1.1389854125187416e-05	7.639165250189022e-07	-1.3453133325030776e-06	-1.3513488604895241e-06	-7.518586847789328e-06	7.038523066678541e-06	9.365659206647806e-08	0.0	0.0	0.0	0.0	0.0	0.0	0.0	0.0	0.0	0.0	0.0	0.0	0.0	0.0	0.0	0.0	0.0	0.0	0.0	0.0	0.0	0.0	0.0	0.0	0.0	0.0	0.0	0.0	0.0	0.0	0.0	0.0	0.0	0.0	0.0	0.0	0.0	0.0
GB111	0.025453641021754066	-0.0026866879583309898	-0.0009508527900925738	-0.001806484142731996	-0.0010185320789463425	-0.001867086101942943	-0.0004702195280571911	-0.0012959931953318298	-0.000571919265424322	-0.00020553495062337315	0.0005984273954502283	-0.001309648776558407	-0.0008156882230300973	-0.0006446164728283926	0.0001121755587682527	0.00047881991128295346	-0.0005667073679724461	0.0003801868627356038	-0.00035266393143323747	0.00018903273952401877	-0.0004065580965269428	0.00043661795973348863	0.00018913446860087705	-0.00028459240909458396	0.0005806754219034374	0.00014144993364005723	0.00026181805528446026	0.00028319241112043856	0.00012116975452474323	0.0001211184495363481	2.8816782789860045e-05	0.0006326691222174424	-0.00042882636869025404	1.0105366515872843e-05	5.2963952732160365e-06	-0.0001712056658414263	0.00028741105756543376	0.0010325891748200363	-4.0240780068781957e-05	-0.0002442314054757407	0.0002279270850819023	4.868345879142304e-05	0.00025917827699871784	0.0007215225867330846	-1.815222884201246e-05	0.0004605272150549606	-0.000496662798481971	-0.00023925468054523076	0.0001368789433712225	-0.00040201640883725956	-0.0007194404812857212	-1.8467310285499413e-05	-4.007767321317982e-05	0.00011137103660869135	0.0004673944757498134	-0.0008797205073314057	0.00034837512570617615	-9.822834610406814e-05	-0.0011832355223437116	0.0004902112074483488	-0.0004006060608665302	-0.0004457501869985476	0.0005084047088936939	-0.0004806639119591585	-8.998774418396672e-05	0.0005482105907190148	0.00031309384931803747	-0.000157215122279328	9.886306086481538e-05	0.0007909445078040633	0.0006821655349652755	6.47630072591798e-05	6.955113378894893e-06	8.255605968706886e-05	-0.0003433906471220303	1.2294461464836164e-05	-6.432375073389698e-05	-0.0004990743698794289	0.00023862646396143102	-2.5886081744428483e-05	-9.806747421238736e-05	-7.908465003677899e-05	-0.00028768122852317025	3.081597552261133e-05	-7.977682966394282e-05	-1.893569849712443e-05	0.0	0.0	0.0	0.0	0.0	0.0	0.0	0.0	0.0	0.0	0.0	0.0	0.0	0.0	0.0	0.0	0.0	0.0	0.0	0.0	0.0	0.0	0.0	0.0	0.0	0.0	0.0	0.0	0.0	0.0	0.0	0.0	0.0	0.0	0.0	0.0	0.0	0.0
GB112	0.0197418523186242	-0.004436378609897985	0.0008224808029122949	-0.002108953871262473	0.00028355827804391265	-0.0010783129095811692	-0.0018525250605112276	-0.0010780284129204708	-0.0006691586508844714	-0.0012753055979625356	0.0001472867874669492	-0.0009330178077205718	-0.00045719349812004716	-0.0007399037137838186	-0.0003729004887313128	-0.00026375561151217766	0.0003398947318307151	6.213976400874868e-05	-0.0005506450802021723	-8.598863459733673e-05	0.00011184943014005964	0.00010060936841817341	-5.549554236430535e-05	-0.0004080979416260534	0.00015415091741257083	-0.0005389673145350892	0.0003744791958848789	-0.0007037993820439527	0.0006610865916990668	-0.0006314424546898707	0.00102329718808995	0.000179949720539718	-0.0003332703163311145	0.000935672829878195	-0.00044664325706264904	0.0004379018595409029	0.00193354998222224	0.0003560697546201856	0.0010381389985066524	0.00021314341442172258	-0.0005435845248203852	0.0004533374577253199	6.086967258251054e-05	0.0004816241705614184	0.000180453881930477	-0.001167524521581962	0.0002742476514279343	-0.0005389463632358428	-0.0012900215990710045	7.300685966685734e-05	0.0008530864461296925	0.00037204686421689283	7.639750260180897e-05	0.0006320603571182219	-0.000502669182505846	0.0003379474858112158	8.262471627300251e-05	-0.00039489312032215404	0.0005579690411459017	-8.958556165127181e-06	-0.0002599288415270894	0.0002135986234893157	0.000427968862526992	-0.00043218456563729065	-0.00010700908645833973	0.00019366735293224676	-0.0002668338145670335	-3.637577258545506e-05	0.00014300110328068145	0.00041872364560989104	8.381107262469237e-05	0.0004728058132354455	-8.123632902080078e-05	-0.00020971871277628972	-6.863333810500022e-05	-9.070104410963201e-05	0.0001387135545752359	-0.00029833630759207156	-0.0002879863554124627	-0.000266727722648022	0.00011839227030617898	-9.451646298593197e-05	-6.688872982318017e-06	-3.580528274960305e-05	-3.366463570521516e-08	2.063716800047175e-05	0.0	0.0	0.0	0.0	0.0	0.0	0.0	0.0	0.0	0.0	0.0	0.0	0.0	0.0	0.0	0.0	0.0	0.0	0.0	0.0	0.0	0.0	0.0	0.0	0.0	0.0	0.0	0.0	0.0	0.0	0.0	0.0	0.0	0.0	0.0	0.0	0.0	0.0
GB114	-0.12075331349485868	0.028228571263744926	-0.010600247166873532	-0.004676251404683033	-0.0031268344136622544	-0.010999630731480636	0.003643079820602128	0.005125240164128797	-3.569798863333661e-05	0.0004019738788381045	-0.0032173213094112783	0.005653148948844905	-0.0005300775889329953	-0.0020497793669936827	0.002490293777848879	-0.002201963530901165	0.00041829122503999103	0.0013953616008555046	0.0002457743710184627	-0.0009562963160640044	0.0003835814925857387	0.00014957528681474317	0.00013652465684648411	0.0003192759939225039	0.0006130697284840717	-9.130377997669313e-05	-0.00024507397153832847	-0.00015477611040105245	-0.00010832410914647695	0.00017049952247534173	9.937817698279316e-05	3.558999587757342e-06	0.00034999853523953576	-0.00019505679467125706	2.208990975140514e-05	-1.6399568065149675e-05	0.00023865964708618052	9.247822465380773e-05	7.647507090968065e-05	0.00012561790010535043	0.00028125360784204777	0.00011429055329964768	-7.099610576865028e-05	0.0001768640235407154	6.633634420309178e-05	-2.61059016846219e-05	-4.846653553396532e-05	1.0071565716198055e-06	-6.19358934434455e-05	-1.2838955538981884e-05	-2.7750244722526474e-05	-3.352293313810895e-05	4.549449175214691e-05	3.599978211076863e-05	3.7575777189282005e-05	1.5297117398887645e-05	-0.00017138249582374218	9.726608396968862e-05	-7.523515857432245e-05	0.0001149045851054236	6.838278059550816e-05	3.199448584514622e-05	3.653509236241739e-05	6.978639371496463e-05	5.498919029627087e-06	1.0815556144365688e-05	-9.46099916698554e-05	-1.778010662208633e-05	-8.856876853427235e-07	-6.155629889357725e-05	-1.5318112350756094e-05	-2.355680917971065e-05	7.209714925160623e-05	-3.2833900221373624e-05	1.0711931655910274e-05	-2.7923648284404132e-05	1.401340577954331e-05	2.8020754431135252e-05	-4.2165543284779354e-05	5.993630703710991e-05	1.2883814799665825e-05	-3.7112780859837456e-05	1.0056144213782759e-06	-1.4041503110633153e-05	3.5133103038961195e-06	-1.3208649464454548e-05	0.0	0.0	0.0	0.0	0.0	0.0	0.0	0.0	0.0	0.0	0.0	0.0	0.0	0.0	0.0	0.0	0.0	0.0	0.0	0.0	0.0	0.0	0.0	0.0	0.0	0.0	0.0	0.0	0.0	0.0	0.0	0.0	0.0	0.0	0.0	0.0	0.0	0.0
GB117	-0.039925612234141275	0.007601830804100255	0.01272909784224797	0.00038507652745625726	0.004261814881449358	0.003075830723287813	-0.0004183068856918697	-0.0016969006838651432	-0.001694294484924958	-0.0027629241702305826	-0.0014733347417643981	0.0005571963017927451	-0.0026386779805615264	-0.0027828255690490345	0.0014990938344733396	-0.0006001589860198071	-0.0009107097979440818	-0.0007412859611510124	0.0018337312851016336	0.00015012197803872902	-0.000259645282273908	0.0005563732988547218	-0.0006272578991670905	0.00028593430522380934	0.0008224378544377117	0.00025248649175133405	0.0002906695115765696	8.945199605446532e-05	8.373835492113722e-05	-0.0005331527066408934	-0.00012734136364538843	-0.0002761449694099699	-0.00019571853388318628	0.00036228941146850804	-3.241242640283485e-06	0.0006636223062258761	3.0440417948065545e-08	2.470891844403595e-05	-0.00013801929827381113	2.8303754425957127e-05	-0.00029048559852837855	-0.00030471955256295867	3.26297408874808e-05	-0.00016308274655059925	0.00019731940244107696	-0.00026412742886363245	-4.6715769241013304e-05	-0.00022261407543490934	0.00018420867635464956	0.0002301021367737646	-0.0003845798736411795	0.00018302513249947918	0.00031319719655194885	-4.772940462261728e-05	-4.900669506895338e-05	-8.72388696283404e-05	-3.30233482764893e-05	-6.859834041506332e-06	0.00012880207779063279	-0.0001591767979075925	-9.29529187328433e-06	-3.913723950251103e-05	-3.317750211784708e-05	0.00019123074671761824	3.673465115782354e-05	0.00020882093359025797	-8.193600963928833e-05	8.673359468652459e-05	5.730145347461856e-06	0.00015536013628390498	0.00010148170661707136	9.700122035461986e-05	0.00013445916744876584	5.176280425363988e-05	7.690151625088918e-05	-8.199080981309789e-05	-5.554331456432825e-05	-4.444611964473298e-05	-0.00013007777193195966	0.0001030775890352423	2.6944429311350285e-05	-9.172859735679573e-05	-6.381144077319921e-06	-2.576811108190096e-05	-2.4585326222700497e-05	-7.792421727524224e-06	0.0	0.0	0.0	0.0	0.0	0.0	0.0	0.0	0.0	0.0	0.0	0.0	0.0	0.0	0.0	0.0	0.0	0.0	0.0	0.0	0.0	0.0	0.0	0.0	0.0	0.0	0.0	0.0	0.0	0.0	0.0	0.0	0.0	0.0	0.0	0.0	0.0	0.0
GB120	0.04676818284021082	0.0035414409349275823	-0.006436472390516569	0.0017572005923339096	-0.0018515287205754642	-0.0007588855791196909	0.0008485236288424021	-0.00036493615454278564	0.0005701741651394624	-1.567280629138012e-05	0.00042883316114810017	0.001623456546387038	0.0001408687675598864	-0.0003919417859334996	-7.975652554572846e-05	0.0001304541159935377	-0.0006194384732766761	-6.939989623142335e-05	-0.00022665836764882403	0.0005515408266000078	-0.00031305955629972544	0.0002506072452222035	-4.0527891383614084e-05	0.000401129084825594	0.00011550947221837487	-0.0012037194632990268	0.00017070768555987125	0.000730957679525365	-0.00014745616259159212	0.0009918510553273419	-0.0004577197813814999	-0.0004136754931003559	-0.0005079244221092043	0.0015412111410612877	0.0007090320420116383	-0.0006928888255443671	-2.9765268587438677e-05	0.0002574624576662295	-0.0002084896483765539	-0.00021888311858626238	0.0011108289395366665	-0.0004369725668957412	-0.0010569962160298795	-3.731945678877326e-05	-0.0001737102543292435	-0.0007128621289309444	-0.00017868597566845002	0.0003361383672102659	-0.0003408058979128051	0.0006779347147399356	-0.0005523066069921501	0.0001706235439647575	-0.0003190818878916165	0.0005552391390404064	0.00027216314272348853	-6.876748088718951e-05	0.00012293751761372257	-0.00020926898567270172	-0.0002519363871506178	-0.0004761837759587781	0.0002810836331304341	-0.0002950326797031249	0.0005149986809275204	0.00030738856403293	0.0005244583684265483	-1.8128014732908757e-06	5.124945864344704e-05	0.000783140100507091	0.00029344602124106137	-0.00044568656737510647	0.0003175802383070732	0.00024922499187583725	-4.351159301036831e-06	0.0003050788810760596	0.00020473072039847032	-2.438898377659489e-05	8.299587299286763e-05	0.00022328588526746585	-0.0003021885826047724	-0.0003123008976391157	0.00011558569570073264	-2.138664856534667e-06	2.1498238537336374e-06	9.397424022451722e-05	4.2627290677822006e-05	1.6976941525288199e-06	0.0	0.0	0.0	0.0	0.0	0.0	0.0	0.0	0.0	0.0	0.0	0.0	0.0	0.0	0.0	0.0	0.0	0.0	0.0	0.0	0.0	0.0	0.0	0.0	0.0	0.0	0.0	0.0	0.0	0.0	0.0	0.0	0.0	0.0	0.0	0.0	0.0	0.0
GB123	-0.03131906877179329	0.007914040050794104	0.010743015655131114	-0.00420364198831349	-0.0029634237526429113	0.004869645592674095	0.0008628500483030765	0.0007465254365158624	-0.003973043140461954	0.0013934357345697626	-0.000511262127856085	0.0008640172782508289	-0.0030706656241594483	-7.582268001942794e-05	-3.14510891900833e-05	-0.0002766473289331001	-0.0002829600383406886	-0.0003945909614057413	0.0001337886230892623	0.00016155188240451888	7.176860286471436e-05	-0.00032262314270376646	2.023358226296829e-05	-0.00015122760000544166	-6.220619111422347e-05	-0.0002954513868715042	-9.090535512356766e-05	0.00010355810328977146	0.0007588911588008776	9.127931289452236e-05	0.0003229878359666843	0.0004009619702610554	-0.00041444351495040314	8.471166100890043e-05	7.056007768496794e-05	-0.0001855696467211861	0.00019963798555038106	0.00041617697888471285	-0.00027046816753253293	0.0001955803314501904	-7.230050426374707e-05	0.0005102367491078363	0.000509748565147572	-0.00023548638690044278	-0.000618804754509252	-0.0002468668604255498	0.0003088122328728482	2.2097315140742548e-05	0.00011203148277578465	4.241604210190091e-05	0.0004365807542006896	0.00031943630217198484	-0.00062631128770833	1.6585934572818932e-05	0.0008914729792862343	0.0006339337215911264	-0.00022506297276695487	-0.0007735714794188462	-0.00023145648670346095	0.00023242597175265233	0.00032678976457110474	0.0009207089744501208	-0.0009069307039889018	0.0003619837500276771	0.0005969228852680976	0.0005969837251951982	0.0005666101834448905	-4.76169534125577e-05	-0.000506165596535523	-7.94830807865578e-05	5.2339911159113276e-05	-4.1349186040137383e-05	0.00020272529427939668	6.371173947508644e-05	-0.0002454215209036416	2.9613757119771143e-05	-8.31674113498931e-05	-4.920613433079411e-05	-9.380560806340464e-05	6.687739087223312e-05	0.0001083650721813351	4.8095460799813596e-05	-3.911030536407566e-05	-6.0631015979714415e-05	5.876122096244147e-05	-1.6230703433538776e-05	0.0	0.0	0.0	0.0	0.0	0.0	0.0	0.0	0.0	0.0	0.0	0.0	0.0	0.0	0.0	0.0	0.0	0.0	0.0	0.0	0.0	0.0	0.0	0.0	0.0	0.0	0.0	0.0	0.0	0.0	0.0	0.0	0.0	0.0	0.0	0.0	0.0	0.0
GB124	-0.02105109276014912	-0.0019208718168881231	0.010297569150354478	-0.003105239793831893	0.0016969622276599623	0.006070161546254794	1.566456737453179e-05	0.0014314861889715062	0.0034907024266325696	0.0026490853731605596	-0.003708672883355276	-0.0011926333490271139	-0.0016031129973842772	-0.00044096278202897856	0.0010239665008263562	-0.002268216195447858	0.00233604122156595	0.0007154537764801151	-0.0010876929839186028	0.0024560166773979126	-0.000330344567798023	-5.71103031274828e-05	0.001540757952790254	0.0003394063093601371	-0.0003673755977255568	-0.00010827317182632105	-0.00023754244890376421	-0.00030482193401813393	0.0005914575375937788	-8.214993686399989e-07	0.0004597041718063685	-0.00037123460421563674	-7.833334473891763e-05	3.5469652427618024e-06	0.00015531188560064638	-0.00014749258420354455	-0.00016538066172873305	3.980466150720594e-06	-0.0005118075311233731	0.00013375750941554883	-0.00015023255053905793	0.000482932570139041	-0.00012769858496869253	-2.653449878151589e-06	-3.690612607431736e-06	-0.0006477143028310191	-0.00043368446060254335	0.00011683530583574338	0.00017867303870624878	-0.00046594402859339684	0.0002264871243439244	-0.00010166910296830458	-0.00020310472625994838	0.0004718562501809023	0.0001934117657178727	0.0001045262560685944	9.988937966478318e-05	7.825720847307265e-05	-0.0004934521676042714	5.7850003809305685e-05	9.94602331749886e-06	0.00012899309789129041	0.0004217089831953481	1.9890794088984785e-05	-0.00011117107146135418	-0.00013425227815405016	0.00027663503927399807	-7.654525537724635e-05	3.102820913783928e-06	6.53771867362264e-05	-0.00011608879543774013	-0.00010689248138565658	8.062358111532511e-05	0.00017280197986458242	8.685452177628673e-05	-7.178516375255381e-05	6.777759676687532e-05	3.522276223260708e-05	-9.364179996655661e-05	-5.770591705130593e-06	0.00012174895203226502	0.00023082024699895212	0.00010136603410871523	3.2484817463393624e-05	-1.0230699240631385e-05	4.228410401906549e-06	0.0	0.0	0.0	0.0	0.0	0.0	0.0	0.0	0.0	0.0	0.0	0.0	0.0	0.0	0.0	0.0	0.0	0.0	0.0	0.0	0.0	0.0	0.0	0.0	0.0	0.0	0.0	0.0	0.0	0.0	0.0	0.0	0.0	0.0	0.0	0.0	0.0	0.0
GB129	-0.006911836524722926	-0.010190107260149293	0.0018989710439451565	-0.0021911497787296466	-0.003998981621359495	0.0028147736124542974	0.0012012478085622058	0.0012351829568005863	-5.3996572082253886e-05	0.0009184402951890106	0.0009554692847216095	0.000823774699828737	0.0010253656415162263	0.0007533142854826891	-0.000551936585409552	0.0008628145349662619	-6.680690778036554e-05	0.00030525097715381177	0.0004837200159972379	2.7530282049007887e-05	-0.0005120290064224106	0.00030667625894818644	-0.00040337487810943344	0.00044222238708531745	-0.00015839548920597342	-0.0007495987112531824	0.0016530479829105227	0.0008695986180748238	5.4275248690888025e-06	-0.0007301793224911257	0.000896097635670326	-0.0005400846113393618	0.00015247669869116148	-0.000952731404968184	0.00024487168572596415	-0.000592973993155998	-0.0001504748519267662	0.00035860204686398987	-0.001308633178324134	0.0012565418505125457	0.000845315560104385	0.0006254518874597562	0.0006571518051161962	0.0004706470743147066	0.0008232501847279005	0.0004328020829096252	0.0001502884790837757	-0.0005774283357669233	0.00015876396262861354	0.00015010132716396682	0.0008788889179659492	0.0002632398289284301	0.00016812770011140902	0.00048537310428552806	-0.00012338735882380693	-0.00022862589706779284	-0.0003955666265976086	0.00011468786254410225	0.0002940444268642369	-0.00019503695653361243	0.00022258112485490584	-0.00019924911039292446	9.190861695949832e-05	2.7421393603163836e-05	0.0003415847075003432	-1.5704561486517445e-05	-2.9383928219023725e-05	-4.977176756407749e-05	-0.00018139059943202512	-0.00019561969233792526	0.0003587931688467836	0.00022720390372943575	-1.2815863619937565e-05	0.0002153517736491481	-0.00033510580600118695	-0.0001133368095303779	-0.00022702255099522735	2.4533348756975577e-05	7.373392705857946e-05	-7.754401516891608e-05	7.294700856844466e-05	5.824882831981939e-05	-5.3573424367293235e-05	0.0001544216549444468	-3.9720373998086535e-05	1.3756325080486576e-05	0.0	0.0	0.0	0.0	0.0	0.0	0.0	0.0	0.0	0.0	0.0	0.0	0.0	0.0	0.0	0.0	0.0	0.0	0.0	0.0	0.0	0.0	0.0	0.0	0.0	0.0	0.0	0.0	0.0	0.0	0.0	0.0	0.0	0.0	0.0	0.0	0.0	0.0
GB131	0.014202772678703315	-0.005425341729075055	0.0004908365158749885	-0.0030381147484830353	-0.0024346016747539083	-0.00030105297599453167	-0.0024057753008506115	0.0001712036238851815	-0.001961614748475763	-3.117832853945962e-05	8.491581825676854e-06	-3.6585346439814034e-05	0.0005127943156810993	-0.00018494154559663478	-0.00032061914759963283	-0.00019029896149801176	0.0004034191604512161	-0.00017372755974717926	-0.0003976977175409698	0.0006852737224481769	-0.00029508363520608464	-0.0002467097169805684	-7.931242606669088e-05	-0.00031302386608205894	-0.00032877507906838087	-0.00043926450821567373	0.0003379810021888244	-0.00048599149271165025	-0.0008596619349373617	-0.0012255489348153446	0.00044809021086091575	-0.0003482736311835439	0.0005485212462033847	0.0005276911007730079	0.0013593608232167118	-3.748401053839065e-05	0.0010282968474956925	0.0004802438586388024	0.0002323922506926856	0.00028691844211611156	-0.00027384111198875023	-0.0006163826625384162	0.0008342425049377818	0.001129612244860023	-0.0008458443834737031	-0.0002687436139742104	-1.6148238702900174e-05	-0.00011158666121330783	-0.0002140068896829131	0.000316794078180438	-4.44499435984847e-05	-6.14947796052285e-05	-0.000612655988682164	-0.0012796118735190836	0.0002520276443019296	-0.0001774144720431765	2.3559194842681976e-05	0.000647422072650635	-3.217277979994918e-05	-0.00014020908207316426	-0.0005853822389582716	-0.00046096410757943046	-0.00024731038608046197	0.0008002729881613827	0.00045690138868766973	-0.00026231792701561805	4.564334331234802e-05	9.890914471819125e-05	9.850142071903583e-05	-9.074480574232301e-05	0.00013750519935272314	-0.0004370442185584776	0.00017925748811556993	-9.495845956175468e-05	0.0002769803260037127	6.112686110741717e-05	9.482875069344055e-06	6.547579864414041e-05	3.495368172408857e-06	0.0002534344215066776	-3.6656265824159535e-05	5.677876456491502e-06	-9.050596554067753e-06	7.751388866933659e-05	-0.0001388522884742485	-1.6885122552294584e-05	0.0	0.0	0.0	0.0	0.0	0.0	0.0	0.0	0.0	0.0	0.0	0.0	0.0	0.0	0.0	0.0	0.0	0.0	0.0	0.0	0.0	0.0	0.0	0.0	0.0	0.0	0.0	0.0	0.0	0.0	0.0	0.0	0.0	0.0	0.0	0.0	0.0	0.0
GB132	0.044188388391628766	0.002501144250060099	-0.005017828622130398	0.0024383218102230586	0.0005720475301184451	-0.0010625162153725205	0.0007709646693579536	-0.00042983051656700913	0.0020339036721016214	-0.0006184321098935441	0.00044273945947806946	0.0017408813324565732	-0.0004677540699884006	-0.001180347812162449	0.0006633538531573311	-6.220140145130121e-05	-1.9908362522284473e-05	0.0005889489216452386	0.000611382537959677	0.0003974344104557594	0.0002812860458313112	-0.0004039593326074687	-0.00030115572798628074	-5.160442232445987e-06	0.0006391795369453107	-0.00018782652026422318	-5.229100210203603e-05	-0.00018785581673570273	0.0008929369939553767	0.0003733728031971208	-0.0005785905266839458	-0.0005227317244619527	0.00040643870115300606	-0.0002406575631318512	0.00014103172577172393	0.0009022591663642249	7.63769131302862e-05	-0.0003842383755129686	-0.000328484528466224	-0.0003562654695034198	-0.00024718580226887614	0.0004915690695459913	0.000619029767705638	0.0004007676865031437	-0.00036417726934805485	0.00023634284234136155	-0.000670795098651982	-0.00045797355570326436	-0.00014674146514993922	-0.00031068638939823795	-0.00023292982228679355	0.0005937742993995708	0.00011855057480435178	-0.0003717767052595737	-0.00023073862568816577	-0.00020591017589053834	-0.0002964489105385611	0.000661310518370425	0.0005328459020256111	-0.0002985339893179691	-7.240878568689737e-05	0.00047566502589750306	0.00022300262304725276	-5.011662860765808e-05	0.00016940260145303416	-8.779911942743385e-05	0.00034660180008931705	-0.00019138759998988457	-0.00011562244014542455	0.00011988173211379797	-3.006742372732947e-05	0.0004289306795015519	-0.0002908702303988486	-0.0003222291123414095	-0.00028626249119968045	2.0657619483182283e-05	5.276482257314748e-05	0.0002466902448786781	0.0002854691603054336	7.205155450759307e-05	-8.584433767549475e-06	0.0003108376476189788	6.643711227604834e-05	0.00010724679970820804	9.881573262400781e-05	5.7424516744691014e-05	0.0	0.0	0.0	0.0	0.0	0.0	0.0	0.0	0.0	0.0	0.0	0.0	0.0	0.0	0.0	0.0	0.0	0.0	0.0	0.0	0.0	0.0	0.0	0.0	0.0	0.0	0.0	0.0	0.0	0.0	0.0	0.0	0.0	0.0	0.0	0.0	0.0	0.0
GB133	0.0162528863107081	-0.005490361992310218	0.0016454862797455226	-0.0012194926273035474	0.0018476561344631132	-0.00026490594364574126	-0.002357886498329309	-0.00031842549304254977	-0.00039458250563694294	-0.0012247237765829612	0.00015495958716545995	-0.0008463552131448393	-0.000457958234422409	-0.0006597478077138173	0.00028641510436700277	-0.0006207122286538142	0.0003449380444274622	-0.00013145772050724376	0.001014915838823932	-0.00023487954660305875	0.00024574023254777145	-0.0005703227028258756	0.0005335354980351553	-7.426201340189227e-05	0.0004809177434093851	-7.176123846100415e-05	-0.0011809521045011298	0.001962495614621257	8.881131578784646e-05	-0.0011141574875160574	-0.0007175689493047415	-0.0003972537698984097	-0.0003235271237962158	-4.054830863366071e-05	-0.00034153831496914523	0.00044982184360079533	4.439546587644823e-06	-0.000784166265568575	-0.00011172218147819087	-0.00028967063480741454	0.0006479046021688072	0.000897322592278263	0.00017441532329533235	-0.0007274880818887361	-0.00046616262754173364	-5.595585400743623e-05	9.14583997988953e-05	-0.0002622250025769946	-0.0006287986226681434	2.3536040408588876e-06	-7.341794963123799e-05	0.00026505953639158067	1.2317681171535882e-05	0.0004385578517057514	-0.0005084393263626032	-0.0006435190550358963	0.0003214682487152764	6.797103887708416e-05	-0.00022437102226245242	0.00021418903170610494	0.0004920106798306022	2.7114973188990167e-05	-0.0004491606537959929	6.383853412618887e-05	0.00017015890119317266	-9.122026108432434e-05	-0.0005060169859213814	-0.00017794384531195012	-0.00017340953875408726	0.00012465207335575533	-7.453324301787672e-05	-0.0003325224518970266	-0.0004367570504856478	0.0006297574637955147	3.143326582716016e-05	-0.00017889545097376169	0.00018260005523313772	-8.62395258758503e-06	0.00024144725295562188	4.907313556730041e-07	-9.20319928586482e-05	-3.1336788617276075e-05	-0.00016632546489731852	0.00021498209190738303	-0.00011110692490621194	-2.9528073279704257e-05	0.0	0.0	0.0	0.0	0.0	0.0	0.0	0.0	0.0	0.0	0.0	0.0	0.0	0.0	0.0	0.0	0.0	0.0	0.0	0.0	0.0	0.0	0.0	0.0	0.0	0.0	0.0	0.0	0.0	0.0	0.0	0.0	0.0	0.0	0.0	0.0	0.0	0.0
GB134	-0.06108864115490298	0.019922779853545337	0.011129208305334043	0.00598786405268998	-0.005402230320506712	-0.003927107162276922	0.004215852573167369	-0.005964614703953079	-0.00025635985709453706	0.0007866969822920466	-0.0007301055754961109	0.0009118960689000674	0.0011384930567648341	0.003374721328511641	0.004080807290440695	0.003295610805295656	-0.0007567679471925458	0.00025424864258500067	-0.0002854630842626286	0.0001614759809455695	0.0006470290272094884	-0.00039094694120716107	-8.994189051048608e-05	-0.0001959758858262673	-0.0010205638994536673	-0.0002529373291297628	-5.4827072816471544e-05	-0.0002540942808357178	-7.231976649017555e-05	-0.0002475019621916886	-0.000191741545839615	5.1062814296419275e-05	-0.00020746809477120926	-3.8371546893317046e-05	0.00011623664552485529	0.00018341081156796104	-7.853455182575396e-05	0.0001986006879550913	-0.00038126887155037536	1.5834987007524862e-05	-0.00042276110076399064	0.0002448839823202032	7.57896709814022e-05	-2.214504859772896e-05	-9.458806213706396e-05	-6.111330849108765e-05	0.00010172721026219039	6.923039353951042e-06	0.00026473477115868463	0.00024097869124695682	-0.0002044974153792689	0.00015547668979798974	-5.193392025573732e-07	-1.7228032399281715e-05	-9.971234384840912e-05	0.00020012272322752502	5.6022993481830765e-05	4.3404938549133566e-05	6.177241307858664e-05	-1.3988772032076276e-05	5.7762165960782294e-05	8.012630565717002e-06	-7.461684091597583e-05	8.280159380343767e-06	-8.492461210589917e-05	1.4612531014558674e-05	-5.1384334646706486e-05	1.1265998970497892e-05	1.395887735172762e-05	0.00010635799547800808	0.0001034439439866331	3.4266731439527083e-05	2.144148224163132e-05	-4.757798602362475e-05	-6.911391555771988e-05	-6.241304568073907e-05	9.843037557190048e-06	-8.019265047036829e-05	-5.48714042120943e-05	4.388174379470677e-05	-1.700392080744186e-05	3.4052493600812295e-05	2.2390934285410803e-05	-3.850432489711154e-06	-2.6204914336927388e-05	2.435964199305029e-06	0.0	0.0	0.0	0.0	0.0	0.0	0.0	0.0	0.0	0.0	0.0	0.0	0.0	0.0	0.0	0.0	0.0	0.0	0.0	0.0	0.0	0.0	0.0	0.0	0.0	0.0	0.0	0.0	0.0	0.0	0.0	0.0	0.0	0.0	0.0	0.0	0.0	0.0
GB135	0.023001571061384632	-0.008730482102693048	0.009991967542478788	-0.012119228383823073	0.000676840819126075	-0.003799945104691428	-0.010483719788201302	-0.004689288840418584	-0.0004830414462402094	-0.008552141240589886	-0.006572141156661414	0.00585302549601874	0.0002431752404919169	0.003946864962394042	-0.002938535446080895	-4.988367282637229e-05	-0.0015249014644265352	-0.0003914763455634802	0.0005758914408543985	6.450506701787887e-05	-0.0006728028508130564	-0.0005648574020913829	0.0003384096258055673	-0.0006286415403417174	-0.0006477890438347368	-0.0004971113780212505	-0.0002020830281708588	-6.238696484527617e-05	-0.00011831626039716863	3.2356035001949655e-05	-0.00011685350587673773	0.0003777102720349298	3.956220730688104e-05	-6.039632978065113e-05	-0.00033444568248024316	1.3482193439724277e-05	6.163517392917097e-05	6.113009684282311e-05	-0.000282692559316611	-0.00019588370618205104	-0.0002984802493851293	1.677140367332333e-07	7.745297816402282e-05	-4.488835009680483e-05	-0.0001430178921222845	-3.370699657628065e-05	-7.551942304690701e-05	6.957430365092188e-05	0.00012000908193516863	5.558564407783798e-05	-0.0001991783952313995	-5.1500560053524815e-05	-0.00017087712520328518	-3.346199581928849e-05	4.691200226080268e-05	5.4300457211155436e-05	-4.7997961113523655e-05	2.3720991734993203e-05	-9.835218326219913e-05	2.3132669632629013e-06	4.545009038209835e-05	-8.529444456324178e-05	-6.378499901729249e-05	-0.00011009005430635013	-8.756468670944535e-05	-6.295450523207479e-07	1.7168265191411788e-05	-2.635865912651835e-05	7.279110593828751e-05	3.423981091031631e-05	-1.4075012907615871e-06	2.6878676452775507e-05	-4.978674465168824e-05	7.118755918898052e-05	-7.102020638808407e-05	1.5543922497448308e-06	6.529090152788793e-06	-7.61887553835417e-05	4.462414054039868e-05	-2.7398731205129188e-05	-9.105358360531115e-06	0.00010261871863076569	7.290270004072636e-05	-4.8643276875830665e-06	-3.944590797468879e-05	2.2437160013802846e-05	0.0	0.0	0.0	0.0	0.0	0.0	0.0	0.0	0.0	0.0	0.0	0.0	0.0	0.0	0.0	0.0	0.0	0.0	0.0	0.0	0.0	0.0	0.0	0.0	0.0	0.0	0.0	0.0	0.0	0.0	0.0	0.0	0.0	0.0	0.0	0.0	0.0	0.0
GB136	0.07195451411811478	0.00802519433591833	-0.010803928785393609	0.010021084247314661	0.007212086135843607	0.008082464904798409	-0.0028450908977510686	0.001422677544894765	-0.0007415048631038068	-0.0006265303525366191	0.001269007413014396	-0.004135399617306388	-0.0011349689537926602	0.001801761262671357	0.0021466497052088826	0.0002210924225522743	-0.00021592292077439188	0.00021786276223192	0.0003275244082375351	0.00041966459035704655	-0.0007039988388134103	-0.00010789188431110798	-0.0010155027218509557	0.0001706128036486284	0.00015921369498677135	-0.00017153702751358563	-0.00030156303259202817	-1.5483244561269105e-05	-2.420355497536923e-05	0.0002744019822903618	-7.689629438255423e-05	-4.505915656514243e-05	0.00023667731195832627	-3.888426265552532e-05	-0.00015879058439169036	-0.00031263081756195725	0.0005726601592853769	-7.864397728505445e-05	0.00018563415176187835	-5.098048556302345e-05	0.00010070884448009212	4.161320436533607e-05	6.0266735317436814e-06	4.4117808349220146e-05	-0.00022165693548230073	0.00019634126509927377	-0.000222350331917899	-9.755045122499156e-05	-7.882823926741016e-05	0.00012990093446140367	0.0002256685334863535	-0.00012762280861623596	-4.7710756651415564e-05	0.00012949848966649322	-4.205951337755963e-06	-0.00010530263013132172	-0.00013169805342145568	-7.678125133676108e-05	-3.998827089747813e-06	-6.587644483740897e-06	4.634992280529273e-05	-2.4404054160106974e-05	7.301413503605011e-05	-0.000198905878432744	-2.6756304344566265e-05	-7.211116710935519e-05	-0.00021254633067884602	-0.00016621295117142035	-0.0002010237580107639	-0.00011749007382577889	0.00016197031495829327	-0.00014028841834731845	3.3982871500562174e-05	-3.4839964848335847e-05	-7.831787575627445e-05	0.00010072254368502968	-8.592449769312722e-05	0.00020388345756706494	-3.7351101363446494e-05	0.00014460270743110043	8.131872432205155e-05	5.794193587254644e-05	4.7723016898199356e-05	-5.546189884691151e-05	-1.1150683623292525e-05	3.2058376461138334e-06	0.0	0.0	0.0	0.0	0.0	0.0	0.0	0.0	0.0	0.0	0.0	0.0	0.0	0.0	0.0	0.0	0.0	0.0	0.0	0.0	0.0	0.0	0.0	0.0	0.0	0.0	0.0	0.0	0.0	0.0	0.0	0.0	0.0	0.0	0.0	0.0	0.0	0.0
GB139	0.024901399919420544	-0.003382163909933155	0.00048702503774117215	-0.0009189044440657428	0.0023745304997859766	-0.001604847776058933	-0.0009774220534050544	-0.0016024358542646767	0.0004558246879935708	-0.0017538918216770962	1.7067217067884315e-06	-0.001771457422144708	-0.0015570467052894704	-0.0008415034260433531	0.00010940734474843884	0.0004549493570349763	0.000577105067401465	0.00020279478999353124	0.0006895951149835509	-0.0009409145310208774	0.00024125299640587083	0.0005433121092788557	0.0004513384773420888	0.0001160695381483665	0.00041552102421558567	-0.0001688743230126809	-0.00024106510192247854	-0.0003493844075222959	-0.00012882462090787005	-2.5868691647094697e-05	-0.00010184733541977666	6.260355256705275e-05	8.137260457723527e-05	-0.00018774164481603252	0.00021176559309414917	2.9668261215351898e-05	-0.00026511165641894205	-0.00022423233574504515	-4.93834309365972e-05	-0.00014433264392884482	0.00026647229798161656	0.00010266908191206763	-0.00011879929141826765	-2.9639618002586296e-05	5.0410785314463686e-05	-0.0003529301048953522	7.298777125572806e-06	-3.587525808450524e-05	-1.996246002522201e-06	-1.3710557169755726e-05	0.00015050491129415757	0.0001797144568406767	0.00018759398165153873	-0.00010288359561753214	0.0001496462663170592	-0.0002763568682360653	-5.591657296277759e-05	-3.025247748496103e-05	0.0005557320924233382	1.6726029087011126e-05	0.0001591564746019284	-0.0003299028104845545	8.688814170269786e-05	-1.607373573363343e-05	0.00016653324601981678	5.392369158903813e-05	0.00047871181504419657	-0.00010611632793390857	-8.622682766867013e-05	-4.0866792608662044e-05	2.758427788828372e-05	5.0935351005336565e-06	0.0002757565818295075	-0.000138107949639083	0.0002061328900438954	0.00039266609966078197	4.179309090043969e-05	-0.00014632804458695719	-0.0001663542540473303	0.0002694932061119435	0.00019981960705146078	-0.00016833710990323477	0.0005075651942727396	0.00021975252961752364	-0.00011572872837651482	9.636617070191025e-06	0.0	0.0	0.0	0.0	0.0	0.0	0.0	0.0	0.0	0.0	0.0	0.0	0.0	0.0	0.0	0.0	0.0	0.0	0.0	0.0	0.0	0.0	0.0	0.0	0.0	0.0	0.0	0.0	0.0	0.0	0.0	0.0	0.0	0.0	0.0	0.0	0.0	0.0
GB140	-0.002564932945765335	-0.0093510808854066	0.0017377987715160997	-0.0031348623385956884	-0.004359289195943406	0.0024299933130254763	0.0005107020711579399	0.001602118037929015	-0.0006607437872722581	0.0009965783980261345	0.0007329905156263674	0.001029865357164974	0.0015229457419619634	0.0014071251694523807	-0.00010627993791439272	0.000788581179501765	0.0012299224743755762	0.00027920583930463977	0.0007430245818768846	-0.0005711939041619989	6.134390604542915e-05	0.00031465687662291463	-0.000545763089142505	7.35971993538486e-05	-0.00012034216831031261	0.0006135194609624358	-0.0012903484171749768	-0.001170631260788182	0.0008193266440079661	0.0012461405345028634	-0.0003420578865027965	0.0006529192474699892	-0.0005859800577837739	0.0007552839292389715	-9.074723054424121e-06	-0.0001369940165834841	-0.0007028766910366542	3.280446609650089e-05	0.0009726400657892857	-0.00018857110407746977	-0.00026375412688997514	-0.0002586082324394729	-0.0003312238121330671	-0.00011155620840904644	-0.0005575137555004691	-0.0008575027241489656	-0.0002772320464709443	-0.000380183336067143	-0.00018297431194554627	-0.0005300203277222389	-0.0002406898116498127	-0.00020511247298848803	0.00016915941017898152	-0.00042233791115262856	-0.0005563516075292584	-0.0001880816044523304	0.00030703393525448737	1.5302442265073475e-05	-0.00038834057645409484	-0.00012978383626708888	-0.0003418887037753875	0.00032284119626441274	-0.00035008158713503197	-0.00011225449425460012	0.0003351538107089407	9.070307090937569e-05	-0.0003795089380082681	-0.00024219490894575877	-0.0003934206516298232	3.080747064728451e-05	0.00020685011338989265	-0.000272058960517431	-0.0001117259554998835	0.0002667109166135188	-0.00019366140848416444	-4.5413621600597255e-05	-0.00016203222176752375	2.9015602484005955e-05	-3.1838302117295966e-05	-3.290727888973562e-06	0.00026223959036026083	-0.00011680886750055205	-0.00011423074723087513	0.00020992558779666173	7.818568805608551e-06	1.7524163983795154e-05	0.0	0.0	0.0	0.0	0.0	0.0	0.0	0.0	0.0	0.0	0.0	0.0	0.0	0.0	0.0	0.0	0.0	0.0	0.0	0.0	0.0	0.0	0.0	0.0	0.0	0.0	0.0	0.0	0.0	0.0	0.0	0.0	0.0	0.0	0.0	0.0	0.0	0.0
GB141	0.04805903342557776	0.0024160128029168666	-0.0020252120581749984	0.00551226822913827	0.009339889709694616	-0.00378400501458719	0.003389091207405257	0.004308809930420516	-0.0042021218822153004	0.003725812420995293	0.0005235516779802027	-0.00013954948941729113	0.002642141191889135	-0.0003705609795451949	-0.0033135955289656694	-0.0011661943565886112	-0.002259584491094227	0.0022173019357407055	0.000970623490372801	-0.0008546447813071676	0.0009527323241109694	-0.0008023237067365229	0.0008174420391087062	0.0007060656392145278	-0.000328267332137042	-0.00027679822152980755	-0.0001585118903359145	-0.0006261569699759395	-0.00013332888979963943	-0.000383307771007783	-8.742824294848702e-05	0.0001294384277753513	-0.00012352676204320314	-0.0001297808869978916	-9.261506489942865e-06	-0.0001727754053981504	-0.00016170968721019758	5.2237954504790347e-05	-0.00026744076262063984	-0.0005535148723597302	-0.0005251095386163903	0.00016186429818846815	0.000231729749743672	-7.819041945639382e-05	-0.00026245188321756286	-0.00022143222518458555	-0.00011580296888314173	0.00011299001621898477	3.603517209083266e-05	8.41452781727071e-05	-7.334869896716624e-05	0.0003243833751284366	-0.00012120404381413	0.00011631021484815117	1.0773056277854401e-05	7.985538114295881e-05	-4.275315040172728e-05	0.0001480418546740185	9.162823285292251e-06	-0.00031130667227684765	0.00011628721108076073	-0.00011001826361035947	1.0347302211865157e-05	4.828861028797305e-05	7.240656396586825e-05	-2.2134101128827014e-05	3.517523191052062e-05	-2.0475366165232697e-05	0.00020300358525252485	8.676500984283179e-05	-5.081807691096601e-05	3.450363507738512e-05	-1.0669732304753704e-05	0.00015140164034459948	3.620773488693918e-05	-2.8502607533835217e-05	9.73300346523402e-05	-0.00016053608186996564	-1.4172357550527559e-05	-5.303497563436372e-05	2.2121359403949897e-05	0.00013042059492616632	-5.4822590786680886e-05	-4.966904125266828e-05	-6.128319241046572e-05	1.0300137777879845e-05	0.0	0.0	0.0	0.0	0.0	0.0	0.0	0.0	0.0	0.0	0.0	0.0	0.0	0.0	0.0	0.0	0.0	0.0	0.0	0.0	0.0	0.0	0.0	0.0	0.0	0.0	0.0	0.0	0.0	0.0	0.0	0.0	0.0	0.0	0.0	0.0	0.0	0.0
GB142	-0.03922395849033655	0.008340964517680308	0.011422956243622977	-0.002060408029045028	-0.0037944467850782805	0.003973840040772635	0.00025571051360214066	-0.0007995912178084372	-0.005192532124856819	0.000880061893447264	-0.0010572491538165653	0.000887782641888349	-0.0005440159427998714	-0.0009952884028060045	0.0005900353785522639	-8.64342254290167e-05	-0.00014515680539306153	-0.000740102614238855	0.0015290230405491689	3.386627743625483e-05	-0.000572750557330585	0.0008812495931763374	-0.0008523519511051807	3.1306314558329404e-05	-0.0003546549009459897	0.00020665806634176352	0.0007412344077605278	-0.0005672805117334811	-0.0006827312730953774	-0.00011616516806656351	-0.0003472010069300233	-0.0003491627752455848	-4.173743856816421e-05	-3.893017436220041e-05	0.00021660226665241592	-0.0003267519467092695	-0.0001891217079445652	-0.00042284820714964274	0.0008805751777688894	-7.104364941332015e-05	0.00046658219785083543	-0.00023312769110489764	-0.0005443321414207287	2.7712008358277566e-05	0.00026346336895656145	0.00042502599341987814	2.6559237102308115e-05	-0.00010390767362193363	-0.00022039163364997888	-0.00011207562682595604	0.0004526641946775744	-0.00043713155667096497	0.00012317126052365857	0.00012338524902649344	-0.0001766805550532398	-4.257040465962207e-05	8.936897880158865e-05	5.0452309376801606e-05	-0.00038103319118161575	0.0003890393369525876	-0.00010766415234681797	0.00020786763582011824	0.00024677991601919954	-0.0003036355724013428	-0.0002259171923806191	-0.0001343579393595476	0.00019236612315778453	0.00018948261635059292	0.00034035751090686256	0.0003122379704365337	-0.0001006446265923677	-4.97641589905143e-05	-1.654723689757326e-05	-0.0003318449104101177	0.00020903558231015774	0.00010654387778868672	0.00023714923648283494	0.00028608940467755585	0.00024360352413696932	-0.0003177139287527127	-0.0002158646046293237	0.000249403064828086	9.708890318291048e-05	0.00015453253232390257	-6.083471526338631e-05	-8.353369984899493e-06	0.0	0.0	0.0	0.0	0.0	0.0	0.0	0.0	0.0	0.0	0.0	0.0	0.0	0.0	0.0	0.0	0.0	0.0	0.0	0.0	0.0	0.0	0.0	0.0	0.0	0.0	0.0	0.0	0.0	0.0	0.0	0.0	0.0	0.0	0.0	0.0	0.0	0.0
GB145	0.021869710436318038	-0.003350227500768074	-0.0008958129783745123	-0.003176818152020499	-0.0030610544396632426	-0.001744465010670998	-0.001079980333016209	-9.703283479112993e-05	-0.0030569716067419665	0.0005050251102957173	-0.00023147037883407547	-0.0007199537368506739	-0.0006167593140541574	0.0006220216804711207	-0.00012837964466421882	2.2958366067724957e-05	0.0003376031304196053	-0.0002238050756373293	0.00028517112256236913	-0.0006154430239082093	4.9120165173082396e-05	-9.920072275793147e-05	0.0001400328651905831	-7.769371877677643e-06	4.553844129394153e-05	-3.978519613492672e-05	0.0004987149961720773	-0.00019549388736409898	-0.00017221281936389022	-0.00019339822044397398	0.0003560071693611098	0.00023160526635663417	0.00042759784900288687	0.00018800067630915922	0.00018922340326055478	1.8897070204668558e-05	4.0950613895346456e-05	0.00017138809054945887	0.0006461619374677349	0.00022797513788838788	-0.0003818973867411169	0.0004356149338673119	-0.0006255712360478718	0.00017156037759221	8.635748468322082e-05	3.6417646829655634e-05	7.716930358430089e-05	-0.0002160713686665329	-0.0006892203653235516	2.2693446540807455e-05	-0.0001030275075285341	0.0007527654184717751	0.0003704675273836071	-0.00020671525778708525	-0.000612349012915172	-0.0007339935839549906	0.0004393860909530778	0.0001182894899039944	-0.0006529561111167792	-7.222209320612747e-05	0.0009942055350532792	-0.00019254001003301286	-0.0001222412633991525	0.0004369365350865027	0.00010109891869329154	-0.00011240288770682353	0.00019024793336161133	-0.00021674526302965428	-0.0005510557766004685	-0.00024775838098151906	-5.938389958220653e-06	-0.0003707896481754764	-0.00011472126435153597	6.807324870934886e-05	-0.00016825082719600155	0.0001862735572359023	-6.092226897795527e-05	0.0002012783190328883	-0.00014834788229155262	-0.00024189383153048192	-0.0005363416650685756	0.00015374873504329415	0.0002486394940140436	-0.0002463535790517607	0.00021187662778824324	1.0228619310582292e-05	0.0	0.0	0.0	0.0	0.0	0.0	0.0	0.0	0.0	0.0	0.0	0.0	0.0	0.0	0.0	0.0	0.0	0.0	0.0	0.0	0.0	0.0	0.0	0.0	0.0	0.0	0.0	0.0	0.0	0.0	0.0	0.0	0.0	0.0	0.0	0.0	0.0	0.0
GB148	0.01562809204025139	-0.004964674624295463	1.8267326994713638e-05	-0.003300201650749916	-0.0030225599498913897	-0.0006146405168954993	-0.0020210868644656363	0.00048513272088879954	-0.0028890483100629553	0.00039264503100479363	-0.00029101011717652805	1.8744660297052053e-05	0.0003135846887295906	0.0006715426091407923	-9.512168340285845e-05	-0.00043536892116787635	0.0004875752605215563	-0.00016245022356799565	0.0006751413538906561	-7.011630520820527e-05	0.00024218507317661913	-2.1879685257830672e-05	-0.0003643128596426752	0.0003559930579328576	-0.0004112851530265183	0.001000158317445381	-0.0008602056638516813	0.000722872025142256	0.00014849560671173462	5.471304453445403e-05	-0.00043149325796822883	-0.00017898771743311785	-0.00014660294372788725	-0.0004721342165979777	0.00022060394530651968	0.00040354022994573875	-0.00034025127210946486	-0.0005319073243199212	-0.00044429789634652507	-0.00011539849898674562	0.0007862564308864994	4.27044501748148e-06	-6.50752917053342e-05	0.00013644135964522224	-0.00018040199321896582	0.0003530083456936964	-0.0007958614078808199	-3.913201376364944e-06	0.00013670888908129674	0.00032438939859628425	-0.00029103385407256934	-0.0011131687990914394	-0.0005439466163721879	0.0006553043079252633	-0.0004305004784211924	0.000993649316286386	0.00033147213768232385	-0.0001579000265315524	0.0005178542045948473	-0.00016759407433144743	-0.0004642678308785645	4.042937642730683e-05	0.00018195022675072427	-0.0003103568248953202	0.0006163513010304865	0.0003206722906311942	-6.701543117172903e-05	-0.0004008849748021906	-8.570392160553547e-06	9.150548050442928e-05	-2.6429126630464558e-05	0.00033329945270593167	0.00040263011574731317	-0.00018024549634014793	-5.841339082676594e-05	0.00029085001305675473	-0.00016300023429999743	-0.0004193137821863091	-0.00019968610862260077	-0.0003121813313337818	-0.00022904215755529213	-5.690791454280413e-05	8.997055893008743e-05	-0.0001283363339846927	5.971293166985674e-06	-8.17280358646291e-06	0.0	0.0	0.0	0.0	0.0	0.0	0.0	0.0	0.0	0.0	0.0	0.0	0.0	0.0	0.0	0.0	0.0	0.0	0.0	0.0	0.0	0.0	0.0	0.0	0.0	0.0	0.0	0.0	0.0	0.0	0.0	0.0	0.0	0.0	0.0	0.0	0.0	0.0
GB153	-0.03887082828289866	-0.005245579279577897	0.008204574556138816	0.0019333884517394428	0.0007611680599718508	0.004027484784827489	0.0002823787849092328	-0.0005343961444645325	0.003933954335328296	0.0030461022015583605	-0.0066075479334625755	-0.0013624571445791	0.00020984607810607672	-0.0009356648656427745	-0.0009249925139188954	0.0004469361906388693	0.00013275512800281874	0.000572376569087733	0.0019888157195554344	-0.0002859707146159216	6.966991816178361e-05	0.0007391308676052444	-0.0005007243653750513	0.00019298362795933292	0.00038823561509144253	-0.00030263585384265727	0.000841368970411404	0.0004877842081067467	-0.00041022968676269735	0.00024254270609422657	-0.0006632849110397504	1.2002387751557741e-05	-0.0001796905824041126	0.0005544712708899177	0.0005418419954871167	-0.00017557402198456427	0.0001733577472054321	-0.00012161948118408203	0.000825321657118898	0.00044018554745508615	0.00033778881416455804	-0.00023148306914767003	0.000216775137170789	-5.9081739138852214e-05	0.00012301734287853847	0.0008638964985476415	0.0003771151493596198	-0.0002986210925331374	1.5165416617542842e-05	9.824732669104872e-05	0.00012912171980082498	-0.0002566901144539549	-5.819604632029478e-05	-0.0003368954453531287	-0.0002042811101246513	0.00014459594637740956	-0.00022934080913576406	-4.8778172374216266e-05	0.00012763536320534207	-1.9430568855840422e-05	-5.068827417477798e-05	0.0002988149197737031	-0.0003863680293009573	-0.00011488217955038614	-0.0001334245188633831	0.00020032938051824342	-0.0005269749330665695	8.193370057367821e-05	-1.4033363126054043e-05	0.0001393098073360427	0.00016126874244412704	-5.8291430964465843e-05	-0.00016490383725080456	-8.972594622481542e-05	-2.5215235338072877e-05	-0.00020890216671055808	5.1958921708683965e-05	7.688086625420236e-05	1.920455078711105e-05	7.739703571049485e-05	-3.743803416344243e-05	-0.0002056099190667455	-9.277834484478168e-05	-9.543553272189294e-05	2.5686060945586235e-05	3.955951694827349e-05	0.0	0.0	0.0	0.0	0.0	0.0	0.0	0.0	0.0	0.0	0.0	0.0	0.0	0.0	0.0	0.0	0.0	0.0	0.0	0.0	0.0	0.0	0.0	0.0	0.0	0.0	0.0	0.0	0.0	0.0	0.0	0.0	0.0	0.0	0.0	0.0	0.0	0.0
GB154	0.02437643782219196	-0.002675815822105343	-0.001402278982341612	-0.003032546478822491	-0.0031004496247262706	-0.0022221410060812765	-0.0004945640184784556	-0.0003410746193436721	-0.002903991661466634	0.00046963179138481383	-0.00022246131950227443	-0.0006137677285933871	-0.0008365624292355135	0.0009403046598454095	-1.97134131102067e-05	0.00044187720050083314	0.0002458414221123794	-0.0006298090326270123	0.00045822628748022805	-0.000577866754614701	0.00017623656123745234	-0.0001367980192519501	0.00018642952606008647	0.00018672181679322517	-0.00023878552099440873	-9.871649049354024e-05	-0.00054674600210174	2.209627156620217e-05	0.0001483006340089025	0.0005625915687747209	0.00024699775229204885	-6.0445559111402814e-05	0.00039320886165445664	1.031242406774399e-05	3.516629303594904e-05	0.00015253577158282007	0.00047254949504371626	-0.00018377251328107976	-6.47141738342008e-05	0.00026596119295249355	-0.0008083956142859652	0.00012607856583326678	-0.0004028006566352448	-8.385765483015396e-05	0.00037859218217546294	-0.00010364411860118116	-0.00025990736807387046	-0.00020340591230321218	1.3416003282677316e-06	0.00043035193418241414	0.0007584977016106009	-0.00036990743158417605	-0.00027970308383213965	0.0001744463712122727	-3.0366837631710226e-05	0.0006380404746114854	-0.0004895531305757934	-0.00020267111460759606	0.00028319439615178245	-9.126624547019604e-05	-0.0003807583128095204	-7.893440122604273e-05	0.00026401022374763887	-0.00018142595868622224	0.00036093990406701993	-0.0001888491446751386	-0.00010079467548943737	0.00014133650919081082	0.0001738465653704062	0.00017177235282428785	-3.2022205115463805e-05	0.0003373454308939578	-0.0003538971255963941	0.0006743052019582821	0.0005297868895491739	-0.0002463379084638859	0.0002547049131715392	0.00045156921068541283	0.000543616222242728	0.0004681016604383134	-2.2443914429605907e-05	8.973308771401092e-05	-0.00011067143778371645	0.0001888399645524113	7.635785477543477e-05	-3.233797174814298e-05	0.0	0.0	0.0	0.0	0.0	0.0	0.0	0.0	0.0	0.0	0.0	0.0	0.0	0.0	0.0	0.0	0.0	0.0	0.0	0.0	0.0	0.0	0.0	0.0	0.0	0.0	0.0	0.0	0.0	0.0	0.0	0.0	0.0	0.0	0.0	0.0	0.0	0.0
GB156	-0.010372296346118123	-0.011785203258305519	0.004547812797536111	9.13615256482354e-05	0.0028170631174107355	0.0034612681406845556	0.002101288514675878	0.001674553856464781	0.0018635972015072374	-0.0006203743976524055	0.0013504845159783233	0.00033862122454426024	-0.0008354153786473466	0.000566898073734002	0.00035234818081309187	0.00011589428532563649	0.0005277630126655157	-1.466385921530147e-05	0.00045989980342738164	-0.0006458581381065719	-0.00022478643274079224	-6.73629116421371e-05	0.0003868300570161876	0.00028738671108804943	5.347100244905258e-05	-0.0004531302893581256	1.0531180286675238e-05	-5.2890519773357245e-05	-0.0009920901462172498	6.965716241352784e-05	6.371360918979083e-05	-0.00039510195323605245	0.0003011443377849971	-0.00043794073227283563	-0.00011681725175516813	0.0003840425913865458	-0.0002320144100452571	-0.0004383807314128119	-7.085802667178076e-06	0.0001651283651837067	-0.00035680331303950414	-0.00037377929545498743	-0.00012136061661624585	0.0002373628321934918	-5.590614571518635e-06	0.0003142611024941977	-8.85843161998272e-05	8.691649214061613e-05	-0.0003359442772703651	0.0005063455276016292	-0.00045949138497291154	0.00011769278732707625	0.0005698263794016134	-0.0005230647428224672	-7.91432786549296e-05	0.0002350218869691621	7.452069514672782e-05	-0.00027601192957691387	-0.00031328161401226274	0.0008065970970858184	-0.00014682932261778322	-7.240052628546127e-05	0.0002730490731496729	-0.0002903944816091682	3.652675073854085e-05	0.00024214626636794704	-0.00030082429268793876	0.0003057614562420931	-0.0006003275690268994	-0.00043874348282246415	-0.00018679060717944327	0.00044161345083887344	0.0002566838411808104	0.00020014622673336768	-0.00032986573111797957	-8.290777198430253e-05	0.0006147845571346103	-0.00039866253214765747	-0.000440872178453013	0.00026755699889098914	3.322902983627586e-05	0.00033164034486785017	-9.095802556077076e-05	0.00010942551547793885	6.386614638206122e-06	2.8789058338581126e-05	0.0	0.0	0.0	0.0	0.0	0.0	0.0	0.0	0.0	0.0	0.0	0.0	0.0	0.0	0.0	0.0	0.0	0.0	0.0	0.0	0.0	0.0	0.0	0.0	0.0	0.0	0.0	0.0	0.0	0.0	0.0	0.0	0.0	0.0	0.0	0.0	0.0	0.0
GB158	0.03184992763413679	0.0051233156759990205	-0.0010420885369486887	-0.0017516405099694428	0.001504515569416534	-0.0022816904965778633	0.0004131707081639926	-0.001053323680966679	0.0034129160124775643	0.0017726154172591326	-0.002105349144855615	-0.0014076632310158724	-0.00024845652337458177	-0.00045632883894165214	0.0009315687311174925	-0.0003378266125780681	-0.001370895002322864	-0.0015994038258585002	-0.0001206779754438162	-0.0008020343889318699	0.00039376857274151206	0.0005918883490937202	-0.0007943885010055305	9.710531139845732e-06	-0.00024402699729459245	-0.0009520372933396103	-0.0007319671114952098	0.00015371220545094466	0.0003319201697111396	-4.688752545250985e-05	0.0004937479137718315	-4.581792089311215e-05	0.001296313423857466	0.0009492879396484972	-0.0005881395168865012	0.00022338660695105	0.0001075626398456431	-0.00019504807959240146	-0.0005417074610973049	0.0003159428761076254	-0.0005394281686380427	0.0005092256172001616	0.0002875025163099358	-0.00024818226109108604	-0.00020518406074533521	-1.82751707831711e-05	-0.00024375225591578647	9.829496205796287e-05	0.0003195021013171962	-0.00022048429227859758	-0.000274883076760311	-3.524215949229702e-05	0.0003241891349054477	-8.304684659833162e-05	0.0004294850114098757	-0.0003872361513835875	0.00017647667833986297	0.00022978080709328672	-0.0003041456775756901	0.0002535040239845333	0.0002462063580887625	0.00016739079593067066	0.0001546666293747369	-7.365448271732768e-05	0.0004067341886743772	-0.0002781320668469196	0.00023008529108532486	-2.0637952194549963e-05	-1.462612521904052e-05	0.0002724126506491565	-0.00031939879440876027	0.00013966449947349122	-0.00018871418093211452	-5.015567012333503e-05	0.00036369332860192334	0.00021320644891428692	2.8942317694558552e-05	-4.404171669623822e-05	-0.0001114670954883831	-0.00015901146408084385	2.2530091210105508e-05	-0.0001422751871894912	-5.3203847657257766e-05	0.0001275733719228609	1.76439088399139e-05	2.6161784800168356e-05	0.0	0.0	0.0	0.0	0.0	0.0	0.0	0.0	0.0	0.0	0.0	0.0	0.0	0.0	0.0	0.0	0.0	0.0	0.0	0.0	0.0	0.0	0.0	0.0	0.0	0.0	0.0	0.0	0.0	0.0	0.0	0.0	0.0	0.0	0.0	0.0	0.0	0.0
GB160	0.0246644713611531	-0.0027738677623315913	-0.0010942398951312195	-0.0027146407190329065	-0.0024945739409072474	-0.002095593338799604	-0.0006038935506808034	-0.0008130874984089888	-0.001884250715778463	0.0004011426242211104	0.00014222639478660357	-0.0006381091684973891	-0.000553659958929947	0.000142869055143637	6.07942576986067e-05	0.00042169455854174434	9.105164174097299e-05	-0.0002383728968456416	-0.00021147052897099944	-5.4372557240951794e-05	-0.00030963136293497373	0.00046602320067950836	-9.078159744147796e-05	-3.084924655254892e-05	-0.00021095567283900698	-8.527038475481347e-05	-0.00015656496469820377	-0.00029215377680276655	-0.0004396791829316049	-0.000155863434699182	0.00024791348420433716	0.00017356625692834955	3.4792955343252937e-06	-0.000450431630714366	0.0002703959605620184	-0.00047408841248197805	0.00038634658479256846	-0.0013991894655100636	-0.0005900088717385513	0.00031347113027904494	0.0013856188547574965	-0.0003435619273216395	0.001269795413584591	-0.0013622039504136289	-0.001038144273955793	-0.0004402591331458979	0.0009734290305845288	0.0007378554814471995	-0.0005224339458201351	-0.0009347672320654619	-0.0005224909489630053	0.00016053584598496698	0.0004534290212741236	0.00018014156739655211	-0.00010248613867862384	-3.637387471550078e-05	-0.00012777208104641422	0.0005904262020657168	-0.00021855947437652087	-0.00020195468580393291	-0.0004137760819582958	0.0002619033309651634	-0.00011002109127751328	0.00014611567196561913	-0.0002603912860063801	-0.0002725012121997752	-0.00022124735491678318	-2.943247070981336e-05	-0.0001570217996348966	0.000155586167193185	6.660766389026818e-05	0.0004660042640667324	0.00013580865639776536	-0.00027352404352099343	0.00010035566519732284	-0.00023032993437779303	-0.00010202561330858472	0.0001948268438817619	-0.00021127821695965564	-0.00019360332884435597	0.00019976381461904886	0.00016619359612291787	-5.660202908379697e-06	-6.405253497842417e-05	-6.195397207570557e-05	7.023466225494749e-06	0.0	0.0	0.0	0.0	0.0	0.0	0.0	0.0	0.0	0.0	0.0	0.0	0.0	0.0	0.0	0.0	0.0	0.0	0.0	0.0	0.0	0.0	0.0	0.0	0.0	0.0	0.0	0.0	0.0	0.0	0.0	0.0	0.0	0.0	0.0	0.0	0.0	0.0
GB161	0.06092469900783022	0.006346042850474774	-0.008867633368999577	0.0070756534415724	0.004334224389378838	0.0049000807674019695	-0.0007760689923662708	0.0007403222655095698	0.0014085190925857308	-0.0026792211469101068	0.0001308225344177759	-0.0017842791869901059	-0.0002597074451084037	0.00022774705573533018	-0.00020628626019642018	0.0001871116066829493	0.001169446085035286	-0.0009999210768868322	0.0004963879064372627	-0.0005630909516934098	0.001056680665464865	0.0002448740841468645	0.0004076810515457769	-0.00022044223775339087	0.00015440819799631287	0.00040634793546621495	0.0002690997374133699	0.00017778737940580012	6.724528980441023e-05	-0.00024185566481455448	0.00018954143175615112	-0.0003309591464705871	-0.0003824485727791058	3.2853058711207085e-06	0.00020324640308911325	0.0005370043912283224	-0.0008180488937231452	0.0001704294667776353	-0.0004432983494687986	0.00012837510357628887	-0.0003845768506642446	-0.0002020948176175445	-0.0001703785000949789	0.00013864498359470357	0.00042259928250468307	-0.0003619135507160634	0.0005457001998633137	0.00026446081321110354	-5.735766609291159e-05	-2.413415585323742e-05	-0.0007386372603584334	0.00033741091774430244	0.00024405075706019762	-0.0002890722008804852	-0.00013809990364912312	5.2910180120269794e-05	0.00016121950000343762	5.943181773299419e-05	0.00013006107838635177	-8.705656159275613e-06	-0.00021471066843500172	3.6960521240403994e-05	-2.102933375696832e-05	0.0006518356915430425	0.00013948188251750718	0.00022812937135736195	0.00045491128089873234	0.0003496898601273884	0.00042116654477910464	6.17430183319088e-05	-0.0003810086051919322	0.00037310423937100324	1.8641012194770797e-05	0.00019429950830655688	1.1432573162506363e-05	2.2421623944898316e-06	1.1712128351128276e-05	-0.0003318074547711118	6.357315975606975e-05	-0.00027201410624364697	-0.00010668313072297381	-6.153262775383839e-07	-0.00013053260260952135	9.324887447209281e-05	-1.6332889092071967e-05	5.7664549411617506e-08	0.0	0.0	0.0	0.0	0.0	0.0	0.0	0.0	0.0	0.0	0.0	0.0	0.0	0.0	0.0	0.0	0.0	0.0	0.0	0.0	0.0	0.0	0.0	0.0	0.0	0.0	0.0	0.0	0.0	0.0	0.0	0.0	0.0	0.0	0.0	0.0	0.0	0.0
GB162	0.032049853945197	-0.0013224301006919935	-0.0012044651604708218	0.00038275575057645307	0.0021022084604030355	-0.002152005993227511	0.0005279682462304438	-0.0013369560975244833	0.0013466022344169452	-0.0008208574434079087	0.00023625485400893676	-0.0004722572722375841	-0.0013984127171754483	-0.0003412124106692626	0.0011199252754770105	0.0011158849710856996	0.00029273510285438475	3.685621475327659e-05	0.0005916117534739688	-4.213968396591238e-05	0.0005676258713745079	0.0005581908018479729	-0.0002793055483742074	-0.00041780785391989776	8.042192135298054e-05	-0.00017523874181851485	-0.00045146682972074874	1.6045443737189645e-05	-7.082168631977585e-05	-0.00024295225643339367	-6.970854092643805e-05	0.0003141259432265496	-0.0013645219748734286	6.133889257953334e-05	-0.00011738489824642998	0.00046148971580950063	6.808760721552756e-05	0.00011197967160253558	0.00023831927154143722	1.1293973820334576e-05	0.00011915085997201884	0.0006694022667374507	0.00032627799627632926	0.00015393116582278554	-4.862049744215345e-05	8.422144094403909e-05	-0.0001098907967778581	-6.9847320310466e-05	0.00020046101351083417	-0.00035862138785012907	-0.0001801057698689766	-0.0005490598524345002	-0.00034347501778509077	-8.778636414590733e-05	8.671792232482557e-05	7.301729338259515e-05	0.0002134080211479835	5.468799150500042e-05	-6.405544354003274e-05	-0.0005145494693750498	1.3274357634338345e-05	-0.00017252529701093243	0.0002659604182080983	0.0003507486601946025	-0.00038228973159041223	9.901191348932316e-05	-9.88367811171484e-05	0.000579073020690183	0.0004480327181368086	0.00027186514247959533	-1.848012666129619e-05	-4.9882010717818285e-06	-0.0001880050731405816	0.0001683729529802838	-0.0004747372975649147	-0.00024889612243087763	-0.00046932071929556204	0.0002504575074037948	-0.00021269753210858655	0.0003320500488540433	-4.666964505555196e-05	0.000551010818287499	0.00010609074258468903	-6.337269599316164e-05	6.0612500076122725e-05	-6.971413015784529e-06	0.0	0.0	0.0	0.0	0.0	0.0	0.0	0.0	0.0	0.0	0.0	0.0	0.0	0.0	0.0	0.0	0.0	0.0	0.0	0.0	0.0	0.0	0.0	0.0	0.0	0.0	0.0	0.0	0.0	0.0	0.0	0.0	0.0	0.0	0.0	0.0	0.0	0.0
GB163	-0.06575097262879477	0.013529370524516462	0.01102185408477022	0.0029667236092804617	-0.0020509205720503896	-0.004954094294413447	-0.003799244093431845	-0.0046664381403883825	-0.0007381520724067819	-0.0024183245972763763	0.0014332912681290838	-0.0036102285725890344	-0.002501309802255096	0.00020676619304572504	0.00045129074717480903	-0.000390889680133509	-0.0015499993816946265	0.0010253194995625751	-0.00017860349189115663	-0.0012989570728437027	-0.0006804532994730839	-0.00037507363949572294	0.0023637859882339927	0.0004637592022863996	0.000543425273516555	0.000792189270483861	0.00059401171681112	-5.3595501392588646e-05	0.0004807415961730591	0.0006123459309466613	0.0004194127564057685	-0.0002478892919148658	0.0002279958235003946	0.00020942553138496623	-0.0005224305685412138	1.2688359467877917e-05	0.00022956167162957724	-3.42224542862482e-05	0.0005595382158766946	0.0002892281516266614	0.0008640254241953387	-0.00015109079258150264	-1.454163115062811e-05	0.0003443742057264656	2.0968693039904656e-05	-2.1817640571603402e-05	-3.738843613635411e-05	0.0002491000132506416	-0.00035832518238138717	-0.00047468318912605585	0.0002094356189575829	-0.00018101688979455937	0.00014799382770448619	-0.00010802669417253008	0.0002776755492022481	-0.0001452471456212051	-7.200657331714174e-05	9.126678123406164e-05	1.7186352130203025e-05	9.487379544739458e-05	-4.4220198377818614e-05	-3.4536744450353945e-05	-1.933184655073197e-06	0.00019221529476568094	0.00022692694017433383	9.859446441876861e-06	1.8038089320896358e-05	1.2538970472432607e-05	-0.00014347569794593974	-0.00015162559015276695	-0.00018456763550943385	9.608372218742651e-05	2.7615218969175537e-05	0.0001365415205837288	3.202686275667874e-05	1.761086012998055e-05	-0.00013537664255150952	9.085132378932695e-05	0.0001352643048205482	-0.00010513149482299744	4.240156881186626e-05	-1.3590983328332707e-05	-1.9476052867954593e-05	4.327484362889496e-05	8.856617522889127e-05	1.6443281810479572e-06	0.0	0.0	0.0	0.0	0.0	0.0	0.0	0.0	0.0	0.0	0.0	0.0	0.0	0.0	0.0	0.0	0.0	0.0	0.0	0.0	0.0	0.0	0.0	0.0	0.0	0.0	0.0	0.0	0.0	0.0	0.0	0.0	0.0	0.0	0.0	0.0	0.0	0.0
GB166	0.03943062832135131	0.0016768859509038007	-0.0049469955971507655	-0.0005369516667231019	-0.0033398049285732127	-0.002449570069469589	0.0015035573955516576	-1.4732672658366723e-05	-0.0011581609223085653	0.0010908745046401787	0.00042500381544170567	0.0010850222448742554	-0.0003919177336698287	0.0009369966775274355	0.0011185495226912429	0.0004276439178802465	-7.952624008693404e-05	0.0005348616317667716	0.0003315241750066707	6.329861083272642e-05	0.00027032087633590727	0.0002528064673967926	-7.708179140306885e-05	-0.0003732336223742312	-0.0002211334953936151	0.00032046291117537694	0.00029523099572040213	-0.00017379488730774896	0.0007993320403640154	-0.00038726136412217996	-6.619582471202008e-05	-0.00048275266797881964	0.0002655601316060719	-8.090217034893974e-07	3.299163927726989e-05	0.00020703545284015852	-0.0006197869573424695	-0.00017466263643841544	0.0004206575949019453	-0.00045883431103395595	-0.000691120598863293	0.001049506548736884	0.0004498741198935061	0.000955847696012466	-5.290203175145774e-05	0.00014678895315674588	-0.0006371734714909998	8.971120073535258e-05	0.0003515475871578689	0.0008443920014307959	-0.0002582630435508352	-0.00021754814940904527	-2.6203788291089298e-05	0.00022650970838124825	0.0005538906868579963	-0.0002690781028049008	-0.0007432800462281005	0.0006343964619798086	-0.0003186487187380131	-0.00019810596540080174	-0.00011907611700399018	0.0002838712698294896	-0.00048797657044655706	-0.0005357877641831456	-7.537272664403228e-05	-0.0003398782522106733	-0.00033066285125249066	0.00046922973438746386	-9.362109589800878e-05	-3.040087222893076e-05	-0.000137498290759304	-0.0001300981230047002	-0.00020028412337934752	-0.0002923954636556836	-5.835594177907765e-05	-6.704301703943357e-05	0.00017566375563928023	0.00011806789189064053	-0.00044914036268301117	-0.0004758175554251608	0.0002104458440537302	-4.738274192227802e-05	-8.882950111451547e-05	3.382616414762576e-05	-1.5870866530728582e-05	-4.228245839493318e-05	0.0	0.0	0.0	0.0	0.0	0.0	0.0	0.0	0.0	0.0	0.0	0.0	0.0	0.0	0.0	0.0	0.0	0.0	0.0	0.0	0.0	0.0	0.0	0.0	0.0	0.0	0.0	0.0	0.0	0.0	0.0	0.0	0.0	0.0	0.0	0.0	0.0	0.0
GB167	0.0051610049206004096	-0.009088820762194182	0.004627383197473507	-0.0027694086830697463	0.0018330093091816135	0.0023279632612962058	-0.002338823611755568	0.0009358500583165129	0.0013439148165142664	-0.0023621144913267087	0.0008640972367583589	0.001353839010986589	0.0026481352055596668	0.0008672482824589365	0.0006963184602431401	-0.00013410059297208735	0.00013044718626634407	-0.0005884232308061752	-0.0004468782017712511	0.0015506889113796197	0.001891769028596253	0.00012298759188270042	-0.0006937928473365382	0.0027597374554175855	0.0014070346016093725	0.0006364146689841459	0.0002418253526033213	0.000208758313177595	0.0007649480538089631	-0.0005202788934350913	1.7707738812589386e-05	-8.710117378941086e-05	4.393486416986098e-05	-0.00030715134640301833	0.00026265447214259105	-0.0006115553593091879	1.355521091639651e-05	0.0002977473771627582	0.00016289978037695589	0.00034176903134568805	0.00021151399581376338	-5.3281020984152126e-05	0.00016499044923139541	3.0309834224673984e-05	-0.0001409262959070734	7.500804393991831e-05	0.0002693451555729038	0.00010737906945774769	-0.0004543810624174956	-0.00042944690481919726	8.103606755631242e-05	-4.367966742748649e-05	0.0003447307564682819	-0.00040769192661511435	0.00016182088354848198	8.278173946512285e-05	-0.0002891873322628011	0.000110860293605567	-0.0003073625639909595	-4.76678017800965e-06	-0.0003405799798663595	-2.0713270965679178e-05	0.00011021062985184345	-0.00033696600662845295	0.000604952465870128	-5.101958002382642e-05	-0.00020871891100920323	0.00011945192530099796	0.00010144442256269917	-0.00019293033026640286	-0.00019188907145417246	8.314578422346376e-05	5.594099271727468e-05	-1.4232523058702657e-05	-0.00011202342027125409	7.253789903761465e-05	7.098612867617607e-05	-7.428503149626836e-05	0.0002724556349829648	-0.00016443215935267542	-0.00012825824365208442	-0.0001951611201968293	0.00015774231938112462	-2.0189702554348413e-05	9.394214847466521e-05	-2.2522707699465662e-05	0.0	0.0	0.0	0.0	0.0	0.0	0.0	0.0	0.0	0.0	0.0	0.0	0.0	0.0	0.0	0.0	0.0	0.0	0.0	0.0	0.0	0.0	0.0	0.0	0.0	0.0	0.0	0.0	0.0	0.0	0.0	0.0	0.0	0.0	0.0	0.0	0.0	0.0
GB168	0.05559545673210411	0.006412248295058731	-0.009860206618017273	0.0022131698247062443	-0.004617704023307639	0.0018158837013103044	0.0009312239121437619	0.0011877653174318932	-0.002113837908856377	0.0005601056760605839	-6.446320867977625e-06	0.0004404713088901736	0.00011939613653781632	0.0010636469595319612	-0.0004994326839741822	-0.00034615780049875977	0.0010682050211621129	0.00011113678958192406	0.0007211824146062467	-0.0004930857309892669	0.00026043625157323524	0.0001067987858296788	-7.934147964968934e-05	3.482811499050948e-05	-2.5686505957929248e-05	-1.04831341620956e-05	-0.00038944894397856077	-0.00022856057089556926	-0.00013966499195497667	0.0003443977581662774	-4.0923316043919104e-05	0.0002948543096328898	0.0004515231638783382	-0.000618909587684261	8.291029702806033e-05	-6.110473797002046e-05	-1.3593093485457211e-05	0.0001842539021887321	0.00032262245519282506	0.000354345103252453	0.00010335790558760265	-3.542836627322862e-05	6.37662529584506e-05	-0.00022918114559697993	-0.00015546608452654767	2.426256507513509e-05	-0.00020458282426859614	2.0070415841749953e-05	-0.0005480783943050036	0.00029236569400038954	-0.00012006768098848564	-0.0002515633246872115	6.423229242994528e-05	9.233380812308566e-05	0.00012427428878069785	-0.0005309751150606327	-0.00011243100390697248	-0.0004705098069555581	0.00010150085540508738	-0.00025510986836536616	3.336928230509892e-05	-0.00019715708746845636	0.00022774914473452386	-0.00015807873639289526	0.00044306174631390333	0.0003530529367831305	0.00025151378725188464	0.00012194865949786819	-0.00015128933331633865	-0.0005178085717038131	6.536989938555783e-05	-0.00015669203883632486	-0.0004971464647774213	-0.0005829252598813581	0.0005856107628118304	-0.0006211065513561625	-0.0005875141582095275	-0.0005889268235255108	5.8679830450290415e-05	9.711704664830636e-05	2.6522227537431575e-06	0.0003600607360588609	-4.028276866276438e-06	5.1215744424245795e-05	3.6425963812889156e-05	2.584329966919361e-07	0.0	0.0	0.0	0.0	0.0	0.0	0.0	0.0	0.0	0.0	0.0	0.0	0.0	0.0	0.0	0.0	0.0	0.0	0.0	0.0	0.0	0.0	0.0	0.0	0.0	0.0	0.0	0.0	0.0	0.0	0.0	0.0	0.0	0.0	0.0	0.0	0.0	0.0
GB170	0.021533635368112945	-0.004156362344814666	0.0008559007097758654	-0.0012140413501119573	0.0018919784399457828	-0.0010682751174444338	-0.0015384681254751978	-0.0009789674447925883	-0.00031980795973797857	-0.0011612264905668794	0.0001349313377209418	-0.0013740365244012268	-0.0006366722810473119	-0.0009017505209136335	-0.00030156570676760446	2.6706350709874825e-05	0.00019188112884713343	0.00035700025349794275	-0.0002273131456476294	-0.0009001897985593435	-0.0005385333164045598	0.00036444567622420193	-0.0003252125813949209	-3.7654590624297315e-05	0.00016435683283607796	0.00016455248840238564	-0.0010432731855695059	-0.0003068728236865572	-0.00017792259138845287	-0.00027989766710731837	-0.00024263915843857024	-0.0006275848932682874	0.0004128588690629139	-0.0007976971370711476	0.0009047596455884092	-0.0007287453702276228	-0.0005834366475540702	0.00017560567756864592	-9.711837728674975e-05	0.000618990833846165	0.00019138889607767687	-0.0002732697163214438	0.00018790744713895085	0.0004385332730494523	-0.0004819240824145929	-0.00034091464869015476	0.0001968246846782394	0.00015135822362533928	0.0003199464158835278	4.932347272113514e-05	7.97146058489997e-05	-0.0007216894675884325	-0.00013242467112512085	-0.0006391422986526552	0.000858846355002454	0.000897758295788815	-0.00021614259094942842	2.1015321375546942e-07	-6.380937237188544e-05	-0.0001533511075348794	0.00036800645078080216	0.000399896201356005	0.0006908393828953648	0.0003450006839583529	-0.00040854995290297	-3.8097928998557804e-06	0.00010051297314635834	3.1618191013069085e-06	6.433648836874925e-05	7.678613505125806e-06	0.0002617099682376828	-3.926355996511591e-05	-0.0009390558608387364	0.00038351856235625733	-0.00016623808736119627	-2.9968935242525705e-05	0.00025692763588059737	-0.00015745997042546504	-0.0001856317657379323	-0.0002394798684016143	-0.00021791341748936258	-0.00020097166935887587	-7.798267576552661e-05	-4.546337616166311e-05	0.00012996453103989556	3.2009507385205795e-05	0.0	0.0	0.0	0.0	0.0	0.0	0.0	0.0	0.0	0.0	0.0	0.0	0.0	0.0	0.0	0.0	0.0	0.0	0.0	0.0	0.0	0.0	0.0	0.0	0.0	0.0	0.0	0.0	0.0	0.0	0.0	0.0	0.0	0.0	0.0	0.0	0.0	0.0
GB171	-0.004654485113187105	-0.009854825357375625	0.002154363683033014	-0.0023132242920775353	-0.0025932003386078856	0.0028492056643483594	0.0008196148957117097	0.0009454422666559615	0.0014187602735082603	2.9793205001821055e-05	0.002111818578708786	0.0006971852400127442	0.001809949058733821	8.055415020659377e-05	-4.7947025815553634e-05	0.000702911508850657	-0.0008712971506284002	0.0006928856425637336	3.89677823715592e-05	0.0006110544361379836	-0.0004255789384244722	0.00015674986841767113	0.0008755710913164386	-0.00029289911605109257	0.00036201642279634513	-0.0004396684454201491	0.00014403081120968226	0.000245721127175265	-0.0002939526049261449	0.0001542894431293789	9.806835521025197e-05	-0.0004919795713394856	-9.568614310587838e-05	-0.00016351418557392696	-0.0001061906835305653	-4.716446621725736e-05	0.0005980901443122056	0.00024647325683767627	0.0005263014980622662	-0.0006458770245142605	-6.918673723862034e-05	-0.0003596451147637985	-0.0005043593158475494	-0.0003372903712850415	-0.00023949739463671735	2.804885935144659e-06	-0.000192859440261875	0.0002564142377503968	3.818542799917744e-05	-0.00037146585063737225	-0.00014771841762076653	-0.0003618414989153812	-0.00015791737794095548	-0.00046770432548160564	-0.0003760147082088043	-9.071750247770282e-05	-7.063645773115866e-05	-3.6142445424211656e-06	-1.8287125073046314e-05	-0.0001749444618992668	-0.00015845065389697417	0.0008412157959568529	1.94122519274943e-05	2.3908853606450744e-05	-0.0003192766925803289	-9.28403744385143e-05	0.00024227794319212393	7.859893975004598e-05	-6.768822182460279e-05	6.858380792029602e-05	-0.0004371918747610578	0.00022767268514446858	-3.3139418258783356e-06	8.390793766126517e-05	0.0002250374688325002	-0.00020999387119247597	0.0004921502271456732	-0.0001719852567946746	-0.0001404187037727345	0.0001312947669707553	-3.157688468325741e-05	-7.406635538132535e-06	6.754296854204423e-05	-0.0001592077462840934	-2.0450050770286124e-05	-3.370922957137783e-05	0.0	0.0	0.0	0.0	0.0	0.0	0.0	0.0	0.0	0.0	0.0	0.0	0.0	0.0	0.0	0.0	0.0	0.0	0.0	0.0	0.0	0.0	0.0	0.0	0.0	0.0	0.0	0.0	0.0	0.0	0.0	0.0	0.0	0.0	0.0	0.0	0.0	0.0
GB172	0.006013864482897341	0.014799020576713291	0.006325187680773849	-0.008284604068290043	0.0031762534870540303	0.001231639671779417	-0.002353030576144801	0.0012687016794778593	0.0016488654127061692	-0.0013320542444627249	0.002309258276152236	0.0020639347954785094	0.0020876047282262925	-0.00014134563439012458	5.70406850061292e-05	0.00043272167243015795	-0.000700926506518197	0.0012984737206860077	-0.0006104565523188318	0.00044784461319067535	0.0007193495832087797	-0.0008582019180056598	-0.0012332597781119182	-6.026525945069578e-05	-0.0001903830179945753	0.0009914569026941318	-0.000298726438989378	0.0006326590666311296	0.0005772053203952343	-0.00045297238982138996	-5.1967310226025765e-06	-0.0003068667538940098	-0.0005142254823711334	0.0005535877542358278	0.00022125017212855795	0.00040384647243088117	0.000848447729283898	-0.00028673955293055317	-0.0001036484373335621	-0.00017406783164107073	0.0005884500987806506	-0.0005995180993181579	-3.982121955156607e-05	0.0005466416013611828	-7.884938441952048e-05	-0.00015045850248998548	-0.00017251552843771168	-0.0002779175335345151	3.163850658428539e-05	0.00018878050392848842	-6.842859118090728e-05	-7.507544426564227e-05	-0.0001115657461815976	-6.340137361060854e-05	0.00020652613817067052	-0.0003802256976315276	-9.536100160838889e-05	-1.9418742997771736e-05	6.773400478907186e-05	-0.00011801796414500552	0.00033475368445874107	-0.0003601317586694344	-0.00048025374145671513	-0.0001765837503313843	-0.00021549375130163254	0.0003884980765096275	-0.00017903738583254918	7.072887478485717e-05	9.625011841742144e-05	-0.00014944631278758044	-0.00033330539024395076	9.433482104700993e-05	0.0001506850891511939	0.0001285593438009023	1.9499679088370898e-05	-1.2058740386419185e-05	-5.52849969204225e-05	3.0676358191595934e-05	0.00018997217438419448	-0.00012254923531309665	0.00015753481854162784	5.849273300874208e-05	0.00010635327254736791	3.308594007802375e-05	0.00013572182022666388	2.7808807329967512e-05	0.0	0.0	0.0	0.0	0.0	0.0	0.0	0.0	0.0	0.0	0.0	0.0	0.0	0.0	0.0	0.0	0.0	0.0	0.0	0.0	0.0	0.0	0.0	0.0	0.0	0.0	0.0	0.0	0.0	0.0	0.0	0.0	0.0	0.0	0.0	0.0	0.0	0.0
GB173	0.019930703170372283	-0.003957387918343645	-0.0002808017004160197	-0.002650663565780078	-0.002224807038288662	-0.0013220923205270886	-0.0016497997036122613	-0.0005020546064293751	-0.001938202658583306	0.00020354608710239434	0.00021371484028040775	-0.0007795237125963612	-0.00012328136777383478	-0.000285623913891408	-0.00036759319799194477	-7.375043700592058e-05	-9.058615229927878e-05	0.00024251060289841414	-0.00029360643929524153	0.00014567232832847957	-6.213324328923053e-05	-4.451065774019245e-06	-8.742221238225068e-05	2.1035670310893357e-05	0.0003471245036193366	2.6437989923379977e-05	0.0007037645817560972	0.00011030426432040441	-0.00012110669443956145	3.110148606802519e-05	4.556435130979593e-05	0.000274005912759312	-0.000500121889980692	9.403509390589688e-05	-8.999560666650811e-06	-0.000375651180775657	0.0003867500035734574	-0.0005211003040127835	0.00027694617074034935	4.7279168568547175e-05	-0.0002883264526152018	-0.00041656785345241373	-0.0002314667475671393	0.0007573383105103057	-0.00011181285567607576	-0.00045675474902131115	-0.00015437518685752408	5.417678761316085e-05	0.0008565994895692552	-0.0010966044410970308	-0.001337231685354212	-0.00037163521703641075	0.000516121530827268	0.0007619861255289947	0.0007700024527676436	-0.0001633870243879994	-0.00014579610871562945	-0.000301767996964578	0.0014317681795797538	0.0006120803127282017	0.0005038189700977496	0.0006424547917957579	0.00031655959784019825	-0.00016434629541627377	4.9882033867441134e-05	-3.339286908136486e-05	3.747117957536916e-05	0.0003007554007889853	-0.00034170224417560057	-0.00032829290825879727	-0.0002618569965695656	-0.0005496259658565158	7.488210127817223e-05	-0.00014338826092460572	-0.0001798847326000603	5.096908067654699e-05	-0.00012570877105675968	0.00023864483485584105	0.00025438474860120796	0.0001339570265111908	-0.00015398415968560333	-3.113071781991644e-05	-9.459473679063516e-05	7.13033823038372e-05	-6.56580305974118e-05	1.0490078539801658e-06	0.0	0.0	0.0	0.0	0.0	0.0	0.0	0.0	0.0	0.0	0.0	0.0	0.0	0.0	0.0	0.0	0.0	0.0	0.0	0.0	0.0	0.0	0.0	0.0	0.0	0.0	0.0	0.0	0.0	0.0	0.0	0.0	0.0	0.0	0.0	0.0	0.0	0.0
GB174	0.019611220715151416	0.017407212430448522	0.002393298064677421	-0.008883778530685912	0.0009711351165083529	-0.0014446644424553233	-0.0029573967653970844	0.0005092916826229708	-0.001589037224612422	0.0005325889396831852	-0.0017896029443191569	-0.0010425648054405894	-0.0006815542918352129	-6.429812903917785e-05	-0.0016606553680219118	0.0019203175944614403	0.0021203670681131845	-0.00012154763732056772	-0.0006565548880951024	-0.0015803204275069598	-0.0003532486188351273	0.0007581951758084367	1.5164021083870219e-05	0.0007920858430102295	-0.00010967122465644479	-0.0001944333283821874	-0.00020519300589482743	0.00039726592850711375	-0.0003441854076668508	-0.00017794935657117967	0.00013869396663819072	-0.000153536522173705	0.000319201061730916	-3.655801683008761e-05	0.0013235066173746838	-0.00012687803598800346	-0.00010457768256201095	-8.178589400925514e-05	3.2633386095863455e-05	-0.0006653910060861536	0.00036485520201567624	-0.0001367740379494428	0.00038968749570097907	-8.362895859553356e-05	0.0003368114836869489	-0.0003200034514259476	-0.00031349975346132606	-6.394682979508498e-05	0.00040358377979860834	3.4888897091533447e-06	0.0001553975424913083	2.532701666606408e-05	-0.0005792722364936103	0.0001351866399730561	-0.00010380722294833672	-0.0005925998068572159	-0.00011744413457523694	-0.00012525217306567864	-0.00023937557357537928	0.00015382051329470745	-4.38705771326063e-05	0.00012408985237280558	-3.0982687426474145e-05	-0.0002539486406905028	-0.0004033790861139561	0.00010662553250388542	0.00040855880660814	-0.00017578866236015437	-0.00023954355143372013	0.00020648412733778148	-3.463184659394844e-05	0.00017999512600030764	2.4656947580429686e-05	-9.188272177310466e-05	0.00013118186117777332	0.00012192268227522264	0.00020086086096250783	-0.00011316123002419061	3.9191296725429646e-05	0.0002116917970872141	0.00016432264021351865	-4.113511365420681e-06	2.5259966660048143e-05	-4.743360436394602e-05	3.1197750920700105e-05	1.321925458932896e-05	0.0	0.0	0.0	0.0	0.0	0.0	0.0	0.0	0.0	0.0	0.0	0.0	0.0	0.0	0.0	0.0	0.0	0.0	0.0	0.0	0.0	0.0	0.0	0.0	0.0	0.0	0.0	0.0	0.0	0.0	0.0	0.0	0.0	0.0	0.0	0.0	0.0	0.0
GB176	0.014257577151262413	0.016922440723050533	0.004717282440403705	-0.007959645231401202	0.004229009988738496	0.0001824362713416546	-0.0038130246019637826	0.00029071319629498185	0.0005897991697676071	-0.0017988810205332012	0.0004006632161499669	0.0004206141830843441	0.00046948338337823533	-0.0012276316188188341	-0.001619658198934243	0.0010446035580753267	0.0001876317219210097	0.0005122503168327422	-0.001654382403281137	-0.0010881042040010145	-0.0005312738881130478	4.83218336869101e-05	-0.0005252434958068319	-1.7692700749419746e-05	6.447761548730587e-05	-0.0002618274480803091	0.0004035154722318064	-0.001043938140243406	-0.00021191390019592503	0.0005418676975586725	-5.567277790306959e-05	0.00016899379061556177	-0.0001709689537151558	-0.00044435567501270037	-0.0007997445152336205	-0.00010947741442406196	-0.00046936047929719806	9.405739042359958e-05	-6.804253316068629e-05	0.0008110393022167266	-0.0006497216074135081	0.0007707848120317464	-0.0003919876745444388	-0.0003912758595389233	-0.0003078549307678603	0.00043127841677107387	0.0002358040664931368	1.686810678154102e-05	-0.00025332790292689154	-4.998654785107753e-05	-7.857803346275178e-06	0.0002490134307475501	0.0006823752854213714	2.1444222639007426e-06	-0.00018231912809785363	0.0007069292283889538	0.00025728159143128507	5.024592932629935e-05	0.00012443540790528943	-2.9711546314605012e-05	-0.00017432307688250055	0.0002491968531304677	0.0003964603934214089	0.00018284240975369976	0.0005670065054038167	-0.00037480160305096763	-0.00024677482084780727	3.398664854698958e-05	9.330441069021434e-05	-2.5603536119435042e-05	0.0004200139221490059	-0.00019927952937391622	-8.593838854384781e-05	-0.00010210585584471702	-8.241703776975283e-05	-0.00010292987113108963	-0.00014136641596310101	0.0001821050610112416	-0.00011700330812025852	-0.00014534936352668908	-0.00018667543684178193	-3.165510177904811e-05	-0.00010077427193644718	4.5764260278604934e-05	-0.00012105521476937095	-4.0627896423572425e-05	0.0	0.0	0.0	0.0	0.0	0.0	0.0	0.0	0.0	0.0	0.0	0.0	0.0	0.0	0.0	0.0	0.0	0.0	0.0	0.0	0.0	0.0	0.0	0.0	0.0	0.0	0.0	0.0	0.0	0.0	0.0	0.0	0.0	0.0	0.0	0.0	0.0	0.0
GB177	0.03538539729142109	0.00014486891617299704	-0.003205545313134804	-2.5390205075492154e-05	-0.0011167462919432032	-0.002313624061210295	0.0006813562459817633	-0.0011944185045277835	0.0006537068839264577	0.00014411642177903833	0.0007034909295396993	0.0004826469269599761	-0.00044965124438279755	-0.00015676297963765446	0.0011615657585089133	0.0005999842159032231	-0.0006344965543496104	0.0003660864483204394	-0.00025454156241793834	0.0005146354614070798	0.00028898983309065285	-0.00030571920850800256	8.22249414954299e-05	-0.0006170521539866431	-0.0002873740113378678	1.5446899527705128e-06	0.0005249751145366449	7.613330353701327e-05	0.00010244380514608516	-0.0010871443612745406	-0.00013012585162949046	0.00018451519562750874	-0.0008129475452719901	0.00015792885870546312	-1.7856182370827173e-05	-0.00046720046113688174	-0.0006016500072909118	0.0002650174087629867	0.0006081227670131074	4.4719936795672295e-05	0.0002521568102510943	0.0004178654910155731	-0.0008120717209852336	0.00021687466797230056	-0.00035474658495689506	0.00036728102296768424	0.00017191391113629482	-0.00023746993669478285	0.0002532802376562165	0.00022339134845464966	-0.00037973943071884387	0.0001842278498784021	0.0004196458901121454	-0.00020405063159733173	0.00047401993994049144	0.0006325344358955065	0.0003831180192258255	-9.824649730899671e-05	-6.561642783284077e-05	-0.0008443649841134197	0.00043985247347881417	1.067810683352653e-05	0.0004420406216264001	0.0002875877237607643	-0.00011299437452705173	0.00016753814183396214	-0.000338569257883071	-0.0009128614982180631	-0.0007329163044212567	-8.865193024988361e-05	5.4044155504206455e-05	0.0004923388152010255	-4.642007776882027e-06	-0.00022217776323059108	0.0005205730564052579	-9.626014008146974e-05	0.0003645668722402422	-0.00017437465455226334	0.00045269344166569707	9.738599259528638e-05	0.00018820268597753386	-7.02471914075958e-05	0.00018735931389024881	-1.544682238487542e-05	-8.992668941169604e-05	1.7251355375228517e-05	0.0	0.0	0.0	0.0	0.0	0.0	0.0	0.0	0.0	0.0	0.0	0.0	0.0	0.0	0.0	0.0	0.0	0.0	0.0	0.0	0.0	0.0	0.0	0.0	0.0	0.0	0.0	0.0	0.0	0.0	0.0	0.0	0.0	0.0	0.0	0.0	0.0	0.0
GB180	0.022625684800766644	-0.0035495658260729446	-5.6540305728694853e-05	-0.0014004108937637353	0.0001620766255000781	-0.0012869787437054625	-0.0015902246646138352	-0.0013908661856025669	-0.0001817487646531939	-0.0010340891666217205	8.291105476256858e-05	-0.0011348042043233257	-0.0005817836585337543	-0.000890431856044403	-0.0007179682117043184	-0.00011504161166576909	-0.00028405724630000057	0.00016130781718868854	-8.467986534275406e-06	-0.00010910901089704838	6.0682739779041654e-05	0.00021880900491416628	0.0006763788739056133	0.00042140059939167746	-0.0003252257874257519	-0.00040545155048642996	-0.0007674002856651811	0.0009466355213905681	0.00035137742950707156	3.1001784688454354e-05	-0.0004800762776204891	8.749510596387003e-05	-0.0004895642961202765	0.0001218587824116263	-0.00012970813776142867	0.00028340990947592137	3.6454158329805166e-05	0.0007084777192242185	-0.00012942883038382378	-0.0007905188570218311	-4.320962487118008e-05	-0.00027392303364984476	0.0005661609855329072	-5.136846967577529e-05	0.0011282908909249502	0.00019799167583259812	-0.00020463299964791648	-0.00017010314741545496	-0.000274674711794618	0.0006823877183706062	0.0006216004471467039	-0.0004831141182482872	-1.0403142852838137e-05	-0.00045480906183371716	-0.0001830182503737998	0.0001843783078267788	0.0004820513053649117	2.4530714090437834e-05	-0.0004949200296541737	-9.238026192685052e-05	-0.0001481197989610125	0.0006738852113999856	0.00020919821557975512	0.00019675361463102663	-0.0006223250007828788	-0.000492122564873447	0.0002963602572583911	-0.0002986340898739171	-0.000494193227370212	-0.0008288222840765684	-0.00023882352319319465	0.00023675225888532703	0.00026374310055554	-0.0004473622326973684	0.00012013165018837442	0.00021648244919601629	-0.0005443639880163916	0.00041542828014029044	-9.755042418725166e-05	-9.726702635858249e-05	-0.00013601107035429353	-0.0001390104868250336	-0.00020572837715663746	0.0001596364412561311	-5.3332097304537404e-05	-4.1178330112921774e-06	0.0	0.0	0.0	0.0	0.0	0.0	0.0	0.0	0.0	0.0	0.0	0.0	0.0	0.0	0.0	0.0	0.0	0.0	0.0	0.0	0.0	0.0	0.0	0.0	0.0	0.0	0.0	0.0	0.0	0.0	0.0	0.0	0.0	0.0	0.0	0.0	0.0	0.0
GB181	-0.05593482260621803	0.0038922615753027427	0.011575009452069799	0.0021075215138650987	0.0012518302527171486	0.002572367751637055	-0.0034321679088683238	0.0007730430148960163	0.001220329953987557	-0.00013630700715456235	0.0003248238205401497	0.0012128579825787596	0.002647455656893732	-0.00014221254601169152	0.0019786988058822083	0.001383624457622461	0.0006154924484944039	-0.00040397936953052467	0.00022001186297022432	-0.0009581643132323554	-0.0005473561341546271	-0.00036374161043886195	0.0012590863863354786	-0.0009481641031730486	0.000978491548806125	-0.00026091813499610274	-0.0004319231517231808	-0.0007987600646623054	0.0005938874979516118	0.00038042079431272087	0.000720919459958665	-0.0001849091720932091	0.00023628333528035938	-0.00036617992973244593	0.00098690105730123	-0.0003034356267613136	-0.00017257793441086862	-0.00019248370265270885	-0.00011331022709181714	-0.0006587278389152977	0.00046997636939648756	0.00023090196085888163	-0.00021707741376997473	1.2893862835124958e-05	2.3194890434708777e-05	-0.00010975719493168252	-7.09530695136603e-05	0.00012148797133067838	8.028748449505471e-05	-0.00024216948587614577	0.0004734237811506475	0.0004367792909286106	-8.164785848461446e-05	0.0005298906899572056	0.00016938995978491882	5.200957685612869e-05	3.717217826827428e-05	-0.00020401948131228514	-7.252354497252241e-05	-0.00037222746217122597	0.0002027948955950232	-0.0003939896063069879	0.0002889493303588798	-7.805008394249616e-05	0.00011007255930038953	0.00020586487801534315	0.00017355926668364644	-0.0001971179638703086	4.7961737083465434e-05	-5.388612802447887e-05	-0.00024002553543036695	-0.00025143005796872744	0.0001140567094361455	-1.0442799108359703e-05	-1.0715846936602305e-05	0.00017142257086499705	8.457886066405274e-05	7.431761073769849e-05	3.8381114611552566e-05	-0.00015355018862348298	-2.0016201651132007e-05	4.856219546294368e-05	-0.0001329557569287121	4.845209605886993e-05	-9.91712063684732e-05	7.911805300152554e-07	0.0	0.0	0.0	0.0	0.0	0.0	0.0	0.0	0.0	0.0	0.0	0.0	0.0	0.0	0.0	0.0	0.0	0.0	0.0	0.0	0.0	0.0	0.0	0.0	0.0	0.0	0.0	0.0	0.0	0.0	0.0	0.0	0.0	0.0	0.0	0.0	0.0	0.0
GB182	-0.015805551136199854	-0.006273533607186211	0.004771184972607776	-0.0028799659658586742	-0.0029854662522432293	0.004034396665695514	0.0016025238237308865	0.0007580687232997054	0.00247230621432067	0.0033667866553581515	-0.001742073910513571	-0.001749344781153317	0.0009849739965656838	-0.00016784116647871944	0.00023155739061103556	-0.0020203093700931797	-0.0025971979068781233	-0.003132733849265757	-0.00029072259909421454	-0.0012394564858224787	7.265865520542282e-05	0.00010060886189455242	-0.0006072767916500251	-0.00016848457935299407	0.00012339772462736264	-0.0010171858021307087	-0.0007622695515445729	0.0003938044247532573	-0.00020099578658772538	0.0003155134793462644	0.0003534725475476394	0.0005580972584397178	-0.00013524250138245171	-0.0002223971581025659	-0.0003772093567310315	0.0002060825981113579	0.0001211598339861085	-2.5558781718636815e-05	-2.894722528810573e-05	-0.00019802360290061948	-0.00021620234134214165	9.623295797857378e-05	7.41818826225644e-05	0.00030003687449594674	-0.0002885444463825456	-5.879381586453234e-05	0.0002395312426806343	-2.0790207345493134e-05	9.659970083179356e-05	5.509871313636553e-05	-0.00010351738648257522	0.00018897232496450133	-1.7849009888134587e-05	-0.00014163801523867054	0.00021387936636370542	-0.0001326191573791517	-6.575492596745943e-05	1.6868193024838672e-05	0.0001389800450506195	-9.655197181400011e-05	-3.057027126275764e-05	-2.569454112808869e-05	-0.00015009424606877395	-1.7314887552618234e-05	0.00021120602951958713	-8.079960263264478e-05	3.1852746503374627e-07	-0.0001350085191321197	7.631772196443479e-05	-0.0001425002608128664	-6.096911451045313e-06	5.394743201095112e-05	0.00010030937974583019	-5.12629275247539e-05	-5.0995220726099354e-05	8.59013180945447e-05	-2.445649172525037e-05	-0.00019521259461260303	1.6831907461465914e-05	3.07575739417341e-05	-4.673957047780035e-05	-6.972303080028021e-05	1.6862305550380257e-05	9.55914692885135e-06	2.769318194253986e-05	1.1448638058608332e-05	0.0	0.0	0.0	0.0	0.0	0.0	0.0	0.0	0.0	0.0	0.0	0.0	0.0	0.0	0.0	0.0	0.0	0.0	0.0	0.0	0.0	0.0	0.0	0.0	0.0	0.0	0.0	0.0	0.0	0.0	0.0	0.0	0.0	0.0	0.0	0.0	0.0	0.0
GB183	0.016864391521700425	0.007076904503860307	0.0039004526210618335	-0.004800483017466626	0.004229502849735142	-0.001526492514444498	-0.002200893314536197	-0.0009614882098843543	0.0036298740130179617	0.0014251133461993899	-0.003497223886225386	-0.002480133153201773	0.0004201327351958822	0.0012402711213337734	0.0005745677013971954	-0.0001986139007882611	0.00016482828076786488	0.0013483732753494283	0.0018193012134309428	0.0009816776828348542	8.148984157838226e-05	-0.0003748063844067918	-0.00015836214455377168	-9.400581051612739e-05	-9.384699606471104e-05	-6.839171316844544e-05	0.0009067923191364251	-0.00040830942041477047	6.177730946494399e-05	0.0002969977335089244	-0.00016117003757720226	0.00032350811797181447	0.0002726679915765143	-0.00023154561108307162	0.000293341234058372	0.00016658687428107154	7.57062255014737e-05	-0.0004710795019579294	-0.00029497098674390314	-0.0002723239274803367	-0.0002984158282149723	-0.00038004496138373093	-0.00030622114630184566	0.00013472616939619236	-0.00030157744371857455	-0.0005992267026498251	0.0005641062096241777	0.0006399200796436739	0.00020881725943371776	-9.288988703761911e-05	4.206226938243355e-05	-8.892720654172597e-05	-0.0003275430587756776	-3.8516858827740846e-05	-0.00014799675088321431	-0.0002930590181485648	-0.00022820142973188433	-8.616659281906391e-05	2.8371183103295682e-05	-0.0001352188803934041	-4.662866491960588e-06	-0.0002063588127927785	-0.00020779905919019706	-5.263174891908065e-05	-7.898028706968234e-05	1.0518483064486295e-05	-3.907648271916492e-05	-8.5720409971484e-05	-0.0005156368245507161	4.853640108189218e-05	0.00029220539877838794	0.0005803518246015416	-0.00020135617575709768	-0.00019836493437260799	0.00013285118199112884	0.00015231538236681782	7.190014771462461e-06	1.704237067787827e-05	0.0002904975093857601	-4.9783497673583816e-05	-0.0002524203225981129	-8.854476919603387e-06	-0.00024284164222744157	-4.9371974882567765e-05	0.00012521341811801715	-4.9337574668367775e-05	0.0	0.0	0.0	0.0	0.0	0.0	0.0	0.0	0.0	0.0	0.0	0.0	0.0	0.0	0.0	0.0	0.0	0.0	0.0	0.0	0.0	0.0	0.0	0.0	0.0	0.0	0.0	0.0	0.0	0.0	0.0	0.0	0.0	0.0	0.0	0.0	0.0	0.0
GB185	-0.023359244730601896	0.006052693190376509	0.009571002493175898	-0.005871253980332651	-0.0025087337090398242	0.005150168323677539	0.0008528708336609625	0.0017454048556703372	-0.0022216272099011658	0.0020166693692667647	-9.918768829495671e-05	-8.116788446118648e-05	-0.002887496711938253	0.0005443796719271988	-0.0005253543234328387	-0.0002467979083158253	0.000784740322238253	0.0010257546279128663	-0.002301469936945824	-0.00020716353847764096	0.0006458645042705997	-0.00077476411757202	0.0003750854405239235	0.00020916310608574913	-0.00016466601046973887	-1.5472484203973663e-05	-0.0006352868802936868	2.9195353226243235e-05	-0.0005763826099123733	0.0002584047905286277	-0.00044375155191711356	-0.00018322815770007762	0.0005101578716685402	2.0056431950087764e-05	-2.3349903567528947e-05	0.0003699150498532626	4.00468846507094e-05	-0.0005650433112543648	0.00015023335583821086	-0.0005260999560558313	-0.00017906584563908378	-0.00040697809968207423	-2.655544350676961e-05	0.00019827168269391914	-2.459968188373467e-05	0.0005396361883984372	-0.00022732974855324762	-0.0002325399162474585	-0.00027325948927491483	0.0005034799851618626	-0.00045195169891776093	0.000251303263844491	0.0005124944354051418	-0.0004302825137382973	-0.00022990100421533104	0.00010072234614812164	-0.00023778197934331495	2.6952521642825464e-05	0.00014944134989188304	0.00027519168775655655	0.00035708237072932175	-0.0003373324496000528	7.400799980482296e-05	0.00016221548016818397	-5.533832222428193e-05	0.00034845455428211965	-0.00033955575755427616	0.00027793291993877305	0.00029999134844101865	0.00023378899649090592	0.0002844905871682189	0.0003692177079650157	-3.332002824086319e-05	-6.567260160118891e-05	0.0001187193157958668	3.609351491933585e-05	-0.00016609340329535073	8.815923049070833e-05	0.0002826016993743422	-0.0002658744326796426	-0.00011848292989230587	8.229708664721953e-05	0.00013721245758158883	3.381848646944783e-05	-0.00013620095974852014	-9.62834470169834e-06	0.0	0.0	0.0	0.0	0.0	0.0	0.0	0.0	0.0	0.0	0.0	0.0	0.0	0.0	0.0	0.0	0.0	0.0	0.0	0.0	0.0	0.0	0.0	0.0	0.0	0.0	0.0	0.0	0.0	0.0	0.0	0.0	0.0	0.0	0.0	0.0	0.0	0.0
GB188	-0.00804261369407759	-0.011389602746963878	0.0045790743857777	-0.0003683465103516175	0.0030599736040278647	0.003228803905225915	0.0016964283932849665	0.0018682865411698995	0.001996618156638358	-0.0007357627608248816	0.0017552125441145973	0.00031291042580661177	0.00011427503909606959	0.0007332375912424177	0.0005878526817372001	0.000298442142736525	0.00044627300230119587	-4.179228663013316e-05	0.0008752083515322185	-0.0008678571811446806	-0.00032429355984259965	8.916859901968524e-05	0.0005220069721389741	-9.584584418005712e-05	0.0001035327981856849	-0.00047430876316533296	0.0003005195160095693	0.00028337951614953213	-0.0007080074153988161	0.0002803375103605133	0.00017686110477311878	-0.0004462863278128878	-0.00045188136157187054	-0.0006056245167429735	-0.00011006104911587382	0.0007422614087026527	-8.45736934305933e-05	-2.7880823566049153e-05	3.88497889361294e-05	-0.0002399075780685719	-0.000476135357787825	-0.0007574050768455194	-3.487306276334465e-05	0.00034081266802715455	-0.00027615180696246677	-0.00029377423600120557	8.867262717403026e-05	-0.0001598482389367673	-0.00012589942617769877	-5.344674558235979e-05	-0.00018563516992409128	8.112316803374667e-05	-0.00019385891627944125	0.0006829843775869204	-0.00010157460443318742	5.070340104097458e-05	-0.0005747410150871665	-0.00012820537936612992	-0.0007091783194876436	-0.00046784757989169485	-3.866470997840353e-05	0.00039282749933155353	4.762285784591098e-06	0.00028503257643334393	0.00013903906991603272	-0.0004835380843717752	0.00017088483726938926	-0.00015430493988576535	0.0004851570095822048	0.00028963061794119217	-0.00015293682993005177	-0.00024310490234421235	-0.000514617304252099	-4.191235262862607e-05	-7.712785840493438e-05	3.601762447564643e-05	-0.000578424236038792	-4.848563833896617e-05	0.00034580070999624984	-3.1094940199000154e-05	0.00020202600034247562	-0.0003676161794066833	0.00036454431465469034	-0.00012457685758095706	-5.2510097766243645e-05	-1.0012169588683311e-05	0.0	0.0	0.0	0.0	0.0	0.0	0.0	0.0	0.0	0.0	0.0	0.0	0.0	0.0	0.0	0.0	0.0	0.0	0.0	0.0	0.0	0.0	0.0	0.0	0.0	0.0	0.0	0.0	0.0	0.0	0.0	0.0	0.0	0.0	0.0	0.0	0.0	0.0
GB190	0.02836999035443397	-0.002223086052847916	-0.0008198494312456341	-0.0007405054464411105	0.0006514324799013723	-0.0018619001831685833	-0.0004842282248601567	-0.0014355999717577657	0.00041085965055275166	-0.0007841469621842776	0.0003766427674707206	-0.0011017165116117085	-0.0008856285484788065	-0.0006076484924120005	0.00026723877760683026	0.000486764236729122	0.00014733881962771198	0.00018077841631995893	0.00013550051202011344	-0.00032095800872131776	0.00019271583583882197	-0.0007498114481113133	0.0004521878204909656	-0.00014674141817432433	0.00019847034664529823	0.0001989817613417153	0.000708054329043386	0.0008412314413945714	-0.0002745993727138713	0.0007609538227564558	-0.00018964344111986224	-0.0001554413881369036	9.817453394606656e-05	-0.0006864302033765997	0.0002711707633062369	-0.0012219214137046562	0.0001152462544735045	-6.680459117996852e-05	0.0009130909675978773	0.0002506116819287148	-0.000570285722275489	5.187696381191828e-05	-0.0005484775090136241	-0.0004941028291757223	0.0001600314148517762	0.00011460023994219162	-2.8221727114150173e-05	-0.0007064378220364791	0.0004264798098051568	-9.393432195590697e-05	-0.00016862277889170672	0.00044142434452547894	-0.0011451430310964344	1.5909330273586813e-05	6.905894752888656e-05	6.786168117360977e-05	8.022529746895832e-05	0.0007015947259467377	0.0006905188420809954	0.0007309019199044925	-0.0001236055250422122	-0.0003534854457123464	-0.0008889989793158492	-0.0002966010450411101	6.950954236547203e-05	-0.0004816745726208312	0.00013337797211045166	-0.0001806926427732869	-5.685377093718146e-06	9.145038455455012e-05	-0.0001430803598024289	0.0003537450590607301	-0.0002807432408694	0.000373653647469897	0.0001182233436663795	0.00015056698805854807	-0.00023218733287197666	-0.00030441750590552556	-0.0004237591383628168	-0.00020745008243011932	8.704611048855698e-06	0.00010082324470477618	0.0001633794220895531	-1.1555328274520064e-05	-3.746512253107668e-05	-2.152740841209332e-05	0.0	0.0	0.0	0.0	0.0	0.0	0.0	0.0	0.0	0.0	0.0	0.0	0.0	0.0	0.0	0.0	0.0	0.0	0.0	0.0	0.0	0.0	0.0	0.0	0.0	0.0	0.0	0.0	0.0	0.0	0.0	0.0	0.0	0.0	0.0	0.0	0.0	0.0
GB191	0.04723973358283183	0.004003373006584856	-0.007132887562960628	0.001048182156010095	-0.0034888902147323982	-0.001021717230973803	0.0013108673053355657	0.0004588638980946628	-0.0008004388445918027	0.0008783280663253464	0.0002395109703919564	0.001644750053219902	2.2906554129602888e-05	0.0004210228271010174	0.0004959976941149136	-0.00010623113515975934	0.0004559619243293729	0.0003976760089598986	3.768837975419761e-05	3.9565307504958405e-05	-0.0004219407155078948	-0.00011993652889046877	-0.00021980379047208844	7.583754803859119e-05	0.00015688988399085692	-3.814541895277596e-05	-8.406644037273943e-05	0.0005176100499181038	6.589823056069769e-05	-0.00037743655811187663	0.0003515381711417215	0.0012373094939224568	-3.219069047484698e-05	-0.0008246860954826692	-0.0006113743433096335	0.0001204542427953886	0.0004081344255490503	-0.00020825680155125235	3.3929742927242e-05	0.0004431915768321867	0.0005333801280368398	-0.0005900069525943091	-0.0005992595616624414	-0.00013733791515720817	-0.0007348862792952078	-0.0005002853455524713	-0.0005593246811484869	-0.0006542516610961923	0.0010245208766884969	0.0004836517364942825	0.0005947135600874033	0.00040050406906790215	0.000770273521539629	-0.000589965157538592	-0.0006075706105373191	0.00046841011603304206	-0.00033729229357076936	0.00061280977790099	-8.735522709241137e-05	0.00024138725838969725	5.7282149121502776e-05	-0.00028959591223843146	0.00023160386365228398	0.00033332213523750424	-0.00010392309409778706	0.0005036429431343116	0.0006787526482833705	-7.913194550994451e-05	-4.335077640012206e-06	0.0004196870016383433	-0.0009156203850033042	-5.307471966001514e-05	3.554261976977918e-05	2.0320959930131364e-05	-0.00015889473865865489	-0.00020757334120376372	-0.00018186436993014764	7.204422944816207e-05	-6.596960301506553e-05	-0.00011001819107591543	-7.397121701526741e-05	-0.00015853115160735008	-0.0002142408654615175	3.298002153599375e-06	-3.6605963524375946e-05	3.7451637823734825e-06	0.0	0.0	0.0	0.0	0.0	0.0	0.0	0.0	0.0	0.0	0.0	0.0	0.0	0.0	0.0	0.0	0.0	0.0	0.0	0.0	0.0	0.0	0.0	0.0	0.0	0.0	0.0	0.0	0.0	0.0	0.0	0.0	0.0	0.0	0.0	0.0	0.0	0.0
GB192	0.0495474442943273	0.004029869479107035	-0.006567303759013277	0.0035358952120733266	0.0005201658304521719	0.00048513567921143735	0.000533374562584765	-0.00024902117016698666	0.00172875868979868	-0.0011792956133793609	0.0001656656151260259	0.001176020433367376	0.0001267804316629579	-0.0009654140702364894	-0.0002097738559065256	-0.0010782772762954322	0.00044870618435470213	0.0005698635050252948	0.0003016880807762026	-6.266765816021135e-05	0.0012319007169920865	-0.0002372845424611582	-2.9131438224732858e-05	-0.00018802186293979885	-0.00013866616302773085	-0.00029195973999305745	-0.0002032105199517897	0.00016721045147426479	-0.0007316096439627013	0.0003034001165410416	0.00038135256465806293	4.962142081495844e-05	0.0005350965237153045	-0.0002298419029509999	-0.00022035330806988087	0.000578680171833121	0.00010982312934416958	-2.298473205083329e-05	0.0005998071195055041	-0.00047542458824974244	0.0006612534700359703	-0.0002788844063708068	0.0007296508099413014	0.00020162475026950036	4.5151897093614775e-05	0.00040507233950387106	0.00027875022245851133	0.00042624983527865507	0.0003726999812511773	3.016375510754513e-05	0.00011684739600767339	0.0007590812746456568	-0.00028346265774188044	-0.0005264762094243905	-2.431254674470338e-05	7.7180116248009e-05	0.00035137351759573064	-0.0008428805095923749	0.00027042103056295686	-7.344559345876854e-05	-0.0005858212825991203	-0.00018465812135306608	0.0005424424771587866	-0.0010851902771092583	0.0002200395514730309	-0.00028636077280052316	0.0004582758377488602	0.00020703365533766315	-0.0007020932870443533	-0.00014490558703440784	8.7400315713231e-05	-0.0004025088017715854	-0.0003212055793267793	0.00013205385408050318	-0.00030349647485992736	-0.00014430081500468138	1.4957246223611362e-05	0.0002612829200314451	3.4850447375303896e-05	-0.0002164032508393213	0.00011182379930052232	-7.247374249103123e-05	0.00015447202281904354	-2.9929048821822647e-05	-4.5086919531880545e-05	-1.741511049868379e-05	0.0	0.0	0.0	0.0	0.0	0.0	0.0	0.0	0.0	0.0	0.0	0.0	0.0	0.0	0.0	0.0	0.0	0.0	0.0	0.0	0.0	0.0	0.0	0.0	0.0	0.0	0.0	0.0	0.0	0.0	0.0	0.0	0.0	0.0	0.0	0.0	0.0	0.0
GB99	-0.05890368155277477	-0.016379144107570087	0.0012891635313335371	0.011224321682841546	-0.00230194320381668	-0.005197671606432848	-0.001188578670555324	-0.001860197447806946	0.002367861581157653	-0.0021461240754283135	0.003199494144781925	-0.0011147468492285015	-0.0003990807051935956	0.0007670076661866595	0.0009568148923436987	-0.0006668013613414454	-8.467831441210677e-05	0.0005848131707329228	-0.00037109299578311943	-0.00039781182963571503	0.0011634719741492963	-0.0005269390701841866	0.001713991518847315	0.00010487606345080347	-0.001138959720198106	-0.0007033826394792705	1.791127562569877e-05	0.00031738883351927567	-0.0004449961911318593	0.0005106781927846382	-0.0003507901156990962	0.0006983268170840534	-0.0016214884315117473	-0.0005703345240432696	0.0006893523563786529	-0.00010687631213120705	-0.00016341123896867216	0.0003226648299145473	-0.0001124598270530309	-0.00010087655762979003	-0.00015524860904339208	0.00034792075679866826	0.00028002416382588366	-3.7247991548134626e-05	-0.0002497470814963531	-6.759430804033481e-05	0.00020597031734130794	-0.00012245725770022463	2.5821845255605958e-05	0.0001440096878164335	6.305577652188413e-05	9.12250587859385e-05	0.00011551194114621571	-0.00029157268788262134	-0.00014279827650927562	-6.774833760741608e-05	-0.00014943401008695486	0.00029311135073098904	0.00011358000535892112	0.00020726249073977433	-5.525594507023742e-05	0.00012269301587511174	5.094335966882401e-05	-0.00020527967738729293	0.00014179272425245734	-5.8655549511219995e-05	-0.00015354863135059004	8.013222589743555e-05	5.707945963392845e-05	-0.00010514478065011269	0.0005018924112405091	4.173777701624718e-05	0.00021577067818076315	-0.00016363254780578124	-0.00010890888349849532	-0.0001544963677375086	3.956563427220538e-05	1.111110086600515e-05	3.089839607647871e-05	6.343920637645735e-05	-8.67680814476056e-05	-0.00013780125836289182	3.215825371462474e-05	6.548202798193496e-05	8.397317185640396e-05	-3.899795902700714e-06	0.0	0.0	0.0	0.0	0.0	0.0	0.0	0.0	0.0	0.0	0.0	0.0	0.0	0.0	0.0	0.0	0.0	0.0	0.0	0.0	0.0	0.0	0.0	0.0	0.0	0.0	0.0	0.0	0.0	0.0	0.0	0.0	0.0	0.0	0.0	0.0	0.0	0.0
GCDF193	0.049531923494653185	0.0035608555675493915	-0.005568054708120156	0.004291591240702027	0.0029210609392826283	0.0005080865088139221	0.0007670907787330587	0.000302990311651627	0.001985178494090715	-0.0011605178748138854	-0.00019132024774819043	0.0011471703577509936	-0.0004465624512741116	-0.00014358404738037392	-4.269803780827525e-05	-0.0012922230403863753	0.0014162578003475196	0.0002068129063654585	-0.00010229170875317042	-7.509760777427988e-05	-0.0002910492925655278	0.0010456951863736796	0.00091362778712735	0.0011648478837009417	-0.00019488641272138391	0.0009760066306433244	-0.00047431179972822493	-0.0004096740638504084	-0.0014330683901864648	-0.00031218446487333684	0.0006027515857280594	0.0001367487555863513	-0.0009641801864284148	0.00012225673053267212	-0.0002485311179086836	4.546881395750368e-05	0.000259041406439566	0.0005622476920425684	-0.00038702928843825695	0.001258075209891617	0.00036345832382502906	0.0004232478843963172	-0.0008694142213592999	-0.0005297747961236431	6.775811900193185e-05	-0.0008154584276157639	-0.0004409134660664873	-0.0003173471348200516	0.0005093125222757908	0.00045260620022613427	6.986941879585216e-05	-0.00017775730728984666	3.297712917913214e-05	-0.00020916524020165385	0.0004977545204058048	-0.00022421248946640672	-2.0856035691458105e-05	-9.64516153557189e-05	-0.00010415518907887632	-0.00015803460237263984	0.00012272696571959978	-1.6127607750539774e-05	-0.0007660854720920891	-0.0004905552045057095	-5.3226419777729946e-05	-0.0005459041213139771	-0.0002965636698248778	-0.0003670188292145991	8.257715754568137e-05	9.813219599301163e-05	9.002878215204978e-05	-0.0002794083450812776	-0.00011610423280926581	-0.00037117846185437327	8.997462165656837e-05	0.00015705975202728593	0.0002450471145977275	-2.90589010329883e-05	0.00016225997327942309	-8.001557492289372e-05	-4.355660063440586e-05	0.00016693571093935112	-9.990376144090902e-05	-4.8768107424193765e-05	-3.445050427540848e-05	3.0078328679684004e-05	0.0	0.0	0.0	0.0	0.0	0.0	0.0	0.0	0.0	0.0	0.0	0.0	0.0	0.0	0.0	0.0	0.0	0.0	0.0	0.0	0.0	0.0	0.0	0.0	0.0	0.0	0.0	0.0	0.0	0.0	0.0	0.0	0.0	0.0	0.0	0.0	0.0	0.0
GCDF195	0.036287975253910774	-0.0018466087925556813	0.002081223281626375	-0.00020459557281988022	0.007638232104804859	-0.006275196329070938	0.0014888750753851451	0.0009788799407627897	-0.0026520576418417297	0.001943720845161876	-0.00037018682053994724	1.762811906993047e-05	0.00017635541653891726	0.001028697119416327	-0.00044607471030698025	0.0008026536383559454	-0.0010372679850846884	0.0005003453805278468	-0.0010448708008843756	0.000699517453007556	0.0007316000988954805	0.004065250153475931	0.0004894988503066376	-0.0027672018172485127	0.0002700783090259897	0.0003759100534674215	-0.0004262071968816658	0.0004438125335334337	0.00028825488517710603	-2.811486051264125e-05	-2.9933457536576107e-05	8.445661717663125e-05	0.0001389216839702094	0.0002518851292466808	0.00030202720979717726	0.00022210703277546112	-3.021554385283167e-07	-0.00019689743867238772	-0.00034258501262756806	0.0003854546460840982	0.00014899920894180066	-5.4193463124510985e-05	0.0002935520906863791	-0.0004570510146124522	0.0003020154802893117	-0.0005508390611526227	2.0902629582354336e-05	-2.5787135835311046e-05	0.000236879113987098	0.0003513944127678707	0.00016120800958711217	0.00017427413162449486	-7.636952086810869e-07	-0.0001703041451350302	-2.448806017137343e-05	-7.101599034360512e-05	-0.0002489232888551873	-0.00012029269383479201	-1.2681564472929295e-05	0.00039277032186470093	-0.00021099600082942355	-2.9236486305582844e-06	0.00012082940166433054	-0.00023711719586724667	0.00024710119920948143	-1.5509678320839097e-05	-0.00026111518160370497	-8.598771216231759e-06	4.434229666217671e-05	-0.0001883210687614144	-8.086486227878989e-05	2.102340170469607e-06	0.00012433148958269745	-3.478273431187562e-05	-0.00019680216787234823	-1.0576582561075765e-05	6.35653950142774e-05	-2.2468371017974456e-06	0.0002197841358151875	-1.3577647488987491e-05	-0.00022586780320538302	-7.188419669535577e-05	0.00022897919430986134	3.068043765402145e-07	5.746775273533301e-05	-1.002277535730784e-05	0.0	0.0	0.0	0.0	0.0	0.0	0.0	0.0	0.0	0.0	0.0	0.0	0.0	0.0	0.0	0.0	0.0	0.0	0.0	0.0	0.0	0.0	0.0	0.0	0.0	0.0	0.0	0.0	0.0	0.0	0.0	0.0	0.0	0.0	0.0	0.0	0.0	0.0
GCDF198	0.03980293688645336	0.0016232902354621158	-0.004727891854628888	0.0002646708759545732	-0.0022536677944969457	-0.0019569554121021686	0.0009796129106615875	-0.0006133450940534759	-9.996395051899197e-05	0.0005387087550126786	0.0006624174568060765	0.001254048325254189	-0.0003369809835447905	0.00029205257504057657	0.0006666363546868617	-0.00017136381423211186	-0.0002124199574167078	0.0011052515831270204	0.00047734415918793377	0.0002076943727813797	-1.1473146550994586e-05	4.9046098935087076e-05	-0.000584715900226199	0.0004356408814297418	-0.0005252651906896109	-0.0002920403000598855	-0.0012071029822550057	-9.044982765918356e-07	-0.0004959637949423012	0.0002810424723328095	-3.117910304254818e-06	-0.0006066363348850883	9.513830904943022e-06	0.0003717822266255039	0.0003103473725053206	0.0004786663396567482	0.0003172559813502028	0.0011836328490981913	-0.0008677990931046502	-0.0005982978765618959	-6.941995506136729e-05	-0.001060482680653043	-0.0008820736510664134	-0.0007844770183290006	4.7505135327974114e-05	0.0006486851861758001	0.0002771226810924646	0.00010767444074776199	-0.00040219818284122256	-0.0006153882171398559	0.0012185976163168512	-4.756192349901766e-05	0.00011973142507274925	0.0004709799389781349	0.0004657141725031538	-0.00025604054225612	0.0006711977236890222	0.0005582562833940649	0.0007060763890739442	0.00046758130147684404	-0.00013197338478638802	3.533656569147588e-05	-2.2762548620252638e-05	0.0006406533961754192	0.00028742420946826206	-0.00021788381357254407	1.0961909695662532e-05	0.00027063422857355436	-0.00022587041538472128	0.00045876331114416154	7.163115529193055e-05	-7.983331448224861e-05	-9.553876913866312e-05	-0.00035116537339038796	-0.0004839131246984069	-3.0279957678957955e-05	0.00016875630926501884	-0.00027944796713964994	9.0952890788613e-05	3.88342286946713e-05	-4.3195228899521146e-05	-1.7563494379566156e-05	3.638259821527742e-05	5.971206308633718e-06	6.657765178967922e-05	-9.119220285911654e-06	0.0	0.0	0.0	0.0	0.0	0.0	0.0	0.0	0.0	0.0	0.0	0.0	0.0	0.0	0.0	0.0	0.0	0.0	0.0	0.0	0.0	0.0	0.0	0.0	0.0	0.0	0.0	0.0	0.0	0.0	0.0	0.0	0.0	0.0	0.0	0.0	0.0	0.0
GCDF199	0.00545700734663827	-0.007585666538451147	0.0012001278119723	-0.002702009074986928	-0.0024376419173566663	0.0013258575532017604	-0.0018244809037489898	0.0008084713104612028	-0.00047705689432869254	0.0002417261700739872	0.0007407774194733199	0.0008896664989322139	0.0017444596085333716	-7.772646290745395e-05	-4.9932876846657114e-05	-2.3218052366893747e-05	0.00020420212039057553	0.00035805181041515644	-0.00011125813890123651	0.00029134827324708	-0.00035005939010716505	-6.396546876046344e-05	-4.553209050682426e-05	-0.00032614584692140585	-0.00041635154175857775	0.0006166624361517877	-0.00023523415986871548	0.0007713951399479224	-0.0006372580579015896	0.0001239389949371972	-0.0005812042246034002	4.929726628608769e-05	-5.183839689053828e-05	-0.00011272058140014082	0.0004647010022028237	0.0008145969400780035	0.0010659791565756254	-0.0010356586199955066	-0.0005165196176512845	-0.00023388977777092734	-0.0002044251212038419	0.001735337850122684	-0.0010673223026935426	0.0005826212247182393	-0.00022910896501380368	0.0007753101163140983	0.0005709160599335542	0.0005008438353113487	0.000235118225064056	6.110110283286352e-06	0.00030571858479184187	0.00030438441843237386	0.00033802983717485776	0.0002631111939355764	0.00020899772806359362	-0.0004031519903384879	9.029892975999798e-05	-0.00047601496436861385	-0.00013335830049440739	0.0002516814663663384	-0.0001383685651175018	0.0003100873447065681	0.00013455159301059566	0.0001417102569145928	-0.00031316520606445366	-0.00010618440926119949	0.0005932843098837088	6.122508498987291e-05	0.00047080000573463575	-0.0003216337163748554	0.00014070994507062377	7.693978289489684e-05	-0.0001449585517208892	-4.8105429520512054e-05	0.0002181655936021597	-0.00015050487951100922	5.648574635311696e-05	-4.744388642865717e-05	-0.00011785998429074641	7.090255183739165e-05	5.023154678255875e-05	-0.00012133847021466367	-4.9286908288773636e-05	-0.0002085554241185944	-2.0660254165950102e-05	1.7878056730065907e-05	0.0	0.0	0.0	0.0	0.0	0.0	0.0	0.0	0.0	0.0	0.0	0.0	0.0	0.0	0.0	0.0	0.0	0.0	0.0	0.0	0.0	0.0	0.0	0.0	0.0	0.0	0.0	0.0	0.0	0.0	0.0	0.0	0.0	0.0	0.0	0.0	0.0	0.0
GCDF200	0.03752448423110206	0.004840605507985624	-0.0035482460522324503	-0.0010269919569715106	-0.0010448365720521662	-0.0021134917464727026	0.0011195368552685816	-0.00067370968410861	0.0018607726825770662	0.0018440008465653228	-0.0010917546404902022	-0.0004228150731158729	0.00013795376140739415	-0.0005676126750487491	0.0003319357196733458	-0.0007608542408005129	-0.0011543871876532527	-0.0010586189657922841	-0.0006681400296965728	0.00027980618705355966	-0.0003973359755939234	-0.00025224945210481427	-0.0006199410582472851	-0.00014062738517963696	-7.347869462629365e-05	-0.00016993814935677547	-1.671519105791757e-05	-0.0010840179395930475	-0.0006120065973812365	-0.0006163408625714775	-0.0005595745152313931	0.0007501135804657039	-0.0013236507408049393	-0.0016304160950921334	7.225959741879721e-05	-0.0001588329658750882	-0.0001479469033847694	-0.0007994528416143158	0.0007205130793580481	-0.0005913756209121298	0.0005527740404099049	0.00026016478241980577	0.00010022133284883785	0.00023538574095800194	0.0004198370278784715	-0.0005973766623379113	0.00038507361102258777	-0.00043377602267128485	-0.00033944080299098934	0.00018453546735700972	6.391725585782067e-05	-8.6120425523233e-05	-0.0006175017666394522	-5.411155619200385e-05	-0.0005438961870961943	8.313752901634259e-05	-0.00010674124302377241	-9.361920846491711e-05	-5.6012436047689254e-05	0.0008594428496628963	-3.935715913173966e-05	-0.00011441972873576123	0.00025323235740343355	0.0002257361067609982	0.00023026163208977193	-0.00018176683284485074	0.000248276137473406	-2.0111636599942348e-05	0.0005904117886557112	-0.00033221409615061145	-1.4986545475513522e-05	-0.0002542017261431173	0.0001845388801874877	1.9423305881660984e-05	-2.724525307424577e-06	0.00015413333880326348	0.00013929438788474758	9.756916665277582e-06	0.00020757231555374706	-7.420847068869762e-05	0.00021643411935567044	4.649020423963443e-05	-9.103014726745657e-05	5.032204174193647e-05	0.00016250854416125646	2.506478999878132e-05	0.0	0.0	0.0	0.0	0.0	0.0	0.0	0.0	0.0	0.0	0.0	0.0	0.0	0.0	0.0	0.0	0.0	0.0	0.0	0.0	0.0	0.0	0.0	0.0	0.0	0.0	0.0	0.0	0.0	0.0	0.0	0.0	0.0	0.0	0.0	0.0	0.0	0.0
GCDF203	-0.018869740555640845	-0.012271450641205895	0.0028594061123742255	0.00033656504433440414	-0.003909046586396077	0.003989519560852533	0.002967736538685532	0.00020239626980395853	-0.0005484334342146305	0.0008268302697631918	-0.0005291152136149101	0.0011865933043449218	-0.002059489741214366	-0.00017073748298413287	-0.000763971672694238	0.000227078069545743	0.000336954837968579	0.00036055455878264983	-0.000300184020323151	0.0005375310465710174	-0.0003188015744583737	-0.0005139437231066811	0.0003319086967998105	-0.00022440290600394156	-0.0006954281702689358	0.001115188611968783	0.001010040907068408	8.109259966472612e-06	-0.0008159659206622576	-0.0005554229841156054	-0.00022429656841936035	-0.0011377511846826379	0.00012555327743971387	-2.9730020093796224e-05	-0.0005298653339904931	0.0012161462869962226	0.0005451482138958939	0.0002445789565289659	0.0006701321235125276	-0.000702229257695803	-0.0004411992125093114	-2.0797457634431694e-05	0.0005926553098071262	-0.0013567851639550276	-0.00016313080827538075	-0.00030943946804601476	-0.0005292496559995064	-7.174356266346203e-05	0.00017244784107922875	-0.00040613607728906266	-0.00019799188557841367	-1.9738966850469166e-05	0.00012394362060579004	0.00014049040963336643	0.000608157423036685	0.0005256517792703064	-0.00027090932123026006	8.161418774878784e-05	-0.00039603462042745406	-8.722836736128748e-05	0.00020739833997772723	-0.00043716018976265434	0.0003451790250478249	-0.0001554170262194415	0.0001957082673922953	-6.417787639670901e-05	3.267904540012627e-05	-0.00012846277682537793	0.00020447692286125645	-0.00018784813397814104	0.0001954684661842428	0.00014296325360415752	7.656656960199196e-05	-3.792267471761948e-05	-6.414993769760583e-05	1.1406408246166963e-05	-0.00017869767612894977	3.794810096354349e-05	-3.3400815218768025e-05	1.9067347882229848e-05	-0.0001435614882090477	-0.00018282955394760897	-2.8931454666147557e-05	5.5176881818186385e-05	0.00010231029030388124	9.09115075118294e-06	0.0	0.0	0.0	0.0	0.0	0.0	0.0	0.0	0.0	0.0	0.0	0.0	0.0	0.0	0.0	0.0	0.0	0.0	0.0	0.0	0.0	0.0	0.0	0.0	0.0	0.0	0.0	0.0	0.0	0.0	0.0	0.0	0.0	0.0	0.0	0.0	0.0	0.0
GCDF204	-0.13714087913123035	-0.036484341803172636	-0.03217700114821551	-0.004267224858464938	0.011677175887168403	0.00035138280154393216	-0.0004256091573523212	-0.0035435232564656077	0.0023188797512464004	-0.0008109374050997921	0.00031272616181849994	-0.00016454765734157545	-0.0007233821915121956	-0.0012243477607675182	0.0004525068300037003	-0.0005441337584958304	-0.0005494412765034377	0.0006484869208281551	-3.1093111533666514e-05	0.00047553068305770626	-0.0002387513326778126	-5.2242990256124474e-05	-0.00014108651049278144	2.351222259913818e-05	0.000276719400080792	6.826107720845464e-05	-0.00041620568239224677	-0.0005318754820322322	8.903583432061626e-05	4.975753574248127e-06	-0.00020467476828250246	-0.00010750408170170285	0.0004221757737692098	-0.00015855497541936294	-5.969897785069637e-05	0.0001095667429564334	-0.00018527193485746516	-7.288888570195294e-05	-0.0001035166913351763	-4.532753566571689e-06	-0.00023657866560479267	3.252164179303623e-05	0.00016203084481527572	0.00014128249438985263	-2.5232453026529144e-05	9.213270446205079e-05	-7.2878703776716435e-06	1.7151176641411932e-05	1.2448427774162415e-05	3.161073731604016e-05	5.1603179743430914e-05	1.5568935603271368e-05	-0.000121438809836823	2.2743199954184238e-05	-5.441180256033083e-05	0.00019687706235666414	5.5927340208438984e-05	6.557484573780618e-05	1.2961815561315078e-05	-2.7741071466755973e-05	0.00011767347276542981	-4.836166809930763e-05	3.290342417797665e-05	-1.4410468351972372e-05	-2.667473219628474e-05	-1.828034018275799e-05	0.0001080737294774831	-7.706100958783455e-05	9.411224886269365e-06	-3.294785612025322e-05	-1.5571906157378307e-05	1.9297274483373715e-05	-0.00010136481283368895	7.172475605296125e-05	-5.6738179293889656e-05	5.3163315605888536e-05	-5.7994711038556376e-05	-4.759282557830275e-05	4.465276846440286e-05	-5.2076137559806625e-05	5.751414360040449e-06	7.348309966273518e-05	2.2678227788358768e-05	-9.781534119955707e-06	-2.565685975266774e-05	9.753457383999373e-06	0.0	0.0	0.0	0.0	0.0	0.0	0.0	0.0	0.0	0.0	0.0	0.0	0.0	0.0	0.0	0.0	0.0	0.0	0.0	0.0	0.0	0.0	0.0	0.0	0.0	0.0	0.0	0.0	0.0	0.0	0.0	0.0	0.0	0.0	0.0	0.0	0.0	0.0
GCDF205	0.015113834482277714	-0.005091446002248582	5.281141764174324e-05	-0.003228586995215089	-0.003101524191659939	-0.00044855183700566887	-0.0019033375030138432	0.0006085074699347019	-0.002752168817262812	0.0006237889448122328	-0.0001253609633481471	4.958291670742555e-06	0.0003492127100450215	0.0003626531041802642	0.0001786030136854534	-0.0003071551907744914	0.0010125052884701559	-9.33163503339333e-05	0.00022450548849906925	0.00013275548921688	0.00038504048498052797	0.00031609978555384845	-0.0005866512965653637	0.00018169258341506483	0.0005590977105248492	-0.00013959364892657643	0.000732195530400121	-0.001010953262334475	0.000483113528911526	0.0009757477433677121	-0.0004190878876024059	0.0003597094482768533	-0.0005194101820499503	-0.0001973251399389924	-0.0010892197386808491	-8.53190085327553e-05	-0.00025979271453916385	0.00035130301116026983	-0.0002610918424055897	7.457884478986789e-05	-0.0001294760219913037	-0.0005135821021618117	0.00029762448614146033	-0.0007305940668949417	-0.00036371194511653914	0.0001827201523977591	0.0006703711976470347	0.00016169287712317174	-0.000288169206567758	0.0010162060626187738	0.0004569964154734872	0.00042047550277190095	0.0001521482834100419	-0.00025176017532924154	0.001240638677540559	-0.00047369465705509055	0.00024473520882807353	0.00034783949637734517	0.00012397926541718118	0.00023457068392554158	0.00048545994819480234	7.496808988290403e-06	6.259393833498225e-05	-0.000485066096982851	-0.0010777615974283464	7.97614242778108e-05	6.528705737846185e-05	0.00017289675630399463	0.00040520833494663743	-0.0003503793727404455	-0.00023274043655641303	0.00026739836785386414	-0.0001083336404382353	0.0002872748536571272	-3.2484356486479356e-05	4.294829262305474e-05	-0.00010358481058400238	-0.00019641982682724735	0.00023416835416806368	-2.2164172734225544e-05	0.0002135744573979421	-7.733817344261335e-05	5.2876342603536456e-05	2.000179914174654e-05	-1.4196777123147518e-05	-1.2129856375996806e-05	0.0	0.0	0.0	0.0	0.0	0.0	0.0	0.0	0.0	0.0	0.0	0.0	0.0	0.0	0.0	0.0	0.0	0.0	0.0	0.0	0.0	0.0	0.0	0.0	0.0	0.0	0.0	0.0	0.0	0.0	0.0	0.0	0.0	0.0	0.0	0.0	0.0	0.0
GCDF206	0.046150926460680974	0.0034694849925473057	-0.006379434191338664	0.0016455154646964252	-0.0019258559964520023	-0.0008550255047201491	0.0008193568040547316	-0.00024944842583354994	0.0005907588942032874	0.00016827207628333785	0.0002053599278420619	0.001433773589753227	0.0001776301583366234	-0.0006042982974601975	0.0003951656565069855	0.0001299826012828017	-0.0001680226470897427	0.000800358960472268	-9.073287587470989e-05	0.00035369135287771023	0.0004103497436632957	-0.0005443058208960151	-5.6648643830557685e-05	-0.0006025880808461082	0.0002455838780338117	-3.784324674330461e-05	-0.00014515791754572818	0.00032157918457797053	0.000407254363699865	3.0950533209417616e-06	0.0005540763473121685	-4.916295382373924e-05	0.00030855140775846405	-0.0005778213629215887	0.00023384777177555227	-0.0003697048962656759	0.00044473780320840534	0.00041945796336563643	0.001100639000901361	0.0006149131509948033	-0.0005646938971029007	-0.00036811091472647474	0.0009308515811633752	-0.00033017462741866046	0.00020479871266589902	0.00041708843594756687	-0.00014300989957216688	0.0013140826250788006	0.00020865139092811287	0.0005397148701013224	-7.731540539549055e-05	-0.0010490258558860123	0.0011368357083382627	0.00043704315615981796	-0.00035901904919637275	-0.0006078528241182752	-7.965929648180654e-05	-0.0006134284393345259	5.700447472718904e-05	9.909620448728775e-05	0.00010549139212070346	0.0004379283303695463	-0.0002903275944420646	0.0005157781042502244	6.64406281317193e-06	-0.00042457032168577067	2.8189281917380537e-05	-0.0005244357578194162	0.0005357683221335856	4.601476992606223e-05	0.0002548329170090556	-4.806502608899872e-05	0.0002326047624290689	0.00030730383454101283	9.500724899567174e-05	0.0004000625451780304	4.31460890402659e-05	-0.00037008294068774963	4.13443767012424e-05	-2.6993117005296305e-05	2.756603591216387e-05	0.0001984337959990453	5.256747834314841e-05	0.00014881879388272746	5.499140727862945e-05	1.0043882682992699e-05	0.0	0.0	0.0	0.0	0.0	0.0	0.0	0.0	0.0	0.0	0.0	0.0	0.0	0.0	0.0	0.0	0.0	0.0	0.0	0.0	0.0	0.0	0.0	0.0	0.0	0.0	0.0	0.0	0.0	0.0	0.0	0.0	0.0	0.0	0.0	0.0	0.0	0.0
GCDF208	-0.058988145368993744	-0.0079458520457435	0.005044615172037373	0.0038662333714347937	-0.005708533510042871	-0.0005448799931952046	-0.002831070654533575	-0.0005908819986351371	0.005686935983173344	0.006604370881717411	-0.005907511531679605	-0.0036061261727549816	0.0023854982620532725	0.0020449909323291657	-0.00047765265824474757	0.00020980248834133182	0.00028918370872435534	0.0009274425449381413	-0.00012097996354737911	0.0004582384821405675	0.00015921727877089218	-0.0005355841968823494	0.00016248983912581553	-0.00018896198164552054	-6.131269364921654e-05	0.0005842819909531385	9.790329252559024e-06	-0.0003286862582988778	8.04116585015602e-05	-0.00010433953954973716	0.00029960569861631133	-0.00011947119066875793	0.00036386096043633244	-0.0003561972448634827	-0.0003147447212104293	6.74273714680867e-05	-0.00015356061338121698	4.531384930613953e-05	-0.00017341142900697445	-0.0001689261336940784	-0.0001105021902357268	-9.201253906850014e-05	-8.117649605499031e-05	-2.5429972663223107e-05	-3.799108117206423e-05	-0.0003051872606938961	-0.0001164943419704988	0.00019416160085059626	-0.00018843206705546474	3.6150518529650984e-05	-4.459336879565973e-05	0.00019095618423530553	0.00012283613012805381	5.444714272399149e-06	-4.7122333706299966e-05	-0.0001130802507080722	0.000165938736764679	3.036986919905078e-06	0.000106433092014601	2.0122120704475184e-05	-9.597801018021926e-06	-0.00013106361961128334	0.0002624970163460906	0.00013153857651747365	0.00011883916997833633	-4.801000065855857e-05	0.0002541064976187331	7.640314874996331e-06	-1.5431695350264576e-05	-2.852681581675447e-05	-2.8940212666818184e-05	8.930586273006011e-05	4.4217802770916914e-05	-1.0197153410622505e-05	4.1959885156232e-05	0.00012755433441061874	-3.6984259773005404e-05	7.556960933867293e-06	-1.2453674751223803e-05	-7.26828423516414e-05	1.0631584640857853e-06	2.0643659747936043e-05	-1.3507352042347928e-05	5.573590711542383e-05	-7.096906982723527e-06	-3.0852381369666196e-05	0.0	0.0	0.0	0.0	0.0	0.0	0.0	0.0	0.0	0.0	0.0	0.0	0.0	0.0	0.0	0.0	0.0	0.0	0.0	0.0	0.0	0.0	0.0	0.0	0.0	0.0	0.0	0.0	0.0	0.0	0.0	0.0	0.0	0.0	0.0	0.0	0.0	0.0
GCDF209	0.04290406775497128	0.005920879943434676	-0.004796802094038892	0.0005142384321689205	-0.0004393518156987173	-0.0007543096655817783	0.0008479987277010157	-0.00026860615788200235	0.002410817540276802	0.001562918179939334	-0.0012255330829523468	-0.00028647596638449777	0.000701647236297375	-0.0010823286924117046	-9.446880304671383e-05	-0.00087900053712799	-0.0002826139822913146	-0.0013916057162960118	-0.0006701545234906463	-0.0009338898242757386	-0.00010473871970540522	5.128888282343546e-05	0.0007047088962892469	-0.00022126670934837766	-0.0002452896085811009	-0.000148159523724016	0.00014975920339904282	0.00014651891695879982	0.001782980509229873	-0.0010973055829905632	0.00010768615741808719	0.0008298324568843449	0.00035358262223073587	-0.0003620527340157339	0.0008858377768290372	0.0006728495047554637	0.0003648823185180885	-0.00011508397991546027	0.000160762293969388	-0.00027285621847871524	-3.967232522996516e-05	-0.0008777753474715877	-0.0009251447634719086	-0.001009415860190187	-0.00010494613949126542	0.0008102327431445691	0.0005725522472969581	-0.0007196087749016574	3.735286215296736e-05	0.000385533925221161	-0.00036179600655446536	8.808844961478278e-05	0.00020456479718680795	8.415672195328626e-05	0.0006126093106229423	-2.851599201765753e-05	-0.0004021339430419611	-0.00019716529604637168	0.00019048356400971426	-0.0003560497083232138	-0.0007474211550601902	-8.289571504996519e-05	7.471286635432128e-05	-0.00011472152010104206	-0.00012984219710940342	0.00018125950154186782	-0.00019999996285578376	-0.0003599310954430845	-3.696140547504227e-05	-0.00013581038044157745	0.00040709736927581927	-0.000358998320002754	-0.00015300213806371076	0.0001246194604193709	-9.747809847858502e-05	-1.1052095320695447e-05	-7.23226530458937e-05	0.00011660686405026428	-0.00017181886248883018	2.3867372598594587e-05	5.227318117022958e-06	0.000229409948485592	1.5332605236839953e-05	-0.00010213372697662921	-2.7195260082488213e-06	-2.893669364765107e-05	0.0	0.0	0.0	0.0	0.0	0.0	0.0	0.0	0.0	0.0	0.0	0.0	0.0	0.0	0.0	0.0	0.0	0.0	0.0	0.0	0.0	0.0	0.0	0.0	0.0	0.0	0.0	0.0	0.0	0.0	0.0	0.0	0.0	0.0	0.0	0.0	0.0	0.0
GCDF210	-0.0612472717309699	0.008254013864095466	0.011850353822721198	0.0024787893740713094	0.0006672873292040437	-0.0007706582935549067	-0.004524115989344957	-0.0013171957635932702	-0.0004751364920208098	-0.0017805270890843177	0.0011341946795066279	-0.0012278118960881645	0.0012029429334648339	-0.0004308732944858001	0.0016589035436511397	-0.00242106801291088	0.0010800223108358479	-0.00034558011722420355	-0.00019029454634719088	0.00021560311902620082	0.0013266917969960916	0.0008586115216961156	-0.00043392931478098605	0.0009143349000362772	-0.0025353230119129345	0.0002306612961223979	5.863030282603186e-05	2.4196624971401945e-05	-0.0003027218668512758	-0.0013066168571002484	0.0008231560456504817	0.000794954025959703	0.0001640938121051008	0.00031344350947791613	-0.0007007042544719015	-0.000494035215449093	0.00012666824180867058	-0.0010364524159077258	-0.00032494463218496304	-0.0002341956237023798	-0.00037850287276269595	-0.00027198439312711747	-0.0002432088615978804	0.0002654657347473855	0.00016641783208596318	0.00048516234044376473	-0.00021841124204364278	0.00039877469133119825	-1.1093332811054742e-05	3.0912628842269975e-05	-8.213337462353485e-05	-0.00011652727409514197	-0.00024106092532802574	-4.1853430729777204e-05	7.152550641421013e-05	0.00016899686170558886	0.0003090183544731854	-0.00022610350936159	-0.00011246582800238274	0.00024121045399981542	8.502272252561205e-05	-8.310358993023849e-06	-0.00013257130303326014	0.0002538326002804579	-0.000171616623880829	1.1888662966794659e-05	-0.00015217130376534574	0.00015952675018750104	-4.8036628665407e-05	0.00013708536654353243	0.0001575198958324664	4.4360012166639145e-05	-0.00042105735004919554	-9.38857043410503e-05	-7.655231956938816e-05	6.351310646559329e-05	-0.00021931999201239383	-7.002163434860846e-05	-0.00012219690022459447	4.035192134839469e-05	0.00015486516409975566	-0.00010484130964516963	5.4712568273796876e-05	0.0001237666102786614	4.043532103575202e-05	-6.784276368241641e-06	0.0	0.0	0.0	0.0	0.0	0.0	0.0	0.0	0.0	0.0	0.0	0.0	0.0	0.0	0.0	0.0	0.0	0.0	0.0	0.0	0.0	0.0	0.0	0.0	0.0	0.0	0.0	0.0	0.0	0.0	0.0	0.0	0.0	0.0	0.0	0.0	0.0	0.0
GCDF212	0.006839248655014946	-0.007885930004608358	0.002809363338144963	-0.0017129259620165594	0.0015135100385749581	0.0013120102024667538	-0.0022260840029855967	0.0005217789411087807	0.0007672842464752856	-0.0012110815885729314	0.0009791270459008495	0.00018027475425148247	0.0012611502678693482	-0.000873583203534932	0.00032635224905596256	-0.000600844153077543	0.0008758696600641965	-0.00011497777594244553	8.394806740373676e-05	-0.0001342126628686886	0.0009175751383100349	0.00014531744438661377	-0.0010011370822374864	-0.0006184902418950375	-0.0008839942581131982	2.8522593064200945e-05	0.00020328510297894275	-0.0008606335001346587	0.00021414340159778544	0.00034362384205477214	0.001443899008750209	0.0003616923756996191	-0.00038510001809236656	0.000898522275289528	-0.000721403787625141	-0.00022971569944796468	-0.0006935817690248316	-0.00012608208277441817	5.1527781405293806e-05	-0.0004955315217053856	0.0003611039091817068	-0.0009428619096084929	0.0007627977760531447	-0.0002769175078084379	0.0003351481246873438	0.0004238007291263786	-0.0008678472237860401	-0.0008397876988212688	0.0006229180179419107	-0.00030093048660336414	8.846348907402381e-06	0.0004008937974291993	-0.0005940760182796392	0.0005829132079316268	-0.0005537577153282309	-0.0002478721173625744	-0.00045642729033123055	0.00023434709300187173	0.00014658422947822386	-0.00014183507211161872	0.0004839770703683546	0.0003420732661670561	0.00010025971887973825	0.0004185579290620165	-0.00016116604214614388	-0.00023864562624692514	0.0002648972189450172	-0.00015811605370380906	0.00012703377181214818	-0.0005247394385747543	0.0004927988880136953	0.00013583187334117295	3.745905455167264e-05	0.00016511409242955075	0.00012583838585178373	-0.00037940718969280634	0.0003916046723791374	-0.0001722211772356784	2.9762008641689337e-06	-2.6483204488275156e-05	-0.0002818349971956327	7.48843027972632e-05	-6.040047023823209e-05	-8.746648065607736e-05	-6.542007103871928e-05	-2.7752281781381588e-06	0.0	0.0	0.0	0.0	0.0	0.0	0.0	0.0	0.0	0.0	0.0	0.0	0.0	0.0	0.0	0.0	0.0	0.0	0.0	0.0	0.0	0.0	0.0	0.0	0.0	0.0	0.0	0.0	0.0	0.0	0.0	0.0	0.0	0.0	0.0	0.0	0.0	0.0
GCDF214	-0.13852876857614319	-0.036398492249079546	-0.03342946736333339	-0.006863286184503238	0.0009733218164082388	0.0023845506902650175	-0.0009011099694895278	-0.005216816853133596	-0.0023445397684656558	0.005546537200525806	0.0016658438001345296	0.001398407177456434	0.0009907369310495568	0.0008560997584658292	-0.0011067827677110184	0.00043622870711100694	0.00044948237931913997	-0.0005066716191262787	7.491403446550815e-05	-0.0005981600244962022	0.00042164480392257054	8.119505514682114e-05	0.00020832872772441843	7.960815220424975e-05	-0.00020289100187794	-0.00010052888912511587	0.0004531106682421155	0.00044950795410899204	-8.018139574801617e-05	-9.88856068668274e-05	0.00019953207392645514	0.00012363927568868703	-0.000409027690327756	0.0001470690678321146	9.974160848731219e-05	-5.944228036881039e-05	0.00012808016182172186	7.985719784752712e-05	8.284341166708187e-05	-2.8150117394034123e-05	0.00021344920100427062	-5.144556016098963e-06	-0.00016123331046062373	-0.00013723180349823732	2.5713353707479395e-05	-9.564443795824253e-05	-2.1458351471165814e-06	-1.616676455543729e-05	4.876088493227037e-06	-2.3802796328623814e-05	-7.53758685671779e-05	8.070161531161811e-07	0.0001243360126437927	-1.6122313694568604e-05	4.154719104435041e-05	-0.0001730816947338122	-4.811868669084378e-05	-4.593934706050207e-05	-2.5235146990898953e-05	1.9138212926618017e-05	-0.00010555966532220664	5.035943006586954e-05	-1.4692770504836882e-05	2.541612041848751e-05	3.5606960251127024e-05	1.3786687289378089e-05	-8.046908647636943e-05	7.661722199347365e-05	1.864112998408437e-05	4.397848251170505e-05	7.961688361608143e-06	-1.5899305496897817e-05	0.00010544117249593104	-5.819243801564054e-05	7.278215170320327e-05	-3.8942212257068524e-05	7.308411347181076e-05	3.807352358447972e-05	-5.026074210483113e-05	4.309572026083556e-05	-6.822025710045722e-06	-7.1767719411739e-05	-2.773079731733323e-05	1.5342640834836426e-05	2.092649916954851e-05	-1.0620812992797537e-05	0.0	0.0	0.0	0.0	0.0	0.0	0.0	0.0	0.0	0.0	0.0	0.0	0.0	0.0	0.0	0.0	0.0	0.0	0.0	0.0	0.0	0.0	0.0	0.0	0.0	0.0	0.0	0.0	0.0	0.0	0.0	0.0	0.0	0.0	0.0	0.0	0.0	0.0
GCDF216	0.0217044235959002	-0.0039079178655535216	0.00038324084694936684	-0.0014248760171041686	0.0006360028918436136	-0.001065990376957393	-0.0016967125936299652	-0.0009120692110097975	-0.0004200283057023038	-0.0011314039298891733	0.00017818696899588724	-0.0012195335823729852	-0.0006668519503018849	-0.0008430979775323862	-0.0003934370046784886	-7.826144780193494e-05	-0.00016261751896955526	0.00014155119488991507	-0.00028010866561031973	-0.00015424916096479203	5.410471319294887e-05	-0.0004093940011379298	0.00039933557785405227	5.016686489424269e-05	-9.598086530633674e-05	-0.00025127555563400346	0.0003768405147318815	-0.0002736751047357243	-0.000669656799444461	-0.0004933012865569983	0.00044567156710604823	6.975270667682961e-05	0.0009836329007078806	0.0009575029605589718	0.0007524808783385308	0.00011765872340220557	-0.0009444662034606407	-0.0004946823512297462	0.00024447690659484475	0.0009465347754603588	-0.0006495860727809037	6.564344914226344e-05	-0.0007433819050303329	-0.000554446393006635	-0.0007917236455450592	0.0007732843501281386	-1.6133316124842442e-05	0.0003830683318963063	0.0005995418266932811	0.00010191722227471726	0.0003395407048033001	2.9743177648600498e-05	-0.0005134927191442498	9.610806947180123e-05	-0.0005303423577988086	-0.0002224728787898399	0.0005299014900729979	0.0006783257836785742	-0.0003094921653834765	-0.0003895637426051894	0.00014412834517973613	0.0006730567955057419	0.00029945214625035906	-0.0008193602818090799	0.00029663694886622227	0.0005491540467922525	7.58105988110844e-05	-7.116887464333438e-05	0.0006394721263180917	-0.00029724480138892885	-0.0001456476525552869	-9.26844923954006e-05	0.0006807724721316493	-1.6479534050607288e-05	-0.00037041421250992015	-0.00014581602316500916	-0.00018437347670238033	1.8006865071060687e-05	0.00018067324158040098	0.00012536462943706127	0.0002259635809949614	-3.6471223610504025e-05	-6.7915754582082405e-06	6.399396837488894e-05	0.00011865676049447112	-6.963330033299946e-06	0.0	0.0	0.0	0.0	0.0	0.0	0.0	0.0	0.0	0.0	0.0	0.0	0.0	0.0	0.0	0.0	0.0	0.0	0.0	0.0	0.0	0.0	0.0	0.0	0.0	0.0	0.0	0.0	0.0	0.0	0.0	0.0	0.0	0.0	0.0	0.0	0.0	0.0
GCDF218	0.05535746751627884	0.006531331717592908	-0.009510162318581507	0.002486688213943192	-0.003888696467632	0.0019083844487894188	0.0005399757893652787	0.0006681831048320681	-0.0010404781872870416	0.00037246105234832705	-4.9816685200385504e-05	9.83897375272922e-05	0.00048704282166801914	0.0005930716076185888	-0.000758358689244295	-0.00025712409034138597	0.00034148311494611703	-0.00035144516878224554	-0.00015869831307103863	-0.00021023195973231574	0.0003713605690802493	0.00014433845020250544	0.00047330880580488346	0.00039092569557582857	0.0005851349109911999	0.0002992967345240057	-7.277958488100595e-05	-0.0007493944206924077	0.00023643081750844954	-0.0004324755504028359	-0.0005191307493461053	8.958466602899785e-05	0.00047401362985449236	-0.00030310721457918975	0.00023146659672415964	0.00014023346254282817	0.00014583879496358234	0.0001717864825876734	0.00014269891150796153	0.00017949861619421452	-0.00020622533433338843	-0.00021447931695573456	0.0001971700280631921	0.00021562772780627353	-0.00010513361333122268	0.00019057630226547895	9.172423013359945e-05	-4.610202501148859e-05	0.00032231481094223283	0.0002572318547509398	-0.0005198095841017029	-0.0001195439149841386	-0.0002765759924455448	0.0004780182489169452	0.00017541420635937694	-4.693594591575563e-05	0.0009293425432032831	-0.0006411602624733272	3.0032888615450967e-05	0.00014133312664703414	0.0002254776018964933	-0.00037646585961381067	-0.0005293780982569348	0.0002834508482747493	-9.392586381493054e-06	-0.0008315935611546562	0.00034320122468639016	-0.00038313776345494914	0.00013283018468266655	0.0003613410301904443	0.00012101842918101897	0.0005668068923707523	0.0003911939190175438	5.512522499022753e-05	-0.0005565366934191446	-0.0008150945065541484	0.0003979963796950838	0.0006406441719484327	-8.03028575910923e-06	-8.285701523089515e-05	5.0626376112613296e-05	-0.00023673852984219384	4.575097530952217e-05	4.849383598510409e-05	5.762077986179022e-06	1.0099184749044254e-05	0.0	0.0	0.0	0.0	0.0	0.0	0.0	0.0	0.0	0.0	0.0	0.0	0.0	0.0	0.0	0.0	0.0	0.0	0.0	0.0	0.0	0.0	0.0	0.0	0.0	0.0	0.0	0.0	0.0	0.0	0.0	0.0	0.0	0.0	0.0	0.0	0.0	0.0
GCDF221	0.026499999427759574	-0.0033642899075214507	0.001195452870709612	-0.00036441898840656426	0.004342874372961613	-0.002118030611685693	-0.00021303125563301562	-0.000506658133912572	-0.0004387713966204523	-0.0009497280981473503	1.8779524608672114e-05	-0.001736982860134273	-0.0010731698867890264	0.0008866881088763138	0.0003255089232782767	0.00026188572214157587	0.0007692208835404036	0.0001161335954900664	0.0006441309278435675	-0.0010213568515813187	-0.0001406092320547459	-0.00044735728960459194	-6.928638705311134e-05	-0.00046745802938744676	0.00042321156147306465	-0.0007596572857025916	-0.00013744153061379455	6.136642404812164e-05	-0.0008176457783657324	-4.4452225174620595e-05	0.0001230385831655459	0.0001471608770329194	5.566332589142503e-05	0.0004727390380106391	-0.00044907533352773213	0.00024651823713319756	7.381862724501495e-05	-0.0003674503619290618	-0.00018188518326701212	0.0002279078062271961	-0.00022410820256781632	-0.0001997110036648644	-7.272046252178444e-05	0.00031059385666079434	0.0001584536650907561	0.0002376231813013093	-0.00023960703707643727	-0.000706134840523011	-0.00025488932561298043	-9.020909378839766e-05	-5.2439818542870355e-06	-0.0006810734520701291	0.00031418364840625506	0.0001595756342658694	0.00041739980584686953	7.495857771924984e-05	-4.959222019425701e-05	-8.733730659152938e-05	-0.00021108743849722518	1.263213910395923e-05	-0.00038439025422322474	-0.00028484829106497186	-0.00017503235412017252	0.0004156312076101419	0.00026732218346340393	-0.0004322767704231597	-9.596962587589168e-05	0.00025737494716893345	-0.0001619382867388706	-0.0005793670744514567	-0.0003811378086700692	-1.8073012250993427e-05	0.00034603018818782534	-0.00016865223065535632	-0.0002438320869364091	8.37155454122709e-05	0.00022124985714899238	-0.00011764928523528298	0.0004812076013318683	-0.00032181734475911715	0.0004289097701756017	0.00016520481955725343	-0.00020804616060401322	-0.000325601429375484	-7.884545235356882e-06	-2.7412753055873093e-05	0.0	0.0	0.0	0.0	0.0	0.0	0.0	0.0	0.0	0.0	0.0	0.0	0.0	0.0	0.0	0.0	0.0	0.0	0.0	0.0	0.0	0.0	0.0	0.0	0.0	0.0	0.0	0.0	0.0	0.0	0.0	0.0	0.0	0.0	0.0	0.0	0.0	0.0
GCDF223	0.02273916572022858	0.011345401123604607	0.0009238050016723695	-0.006438379162091542	-0.00037266682018666323	-0.002484649154053874	-0.0012834719466406246	-0.00026699657425655884	0.0017810819146231605	0.0035444600168453868	-0.004574421148606735	-0.0017195195934841022	0.00023542168260187073	0.000957000159767791	-0.00010081025512962723	0.0004661835653783143	0.0013832313332607904	0.0016091628349217384	0.001129704854938209	0.0016291826678228637	-8.513559235642722e-05	0.0006111929513861552	0.0005821589160902074	-0.0004471343287091323	0.0006310925765398358	-0.0009765325466900109	0.00014420209584256003	0.00029242937837961906	-4.118791595435473e-06	-0.0006525842265253184	-0.0005627875450010632	0.00014466294110018402	-0.000514561429372255	0.0002839055606500552	-0.0008826069969902584	-0.00021949894561912501	-4.055313666190942e-05	0.00021004485460886192	0.0001915381772514069	-0.00014670675984969057	3.716249073542711e-05	-0.00019419979072743184	-2.601020332484423e-05	0.0001020240657464797	0.00020213466896519715	0.0006702731048081709	2.9189644661213498e-05	-0.00016793930835148587	-0.0003069349559741316	4.235164666381611e-05	-1.0515553750830782e-05	-0.0001668995875830297	0.0002629806622902982	-8.761138863161499e-06	0.00011785472033255958	0.0003373138885180611	0.00024897152045851587	4.587488445034823e-05	0.0002446884444464246	-0.00030471228420441955	-6.01313093016375e-05	9.956575168099588e-06	-0.0001349036414699144	0.00012227908853365858	0.0002933347619129254	5.3746335888973336e-05	-1.7537121068494356e-05	5.472847908288249e-05	0.00034168401526251985	-0.00016307477046050134	-0.0003009099829806288	-0.0004933681695382885	0.0001038832666191475	0.00030712040329425907	-0.00016110801122592379	-0.00012617607878978926	-6.531972547355826e-05	-0.0001095417932193089	-0.00030115168228178683	-2.0856678748005528e-06	-1.2678808434102745e-05	-8.626236477530265e-05	8.467608566617034e-05	5.8630983808778746e-05	-8.000261806630838e-05	3.946587637205913e-05	0.0	0.0	0.0	0.0	0.0	0.0	0.0	0.0	0.0	0.0	0.0	0.0	0.0	0.0	0.0	0.0	0.0	0.0	0.0	0.0	0.0	0.0	0.0	0.0	0.0	0.0	0.0	0.0	0.0	0.0	0.0	0.0	0.0	0.0	0.0	0.0	0.0	0.0
GCDF226	0.06479670126824974	0.008670280367189137	-0.012694384319089041	0.0035529200404484053	-0.0053182534193715065	0.005380316215705559	-0.001112383276079383	0.0009859476195139593	-0.003266618534991186	0.0008352679801705747	0.0008037620904094993	-0.002275932516619365	-0.000257124980619272	0.0014876357841719255	0.0003769628167742815	0.0009445129755741108	0.0004267014606952304	-0.0005245626543695474	0.000790732978885806	0.0003117791530844308	0.0001038010490830883	-1.590324392516675e-05	-0.00043707162965383095	-0.00021088208323151607	-0.0004549915109820375	0.00015615225691195726	-0.00015501474505534167	-0.00018173823984627573	5.100946532166839e-06	8.94255980344201e-05	-4.1900390738004956e-05	5.7442103942598245e-05	-4.764438629243245e-05	-8.049176913975549e-05	-0.00011302048205446763	1.748736446037871e-05	-0.000223579298990897	-0.00016814028488473904	4.2208487371593834e-05	-8.641925641977173e-05	-0.00020051127020148839	-4.283182531169965e-06	3.194626784937842e-05	-5.0851478171150595e-05	-0.00017728312309572456	-6.30285504900787e-05	4.2849181507715775e-05	-3.1001853613319674e-05	-5.8799636502560596e-05	0.00033724575027038506	0.00012335012819275097	-0.00011711475442517303	0.0001357110359428347	-1.4184941216615612e-05	-9.020925035997074e-05	-1.4934023950977455e-05	0.00012679359008427646	8.343550072185588e-05	0.00010671179022654451	-0.00011455159865492938	3.5961707166482704e-05	-0.0001371411732288742	0.0001695063054868961	2.7705354173229003e-05	7.325847871357621e-05	0.00011066209358031229	6.646785733657699e-05	-1.7802149172443356e-05	-0.0001108476428928069	4.046395629184596e-05	0.0003276034571434814	0.00019613034660623631	-8.101402205395771e-05	0.0003979523384459095	-0.00036025910157637837	0.0008395231536479826	3.029996832303885e-05	0.00026899250595626193	3.343893977365868e-05	8.019531234776648e-05	0.00011522488215695238	-5.9464133790314594e-05	3.1300967388995036e-05	-0.00016908553723158745	-7.505438673823673e-05	2.9324039035906752e-05	0.0	0.0	0.0	0.0	0.0	0.0	0.0	0.0	0.0	0.0	0.0	0.0	0.0	0.0	0.0	0.0	0.0	0.0	0.0	0.0	0.0	0.0	0.0	0.0	0.0	0.0	0.0	0.0	0.0	0.0	0.0	0.0	0.0	0.0	0.0	0.0	0.0	0.0
GCDF230	0.0408350597162876	0.0016677590136468816	-0.004313444214083656	0.0013372357133380824	-0.0002882126213397021	-0.001663668122025843	0.0007598710659412431	-0.0007406828333155892	0.0014155531176399483	-0.00024674193986476807	0.00045684131758460226	0.0012873810351397036	-0.000544729925034461	-0.00047340796061312937	0.0007617129244746835	-0.00014373159560184751	-0.0003765204689179869	0.0009323878543009428	9.834949061000321e-05	0.00014581226662083968	8.137918929708649e-05	0.0009018163834753834	-0.0004773655948622667	0.0005966883319076767	-0.00010159620827933911	0.0006735777996966387	-7.27334886611111e-05	-0.00014773546240728113	-0.0011801905955466532	0.0002521909734122156	-2.7958254645517623e-05	-9.178538850055284e-05	0.0001374588195414745	0.0008840295198919158	-0.0005333486614894263	-0.00048527585159769174	0.00021819727851152192	0.00036753518187688177	-0.0002407324503931576	0.00041552540004840464	-0.0007827877765051893	0.0006702499753189205	0.0005824777073387579	-0.00034918668605541406	0.0001287748234735889	0.0001589776611681148	0.0007708369289984871	0.00032704507343833233	-0.0003305623750031845	9.150544263627495e-05	-0.0005933576542957184	-0.00037932043448190547	-0.000415175295711354	0.0002924531631881419	-0.0007481600122885155	0.00021162190873357854	-0.0005529754820251218	-0.00010637533212053042	0.00019328867685198167	0.0001270533542194588	-0.000340401884195824	-0.0005798748678767044	0.00025797232255273623	0.0004002646769957364	-0.0004948628288717194	0.0007836888393506785	0.0005859634018511002	-0.00045451871922605106	-0.0005607619090814332	-0.00010242431598660904	-0.00012378529250359286	-0.00036341977219738397	0.00018510589733814763	0.0005596193150548968	0.00013833346440171145	-0.00018371896248139477	-5.074271112784663e-05	0.0001507048609940839	8.366460746042687e-05	-0.00017624152095566375	0.00015946546926872386	-7.5232239239104e-05	2.3896567766608206e-05	-3.353653373084776e-05	2.8023563059785834e-05	-3.163945136254391e-05	0.0	0.0	0.0	0.0	0.0	0.0	0.0	0.0	0.0	0.0	0.0	0.0	0.0	0.0	0.0	0.0	0.0	0.0	0.0	0.0	0.0	0.0	0.0	0.0	0.0	0.0	0.0	0.0	0.0	0.0	0.0	0.0	0.0	0.0	0.0	0.0	0.0	0.0
GCDF244	0.05571937166431889	0.005992876760182254	-0.009140071035818483	0.003859607703777616	-0.0018037374118676022	0.002436003779670903	-0.0002454038530829585	-0.00030196244997896725	0.0007713778599148908	-0.0009653550568746339	0.00038343004884538475	-0.00020581498506634042	0.00045248770235675767	-0.0007401674622630318	-0.0011127594721122903	-0.00011222609488988167	-0.00028770673900549605	0.0002759627703377403	-0.0003738016806272417	0.0001836151384398477	2.817364716676838e-05	0.00016800761668653194	0.00040466070946707167	0.000143324067834464	-0.0007669383767437684	-0.0003983513827075786	0.0004468470940845576	0.0006587084422181014	0.0002218550667720645	0.00023456785763384673	3.723658147213911e-05	0.00036391537017359255	-0.000792513596746692	0.00021425340769415835	-0.00014026039508086255	5.526484660848439e-05	0.0002424423822932067	5.348132261006391e-07	0.0001638679297518732	0.0002522239800640763	5.5343386781721216e-05	-0.00030466586630175247	0.0004029699070459803	-7.982493614435313e-05	0.00020248065089314656	-5.6159164504515454e-05	-0.0005749722153142874	0.000548262671631463	-2.7212204380804483e-05	-0.0004116639744067361	0.00026725612513744056	-0.00031936091805620493	0.0004696767557794077	-4.715157258068895e-06	-6.605912158303876e-08	-0.0002751951421568908	-6.704369953543148e-05	0.0005748964355177857	-0.0001390353578874272	0.00042227206217679937	7.954611448750274e-05	-0.00011103452547081685	6.414924604472675e-06	-0.0001087350578818427	0.0005342476945668599	0.0008926494513618322	-3.4329940652309106e-05	-0.0005062616615634911	0.00045486935335110895	-0.00041700405229176506	-0.00019147105593509748	0.00017357786289363194	-0.000755898178809675	-0.00017967566968636546	-9.170603693756618e-05	0.0003140857018447291	0.0005277714845122833	0.0005172333372572774	-0.00026562320741934395	0.00020330750886291858	7.494643475787392e-05	-2.497373953285604e-05	3.3384993999816014e-05	-0.00015570788669729463	-5.963608420935495e-05	-4.736167887695156e-05	0.0	0.0	0.0	0.0	0.0	0.0	0.0	0.0	0.0	0.0	0.0	0.0	0.0	0.0	0.0	0.0	0.0	0.0	0.0	0.0	0.0	0.0	0.0	0.0	0.0	0.0	0.0	0.0	0.0	0.0	0.0	0.0	0.0	0.0	0.0	0.0	0.0	0.0
GCDF246	0.04048415309182593	0.006506633930716241	-0.004674585590632713	-0.001063039193559194	-0.00208364718137387	-0.00169238123697059	0.001339765662081311	-2.7221183357231896e-05	0.001403693908786289	0.002982058618792736	-0.0016653030995094026	-0.00011833012517600206	0.0002909716212796005	-0.000476513438107054	8.46489313230339e-05	-0.000821488994903656	-0.0004749212891607911	-0.0013529458774663478	-0.0002226128696028929	-0.0007182701167083048	-8.867931851776827e-05	-0.00029858060306071026	0.00010006524567433198	0.0004923486412620583	0.0006697589084232135	0.0003112764544787379	-0.00010524097296910119	0.0005984366030789436	-0.0012890086324354668	0.0009296433419897965	0.000593047297317932	8.932734625985025e-05	-0.0002976277023430512	0.0003551286627593643	-0.0006464004628671761	-0.0007260150806152008	0.00033562183730428014	0.00027531999801425874	7.632413345406977e-05	1.7967576626186892e-05	2.0711060154222134e-05	0.0003584072035681888	0.0004073300083242171	0.0004994360239680853	-0.000901969486713203	-0.00030605342844252135	-0.00014339978744945392	0.00022269270357307063	0.0008622397142755857	6.240085449851513e-05	0.0003359078762609428	0.00018055058940038353	-7.424242027017146e-05	8.758994823072249e-05	-0.00032752543118338577	-5.968938700071507e-05	0.0003510541816554273	-0.0006229605656334421	-3.274343423986167e-05	-0.0007589227750365199	-0.00018763183204212658	-0.00013940014823121615	-0.00015316050209107103	3.224972900474814e-05	-0.00041158872979531484	0.00010772422746611168	-0.0005378366044745325	0.0003407817333599029	8.950630426029948e-05	-7.255316293153513e-05	-0.00028587231440359924	0.0005081202235964193	1.1056532970508427e-05	-0.00016474744635824935	-0.00029623400855720576	0.00019553794202245846	-0.00010162459055800381	3.6678271857456216e-06	4.259879978181793e-05	0.00016191614618483213	-0.0003508180007634027	6.853063902020394e-05	0.00014900252233214698	6.207848272486037e-05	-5.044811639687201e-05	-2.1826906642963245e-05	0.0	0.0	0.0	0.0	0.0	0.0	0.0	0.0	0.0	0.0	0.0	0.0	0.0	0.0	0.0	0.0	0.0	0.0	0.0	0.0	0.0	0.0	0.0	0.0	0.0	0.0	0.0	0.0	0.0	0.0	0.0	0.0	0.0	0.0	0.0	0.0	0.0	0.0
GCDF252	0.018391547309456757	-0.010857038969554566	0.02703491156428307	-0.026082263079043655	-0.002820589377098397	-0.002388525800341546	0.016074035197322846	-0.003056332484558125	0.002877479900975022	-0.002505120369701562	0.004316435545226686	-0.005802111393206224	0.0005660849756505454	6.734955404688013e-05	-0.00034723961383742956	-0.00020172541351079444	0.00030427034463896763	0.0005835907894008162	-4.9532191189958875e-06	-0.0005276419682753755	-9.850980799516524e-05	0.0001240481410683308	-0.0005199621575265379	0.00014022995745738393	0.00018268327963160075	-3.507306705156806e-05	9.374390215212385e-05	-5.485913401477671e-06	-1.512549824206893e-05	-0.00019334585995631619	-0.00010688807156050391	-1.0157409664441287e-05	-9.945206760356547e-05	8.606393035643275e-05	0.00012049393033189586	-5.3743726746409644e-05	-2.6136515480236775e-05	-5.869129016012234e-05	-5.761099038408036e-05	-1.6916218964030855e-05	-3.452646973756986e-05	6.019181877066074e-06	-4.17787029451514e-05	-7.804238296464892e-05	5.661166536852909e-05	4.864465366402151e-05	-3.5112743683660794e-05	-5.0894853343478004e-05	6.367265358418238e-05	3.710496227951782e-05	1.7584761809917324e-05	3.4312098058853415e-05	2.0609714082173748e-05	6.867439444498019e-05	-3.794894713381944e-05	-1.7885876866123776e-07	5.76917285547505e-05	-2.4603837608794188e-05	8.583223388084591e-06	-7.973400704852151e-05	3.5032788540802593e-07	1.597219907945321e-05	-3.591309199458426e-05	-1.6645590130356187e-05	1.1921731456633696e-05	-2.1658256121442114e-05	2.422332953010793e-05	-1.8031553291128937e-05	9.385364901739188e-06	-1.0419503851689722e-05	8.674939576276859e-06	-1.4103920147582218e-05	-1.4806684297647443e-06	4.495914295530513e-06	3.3642311312340504e-05	1.4094030807657057e-06	-1.7732887881316844e-06	2.6001090755284232e-05	-2.225220634387587e-05	1.6513069829827694e-05	-1.0594215394576331e-05	6.955108127189708e-07	-2.2098403171918086e-05	9.184561346343118e-07	-2.611799909377515e-06	-2.541022067811894e-06	0.0	0.0	0.0	0.0	0.0	0.0	0.0	0.0	0.0	0.0	0.0	0.0	0.0	0.0	0.0	0.0	0.0	0.0	0.0	0.0	0.0	0.0	0.0	0.0	0.0	0.0	0.0	0.0	0.0	0.0	0.0	0.0	0.0	0.0	0.0	0.0	0.0	0.0
GCDF254	0.05808973606215035	0.006796566452382435	-0.010210864935846891	0.003559402393971195	-0.003305290899411875	0.003054192440631748	-0.0002180960153681465	0.00018300229298950333	-0.0006142153852451118	-0.0002746653953820229	0.0004852477390749818	-0.0006477058950270655	0.00035274647217556067	0.00015561170370303155	-0.0008921576421656681	0.0005099733013398847	-0.0003784569276747491	0.00014268635500129458	-7.337349622431818e-05	0.0002933579557676487	-0.0005561004941063825	7.50712176993919e-05	-5.14560458331181e-05	0.0001873127350342512	-6.0479087194213426e-05	0.00015638753999539846	0.0002998349275185294	0.0005853846357894016	9.479607567237024e-05	-7.970700205988494e-05	0.0006290074841857795	-1.659843713903365e-06	-0.0004683408340505114	0.0006639443215058464	-0.0005032478501282649	0.00022028841087984164	0.0002395387244180103	-0.0005101566301675191	-0.0004925953740987092	-0.000684498287044168	0.0005049388590754446	-1.8195741501470555e-06	-0.0003533228599595813	0.00015947946394418748	-0.00030924479161684984	0.00018558297274040756	0.0002320551183414672	-6.735180875788462e-05	0.00015280476723221348	-9.532694562795807e-05	0.0003021887314154962	-9.342038279712476e-05	0.00013345418162880553	-0.0010145611720912974	1.0862567901453665e-05	0.0002159349987068393	-0.0006941129979515589	-1.9356939956526397e-05	3.232674098127573e-05	-5.206609150342694e-06	0.0005320980405351321	0.0003352962293193539	0.0005687183069701469	-0.0003758339458993722	-0.00014924241220673576	-0.0009633672022759505	-0.00013286296921700348	2.1823310337890617e-05	-0.00023489720429543145	0.0006398258389985228	0.00018767267931588008	-0.0004460377631164574	0.0006390095527327931	0.000490801356461526	0.0001529372662584915	8.667118616963182e-05	-4.046330638174172e-05	-0.00028220527118963623	-0.00010540342315921755	-5.451747982235087e-05	-9.60624949854282e-06	0.000162954792880697	6.0999092191684235e-05	4.846110903587626e-05	8.709505259402636e-05	-3.794363564881083e-05	0.0	0.0	0.0	0.0	0.0	0.0	0.0	0.0	0.0	0.0	0.0	0.0	0.0	0.0	0.0	0.0	0.0	0.0	0.0	0.0	0.0	0.0	0.0	0.0	0.0	0.0	0.0	0.0	0.0	0.0	0.0	0.0	0.0	0.0	0.0	0.0	0.0	0.0
GCDF255	0.053653191887964816	0.006705066573309299	-0.008501657459159595	0.0028541063705261865	-0.0019821438231365025	0.0019042135078864693	0.0001917403282754918	0.00012340478610454488	0.0008669831182517674	0.00017901110061592718	-0.00033877553075735043	-0.0005060101303017812	0.0006153086311599417	-0.0007589351590330851	-0.0005006010187246287	-0.0006798783992622602	-0.00021353722294223062	-0.0003559625561511933	-0.0004816131339739493	-0.0006204838672502677	0.0007008934526960675	-0.00042497111092694353	0.0005588704725435537	-0.000572113474691417	-0.00014497136427951866	1.1731101669857554e-05	0.00038199844785733985	-0.0005347692969071982	5.6448274135024235e-06	-0.00041421197261175496	-0.0010852312533835096	0.0003106102248406556	-0.00015154273324523342	-0.0004822282237072956	5.6617155511821055e-05	-0.00012531457378536637	0.0004883181658209197	0.0007873905952927005	-0.0003855378112752819	0.0005975495602554002	-0.00020526122001750623	0.0003121482645105844	0.0002980780747010323	-0.000560599031861185	-0.0001709183298031114	0.0002589063824387748	-0.0006107043815989238	-0.00017302233461005144	0.0002494692315009401	-5.391634134640513e-05	7.28647968774649e-05	-0.0002996587567777288	-1.3249848685194573e-05	0.0006531543365029173	-0.0006507538713668732	-0.00016173902894791502	-4.3992727973827304e-07	0.0005638494684257371	-6.6200971970301e-05	-0.00011984496805919484	-9.545659389198948e-05	0.0003908021330978988	2.3239429987259766e-05	-5.3887670626583746e-05	-0.00015645816407508837	0.0001759596059555923	5.237039511430853e-05	0.0013110250180683894	-0.0007336551864053928	0.00030389287645753973	0.00024241864149157595	-0.00020415128407657188	0.0001328368916550528	9.71617631471272e-05	0.000554787847000346	0.0002742089860703807	0.00011918532692910876	-2.108150611313344e-05	0.00019521977773736624	-8.992221239216552e-05	7.761271855030228e-05	-0.0002353134669281663	5.409976844384023e-05	-9.705768828923652e-05	1.3061872444793212e-05	4.406769839240578e-05	0.0	0.0	0.0	0.0	0.0	0.0	0.0	0.0	0.0	0.0	0.0	0.0	0.0	0.0	0.0	0.0	0.0	0.0	0.0	0.0	0.0	0.0	0.0	0.0	0.0	0.0	0.0	0.0	0.0	0.0	0.0	0.0	0.0	0.0	0.0	0.0	0.0	0.0
GCDF257	0.04670970557936895	0.006494396837958899	-0.00660287756994836	0.0003792468016570464	-0.0028401189501872292	-0.0003895275270970093	0.0012594491828012903	0.00038536362341665007	0.00043718125396458805	0.0020564386776541687	-0.0009384890161969963	-0.00010190982582796774	0.0003248266552406209	-9.903774189925134e-05	-0.0001161282579597134	-0.0007718153164203473	-0.00020405648728855647	-0.0014452592443808935	-0.00024844041176358796	-0.0005766265466164546	0.00036561190998009633	-0.0004447015165337411	-0.0003804785816282931	-0.0006950017476884942	0.0003340994744643135	0.00018660167661304462	0.0002337795654220053	-0.00014773733865053426	-0.00021651272063456721	0.0003119004078806773	-0.000632882964619027	-0.0008226575782477649	-0.0009586511867673492	0.001171803641661594	0.00030184939446350936	-0.0005294944610531454	-0.0003681540316186952	-0.0004458850150597807	-0.00058180418893184	-1.091316608597944e-06	-0.00030841198232625644	0.0002006887444910782	-0.0002063601070531122	0.00037426879864302295	0.0006756603229247868	-0.00014075949367792936	-0.00026896751426968316	0.0012694970240539573	-0.0011022783248816597	-5.0817256679129386e-05	0.0001984193163514984	-0.00022042815810353902	-0.00020221603624690786	-0.00037771159940850073	-2.53869945652301e-05	0.00036908360640770056	-0.0006299296054991312	0.0006300764710707873	6.581510795118539e-05	0.0003359764857244397	0.0005378228159616015	-0.00020813060235542707	-5.8833342693537424e-05	-0.00048133468455351016	0.0001715099073956399	-0.00016477623080912002	0.00029259859795034346	-0.0006295627566023239	-0.00017352052116435612	0.0002389965450783224	2.6162567146013466e-05	-0.00010305039274993763	-3.270267182988971e-05	-0.00025117466460847606	-0.00030244558535945165	-0.0004171520690650136	-0.00017534019667158593	-0.0001795970582053079	0.00010782007723535458	0.0001649070264821101	-3.3987906888903084e-05	-1.8656826873088794e-05	-1.9032166959345214e-05	-8.382860935465743e-05	-0.00011443612524663297	1.3621778582689935e-05	0.0	0.0	0.0	0.0	0.0	0.0	0.0	0.0	0.0	0.0	0.0	0.0	0.0	0.0	0.0	0.0	0.0	0.0	0.0	0.0	0.0	0.0	0.0	0.0	0.0	0.0	0.0	0.0	0.0	0.0	0.0	0.0	0.0	0.0	0.0	0.0	0.0	0.0
GCDF259	0.017171651447527338	0.0035605344899780193	0.0021481219659792014	-0.00504755783573166	-0.00036002516480857004	-0.0015000775947625455	-0.0019381114201025222	-0.0009539966009997165	0.0018824571758813088	0.0020183573732094487	-0.002480324911945322	-0.0020931846014978638	0.0006838975724114064	0.00094201984565128	0.0003487966690670861	-0.001034384230553647	-0.0026708893006677933	-0.0012990307225284486	0.00048206382276802116	-0.00024829833465941085	4.7951635142180686e-05	-0.0003583876483185706	0.0001648520642738135	0.000380612317810937	-0.0006825461499715003	0.002460169873693699	-0.00069898124084014	0.0004626068919557345	0.00025022796438693625	0.000801406274011597	0.000685367870729139	-0.000952308146623732	0.0003307241833409703	-0.000289877072042386	0.00039632777849798854	0.0003970870247223671	-0.00041721243223543796	0.0009630212725239214	0.0005071865679131033	0.0007111044174085855	0.0005887445822630271	4.2717777354926995e-05	0.00013489731533267732	-4.592744330467998e-05	0.0003862094527228622	7.297551877281088e-05	-0.0005128426714277148	-0.0004952957796443035	-0.0003969965874559223	-6.583880863221729e-05	-0.00014097155652586707	0.0003334527558327702	0.00033674435957513273	-5.696878883802617e-05	4.234178891108174e-05	0.00031161124997900776	-1.851332855757265e-05	0.00021970997836009108	-1.93330277011253e-05	0.00032711839513401616	0.00015340358478594103	9.626733228190597e-05	0.0002024166643324579	0.00023859020557903476	-0.00043484477961945383	9.115984766612163e-05	-8.861116097503749e-06	0.00026698433421243724	0.00016777550691186426	-8.385143149898859e-05	0.00018566012462995716	-0.00022250666105614724	0.0001518565021799661	1.4292863994806458e-05	-3.664121584527553e-05	-0.00030438995675256743	0.00011384730396190295	0.00010994840512400846	-1.9317219816901032e-06	6.163804857435372e-05	0.00029919727049099545	8.52399663206597e-05	0.00013611768387180827	-0.00011470859343299301	-8.416885002489742e-05	-1.4278508495747489e-05	0.0	0.0	0.0	0.0	0.0	0.0	0.0	0.0	0.0	0.0	0.0	0.0	0.0	0.0	0.0	0.0	0.0	0.0	0.0	0.0	0.0	0.0	0.0	0.0	0.0	0.0	0.0	0.0	0.0	0.0	0.0	0.0	0.0	0.0	0.0	0.0	0.0	0.0
GCDF261	0.04969290879420705	0.004539805167356005	-0.007576821921207615	0.0019334457951404385	-0.00285402902504459	-7.256988215497747e-05	0.0008190583315085618	0.00013738592344271603	-9.237785947676116e-05	0.00032883014176964047	0.00024031650219641905	0.0011516020584677682	0.00017568372196900944	9.56882693957463e-06	-0.00012002811084586747	-0.00017955148109897158	-0.00013761128777795616	0.0007053260914908744	-0.000387078824142569	0.0003164778851357543	-0.0007905528943104718	0.00026641269296784115	0.00026753964127233294	0.0003032070150485656	-0.00024524270646488833	0.0007941177887892072	-0.0002832716295044879	-0.00022520960546885025	-0.00020851726502109873	2.21079578363283e-05	0.001179440911987452	-0.00035360469206776907	0.00022519074231231324	-0.0005578515989105373	-0.0004999205507029249	-0.00027139990353132243	-0.0005928239496622771	-1.5697214393068503e-05	-0.0005267677390936688	-0.0006425202031394949	-0.0005833260215586608	0.0004785665032198825	-3.708214802476295e-05	-0.00027832634885108297	0.00010196677733709562	0.0002622381633056107	0.0013351140452764797	-0.00149747960031222	-0.0010569222094389712	-0.00012090068215095365	-0.000738552107476454	-0.0008372774116452964	-0.0007592025199177629	-7.192382290206995e-05	0.0003416337447776229	-0.000752528668042648	-0.00034124734986755147	-9.107571977461138e-05	5.7113812727616705e-08	-0.0003070893491679766	0.00013949147201455783	0.00019989228351060512	0.0001360914353013481	-0.00016001299577641755	0.0002412747211482663	0.0003628095071514502	-0.00012373842647428622	0.0001795294630619789	0.0001310965574272477	2.019859682845792e-05	-0.0003788368911402517	0.0001561587556869807	0.00017000622875314658	-0.00021469670812870596	-1.4904739130890571e-05	0.0002112580206927706	0.0001742329621562265	0.00018046024109351545	-0.00012051973130289114	0.00022091415485659454	-0.00024924251198471574	-0.00018349364589124718	-1.6618473080886757e-05	6.149158087935864e-05	-4.107373227110434e-05	1.7511429134749954e-05	0.0	0.0	0.0	0.0	0.0	0.0	0.0	0.0	0.0	0.0	0.0	0.0	0.0	0.0	0.0	0.0	0.0	0.0	0.0	0.0	0.0	0.0	0.0	0.0	0.0	0.0	0.0	0.0	0.0	0.0	0.0	0.0	0.0	0.0	0.0	0.0	0.0	0.0
GCDF273	0.05260551391566688	0.005439788915882118	-0.008629535404270805	0.0022754559156524723	-0.003508168850514845	0.0007514968969816181	0.0007904504059971377	0.0005623316381510175	-0.0007238735507733504	0.00024399416308250796	0.00011557734818031438	0.0009213928472345494	0.00024444817303043213	9.17141430767502e-05	-0.00031131784899760266	-0.00032475151293746466	0.00020479862111976748	0.0003898708238268359	3.711921599080171e-05	-0.00020564247853465894	-0.00014536444437588224	3.9872982819866425e-05	-6.165104836753008e-05	0.0001568423877211014	-5.433350318729513e-06	-0.00020944530813120325	0.00011041430754661803	-0.00021646601404220117	-0.00010162688036566548	1.3194629020764588e-05	-0.0007443395519817856	0.00010318084227904172	0.00023234499216986544	0.00016423984991691432	0.0001537031458942653	7.983186146323122e-05	1.0834871827483646e-05	-0.0003202394333293151	-0.00012829544613788356	0.0007130920578170579	5.575422642958793e-05	0.0003422060776252597	-0.00047994404556010674	0.0001202137065072444	0.00035776053457209117	0.0002850208944922422	-0.0009972695845774594	0.0002779727124487651	-0.0007261034979079092	-0.0008140243191260873	-0.00025087701202481934	0.0014534282708463585	-0.0006704511533816731	8.870408037008346e-05	0.0004216118921526046	0.00025621992271430006	-0.000573347028459569	-0.00015616520538129245	-1.3925932937200027e-05	-0.0001924800808495205	-0.0010616439833571042	0.00042961970942765725	-0.00011276962817195491	0.0006097416924043315	-0.0009331759006449182	6.226706537820374e-05	-0.00043447769205353384	-0.00032466427768507817	0.0001823859227526125	-0.0002628653792223004	-3.2726328333827315e-05	-6.297920744647233e-05	0.00021554634875654567	0.00012289420110223016	-0.0002846901606999666	0.0005261209170610022	3.844307981438259e-05	-0.0001433647590004235	0.00012869087544274248	-3.052001393603683e-05	-0.00013781881695189863	-2.8141221052263432e-05	-3.25934030208464e-05	0.00017897413844636726	2.8132417656881733e-05	-6.389455245669957e-06	0.0	0.0	0.0	0.0	0.0	0.0	0.0	0.0	0.0	0.0	0.0	0.0	0.0	0.0	0.0	0.0	0.0	0.0	0.0	0.0	0.0	0.0	0.0	0.0	0.0	0.0	0.0	0.0	0.0	0.0	0.0	0.0	0.0	0.0	0.0	0.0	0.0	0.0
GCDF279	0.06744826450804729	0.008714681527675374	-0.012562654216991124	0.005698156998753458	-0.002444240626856294	0.006829436826325696	-0.003010976150595888	-0.0007808356684293794	-0.0003013449838826499	-0.0004809904711611064	0.0013924888417966939	-0.003120587489126767	-4.08536490315266e-05	-0.0010004255864649399	0.0004095405758463911	0.0014635071690633037	-0.0017333201757110412	0.00026519253331275423	-0.0007982476692171974	0.0008056137834676106	-0.0005984677474247012	-0.0003314043095252728	6.436549550587769e-05	-0.00041442908351031104	-0.000154627563831189	-0.00011045318037229655	-1.6980070240209418e-05	0.00013708681621681703	-0.0001306368232400661	-0.0002752386881611631	-0.0002126574900373423	-8.134132388269667e-05	0.00012773840237850943	6.843705601841671e-05	2.176529705328521e-05	-0.00010577004961404817	-0.00011240421600315649	5.564453285648477e-05	0.00018281719644712272	0.00020010645493892355	-0.00013165124546733864	-0.00018964527058157592	5.3854833481457635e-05	-0.00016525226317951972	0.0002393699056498763	-5.795806894698114e-05	-2.7720717989550327e-05	-7.887104072276813e-05	0.0001301366026441324	-0.00028092859540605145	0.00012084621021203398	0.0001678233367281984	-0.00030289850766979196	6.164725406041316e-05	0.00013388024376551305	9.164300611327496e-05	0.0001510380848892976	-0.00019900742323239988	-4.454115805542608e-05	-8.159712531759129e-05	-0.00022028820857242085	2.68479070203412e-05	-0.0004184355083196776	-7.604146595270329e-05	-0.00017969839614824021	0.00012037233601644566	-2.945600463838431e-05	-1.792184315938602e-05	0.000106524136232768	-0.00012545271870118664	-0.0004756192636137782	-0.00012121033080313518	-0.00014514663277009367	-0.0003586341195893425	0.00021606309547931955	-0.0006990228941316484	-7.410709622419966e-05	-0.00025116070833713385	1.7445911199090858e-05	-0.000160401089556	-0.00015512488779058104	-4.2963258404042144e-05	-2.082680256042596e-05	0.00015741555097825664	5.5999131568973635e-05	2.7011431847006786e-06	0.0	0.0	0.0	0.0	0.0	0.0	0.0	0.0	0.0	0.0	0.0	0.0	0.0	0.0	0.0	0.0	0.0	0.0	0.0	0.0	0.0	0.0	0.0	0.0	0.0	0.0	0.0	0.0	0.0	0.0	0.0	0.0	0.0	0.0	0.0	0.0	0.0	0.0
GCDF281	0.04353745683957681	0.0032070177015191747	-0.006005729963230617	0.0002427130504316188	-0.0032251260282767547	-0.0017258575763695056	0.0013591678818561533	0.0002516186555646159	-0.0007434387066044165	0.0011002395080553242	0.00031571093898609843	0.0014085956045376275	-0.00021387971557499584	0.0007127506697924891	0.0008316979916936698	0.00028145263412678625	0.00020015709794110175	0.0001248270454097115	0.0003012198667942145	0.00010696874236968947	1.3835664414041872e-05	0.00022562570976664053	-0.00013861384217419371	-0.00011001763987692678	-0.00030050807037368594	-0.00013182181744269666	-1.839478859459183e-05	-0.00029041485304436476	-8.262042873220527e-05	0.00014430425698884217	-0.0008747317076917387	-0.0001259131154451709	0.00022619034682352696	-0.00021193781202360373	0.0003805523172148629	0.0006554380347908196	0.00021975500622752658	0.0002798825862278117	-0.0007272361103251295	0.0005566917106974144	-0.00023761231882394072	-0.0002920999971722468	0.0009254251485232368	0.00023610186566176052	0.0007056071530304752	0.00010849590287993314	0.00027371908266439525	-0.0005067176120648514	0.0003919572804823719	-0.0015160236890891631	5.671483479586565e-05	0.0006301331189995429	-0.0003130566342887761	-0.00071282901626553	-0.0002813024789071083	0.00043463149774428437	0.0010913798609899553	-0.0006661024284722125	-0.00013663576680175045	7.805454712555363e-05	0.0008877026787696479	6.721446197048801e-05	4.884063124140191e-05	-0.00037624988814088527	0.00020499393244175325	4.880784163413238e-05	-0.0005793900986855638	-7.374092523973571e-05	0.00047451122727203116	-0.00015271706557107184	-0.00015084038631136597	-9.949608173982739e-05	-5.087043190197242e-05	9.760315997739683e-05	0.0005768189061664933	0.00024474810361169765	1.3431338162037886e-05	-0.00011692182262695561	-8.899664159154014e-05	-8.15033927223752e-05	0.00018915327530837707	1.864934241113982e-05	-8.228399399136266e-05	-9.167295259379531e-05	-7.374401283692295e-06	-3.0721263419935915e-05	0.0	0.0	0.0	0.0	0.0	0.0	0.0	0.0	0.0	0.0	0.0	0.0	0.0	0.0	0.0	0.0	0.0	0.0	0.0	0.0	0.0	0.0	0.0	0.0	0.0	0.0	0.0	0.0	0.0	0.0	0.0	0.0	0.0	0.0	0.0	0.0	0.0	0.0
GCDF284	0.0029149213819117054	-0.00759043012187933	0.0022031695358788123	-0.0022416556197054874	-0.0008466519464021558	0.0017727574900639092	-0.0015389887090862587	0.0005522927300874657	0.0012855040314083276	-6.01212516891075e-05	0.0008241107977417919	0.00012883875646106698	0.0015592964807670973	-0.0012768698599949573	7.469001833853112e-05	-0.0006722776322182989	-0.0007448468703520653	-0.0007468627139137656	-0.0008838826633463977	-0.0004911528339639224	0.00045635056370255567	-0.00040230962724325224	0.0005238364642146464	-0.0011770937877420271	0.0005645296531547889	-0.0004672856819857801	0.0011821613428313088	-0.0013083869346892567	0.0001278570572510921	-0.0004878696695283108	-0.00023908621367099676	-0.0014562738244018223	-0.0001500020581511884	-0.0002479346846416601	-9.559037515512979e-05	-0.00036916623530230713	0.0005182127449626692	0.00040554057019701593	-0.0013457584682836272	-0.00016955919451249298	0.0002464981079583494	-0.0005740354177401681	-0.00025453946593800283	-0.0002062664621332537	-0.0003036629233470039	0.00010201985869382933	-0.00031048634319938385	-1.7401430622370463e-05	-0.000143460011767869	0.0007161929335653453	-0.00046314231716338507	-0.0005470776259367378	-0.00034505201897269103	0.0002619028437818702	-0.000515267011448093	0.0003510704551729592	0.0005533336199797167	-0.00030545609663980305	-0.00024145241477161144	0.0003950235186113543	0.0001311467053094209	-3.72938187841242e-05	-0.00013139514461660734	-0.00023155792067468712	-0.0002910589183751448	0.00018937214618244678	-0.00039166961454080614	-0.00019512415551809176	-0.0003118959763054849	0.0002260291300508835	-0.00042693947334945944	-0.00026099490196541595	-0.00033759822249512946	-7.002663985713262e-05	-0.0001793555213794937	0.00025393132532011405	-0.00020345465187387844	0.0001851793124832007	1.677285669399557e-05	7.117297741823439e-05	5.657721991063353e-05	0.00022240837765682205	1.774439264447608e-05	6.16852477160178e-05	5.145388394077942e-05	-1.5237227825077046e-05	0.0	0.0	0.0	0.0	0.0	0.0	0.0	0.0	0.0	0.0	0.0	0.0	0.0	0.0	0.0	0.0	0.0	0.0	0.0	0.0	0.0	0.0	0.0	0.0	0.0	0.0	0.0	0.0	0.0	0.0	0.0	0.0	0.0	0.0	0.0	0.0	0.0	0.0
GCDF287	0.041002585081310806	0.0017096461547518608	-0.004329865721242141	0.0014316827331305243	-7.77494757677147e-05	-0.001744296635287002	0.0007371152975041857	-0.0008220109294307282	0.0015917113368390245	-0.0002086955615889759	0.00047217644932148414	0.0014750184683132391	-0.0004156970845381268	-0.0008202142072018502	0.0009979583491626484	0.00036845108235018906	-0.0005123019322777653	0.0007094917870412309	-0.00031345204874031	0.00038435228132903165	0.0003146996317311819	-1.8115161328492237e-05	-0.0002420450345243411	-0.0003464074239139181	0.00014420410024202507	0.0005642967380630312	0.00019650034568379065	-6.143543487256509e-05	0.0005351127705796896	-0.0009566551605039152	0.00027610755487892893	0.0002081679231263818	0.0005851068837011984	-0.0005148539213507054	-0.0004220994427761279	-0.00037750097845512694	-0.00044215097970313225	-0.0004533382382338297	0.00029931204085057144	0.00018706418690948046	0.00016701801959398917	-0.00048497402233042835	-0.000563701955178017	-8.084664057793711e-07	0.0002797807259508339	-0.0005843133892597627	-0.000581418556911519	0.0006212915448536704	-0.000622708075025279	2.843192089688911e-05	0.000192640718777641	0.00026311511405719036	-0.00030234625374735505	-3.676885995294771e-05	0.00027953535563217337	-3.512768575554691e-05	0.0003345453365548719	-0.00014257307893477972	-0.00045500588145030746	0.00047692546355945634	-0.00024121459430000448	0.0002904944585830203	-0.00015377310009507435	-0.00023760959412129966	0.0003344192858839305	-0.00031723337712647094	-0.00012863613040188713	0.000521926928365204	-0.00011327244990809835	-0.00017778486791842282	9.201142990679594e-05	0.0004367913962770104	0.00022349571074485033	0.0004887892411149931	0.00019119024414165128	-0.00011529055546062677	-0.000525262436959035	9.829885104297394e-05	7.745643099121553e-05	0.00044206355818630417	-0.00023501180324006035	-8.28026208834141e-05	-0.00010143574620812081	-0.00030163733884348186	-0.0001456387630212275	4.1442585111713354e-05	0.0	0.0	0.0	0.0	0.0	0.0	0.0	0.0	0.0	0.0	0.0	0.0	0.0	0.0	0.0	0.0	0.0	0.0	0.0	0.0	0.0	0.0	0.0	0.0	0.0	0.0	0.0	0.0	0.0	0.0	0.0	0.0	0.0	0.0	0.0	0.0	0.0	0.0
GCDF288	0.043262677462467564	0.0003939065969378724	-0.0008044014721182417	0.0021125424383135454	0.007079123642354349	-0.0055625940324476285	0.002321989989836362	0.0011860625425908682	0.00032464812496201206	0.0019433251644727474	-0.0009055814398175713	0.004131497870797752	-0.0008846482506151617	0.0006807006068410682	0.00195925130678767	-0.0015966053548431892	0.0004268495294504815	-0.0008720743880485579	-0.0019197734226646117	-0.0006695052124273585	-0.001834147527308675	-0.00031879052392612997	-0.0003918277461909111	-5.5280897385605894e-05	-0.000276071431376946	0.00040265970080589637	0.0012721342591191437	0.000966794331589447	0.0005068939215138579	-8.241520820080081e-05	-0.0001546039931271043	-0.0006208681981142824	-0.0010028652501509912	0.0005642507313946419	0.0007009793460452828	-0.0005754356292438246	-0.0008728584357399873	-0.0005624289262105372	0.0006281931817253549	-0.0002486228900619391	-0.0006810374651910076	-0.0004113666539870925	0.00032483042255984656	-0.00025409164691675277	-1.5414651173705518e-05	0.0004266570275354366	0.00015835451806645433	-0.0001663915026951927	-0.00013351414717127622	-0.00036088750498427787	0.0004948231614878139	-0.00016320647269473898	0.00020646003714987513	-0.0003230111198283425	-0.00015125639354648672	-0.0003161262516627886	0.0005815862398026203	-0.0002953664837129786	0.0003298946285032211	-0.0003609025176953849	-0.00032629606595093363	-1.2979366836969271e-06	5.803749874988573e-05	3.7327271374462036e-05	3.12889010998099e-05	-7.087832448299498e-05	0.0003621083504092778	0.00013536875419074953	-0.00012790415667229626	0.00023886871418837697	-0.00011627557750529583	0.00015568626853404942	-0.0001537120485517826	0.0001484545894886411	6.381560342414711e-05	9.221796936988441e-05	-7.588804418579619e-05	-1.8829404006526478e-05	4.762860521577835e-05	-0.00012800356612244456	4.888873409802549e-05	-2.3018824524650313e-05	-0.00012127890668006257	2.1829069189004972e-07	-1.8491962840128642e-06	5.642128379619172e-06	0.0	0.0	0.0	0.0	0.0	0.0	0.0	0.0	0.0	0.0	0.0	0.0	0.0	0.0	0.0	0.0	0.0	0.0	0.0	0.0	0.0	0.0	0.0	0.0	0.0	0.0	0.0	0.0	0.0	0.0	0.0	0.0	0.0	0.0	0.0	0.0	0.0	0.0

Biplot	0	0

Site constraints	0	0
